Unnamed: 0,date_index,latitude,longitude,sunrise,sunset,daylight_duration,precipitation_sum,shortwave_radiation_sum,et0_fao_evapotranspiration,cloud_cover_mean,pressure_msl_mean,wind_speed_10m_mean,soil_moisture_0_to_100cm_mean,soil_temperature_0_to_100cm_mean,code_bss
0,2017-01-01,42.685696389,2.685378283,2017-01-01T07:19,2017-01-01T16:26,32800.7,0.0,7.88,0.95,47,1024.5,5.3,0.244,9.2,10906X0039/C2-1
1,2017-01-02,42.685696389,2.685378283,2017-01-02T07:19,2017-01-02T16:27,32850.58,0.0,4.29,0.56,93,1022.0,4.6,0.244,9.2,10906X0039/C2-1
2,2017-01-03,42.685696389,2.685378283,2017-01-03T07:19,2017-01-03T16:28,32904.28,0.0,8.02,1.59,3,1023.5,11.8,0.244,8.9,10906X0039/C2-1
3,2017-01-04,42.685696389,2.685378283,2017-01-04T07:19,2017-01-04T16:29,32961.75,0.0,8.08,2.52,5,1022.9,25.2,0.244,8.8,10906X0039/C2-1
4,2017-01-05,42.685696389,2.685378283,2017-01-05T07:19,2017-01-05T16:30,33022.91,0.0,6.93,2.07,14,1026.5,30.5,0.243,8.7,10906X0039/C2-1
5,2017-01-06,42.685696389,2.685378283,2017-01-06T07:19,2017-01-06T16:31,33087.68,0.0,8.43,1.94,1,1029.7,17.9,0.242,8.5,10906X0039/C2-1
6,2017-01-07,42.685696389,2.685378283,2017-01-07T07:19,2017-01-07T16:32,33155.99,0.0,8.31,2.44,7,1029.8,14.2,0.242,8.1,10906X0039/C2-1
7,2017-01-08,42.685696389,2.685378283,2017-01-08T07:19,2017-01-08T16:33,33227.75,0.0,5.26,2.68,60,1027.5,29.4,0.242,8.4,10906X0039/C2-1
8,2017-01-09,42.685696389,2.685378283,2017-01-09T07:19,2017-01-09T16:34,33303.06,0.0,8.32,2.08,27,1025.4,24.5,0.242,8.7,10906X0039/C2-1
9,2017-01-10,42.685696389,2.685378283,2017-01-10T07:18,2017-01-10T16:35,33382.75,4.2,3.35,1.32,85,1014.4,20.0,0.242,8.8,10906X0039/C2-1
10,2017-01-11,42.685696389,2.685378283,2017-01-11T07:18,2017-01-11T16:36,33466.81,0.0,5.55,1.3,59,1020.3,15.4,0.242,9.0,10906X0039/C2-1
11,2017-01-12,42.685696389,2.685378283,2017-01-12T07:18,2017-01-12T16:37,33555.05,0.2,7.7,1.35,54,1018.2,8.5,0.241,9.5,10906X0039/C2-1
12,2017-01-13,42.685696389,2.685378283,2017-01-13T07:17,2017-01-13T16:38,33647.29,2.7,7.25,1.8,26,1016.7,27.2,0.241,9.5,10906X0039/C2-1
13,2017-01-14,42.685696389,2.685378283,2017-01-14T07:17,2017-01-14T16:39,33743.33,0.0,8.51,2.0,18,1021.9,27.8,0.24,9.0,10906X0039/C2-1
14,2017-01-15,42.685696389,2.685378283,2017-01-15T07:16,2017-01-15T16:40,33843.01,0.8,6.82,1.71,77,1022.3,29.7,0.239,8.8,10906X0039/C2-1
15,2017-01-16,42.685696389,2.685378283,2017-01-16T07:16,2017-01-16T16:41,33946.12,1.4,4.79,1.4,55,1018.6,25.9,0.243,8.8,10906X0039/C2-1
16,2017-01-17,42.685696389,2.685378283,2017-01-17T07:15,2017-01-17T16:43,34052.5,0.0,8.86,1.91,12,1021.4,31.8,0.244,8.2,10906X0039/C2-1
17,2017-01-18,42.685696389,2.685378283,2017-01-18T07:15,2017-01-18T16:44,34161.97,0.0,9.15,1.64,13,1023.7,20.4,0.244,7.5,10906X0039/C2-1
18,2017-01-19,42.685696389,2.685378283,2017-01-19T07:14,2017-01-19T16:45,34274.35,0.0,8.82,1.16,43,1026.2,6.7,0.243,6.5,10906X0039/C2-1
19,2017-01-20,42.685696389,2.685378283,2017-01-20T07:13,2017-01-20T16:46,34389.46,25.2,1.67,0.25,99,1026.4,7.8,0.252,6.2,10906X0039/C2-1
20,2017-01-21,42.685696389,2.685378283,2017-01-21T07:13,2017-01-21T16:48,34507.14,1.2,2.98,0.64,98,1022.9,7.6,0.261,6.7,10906X0039/C2-1
21,2017-01-22,42.685696389,2.685378283,2017-01-22T07:12,2017-01-22T16:49,34627.21,18.9,2.17,0.52,98,1021.1,13.3,0.271,6.8,10906X0039/C2-1
22,2017-01-23,42.685696389,2.685378283,2017-01-23T07:11,2017-01-23T16:50,34749.52,10.2,1.56,0.88,100,1020.1,19.5,0.283,6.9,10906X0039/C2-1
23,2017-01-24,42.685696389,2.685378283,2017-01-24T07:10,2017-01-24T16:52,34873.89,0.0,9.88,2.41,66,1020.0,28.2,0.285,7.3,10906X0039/C2-1
24,2017-01-25,42.685696389,2.685378283,2017-01-25T07:10,2017-01-25T16:53,35000.17,2.2,9.15,1.26,45,1022.1,10.0,0.284,7.2,10906X0039/C2-1
25,2017-01-26,42.685696389,2.685378283,2017-01-26T07:09,2017-01-26T16:54,35128.21,0.0,8.76,1.03,53,1017.6,5.5,0.287,6.6,10906X0039/C2-1
26,2017-01-27,42.685696389,2.685378283,2017-01-27T07:08,2017-01-27T16:55,35257.83,10.3,4.89,1.11,97,1013.7,15.6,0.291,7.0,10906X0039/C2-1
27,2017-01-28,42.685696389,2.685378283,2017-01-28T07:07,2017-01-28T16:57,35388.91,10.6,4.65,1.16,86,1018.7,13.8,0.302,7.6,10906X0039/C2-1
28,2017-01-29,42.685696389,2.685378283,2017-01-29T07:06,2017-01-29T16:58,35521.52,0.0,9.73,1.27,52,1023.6,7.4,0.301,7.6,10906X0039/C2-1
29,2017-01-30,42.685696389,2.685378283,2017-01-30T07:05,2017-01-30T16:59,35657.05,0.0,6.76,0.85,75,1021.6,5.3,0.3,7.6,10906X0039/C2-1
30,2017-01-31,42.685696389,2.685378283,2017-01-31T07:04,2017-01-31T17:01,35795.54,0.7,4.64,0.61,99,1017.9,5.0,0.298,8.1,10906X0039/C2-1
31,2017-02-01,42.685696389,2.685378283,2017-02-01T07:03,2017-02-01T17:02,35936.77,0.3,5.32,0.66,93,1016.6,4.2,0.298,8.2,10906X0039/C2-1
32,2017-02-02,42.685696389,2.685378283,2017-02-02T07:02,2017-02-02T17:03,36080.58,0.1,7.42,1.11,82,1009.5,6.0,0.297,8.4,10906X0039/C2-1
33,2017-02-03,42.685696389,2.685378283,2017-02-03T07:01,2017-02-03T17:05,36226.74,0.5,6.75,1.11,62,1012.1,7.2,0.296,8.5,10906X0039/C2-1
34,2017-02-04,42.685696389,2.685378283,2017-02-04T07:00,2017-02-04T17:06,36375.1,0.7,8.47,1.59,79,1008.6,12.4,0.296,8.6,10906X0039/C2-1
35,2017-02-05,42.685696389,2.685378283,2017-02-05T06:58,2017-02-05T17:07,36525.45,8.1,5.94,1.73,76,1005.8,23.6,0.3,8.8,10906X0039/C2-1
36,2017-02-06,42.685696389,2.685378283,2017-02-06T06:57,2017-02-06T17:09,36677.62,0.0,10.5,2.91,54,1016.0,39.1,0.303,8.9,10906X0039/C2-1
37,2017-02-07,42.685696389,2.685378283,2017-02-07T06:56,2017-02-07T17:10,36831.43,0.0,6.8,2.31,95,1017.9,22.2,0.301,9.5,10906X0039/C2-1
38,2017-02-08,42.685696389,2.685378283,2017-02-08T06:55,2017-02-08T17:11,36986.7,1.0,9.63,2.07,40,1019.7,32.2,0.301,9.4,10906X0039/C2-1
39,2017-02-09,42.685696389,2.685378283,2017-02-09T06:53,2017-02-09T17:13,37143.28,0.0,12.51,2.19,2,1019.6,18.3,0.301,9.1,10906X0039/C2-1
40,2017-02-10,42.685696389,2.685378283,2017-02-10T06:52,2017-02-10T17:14,37300.99,0.0,11.35,1.58,68,1015.4,7.1,0.3,8.6,10906X0039/C2-1
41,2017-02-11,42.685696389,2.685378283,2017-02-11T06:51,2017-02-11T17:15,37459.68,0.3,9.51,1.54,94,1015.7,12.5,0.3,8.5,10906X0039/C2-1
42,2017-02-12,42.685696389,2.685378283,2017-02-12T06:50,2017-02-12T17:16,37619.17,7.3,5.01,0.73,100,1015.2,22.5,0.305,9.1,10906X0039/C2-1
43,2017-02-13,42.685696389,2.685378283,2017-02-13T06:48,2017-02-13T17:18,37779.32,18.9,3.36,0.6,100,1015.6,23.0,0.311,9.6,10906X0039/C2-1
44,2017-02-14,42.685696389,2.685378283,2017-02-14T06:47,2017-02-14T17:19,37939.97,29.4,5.06,0.7,98,1023.8,12.3,0.332,9.9,10906X0039/C2-1
45,2017-02-15,42.685696389,2.685378283,2017-02-15T06:45,2017-02-15T17:20,38100.97,5.8,5.65,0.76,93,1033.0,6.1,0.34,10.1,10906X0039/C2-1
46,2017-02-16,42.685696389,2.685378283,2017-02-16T06:44,2017-02-16T17:22,38262.18,0.2,9.87,1.36,82,1032.2,4.2,0.341,10.3,10906X0039/C2-1
47,2017-02-17,42.685696389,2.685378283,2017-02-17T06:43,2017-02-17T17:23,38423.45,0.0,13.42,2.16,18,1026.8,7.5,0.342,10.1,10906X0039/C2-1
48,2017-02-18,42.685696389,2.685378283,2017-02-18T06:41,2017-02-18T17:24,38584.9,0.0,11.48,1.65,70,1022.9,6.6,0.338,10.1,10906X0039/C2-1
49,2017-02-19,42.685696389,2.685378283,2017-02-19T06:40,2017-02-19T17:26,38747.92,0.0,13.36,2.07,15,1026.0,9.2,0.336,9.9,10906X0039/C2-1
50,2017-02-20,42.685696389,2.685378283,2017-02-20T06:38,2017-02-20T17:27,38912.63,0.0,14.29,2.74,14,1025.7,19.9,0.333,10.2,10906X0039/C2-1
51,2017-02-21,42.685696389,2.685378283,2017-02-21T06:37,2017-02-21T17:28,39078.89,0.0,13.8,2.72,43,1024.0,18.4,0.331,10.4,10906X0039/C2-1
52,2017-02-22,42.685696389,2.685378283,2017-02-22T06:35,2017-02-22T17:29,39246.52,0.0,14.55,2.34,40,1020.8,6.2,0.328,10.6,10906X0039/C2-1
53,2017-02-23,42.685696389,2.685378283,2017-02-23T06:34,2017-02-23T17:31,39415.39,0.0,14.11,2.04,63,1014.8,6.2,0.324,10.5,10906X0039/C2-1
54,2017-02-24,42.685696389,2.685378283,2017-02-24T06:32,2017-02-24T17:32,39585.36,0.5,12.98,2.67,54,1015.3,26.7,0.323,10.8,10906X0039/C2-1
55,2017-02-25,42.685696389,2.685378283,2017-02-25T06:31,2017-02-25T17:33,39756.28,0.0,15.49,2.75,5,1020.4,15.7,0.321,10.5,10906X0039/C2-1
56,2017-02-26,42.685696389,2.685378283,2017-02-26T06:29,2017-02-26T17:34,39928.02,0.0,15.22,2.2,4,1019.8,5.0,0.313,10.2,10906X0039/C2-1
57,2017-02-27,42.685696389,2.685378283,2017-02-27T06:27,2017-02-27T17:36,40100.42,0.0,12.52,1.57,45,1012.1,5.1,0.311,10.3,10906X0039/C2-1
58,2017-02-28,42.685696389,2.685378283,2017-02-28T06:26,2017-02-28T17:37,40273.38,1.5,11.0,2.29,75,1009.2,15.0,0.308,10.5,10906X0039/C2-1
59,2017-03-01,42.685696389,2.685378283,2017-03-01T06:24,2017-03-01T17:38,40446.74,0.0,15.12,2.67,49,1018.0,8.5,0.308,10.4,10906X0039/C2-1
60,2017-03-02,42.685696389,2.685378283,2017-03-02T06:22,2017-03-02T17:39,40620.37,0.0,13.46,2.28,57,1018.2,7.4,0.304,10.5,10906X0039/C2-1
61,2017-03-03,42.685696389,2.685378283,2017-03-03T06:21,2017-03-03T17:41,40794.17,1.2,13.71,2.49,83,1006.8,15.4,0.302,10.6,10906X0039/C2-1
62,2017-03-04,42.685696389,2.685378283,2017-03-04T06:19,2017-03-04T17:42,40967.97,41.4,9.02,1.44,75,1001.3,10.3,0.326,10.6,10906X0039/C2-1
63,2017-03-05,42.685696389,2.685378283,2017-03-05T06:17,2017-03-05T17:43,41141.67,0.6,12.38,2.14,84,1013.7,8.5,0.332,10.2,10906X0039/C2-1
64,2017-03-06,42.685696389,2.685378283,2017-03-06T06:16,2017-03-06T17:44,41315.15,1.0,14.39,3.39,60,1015.9,21.5,0.331,10.6,10906X0039/C2-1
65,2017-03-07,42.685696389,2.685378283,2017-03-07T06:14,2017-03-07T17:46,41488.26,4.8,16.05,2.96,40,1020.4,26.5,0.329,11.0,10906X0039/C2-1
66,2017-03-08,42.685696389,2.685378283,2017-03-08T06:12,2017-03-08T17:47,41660.9,0.0,15.7,3.27,88,1024.2,20.2,0.332,11.4,10906X0039/C2-1
67,2017-03-09,42.685696389,2.685378283,2017-03-09T06:11,2017-03-09T17:48,41832.93,0.0,17.2,3.35,72,1023.5,10.3,0.33,11.7,10906X0039/C2-1
68,2017-03-10,42.685696389,2.685378283,2017-03-10T06:09,2017-03-10T17:49,42004.48,0.0,18.1,4.21,29,1020.8,14.1,0.326,12.1,10906X0039/C2-1
69,2017-03-11,42.685696389,2.685378283,2017-03-11T06:07,2017-03-11T17:50,42176.83,0.0,17.63,2.82,70,1018.0,5.1,0.322,12.2,10906X0039/C2-1
70,2017-03-12,42.685696389,2.685378283,2017-03-12T06:06,2017-03-12T17:51,42350.1,2.6,12.38,2.92,41,1014.9,21.2,0.321,12.2,10906X0039/C2-1
71,2017-03-13,42.685696389,2.685378283,2017-03-13T06:04,2017-03-13T17:53,42524.18,1.6,11.24,2.92,71,1022.2,25.4,0.321,12.2,10906X0039/C2-1
72,2017-03-14,42.685696389,2.685378283,2017-03-14T06:02,2017-03-14T17:54,42698.96,0.0,18.41,3.94,32,1029.0,21.0,0.319,12.5,10906X0039/C2-1
73,2017-03-15,42.685696389,2.685378283,2017-03-15T06:00,2017-03-15T17:55,42874.31,0.0,18.79,3.63,0,1026.8,10.6,0.316,12.8,10906X0039/C2-1
74,2017-03-16,42.685696389,2.685378283,2017-03-16T05:59,2017-03-16T17:56,43050.14,0.0,18.8,2.73,0,1023.5,5.4,0.312,12.5,10906X0039/C2-1
75,2017-03-17,42.685696389,2.685378283,2017-03-17T05:57,2017-03-17T17:57,43226.33,0.0,19.04,3.64,0,1021.0,7.8,0.308,12.6,10906X0039/C2-1
76,2017-03-18,42.685696389,2.685378283,2017-03-18T05:55,2017-03-18T17:59,43402.77,0.2,16.96,3.11,76,1020.9,22.1,0.305,12.8,10906X0039/C2-1
77,2017-03-19,42.685696389,2.685378283,2017-03-19T05:53,2017-03-19T18:00,43579.35,0.0,17.68,4.09,19,1017.5,23.0,0.303,13.0,10906X0039/C2-1
78,2017-03-20,42.685696389,2.685378283,2017-03-20T05:52,2017-03-20T18:01,43755.95,0.0,18.52,3.58,40,1014.5,14.9,0.299,13.3,10906X0039/C2-1
79,2017-03-21,42.685696389,2.685378283,2017-03-21T05:50,2017-03-21T18:02,43932.48,0.6,10.02,2.22,91,1014.5,15.7,0.297,13.2,10906X0039/C2-1
80,2017-03-22,42.685696389,2.685378283,2017-03-22T05:48,2017-03-22T18:03,44108.81,0.3,13.09,1.98,59,1011.0,7.4,0.296,12.9,10906X0039/C2-1
81,2017-03-23,42.685696389,2.685378283,2017-03-23T05:46,2017-03-23T18:04,44284.83,0.3,11.76,1.63,59,1009.8,8.6,0.296,12.4,10906X0039/C2-1
82,2017-03-24,42.685696389,2.685378283,2017-03-24T05:45,2017-03-24T18:06,44460.45,28.8,6.07,1.05,95,1015.3,7.9,0.3,11.9,10906X0039/C2-1
83,2017-03-25,42.685696389,2.685378283,2017-03-25T05:43,2017-03-25T18:07,44635.53,28.2,17.87,2.93,50,1012.1,16.3,0.333,11.7,10906X0039/C2-1
84,2017-03-26,42.685696389,2.685378283,2017-03-26T05:41,2017-03-26T18:08,44809.98,0.0,20.54,2.89,7,1018.1,6.1,0.333,11.6,10906X0039/C2-1
85,2017-03-27,42.685696389,2.685378283,2017-03-27T05:39,2017-03-27T18:09,44983.67,0.3,15.65,2.54,73,1020.4,12.8,0.329,11.6,10906X0039/C2-1
86,2017-03-28,42.685696389,2.685378283,2017-03-28T05:38,2017-03-28T18:10,45156.49,0.1,19.73,3.31,26,1025.5,7.2,0.327,11.7,10906X0039/C2-1
87,2017-03-29,42.685696389,2.685378283,2017-03-29T05:36,2017-03-29T18:11,45328.32,0.0,21.77,4.11,0,1025.6,10.3,0.326,12.1,10906X0039/C2-1
88,2017-03-30,42.685696389,2.685378283,2017-03-30T05:34,2017-03-30T18:12,45499.26,0.0,21.88,3.69,17,1022.9,9.2,0.335,12.3,10906X0039/C2-1
89,2017-03-31,42.685696389,2.685378283,2017-03-31T05:32,2017-03-31T18:14,45670.53,0.6,18.58,2.9,88,1018.0,6.3,0.328,12.4,10906X0039/C2-1
90,2017-04-01,42.685696389,2.685378283,2017-04-01T05:31,2017-04-01T18:15,45842.23,5.3,15.57,2.9,95,1016.2,20.0,0.329,12.5,10906X0039/C2-1
91,2017-04-02,42.685696389,2.685378283,2017-04-02T05:29,2017-04-02T18:16,46014.24,0.0,19.88,3.8,38,1018.1,27.9,0.328,12.3,10906X0039/C2-1
92,2017-04-03,42.685696389,2.685378283,2017-04-03T05:27,2017-04-03T18:17,46186.49,0.2,22.72,4.68,7,1022.1,21.6,0.324,12.6,10906X0039/C2-1
93,2017-04-04,42.685696389,2.685378283,2017-04-04T05:26,2017-04-04T18:18,46358.86,0.0,22.41,4.87,13,1021.9,21.7,0.32,13.1,10906X0039/C2-1
94,2017-04-05,42.685696389,2.685378283,2017-04-05T05:24,2017-04-05T18:19,46531.23,0.5,21.33,4.21,47,1021.0,26.5,0.316,13.3,10906X0039/C2-1
95,2017-04-06,42.685696389,2.685378283,2017-04-06T05:22,2017-04-06T18:20,46703.51,0.0,23.37,4.95,7,1019.8,26.1,0.313,13.3,10906X0039/C2-1
96,2017-04-07,42.685696389,2.685378283,2017-04-07T05:20,2017-04-07T18:22,46875.57,0.0,23.66,4.11,0,1020.6,8.3,0.308,13.4,10906X0039/C2-1
97,2017-04-08,42.685696389,2.685378283,2017-04-08T05:19,2017-04-08T18:23,47047.33,0.0,23.48,3.79,0,1020.7,7.7,0.305,13.5,10906X0039/C2-1
98,2017-04-09,42.685696389,2.685378283,2017-04-09T05:17,2017-04-09T18:24,47218.65,0.0,23.73,3.72,1,1023.2,6.9,0.306,13.6,10906X0039/C2-1
99,2017-04-10,42.685696389,2.685378283,2017-04-10T05:15,2017-04-10T18:25,47389.42,0.0,23.3,4.68,9,1022.4,8.0,0.301,13.8,10906X0039/C2-1
100,2017-04-11,42.685696389,2.685378283,2017-04-11T05:14,2017-04-11T18:26,47559.54,0.0,22.82,4.87,19,1021.3,21.6,0.296,14.3,10906X0039/C2-1
101,2017-04-12,42.685696389,2.685378283,2017-04-12T05:12,2017-04-12T18:27,47728.88,0.0,24.65,4.82,3,1019.7,10.1,0.291,14.5,10906X0039/C2-1
102,2017-04-13,42.685696389,2.685378283,2017-04-13T05:10,2017-04-13T18:28,47897.32,0.0,24.54,5.2,0,1016.1,13.1,0.284,14.8,10906X0039/C2-1
103,2017-04-14,42.685696389,2.685378283,2017-04-14T05:09,2017-04-14T18:30,48064.74,0.0,24.49,5.31,25,1016.4,16.3,0.279,15.1,10906X0039/C2-1
104,2017-04-15,42.685696389,2.685378283,2017-04-15T05:07,2017-04-15T18:31,48231.01,0.5,16.56,3.54,60,1019.6,23.9,0.275,15.1,10906X0039/C2-1
105,2017-04-16,42.685696389,2.685378283,2017-04-16T05:05,2017-04-16T18:32,48396.0,0.0,25.47,5.04,3,1021.7,23.0,0.273,15.0,10906X0039/C2-1
106,2017-04-17,42.685696389,2.685378283,2017-04-17T05:04,2017-04-17T18:33,48559.59,0.0,25.51,5.33,2,1018.3,14.0,0.269,15.1,10906X0039/C2-1
107,2017-04-18,42.685696389,2.685378283,2017-04-18T05:02,2017-04-18T18:34,48721.64,0.0,25.77,5.54,1,1018.3,21.8,0.265,15.2,10906X0039/C2-1
108,2017-04-19,42.685696389,2.685378283,2017-04-19T05:01,2017-04-19T18:35,48882.23,0.0,26.64,5.41,0,1023.6,19.1,0.261,14.8,10906X0039/C2-1
109,2017-04-20,42.685696389,2.685378283,2017-04-20T04:59,2017-04-20T18:36,49042.53,0.0,26.98,4.56,0,1026.9,8.9,0.258,14.3,10906X0039/C2-1
110,2017-04-21,42.685696389,2.685378283,2017-04-21T04:58,2017-04-21T18:38,49202.64,0.0,26.52,4.17,0,1028.1,6.3,0.255,14.0,10906X0039/C2-1
111,2017-04-22,42.685696389,2.685378283,2017-04-22T04:56,2017-04-22T18:39,49362.43,0.0,26.45,4.24,0,1023.2,6.1,0.253,13.9,10906X0039/C2-1
112,2017-04-23,42.685696389,2.685378283,2017-04-23T04:54,2017-04-23T18:40,49521.81,0.0,26.34,4.83,10,1017.6,6.6,0.248,14.3,10906X0039/C2-1
113,2017-04-24,42.685696389,2.685378283,2017-04-24T04:53,2017-04-24T18:41,49680.64,0.0,23.35,3.68,42,1016.1,7.4,0.246,14.5,10906X0039/C2-1
114,2017-04-25,42.685696389,2.685378283,2017-04-25T04:52,2017-04-25T18:42,49838.81,3.1,17.96,3.11,90,1008.3,7.7,0.246,14.7,10906X0039/C2-1
115,2017-04-26,42.685696389,2.685378283,2017-04-26T04:50,2017-04-26T18:43,49996.19,3.6,8.06,1.92,97,1010.6,16.9,0.249,14.3,10906X0039/C2-1
116,2017-04-27,42.685696389,2.685378283,2017-04-27T04:49,2017-04-27T18:44,50152.65,1.3,16.97,3.79,67,1015.4,24.0,0.253,13.5,10906X0039/C2-1
117,2017-04-28,42.685696389,2.685378283,2017-04-28T04:47,2017-04-28T18:46,50308.06,0.0,25.4,4.56,14,1017.9,20.1,0.254,13.2,10906X0039/C2-1
118,2017-04-29,42.685696389,2.685378283,2017-04-29T04:46,2017-04-29T18:47,50462.29,0.0,26.16,3.97,29,1014.1,10.9,0.253,13.1,10906X0039/C2-1
119,2017-04-30,42.685696389,2.685378283,2017-04-30T04:44,2017-04-30T18:48,50615.21,5.8,25.81,4.68,65,1007.8,13.7,0.25,13.3,10906X0039/C2-1
120,2017-05-01,42.685696389,2.685378283,2017-05-01T04:43,2017-05-01T18:49,50766.66,0.0,26.92,4.64,28,1017.4,16.1,0.251,13.4,10906X0039/C2-1
121,2017-05-02,42.685696389,2.685378283,2017-05-02T04:42,2017-05-02T18:50,50916.52,5.8,13.46,2.38,76,1018.9,6.6,0.251,13.3,10906X0039/C2-1
122,2017-05-03,42.685696389,2.685378283,2017-05-03T04:40,2017-05-03T18:51,51064.63,2.8,11.64,1.9,68,1017.9,4.9,0.252,13.3,10906X0039/C2-1
123,2017-05-04,42.685696389,2.685378283,2017-05-04T04:39,2017-05-04T18:52,51210.85,2.3,15.63,2.55,84,1014.2,4.9,0.251,13.4,10906X0039/C2-1
124,2017-05-05,42.685696389,2.685378283,2017-05-05T04:38,2017-05-05T18:53,51355.02,7.5,8.11,1.3,81,1013.5,12.6,0.252,13.6,10906X0039/C2-1
125,2017-05-06,42.685696389,2.685378283,2017-05-06T04:36,2017-05-06T18:55,51496.99,2.4,24.34,4.76,27,1013.9,19.1,0.253,13.8,10906X0039/C2-1
126,2017-05-07,42.685696389,2.685378283,2017-05-07T04:35,2017-05-07T18:56,51636.61,0.0,28.29,5.53,9,1019.8,19.5,0.25,14.2,10906X0039/C2-1
127,2017-05-08,42.685696389,2.685378283,2017-05-08T04:34,2017-05-08T18:57,51773.7,0.0,28.42,5.68,11,1017.5,18.5,0.247,14.6,10906X0039/C2-1
128,2017-05-09,42.685696389,2.685378283,2017-05-09T04:33,2017-05-09T18:58,51908.3,0.0,26.54,4.56,49,1011.3,7.1,0.242,14.9,10906X0039/C2-1
129,2017-05-10,42.685696389,2.685378283,2017-05-10T04:32,2017-05-10T18:59,52041.49,0.0,20.26,3.93,72,1004.6,13.3,0.24,15.1,10906X0039/C2-1
130,2017-05-11,42.685696389,2.685378283,2017-05-11T04:30,2017-05-11T19:00,52173.35,1.6,20.08,3.56,47,999.2,10.9,0.239,15.4,10906X0039/C2-1
131,2017-05-12,42.685696389,2.685378283,2017-05-12T04:29,2017-05-12T19:01,52303.74,0.5,20.42,3.6,53,1005.0,5.0,0.238,15.6,10906X0039/C2-1
132,2017-05-13,42.685696389,2.685378283,2017-05-13T04:28,2017-05-13T19:02,52432.55,0.4,18.41,3.63,36,1014.5,8.6,0.235,15.8,10906X0039/C2-1
133,2017-05-14,42.685696389,2.685378283,2017-05-14T04:27,2017-05-14T19:03,52559.65,0.2,20.42,3.97,54,1023.2,7.5,0.233,16.1,10906X0039/C2-1
134,2017-05-15,42.685696389,2.685378283,2017-05-15T04:26,2017-05-15T19:04,52684.92,0.0,28.32,5.74,31,1026.3,7.8,0.229,16.6,10906X0039/C2-1
135,2017-05-16,42.685696389,2.685378283,2017-05-16T04:25,2017-05-16T19:05,52808.21,0.0,25.4,5.18,70,1025.4,6.9,0.224,17.1,10906X0039/C2-1
136,2017-05-17,42.685696389,2.685378283,2017-05-17T04:24,2017-05-17T19:06,52929.4,0.0,23.95,5.78,71,1018.4,10.6,0.218,17.4,10906X0039/C2-1
137,2017-05-18,42.685696389,2.685378283,2017-05-18T04:23,2017-05-18T19:07,53048.36,19.0,19.54,4.05,78,1014.5,15.0,0.218,17.6,10906X0039/C2-1
138,2017-05-19,42.685696389,2.685378283,2017-05-19T04:22,2017-05-19T19:08,53164.93,0.7,25.1,5.05,33,1018.7,18.1,0.231,16.9,10906X0039/C2-1
139,2017-05-20,42.685696389,2.685378283,2017-05-20T04:21,2017-05-20T19:09,53278.99,0.0,26.29,4.94,27,1023.4,14.7,0.229,16.7,10906X0039/C2-1
140,2017-05-21,42.685696389,2.685378283,2017-05-21T04:21,2017-05-21T19:10,53390.39,0.0,28.67,5.29,65,1020.9,8.0,0.226,16.7,10906X0039/C2-1
141,2017-05-22,42.685696389,2.685378283,2017-05-22T04:20,2017-05-22T19:11,53498.98,0.9,20.3,3.55,93,1017.8,6.4,0.222,17.0,10906X0039/C2-1
142,2017-05-23,42.685696389,2.685378283,2017-05-23T04:19,2017-05-23T19:12,53604.62,0.0,28.42,5.99,10,1020.2,21.6,0.22,17.5,10906X0039/C2-1
143,2017-05-24,42.685696389,2.685378283,2017-05-24T04:18,2017-05-24T19:13,53707.15,0.0,28.81,6.82,5,1018.9,13.3,0.218,18.2,10906X0039/C2-1
144,2017-05-25,42.685696389,2.685378283,2017-05-25T04:17,2017-05-25T19:14,53806.44,0.0,29.12,6.53,0,1014.8,8.1,0.213,18.8,10906X0039/C2-1
145,2017-05-26,42.685696389,2.685378283,2017-05-26T04:17,2017-05-26T19:15,53902.32,0.0,27.19,4.55,28,1016.4,7.2,0.208,18.9,10906X0039/C2-1
146,2017-05-27,42.685696389,2.685378283,2017-05-27T04:16,2017-05-27T19:16,53994.65,0.1,26.85,5.34,41,1018.2,10.9,0.208,19.0,10906X0039/C2-1
147,2017-05-28,42.685696389,2.685378283,2017-05-28T04:15,2017-05-28T19:17,54083.26,0.0,28.46,6.87,39,1016.9,12.5,0.206,19.3,10906X0039/C2-1
148,2017-05-29,42.685696389,2.685378283,2017-05-29T04:15,2017-05-29T19:18,54168.16,0.0,27.37,6.07,74,1014.2,7.1,0.204,19.6,10906X0039/C2-1
149,2017-05-30,42.685696389,2.685378283,2017-05-30T04:14,2017-05-30T19:18,54250.05,0.4,18.35,3.75,90,1017.3,5.0,0.205,19.7,10906X0039/C2-1
150,2017-05-31,42.685696389,2.685378283,2017-05-31T04:14,2017-05-31T19:19,54328.98,0.0,16.84,3.55,88,1019.3,7.0,0.204,19.6,10906X0039/C2-1
151,2017-06-01,42.685696389,2.685378283,2017-06-01T04:13,2017-06-01T19:20,54404.88,0.1,24.31,4.71,47,1019.4,5.6,0.202,19.6,10906X0039/C2-1
152,2017-06-02,42.685696389,2.685378283,2017-06-02T04:13,2017-06-02T19:21,54477.67,0.1,22.34,4.28,60,1017.9,4.6,0.201,19.8,10906X0039/C2-1
153,2017-06-03,42.685696389,2.685378283,2017-06-03T04:12,2017-06-03T19:22,54547.28,16.3,11.98,2.62,79,1016.4,10.0,0.212,19.8,10906X0039/C2-1
154,2017-06-04,42.685696389,2.685378283,2017-06-04T04:12,2017-06-04T19:22,54613.61,3.0,16.24,3.59,78,1017.6,17.1,0.217,19.4,10906X0039/C2-1
155,2017-06-05,42.685696389,2.685378283,2017-06-05T04:12,2017-06-05T19:23,54676.59,3.4,27.2,5.42,52,1014.2,19.5,0.217,19.1,10906X0039/C2-1
156,2017-06-06,42.685696389,2.685378283,2017-06-06T04:11,2017-06-06T19:24,54736.14,0.0,25.37,5.64,49,1013.9,21.8,0.213,19.0,10906X0039/C2-1
157,2017-06-07,42.685696389,2.685378283,2017-06-07T04:11,2017-06-07T19:24,54792.18,0.0,28.62,5.66,8,1020.8,14.7,0.21,19.0,10906X0039/C2-1
158,2017-06-08,42.685696389,2.685378283,2017-06-08T04:11,2017-06-08T19:25,54844.64,0.1,28.31,5.14,23,1017.7,8.7,0.206,19.0,10906X0039/C2-1
159,2017-06-09,42.685696389,2.685378283,2017-06-09T04:11,2017-06-09T19:26,54893.43,0.2,21.61,4.29,90,1016.9,7.7,0.203,19.5,10906X0039/C2-1
160,2017-06-10,42.685696389,2.685378283,2017-06-10T04:11,2017-06-10T19:26,54938.49,0.0,28.5,6.09,59,1017.4,8.2,0.198,20.1,10906X0039/C2-1
161,2017-06-11,42.685696389,2.685378283,2017-06-11T04:10,2017-06-11T19:27,54979.74,0.0,28.64,6.01,12,1017.3,6.6,0.193,20.7,10906X0039/C2-1
162,2017-06-12,42.685696389,2.685378283,2017-06-12T04:10,2017-06-12T19:27,55017.09,0.0,26.94,6.7,9,1016.4,14.6,0.19,21.3,10906X0039/C2-1
163,2017-06-13,42.685696389,2.685378283,2017-06-13T04:10,2017-06-13T19:28,55050.49,0.0,28.65,5.96,9,1013.6,7.8,0.189,21.9,10906X0039/C2-1
164,2017-06-14,42.685696389,2.685378283,2017-06-14T04:10,2017-06-14T19:28,55079.86,0.0,26.8,5.85,28,1013.8,5.4,0.185,22.3,10906X0039/C2-1
165,2017-06-15,42.685696389,2.685378283,2017-06-15T04:10,2017-06-15T19:29,55105.14,0.3,22.46,5.86,43,1016.7,11.9,0.184,22.7,10906X0039/C2-1
166,2017-06-16,42.685696389,2.685378283,2017-06-16T04:10,2017-06-16T19:29,55126.24,0.0,29.13,7.98,17,1020.3,23.5,0.185,23.0,10906X0039/C2-1
167,2017-06-17,42.685696389,2.685378283,2017-06-17T04:10,2017-06-17T19:29,55143.13,0.0,30.01,9.33,0,1017.5,21.4,0.183,23.2,10906X0039/C2-1
168,2017-06-18,42.685696389,2.685378283,2017-06-18T04:10,2017-06-18T19:30,55155.73,0.0,29.55,6.83,0,1016.4,9.9,0.179,23.5,10906X0039/C2-1
169,2017-06-19,42.685696389,2.685378283,2017-06-19T04:11,2017-06-19T19:30,55164.14,0.0,28.48,6.98,35,1017.4,13.2,0.178,23.5,10906X0039/C2-1
170,2017-06-20,42.685696389,2.685378283,2017-06-20T04:11,2017-06-20T19:30,55168.4,0.0,23.18,4.77,71,1017.8,7.2,0.177,23.7,10906X0039/C2-1
171,2017-06-21,42.685696389,2.685378283,2017-06-21T04:11,2017-06-21T19:30,55168.55,1.5,25.71,5.34,52,1016.0,4.7,0.177,23.7,10906X0039/C2-1
172,2017-06-22,42.685696389,2.685378283,2017-06-22T04:11,2017-06-22T19:31,55164.61,0.0,25.21,5.33,35,1017.2,5.4,0.179,24.0,10906X0039/C2-1
173,2017-06-23,42.685696389,2.685378283,2017-06-23T04:11,2017-06-23T19:31,55156.62,0.0,27.6,7.0,30,1019.0,15.3,0.182,24.2,10906X0039/C2-1
174,2017-06-24,42.685696389,2.685378283,2017-06-24T04:12,2017-06-24T19:31,55144.62,0.0,24.95,6.51,32,1018.1,16.7,0.189,24.4,10906X0039/C2-1
175,2017-06-25,42.685696389,2.685378283,2017-06-25T04:12,2017-06-25T19:31,55128.65,1.0,21.81,5.28,80,1016.3,11.3,0.19,24.3,10906X0039/C2-1
176,2017-06-26,42.685696389,2.685378283,2017-06-26T04:12,2017-06-26T19:31,55108.76,0.7,19.43,4.27,58,1010.6,6.7,0.192,24.1,10906X0039/C2-1
177,2017-06-27,42.685696389,2.685378283,2017-06-27T04:13,2017-06-27T19:31,55084.98,0.0,24.33,6.05,41,1007.0,15.9,0.192,24.1,10906X0039/C2-1
178,2017-06-28,42.685696389,2.685378283,2017-06-28T04:13,2017-06-28T19:31,55057.36,6.6,17.94,3.91,66,1005.2,8.5,0.195,23.6,10906X0039/C2-1
179,2017-06-29,42.685696389,2.685378283,2017-06-29T04:14,2017-06-29T19:31,55025.97,3.8,17.17,4.12,44,1008.3,11.8,0.198,22.8,10906X0039/C2-1
180,2017-06-30,42.685696389,2.685378283,2017-06-30T04:14,2017-06-30T19:31,54990.83,0.0,21.37,4.79,36,1013.4,11.0,0.197,22.1,10906X0039/C2-1
181,2017-07-01,42.685696389,2.685378283,2017-07-01T04:15,2017-07-01T19:31,54952.0,0.1,24.23,5.8,53,1019.5,23.6,0.196,21.8,10906X0039/C2-1
182,2017-07-02,42.685696389,2.685378283,2017-07-02T04:15,2017-07-02T19:31,54909.53,0.0,26.8,6.44,20,1023.0,28.2,0.194,21.7,10906X0039/C2-1
183,2017-07-03,42.685696389,2.685378283,2017-07-03T04:16,2017-07-03T19:30,54863.49,0.0,29.51,7.1,9,1021.9,19.3,0.191,22.0,10906X0039/C2-1
184,2017-07-04,42.685696389,2.685378283,2017-07-04T04:17,2017-07-04T19:30,54813.91,0.0,26.81,5.94,10,1018.3,9.9,0.187,22.3,10906X0039/C2-1
185,2017-07-05,42.685696389,2.685378283,2017-07-05T04:17,2017-07-05T19:30,54760.87,0.0,28.68,6.03,19,1016.7,11.2,0.182,22.5,10906X0039/C2-1
186,2017-07-06,42.685696389,2.685378283,2017-07-06T04:18,2017-07-06T19:30,54704.4,0.0,19.04,3.77,84,1018.4,6.1,0.179,22.7,10906X0039/C2-1
187,2017-07-07,42.685696389,2.685378283,2017-07-07T04:18,2017-07-07T19:29,54644.59,0.0,26.22,5.26,29,1018.4,5.2,0.179,22.9,10906X0039/C2-1
188,2017-07-08,42.685696389,2.685378283,2017-07-08T04:19,2017-07-08T19:29,54581.35,0.0,19.34,4.55,63,1015.1,8.2,0.179,23.1,10906X0039/C2-1
189,2017-07-09,42.685696389,2.685378283,2017-07-09T04:20,2017-07-09T19:28,54514.12,0.0,15.7,4.04,53,1012.7,9.7,0.179,23.2,10906X0039/C2-1
190,2017-07-10,42.685696389,2.685378283,2017-07-10T04:21,2017-07-10T19:28,54442.9,2.3,19.05,4.36,41,1014.4,9.9,0.178,23.2,10906X0039/C2-1
191,2017-07-11,42.685696389,2.685378283,2017-07-11T04:21,2017-07-11T19:27,54367.82,0.0,19.04,4.65,64,1015.7,8.5,0.171,23.3,10906X0039/C2-1
192,2017-07-12,42.685696389,2.685378283,2017-07-12T04:22,2017-07-12T19:27,54289.04,0.0,26.74,6.45,10,1017.7,13.3,0.163,23.5,10906X0039/C2-1
193,2017-07-13,42.685696389,2.685378283,2017-07-13T04:23,2017-07-13T19:26,54206.7,0.0,26.7,6.57,8,1018.8,17.0,0.162,23.7,10906X0039/C2-1
194,2017-07-14,42.685696389,2.685378283,2017-07-14T04:24,2017-07-14T19:26,54120.92,0.0,29.0,7.41,6,1018.9,24.4,0.161,23.7,10906X0039/C2-1
195,2017-07-15,42.685696389,2.685378283,2017-07-15T04:25,2017-07-15T19:25,54031.84,0.0,29.33,8.71,3,1019.2,22.1,0.16,23.8,10906X0039/C2-1
196,2017-07-16,42.685696389,2.685378283,2017-07-16T04:25,2017-07-16T19:24,53939.62,0.0,28.61,7.46,9,1019.7,11.0,0.159,24.2,10906X0039/C2-1
197,2017-07-17,42.685696389,2.685378283,2017-07-17T04:26,2017-07-17T19:24,53844.37,0.0,25.9,6.56,37,1017.8,12.1,0.155,24.3,10906X0039/C2-1
198,2017-07-18,42.685696389,2.685378283,2017-07-18T04:27,2017-07-18T19:23,53746.24,0.0,25.32,5.93,62,1014.2,9.7,0.156,24.5,10906X0039/C2-1
199,2017-07-19,42.685696389,2.685378283,2017-07-19T04:28,2017-07-19T19:22,53645.35,0.1,16.81,4.6,90,1012.8,10.8,0.156,24.7,10906X0039/C2-1
200,2017-07-20,42.685696389,2.685378283,2017-07-20T04:29,2017-07-20T19:21,53541.84,4.0,17.92,4.32,65,1014.5,14.3,0.159,24.5,10906X0039/C2-1
201,2017-07-21,42.685696389,2.685378283,2017-07-21T04:30,2017-07-21T19:21,53435.84,0.7,19.88,4.58,65,1011.8,10.2,0.161,24.4,10906X0039/C2-1
202,2017-07-22,42.685696389,2.685378283,2017-07-22T04:31,2017-07-22T19:20,53327.48,0.0,22.77,5.18,53,1014.3,10.0,0.16,24.5,10906X0039/C2-1
203,2017-07-23,42.685696389,2.685378283,2017-07-23T04:32,2017-07-23T19:19,53216.88,0.4,21.9,5.7,50,1018.3,16.2,0.161,24.6,10906X0039/C2-1
204,2017-07-24,42.685696389,2.685378283,2017-07-24T04:33,2017-07-24T19:18,53104.17,0.0,24.63,6.35,23,1016.1,26.1,0.161,24.3,10906X0039/C2-1
205,2017-07-25,42.685696389,2.685378283,2017-07-25T04:34,2017-07-25T19:17,52989.48,0.0,26.71,7.1,15,1015.6,26.8,0.162,23.9,10906X0039/C2-1
206,2017-07-26,42.685696389,2.685378283,2017-07-26T04:35,2017-07-26T19:16,52872.92,0.0,27.34,6.83,45,1015.0,21.4,0.159,23.8,10906X0039/C2-1
207,2017-07-27,42.685696389,2.685378283,2017-07-27T04:36,2017-07-27T19:15,52754.62,0.0,27.11,6.61,16,1013.9,8.9,0.156,24.1,10906X0039/C2-1
208,2017-07-28,42.685696389,2.685378283,2017-07-28T04:37,2017-07-28T19:14,52634.49,0.0,24.32,6.17,25,1015.9,12.1,0.154,24.6,10906X0039/C2-1
209,2017-07-29,42.685696389,2.685378283,2017-07-29T04:38,2017-07-29T19:13,52511.55,0.0,23.38,5.19,29,1015.3,8.1,0.153,24.8,10906X0039/C2-1
210,2017-07-30,42.685696389,2.685378283,2017-07-30T04:39,2017-07-30T19:12,52385.78,0.7,19.04,3.91,71,1013.9,5.7,0.152,24.7,10906X0039/C2-1
211,2017-07-31,42.685696389,2.685378283,2017-07-31T04:40,2017-07-31T19:11,52257.31,1.1,22.45,4.85,78,1012.2,11.1,0.154,24.6,10906X0039/C2-1
212,2017-08-01,42.685696389,2.685378283,2017-08-01T04:41,2017-08-01T19:10,52126.35,0.7,15.78,3.64,78,1014.4,6.7,0.156,24.8,10906X0039/C2-1
213,2017-08-02,42.685696389,2.685378283,2017-08-02T04:42,2017-08-02T19:08,51993.0,0.0,24.09,5.16,40,1017.6,6.7,0.156,25.0,10906X0039/C2-1
214,2017-08-03,42.685696389,2.685378283,2017-08-03T04:43,2017-08-03T19:07,51857.46,0.0,22.75,5.79,53,1016.0,7.3,0.154,25.3,10906X0039/C2-1
215,2017-08-04,42.685696389,2.685378283,2017-08-04T04:44,2017-08-04T19:06,51719.86,0.0,24.55,7.64,17,1014.9,14.6,0.153,25.9,10906X0039/C2-1
216,2017-08-05,42.685696389,2.685378283,2017-08-05T04:45,2017-08-05T19:05,51580.35,0.0,22.49,6.38,28,1015.9,16.9,0.152,26.2,10906X0039/C2-1
217,2017-08-06,42.685696389,2.685378283,2017-08-06T04:46,2017-08-06T19:03,51439.07,4.2,20.94,6.22,53,1018.0,21.5,0.153,25.6,10906X0039/C2-1
218,2017-08-07,42.685696389,2.685378283,2017-08-07T04:47,2017-08-07T19:02,51296.17,0.0,22.71,5.14,36,1013.7,8.6,0.153,25.5,10906X0039/C2-1
219,2017-08-08,42.685696389,2.685378283,2017-08-08T04:48,2017-08-08T19:01,51151.79,0.0,14.54,4.71,64,1014.4,21.7,0.153,24.9,10906X0039/C2-1
220,2017-08-09,42.685696389,2.685378283,2017-08-09T04:49,2017-08-09T18:59,51006.07,0.8,15.09,4.31,55,1018.3,17.8,0.156,24.2,10906X0039/C2-1
221,2017-08-10,42.685696389,2.685378283,2017-08-10T04:50,2017-08-10T18:58,50859.13,0.0,24.99,6.47,8,1020.3,24.6,0.157,23.6,10906X0039/C2-1
222,2017-08-11,42.685696389,2.685378283,2017-08-11T04:51,2017-08-11T18:57,50711.11,0.0,20.22,5.94,47,1021.2,23.2,0.156,23.3,10906X0039/C2-1
223,2017-08-12,42.685696389,2.685378283,2017-08-12T04:52,2017-08-12T18:55,50562.13,0.0,25.9,6.62,3,1021.4,16.4,0.154,23.3,10906X0039/C2-1
224,2017-08-13,42.685696389,2.685378283,2017-08-13T04:54,2017-08-13T18:54,50412.32,0.0,23.95,6.0,43,1018.5,10.4,0.15,23.6,10906X0039/C2-1
225,2017-08-14,42.685696389,2.685378283,2017-08-14T04:55,2017-08-14T18:52,50261.8,0.0,23.34,4.86,16,1017.2,9.2,0.148,23.9,10906X0039/C2-1
226,2017-08-15,42.685696389,2.685378283,2017-08-15T04:56,2017-08-15T18:51,50110.7,0.0,20.39,3.9,74,1019.2,7.3,0.145,24.0,10906X0039/C2-1
227,2017-08-16,42.685696389,2.685378283,2017-08-16T04:57,2017-08-16T18:49,49959.12,0.0,17.77,4.36,51,1019.2,7.2,0.147,24.1,10906X0039/C2-1
228,2017-08-17,42.685696389,2.685378283,2017-08-17T04:58,2017-08-17T18:48,49806.98,0.0,24.27,6.59,22,1018.5,12.8,0.146,24.6,10906X0039/C2-1
229,2017-08-18,42.685696389,2.685378283,2017-08-18T04:59,2017-08-18T18:46,49653.15,0.0,20.6,5.34,37,1016.7,11.7,0.144,24.9,10906X0039/C2-1
230,2017-08-19,42.685696389,2.685378283,2017-08-19T05:00,2017-08-19T18:45,49497.59,0.0,22.44,5.85,72,1020.1,19.4,0.145,24.7,10906X0039/C2-1
231,2017-08-20,42.685696389,2.685378283,2017-08-20T05:01,2017-08-20T18:43,49340.42,0.0,25.28,7.71,27,1021.5,21.3,0.145,24.5,10906X0039/C2-1
232,2017-08-21,42.685696389,2.685378283,2017-08-21T05:02,2017-08-21T18:42,49181.77,0.0,24.77,6.12,0,1019.6,8.3,0.143,24.5,10906X0039/C2-1
233,2017-08-22,42.685696389,2.685378283,2017-08-22T05:03,2017-08-22T18:40,49021.78,0.0,23.71,4.85,18,1017.1,6.7,0.14,24.4,10906X0039/C2-1
234,2017-08-23,42.685696389,2.685378283,2017-08-23T05:04,2017-08-23T18:39,48860.57,0.0,19.14,4.45,57,1016.4,5.4,0.139,24.7,10906X0039/C2-1
235,2017-08-24,42.685696389,2.685378283,2017-08-24T05:05,2017-08-24T18:37,48698.28,0.4,19.44,4.03,68,1016.7,7.2,0.142,24.9,10906X0039/C2-1
236,2017-08-25,42.685696389,2.685378283,2017-08-25T05:06,2017-08-25T18:35,48535.02,0.3,18.12,4.07,63,1016.2,6.9,0.144,25.0,10906X0039/C2-1
237,2017-08-26,42.685696389,2.685378283,2017-08-26T05:07,2017-08-26T18:34,48370.91,0.5,17.5,3.47,86,1016.7,8.7,0.144,25.0,10906X0039/C2-1
238,2017-08-27,42.685696389,2.685378283,2017-08-27T05:09,2017-08-27T18:32,48206.07,0.2,17.11,3.45,90,1016.5,4.8,0.141,24.9,10906X0039/C2-1
239,2017-08-28,42.685696389,2.685378283,2017-08-28T05:10,2017-08-28T18:30,48040.62,0.0,21.59,4.66,61,1014.3,4.5,0.142,24.9,10906X0039/C2-1
240,2017-08-29,42.685696389,2.685378283,2017-08-29T05:11,2017-08-29T18:29,47874.68,0.1,19.07,3.8,69,1013.6,4.6,0.141,25.0,10906X0039/C2-1
241,2017-08-30,42.685696389,2.685378283,2017-08-30T05:12,2017-08-30T18:27,47708.34,0.0,13.9,3.43,93,1012.4,6.7,0.139,25.0,10906X0039/C2-1
242,2017-08-31,42.685696389,2.685378283,2017-08-31T05:13,2017-08-31T18:25,47541.73,8.5,8.97,2.9,86,1018.4,17.2,0.143,24.4,10906X0039/C2-1
243,2017-09-01,42.685696389,2.685378283,2017-09-01T05:14,2017-09-01T18:24,47374.95,0.0,20.29,5.29,38,1019.2,19.2,0.144,23.8,10906X0039/C2-1
244,2017-09-02,42.685696389,2.685378283,2017-09-02T05:15,2017-09-02T18:22,47208.1,0.0,20.0,5.39,27,1020.5,25.0,0.142,23.3,10906X0039/C2-1
245,2017-09-03,42.685696389,2.685378283,2017-09-03T05:16,2017-09-03T18:20,47041.29,0.0,14.01,3.21,80,1016.0,6.0,0.142,22.9,10906X0039/C2-1
246,2017-09-04,42.685696389,2.685378283,2017-09-04T05:17,2017-09-04T18:18,46874.63,0.1,14.71,3.32,62,1016.6,5.5,0.144,22.9,10906X0039/C2-1
247,2017-09-05,42.685696389,2.685378283,2017-09-05T05:18,2017-09-05T18:17,46708.21,0.0,18.58,4.56,32,1020.5,8.9,0.143,23.3,10906X0039/C2-1
248,2017-09-06,42.685696389,2.685378283,2017-09-06T05:19,2017-09-06T18:15,46541.94,0.1,19.95,5.28,31,1021.5,23.2,0.142,23.5,10906X0039/C2-1
249,2017-09-07,42.685696389,2.685378283,2017-09-07T05:20,2017-09-07T18:13,46374.67,0.0,22.42,5.7,4,1018.1,23.3,0.141,23.1,10906X0039/C2-1
250,2017-09-08,42.685696389,2.685378283,2017-09-08T05:21,2017-09-08T18:12,46206.32,0.0,21.32,4.61,2,1013.6,8.7,0.14,22.9,10906X0039/C2-1
251,2017-09-09,42.685696389,2.685378283,2017-09-09T05:22,2017-09-09T18:10,46037.01,0.9,6.15,2.62,75,1006.5,14.3,0.143,22.4,10906X0039/C2-1
252,2017-09-10,42.685696389,2.685378283,2017-09-10T05:24,2017-09-10T18:08,45866.83,0.0,18.84,4.66,23,1008.9,26.2,0.144,21.8,10906X0039/C2-1
253,2017-09-11,42.685696389,2.685378283,2017-09-11T05:25,2017-09-11T18:06,45695.91,0.0,11.76,3.81,69,1010.2,19.3,0.145,21.7,10906X0039/C2-1
254,2017-09-12,42.685696389,2.685378283,2017-09-12T05:26,2017-09-12T18:04,45524.35,0.0,19.04,4.95,29,1016.1,21.5,0.144,21.7,10906X0039/C2-1
255,2017-09-13,42.685696389,2.685378283,2017-09-13T05:27,2017-09-13T18:03,45352.26,0.0,19.63,4.1,8,1020.2,6.8,0.144,21.7,10906X0039/C2-1
256,2017-09-14,42.685696389,2.685378283,2017-09-14T05:28,2017-09-14T18:01,45179.74,0.0,17.48,4.29,33,1017.8,21.0,0.142,21.8,10906X0039/C2-1
257,2017-09-15,42.685696389,2.685378283,2017-09-15T05:29,2017-09-15T17:59,45006.9,5.7,6.55,2.04,70,1015.6,11.7,0.145,21.1,10906X0039/C2-1
258,2017-09-16,42.685696389,2.685378283,2017-09-16T05:30,2017-09-16T17:57,44833.84,0.3,17.16,4.05,33,1014.0,14.7,0.148,20.6,10906X0039/C2-1
259,2017-09-17,42.685696389,2.685378283,2017-09-17T05:31,2017-09-17T17:55,44660.66,0.0,17.72,3.36,62,1017.3,6.7,0.147,20.3,10906X0039/C2-1
260,2017-09-18,42.685696389,2.685378283,2017-09-18T05:32,2017-09-18T17:54,44487.47,3.1,9.61,2.24,61,1017.9,11.2,0.147,20.1,10906X0039/C2-1
261,2017-09-19,42.685696389,2.685378283,2017-09-19T05:33,2017-09-19T17:52,44314.37,0.0,16.86,4.56,23,1021.6,24.0,0.147,19.9,10906X0039/C2-1
262,2017-09-20,42.685696389,2.685378283,2017-09-20T05:34,2017-09-20T17:50,44141.45,0.0,19.7,4.01,1,1020.6,10.3,0.146,19.9,10906X0039/C2-1
263,2017-09-21,42.685696389,2.685378283,2017-09-21T05:35,2017-09-21T17:48,43968.83,0.0,18.98,3.24,13,1018.5,5.4,0.142,19.8,10906X0039/C2-1
264,2017-09-22,42.685696389,2.685378283,2017-09-22T05:36,2017-09-22T17:46,43796.59,0.0,15.94,3.42,76,1020.3,6.6,0.141,19.9,10906X0039/C2-1
265,2017-09-23,42.685696389,2.685378283,2017-09-23T05:38,2017-09-23T17:45,43624.84,0.0,16.1,2.91,54,1020.5,5.7,0.14,20.2,10906X0039/C2-1
266,2017-09-24,42.685696389,2.685378283,2017-09-24T05:39,2017-09-24T17:43,43453.69,0.0,18.14,4.09,40,1018.5,6.2,0.138,20.3,10906X0039/C2-1
267,2017-09-25,42.685696389,2.685378283,2017-09-25T05:40,2017-09-25T17:41,43283.23,7.3,11.24,2.78,71,1018.9,14.8,0.137,20.3,10906X0039/C2-1
268,2017-09-26,42.685696389,2.685378283,2017-09-26T05:41,2017-09-26T17:39,43113.34,0.0,16.16,3.73,34,1020.8,14.5,0.139,20.3,10906X0039/C2-1
269,2017-09-27,42.685696389,2.685378283,2017-09-27T05:42,2017-09-27T17:38,42942.86,0.0,17.23,3.28,31,1021.5,8.6,0.137,20.2,10906X0039/C2-1
270,2017-09-28,42.685696389,2.685378283,2017-09-28T05:43,2017-09-28T17:36,42771.67,0.0,15.13,2.71,80,1024.3,7.8,0.136,20.3,10906X0039/C2-1
271,2017-09-29,42.685696389,2.685378283,2017-09-29T05:44,2017-09-29T17:34,42599.89,0.3,14.66,2.65,48,1022.2,5.2,0.135,20.5,10906X0039/C2-1
272,2017-09-30,42.685696389,2.685378283,2017-09-30T05:45,2017-09-30T17:32,42427.63,7.8,6.75,1.76,83,1020.2,11.6,0.137,20.1,10906X0039/C2-1
273,2017-10-01,42.685696389,2.685378283,2017-10-01T05:46,2017-10-01T17:31,42254.99,0.6,14.19,3.33,83,1021.2,12.3,0.138,20.0,10906X0039/C2-1
274,2017-10-02,42.685696389,2.685378283,2017-10-02T05:47,2017-10-02T17:29,42082.1,3.0,8.99,2.3,80,1022.8,14.3,0.142,20.1,10906X0039/C2-1
275,2017-10-03,42.685696389,2.685378283,2017-10-03T05:49,2017-10-03T17:27,41909.04,0.0,14.39,3.24,26,1021.4,13.3,0.142,20.3,10906X0039/C2-1
276,2017-10-04,42.685696389,2.685378283,2017-10-04T05:50,2017-10-04T17:25,41735.96,0.0,12.18,2.26,56,1024.1,5.8,0.141,20.4,10906X0039/C2-1
277,2017-10-05,42.685696389,2.685378283,2017-10-05T05:51,2017-10-05T17:24,41562.95,0.0,16.41,4.02,2,1020.6,13.7,0.141,20.3,10906X0039/C2-1
278,2017-10-06,42.685696389,2.685378283,2017-10-06T05:52,2017-10-06T17:22,41390.12,0.0,15.04,4.18,4,1020.3,27.5,0.139,20.4,10906X0039/C2-1
279,2017-10-07,42.685696389,2.685378283,2017-10-07T05:53,2017-10-07T17:20,41217.6,0.0,16.71,3.77,9,1022.9,12.5,0.138,20.0,10906X0039/C2-1
280,2017-10-08,42.685696389,2.685378283,2017-10-08T05:54,2017-10-08T17:18,41045.49,0.0,16.14,4.32,2,1020.3,14.6,0.137,19.6,10906X0039/C2-1
281,2017-10-09,42.685696389,2.685378283,2017-10-09T05:55,2017-10-09T17:17,40873.91,0.0,15.39,3.89,8,1020.4,14.3,0.135,19.7,10906X0039/C2-1
282,2017-10-10,42.685696389,2.685378283,2017-10-10T05:57,2017-10-10T17:15,40702.98,0.0,15.72,3.13,10,1020.6,8.6,0.133,19.7,10906X0039/C2-1
283,2017-10-11,42.685696389,2.685378283,2017-10-11T05:58,2017-10-11T17:13,40532.82,0.0,15.3,2.62,1,1021.9,4.8,0.132,19.5,10906X0039/C2-1
284,2017-10-12,42.685696389,2.685378283,2017-10-12T05:59,2017-10-12T17:12,40363.54,0.0,14.78,2.71,2,1025.2,5.1,0.131,19.6,10906X0039/C2-1
285,2017-10-13,42.685696389,2.685378283,2017-10-13T06:00,2017-10-13T17:10,40195.28,0.0,13.66,2.29,20,1026.0,4.4,0.132,19.5,10906X0039/C2-1
286,2017-10-14,42.685696389,2.685378283,2017-10-14T06:01,2017-10-14T17:08,40028.16,2.6,7.71,1.24,100,1027.0,5.9,0.131,19.3,10906X0039/C2-1
287,2017-10-15,42.685696389,2.685378283,2017-10-15T06:02,2017-10-15T17:07,39862.29,1.1,11.8,2.17,61,1025.7,5.2,0.132,19.4,10906X0039/C2-1
288,2017-10-16,42.685696389,2.685378283,2017-10-16T06:04,2017-10-16T17:05,39697.58,1.3,11.35,2.14,62,1025.0,8.0,0.133,19.6,10906X0039/C2-1
289,2017-10-17,42.685696389,2.685378283,2017-10-17T06:05,2017-10-17T17:04,39532.72,0.4,12.2,2.82,47,1020.4,10.5,0.133,19.6,10906X0039/C2-1
290,2017-10-18,42.685696389,2.685378283,2017-10-18T06:06,2017-10-18T17:02,39367.59,0.6,10.57,2.68,81,1012.8,12.2,0.132,19.6,10906X0039/C2-1
291,2017-10-19,42.685696389,2.685378283,2017-10-19T06:07,2017-10-19T17:01,39202.33,18.3,3.24,0.7,97,1011.5,6.1,0.139,19.4,10906X0039/C2-1
292,2017-10-20,42.685696389,2.685378283,2017-10-20T06:08,2017-10-20T16:59,39037.06,2.8,7.28,1.42,83,1017.6,6.2,0.148,19.2,10906X0039/C2-1
293,2017-10-21,42.685696389,2.685378283,2017-10-21T06:10,2017-10-21T16:57,38871.94,0.0,8.86,2.48,89,1020.9,15.4,0.147,19.1,10906X0039/C2-1
294,2017-10-22,42.685696389,2.685378283,2017-10-22T06:11,2017-10-22T16:56,38707.09,0.0,12.31,3.45,33,1024.8,24.1,0.147,18.9,10906X0039/C2-1
295,2017-10-23,42.685696389,2.685378283,2017-10-23T06:12,2017-10-23T16:54,38542.65,0.0,12.38,3.52,23,1025.1,22.4,0.147,18.6,10906X0039/C2-1
296,2017-10-24,42.685696389,2.685378283,2017-10-24T06:13,2017-10-24T16:53,38378.76,0.0,12.74,3.77,38,1023.5,15.7,0.146,18.7,10906X0039/C2-1
297,2017-10-25,42.685696389,2.685378283,2017-10-25T06:14,2017-10-25T16:51,38215.58,0.0,12.93,2.21,27,1024.4,4.4,0.144,18.6,10906X0039/C2-1
298,2017-10-26,42.685696389,2.685378283,2017-10-26T06:16,2017-10-26T16:50,38053.24,0.0,12.46,2.13,34,1026.3,5.4,0.144,18.2,10906X0039/C2-1
299,2017-10-27,42.685696389,2.685378283,2017-10-27T06:17,2017-10-27T16:49,37891.9,0.0,11.69,3.3,16,1026.0,22.6,0.143,18.4,10906X0039/C2-1
300,2017-10-28,42.685696389,2.685378283,2017-10-28T06:18,2017-10-28T16:47,37731.71,0.0,11.46,3.06,20,1025.0,26.5,0.142,18.4,10906X0039/C2-1
301,2017-10-29,42.685696389,2.685378283,2017-10-29T06:19,2017-10-29T16:46,37572.83,0.0,12.33,3.99,10,1020.4,28.5,0.141,18.0,10906X0039/C2-1
302,2017-10-30,42.685696389,2.685378283,2017-10-30T06:21,2017-10-30T16:44,37415.4,0.0,9.35,2.57,25,1019.0,21.6,0.14,17.9,10906X0039/C2-1
303,2017-10-31,42.685696389,2.685378283,2017-10-31T06:22,2017-10-31T16:43,37259.61,0.0,12.2,2.03,0,1023.1,6.4,0.14,17.3,10906X0039/C2-1
304,2017-11-01,42.685696389,2.685378283,2017-11-01T06:23,2017-11-01T16:42,37105.62,0.0,11.43,1.9,58,1022.0,7.9,0.139,16.8,10906X0039/C2-1
305,2017-11-02,42.685696389,2.685378283,2017-11-02T06:24,2017-11-02T16:40,36953.59,0.0,9.73,1.59,96,1019.1,4.3,0.14,17.0,10906X0039/C2-1
306,2017-11-03,42.685696389,2.685378283,2017-11-03T06:26,2017-11-03T16:39,36803.7,1.2,4.54,0.79,100,1014.7,5.7,0.142,17.0,10906X0039/C2-1
307,2017-11-04,42.685696389,2.685378283,2017-11-04T06:27,2017-11-04T16:38,36656.12,1.9,7.01,1.44,98,1011.0,6.8,0.143,17.1,10906X0039/C2-1
308,2017-11-05,42.685696389,2.685378283,2017-11-05T06:28,2017-11-05T16:37,36510.77,1.6,10.59,2.82,55,1015.6,28.7,0.145,16.9,10906X0039/C2-1
309,2017-11-06,42.685696389,2.685378283,2017-11-06T06:29,2017-11-06T16:36,36366.27,0.2,8.92,2.46,30,1018.8,37.4,0.147,16.0,10906X0039/C2-1
310,2017-11-07,42.685696389,2.685378283,2017-11-07T06:31,2017-11-07T16:34,36222.5,0.0,11.33,3.03,4,1017.8,24.8,0.146,15.4,10906X0039/C2-1
311,2017-11-08,42.685696389,2.685378283,2017-11-08T06:32,2017-11-08T16:33,36079.63,0.0,10.03,2.35,29,1020.1,16.4,0.146,14.9,10906X0039/C2-1
312,2017-11-09,42.685696389,2.685378283,2017-11-09T06:33,2017-11-09T16:32,35937.79,1.4,4.25,1.45,56,1023.5,25.6,0.146,14.5,10906X0039/C2-1
313,2017-11-10,42.685696389,2.685378283,2017-11-10T06:35,2017-11-10T16:31,35797.16,0.0,8.4,2.47,63,1025.3,26.6,0.146,14.3,10906X0039/C2-1
314,2017-11-11,42.685696389,2.685378283,2017-11-11T06:36,2017-11-11T16:30,35657.9,0.0,7.63,2.61,75,1022.0,27.1,0.145,14.7,10906X0039/C2-1
315,2017-11-12,42.685696389,2.685378283,2017-11-12T06:37,2017-11-12T16:29,35520.18,0.6,9.04,3.21,48,1015.1,23.4,0.145,15.2,10906X0039/C2-1
316,2017-11-13,42.685696389,2.685378283,2017-11-13T06:38,2017-11-13T16:28,35384.17,0.3,9.14,2.6,36,1017.1,40.5,0.145,14.8,10906X0039/C2-1
317,2017-11-14,42.685696389,2.685378283,2017-11-14T06:40,2017-11-14T16:27,35250.04,0.0,10.23,3.06,21,1021.1,32.4,0.145,14.1,10906X0039/C2-1
318,2017-11-15,42.685696389,2.685378283,2017-11-15T06:41,2017-11-15T16:26,35117.96,0.0,10.23,2.94,23,1019.4,16.0,0.144,13.9,10906X0039/C2-1
319,2017-11-16,42.685696389,2.685378283,2017-11-16T06:42,2017-11-16T16:25,34988.13,0.0,10.09,1.7,24,1020.8,6.8,0.145,13.5,10906X0039/C2-1
320,2017-11-17,42.685696389,2.685378283,2017-11-17T06:43,2017-11-17T16:24,34860.72,0.0,9.4,3.77,28,1019.8,21.6,0.146,13.8,10906X0039/C2-1
321,2017-11-18,42.685696389,2.685378283,2017-11-18T06:45,2017-11-18T16:24,34735.92,0.0,9.79,2.44,19,1021.0,20.3,0.145,13.9,10906X0039/C2-1
322,2017-11-19,42.685696389,2.685378283,2017-11-19T06:46,2017-11-19T16:23,34613.92,0.0,9.55,2.84,10,1021.9,21.7,0.145,13.8,10906X0039/C2-1
323,2017-11-20,42.685696389,2.685378283,2017-11-20T06:47,2017-11-20T16:22,34494.92,0.0,9.38,1.84,23,1022.5,7.9,0.145,13.7,10906X0039/C2-1
324,2017-11-21,42.685696389,2.685378283,2017-11-21T06:48,2017-11-21T16:21,34379.11,0.0,9.43,1.73,7,1019.9,5.9,0.145,13.5,10906X0039/C2-1
325,2017-11-22,42.685696389,2.685378283,2017-11-22T06:50,2017-11-22T16:21,34266.68,0.0,7.8,1.17,29,1015.2,7.0,0.144,13.2,10906X0039/C2-1
326,2017-11-23,42.685696389,2.685378283,2017-11-23T06:51,2017-11-23T16:20,34157.85,0.0,8.6,1.22,49,1016.8,5.9,0.143,13.1,10906X0039/C2-1
327,2017-11-24,42.685696389,2.685378283,2017-11-24T06:52,2017-11-24T16:19,34052.82,0.3,5.71,1.05,94,1017.8,5.7,0.143,13.2,10906X0039/C2-1
328,2017-11-25,42.685696389,2.685378283,2017-11-25T06:53,2017-11-25T16:19,33951.57,0.4,6.4,1.69,48,1019.3,21.0,0.142,13.4,10906X0039/C2-1
329,2017-11-26,42.685696389,2.685378283,2017-11-26T06:54,2017-11-26T16:18,33852.95,0.1,6.98,1.67,38,1029.4,20.7,0.143,12.9,10906X0039/C2-1
330,2017-11-27,42.685696389,2.685378283,2017-11-27T06:55,2017-11-27T16:18,33756.87,0.0,8.91,1.52,11,1028.3,8.9,0.143,12.5,10906X0039/C2-1
331,2017-11-28,42.685696389,2.685378283,2017-11-28T06:56,2017-11-28T16:17,33663.46,0.0,8.8,1.3,25,1015.9,5.9,0.143,11.9,10906X0039/C2-1
332,2017-11-29,42.685696389,2.685378283,2017-11-29T06:57,2017-11-29T16:17,33572.85,0.0,4.26,1.09,38,1009.1,14.3,0.142,11.7,10906X0039/C2-1
333,2017-11-30,42.685696389,2.685378283,2017-11-30T06:59,2017-11-30T16:17,33485.15,0.0,8.42,1.95,8,1013.7,24.8,0.143,11.4,10906X0039/C2-1
334,2017-12-01,42.685696389,2.685378283,2017-12-01T07:00,2017-12-01T16:16,33400.51,0.8,7.2,1.66,64,1013.9,23.0,0.143,10.8,10906X0039/C2-1
335,2017-12-02,42.685696389,2.685378283,2017-12-02T07:01,2017-12-02T16:16,33319.05,1.7,4.14,1.77,91,1017.6,38.4,0.144,10.3,10906X0039/C2-1
336,2017-12-03,42.685696389,2.685378283,2017-12-03T07:02,2017-12-03T16:16,33240.9,0.0,8.81,2.82,23,1026.1,32.0,0.144,10.0,10906X0039/C2-1
337,2017-12-04,42.685696389,2.685378283,2017-12-04T07:03,2017-12-04T16:16,33166.2,0.0,8.24,2.37,1,1033.5,21.1,0.144,10.1,10906X0039/C2-1
338,2017-12-05,42.685696389,2.685378283,2017-12-05T07:04,2017-12-05T16:15,33095.07,0.0,8.31,1.48,0,1035.5,11.2,0.144,10.2,10906X0039/C2-1
339,2017-12-06,42.685696389,2.685378283,2017-12-06T07:05,2017-12-06T16:15,33027.65,0.3,6.64,0.74,50,1034.1,4.5,0.144,9.8,10906X0039/C2-1
340,2017-12-07,42.685696389,2.685378283,2017-12-07T07:06,2017-12-07T16:15,32964.07,0.2,6.07,0.72,82,1029.2,3.8,0.146,9.9,10906X0039/C2-1
341,2017-12-08,42.685696389,2.685378283,2017-12-08T07:07,2017-12-08T16:15,32904.46,0.9,3.21,0.97,88,1023.0,13.4,0.146,9.7,10906X0039/C2-1
342,2017-12-09,42.685696389,2.685378283,2017-12-09T07:08,2017-12-09T16:15,32848.95,0.4,6.0,1.28,81,1023.0,12.0,0.147,9.9,10906X0039/C2-1
343,2017-12-10,42.685696389,2.685378283,2017-12-10T07:09,2017-12-10T16:15,32797.68,3.3,2.55,0.38,96,1005.4,4.4,0.151,9.5,10906X0039/C2-1
344,2017-12-11,42.685696389,2.685378283,2017-12-11T07:09,2017-12-11T16:15,32750.78,4.0,0.88,0.44,77,991.2,10.8,0.155,9.4,10906X0039/C2-1
345,2017-12-12,42.685696389,2.685378283,2017-12-12T07:10,2017-12-12T16:15,32708.36,0.3,6.26,1.27,44,1014.1,15.2,0.159,9.3,10906X0039/C2-1
346,2017-12-13,42.685696389,2.685378283,2017-12-13T07:11,2017-12-13T16:15,32670.56,0.0,5.1,0.99,66,1019.8,5.4,0.159,8.9,10906X0039/C2-1
347,2017-12-14,42.685696389,2.685378283,2017-12-14T07:12,2017-12-14T16:16,32637.51,1.0,5.82,1.03,86,1012.9,7.7,0.16,9.6,10906X0039/C2-1
348,2017-12-15,42.685696389,2.685378283,2017-12-15T07:12,2017-12-15T16:16,32609.24,3.8,6.9,1.88,38,1006.7,19.2,0.161,9.9,10906X0039/C2-1
349,2017-12-16,42.685696389,2.685378283,2017-12-16T07:13,2017-12-16T16:16,32585.4,0.1,7.84,2.11,21,1017.6,27.8,0.161,9.8,10906X0039/C2-1
350,2017-12-17,42.685696389,2.685378283,2017-12-17T07:14,2017-12-17T16:16,32565.88,0.1,6.84,2.19,46,1027.5,25.5,0.161,9.7,10906X0039/C2-1
351,2017-12-18,42.685696389,2.685378283,2017-12-18T07:14,2017-12-18T16:17,32550.71,4.0,1.67,0.95,68,1026.0,13.0,0.163,9.8,10906X0039/C2-1
352,2017-12-19,42.685696389,2.685378283,2017-12-19T07:15,2017-12-19T16:17,32539.86,0.0,6.96,1.33,14,1032.0,17.2,0.166,9.7,10906X0039/C2-1
353,2017-12-20,42.685696389,2.685378283,2017-12-20T07:15,2017-12-20T16:18,32533.32,0.0,4.42,1.99,77,1032.8,24.3,0.166,9.6,10906X0039/C2-1
354,2017-12-21,42.685696389,2.685378283,2017-12-21T07:16,2017-12-21T16:18,32531.09,0.0,6.4,1.9,50,1035.6,25.8,0.165,10.0,10906X0039/C2-1
355,2017-12-22,42.685696389,2.685378283,2017-12-22T07:16,2017-12-22T16:19,32533.13,0.0,5.22,2.12,64,1034.0,29.9,0.165,10.3,10906X0039/C2-1
356,2017-12-23,42.685696389,2.685378283,2017-12-23T07:17,2017-12-23T16:19,32539.45,0.0,7.77,1.52,22,1034.6,18.0,0.164,10.4,10906X0039/C2-1
357,2017-12-24,42.685696389,2.685378283,2017-12-24T07:17,2017-12-24T16:20,32550.02,0.0,7.68,1.06,6,1030.7,4.5,0.164,10.1,10906X0039/C2-1
358,2017-12-25,42.685696389,2.685378283,2017-12-25T07:18,2017-12-25T16:20,32564.81,0.3,3.24,0.42,93,1023.5,4.4,0.164,9.6,10906X0039/C2-1
359,2017-12-26,42.685696389,2.685378283,2017-12-26T07:18,2017-12-26T16:21,32583.8,0.0,4.63,0.92,80,1013.0,8.1,0.163,9.6,10906X0039/C2-1
360,2017-12-27,42.685696389,2.685378283,2017-12-27T07:18,2017-12-27T16:22,32606.97,1.6,6.71,1.54,57,999.7,19.2,0.164,9.5,10906X0039/C2-1
361,2017-12-28,42.685696389,2.685378283,2017-12-28T07:19,2017-12-28T16:22,32634.29,1.0,6.52,1.62,39,1008.6,19.4,0.164,9.4,10906X0039/C2-1
362,2017-12-29,42.685696389,2.685378283,2017-12-29T07:19,2017-12-29T16:23,32665.72,1.1,2.69,1.05,66,1016.4,9.4,0.166,9.2,10906X0039/C2-1
363,2017-12-30,42.685696389,2.685378283,2017-12-30T07:19,2017-12-30T16:24,32701.24,0.0,4.8,1.74,58,1020.3,12.3,0.168,9.6,10906X0039/C2-1
364,2017-12-31,42.685696389,2.685378283,2017-12-31T07:19,2017-12-31T16:25,32740.81,0.5,5.43,1.14,49,1017.8,11.8,0.168,9.7,10906X0039/C2-1
365,2018-01-01,42.685696389,2.685378283,2018-01-01T07:19,2018-01-01T16:26,32784.4,0.8,7.73,2.45,52,1020.5,19.4,0.168,10.2,10906X0039/C2-1
366,2018-01-02,42.685696389,2.685378283,2018-01-02T07:19,2018-01-02T16:27,32831.95,0.2,2.26,1.03,70,1022.8,10.3,0.168,10.4,10906X0039/C2-1
367,2018-01-03,42.685696389,2.685378283,2018-01-03T07:19,2018-01-03T16:27,32883.46,0.0,5.29,2.31,90,1020.2,17.2,0.169,10.7,10906X0039/C2-1
368,2018-01-04,42.685696389,2.685378283,2018-01-04T07:19,2018-01-04T16:28,32938.97,0.1,6.97,1.95,94,1017.4,13.6,0.168,11.3,10906X0039/C2-1
369,2018-01-05,42.685696389,2.685378283,2018-01-05T07:19,2018-01-05T16:29,32999.13,0.1,7.95,1.18,34,1007.6,5.5,0.167,11.3,10906X0039/C2-1
370,2018-01-06,42.685696389,2.685378283,2018-01-06T07:19,2018-01-06T16:30,33063.89,7.0,4.88,0.84,91,1002.4,10.8,0.166,11.2,10906X0039/C2-1
371,2018-01-07,42.685696389,2.685378283,2018-01-07T07:19,2018-01-07T16:31,33133.09,44.8,3.79,0.54,97,1003.5,11.7,0.197,11.4,10906X0039/C2-1
372,2018-01-08,42.685696389,2.685378283,2018-01-08T07:19,2018-01-08T16:32,33206.57,0.0,4.2,0.87,91,1010.1,10.3,0.211,11.1,10906X0039/C2-1
373,2018-01-09,42.685696389,2.685378283,2018-01-09T07:19,2018-01-09T16:33,33284.15,0.0,8.26,0.96,53,1013.4,4.9,0.21,10.8,10906X0039/C2-1
374,2018-01-10,42.685696389,2.685378283,2018-01-10T07:18,2018-01-10T16:34,33365.69,0.0,7.71,1.21,32,1013.6,6.8,0.21,10.5,10906X0039/C2-1
375,2018-01-11,42.685696389,2.685378283,2018-01-11T07:18,2018-01-11T16:35,33451.02,3.9,6.2,1.67,92,1016.0,23.8,0.212,10.3,10906X0039/C2-1
376,2018-01-12,42.685696389,2.685378283,2018-01-12T07:18,2018-01-12T16:37,33539.97,0.0,8.72,1.7,9,1022.5,21.5,0.211,10.3,10906X0039/C2-1
377,2018-01-13,42.685696389,2.685378283,2018-01-13T07:17,2018-01-13T16:38,33632.38,0.1,6.79,0.82,64,1017.9,5.9,0.211,9.6,10906X0039/C2-1
378,2018-01-14,42.685696389,2.685378283,2018-01-14T07:17,2018-01-14T16:39,33728.11,2.7,3.39,0.72,89,1016.6,10.4,0.212,9.5,10906X0039/C2-1
379,2018-01-15,42.685696389,2.685378283,2018-01-15T07:16,2018-01-15T16:40,33826.97,0.4,7.99,1.15,77,1022.1,7.4,0.214,9.6,10906X0039/C2-1
380,2018-01-16,42.685696389,2.685378283,2018-01-16T07:16,2018-01-16T16:41,33928.83,0.0,2.97,1.08,72,1017.8,8.9,0.214,9.9,10906X0039/C2-1
381,2018-01-17,42.685696389,2.685378283,2018-01-17T07:15,2018-01-17T16:43,34033.52,1.4,4.24,2.09,66,1020.0,24.8,0.214,10.4,10906X0039/C2-1
382,2018-01-18,42.685696389,2.685378283,2018-01-18T07:15,2018-01-18T16:44,34140.89,0.0,8.9,1.3,25,1022.6,6.1,0.214,10.1,10906X0039/C2-1
383,2018-01-19,42.685696389,2.685378283,2018-01-19T07:14,2018-01-19T16:45,34250.79,0.0,5.14,1.24,58,1018.9,11.7,0.213,9.9,10906X0039/C2-1
384,2018-01-20,42.685696389,2.685378283,2018-01-20T07:14,2018-01-20T16:46,34363.07,2.3,4.63,1.32,72,1018.5,12.3,0.212,10.0,10906X0039/C2-1
385,2018-01-21,42.685696389,2.685378283,2018-01-21T07:13,2018-01-21T16:47,34477.59,0.5,4.58,2.34,99,1019.0,30.1,0.212,10.7,10906X0039/C2-1
386,2018-01-22,42.685696389,2.685378283,2018-01-22T07:12,2018-01-22T16:49,34594.19,0.0,6.59,2.78,61,1021.6,27.5,0.211,11.3,10906X0039/C2-1
387,2018-01-23,42.685696389,2.685378283,2018-01-23T07:11,2018-01-23T16:50,34712.73,0.0,9.23,2.1,30,1026.4,19.9,0.211,11.6,10906X0039/C2-1
388,2018-01-24,42.685696389,2.685378283,2018-01-24T07:11,2018-01-24T16:51,34833.32,0.3,7.52,1.02,52,1026.1,7.0,0.21,11.3,10906X0039/C2-1
389,2018-01-25,42.685696389,2.685378283,2018-01-25T07:10,2018-01-25T16:52,34957.23,0.0,3.21,0.57,98,1017.7,4.9,0.211,11.2,10906X0039/C2-1
390,2018-01-26,42.685696389,2.685378283,2018-01-26T07:09,2018-01-26T16:54,35084.49,14.6,2.01,1.02,99,1018.2,24.3,0.218,10.7,10906X0039/C2-1
391,2018-01-27,42.685696389,2.685378283,2018-01-27T07:08,2018-01-27T16:55,35214.9,6.1,3.51,1.41,95,1029.2,24.4,0.223,10.3,10906X0039/C2-1
392,2018-01-28,42.685696389,2.685378283,2018-01-28T07:07,2018-01-28T16:56,35348.26,0.0,10.35,2.08,2,1036.8,15.1,0.224,10.2,10906X0039/C2-1
393,2018-01-29,42.685696389,2.685378283,2018-01-29T07:06,2018-01-29T16:58,35484.36,0.0,10.24,1.96,4,1033.9,9.2,0.223,10.3,10906X0039/C2-1
394,2018-01-30,42.685696389,2.685378283,2018-01-30T07:05,2018-01-30T16:59,35623.01,0.0,10.41,1.43,5,1029.8,5.1,0.223,10.1,10906X0039/C2-1
395,2018-01-31,42.685696389,2.685378283,2018-01-31T07:04,2018-01-31T17:00,35764.03,0.0,10.1,1.19,18,1022.6,4.9,0.223,9.9,10906X0039/C2-1
396,2018-02-01,42.685696389,2.685378283,2018-02-01T07:03,2018-02-01T17:02,35907.21,1.2,3.14,0.82,95,1010.7,12.8,0.223,9.6,10906X0039/C2-1
397,2018-02-02,42.685696389,2.685378283,2018-02-02T07:02,2018-02-02T17:03,36052.38,0.0,9.34,1.97,66,1009.4,28.9,0.224,9.3,10906X0039/C2-1
398,2018-02-03,42.685696389,2.685378283,2018-02-03T07:01,2018-02-03T17:04,36199.36,0.4,9.66,1.99,39,1010.9,19.6,0.224,9.1,10906X0039/C2-1
399,2018-02-04,42.685696389,2.685378283,2018-02-04T07:00,2018-02-04T17:06,36347.97,8.7,5.02,0.71,74,1012.9,6.1,0.226,8.7,10906X0039/C2-1
400,2018-02-05,42.685696389,2.685378283,2018-02-05T06:59,2018-02-05T17:07,36498.04,22.2,3.28,0.45,100,1011.1,8.1,0.244,8.6,10906X0039/C2-1
401,2018-02-06,42.685696389,2.685378283,2018-02-06T06:57,2018-02-06T17:08,36649.39,5.4,5.31,1.5,82,1010.5,24.1,0.256,8.3,10906X0039/C2-1
402,2018-02-07,42.685696389,2.685378283,2018-02-07T06:56,2018-02-07T17:10,36801.86,0.0,12.2,2.01,22,1014.3,24.3,0.255,7.9,10906X0039/C2-1
403,2018-02-08,42.685696389,2.685378283,2018-02-08T06:55,2018-02-08T17:11,36955.29,0.0,12.54,1.66,2,1019.5,19.7,0.255,7.6,10906X0039/C2-1
404,2018-02-09,42.685696389,2.685378283,2018-02-09T06:54,2018-02-09T17:12,37109.52,0.5,11.2,1.61,42,1018.1,9.3,0.254,7.1,10906X0039/C2-1
405,2018-02-10,42.685696389,2.685378283,2018-02-10T06:53,2018-02-10T17:14,37264.39,0.1,11.87,2.2,27,1019.6,28.6,0.254,7.3,10906X0039/C2-1
406,2018-02-11,42.685696389,2.685378283,2018-02-11T06:51,2018-02-11T17:15,37419.75,2.0,5.6,1.43,90,1015.2,10.6,0.254,7.5,10906X0039/C2-1
407,2018-02-12,42.685696389,2.685378283,2018-02-12T06:50,2018-02-12T17:16,37575.44,0.5,10.84,1.94,36,1018.6,21.0,0.255,7.8,10906X0039/C2-1
408,2018-02-13,42.685696389,2.685378283,2018-02-13T06:49,2018-02-13T17:17,37731.59,0.1,10.52,1.78,37,1015.5,10.9,0.254,7.4,10906X0039/C2-1
409,2018-02-14,42.685696389,2.685378283,2018-02-14T06:47,2018-02-14T17:19,37889.61,1.5,5.73,0.87,89,1016.8,5.6,0.254,7.3,10906X0039/C2-1
410,2018-02-15,42.685696389,2.685378283,2018-02-15T06:46,2018-02-15T17:20,38049.6,0.5,7.37,1.13,74,1021.5,4.5,0.257,7.9,10906X0039/C2-1
411,2018-02-16,42.685696389,2.685378283,2018-02-16T06:45,2018-02-16T17:21,38211.38,0.0,8.67,1.3,90,1022.5,4.5,0.256,8.4,10906X0039/C2-1
412,2018-02-17,42.685696389,2.685378283,2018-02-17T06:43,2018-02-17T17:23,38374.81,1.2,5.85,1.72,65,1021.4,17.2,0.254,8.8,10906X0039/C2-1
413,2018-02-18,42.685696389,2.685378283,2018-02-18T06:42,2018-02-18T17:24,38539.72,0.1,11.64,2.18,52,1022.1,20.6,0.253,8.9,10906X0039/C2-1
414,2018-02-19,42.685696389,2.685378283,2018-02-19T06:40,2018-02-19T17:25,38705.95,0.6,7.68,1.36,89,1017.1,12.4,0.254,9.1,10906X0039/C2-1
415,2018-02-20,42.685696389,2.685378283,2018-02-20T06:39,2018-02-20T17:26,38873.36,9.8,2.95,1.13,93,1012.3,26.1,0.257,9.2,10906X0039/C2-1
416,2018-02-21,42.685696389,2.685378283,2018-02-21T06:37,2018-02-21T17:28,39041.79,0.0,11.51,2.34,44,1010.9,24.6,0.258,9.1,10906X0039/C2-1
417,2018-02-22,42.685696389,2.685378283,2018-02-22T06:36,2018-02-22T17:29,39211.09,0.0,12.05,2.32,42,1008.7,25.2,0.257,8.6,10906X0039/C2-1
418,2018-02-23,42.685696389,2.685378283,2018-02-23T06:34,2018-02-23T17:30,39381.13,0.0,14.9,2.24,24,1007.8,17.4,0.256,8.3,10906X0039/C2-1
419,2018-02-24,42.685696389,2.685378283,2018-02-24T06:32,2018-02-24T17:32,39551.76,0.0,10.1,1.75,78,1008.8,8.8,0.254,8.1,10906X0039/C2-1
420,2018-02-25,42.685696389,2.685378283,2018-02-25T06:31,2018-02-25T17:33,39722.84,0.0,13.15,2.78,46,1009.7,18.0,0.252,8.5,10906X0039/C2-1
421,2018-02-26,42.685696389,2.685378283,2018-02-26T06:29,2018-02-26T17:34,39894.23,0.0,15.38,2.64,10,1010.2,22.2,0.25,8.6,10906X0039/C2-1
422,2018-02-27,42.685696389,2.685378283,2018-02-27T06:28,2018-02-27T17:35,40065.81,0.0,16.68,2.06,14,1011.1,10.3,0.249,7.7,10906X0039/C2-1
423,2018-02-28,42.685696389,2.685378283,2018-02-28T06:26,2018-02-28T17:37,40237.43,13.6,3.64,0.54,99,1004.4,11.6,0.251,6.8,10906X0039/C2-1
424,2018-03-01,42.685696389,2.685378283,2018-03-01T06:24,2018-03-01T17:38,40408.97,4.8,7.34,0.98,98,991.4,15.9,0.26,7.3,10906X0039/C2-1
425,2018-03-02,42.685696389,2.685378283,2018-03-02T06:23,2018-03-02T17:39,40580.28,3.3,15.04,2.51,55,994.4,15.4,0.265,8.1,10906X0039/C2-1
426,2018-03-03,42.685696389,2.685378283,2018-03-03T06:21,2018-03-03T17:40,40751.26,0.1,14.88,2.39,48,996.0,8.6,0.264,8.4,10906X0039/C2-1
427,2018-03-04,42.685696389,2.685378283,2018-03-04T06:20,2018-03-04T17:42,40921.76,0.1,8.77,1.54,96,996.4,7.3,0.261,8.6,10906X0039/C2-1
428,2018-03-05,42.685696389,2.685378283,2018-03-05T06:18,2018-03-05T17:43,41091.91,10.6,4.82,0.86,96,992.3,7.0,0.264,8.7,10906X0039/C2-1
429,2018-03-06,42.685696389,2.685378283,2018-03-06T06:16,2018-03-06T17:44,41263.02,7.2,14.14,2.36,58,996.0,12.7,0.264,8.9,10906X0039/C2-1
430,2018-03-07,42.685696389,2.685378283,2018-03-07T06:15,2018-03-07T17:45,41435.22,0.3,16.9,2.5,35,1006.0,11.0,0.265,8.8,10906X0039/C2-1
431,2018-03-08,42.685696389,2.685378283,2018-03-08T06:13,2018-03-08T17:46,41608.38,0.0,10.55,1.49,77,1008.9,4.0,0.263,8.8,10906X0039/C2-1
432,2018-03-09,42.685696389,2.685378283,2018-03-09T06:11,2018-03-09T17:48,41782.4,2.0,14.79,1.86,61,1010.5,6.0,0.261,8.8,10906X0039/C2-1
433,2018-03-10,42.685696389,2.685378283,2018-03-10T06:10,2018-03-10T17:49,41957.13,0.3,15.8,2.18,54,1003.2,6.5,0.26,9.5,10906X0039/C2-1
434,2018-03-11,42.685696389,2.685378283,2018-03-11T06:08,2018-03-11T17:50,42132.46,2.3,14.93,2.5,68,995.9,6.8,0.26,9.9,10906X0039/C2-1
435,2018-03-12,42.685696389,2.685378283,2018-03-12T06:06,2018-03-12T17:51,42308.29,0.0,15.1,3.02,42,1007.6,15.3,0.262,10.2,10906X0039/C2-1
436,2018-03-13,42.685696389,2.685378283,2018-03-13T06:04,2018-03-13T17:52,42484.49,0.0,12.02,2.1,65,1014.6,6.9,0.26,10.2,10906X0039/C2-1
437,2018-03-14,42.685696389,2.685378283,2018-03-14T06:03,2018-03-14T17:54,42660.94,1.1,16.03,2.08,76,1007.5,9.5,0.258,10.0,10906X0039/C2-1
438,2018-03-15,42.685696389,2.685378283,2018-03-15T06:01,2018-03-15T17:55,42837.54,3.7,15.37,2.56,53,996.7,8.2,0.258,10.4,10906X0039/C2-1
439,2018-03-16,42.685696389,2.685378283,2018-03-16T05:59,2018-03-16T17:56,43014.17,3.6,12.1,1.9,51,1002.6,8.1,0.257,10.5,10906X0039/C2-1
440,2018-03-17,42.685696389,2.685378283,2018-03-17T05:57,2018-03-17T17:57,43190.72,8.9,14.77,2.4,61,998.7,11.7,0.258,10.2,10906X0039/C2-1
441,2018-03-18,42.685696389,2.685378283,2018-03-18T05:56,2018-03-18T17:58,43367.06,0.0,18.23,2.97,39,1000.2,22.1,0.263,10.0,10906X0039/C2-1
442,2018-03-19,42.685696389,2.685378283,2018-03-19T05:54,2018-03-19T17:59,43543.1,9.6,16.76,2.6,63,1004.6,16.3,0.262,10.0,10906X0039/C2-1
443,2018-03-20,42.685696389,2.685378283,2018-03-20T05:52,2018-03-20T18:01,43718.7,2.9,13.27,2.44,80,1010.1,37.4,0.264,9.4,10906X0039/C2-1
444,2018-03-21,42.685696389,2.685378283,2018-03-21T05:50,2018-03-21T18:02,43893.76,0.0,18.38,3.34,43,1021.3,36.1,0.263,9.1,10906X0039/C2-1
445,2018-03-22,42.685696389,2.685378283,2018-03-22T05:48,2018-03-22T18:03,44068.18,0.0,20.7,3.89,22,1019.4,33.4,0.261,9.0,10906X0039/C2-1
446,2018-03-23,42.685696389,2.685378283,2018-03-23T05:47,2018-03-23T18:04,44241.81,0.0,19.7,3.68,43,1007.8,21.6,0.258,9.2,10906X0039/C2-1
447,2018-03-24,42.685696389,2.685378283,2018-03-24T05:45,2018-03-24T18:05,44414.56,15.0,3.42,0.79,100,999.4,14.5,0.262,9.0,10906X0039/C2-1
448,2018-03-25,42.685696389,2.685378283,2018-03-25T05:43,2018-03-25T18:06,44586.52,1.8,13.75,2.22,81,1007.8,8.7,0.273,9.0,10906X0039/C2-1
449,2018-03-26,42.685696389,2.685378283,2018-03-26T05:42,2018-03-26T18:08,44758.92,0.0,19.46,3.32,21,1016.6,26.7,0.272,9.4,10906X0039/C2-1
450,2018-03-27,42.685696389,2.685378283,2018-03-27T05:40,2018-03-27T18:09,44931.88,0.3,10.61,2.53,87,1019.6,14.3,0.271,9.6,10906X0039/C2-1
451,2018-03-28,42.685696389,2.685378283,2018-03-28T05:38,2018-03-28T18:10,45105.28,0.0,14.73,3.04,92,1014.3,10.6,0.27,10.4,10906X0039/C2-1
452,2018-03-29,42.685696389,2.685378283,2018-03-29T05:36,2018-03-29T18:11,45279.03,1.0,9.91,1.92,73,1009.1,8.1,0.256,10.7,10906X0039/C2-1
453,2018-03-30,42.685696389,2.685378283,2018-03-30T05:35,2018-03-30T18:12,45453.02,1.3,17.39,2.58,39,1001.3,10.2,0.253,10.6,10906X0039/C2-1
454,2018-03-31,42.685696389,2.685378283,2018-03-31T05:33,2018-03-31T18:13,45627.15,1.1,18.23,2.99,45,1004.4,23.2,0.253,10.2,10906X0039/C2-1
455,2018-04-01,42.685696389,2.685378283,2018-04-01T05:31,2018-04-01T18:14,45801.31,0.0,22.01,3.57,50,1015.8,10.5,0.252,10.3,10906X0039/C2-1
456,2018-04-02,42.685696389,2.685378283,2018-04-02T05:29,2018-04-02T18:16,45975.39,0.0,6.43,1.45,99,1008.6,9.5,0.25,10.2,10906X0039/C2-1
457,2018-04-03,42.685696389,2.685378283,2018-04-03T05:28,2018-04-03T18:17,46149.29,0.7,15.3,2.48,98,1005.8,9.9,0.25,10.7,10906X0039/C2-1
458,2018-04-04,42.685696389,2.685378283,2018-04-04T05:26,2018-04-04T18:18,46322.89,0.5,19.01,3.29,39,1008.1,7.3,0.246,11.2,10906X0039/C2-1
459,2018-04-05,42.685696389,2.685378283,2018-04-05T05:24,2018-04-05T18:19,46496.08,0.0,22.49,4.07,35,1017.9,13.9,0.241,11.7,10906X0039/C2-1
460,2018-04-06,42.685696389,2.685378283,2018-04-06T05:22,2018-04-06T18:20,46668.76,0.1,17.09,3.2,71,1013.1,10.9,0.238,11.7,10906X0039/C2-1
461,2018-04-07,42.685696389,2.685378283,2018-04-07T05:21,2018-04-07T18:21,46840.8,0.0,20.16,3.25,63,1011.3,17.9,0.236,12.1,10906X0039/C2-1
462,2018-04-08,42.685696389,2.685378283,2018-04-08T05:19,2018-04-08T18:22,47012.1,35.9,1.9,0.6,93,1005.5,16.7,0.245,11.8,10906X0039/C2-1
463,2018-04-09,42.685696389,2.685378283,2018-04-09T05:17,2018-04-09T18:24,47182.53,0.3,19.02,2.67,54,1005.1,6.8,0.264,11.7,10906X0039/C2-1
464,2018-04-10,42.685696389,2.685378283,2018-04-10T05:16,2018-04-10T18:25,47351.98,0.4,17.16,3.08,81,1001.3,12.3,0.263,11.7,10906X0039/C2-1
465,2018-04-11,42.685696389,2.685378283,2018-04-11T05:14,2018-04-11T18:26,47520.32,32.7,11.13,1.63,87,996.3,16.8,0.283,11.6,10906X0039/C2-1
466,2018-04-12,42.685696389,2.685378283,2018-04-12T05:12,2018-04-12T18:27,47687.43,11.9,17.98,2.59,67,1001.1,10.8,0.295,11.4,10906X0039/C2-1
467,2018-04-13,42.685696389,2.685378283,2018-04-13T05:11,2018-04-13T18:28,47853.18,1.2,13.47,2.08,90,1008.7,12.0,0.293,11.4,10906X0039/C2-1
468,2018-04-14,42.685696389,2.685378283,2018-04-14T05:09,2018-04-14T18:29,48017.66,16.1,4.69,0.83,98,1017.1,6.0,0.301,11.4,10906X0039/C2-1
469,2018-04-15,42.685696389,2.685378283,2018-04-15T05:07,2018-04-15T18:30,48182.04,0.0,22.51,4.27,39,1013.1,11.8,0.304,11.7,10906X0039/C2-1
470,2018-04-16,42.685696389,2.685378283,2018-04-16T05:06,2018-04-16T18:32,48346.43,1.0,14.98,2.94,63,1015.6,18.6,0.301,12.2,10906X0039/C2-1
471,2018-04-17,42.685696389,2.685378283,2018-04-17T05:04,2018-04-17T18:33,48510.72,0.0,24.57,4.71,28,1021.9,9.5,0.297,12.7,10906X0039/C2-1
472,2018-04-18,42.685696389,2.685378283,2018-04-18T05:03,2018-04-18T18:34,48674.78,0.0,24.52,4.5,10,1025.3,10.2,0.288,13.1,10906X0039/C2-1
473,2018-04-19,42.685696389,2.685378283,2018-04-19T05:01,2018-04-19T18:35,48838.53,0.0,24.02,4.15,4,1025.6,7.2,0.279,13.3,10906X0039/C2-1
474,2018-04-20,42.685696389,2.685378283,2018-04-20T04:59,2018-04-20T18:36,49001.82,0.0,23.45,4.05,5,1022.9,6.4,0.272,13.5,10906X0039/C2-1
475,2018-04-21,42.685696389,2.685378283,2018-04-21T04:58,2018-04-21T18:37,49164.54,0.0,24.07,4.44,1,1019.1,8.5,0.27,13.8,10906X0039/C2-1
476,2018-04-22,42.685696389,2.685378283,2018-04-22T04:56,2018-04-22T18:38,49326.58,0.0,22.8,3.93,32,1016.7,5.6,0.26,14.1,10906X0039/C2-1
477,2018-04-23,42.685696389,2.685378283,2018-04-23T04:55,2018-04-23T18:40,49487.8,0.6,14.26,2.74,86,1019.1,5.3,0.255,14.4,10906X0039/C2-1
478,2018-04-24,42.685696389,2.685378283,2018-04-24T04:53,2018-04-24T18:41,49648.08,0.0,23.08,4.32,23,1018.4,7.7,0.255,14.9,10906X0039/C2-1
479,2018-04-25,42.685696389,2.685378283,2018-04-25T04:52,2018-04-25T18:42,49807.3,0.0,24.21,4.57,15,1017.9,18.0,0.251,15.2,10906X0039/C2-1
480,2018-04-26,42.685696389,2.685378283,2018-04-26T04:50,2018-04-26T18:43,49965.3,0.0,25.78,4.82,24,1017.5,24.1,0.249,15.2,10906X0039/C2-1
481,2018-04-27,42.685696389,2.685378283,2018-04-27T04:49,2018-04-27T18:44,50121.97,0.0,23.47,4.55,37,1012.6,9.3,0.246,15.2,10906X0039/C2-1
482,2018-04-28,42.685696389,2.685378283,2018-04-28T04:47,2018-04-28T18:45,50277.17,0.3,20.4,3.67,61,1009.4,10.6,0.248,15.4,10906X0039/C2-1
483,2018-04-29,42.685696389,2.685378283,2018-04-29T04:46,2018-04-29T18:46,50430.74,4.8,15.14,2.62,51,1004.5,11.3,0.248,15.1,10906X0039/C2-1
484,2018-04-30,42.685696389,2.685378283,2018-04-30T04:45,2018-04-30T18:48,50582.55,4.0,15.12,2.54,77,1012.0,9.4,0.25,14.4,10906X0039/C2-1
485,2018-05-01,42.685696389,2.685378283,2018-05-01T04:43,2018-05-01T18:49,50732.44,0.0,21.19,3.83,74,1013.9,19.9,0.251,14.0,10906X0039/C2-1
486,2018-05-02,42.685696389,2.685378283,2018-05-02T04:42,2018-05-02T18:50,50880.26,0.0,27.49,5.27,5,1011.9,19.7,0.248,13.9,10906X0039/C2-1
487,2018-05-03,42.685696389,2.685378283,2018-05-03T04:41,2018-05-03T18:51,51025.87,2.8,18.32,3.58,57,1011.8,31.1,0.246,14.0,10906X0039/C2-1
488,2018-05-04,42.685696389,2.685378283,2018-05-04T04:39,2018-05-04T18:52,51169.31,1.4,21.44,4.93,82,1013.1,32.5,0.244,14.1,10906X0039/C2-1
489,2018-05-05,42.685696389,2.685378283,2018-05-05T04:38,2018-05-05T18:53,51311.69,3.8,18.46,4.15,64,1016.4,20.4,0.243,14.4,10906X0039/C2-1
490,2018-05-06,42.685696389,2.685378283,2018-05-06T04:37,2018-05-06T18:54,51453.09,3.4,17.18,3.69,67,1016.9,11.4,0.243,14.8,10906X0039/C2-1
491,2018-05-07,42.685696389,2.685378283,2018-05-07T04:35,2018-05-07T18:55,51593.4,11.1,19.62,3.82,80,1014.2,8.0,0.249,15.3,10906X0039/C2-1
492,2018-05-08,42.685696389,2.685378283,2018-05-08T04:34,2018-05-08T18:56,51732.49,2.4,21.34,4.27,68,1010.9,18.9,0.25,15.5,10906X0039/C2-1
493,2018-05-09,42.685696389,2.685378283,2018-05-09T04:33,2018-05-09T18:58,51870.23,0.5,23.24,4.75,53,1009.9,26.4,0.251,15.7,10906X0039/C2-1
494,2018-05-10,42.685696389,2.685378283,2018-05-10T04:32,2018-05-10T18:59,52006.49,0.0,25.03,4.73,60,1015.5,24.8,0.247,15.7,10906X0039/C2-1
495,2018-05-11,42.685696389,2.685378283,2018-05-11T04:31,2018-05-11T19:00,52141.14,0.0,25.78,4.34,19,1016.4,6.9,0.243,15.6,10906X0039/C2-1
496,2018-05-12,42.685696389,2.685378283,2018-05-12T04:30,2018-05-12T19:01,52274.04,11.1,12.68,2.36,87,1014.7,14.9,0.241,15.5,10906X0039/C2-1
497,2018-05-13,42.685696389,2.685378283,2018-05-13T04:29,2018-05-13T19:02,52405.05,9.2,20.37,3.79,89,1016.7,25.7,0.264,14.7,10906X0039/C2-1
498,2018-05-14,42.685696389,2.685378283,2018-05-14T04:27,2018-05-14T19:03,52534.03,4.0,15.54,3.4,82,1016.2,26.3,0.265,14.3,10906X0039/C2-1
499,2018-05-15,42.685696389,2.685378283,2018-05-15T04:26,2018-05-15T19:04,52660.83,0.5,16.5,4.1,65,1015.9,30.8,0.265,14.1,10906X0039/C2-1
500,2018-05-16,42.685696389,2.685378283,2018-05-16T04:25,2018-05-16T19:05,52785.32,0.1,24.94,4.97,25,1016.9,22.5,0.262,14.5,10906X0039/C2-1
501,2018-05-17,42.685696389,2.685378283,2018-05-17T04:24,2018-05-17T19:06,52907.33,0.4,21.92,4.56,50,1016.2,15.0,0.26,15.0,10906X0039/C2-1
502,2018-05-18,42.685696389,2.685378283,2018-05-18T04:23,2018-05-18T19:07,53026.71,0.4,20.37,4.08,55,1016.7,8.6,0.256,15.5,10906X0039/C2-1
503,2018-05-19,42.685696389,2.685378283,2018-05-19T04:23,2018-05-19T19:08,53143.32,3.9,22.94,4.69,30,1016.4,12.9,0.257,15.8,10906X0039/C2-1
504,2018-05-20,42.685696389,2.685378283,2018-05-20T04:22,2018-05-20T19:09,53256.99,5.5,22.83,4.28,48,1015.0,7.6,0.266,16.0,10906X0039/C2-1
505,2018-05-21,42.685696389,2.685378283,2018-05-21T04:21,2018-05-21T19:10,53367.56,0.9,21.52,3.76,91,1012.4,6.7,0.267,16.0,10906X0039/C2-1
506,2018-05-22,42.685696389,2.685378283,2018-05-22T04:20,2018-05-22T19:11,53474.88,0.0,24.23,4.55,36,1013.7,7.9,0.263,16.1,10906X0039/C2-1
507,2018-05-23,42.685696389,2.685378283,2018-05-23T04:19,2018-05-23T19:12,53578.77,0.8,23.35,4.41,34,1016.7,6.5,0.26,16.4,10906X0039/C2-1
508,2018-05-24,42.685696389,2.685378283,2018-05-24T04:18,2018-05-24T19:13,53679.24,1.5,20.5,3.59,51,1016.7,4.9,0.257,16.6,10906X0039/C2-1
509,2018-05-25,42.685696389,2.685378283,2018-05-25T04:18,2018-05-25T19:14,53777.13,0.0,21.69,4.38,66,1015.1,9.4,0.252,16.8,10906X0039/C2-1
510,2018-05-26,42.685696389,2.685378283,2018-05-26T04:17,2018-05-26T19:15,53872.49,0.2,25.19,4.94,45,1015.1,15.1,0.247,17.0,10906X0039/C2-1
511,2018-05-27,42.685696389,2.685378283,2018-05-27T04:16,2018-05-27T19:16,53965.25,0.0,17.58,3.27,76,1014.6,7.7,0.244,17.2,10906X0039/C2-1
512,2018-05-28,42.685696389,2.685378283,2018-05-28T04:16,2018-05-28T19:17,54055.28,24.9,8.62,1.68,95,1013.8,7.7,0.248,17.1,10906X0039/C2-1
513,2018-05-29,42.685696389,2.685378283,2018-05-29T04:15,2018-05-29T19:17,54142.49,5.1,16.32,2.94,84,1013.9,6.7,0.243,17.2,10906X0039/C2-1
514,2018-05-30,42.685696389,2.685378283,2018-05-30T04:15,2018-05-30T19:18,54226.79,25.5,13.17,2.21,91,1013.1,6.1,0.244,17.4,10906X0039/C2-1
515,2018-05-31,42.685696389,2.685378283,2018-05-31T04:14,2018-05-31T19:19,54308.07,0.3,19.5,3.51,66,1016.9,6.1,0.263,17.3,10906X0039/C2-1
516,2018-06-01,42.685696389,2.685378283,2018-06-01T04:14,2018-06-01T19:20,54386.23,0.4,23.34,4.31,47,1019.0,5.7,0.264,17.6,10906X0039/C2-1
517,2018-06-02,42.685696389,2.685378283,2018-06-02T04:13,2018-06-02T19:21,54461.17,0.0,21.45,4.15,90,1017.5,6.5,0.259,17.8,10906X0039/C2-1
518,2018-06-03,42.685696389,2.685378283,2018-06-03T04:13,2018-06-03T19:21,54532.78,1.9,16.16,2.99,91,1014.7,7.5,0.257,17.7,10906X0039/C2-1
519,2018-06-04,42.685696389,2.685378283,2018-06-04T04:12,2018-06-04T19:22,54600.98,2.4,21.93,4.02,42,1011.3,5.3,0.257,17.8,10906X0039/C2-1
520,2018-06-05,42.685696389,2.685378283,2018-06-05T04:12,2018-06-05T19:23,54665.64,5.3,18.12,3.47,83,1010.0,10.2,0.254,17.9,10906X0039/C2-1
521,2018-06-06,42.685696389,2.685378283,2018-06-06T04:12,2018-06-06T19:24,54726.69,8.3,15.09,2.75,84,1013.4,5.6,0.253,17.8,10906X0039/C2-1
522,2018-06-07,42.685696389,2.685378283,2018-06-07T04:11,2018-06-07T19:24,54784.0,3.9,18.32,3.39,69,1015.4,8.4,0.254,17.8,10906X0039/C2-1
523,2018-06-08,42.685696389,2.685378283,2018-06-08T04:11,2018-06-08T19:25,54837.48,0.0,26.14,5.04,50,1012.8,7.6,0.251,18.0,10906X0039/C2-1
524,2018-06-09,42.685696389,2.685378283,2018-06-09T04:11,2018-06-09T19:26,54887.05,0.0,19.61,3.64,79,1011.9,5.9,0.246,18.4,10906X0039/C2-1
525,2018-06-10,42.685696389,2.685378283,2018-06-10T04:11,2018-06-10T19:26,54932.58,0.8,16.41,3.23,91,1010.9,7.0,0.242,18.5,10906X0039/C2-1
526,2018-06-11,42.685696389,2.685378283,2018-06-11T04:10,2018-06-11T19:27,54973.99,5.3,16.87,3.43,73,1010.1,11.3,0.243,18.5,10906X0039/C2-1
527,2018-06-12,42.685696389,2.685378283,2018-06-12T04:10,2018-06-12T19:27,55011.19,6.5,16.88,3.5,70,1010.5,11.9,0.243,18.4,10906X0039/C2-1
528,2018-06-13,42.685696389,2.685378283,2018-06-13T04:10,2018-06-13T19:28,55044.13,0.8,27.22,5.72,40,1013.0,29.9,0.243,18.5,10906X0039/C2-1
529,2018-06-14,42.685696389,2.685378283,2018-06-14T04:10,2018-06-14T19:28,55073.08,0.0,29.36,6.2,40,1015.0,28.0,0.24,18.6,10906X0039/C2-1
530,2018-06-15,42.685696389,2.685378283,2018-06-15T04:10,2018-06-15T19:28,55098.08,0.0,22.07,4.98,76,1015.7,22.4,0.237,18.6,10906X0039/C2-1
531,2018-06-16,42.685696389,2.685378283,2018-06-16T04:10,2018-06-16T19:29,55119.13,0.0,27.69,5.84,37,1016.7,22.7,0.235,18.7,10906X0039/C2-1
532,2018-06-17,42.685696389,2.685378283,2018-06-17T04:10,2018-06-17T19:29,55136.24,0.0,26.23,5.67,45,1020.3,23.9,0.23,18.8,10906X0039/C2-1
533,2018-06-18,42.685696389,2.685378283,2018-06-18T04:10,2018-06-18T19:30,55149.39,0.0,29.37,6.41,45,1021.6,28.5,0.226,19.0,10906X0039/C2-1
534,2018-06-19,42.685696389,2.685378283,2018-06-19T04:11,2018-06-19T19:30,55158.61,0.0,29.25,6.53,11,1021.1,15.5,0.22,19.4,10906X0039/C2-1
535,2018-06-20,42.685696389,2.685378283,2018-06-20T04:11,2018-06-20T19:30,55163.9,0.0,29.11,6.28,0,1018.5,9.9,0.215,19.9,10906X0039/C2-1
536,2018-06-21,42.685696389,2.685378283,2018-06-21T04:11,2018-06-21T19:30,55165.26,0.9,25.69,6.09,20,1017.3,10.5,0.21,20.3,10906X0039/C2-1
537,2018-06-22,42.685696389,2.685378283,2018-06-22T04:11,2018-06-22T19:31,55162.7,0.0,28.8,7.06,8,1017.4,20.7,0.208,20.8,10906X0039/C2-1
538,2018-06-23,42.685696389,2.685378283,2018-06-23T04:11,2018-06-23T19:31,55156.23,0.0,30.37,6.65,3,1018.8,8.6,0.203,20.9,10906X0039/C2-1
539,2018-06-24,42.685696389,2.685378283,2018-06-24T04:12,2018-06-24T19:31,55145.89,0.0,27.43,5.96,57,1017.0,7.0,0.198,20.9,10906X0039/C2-1
540,2018-06-25,42.685696389,2.685378283,2018-06-25T04:12,2018-06-25T19:31,55131.67,0.0,29.21,6.56,4,1016.4,8.2,0.194,21.2,10906X0039/C2-1
541,2018-06-26,42.685696389,2.685378283,2018-06-26T04:12,2018-06-26T19:31,55113.59,0.0,29.68,6.23,2,1017.7,6.8,0.19,21.4,10906X0039/C2-1
542,2018-06-27,42.685696389,2.685378283,2018-06-27T04:13,2018-06-27T19:31,55091.68,0.0,29.04,6.95,42,1015.0,9.9,0.187,21.8,10906X0039/C2-1
543,2018-06-28,42.685696389,2.685378283,2018-06-28T04:13,2018-06-28T19:31,55065.96,0.0,23.25,5.91,91,1011.9,16.3,0.187,22.1,10906X0039/C2-1
544,2018-06-29,42.685696389,2.685378283,2018-06-29T04:14,2018-06-29T19:31,55036.44,0.2,22.23,5.13,69,1010.9,8.1,0.184,22.2,10906X0039/C2-1
545,2018-06-30,42.685696389,2.685378283,2018-06-30T04:14,2018-06-30T19:31,55003.17,0.0,28.36,7.28,12,1009.3,11.3,0.182,22.4,10906X0039/C2-1
546,2018-07-01,42.685696389,2.685378283,2018-07-01T04:15,2018-07-01T19:31,54966.16,0.0,28.76,6.29,10,1009.9,9.0,0.18,22.6,10906X0039/C2-1
547,2018-07-02,42.685696389,2.685378283,2018-07-02T04:15,2018-07-02T19:31,54925.44,0.0,24.1,5.33,35,1012.3,7.5,0.178,22.7,10906X0039/C2-1
548,2018-07-03,42.685696389,2.685378283,2018-07-03T04:16,2018-07-03T19:30,54880.96,2.9,23.28,5.71,18,1014.9,9.6,0.175,23.1,10906X0039/C2-1
549,2018-07-04,42.685696389,2.685378283,2018-07-04T04:16,2018-07-04T19:30,54832.28,0.0,27.88,7.12,7,1013.5,13.4,0.175,23.3,10906X0039/C2-1
550,2018-07-05,42.685696389,2.685378283,2018-07-05T04:17,2018-07-05T19:30,54779.44,0.0,24.38,6.22,21,1017.3,20.9,0.174,23.2,10906X0039/C2-1
551,2018-07-06,42.685696389,2.685378283,2018-07-06T04:18,2018-07-06T19:30,54722.56,0.0,28.65,7.25,12,1020.4,18.7,0.173,23.1,10906X0039/C2-1
552,2018-07-07,42.685696389,2.685378283,2018-07-07T04:18,2018-07-07T19:29,54661.75,0.0,26.14,7.55,39,1018.8,13.8,0.172,23.4,10906X0039/C2-1
553,2018-07-08,42.685696389,2.685378283,2018-07-08T04:19,2018-07-08T19:29,54597.12,0.0,27.45,8.15,50,1017.9,14.6,0.173,23.7,10906X0039/C2-1
554,2018-07-09,42.685696389,2.685378283,2018-07-09T04:20,2018-07-09T19:28,54528.81,0.0,27.02,8.36,10,1017.2,17.8,0.172,24.0,10906X0039/C2-1
555,2018-07-10,42.685696389,2.685378283,2018-07-10T04:20,2018-07-10T19:28,54456.93,0.1,26.18,7.78,21,1015.4,15.9,0.172,24.2,10906X0039/C2-1
556,2018-07-11,42.685696389,2.685378283,2018-07-11T04:21,2018-07-11T19:28,54381.6,0.0,25.5,7.13,25,1013.9,14.7,0.171,24.3,10906X0039/C2-1
557,2018-07-12,42.685696389,2.685378283,2018-07-12T04:22,2018-07-12T19:27,54302.94,0.0,22.62,5.15,37,1015.3,6.7,0.173,24.2,10906X0039/C2-1
558,2018-07-13,42.685696389,2.685378283,2018-07-13T04:23,2018-07-13T19:26,54221.07,0.0,24.06,5.62,28,1016.8,7.3,0.172,24.3,10906X0039/C2-1
559,2018-07-14,42.685696389,2.685378283,2018-07-14T04:24,2018-07-14T19:26,54136.11,0.0,25.1,5.96,15,1015.8,7.0,0.173,24.5,10906X0039/C2-1
560,2018-07-15,42.685696389,2.685378283,2018-07-15T04:24,2018-07-15T19:25,54048.18,0.0,25.47,5.97,16,1013.9,8.5,0.173,24.6,10906X0039/C2-1
561,2018-07-16,42.685696389,2.685378283,2018-07-16T04:25,2018-07-16T19:25,53957.4,14.6,16.03,4.41,62,1013.7,23.3,0.174,24.2,10906X0039/C2-1
562,2018-07-17,42.685696389,2.685378283,2018-07-17T04:26,2018-07-17T19:24,53863.87,0.0,28.08,7.19,15,1017.5,19.3,0.174,23.9,10906X0039/C2-1
563,2018-07-18,42.685696389,2.685378283,2018-07-18T04:27,2018-07-18T19:23,53767.73,2.3,25.2,5.83,20,1015.2,9.7,0.172,24.1,10906X0039/C2-1
564,2018-07-19,42.685696389,2.685378283,2018-07-19T04:28,2018-07-19T19:22,53669.09,0.0,26.27,6.29,10,1014.1,9.9,0.178,24.1,10906X0039/C2-1
565,2018-07-20,42.685696389,2.685378283,2018-07-20T04:29,2018-07-20T19:22,53568.05,4.4,21.55,5.25,38,1013.4,14.8,0.174,24.2,10906X0039/C2-1
566,2018-07-21,42.685696389,2.685378283,2018-07-21T04:30,2018-07-21T19:21,53464.74,0.2,22.15,5.62,42,1014.4,18.7,0.176,23.8,10906X0039/C2-1
567,2018-07-22,42.685696389,2.685378283,2018-07-22T04:31,2018-07-22T19:20,53359.25,0.0,21.02,5.75,64,1015.2,16.5,0.175,23.5,10906X0039/C2-1
568,2018-07-23,42.685696389,2.685378283,2018-07-23T04:32,2018-07-23T19:19,53251.53,0.0,28.33,7.03,2,1015.1,12.5,0.171,23.7,10906X0039/C2-1
569,2018-07-24,42.685696389,2.685378283,2018-07-24T04:33,2018-07-24T19:18,53140.65,0.0,22.19,5.19,24,1013.1,7.0,0.167,23.9,10906X0039/C2-1
570,2018-07-25,42.685696389,2.685378283,2018-07-25T04:33,2018-07-25T19:17,53026.59,0.0,25.12,7.0,14,1013.8,13.2,0.166,24.3,10906X0039/C2-1
571,2018-07-26,42.685696389,2.685378283,2018-07-26T04:34,2018-07-26T19:16,52909.53,0.0,26.18,6.82,20,1011.9,10.0,0.165,24.7,10906X0039/C2-1
572,2018-07-27,42.685696389,2.685378283,2018-07-27T04:35,2018-07-27T19:15,52789.62,0.0,24.7,6.47,58,1010.7,11.5,0.164,24.9,10906X0039/C2-1
573,2018-07-28,42.685696389,2.685378283,2018-07-28T04:36,2018-07-28T19:14,52667.02,0.0,19.03,5.18,59,1013.0,15.7,0.164,24.9,10906X0039/C2-1
574,2018-07-29,42.685696389,2.685378283,2018-07-29T04:37,2018-07-29T19:13,52541.89,0.0,24.17,5.55,26,1013.4,9.7,0.165,24.8,10906X0039/C2-1
575,2018-07-30,42.685696389,2.685378283,2018-07-30T04:38,2018-07-30T19:12,52414.39,0.0,23.52,6.29,17,1014.4,11.1,0.165,25.2,10906X0039/C2-1
576,2018-07-31,42.685696389,2.685378283,2018-07-31T04:40,2018-07-31T19:11,52284.65,0.0,21.74,5.93,26,1015.2,9.4,0.164,25.4,10906X0039/C2-1
577,2018-08-01,42.685696389,2.685378283,2018-08-01T04:41,2018-08-01T19:10,52152.84,0.2,23.41,7.01,19,1016.4,15.1,0.164,25.8,10906X0039/C2-1
578,2018-08-02,42.685696389,2.685378283,2018-08-02T04:42,2018-08-02T19:09,52019.1,0.1,24.56,7.32,21,1016.9,12.6,0.165,26.1,10906X0039/C2-1
579,2018-08-03,42.685696389,2.685378283,2018-08-03T04:43,2018-08-03T19:07,51883.57,0.0,25.77,7.84,32,1016.1,12.1,0.165,26.5,10906X0039/C2-1
580,2018-08-04,42.685696389,2.685378283,2018-08-04T04:44,2018-08-04T19:06,51746.4,0.0,22.57,8.87,38,1016.1,19.8,0.163,26.8,10906X0039/C2-1
581,2018-08-05,42.685696389,2.685378283,2018-08-05T04:45,2018-08-05T19:05,51607.72,0.0,22.9,7.75,37,1015.5,14.6,0.163,26.9,10906X0039/C2-1
582,2018-08-06,42.685696389,2.685378283,2018-08-06T04:46,2018-08-06T19:04,51467.65,0.0,23.34,5.46,45,1014.4,6.7,0.165,26.9,10906X0039/C2-1
583,2018-08-07,42.685696389,2.685378283,2018-08-07T04:47,2018-08-07T19:02,51326.35,1.3,20.79,5.24,61,1011.8,8.7,0.166,26.8,10906X0039/C2-1
584,2018-08-08,42.685696389,2.685378283,2018-08-08T04:48,2018-08-08T19:01,51183.93,4.8,20.39,4.88,62,1013.0,10.1,0.158,26.7,10906X0039/C2-1
585,2018-08-09,42.685696389,2.685378283,2018-08-09T04:49,2018-08-09T19:00,51040.53,5.7,14.96,4.28,74,1015.6,15.5,0.155,26.1,10906X0039/C2-1
586,2018-08-10,42.685696389,2.685378283,2018-08-10T04:50,2018-08-10T18:58,50896.26,4.9,19.58,4.98,56,1022.9,12.1,0.16,25.7,10906X0039/C2-1
587,2018-08-11,42.685696389,2.685378283,2018-08-11T04:51,2018-08-11T18:57,50751.24,0.0,24.98,6.39,10,1021.0,9.5,0.157,25.8,10906X0039/C2-1
588,2018-08-12,42.685696389,2.685378283,2018-08-12T04:52,2018-08-12T18:56,50605.4,0.0,21.85,4.86,45,1015.0,6.6,0.159,25.8,10906X0039/C2-1
589,2018-08-13,42.685696389,2.685378283,2018-08-13T04:53,2018-08-13T18:54,50457.62,2.8,15.47,3.84,65,1014.0,10.9,0.159,25.6,10906X0039/C2-1
590,2018-08-14,42.685696389,2.685378283,2018-08-14T04:54,2018-08-14T18:53,50307.85,0.0,24.4,6.67,8,1017.5,23.7,0.159,25.3,10906X0039/C2-1
591,2018-08-15,42.685696389,2.685378283,2018-08-15T04:55,2018-08-15T18:51,50156.24,0.0,25.56,6.95,0,1017.9,15.6,0.156,25.3,10906X0039/C2-1
592,2018-08-16,42.685696389,2.685378283,2018-08-16T04:56,2018-08-16T18:50,50002.93,0.0,24.21,5.73,32,1015.2,9.1,0.151,25.4,10906X0039/C2-1
593,2018-08-17,42.685696389,2.685378283,2018-08-17T04:58,2018-08-17T18:48,49848.05,0.0,12.5,4.75,93,1017.2,23.0,0.151,25.2,10906X0039/C2-1
594,2018-08-18,42.685696389,2.685378283,2018-08-18T04:59,2018-08-18T18:47,49691.74,0.2,22.68,7.04,68,1019.9,23.5,0.152,24.9,10906X0039/C2-1
595,2018-08-19,42.685696389,2.685378283,2018-08-19T05:00,2018-08-19T18:45,49534.13,0.0,24.5,7.9,40,1020.0,18.8,0.151,25.1,10906X0039/C2-1
596,2018-08-20,42.685696389,2.685378283,2018-08-20T05:01,2018-08-20T18:44,49375.35,0.0,24.46,8.49,17,1018.2,20.5,0.148,25.3,10906X0039/C2-1
597,2018-08-21,42.685696389,2.685378283,2018-08-21T05:02,2018-08-21T18:42,49215.54,0.0,22.91,6.73,35,1016.2,12.1,0.147,25.6,10906X0039/C2-1
598,2018-08-22,42.685696389,2.685378283,2018-08-22T05:03,2018-08-22T18:41,49054.81,0.0,23.17,6.05,36,1015.9,9.5,0.146,25.7,10906X0039/C2-1
599,2018-08-23,42.685696389,2.685378283,2018-08-23T05:04,2018-08-23T18:39,48893.28,0.3,21.72,6.45,45,1015.5,14.6,0.147,25.6,10906X0039/C2-1
600,2018-08-24,42.685696389,2.685378283,2018-08-24T05:05,2018-08-24T18:37,48731.07,0.0,23.28,6.62,36,1016.4,24.4,0.145,25.4,10906X0039/C2-1
601,2018-08-25,42.685696389,2.685378283,2018-08-25T05:06,2018-08-25T18:36,48568.31,1.4,20.55,5.35,56,1016.3,21.8,0.146,24.8,10906X0039/C2-1
602,2018-08-26,42.685696389,2.685378283,2018-08-26T05:07,2018-08-26T18:34,48405.1,0.0,24.12,5.78,34,1015.7,13.7,0.145,24.5,10906X0039/C2-1
603,2018-08-27,42.685696389,2.685378283,2018-08-27T05:08,2018-08-27T18:32,48241.55,0.0,23.32,5.69,2,1016.1,8.6,0.142,24.6,10906X0039/C2-1
604,2018-08-28,42.685696389,2.685378283,2018-08-28T05:09,2018-08-28T18:31,48077.78,0.0,21.46,4.48,46,1015.7,6.9,0.141,24.8,10906X0039/C2-1
605,2018-08-29,42.685696389,2.685378283,2018-08-29T05:10,2018-08-29T18:29,47913.9,0.2,17.62,5.15,67,1017.2,15.9,0.141,24.8,10906X0039/C2-1
606,2018-08-30,42.685696389,2.685378283,2018-08-30T05:12,2018-08-30T18:27,47750.0,0.0,18.54,5.45,54,1019.3,16.8,0.139,24.7,10906X0039/C2-1
607,2018-08-31,42.685696389,2.685378283,2018-08-31T05:13,2018-08-31T18:26,47586.21,0.1,20.64,6.15,35,1018.8,15.6,0.14,24.6,10906X0039/C2-1
608,2018-09-01,42.685696389,2.685378283,2018-09-01T05:14,2018-09-01T18:24,47422.4,0.0,19.34,5.74,18,1019.2,16.0,0.139,24.5,10906X0039/C2-1
609,2018-09-02,42.685696389,2.685378283,2018-09-02T05:15,2018-09-02T18:22,47257.47,0.0,22.43,5.52,48,1016.5,9.0,0.137,24.4,10906X0039/C2-1
610,2018-09-03,42.685696389,2.685378283,2018-09-03T05:16,2018-09-03T18:21,47091.31,0.0,21.43,4.39,43,1014.0,6.0,0.138,24.2,10906X0039/C2-1
611,2018-09-04,42.685696389,2.685378283,2018-09-04T05:17,2018-09-04T18:19,46924.06,0.3,19.82,4.23,64,1013.6,5.9,0.139,24.2,10906X0039/C2-1
612,2018-09-05,42.685696389,2.685378283,2018-09-05T05:18,2018-09-05T18:17,46755.81,0.3,18.09,3.55,61,1014.5,5.2,0.137,24.0,10906X0039/C2-1
613,2018-09-06,42.685696389,2.685378283,2018-09-06T05:19,2018-09-06T18:15,46586.7,0.7,16.48,4.24,52,1013.7,11.9,0.136,23.9,10906X0039/C2-1
614,2018-09-07,42.685696389,2.685378283,2018-09-07T05:20,2018-09-07T18:14,46416.83,0.0,19.67,5.54,23,1016.1,17.7,0.136,23.9,10906X0039/C2-1
615,2018-09-08,42.685696389,2.685378283,2018-09-08T05:21,2018-09-08T18:12,46246.31,0.0,20.03,4.47,40,1018.4,8.8,0.136,23.9,10906X0039/C2-1
616,2018-09-09,42.685696389,2.685378283,2018-09-09T05:22,2018-09-09T18:10,46075.24,8.2,11.8,2.47,86,1020.2,5.6,0.138,23.6,10906X0039/C2-1
617,2018-09-10,42.685696389,2.685378283,2018-09-10T05:23,2018-09-10T18:08,45903.75,0.0,18.6,5.64,56,1022.3,17.1,0.137,23.8,10906X0039/C2-1
618,2018-09-11,42.685696389,2.685378283,2018-09-11T05:24,2018-09-11T18:07,45731.92,0.0,20.11,5.07,18,1023.4,10.3,0.136,24.1,10906X0039/C2-1
619,2018-09-12,42.685696389,2.685378283,2018-09-12T05:25,2018-09-12T18:05,45559.87,6.7,11.97,2.49,85,1021.7,6.3,0.136,23.8,10906X0039/C2-1
620,2018-09-13,42.685696389,2.685378283,2018-09-13T05:27,2018-09-13T18:03,45387.7,0.6,20.09,5.48,12,1018.4,21.8,0.136,23.8,10906X0039/C2-1
621,2018-09-14,42.685696389,2.685378283,2018-09-14T05:28,2018-09-14T18:01,45215.5,0.0,18.92,5.0,34,1019.0,15.7,0.136,23.8,10906X0039/C2-1
622,2018-09-15,42.685696389,2.685378283,2018-09-15T05:29,2018-09-15T17:59,45043.39,0.0,16.34,4.25,87,1020.5,9.4,0.136,23.8,10906X0039/C2-1
623,2018-09-16,42.685696389,2.685378283,2018-09-16T05:30,2018-09-16T17:58,44871.46,0.0,16.58,3.28,45,1020.4,4.6,0.137,23.6,10906X0039/C2-1
624,2018-09-17,42.685696389,2.685378283,2018-09-17T05:31,2018-09-17T17:56,44699.81,0.7,12.51,2.56,70,1019.1,8.6,0.136,23.4,10906X0039/C2-1
625,2018-09-18,42.685696389,2.685378283,2018-09-18T05:32,2018-09-18T17:54,44528.55,1.3,9.12,1.98,84,1017.9,8.4,0.135,23.3,10906X0039/C2-1
626,2018-09-19,42.685696389,2.685378283,2018-09-19T05:33,2018-09-19T17:52,44357.76,0.3,18.21,4.0,25,1019.8,6.3,0.139,23.4,10906X0039/C2-1
627,2018-09-20,42.685696389,2.685378283,2018-09-20T05:34,2018-09-20T17:51,44187.55,0.0,18.33,4.91,8,1018.0,9.9,0.14,23.7,10906X0039/C2-1
628,2018-09-21,42.685696389,2.685378283,2018-09-21T05:35,2018-09-21T17:49,44017.81,0.0,17.95,5.14,44,1017.8,14.9,0.14,23.7,10906X0039/C2-1
629,2018-09-22,42.685696389,2.685378283,2018-09-22T05:36,2018-09-22T17:47,43847.39,0.0,17.78,4.7,71,1021.5,12.0,0.139,23.8,10906X0039/C2-1
630,2018-09-23,42.685696389,2.685378283,2018-09-23T05:37,2018-09-23T17:45,43676.17,0.0,18.16,5.81,13,1020.9,15.4,0.138,24.0,10906X0039/C2-1
631,2018-09-24,42.685696389,2.685378283,2018-09-24T05:38,2018-09-24T17:43,43504.26,0.1,17.51,4.75,6,1023.6,25.6,0.138,23.9,10906X0039/C2-1
632,2018-09-25,42.685696389,2.685378283,2018-09-25T05:39,2018-09-25T17:42,43331.78,0.0,16.47,3.9,11,1027.4,12.0,0.138,23.2,10906X0039/C2-1
633,2018-09-26,42.685696389,2.685378283,2018-09-26T05:41,2018-09-26T17:40,43158.83,1.0,14.96,3.39,42,1031.6,13.0,0.138,22.7,10906X0039/C2-1
634,2018-09-27,42.685696389,2.685378283,2018-09-27T05:42,2018-09-27T17:38,42985.53,0.0,18.19,3.22,28,1028.1,5.2,0.138,22.2,10906X0039/C2-1
635,2018-09-28,42.685696389,2.685378283,2018-09-28T05:43,2018-09-28T17:36,42811.97,0.0,17.72,5.95,13,1018.9,16.6,0.138,22.3,10906X0039/C2-1
636,2018-09-29,42.685696389,2.685378283,2018-09-29T05:44,2018-09-29T17:35,42638.27,1.9,12.82,3.74,41,1016.6,12.2,0.138,22.7,10906X0039/C2-1
637,2018-09-30,42.685696389,2.685378283,2018-09-30T05:45,2018-09-30T17:33,42464.53,0.0,13.04,3.65,43,1017.3,10.7,0.138,22.5,10906X0039/C2-1
638,2018-10-01,42.685696389,2.685378283,2018-10-01T05:46,2018-10-01T17:31,42290.86,0.0,14.28,5.28,32,1019.7,31.6,0.137,22.1,10906X0039/C2-1
639,2018-10-02,42.685696389,2.685378283,2018-10-02T05:47,2018-10-02T17:29,42117.37,0.0,17.21,6.68,5,1022.0,35.3,0.137,21.5,10906X0039/C2-1
640,2018-10-03,42.685696389,2.685378283,2018-10-03T05:48,2018-10-03T17:27,41944.17,0.0,16.83,6.35,7,1022.7,28.4,0.137,21.5,10906X0039/C2-1
641,2018-10-04,42.685696389,2.685378283,2018-10-04T05:49,2018-10-04T17:26,41771.37,0.0,16.62,3.76,0,1021.3,9.8,0.136,21.5,10906X0039/C2-1
642,2018-10-05,42.685696389,2.685378283,2018-10-05T05:51,2018-10-05T17:24,41599.07,0.0,16.09,3.54,2,1018.2,9.4,0.135,21.2,10906X0039/C2-1
643,2018-10-06,42.685696389,2.685378283,2018-10-06T05:52,2018-10-06T17:22,41427.4,0.1,15.44,3.38,18,1014.3,12.0,0.134,21.2,10906X0039/C2-1
644,2018-10-07,42.685696389,2.685378283,2018-10-07T05:53,2018-10-07T17:20,41256.46,1.2,12.4,3.76,72,1015.4,20.9,0.135,21.0,10906X0039/C2-1
645,2018-10-08,42.685696389,2.685378283,2018-10-08T05:54,2018-10-08T17:19,41086.36,21.3,11.2,2.78,80,1017.3,13.6,0.137,20.6,10906X0039/C2-1
646,2018-10-09,42.685696389,2.685378283,2018-10-09T05:55,2018-10-09T17:17,40917.23,28.8,11.19,1.88,85,1016.4,10.8,0.156,20.4,10906X0039/C2-1
647,2018-10-10,42.685696389,2.685378283,2018-10-10T05:56,2018-10-10T17:15,40749.18,40.3,6.56,1.17,91,1010.4,13.4,0.191,20.3,10906X0039/C2-1
648,2018-10-11,42.685696389,2.685378283,2018-10-11T05:57,2018-10-11T17:14,40582.1,0.1,14.19,2.38,68,1012.5,5.6,0.19,20.2,10906X0039/C2-1
649,2018-10-12,42.685696389,2.685378283,2018-10-12T05:59,2018-10-12T17:12,40414.72,0.4,8.71,1.76,89,1020.3,10.4,0.189,20.4,10906X0039/C2-1
650,2018-10-13,42.685696389,2.685378283,2018-10-13T06:00,2018-10-13T17:11,40246.92,0.3,10.77,2.06,71,1017.7,18.5,0.188,20.6,10906X0039/C2-1
651,2018-10-14,42.685696389,2.685378283,2018-10-14T06:01,2018-10-14T17:09,40078.85,11.6,12.18,2.17,81,1009.7,23.9,0.189,20.6,10906X0039/C2-1
652,2018-10-15,42.685696389,2.685378283,2018-10-15T06:02,2018-10-15T17:07,39910.61,25.3,7.03,1.48,94,1007.8,12.5,0.22,20.3,10906X0039/C2-1
653,2018-10-16,42.685696389,2.685378283,2018-10-16T06:03,2018-10-16T17:06,39742.33,9.2,6.83,1.17,90,1016.4,4.6,0.229,19.8,10906X0039/C2-1
654,2018-10-17,42.685696389,2.685378283,2018-10-17T06:04,2018-10-17T17:04,39574.16,4.3,6.55,1.2,88,1016.4,5.2,0.236,19.5,10906X0039/C2-1
655,2018-10-18,42.685696389,2.685378283,2018-10-18T06:06,2018-10-18T17:02,39406.21,17.8,2.95,0.81,97,1014.6,9.0,0.247,19.3,10906X0039/C2-1
656,2018-10-19,42.685696389,2.685378283,2018-10-19T06:07,2018-10-19T17:01,39238.61,0.8,8.46,1.54,74,1017.7,4.9,0.253,19.1,10906X0039/C2-1
657,2018-10-20,42.685696389,2.685378283,2018-10-20T06:08,2018-10-20T16:59,39071.52,0.2,10.74,1.94,44,1022.4,6.3,0.252,19.1,10906X0039/C2-1
658,2018-10-21,42.685696389,2.685378283,2018-10-21T06:09,2018-10-21T16:58,38905.04,0.0,13.69,3.24,2,1020.4,16.1,0.251,19.2,10906X0039/C2-1
659,2018-10-22,42.685696389,2.685378283,2018-10-22T06:11,2018-10-22T16:56,38739.34,0.0,12.6,2.98,6,1022.0,19.8,0.249,19.2,10906X0039/C2-1
660,2018-10-23,42.685696389,2.685378283,2018-10-23T06:12,2018-10-23T16:55,38574.55,0.0,13.51,3.74,5,1025.5,22.0,0.246,18.9,10906X0039/C2-1
661,2018-10-24,42.685696389,2.685378283,2018-10-24T06:13,2018-10-24T16:53,38410.8,0.0,13.18,6.23,0,1021.0,31.2,0.243,19.0,10906X0039/C2-1
662,2018-10-25,42.685696389,2.685378283,2018-10-25T06:14,2018-10-25T16:52,38248.26,0.0,13.04,3.52,1,1016.8,14.0,0.239,19.1,10906X0039/C2-1
663,2018-10-26,42.685696389,2.685378283,2018-10-26T06:15,2018-10-26T16:50,38087.06,0.2,11.02,1.83,63,1012.5,4.8,0.239,18.7,10906X0039/C2-1
664,2018-10-27,42.685696389,2.685378283,2018-10-27T06:17,2018-10-27T16:49,37927.37,15.5,3.29,1.28,98,1005.6,19.8,0.247,18.0,10906X0039/C2-1
665,2018-10-28,42.685696389,2.685378283,2018-10-28T06:18,2018-10-28T16:47,37769.34,4.3,3.74,1.28,77,1000.5,20.4,0.25,16.8,10906X0039/C2-1
666,2018-10-29,42.685696389,2.685378283,2018-10-29T06:19,2018-10-29T16:46,37613.12,2.6,2.85,1.6,100,995.1,25.6,0.252,15.8,10906X0039/C2-1
667,2018-10-30,42.685696389,2.685378283,2018-10-30T06:20,2018-10-30T16:45,37458.87,0.0,11.67,1.83,49,1003.9,9.0,0.251,15.2,10906X0039/C2-1
668,2018-10-31,42.685696389,2.685378283,2018-10-31T06:22,2018-10-31T16:43,37306.52,14.5,5.28,0.93,76,1005.8,15.6,0.256,15.2,10906X0039/C2-1
669,2018-11-01,42.685696389,2.685378283,2018-11-01T06:23,2018-11-01T16:42,37154.67,1.1,10.55,1.54,48,1013.7,6.0,0.257,15.0,10906X0039/C2-1
670,2018-11-02,42.685696389,2.685378283,2018-11-02T06:24,2018-11-02T16:41,37003.2,0.0,9.18,1.97,47,1020.2,15.8,0.257,14.8,10906X0039/C2-1
671,2018-11-03,42.685696389,2.685378283,2018-11-03T06:25,2018-11-03T16:40,36852.27,0.0,10.47,2.45,41,1021.0,21.3,0.257,14.9,10906X0039/C2-1
672,2018-11-04,42.685696389,2.685378283,2018-11-04T06:27,2018-11-04T16:38,36702.04,3.4,9.56,1.73,75,1011.8,7.5,0.256,14.9,10906X0039/C2-1
673,2018-11-05,42.685696389,2.685378283,2018-11-05T06:28,2018-11-05T16:37,36552.65,18.1,5.59,1.3,86,1003.8,16.3,0.259,15.2,10906X0039/C2-1
674,2018-11-06,42.685696389,2.685378283,2018-11-06T06:29,2018-11-06T16:36,36404.28,1.4,9.61,1.41,31,1007.2,5.5,0.266,15.1,10906X0039/C2-1
675,2018-11-07,42.685696389,2.685378283,2018-11-07T06:30,2018-11-07T16:35,36257.08,0.0,8.2,1.49,75,1012.1,8.3,0.265,14.6,10906X0039/C2-1
676,2018-11-08,42.685696389,2.685378283,2018-11-08T06:32,2018-11-08T16:34,36111.22,0.0,9.18,1.75,88,1016.5,8.9,0.264,14.7,10906X0039/C2-1
677,2018-11-09,42.685696389,2.685378283,2018-11-09T06:33,2018-11-09T16:32,35966.87,8.9,4.5,1.26,61,1012.7,13.1,0.271,14.6,10906X0039/C2-1
678,2018-11-10,42.685696389,2.685378283,2018-11-10T06:34,2018-11-10T16:31,35824.2,0.1,9.41,1.31,36,1010.3,3.8,0.277,14.2,10906X0039/C2-1
679,2018-11-11,42.685696389,2.685378283,2018-11-11T06:36,2018-11-11T16:30,35683.4,0.0,6.84,0.99,52,1012.4,4.3,0.277,14.3,10906X0039/C2-1
680,2018-11-12,42.685696389,2.685378283,2018-11-12T06:37,2018-11-12T16:29,35544.64,0.0,9.22,1.92,69,1016.7,17.0,0.274,14.7,10906X0039/C2-1
681,2018-11-13,42.685696389,2.685378283,2018-11-13T06:38,2018-11-13T16:28,35408.1,0.2,8.38,1.51,82,1025.6,7.6,0.273,15.0,10906X0039/C2-1
682,2018-11-14,42.685696389,2.685378283,2018-11-14T06:39,2018-11-14T16:27,35273.97,0.6,7.22,1.19,75,1024.2,10.7,0.273,15.2,10906X0039/C2-1
683,2018-11-15,42.685696389,2.685378283,2018-11-15T06:41,2018-11-15T16:26,35142.45,8.4,5.22,0.77,83,1021.6,8.9,0.274,15.3,10906X0039/C2-1
684,2018-11-16,42.685696389,2.685378283,2018-11-16T06:42,2018-11-16T16:25,35013.73,1.1,7.27,1.12,56,1021.6,7.7,0.281,15.1,10906X0039/C2-1
685,2018-11-17,42.685696389,2.685378283,2018-11-17T06:43,2018-11-17T16:25,34888.01,11.0,2.58,0.64,96,1018.6,13.3,0.282,15.0,10906X0039/C2-1
686,2018-11-18,42.685696389,2.685378283,2018-11-18T06:44,2018-11-18T16:24,34765.48,37.7,2.87,0.47,96,1014.7,16.3,0.311,14.5,10906X0039/C2-1
687,2018-11-19,42.685696389,2.685378283,2018-11-19T06:46,2018-11-19T16:23,34646.36,3.1,2.18,0.39,94,1005.1,5.4,0.322,14.1,10906X0039/C2-1
688,2018-11-20,42.685696389,2.685378283,2018-11-20T06:47,2018-11-20T16:22,34530.6,1.7,3.99,0.69,97,1001.8,7.3,0.324,13.6,10906X0039/C2-1
689,2018-11-21,42.685696389,2.685378283,2018-11-21T06:48,2018-11-21T16:22,34416.95,0.0,8.16,1.12,52,1010.4,6.7,0.325,13.4,10906X0039/C2-1
690,2018-11-22,42.685696389,2.685378283,2018-11-22T06:49,2018-11-22T16:21,34305.31,0.0,3.63,0.6,78,1015.9,4.9,0.323,13.3,10906X0039/C2-1
691,2018-11-23,42.685696389,2.685378283,2018-11-23T06:50,2018-11-23T16:20,34195.82,1.4,5.6,1.08,69,1012.3,7.8,0.321,13.2,10906X0039/C2-1
692,2018-11-24,42.685696389,2.685378283,2018-11-24T06:51,2018-11-24T16:20,34088.63,0.0,7.98,1.18,35,1014.1,6.7,0.319,13.1,10906X0039/C2-1
693,2018-11-25,42.685696389,2.685378283,2018-11-25T06:53,2018-11-25T16:19,33983.88,3.0,6.52,1.28,24,1007.0,13.6,0.319,12.4,10906X0039/C2-1
694,2018-11-26,42.685696389,2.685378283,2018-11-26T06:54,2018-11-26T16:19,33881.71,0.2,6.08,1.52,85,1008.4,20.4,0.319,12.2,10906X0039/C2-1
695,2018-11-27,42.685696389,2.685378283,2018-11-27T06:55,2018-11-27T16:18,33782.29,0.0,8.73,2.23,23,1019.1,25.5,0.319,12.2,10906X0039/C2-1
696,2018-11-28,42.685696389,2.685378283,2018-11-28T06:56,2018-11-28T16:18,33685.77,0.0,5.97,1.1,65,1021.2,4.7,0.318,12.1,10906X0039/C2-1
697,2018-11-29,42.685696389,2.685378283,2018-11-29T06:57,2018-11-29T16:17,33592.29,0.0,5.28,0.62,81,1018.9,7.5,0.317,11.7,10906X0039/C2-1
698,2018-11-30,42.685696389,2.685378283,2018-11-30T06:58,2018-11-30T16:17,33502.02,3.0,3.99,1.34,66,1016.8,18.9,0.319,11.8,10906X0039/C2-1
699,2018-12-01,42.685696389,2.685378283,2018-12-01T06:59,2018-12-01T16:16,33415.1,0.0,7.58,1.21,58,1020.3,7.5,0.318,11.8,10906X0039/C2-1
700,2018-12-02,42.685696389,2.685378283,2018-12-02T07:01,2018-12-02T16:16,33331.7,0.0,6.74,1.06,66,1018.9,4.4,0.317,11.9,10906X0039/C2-1
701,2018-12-03,42.685696389,2.685378283,2018-12-03T07:02,2018-12-03T16:16,33251.98,0.0,6.61,1.21,33,1018.6,7.0,0.316,12.2,10906X0039/C2-1
702,2018-12-04,42.685696389,2.685378283,2018-12-04T07:03,2018-12-04T16:16,33176.1,0.0,6.26,1.03,70,1022.8,8.3,0.315,12.6,10906X0039/C2-1
703,2018-12-05,42.685696389,2.685378283,2018-12-05T07:04,2018-12-05T16:15,33104.2,0.0,6.83,0.88,83,1023.6,4.5,0.314,12.5,10906X0039/C2-1
704,2018-12-06,42.685696389,2.685378283,2018-12-06T07:05,2018-12-06T16:15,33036.47,0.1,6.48,1.71,27,1025.5,17.1,0.312,12.6,10906X0039/C2-1
705,2018-12-07,42.685696389,2.685378283,2018-12-07T07:06,2018-12-07T16:15,32973.06,0.6,8.04,1.39,32,1023.8,9.5,0.311,12.7,10906X0039/C2-1
706,2018-12-08,42.685696389,2.685378283,2018-12-08T07:06,2018-12-08T16:15,32914.11,0.1,7.78,1.79,44,1025.6,14.3,0.31,12.7,10906X0039/C2-1
707,2018-12-09,42.685696389,2.685378283,2018-12-09T07:07,2018-12-09T16:15,32859.8,0.0,6.43,2.22,47,1023.4,21.7,0.309,12.5,10906X0039/C2-1
708,2018-12-10,42.685696389,2.685378283,2018-12-10T07:08,2018-12-10T16:15,32810.16,0.0,6.48,1.86,65,1028.5,21.1,0.308,12.7,10906X0039/C2-1
709,2018-12-11,42.685696389,2.685378283,2018-12-11T07:09,2018-12-11T16:15,32764.57,0.0,7.78,0.97,36,1022.7,4.6,0.306,12.0,10906X0039/C2-1
710,2018-12-12,42.685696389,2.685378283,2018-12-12T07:10,2018-12-12T16:15,32722.93,0.9,4.58,0.69,85,1018.5,3.3,0.306,11.5,10906X0039/C2-1
711,2018-12-13,42.685696389,2.685378283,2018-12-13T07:11,2018-12-13T16:15,32685.31,23.8,0.77,0.3,100,1009.0,10.1,0.313,11.5,10906X0039/C2-1
712,2018-12-14,42.685696389,2.685378283,2018-12-14T07:11,2018-12-14T16:16,32651.72,4.1,5.38,1.17,57,1015.7,17.5,0.333,11.4,10906X0039/C2-1
713,2018-12-15,42.685696389,2.685378283,2018-12-15T07:12,2018-12-15T16:16,32622.19,0.0,4.71,0.84,62,1020.2,7.6,0.332,11.4,10906X0039/C2-1
714,2018-12-16,42.685696389,2.685378283,2018-12-16T07:13,2018-12-16T16:16,32596.77,14.9,1.21,0.57,76,1016.5,9.6,0.338,11.2,10906X0039/C2-1
715,2018-12-17,42.685696389,2.685378283,2018-12-17T07:13,2018-12-17T16:16,32575.49,0.0,7.64,1.9,38,1025.9,16.6,0.34,11.2,10906X0039/C2-1
716,2018-12-18,42.685696389,2.685378283,2018-12-18T07:14,2018-12-18T16:17,32558.37,0.0,6.0,0.75,76,1021.7,7.5,0.338,10.6,10906X0039/C2-1
717,2018-12-19,42.685696389,2.685378283,2018-12-19T07:15,2018-12-19T16:17,32545.43,0.0,5.45,1.21,45,1018.4,9.9,0.336,10.7,10906X0039/C2-1
718,2018-12-20,42.685696389,2.685378283,2018-12-20T07:15,2018-12-20T16:18,32536.71,0.0,7.55,1.03,33,1024.4,5.4,0.334,10.7,10906X0039/C2-1
719,2018-12-21,42.685696389,2.685378283,2018-12-21T07:16,2018-12-21T16:18,32532.22,0.0,6.61,0.98,72,1026.6,6.0,0.332,10.4,10906X0039/C2-1
720,2018-12-22,42.685696389,2.685378283,2018-12-22T07:16,2018-12-22T16:19,32531.98,0.0,6.87,1.44,68,1028.1,9.0,0.332,10.7,10906X0039/C2-1
721,2018-12-23,42.685696389,2.685378283,2018-12-23T07:17,2018-12-23T16:19,32536.02,0.0,6.85,1.22,90,1028.3,7.7,0.33,11.2,10906X0039/C2-1
722,2018-12-24,42.685696389,2.685378283,2018-12-24T07:17,2018-12-24T16:20,32544.35,0.0,7.15,1.82,70,1027.1,19.1,0.329,11.4,10906X0039/C2-1
723,2018-12-25,42.685696389,2.685378283,2018-12-25T07:18,2018-12-25T16:20,32556.97,0.0,7.54,1.19,54,1030.0,7.7,0.328,11.5,10906X0039/C2-1
724,2018-12-26,42.685696389,2.685378283,2018-12-26T07:18,2018-12-26T16:21,32573.9,0.7,3.48,0.45,99,1030.2,5.0,0.329,10.7,10906X0039/C2-1
725,2018-12-27,42.685696389,2.685378283,2018-12-27T07:18,2018-12-27T16:22,32595.16,0.0,6.6,0.76,64,1027.6,3.3,0.329,10.5,10906X0039/C2-1
726,2018-12-28,42.685696389,2.685378283,2018-12-28T07:19,2018-12-28T16:22,32620.73,0.0,6.87,1.23,44,1027.8,14.4,0.327,10.3,10906X0039/C2-1
727,2018-12-29,42.685696389,2.685378283,2018-12-29T07:19,2018-12-29T16:23,32650.64,0.0,7.24,1.78,33,1029.3,25.4,0.327,10.6,10906X0039/C2-1
728,2018-12-30,42.685696389,2.685378283,2018-12-30T07:19,2018-12-30T16:24,32684.95,0.0,7.8,3.34,19,1029.3,24.7,0.325,10.7,10906X0039/C2-1
729,2018-12-31,42.685696389,2.685378283,2018-12-31T07:19,2018-12-31T16:24,32724.03,0.0,7.8,3.56,2,1029.2,22.6,0.324,11.0,10906X0039/C2-1
730,2019-01-01,42.685696389,2.685378283,2019-01-01T07:19,2019-01-01T16:25,32767.84,0.0,7.74,1.65,23,1029.6,15.3,0.322,11.0,10906X0039/C2-1
731,2019-01-02,42.685696389,2.685378283,2019-01-02T07:19,2019-01-02T16:26,32816.24,0.0,7.14,1.97,43,1028.7,33.7,0.321,10.6,10906X0039/C2-1
732,2019-01-03,42.685696389,2.685378283,2019-01-03T07:19,2019-01-03T16:27,32869.1,0.0,8.33,2.66,1,1030.2,22.9,0.319,10.4,10906X0039/C2-1
733,2019-01-04,42.685696389,2.685378283,2019-01-04T07:19,2019-01-04T16:28,32926.29,0.0,8.23,1.87,14,1031.4,12.3,0.317,10.0,10906X0039/C2-1
734,2019-01-05,42.685696389,2.685378283,2019-01-05T07:19,2019-01-05T16:29,32987.68,0.0,8.0,4.02,5,1029.0,32.2,0.316,10.0,10906X0039/C2-1
735,2019-01-06,42.685696389,2.685378283,2019-01-06T07:19,2019-01-06T16:30,33053.13,0.0,8.5,3.18,25,1028.3,36.1,0.314,10.2,10906X0039/C2-1
736,2019-01-07,42.685696389,2.685378283,2019-01-07T07:19,2019-01-07T16:31,33122.52,0.0,7.62,2.01,39,1030.4,32.4,0.313,9.7,10906X0039/C2-1
737,2019-01-08,42.685696389,2.685378283,2019-01-08T07:19,2019-01-08T16:32,33195.71,0.2,4.24,2.17,81,1026.6,33.0,0.312,9.5,10906X0039/C2-1
738,2019-01-09,42.685696389,2.685378283,2019-01-09T07:19,2019-01-09T16:33,33272.56,0.3,3.45,1.62,96,1019.7,33.0,0.311,9.7,10906X0039/C2-1
739,2019-01-10,42.685696389,2.685378283,2019-01-10T07:18,2019-01-10T16:34,33352.93,0.0,7.27,1.88,58,1020.9,35.0,0.311,9.3,10906X0039/C2-1
740,2019-01-11,42.685696389,2.685378283,2019-01-11T07:18,2019-01-11T16:35,33436.7,0.0,8.42,2.16,38,1025.8,31.2,0.31,8.8,10906X0039/C2-1
741,2019-01-12,42.685696389,2.685378283,2019-01-12T07:18,2019-01-12T16:36,33523.73,0.0,7.97,2.22,23,1027.1,28.7,0.309,8.9,10906X0039/C2-1
742,2019-01-13,42.685696389,2.685378283,2019-01-13T07:17,2019-01-13T16:38,33613.89,0.0,6.18,2.85,96,1022.1,33.0,0.307,9.4,10906X0039/C2-1
743,2019-01-14,42.685696389,2.685378283,2019-01-14T07:17,2019-01-14T16:39,33707.04,0.0,5.95,2.32,72,1019.3,31.1,0.306,9.9,10906X0039/C2-1
744,2019-01-15,42.685696389,2.685378283,2019-01-15T07:17,2019-01-15T16:40,33803.07,0.0,9.17,1.45,13,1021.2,10.8,0.304,10.0,10906X0039/C2-1
745,2019-01-16,42.685696389,2.685378283,2019-01-16T07:16,2019-01-16T16:41,33901.83,0.3,3.51,0.49,85,1018.1,4.2,0.303,9.5,10906X0039/C2-1
746,2019-01-17,42.685696389,2.685378283,2019-01-17T07:16,2019-01-17T16:42,34003.2,0.1,7.14,1.53,43,1016.8,15.2,0.301,9.4,10906X0039/C2-1
747,2019-01-18,42.685696389,2.685378283,2019-01-18T07:15,2019-01-18T16:43,34107.06,0.0,7.19,1.2,60,1017.9,12.8,0.3,9.4,10906X0039/C2-1
748,2019-01-19,42.685696389,2.685378283,2019-01-19T07:14,2019-01-19T16:45,34213.49,0.0,8.04,1.0,67,1013.9,5.6,0.3,9.1,10906X0039/C2-1
749,2019-01-20,42.685696389,2.685378283,2019-01-20T07:14,2019-01-20T16:46,34323.66,0.3,3.05,0.84,80,1012.4,11.9,0.299,8.7,10906X0039/C2-1
750,2019-01-21,42.685696389,2.685378283,2019-01-21T07:13,2019-01-21T16:47,34437.58,0.6,7.03,1.35,52,1018.1,22.8,0.3,8.8,10906X0039/C2-1
751,2019-01-22,42.685696389,2.685378283,2019-01-22T07:12,2019-01-22T16:48,34555.05,0.3,8.47,1.72,67,1011.5,16.1,0.299,8.6,10906X0039/C2-1
752,2019-01-23,42.685696389,2.685378283,2019-01-23T07:12,2019-01-23T16:50,34675.85,7.6,2.56,0.84,87,999.5,19.8,0.302,8.4,10906X0039/C2-1
753,2019-01-24,42.685696389,2.685378283,2019-01-24T07:11,2019-01-24T16:51,34799.8,0.0,7.52,2.12,75,1006.9,39.7,0.303,8.2,10906X0039/C2-1
754,2019-01-25,42.685696389,2.685378283,2019-01-25T07:10,2019-01-25T16:52,34926.68,0.8,2.21,1.59,84,1014.5,30.8,0.302,8.2,10906X0039/C2-1
755,2019-01-26,42.685696389,2.685378283,2019-01-26T07:09,2019-01-26T16:53,35056.31,0.0,9.77,1.92,48,1016.7,17.3,0.301,8.7,10906X0039/C2-1
756,2019-01-27,42.685696389,2.685378283,2019-01-27T07:08,2019-01-27T16:55,35188.49,1.2,7.43,1.7,70,1007.7,18.9,0.299,8.6,10906X0039/C2-1
757,2019-01-28,42.685696389,2.685378283,2019-01-28T07:07,2019-01-28T16:56,35323.04,5.7,4.86,1.28,68,1008.5,21.3,0.301,8.5,10906X0039/C2-1
758,2019-01-29,42.685696389,2.685378283,2019-01-29T07:06,2019-01-29T16:57,35459.77,0.8,2.88,0.94,70,1008.3,11.9,0.303,8.3,10906X0039/C2-1
759,2019-01-30,42.685696389,2.685378283,2019-01-30T07:05,2019-01-30T16:59,35598.5,0.6,9.87,2.01,42,1005.6,20.9,0.304,8.3,10906X0039/C2-1
760,2019-01-31,42.685696389,2.685378283,2019-01-31T07:04,2019-01-31T17:00,35739.05,0.1,5.76,0.72,85,997.3,5.1,0.303,8.0,10906X0039/C2-1
761,2019-02-01,42.685696389,2.685378283,2019-02-01T07:03,2019-02-01T17:01,35881.25,3.6,4.83,0.64,77,989.6,6.7,0.305,8.3,10906X0039/C2-1
762,2019-02-02,42.685696389,2.685378283,2019-02-02T07:02,2019-02-02T17:03,36024.93,6.4,4.25,1.27,100,998.7,27.0,0.309,8.2,10906X0039/C2-1
763,2019-02-03,42.685696389,2.685378283,2019-02-03T07:01,2019-02-03T17:04,36169.91,0.1,9.94,2.44,65,1018.7,41.9,0.311,7.9,10906X0039/C2-1
764,2019-02-04,42.685696389,2.685378283,2019-02-04T07:00,2019-02-04T17:05,36316.04,0.0,11.73,2.44,46,1026.3,18.2,0.309,7.9,10906X0039/C2-1
765,2019-02-05,42.685696389,2.685378283,2019-02-05T06:59,2019-02-05T17:07,36463.16,2.2,6.05,1.37,80,1025.8,12.6,0.31,8.2,10906X0039/C2-1
766,2019-02-06,42.685696389,2.685378283,2019-02-06T06:58,2019-02-06T17:08,36611.1,0.0,11.1,1.85,21,1024.1,11.5,0.31,9.0,10906X0039/C2-1
767,2019-02-07,42.685696389,2.685378283,2019-02-07T06:57,2019-02-07T17:09,36759.71,0.0,9.59,1.84,60,1021.8,15.4,0.308,9.1,10906X0039/C2-1
768,2019-02-08,42.685696389,2.685378283,2019-02-08T06:55,2019-02-08T17:11,36909.11,0.0,11.21,1.45,52,1021.2,6.2,0.305,9.1,10906X0039/C2-1
769,2019-02-09,42.685696389,2.685378283,2019-02-09T06:54,2019-02-09T17:12,37060.72,0.0,11.57,1.63,65,1020.3,5.5,0.306,9.0,10906X0039/C2-1
770,2019-02-10,42.685696389,2.685378283,2019-02-10T06:53,2019-02-10T17:13,37214.61,0.1,7.88,1.74,77,1016.1,12.3,0.305,9.3,10906X0039/C2-1
771,2019-02-11,42.685696389,2.685378283,2019-02-11T06:52,2019-02-11T17:15,37370.6,0.7,7.91,1.85,62,1026.7,22.0,0.304,9.5,10906X0039/C2-1
772,2019-02-12,42.685696389,2.685378283,2019-02-12T06:50,2019-02-12T17:16,37528.54,0.0,13.1,2.44,8,1031.7,19.6,0.302,9.5,10906X0039/C2-1
773,2019-02-13,42.685696389,2.685378283,2019-02-13T06:49,2019-02-13T17:17,37688.22,0.0,13.14,1.82,0,1033.0,7.1,0.301,9.2,10906X0039/C2-1
774,2019-02-14,42.685696389,2.685378283,2019-02-14T06:48,2019-02-14T17:18,37849.52,0.0,10.53,1.26,46,1033.3,7.2,0.301,9.0,10906X0039/C2-1
775,2019-02-15,42.685696389,2.685378283,2019-02-15T06:46,2019-02-15T17:20,38012.23,0.0,12.85,1.48,21,1030.4,6.2,0.3,8.9,10906X0039/C2-1
776,2019-02-16,42.685696389,2.685378283,2019-02-16T06:45,2019-02-16T17:21,38176.22,0.0,12.75,1.49,32,1029.4,6.9,0.299,8.8,10906X0039/C2-1
777,2019-02-17,42.685696389,2.685378283,2019-02-17T06:43,2019-02-17T17:22,38341.31,0.0,13.97,2.03,13,1024.7,8.9,0.296,8.8,10906X0039/C2-1
778,2019-02-18,42.685696389,2.685378283,2019-02-18T06:42,2019-02-18T17:24,38507.36,0.0,10.88,1.46,51,1021.9,5.6,0.293,9.1,10906X0039/C2-1
779,2019-02-19,42.685696389,2.685378283,2019-02-19T06:40,2019-02-19T17:25,38674.23,0.0,10.09,1.46,60,1022.4,5.0,0.291,9.4,10906X0039/C2-1
780,2019-02-20,42.685696389,2.685378283,2019-02-20T06:39,2019-02-20T17:26,38841.75,0.0,12.94,1.7,25,1024.9,5.8,0.29,9.6,10906X0039/C2-1
781,2019-02-21,42.685696389,2.685378283,2019-02-21T06:37,2019-02-21T17:28,39009.78,0.0,14.53,2.02,0,1028.8,6.0,0.288,9.4,10906X0039/C2-1
782,2019-02-22,42.685696389,2.685378283,2019-02-22T06:36,2019-02-22T17:29,39178.17,0.0,14.9,4.53,0,1028.3,18.5,0.285,9.9,10906X0039/C2-1
783,2019-02-23,42.685696389,2.685378283,2019-02-23T06:34,2019-02-23T17:30,39346.8,0.0,14.65,2.69,2,1028.0,6.7,0.281,10.4,10906X0039/C2-1
784,2019-02-24,42.685696389,2.685378283,2019-02-24T06:33,2019-02-24T17:31,39515.51,0.0,14.69,2.02,8,1032.5,5.7,0.28,10.3,10906X0039/C2-1
785,2019-02-25,42.685696389,2.685378283,2019-02-25T06:31,2019-02-25T17:33,39684.17,0.0,14.91,1.98,22,1032.5,5.0,0.277,10.1,10906X0039/C2-1
786,2019-02-26,42.685696389,2.685378283,2019-02-26T06:30,2019-02-26T17:34,39852.64,0.0,15.35,2.44,5,1029.5,5.8,0.275,10.2,10906X0039/C2-1
787,2019-02-27,42.685696389,2.685378283,2019-02-27T06:28,2019-02-27T17:35,40020.81,0.0,15.94,3.49,0,1024.6,7.7,0.27,10.5,10906X0039/C2-1
788,2019-02-28,42.685696389,2.685378283,2019-02-28T06:27,2019-02-28T17:36,40188.76,0.0,15.62,4.25,15,1025.4,23.7,0.263,11.0,10906X0039/C2-1
789,2019-03-01,42.685696389,2.685378283,2019-03-01T06:25,2019-03-01T17:38,40357.88,0.0,15.99,3.17,50,1022.7,18.8,0.261,11.2,10906X0039/C2-1
790,2019-03-02,42.685696389,2.685378283,2019-03-02T06:23,2019-03-02T17:39,40528.26,0.0,12.59,3.03,47,1022.1,17.6,0.259,11.4,10906X0039/C2-1
791,2019-03-03,42.685696389,2.685378283,2019-03-03T06:22,2019-03-03T17:40,40699.78,0.0,14.75,2.37,52,1019.0,6.2,0.257,11.4,10906X0039/C2-1
792,2019-03-04,42.685696389,2.685378283,2019-03-04T06:20,2019-03-04T17:41,40872.31,0.0,10.2,2.46,88,1015.2,16.4,0.255,11.4,10906X0039/C2-1
793,2019-03-05,42.685696389,2.685378283,2019-03-05T06:18,2019-03-05T17:42,41045.73,0.0,15.28,2.24,43,1015.9,6.4,0.254,11.4,10906X0039/C2-1
794,2019-03-06,42.685696389,2.685378283,2019-03-06T06:17,2019-03-06T17:44,41219.9,1.2,10.53,2.41,73,1004.5,12.7,0.252,11.3,10906X0039/C2-1
795,2019-03-07,42.685696389,2.685378283,2019-03-07T06:15,2019-03-07T17:45,41394.7,0.2,9.9,2.18,34,1012.3,12.4,0.249,11.4,10906X0039/C2-1
796,2019-03-08,42.685696389,2.685378283,2019-03-08T06:13,2019-03-08T17:46,41570.01,0.0,13.11,2.5,35,1021.0,9.4,0.25,11.1,10906X0039/C2-1
797,2019-03-09,42.685696389,2.685378283,2019-03-09T06:12,2019-03-09T17:47,41745.71,0.0,14.31,2.68,63,1028.0,9.5,0.246,11.4,10906X0039/C2-1
798,2019-03-10,42.685696389,2.685378283,2019-03-10T06:10,2019-03-10T17:49,41921.67,0.0,15.99,3.14,49,1026.5,20.5,0.243,11.7,10906X0039/C2-1
799,2019-03-11,42.685696389,2.685378283,2019-03-11T06:08,2019-03-11T17:50,42097.79,0.0,17.2,3.43,25,1030.0,25.6,0.241,11.8,10906X0039/C2-1
800,2019-03-12,42.685696389,2.685378283,2019-03-12T06:06,2019-03-12T17:51,42273.93,0.0,17.02,2.46,44,1025.1,6.1,0.239,11.5,10906X0039/C2-1
801,2019-03-13,42.685696389,2.685378283,2019-03-13T06:05,2019-03-13T17:52,42449.99,2.4,17.69,3.39,41,1022.8,27.7,0.239,11.5,10906X0039/C2-1
802,2019-03-14,42.685696389,2.685378283,2019-03-14T06:03,2019-03-14T17:53,42625.85,0.0,11.58,3.26,86,1025.0,29.4,0.237,11.4,10906X0039/C2-1
803,2019-03-15,42.685696389,2.685378283,2019-03-15T06:01,2019-03-15T17:54,42801.38,0.0,18.56,4.07,44,1023.3,26.4,0.236,11.8,10906X0039/C2-1
804,2019-03-16,42.685696389,2.685378283,2019-03-16T05:59,2019-03-16T17:56,42976.47,0.0,19.13,3.07,13,1019.7,5.3,0.234,12.0,10906X0039/C2-1
805,2019-03-17,42.685696389,2.685378283,2019-03-17T05:58,2019-03-17T17:57,43151.0,0.2,18.18,3.6,17,1016.1,22.8,0.236,12.0,10906X0039/C2-1
806,2019-03-18,42.685696389,2.685378283,2019-03-18T05:56,2019-03-18T17:58,43324.87,0.0,18.74,3.8,46,1023.5,26.3,0.236,11.8,10906X0039/C2-1
807,2019-03-19,42.685696389,2.685378283,2019-03-19T05:54,2019-03-19T17:59,43497.94,1.2,13.97,2.49,46,1025.3,24.4,0.235,11.5,10906X0039/C2-1
808,2019-03-20,42.685696389,2.685378283,2019-03-20T05:53,2019-03-20T18:00,43670.33,0.0,19.92,4.09,1,1029.2,20.2,0.234,11.5,10906X0039/C2-1
809,2019-03-21,42.685696389,2.685378283,2019-03-21T05:51,2019-03-21T18:02,43843.28,0.0,20.24,3.69,0,1028.6,9.6,0.232,11.6,10906X0039/C2-1
810,2019-03-22,42.685696389,2.685378283,2019-03-22T05:49,2019-03-22T18:03,44016.91,0.0,20.04,3.57,0,1027.7,7.3,0.233,11.6,10906X0039/C2-1
811,2019-03-23,42.685696389,2.685378283,2019-03-23T05:47,2019-03-23T18:04,44191.12,0.0,20.22,5.01,16,1025.2,14.5,0.226,12.2,10906X0039/C2-1
812,2019-03-24,42.685696389,2.685378283,2019-03-24T05:46,2019-03-24T18:05,44365.8,0.0,20.37,5.11,8,1022.9,13.2,0.221,12.7,10906X0039/C2-1
813,2019-03-25,42.685696389,2.685378283,2019-03-25T05:44,2019-03-25T18:06,44540.83,0.0,21.1,5.03,0,1021.1,25.5,0.216,13.0,10906X0039/C2-1
814,2019-03-26,42.685696389,2.685378283,2019-03-26T05:42,2019-03-26T18:07,44716.13,0.0,21.43,5.27,1,1024.0,28.3,0.215,12.7,10906X0039/C2-1
815,2019-03-27,42.685696389,2.685378283,2019-03-27T05:40,2019-03-27T18:08,44891.57,0.0,21.58,5.11,3,1025.5,18.8,0.212,12.7,10906X0039/C2-1
816,2019-03-28,42.685696389,2.685378283,2019-03-28T05:39,2019-03-28T18:10,45067.05,0.0,21.3,4.04,2,1027.4,9.1,0.209,12.8,10906X0039/C2-1
817,2019-03-29,42.685696389,2.685378283,2019-03-29T05:37,2019-03-29T18:11,45242.48,0.0,20.52,3.82,17,1027.0,12.7,0.205,12.6,10906X0039/C2-1
818,2019-03-30,42.685696389,2.685378283,2019-03-30T05:35,2019-03-30T18:12,45417.72,0.0,21.31,3.46,9,1023.0,9.7,0.204,12.4,10906X0039/C2-1
819,2019-03-31,42.685696389,2.685378283,2019-03-31T05:33,2019-03-31T18:13,45592.68,0.0,15.71,2.39,69,1017.9,9.2,0.203,12.4,10906X0039/C2-1
820,2019-04-01,42.685696389,2.685378283,2019-04-01T05:31,2019-04-01T18:14,45767.24,0.0,16.61,2.9,74,1015.0,6.6,0.202,12.5,10906X0039/C2-1
821,2019-04-02,42.685696389,2.685378283,2019-04-02T05:30,2019-04-02T18:15,45941.31,3.4,10.38,1.69,56,1013.8,5.9,0.201,12.4,10906X0039/C2-1
822,2019-04-03,42.685696389,2.685378283,2019-04-03T05:28,2019-04-03T18:16,46114.75,10.6,6.21,1.16,95,1006.3,8.4,0.212,12.1,10906X0039/C2-1
823,2019-04-04,42.685696389,2.685378283,2019-04-04T05:26,2019-04-04T18:18,46287.46,1.1,21.36,2.99,27,1002.6,7.9,0.217,11.5,10906X0039/C2-1
824,2019-04-05,42.685696389,2.685378283,2019-04-05T05:24,2019-04-05T18:19,46459.32,0.6,18.11,3.04,57,999.8,11.4,0.217,11.4,10906X0039/C2-1
825,2019-04-06,42.685696389,2.685378283,2019-04-06T05:23,2019-04-06T18:20,46630.22,2.8,9.49,1.46,77,999.9,6.7,0.219,11.6,10906X0039/C2-1
826,2019-04-07,42.685696389,2.685378283,2019-04-07T05:21,2019-04-07T18:21,46800.02,0.0,19.12,2.96,39,1007.6,14.3,0.221,11.3,10906X0039/C2-1
827,2019-04-08,42.685696389,2.685378283,2019-04-08T05:19,2019-04-08T18:22,46968.61,0.1,19.04,3.26,66,1011.2,7.6,0.22,11.4,10906X0039/C2-1
828,2019-04-09,42.685696389,2.685378283,2019-04-09T05:18,2019-04-09T18:23,47136.08,1.7,16.91,2.93,72,1009.3,9.8,0.219,11.7,10906X0039/C2-1
829,2019-04-10,42.685696389,2.685378283,2019-04-10T05:16,2019-04-10T18:24,47303.62,0.5,21.56,4.25,73,1010.1,24.2,0.214,12.0,10906X0039/C2-1
830,2019-04-11,42.685696389,2.685378283,2019-04-11T05:14,2019-04-11T18:26,47471.33,1.7,17.25,3.66,71,1013.7,32.5,0.212,12.1,10906X0039/C2-1
831,2019-04-12,42.685696389,2.685378283,2019-04-12T05:13,2019-04-12T18:27,47639.1,0.0,24.46,5.34,29,1016.0,28.4,0.211,12.4,10906X0039/C2-1
832,2019-04-13,42.685696389,2.685378283,2019-04-13T05:11,2019-04-13T18:28,47806.83,0.0,24.94,5.63,21,1016.6,19.7,0.208,12.6,10906X0039/C2-1
833,2019-04-14,42.685696389,2.685378283,2019-04-14T05:10,2019-04-14T18:29,47974.42,0.0,14.83,3.56,62,1015.7,12.9,0.203,12.6,10906X0039/C2-1
834,2019-04-15,42.685696389,2.685378283,2019-04-15T05:08,2019-04-15T18:30,48141.73,1.0,19.28,3.33,86,1017.1,12.3,0.201,12.4,10906X0039/C2-1
835,2019-04-16,42.685696389,2.685378283,2019-04-16T05:06,2019-04-16T18:31,48308.67,1.3,12.51,2.21,90,1019.7,8.6,0.201,12.5,10906X0039/C2-1
836,2019-04-17,42.685696389,2.685378283,2019-04-17T05:05,2019-04-17T18:32,48475.12,0.2,18.8,3.22,90,1017.8,14.5,0.201,12.5,10906X0039/C2-1
837,2019-04-18,42.685696389,2.685378283,2019-04-18T05:03,2019-04-18T18:34,48640.94,0.8,15.89,2.77,98,1019.3,16.5,0.2,12.9,10906X0039/C2-1
838,2019-04-19,42.685696389,2.685378283,2019-04-19T05:01,2019-04-19T18:35,48806.04,0.0,18.68,3.36,70,1024.4,9.4,0.198,13.0,10906X0039/C2-1
839,2019-04-20,42.685696389,2.685378283,2019-04-20T05:00,2019-04-20T18:36,48970.28,0.2,21.54,3.83,60,1023.2,7.9,0.195,13.1,10906X0039/C2-1
840,2019-04-21,42.685696389,2.685378283,2019-04-21T04:58,2019-04-21T18:37,49133.53,2.2,9.16,1.75,92,1015.4,8.6,0.198,13.1,10906X0039/C2-1
841,2019-04-22,42.685696389,2.685378283,2019-04-22T04:57,2019-04-22T18:38,49295.67,7.9,10.05,2.03,96,1003.7,6.5,0.201,13.1,10906X0039/C2-1
842,2019-04-23,42.685696389,2.685378283,2019-04-23T04:55,2019-04-23T18:39,49456.56,25.5,7.36,1.3,86,997.8,9.5,0.224,13.2,10906X0039/C2-1
843,2019-04-24,42.685696389,2.685378283,2019-04-24T04:54,2019-04-24T18:41,49616.08,2.4,23.75,4.64,56,1002.6,13.0,0.228,13.3,10906X0039/C2-1
844,2019-04-25,42.685696389,2.685378283,2019-04-25T04:52,2019-04-25T18:42,49774.08,1.1,21.72,4.36,44,1006.8,15.9,0.224,13.8,10906X0039/C2-1
845,2019-04-26,42.685696389,2.685378283,2019-04-26T04:51,2019-04-26T18:43,49930.43,0.2,20.39,4.01,34,1019.5,17.6,0.222,13.7,10906X0039/C2-1
846,2019-04-27,42.685696389,2.685378283,2019-04-27T04:49,2019-04-27T18:44,50084.97,0.0,21.55,4.26,44,1024.5,18.9,0.22,13.7,10906X0039/C2-1
847,2019-04-28,42.685696389,2.685378283,2019-04-28T04:48,2019-04-28T18:45,50237.56,0.0,24.26,4.5,29,1023.4,26.8,0.217,13.8,10906X0039/C2-1
848,2019-04-29,42.685696389,2.685378283,2019-04-29T04:46,2019-04-29T18:46,50388.28,0.0,25.5,4.8,47,1019.8,17.7,0.214,14.0,10906X0039/C2-1
849,2019-04-30,42.685696389,2.685378283,2019-04-30T04:45,2019-04-30T18:47,50538.24,0.0,26.72,5.37,7,1017.1,14.9,0.209,14.1,10906X0039/C2-1
850,2019-05-01,42.685696389,2.685378283,2019-05-01T04:44,2019-05-01T18:48,50687.55,0.0,25.46,4.95,52,1014.2,8.9,0.205,14.5,10906X0039/C2-1
851,2019-05-02,42.685696389,2.685378283,2019-05-02T04:42,2019-05-02T18:50,50836.08,4.3,13.19,3.17,79,1015.6,16.5,0.202,14.6,10906X0039/C2-1
852,2019-05-03,42.685696389,2.685378283,2019-05-03T04:41,2019-05-03T18:51,50983.71,4.3,9.61,2.48,91,1013.1,19.1,0.204,14.3,10906X0039/C2-1
853,2019-05-04,42.685696389,2.685378283,2019-05-04T04:40,2019-05-04T18:52,51130.31,2.7,24.27,4.55,36,1011.7,26.2,0.204,14.1,10906X0039/C2-1
854,2019-05-05,42.685696389,2.685378283,2019-05-05T04:38,2019-05-05T18:53,51275.76,0.0,26.7,4.57,22,1017.6,34.1,0.206,13.7,10906X0039/C2-1
855,2019-05-06,42.685696389,2.685378283,2019-05-06T04:37,2019-05-06T18:54,51419.92,0.0,27.95,5.22,17,1019.2,17.2,0.204,13.6,10906X0039/C2-1
856,2019-05-07,42.685696389,2.685378283,2019-05-07T04:36,2019-05-07T18:55,51562.66,0.0,23.75,3.48,80,1016.6,6.3,0.2,13.6,10906X0039/C2-1
857,2019-05-08,42.685696389,2.685378283,2019-05-08T04:35,2019-05-08T18:56,51703.83,1.3,17.07,3.19,85,1007.8,8.7,0.199,14.1,10906X0039/C2-1
858,2019-05-09,42.685696389,2.685378283,2019-05-09T04:33,2019-05-09T18:57,51843.31,0.7,18.46,3.74,76,1010.7,9.7,0.2,14.2,10906X0039/C2-1
859,2019-05-10,42.685696389,2.685378283,2019-05-10T04:32,2019-05-10T18:58,51980.93,1.4,19.9,3.57,54,1012.8,6.0,0.199,14.6,10906X0039/C2-1
860,2019-05-11,42.685696389,2.685378283,2019-05-11T04:31,2019-05-11T19:00,52116.56,0.3,25.37,5.2,30,1019.5,28.0,0.197,14.9,10906X0039/C2-1
861,2019-05-12,42.685696389,2.685378283,2019-05-12T04:30,2019-05-12T19:01,52250.06,0.0,27.38,6.01,4,1024.7,32.6,0.196,14.9,10906X0039/C2-1
862,2019-05-13,42.685696389,2.685378283,2019-05-13T04:29,2019-05-13T19:02,52381.25,0.0,28.53,7.07,0,1022.3,27.4,0.193,15.0,10906X0039/C2-1
863,2019-05-14,42.685696389,2.685378283,2019-05-14T04:28,2019-05-14T19:03,52510.0,0.0,28.13,6.2,0,1017.6,12.6,0.189,15.3,10906X0039/C2-1
864,2019-05-15,42.685696389,2.685378283,2019-05-15T04:27,2019-05-15T19:04,52636.13,0.0,28.33,4.91,7,1014.1,8.7,0.186,15.5,10906X0039/C2-1
865,2019-05-16,42.685696389,2.685378283,2019-05-16T04:26,2019-05-16T19:05,52759.49,0.0,24.54,4.17,57,1010.2,6.6,0.185,15.3,10906X0039/C2-1
866,2019-05-17,42.685696389,2.685378283,2019-05-17T04:25,2019-05-17T19:06,52879.92,19.0,4.94,1.22,92,1005.3,9.8,0.193,15.0,10906X0039/C2-1
867,2019-05-18,42.685696389,2.685378283,2019-05-18T04:24,2019-05-18T19:07,52997.24,0.6,15.62,3.55,71,1007.8,15.0,0.198,14.6,10906X0039/C2-1
868,2019-05-19,42.685696389,2.685378283,2019-05-19T04:23,2019-05-19T19:08,53111.48,0.0,23.85,4.43,38,1008.8,19.7,0.197,14.6,10906X0039/C2-1
869,2019-05-20,42.685696389,2.685378283,2019-05-20T04:22,2019-05-20T19:09,53223.57,0.0,26.75,5.44,31,1012.1,21.2,0.195,14.9,10906X0039/C2-1
870,2019-05-21,42.685696389,2.685378283,2019-05-21T04:21,2019-05-21T19:10,53333.58,0.0,25.89,5.21,6,1015.9,17.5,0.193,15.2,10906X0039/C2-1
871,2019-05-22,42.685696389,2.685378283,2019-05-22T04:20,2019-05-22T19:11,53441.39,0.0,25.84,5.72,14,1017.4,14.2,0.191,15.7,10906X0039/C2-1
872,2019-05-23,42.685696389,2.685378283,2019-05-23T04:19,2019-05-23T19:12,53546.9,0.0,27.7,5.45,55,1016.3,8.5,0.187,16.1,10906X0039/C2-1
873,2019-05-24,42.685696389,2.685378283,2019-05-24T04:19,2019-05-24T19:13,53650.0,12.1,7.84,2.06,96,1015.7,18.7,0.19,16.0,10906X0039/C2-1
874,2019-05-25,42.685696389,2.685378283,2019-05-25T04:18,2019-05-25T19:14,53750.56,4.8,9.91,3.05,89,1016.9,25.6,0.194,15.7,10906X0039/C2-1
875,2019-05-26,42.685696389,2.685378283,2019-05-26T04:17,2019-05-26T19:15,53848.48,0.0,25.6,5.44,17,1016.8,29.6,0.194,15.9,10906X0039/C2-1
876,2019-05-27,42.685696389,2.685378283,2019-05-27T04:17,2019-05-27T19:16,53943.62,0.0,27.05,5.36,36,1012.9,28.2,0.191,16.2,10906X0039/C2-1
877,2019-05-28,42.685696389,2.685378283,2019-05-28T04:16,2019-05-28T19:16,54035.88,0.1,20.76,4.65,62,1015.0,27.6,0.189,16.1,10906X0039/C2-1
878,2019-05-29,42.685696389,2.685378283,2019-05-29T04:15,2019-05-29T19:17,54125.13,0.0,26.63,5.69,10,1021.6,28.7,0.188,16.0,10906X0039/C2-1
879,2019-05-30,42.685696389,2.685378283,2019-05-30T04:15,2019-05-30T19:18,54211.25,0.0,27.57,6.15,20,1024.8,20.1,0.186,16.3,10906X0039/C2-1
880,2019-05-31,42.685696389,2.685378283,2019-05-31T04:14,2019-05-31T19:19,54294.12,0.0,28.86,6.0,1,1023.2,9.4,0.183,16.9,10906X0039/C2-1
881,2019-06-01,42.685696389,2.685378283,2019-06-01T04:14,2019-06-01T19:20,54373.61,0.0,29.0,5.14,0,1020.9,5.8,0.177,17.2,10906X0039/C2-1
882,2019-06-02,42.685696389,2.685378283,2019-06-02T04:13,2019-06-02T19:21,54449.61,0.0,27.59,5.09,11,1017.7,5.1,0.173,17.4,10906X0039/C2-1
883,2019-06-03,42.685696389,2.685378283,2019-06-03T04:13,2019-06-03T19:21,54521.98,0.0,23.1,4.34,39,1015.8,4.8,0.17,17.7,10906X0039/C2-1
884,2019-06-04,42.685696389,2.685378283,2019-06-04T04:12,2019-06-04T19:22,54590.62,0.0,27.77,5.51,18,1009.5,6.9,0.17,18.0,10906X0039/C2-1
885,2019-06-05,42.685696389,2.685378283,2019-06-05T04:12,2019-06-05T19:23,54655.38,9.0,21.33,4.07,46,1008.9,15.9,0.172,18.0,10906X0039/C2-1
886,2019-06-06,42.685696389,2.685378283,2019-06-06T04:12,2019-06-06T19:24,54716.15,0.0,26.09,5.72,55,1012.4,15.3,0.176,17.8,10906X0039/C2-1
887,2019-06-07,42.685696389,2.685378283,2019-06-07T04:11,2019-06-07T19:24,54772.83,0.0,24.77,5.99,56,1013.3,19.5,0.175,18.1,10906X0039/C2-1
888,2019-06-08,42.685696389,2.685378283,2019-06-08T04:11,2019-06-08T19:25,54825.34,0.2,28.65,5.95,27,1022.6,10.1,0.174,18.2,10906X0039/C2-1
889,2019-06-09,42.685696389,2.685378283,2019-06-09T04:11,2019-06-09T19:25,54874.16,0.0,20.07,4.31,94,1016.2,8.5,0.172,18.3,10906X0039/C2-1
890,2019-06-10,42.685696389,2.685378283,2019-06-10T04:11,2019-06-10T19:26,54919.32,2.4,23.64,4.95,69,1014.4,24.8,0.172,18.3,10906X0039/C2-1
891,2019-06-11,42.685696389,2.685378283,2019-06-11T04:10,2019-06-11T19:26,54960.79,8.2,8.82,2.23,87,1013.3,14.7,0.18,17.5,10906X0039/C2-1
892,2019-06-12,42.685696389,2.685378283,2019-06-12T04:10,2019-06-12T19:27,54998.54,0.0,23.49,3.98,21,1014.4,6.9,0.182,17.1,10906X0039/C2-1
893,2019-06-13,42.685696389,2.685378283,2019-06-13T04:10,2019-06-13T19:27,55032.54,0.0,26.79,5.4,36,1013.2,10.7,0.18,17.3,10906X0039/C2-1
894,2019-06-14,42.685696389,2.685378283,2019-06-14T04:10,2019-06-14T19:28,55062.76,3.4,19.67,3.96,63,1011.7,9.3,0.179,17.5,10906X0039/C2-1
895,2019-06-15,42.685696389,2.685378283,2019-06-15T04:10,2019-06-15T19:28,55089.18,0.0,21.28,4.36,42,1017.5,19.4,0.18,17.7,10906X0039/C2-1
896,2019-06-16,42.685696389,2.685378283,2019-06-16T04:10,2019-06-16T19:29,55111.77,0.0,29.79,6.54,22,1019.1,13.0,0.178,18.0,10906X0039/C2-1
897,2019-06-17,42.685696389,2.685378283,2019-06-17T04:10,2019-06-17T19:29,55130.51,0.0,28.85,6.24,16,1015.4,8.1,0.172,18.6,10906X0039/C2-1
898,2019-06-18,42.685696389,2.685378283,2019-06-18T04:10,2019-06-18T19:30,55145.37,0.0,25.82,4.96,24,1012.6,5.6,0.169,19.0,10906X0039/C2-1
899,2019-06-19,42.685696389,2.685378283,2019-06-19T04:11,2019-06-19T19:30,55156.33,0.0,25.33,5.33,31,1012.3,7.6,0.166,19.3,10906X0039/C2-1
900,2019-06-20,42.685696389,2.685378283,2019-06-20T04:11,2019-06-20T19:30,55163.39,1.4,18.75,4.64,80,1014.4,15.3,0.164,19.6,10906X0039/C2-1
901,2019-06-21,42.685696389,2.685378283,2019-06-21T04:11,2019-06-21T19:30,55166.52,0.6,18.53,4.39,72,1015.6,16.1,0.165,19.5,10906X0039/C2-1
902,2019-06-22,42.685696389,2.685378283,2019-06-22T04:11,2019-06-22T19:31,55165.7,0.0,27.64,6.13,36,1015.5,11.6,0.167,19.6,10906X0039/C2-1
903,2019-06-23,42.685696389,2.685378283,2019-06-23T04:11,2019-06-23T19:31,55160.94,0.0,28.11,5.53,78,1014.2,6.2,0.17,20.1,10906X0039/C2-1
904,2019-06-24,42.685696389,2.685378283,2019-06-24T04:12,2019-06-24T19:31,55152.21,0.4,26.64,6.55,69,1015.3,13.4,0.171,20.3,10906X0039/C2-1
905,2019-06-25,42.685696389,2.685378283,2019-06-25T04:12,2019-06-25T19:31,55139.52,0.0,28.03,5.74,60,1018.1,11.6,0.17,20.5,10906X0039/C2-1
906,2019-06-26,42.685696389,2.685378283,2019-06-26T04:12,2019-06-26T19:31,55122.85,0.0,29.4,6.46,1,1020.5,11.5,0.168,20.8,10906X0039/C2-1
907,2019-06-27,42.685696389,2.685378283,2019-06-27T04:13,2019-06-27T19:31,55102.21,0.0,29.71,6.54,0,1019.2,6.6,0.166,21.2,10906X0039/C2-1
908,2019-06-28,42.685696389,2.685378283,2019-06-28T04:13,2019-06-28T19:31,55077.53,0.0,29.28,8.73,0,1014.9,12.3,0.17,21.9,10906X0039/C2-1
909,2019-06-29,42.685696389,2.685378283,2019-06-29T04:14,2019-06-29T19:31,55048.56,0.0,29.09,7.25,6,1014.8,8.5,0.167,22.8,10906X0039/C2-1
910,2019-06-30,42.685696389,2.685378283,2019-06-30T04:14,2019-06-30T19:31,55015.35,0.0,28.01,6.25,15,1017.4,7.4,0.168,22.9,10906X0039/C2-1
911,2019-07-01,42.685696389,2.685378283,2019-07-01T04:14,2019-07-01T19:31,54977.97,0.0,27.43,6.63,14,1017.2,11.1,0.167,23.0,10906X0039/C2-1
912,2019-07-02,42.685696389,2.685378283,2019-07-02T04:15,2019-07-02T19:31,54936.53,0.0,24.74,6.31,27,1015.9,12.7,0.166,23.3,10906X0039/C2-1
913,2019-07-03,42.685696389,2.685378283,2019-07-03T04:16,2019-07-03T19:30,54891.1,0.1,24.4,5.59,43,1014.5,6.6,0.166,23.5,10906X0039/C2-1
914,2019-07-04,42.685696389,2.685378283,2019-07-04T04:16,2019-07-04T19:30,54841.8,0.0,26.19,6.01,28,1016.1,7.0,0.175,23.7,10906X0039/C2-1
915,2019-07-05,42.685696389,2.685378283,2019-07-05T04:17,2019-07-05T19:30,54788.71,0.0,26.95,5.57,8,1015.1,6.4,0.175,23.7,10906X0039/C2-1
916,2019-07-06,42.685696389,2.685378283,2019-07-06T04:17,2019-07-06T19:30,54731.94,0.0,24.65,5.53,32,1012.4,5.8,0.176,23.9,10906X0039/C2-1
917,2019-07-07,42.685696389,2.685378283,2019-07-07T04:18,2019-07-07T19:29,54671.57,0.1,24.0,6.76,52,1012.4,14.6,0.178,24.3,10906X0039/C2-1
918,2019-07-08,42.685696389,2.685378283,2019-07-08T04:19,2019-07-08T19:29,54607.72,2.5,18.56,4.8,72,1012.0,7.0,0.184,24.4,10906X0039/C2-1
919,2019-07-09,42.685696389,2.685378283,2019-07-09T04:20,2019-07-09T19:29,54540.46,0.7,18.46,4.95,82,1012.4,17.4,0.186,24.0,10906X0039/C2-1
920,2019-07-10,42.685696389,2.685378283,2019-07-10T04:20,2019-07-10T19:28,54469.92,0.0,29.2,7.58,5,1014.1,21.2,0.188,23.7,10906X0039/C2-1
921,2019-07-11,42.685696389,2.685378283,2019-07-11T04:21,2019-07-11T19:28,54396.19,0.0,27.65,6.82,22,1013.8,10.9,0.185,23.9,10906X0039/C2-1
922,2019-07-12,42.685696389,2.685378283,2019-07-12T04:22,2019-07-12T19:27,54319.35,0.0,28.39,7.53,3,1015.0,13.1,0.183,24.2,10906X0039/C2-1
923,2019-07-13,42.685696389,2.685378283,2019-07-13T04:23,2019-07-13T19:27,54239.52,0.0,27.23,7.49,32,1014.5,15.9,0.178,24.4,10906X0039/C2-1
924,2019-07-14,42.685696389,2.685378283,2019-07-14T04:23,2019-07-14T19:26,54156.8,0.0,25.93,7.55,44,1011.0,15.6,0.178,24.4,10906X0039/C2-1
925,2019-07-15,42.685696389,2.685378283,2019-07-15T04:24,2019-07-15T19:25,54071.26,0.0,29.6,8.77,0,1012.6,23.3,0.176,24.3,10906X0039/C2-1
926,2019-07-16,42.685696389,2.685378283,2019-07-16T04:25,2019-07-16T19:25,53983.04,0.0,29.35,7.23,16,1015.1,9.3,0.175,24.3,10906X0039/C2-1
927,2019-07-17,42.685696389,2.685378283,2019-07-17T04:26,2019-07-17T19:24,53892.21,0.0,17.61,5.7,78,1013.8,13.0,0.176,24.3,10906X0039/C2-1
928,2019-07-18,42.685696389,2.685378283,2019-07-18T04:27,2019-07-18T19:23,53798.7,0.0,26.88,7.24,45,1015.1,21.4,0.18,24.2,10906X0039/C2-1
929,2019-07-19,42.685696389,2.685378283,2019-07-19T04:28,2019-07-19T19:23,53701.71,0.0,27.99,6.47,4,1015.5,9.5,0.182,24.2,10906X0039/C2-1
930,2019-07-20,42.685696389,2.685378283,2019-07-20T04:29,2019-07-20T19:22,53601.22,0.0,19.52,4.02,53,1016.2,6.7,0.179,24.2,10906X0039/C2-1
931,2019-07-21,42.685696389,2.685378283,2019-07-21T04:29,2019-07-21T19:21,53497.4,0.0,23.11,5.11,61,1020.3,5.9,0.179,24.4,10906X0039/C2-1
932,2019-07-22,42.685696389,2.685378283,2019-07-22T04:30,2019-07-22T19:20,53390.4,0.0,26.28,6.24,38,1020.2,8.1,0.181,24.8,10906X0039/C2-1
933,2019-07-23,42.685696389,2.685378283,2019-07-23T04:31,2019-07-23T19:19,53280.37,0.0,26.75,5.48,6,1017.7,6.3,0.182,24.9,10906X0039/C2-1
934,2019-07-24,42.685696389,2.685378283,2019-07-24T04:32,2019-07-24T19:18,53167.49,0.0,26.26,5.67,28,1015.8,7.2,0.18,24.9,10906X0039/C2-1
935,2019-07-25,42.685696389,2.685378283,2019-07-25T04:33,2019-07-25T19:17,53051.9,0.0,25.67,5.8,29,1013.5,10.4,0.177,24.9,10906X0039/C2-1
936,2019-07-26,42.685696389,2.685378283,2019-07-26T04:34,2019-07-26T19:16,52933.75,1.1,12.75,3.45,88,1011.1,9.4,0.175,24.9,10906X0039/C2-1
937,2019-07-27,42.685696389,2.685378283,2019-07-27T04:35,2019-07-27T19:15,52813.19,20.1,7.66,2.52,86,1006.4,19.3,0.18,24.1,10906X0039/C2-1
938,2019-07-28,42.685696389,2.685378283,2019-07-28T04:36,2019-07-28T19:14,52690.38,0.0,28.21,7.04,4,1009.5,21.9,0.178,23.6,10906X0039/C2-1
939,2019-07-29,42.685696389,2.685378283,2019-07-29T04:37,2019-07-29T19:13,52565.44,0.0,27.75,6.3,2,1010.4,7.7,0.173,23.7,10906X0039/C2-1
940,2019-07-30,42.685696389,2.685378283,2019-07-30T04:38,2019-07-30T19:12,52438.52,0.0,23.26,6.41,29,1016.1,23.6,0.169,23.8,10906X0039/C2-1
941,2019-07-31,42.685696389,2.685378283,2019-07-31T04:39,2019-07-31T19:11,52309.77,0.0,27.54,6.42,34,1017.8,14.6,0.166,23.7,10906X0039/C2-1
942,2019-08-01,42.685696389,2.685378283,2019-08-01T04:40,2019-08-01T19:10,52179.31,0.0,24.89,5.6,21,1014.6,7.1,0.163,23.8,10906X0039/C2-1
943,2019-08-02,42.685696389,2.685378283,2019-08-02T04:41,2019-08-02T19:09,52047.28,0.0,25.56,7.58,21,1014.9,20.2,0.159,24.0,10906X0039/C2-1
944,2019-08-03,42.685696389,2.685378283,2019-08-03T04:42,2019-08-03T19:08,51913.82,0.0,26.12,6.85,9,1013.8,10.1,0.155,24.3,10906X0039/C2-1
945,2019-08-04,42.685696389,2.685378283,2019-08-04T04:43,2019-08-04T19:06,51779.05,0.0,24.11,6.3,17,1013.4,8.2,0.156,24.7,10906X0039/C2-1
946,2019-08-05,42.685696389,2.685378283,2019-08-05T04:45,2019-08-05T19:05,51643.09,0.0,23.74,5.77,18,1014.0,10.1,0.154,25.0,10906X0039/C2-1
947,2019-08-06,42.685696389,2.685378283,2019-08-06T04:46,2019-08-06T19:04,51506.07,0.0,22.57,4.7,40,1012.6,6.2,0.153,24.9,10906X0039/C2-1
948,2019-08-07,42.685696389,2.685378283,2019-08-07T04:47,2019-08-07T19:03,51367.91,0.7,13.77,3.68,95,1011.2,6.7,0.149,24.9,10906X0039/C2-1
949,2019-08-08,42.685696389,2.685378283,2019-08-08T04:48,2019-08-08T19:01,51227.53,1.6,23.83,5.52,31,1011.4,7.7,0.146,25.1,10906X0039/C2-1
950,2019-08-09,42.685696389,2.685378283,2019-08-09T04:49,2019-08-09T19:00,51084.88,0.1,20.16,4.34,44,1011.6,6.3,0.141,25.3,10906X0039/C2-1
951,2019-08-10,42.685696389,2.685378283,2019-08-10T04:50,2019-08-10T18:59,50940.12,0.1,21.05,6.16,42,1016.9,16.0,0.142,25.4,10906X0039/C2-1
952,2019-08-11,42.685696389,2.685378283,2019-08-11T04:51,2019-08-11T18:57,50793.38,0.0,23.04,6.03,28,1014.6,16.4,0.141,25.3,10906X0039/C2-1
953,2019-08-12,42.685696389,2.685378283,2019-08-12T04:52,2019-08-12T18:56,50644.83,1.2,15.17,4.92,65,1018.1,23.1,0.139,24.7,10906X0039/C2-1
954,2019-08-13,42.685696389,2.685378283,2019-08-13T04:53,2019-08-13T18:55,50494.6,0.0,25.34,6.7,27,1019.6,21.8,0.14,24.2,10906X0039/C2-1
955,2019-08-14,42.685696389,2.685378283,2019-08-14T04:54,2019-08-14T18:53,50342.83,0.0,25.89,6.72,20,1018.3,13.2,0.139,24.1,10906X0039/C2-1
956,2019-08-15,42.685696389,2.685378283,2019-08-15T04:55,2019-08-15T18:52,50189.65,0.0,21.69,5.67,21,1019.0,17.0,0.139,24.1,10906X0039/C2-1
957,2019-08-16,42.685696389,2.685378283,2019-08-16T04:56,2019-08-16T18:50,50035.22,0.0,25.57,5.43,23,1017.4,7.5,0.14,24.1,10906X0039/C2-1
958,2019-08-17,42.685696389,2.685378283,2019-08-17T04:57,2019-08-17T18:49,49879.64,0.0,24.2,5.1,17,1014.8,7.2,0.137,24.3,10906X0039/C2-1
959,2019-08-18,42.685696389,2.685378283,2019-08-18T04:58,2019-08-18T18:47,49723.06,2.0,18.25,3.94,70,1012.3,6.7,0.13,24.4,10906X0039/C2-1
960,2019-08-19,42.685696389,2.685378283,2019-08-19T04:59,2019-08-19T18:46,49565.59,0.2,15.24,4.34,81,1017.8,16.9,0.132,24.2,10906X0039/C2-1
961,2019-08-20,42.685696389,2.685378283,2019-08-20T05:01,2019-08-20T18:44,49407.36,13.5,8.7,2.57,67,1021.0,17.2,0.137,23.4,10906X0039/C2-1
962,2019-08-21,42.685696389,2.685378283,2019-08-21T05:02,2019-08-21T18:42,49248.49,0.0,22.45,6.66,66,1020.3,18.2,0.138,23.3,10906X0039/C2-1
963,2019-08-22,42.685696389,2.685378283,2019-08-22T05:03,2019-08-22T18:41,49089.1,0.0,24.36,7.33,40,1020.1,15.9,0.136,23.7,10906X0039/C2-1
964,2019-08-23,42.685696389,2.685378283,2019-08-23T05:04,2019-08-23T18:39,48929.3,0.0,24.13,5.88,13,1019.2,8.3,0.133,23.9,10906X0039/C2-1
965,2019-08-24,42.685696389,2.685378283,2019-08-24T05:05,2019-08-24T18:38,48769.2,0.0,22.81,4.77,8,1018.2,6.1,0.131,24.0,10906X0039/C2-1
966,2019-08-25,42.685696389,2.685378283,2019-08-25T05:06,2019-08-25T18:36,48608.93,0.0,23.67,5.9,6,1016.9,8.3,0.13,24.2,10906X0039/C2-1
967,2019-08-26,42.685696389,2.685378283,2019-08-26T05:07,2019-08-26T18:34,48448.57,0.0,22.01,5.7,49,1015.8,11.1,0.127,24.3,10906X0039/C2-1
968,2019-08-27,42.685696389,2.685378283,2019-08-27T05:08,2019-08-27T18:33,48288.05,0.5,10.38,2.49,95,1016.3,7.0,0.128,24.0,10906X0039/C2-1
969,2019-08-28,42.685696389,2.685378283,2019-08-28T05:09,2019-08-28T18:31,48126.23,0.0,20.02,4.64,26,1016.8,7.2,0.129,24.2,10906X0039/C2-1
970,2019-08-29,42.685696389,2.685378283,2019-08-29T05:10,2019-08-29T18:30,47963.03,0.0,20.98,5.77,26,1018.4,10.8,0.127,24.5,10906X0039/C2-1
971,2019-08-30,42.685696389,2.685378283,2019-08-30T05:11,2019-08-30T18:28,47798.58,0.0,21.56,6.0,29,1018.3,9.5,0.129,24.9,10906X0039/C2-1
972,2019-08-31,42.685696389,2.685378283,2019-08-31T05:12,2019-08-31T18:26,47633.0,0.0,21.25,5.06,16,1015.5,7.1,0.131,25.0,10906X0039/C2-1
973,2019-09-01,42.685696389,2.685378283,2019-09-01T05:13,2019-09-01T18:25,47466.4,0.1,19.56,5.6,65,1015.4,19.8,0.126,24.9,10906X0039/C2-1
974,2019-09-02,42.685696389,2.685378283,2019-09-02T05:14,2019-09-02T18:23,47298.92,0.0,22.15,6.45,13,1019.3,23.7,0.124,24.5,10906X0039/C2-1
975,2019-09-03,42.685696389,2.685378283,2019-09-03T05:16,2019-09-03T18:21,47130.64,0.0,22.93,7.61,24,1020.9,18.9,0.124,24.3,10906X0039/C2-1
976,2019-09-04,42.685696389,2.685378283,2019-09-04T05:17,2019-09-04T18:19,46961.7,0.0,22.68,7.15,3,1018.3,16.5,0.127,24.3,10906X0039/C2-1
977,2019-09-05,42.685696389,2.685378283,2019-09-05T05:18,2019-09-05T18:18,46792.19,0.0,22.44,6.76,3,1019.8,29.6,0.129,24.1,10906X0039/C2-1
978,2019-09-06,42.685696389,2.685378283,2019-09-06T05:19,2019-09-06T18:16,46622.23,0.0,22.58,6.6,6,1021.0,24.6,0.128,23.6,10906X0039/C2-1
979,2019-09-07,42.685696389,2.685378283,2019-09-07T05:20,2019-09-07T18:14,46451.92,0.0,21.7,6.78,31,1020.2,21.1,0.126,23.3,10906X0039/C2-1
980,2019-09-08,42.685696389,2.685378283,2019-09-08T05:21,2019-09-08T18:12,46281.38,0.0,21.98,5.62,16,1018.0,18.7,0.123,23.1,10906X0039/C2-1
981,2019-09-09,42.685696389,2.685378283,2019-09-09T05:22,2019-09-09T18:10,46110.7,0.0,20.86,4.25,51,1015.4,7.9,0.124,22.9,10906X0039/C2-1
982,2019-09-10,42.685696389,2.685378283,2019-09-10T05:23,2019-09-10T18:09,45939.98,21.6,8.08,2.46,98,1013.8,19.9,0.129,22.1,10906X0039/C2-1
983,2019-09-11,42.685696389,2.685378283,2019-09-11T05:24,2019-09-11T18:07,45769.33,7.6,8.36,3.32,78,1022.9,21.6,0.138,21.4,10906X0039/C2-1
984,2019-09-12,42.685696389,2.685378283,2019-09-12T05:25,2019-09-12T18:05,45598.84,0.0,20.85,5.95,0,1028.0,16.2,0.128,22.0,10906X0039/C2-1
985,2019-09-13,42.685696389,2.685378283,2019-09-13T05:26,2019-09-13T18:03,45428.62,0.0,17.59,3.98,48,1028.0,6.9,0.128,22.1,10906X0039/C2-1
986,2019-09-14,42.685696389,2.685378283,2019-09-14T05:27,2019-09-14T18:02,45258.77,0.0,19.17,4.07,74,1025.8,6.5,0.125,22.1,10906X0039/C2-1
987,2019-09-15,42.685696389,2.685378283,2019-09-15T05:28,2019-09-15T18:00,45089.38,0.0,18.53,3.73,39,1023.0,7.0,0.122,22.1,10906X0039/C2-1
988,2019-09-16,42.685696389,2.685378283,2019-09-16T05:29,2019-09-16T17:58,44920.35,0.0,19.13,3.9,11,1019.1,5.6,0.117,22.1,10906X0039/C2-1
989,2019-09-17,42.685696389,2.685378283,2019-09-17T05:31,2019-09-17T17:56,44750.53,0.0,18.45,4.61,16,1015.4,8.9,0.117,22.6,10906X0039/C2-1
990,2019-09-18,42.685696389,2.685378283,2019-09-18T05:32,2019-09-18T17:55,44579.81,0.0,15.34,3.7,51,1015.2,7.1,0.113,22.9,10906X0039/C2-1
991,2019-09-19,42.685696389,2.685378283,2019-09-19T05:33,2019-09-19T17:53,44408.32,0.1,17.1,3.45,42,1017.4,5.3,0.111,22.7,10906X0039/C2-1
992,2019-09-20,42.685696389,2.685378283,2019-09-20T05:34,2019-09-20T17:51,44236.16,0.6,13.45,2.86,54,1019.2,11.5,0.111,22.4,10906X0039/C2-1
993,2019-09-21,42.685696389,2.685378283,2019-09-21T05:35,2019-09-21T17:49,44063.44,41.0,3.99,0.69,97,1014.5,12.2,0.119,22.0,10906X0039/C2-1
994,2019-09-22,42.685696389,2.685378283,2019-09-22T05:36,2019-09-22T17:47,43890.25,1.2,8.7,2.16,73,1012.3,10.3,0.119,21.7,10906X0039/C2-1
995,2019-09-23,42.685696389,2.685378283,2019-09-23T05:37,2019-09-23T17:46,43716.73,0.0,17.43,3.56,63,1018.0,6.8,0.119,21.6,10906X0039/C2-1
996,2019-09-24,42.685696389,2.685378283,2019-09-24T05:38,2019-09-24T17:44,43542.94,0.9,17.76,3.33,45,1014.9,6.3,0.118,21.6,10906X0039/C2-1
997,2019-09-25,42.685696389,2.685378283,2019-09-25T05:39,2019-09-25T17:42,43369.03,1.2,13.89,3.59,80,1015.7,13.8,0.111,21.5,10906X0039/C2-1
998,2019-09-26,42.685696389,2.685378283,2019-09-26T05:40,2019-09-26T17:40,43195.08,0.0,16.9,3.59,19,1018.0,7.3,0.108,21.6,10906X0039/C2-1
999,2019-09-27,42.685696389,2.685378283,2019-09-27T05:41,2019-09-27T17:38,43021.2,0.0,13.42,2.96,51,1018.1,7.2,0.098,21.6,10906X0039/C2-1
1000,2019-09-28,42.685696389,2.685378283,2019-09-28T05:42,2019-09-28T17:37,42847.49,0.0,13.23,2.91,58,1020.1,6.9,0.09,21.8,10906X0039/C2-1
1001,2019-09-29,42.685696389,2.685378283,2019-09-29T05:44,2019-09-29T17:35,42674.06,0.0,17.66,3.51,1,1016.1,6.5,0.088,21.6,10906X0039/C2-1
1002,2019-09-30,42.685696389,2.685378283,2019-09-30T05:45,2019-09-30T17:33,42501.03,0.0,17.31,3.92,2,1015.8,8.1,0.08,21.9,10906X0039/C2-1
1003,2019-10-01,42.685696389,2.685378283,2019-10-01T05:46,2019-10-01T17:31,42328.48,11.3,14.92,3.29,37,1011.3,10.8,0.078,21.8,10906X0039/C2-1
1004,2019-10-02,42.685696389,2.685378283,2019-10-02T05:47,2019-10-02T17:30,42156.53,0.0,15.52,4.12,10,1013.8,24.2,0.083,21.4,10906X0039/C2-1
1005,2019-10-03,42.685696389,2.685378283,2019-10-03T05:48,2019-10-03T17:28,41985.29,0.0,16.11,3.79,50,1016.4,19.1,0.08,21.0,10906X0039/C2-1
1006,2019-10-04,42.685696389,2.685378283,2019-10-04T05:49,2019-10-04T17:26,41814.87,0.9,13.06,3.08,40,1015.9,11.3,0.077,20.7,10906X0039/C2-1
1007,2019-10-05,42.685696389,2.685378283,2019-10-05T05:50,2019-10-05T17:24,41645.38,0.0,16.73,3.63,27,1016.3,14.3,0.075,20.8,10906X0039/C2-1
1008,2019-10-06,42.685696389,2.685378283,2019-10-06T05:51,2019-10-06T17:23,41476.7,0.4,12.18,3.12,61,1017.6,15.4,0.071,20.5,10906X0039/C2-1
1009,2019-10-07,42.685696389,2.685378283,2019-10-07T05:53,2019-10-07T17:21,41307.61,0.0,14.77,4.39,33,1018.0,26.3,0.067,20.4,10906X0039/C2-1
1010,2019-10-08,42.685696389,2.685378283,2019-10-08T05:54,2019-10-08T17:19,41137.98,0.0,15.42,2.87,40,1018.1,4.9,0.062,20.2,10906X0039/C2-1
1011,2019-10-09,42.685696389,2.685378283,2019-10-09T05:55,2019-10-09T17:18,40967.95,0.0,6.86,2.33,63,1018.6,13.0,0.059,20.1,10906X0039/C2-1
1012,2019-10-10,42.685696389,2.685378283,2019-10-10T05:56,2019-10-10T17:16,40797.62,0.0,15.35,3.43,17,1022.0,11.8,0.06,20.1,10906X0039/C2-1
1013,2019-10-11,42.685696389,2.685378283,2019-10-11T05:57,2019-10-11T17:14,40627.12,0.8,14.13,2.35,47,1020.8,5.7,0.06,19.8,10906X0039/C2-1
1014,2019-10-12,42.685696389,2.685378283,2019-10-12T05:58,2019-10-12T17:13,40456.58,0.9,9.58,1.81,88,1017.2,6.6,0.061,20.0,10906X0039/C2-1
1015,2019-10-13,42.685696389,2.685378283,2019-10-13T05:59,2019-10-13T17:11,40286.1,0.1,13.82,3.08,31,1015.9,16.0,0.063,20.4,10906X0039/C2-1
1016,2019-10-14,42.685696389,2.685378283,2019-10-14T06:01,2019-10-14T17:09,40115.82,0.4,11.13,2.67,42,1012.0,16.5,0.062,20.5,10906X0039/C2-1
1017,2019-10-15,42.685696389,2.685378283,2019-10-15T06:02,2019-10-15T17:08,39945.86,2.7,15.11,3.69,23,1014.5,19.6,0.064,20.1,10906X0039/C2-1
1018,2019-10-16,42.685696389,2.685378283,2019-10-16T06:03,2019-10-16T17:06,39776.35,0.0,13.18,2.18,26,1017.1,5.2,0.064,19.4,10906X0039/C2-1
1019,2019-10-17,42.685696389,2.685378283,2019-10-17T06:04,2019-10-17T17:04,39607.41,0.1,9.79,1.69,60,1015.6,3.6,0.063,19.1,10906X0039/C2-1
1020,2019-10-18,42.685696389,2.685378283,2019-10-18T06:05,2019-10-18T17:03,39439.18,0.0,10.85,2.03,78,1013.9,6.0,0.061,19.1,10906X0039/C2-1
1021,2019-10-19,42.685696389,2.685378283,2019-10-19T06:07,2019-10-19T17:01,39271.79,0.6,12.56,2.72,85,1006.2,7.9,0.061,19.3,10906X0039/C2-1
1022,2019-10-20,42.685696389,2.685378283,2019-10-20T06:08,2019-10-20T17:00,39105.36,0.3,9.06,2.53,66,1005.7,15.0,0.055,19.5,10906X0039/C2-1
1023,2019-10-21,42.685696389,2.685378283,2019-10-21T06:09,2019-10-21T16:58,38940.05,1.0,6.07,1.43,98,1018.0,9.4,0.052,19.1,10906X0039/C2-1
1024,2019-10-22,42.685696389,2.685378283,2019-10-22T06:10,2019-10-22T16:56,38775.99,68.5,1.66,0.5,100,1015.8,8.0,0.082,18.6,10906X0039/C2-1
1025,2019-10-23,42.685696389,2.685378283,2019-10-23T06:11,2019-10-23T16:55,38613.33,49.9,6.15,1.14,66,1006.5,14.7,0.152,18.5,10906X0039/C2-1
1026,2019-10-24,42.685696389,2.685378283,2019-10-24T06:13,2019-10-24T16:54,38452.2,0.0,10.67,2.13,39,1014.3,11.0,0.157,18.1,10906X0039/C2-1
1027,2019-10-25,42.685696389,2.685378283,2019-10-25T06:14,2019-10-25T16:52,38292.76,0.0,13.18,3.02,7,1021.0,15.0,0.155,18.1,10906X0039/C2-1
1028,2019-10-26,42.685696389,2.685378283,2019-10-26T06:15,2019-10-26T16:51,38134.91,0.0,12.68,1.98,17,1021.4,6.9,0.152,17.8,10906X0039/C2-1
1029,2019-10-27,42.685696389,2.685378283,2019-10-27T06:16,2019-10-27T16:49,37977.28,0.0,11.26,1.73,82,1020.6,4.8,0.15,17.9,10906X0039/C2-1
1030,2019-10-28,42.685696389,2.685378283,2019-10-28T06:18,2019-10-28T16:48,37819.76,0.6,7.39,1.27,97,1016.9,3.8,0.151,18.0,10906X0039/C2-1
1031,2019-10-29,42.685696389,2.685378283,2019-10-29T06:19,2019-10-29T16:46,37662.49,0.0,11.33,1.92,71,1016.3,5.3,0.151,18.0,10906X0039/C2-1
1032,2019-10-30,42.685696389,2.685378283,2019-10-30T06:20,2019-10-30T16:45,37505.63,0.2,10.93,2.07,50,1018.7,6.8,0.15,18.1,10906X0039/C2-1
1033,2019-10-31,42.685696389,2.685378283,2019-10-31T06:21,2019-10-31T16:44,37349.32,4.8,6.42,1.83,58,1018.9,16.7,0.151,17.9,10906X0039/C2-1
1034,2019-11-01,42.685696389,2.685378283,2019-11-01T06:23,2019-11-01T16:42,37193.72,0.3,5.34,1.02,81,1015.2,5.3,0.15,17.6,10906X0039/C2-1
1035,2019-11-02,42.685696389,2.685378283,2019-11-02T06:24,2019-11-02T16:41,37038.97,13.2,7.62,1.32,73,1004.9,4.3,0.156,17.4,10906X0039/C2-1
1036,2019-11-03,42.685696389,2.685378283,2019-11-03T06:25,2019-11-03T16:40,36885.25,3.2,7.65,2.16,43,996.8,17.9,0.159,17.1,10906X0039/C2-1
1037,2019-11-04,42.685696389,2.685378283,2019-11-04T06:26,2019-11-04T16:39,36732.71,1.6,10.62,2.06,45,1002.1,8.2,0.159,16.8,10906X0039/C2-1
1038,2019-11-05,42.685696389,2.685378283,2019-11-05T06:28,2019-11-05T16:37,36581.51,4.6,8.41,1.27,52,1003.2,4.5,0.161,16.5,10906X0039/C2-1
1039,2019-11-06,42.685696389,2.685378283,2019-11-06T06:29,2019-11-06T16:36,36431.83,0.0,10.02,2.16,30,1009.0,15.7,0.162,15.9,10906X0039/C2-1
1040,2019-11-07,42.685696389,2.685378283,2019-11-07T06:30,2019-11-07T16:35,36283.85,3.2,3.74,1.0,66,1007.3,10.0,0.163,15.2,10906X0039/C2-1
1041,2019-11-08,42.685696389,2.685378283,2019-11-08T06:31,2019-11-08T16:34,36137.72,1.3,8.96,1.39,63,1007.0,8.5,0.165,14.4,10906X0039/C2-1
1042,2019-11-09,42.685696389,2.685378283,2019-11-09T06:33,2019-11-09T16:33,35993.63,2.1,10.43,2.12,43,1012.0,18.6,0.171,14.3,10906X0039/C2-1
1043,2019-11-10,42.685696389,2.685378283,2019-11-10T06:34,2019-11-10T16:32,35851.77,1.0,10.28,2.07,46,1011.4,24.2,0.171,14.1,10906X0039/C2-1
1044,2019-11-11,42.685696389,2.685378283,2019-11-11T06:35,2019-11-11T16:30,35712.33,1.2,9.8,2.58,51,1012.3,22.6,0.17,13.9,10906X0039/C2-1
1045,2019-11-12,42.685696389,2.685378283,2019-11-12T06:36,2019-11-12T16:29,35575.49,0.2,9.26,2.28,44,1009.7,21.7,0.169,13.9,10906X0039/C2-1
1046,2019-11-13,42.685696389,2.685378283,2019-11-13T06:38,2019-11-13T16:28,35441.45,0.5,4.07,1.16,82,1007.3,13.2,0.169,13.7,10906X0039/C2-1
1047,2019-11-14,42.685696389,2.685378283,2019-11-14T06:39,2019-11-14T16:27,35310.4,2.5,4.01,0.85,90,999.8,11.1,0.168,13.0,10906X0039/C2-1
1048,2019-11-15,42.685696389,2.685378283,2019-11-15T06:40,2019-11-15T16:27,35182.3,5.4,8.46,1.07,55,1001.1,9.1,0.17,12.2,10906X0039/C2-1
1049,2019-11-16,42.685696389,2.685378283,2019-11-16T06:41,2019-11-16T16:26,35055.8,0.0,10.17,1.29,22,1009.7,7.8,0.173,11.9,10906X0039/C2-1
1050,2019-11-17,42.685696389,2.685378283,2019-11-17T06:43,2019-11-17T16:25,34930.8,0.6,5.91,1.01,72,1008.3,7.8,0.173,11.7,10906X0039/C2-1
1051,2019-11-18,42.685696389,2.685378283,2019-11-18T06:44,2019-11-18T16:24,34807.46,0.2,4.6,1.11,58,1012.7,17.1,0.173,11.5,10906X0039/C2-1
1052,2019-11-19,42.685696389,2.685378283,2019-11-19T06:45,2019-11-19T16:23,34685.93,0.0,9.54,1.83,13,1015.8,19.9,0.174,11.3,10906X0039/C2-1
1053,2019-11-20,42.685696389,2.685378283,2019-11-20T06:46,2019-11-20T16:22,34566.36,0.0,9.67,1.16,43,1010.5,6.0,0.173,10.9,10906X0039/C2-1
1054,2019-11-21,42.685696389,2.685378283,2019-11-21T06:48,2019-11-21T16:22,34448.92,0.0,9.48,1.36,47,1006.1,6.8,0.173,10.6,10906X0039/C2-1
1055,2019-11-22,42.685696389,2.685378283,2019-11-22T06:49,2019-11-22T16:21,34333.78,2.9,7.63,1.54,84,999.2,14.5,0.172,10.6,10906X0039/C2-1
1056,2019-11-23,42.685696389,2.685378283,2019-11-23T06:50,2019-11-23T16:20,34221.09,6.3,7.15,1.6,63,992.0,18.2,0.177,11.3,10906X0039/C2-1
1057,2019-11-24,42.685696389,2.685378283,2019-11-24T06:51,2019-11-24T16:20,34111.02,0.1,9.03,2.35,26,1007.7,24.3,0.178,11.4,10906X0039/C2-1
1058,2019-11-25,42.685696389,2.685378283,2019-11-25T06:52,2019-11-25T16:19,34003.76,0.0,8.49,1.78,59,1010.9,10.6,0.177,11.4,10906X0039/C2-1
1059,2019-11-26,42.685696389,2.685378283,2019-11-26T06:54,2019-11-26T16:19,33899.46,0.0,8.43,1.15,66,1008.7,5.9,0.177,11.5,10906X0039/C2-1
1060,2019-11-27,42.685696389,2.685378283,2019-11-27T06:55,2019-11-27T16:18,33798.3,0.0,7.61,1.36,64,1005.9,8.8,0.176,11.9,10906X0039/C2-1
1061,2019-11-28,42.685696389,2.685378283,2019-11-28T06:56,2019-11-28T16:18,33700.46,0.0,7.84,1.42,47,1010.8,8.9,0.176,12.1,10906X0039/C2-1
1062,2019-11-29,42.685696389,2.685378283,2019-11-29T06:57,2019-11-29T16:17,33606.13,0.0,6.72,1.46,46,1017.2,10.7,0.175,12.2,10906X0039/C2-1
1063,2019-11-30,42.685696389,2.685378283,2019-11-30T06:58,2019-11-30T16:17,33515.47,0.3,3.36,0.64,81,1017.3,6.4,0.176,12.0,10906X0039/C2-1
1064,2019-12-01,42.685696389,2.685378283,2019-12-01T06:59,2019-12-01T16:16,33428.68,2.8,4.98,0.88,61,1013.1,7.2,0.178,12.0,10906X0039/C2-1
1065,2019-12-02,42.685696389,2.685378283,2019-12-02T07:00,2019-12-02T16:16,33345.93,0.0,8.38,1.73,9,1018.5,19.5,0.178,12.0,10906X0039/C2-1
1066,2019-12-03,42.685696389,2.685378283,2019-12-03T07:01,2019-12-03T16:16,33267.41,0.1,5.14,0.97,64,1020.6,9.7,0.177,11.8,10906X0039/C2-1
1067,2019-12-04,42.685696389,2.685378283,2019-12-04T07:02,2019-12-04T16:16,33193.31,46.6,1.11,0.32,100,1016.8,6.5,0.189,11.5,10906X0039/C2-1
1068,2019-12-05,42.685696389,2.685378283,2019-12-05T07:03,2019-12-05T16:15,33123.64,10.8,1.56,0.54,92,1021.5,7.4,0.209,11.5,10906X0039/C2-1
1069,2019-12-06,42.685696389,2.685378283,2019-12-06T07:04,2019-12-06T16:15,33057.55,0.0,8.02,1.01,12,1022.8,5.0,0.209,11.4,10906X0039/C2-1
1070,2019-12-07,42.685696389,2.685378283,2019-12-07T07:05,2019-12-07T16:15,32994.96,0.0,7.62,1.25,10,1022.5,8.5,0.209,11.2,10906X0039/C2-1
1071,2019-12-08,42.685696389,2.685378283,2019-12-08T07:06,2019-12-08T16:15,32935.95,1.6,7.85,1.18,33,1020.7,7.6,0.208,11.1,10906X0039/C2-1
1072,2019-12-09,42.685696389,2.685378283,2019-12-09T07:07,2019-12-09T16:15,32880.6,3.1,6.25,1.99,51,1020.6,32.6,0.208,11.3,10906X0039/C2-1
1073,2019-12-10,42.685696389,2.685378283,2019-12-10T07:08,2019-12-10T16:15,32828.97,0.0,7.56,1.75,62,1024.0,22.6,0.207,11.3,10906X0039/C2-1
1074,2019-12-11,42.685696389,2.685378283,2019-12-11T07:09,2019-12-11T16:15,32781.14,2.5,5.09,1.19,81,1017.5,11.4,0.206,10.7,10906X0039/C2-1
1075,2019-12-12,42.685696389,2.685378283,2019-12-12T07:10,2019-12-12T16:15,32737.18,10.2,2.24,0.62,96,1009.4,6.4,0.207,10.7,10906X0039/C2-1
1076,2019-12-13,42.685696389,2.685378283,2019-12-13T07:10,2019-12-13T16:15,32697.16,33.0,1.57,1.26,99,1000.0,23.1,0.229,11.0,10906X0039/C2-1
1077,2019-12-14,42.685696389,2.685378283,2019-12-14T07:11,2019-12-14T16:16,32661.15,0.0,7.13,2.11,44,1010.5,13.7,0.234,11.7,10906X0039/C2-1
1078,2019-12-15,42.685696389,2.685378283,2019-12-15T07:12,2019-12-15T16:16,32629.22,0.5,7.22,0.95,45,1011.5,6.9,0.233,11.6,10906X0039/C2-1
1079,2019-12-16,42.685696389,2.685378283,2019-12-16T07:13,2019-12-16T16:16,32601.43,0.0,5.34,0.95,90,1007.0,14.8,0.233,11.7,10906X0039/C2-1
1080,2019-12-17,42.685696389,2.685378283,2019-12-17T07:13,2019-12-17T16:16,32577.86,0.6,6.77,1.13,66,1006.2,17.3,0.232,12.1,10906X0039/C2-1
1081,2019-12-18,42.685696389,2.685378283,2019-12-18T07:14,2019-12-18T16:17,32558.55,0.0,5.48,0.89,71,1015.0,11.1,0.231,12.2,10906X0039/C2-1
1082,2019-12-19,42.685696389,2.685378283,2019-12-19T07:15,2019-12-19T16:17,32543.58,0.2,3.77,0.89,57,1009.7,10.5,0.231,12.2,10906X0039/C2-1
1083,2019-12-20,42.685696389,2.685378283,2019-12-20T07:15,2019-12-20T16:17,32533.0,6.3,6.47,1.17,75,996.3,14.2,0.227,12.4,10906X0039/C2-1
1084,2019-12-21,42.685696389,2.685378283,2019-12-21T07:16,2019-12-21T16:18,32526.86,8.4,6.94,1.2,26,996.9,11.2,0.229,12.1,10906X0039/C2-1
1085,2019-12-22,42.685696389,2.685378283,2019-12-22T07:16,2019-12-22T16:18,32525.22,2.5,6.42,2.06,66,1005.4,18.1,0.234,12.0,10906X0039/C2-1
1086,2019-12-23,42.685696389,2.685378283,2019-12-23T07:17,2019-12-23T16:19,32528.14,0.1,6.2,2.04,31,1021.0,19.8,0.235,12.0,10906X0039/C2-1
1087,2019-12-24,42.685696389,2.685378283,2019-12-24T07:17,2019-12-24T16:19,32535.66,0.0,7.24,1.81,40,1024.0,11.5,0.234,12.0,10906X0039/C2-1
1088,2019-12-25,42.685696389,2.685378283,2019-12-25T07:18,2019-12-25T16:20,32547.84,0.0,7.15,1.29,27,1023.1,8.0,0.235,12.4,10906X0039/C2-1
1089,2019-12-26,42.685696389,2.685378283,2019-12-26T07:18,2019-12-26T16:21,32564.79,0.0,5.75,1.81,45,1025.1,19.0,0.234,12.1,10906X0039/C2-1
1090,2019-12-27,42.685696389,2.685378283,2019-12-27T07:18,2019-12-27T16:21,32586.45,0.0,7.54,2.03,39,1029.0,19.9,0.233,12.0,10906X0039/C2-1
1091,2019-12-28,42.685696389,2.685378283,2019-12-28T07:18,2019-12-28T16:22,32612.73,0.0,7.72,1.28,35,1030.9,10.0,0.232,12.0,10906X0039/C2-1
1092,2019-12-29,42.685696389,2.685378283,2019-12-29T07:19,2019-12-29T16:23,32643.56,0.0,7.69,0.88,23,1033.2,5.2,0.231,11.4,10906X0039/C2-1
1093,2019-12-30,42.685696389,2.685378283,2019-12-30T07:19,2019-12-30T16:23,32678.81,0.0,4.24,0.52,93,1033.2,4.1,0.23,11.0,10906X0039/C2-1
1094,2019-12-31,42.685696389,2.685378283,2019-12-31T07:19,2019-12-31T16:24,32718.42,0.0,7.2,0.84,49,1032.3,4.8,0.23,10.9,10906X0039/C2-1
1095,2020-01-01,42.685696389,2.685378283,2020-01-01T07:19,2020-01-01T16:25,32762.27,0.0,7.32,0.95,41,1031.7,3.7,0.23,10.5,10906X0039/C2-1
1096,2020-01-02,42.685696389,2.685378283,2020-01-02T07:19,2020-01-02T16:26,32810.28,0.0,4.82,0.55,89,1031.2,3.6,0.229,10.2,10906X0039/C2-1
1097,2020-01-03,42.685696389,2.685378283,2020-01-03T07:19,2020-01-03T16:27,32862.34,0.0,6.2,1.37,86,1030.6,11.6,0.229,10.4,10906X0039/C2-1
1098,2020-01-04,42.685696389,2.685378283,2020-01-04T07:19,2020-01-04T16:28,32918.35,0.0,7.3,1.83,30,1031.8,23.8,0.228,10.8,10906X0039/C2-1
1099,2020-01-05,42.685696389,2.685378283,2020-01-05T07:19,2020-01-05T16:29,32978.21,0.0,8.21,2.36,13,1029.5,18.9,0.231,10.9,10906X0039/C2-1
1100,2020-01-06,42.685696389,2.685378283,2020-01-06T07:19,2020-01-06T16:30,33041.83,0.0,6.63,0.8,22,1030.1,5.0,0.228,10.2,10906X0039/C2-1
1101,2020-01-07,42.685696389,2.685378283,2020-01-07T07:19,2020-01-07T16:31,33109.09,0.0,7.01,1.67,78,1029.6,15.9,0.227,10.1,10906X0039/C2-1
1102,2020-01-08,42.685696389,2.685378283,2020-01-08T07:19,2020-01-08T16:32,33179.9,0.1,6.77,1.22,53,1030.3,8.3,0.223,10.5,10906X0039/C2-1
1103,2020-01-09,42.685696389,2.685378283,2020-01-09T07:19,2020-01-09T16:33,33254.15,0.0,8.22,1.04,32,1024.6,8.1,0.221,10.2,10906X0039/C2-1
1104,2020-01-10,42.685696389,2.685378283,2020-01-10T07:18,2020-01-10T16:34,33331.74,1.4,7.43,1.93,53,1026.6,21.3,0.221,10.4,10906X0039/C2-1
1105,2020-01-11,42.685696389,2.685378283,2020-01-11T07:18,2020-01-11T16:35,33412.57,0.0,8.67,1.7,4,1030.8,17.9,0.223,10.4,10906X0039/C2-1
1106,2020-01-12,42.685696389,2.685378283,2020-01-12T07:18,2020-01-12T16:36,33496.53,0.0,8.98,1.4,8,1029.4,6.3,0.221,9.7,10906X0039/C2-1
1107,2020-01-13,42.685696389,2.685378283,2020-01-13T07:17,2020-01-13T16:37,33583.53,0.0,7.03,1.02,69,1024.0,6.3,0.22,9.4,10906X0039/C2-1
1108,2020-01-14,42.685696389,2.685378283,2020-01-14T07:17,2020-01-14T16:38,33673.64,0.0,5.64,0.67,62,1020.5,7.3,0.219,9.3,10906X0039/C2-1
1109,2020-01-15,42.685696389,2.685378283,2020-01-15T07:17,2020-01-15T16:39,33767.88,0.0,6.64,0.82,61,1023.1,5.9,0.219,9.1,10906X0039/C2-1
1110,2020-01-16,42.685696389,2.685378283,2020-01-16T07:16,2020-01-16T16:41,33866.23,0.0,6.96,0.83,35,1026.7,5.1,0.217,9.0,10906X0039/C2-1
1111,2020-01-17,42.685696389,2.685378283,2020-01-17T07:16,2020-01-17T16:42,33968.51,4.4,5.57,1.58,44,1025.0,16.0,0.218,9.3,10906X0039/C2-1
1112,2020-01-18,42.685696389,2.685378283,2020-01-18T07:15,2020-01-18T16:43,34074.5,0.3,7.09,1.16,82,1027.3,7.0,0.216,9.2,10906X0039/C2-1
1113,2020-01-19,42.685696389,2.685378283,2020-01-19T07:14,2020-01-19T16:44,34184.02,0.2,5.9,1.94,76,1027.5,18.6,0.215,9.2,10906X0039/C2-1
1114,2020-01-20,42.685696389,2.685378283,2020-01-20T07:14,2020-01-20T16:45,34296.86,11.6,1.65,1.07,99,1034.1,17.3,0.215,8.8,10906X0039/C2-1
1115,2020-01-21,42.685696389,2.685378283,2020-01-21T07:13,2020-01-21T16:47,34412.84,78.5,1.23,0.3,100,1032.6,12.3,0.251,8.3,10906X0039/C2-1
1116,2020-01-22,42.685696389,2.685378283,2020-01-22T07:12,2020-01-22T16:48,34531.77,111.2,0.92,0.23,100,1024.3,24.9,0.304,9.0,10906X0039/C2-1
1117,2020-01-23,42.685696389,2.685378283,2020-01-23T07:12,2020-01-23T16:49,34653.47,37.3,4.1,0.53,84,1021.6,16.4,0.338,9.7,10906X0039/C2-1
1118,2020-01-24,42.685696389,2.685378283,2020-01-24T07:11,2020-01-24T16:51,34777.74,0.0,8.85,1.09,56,1021.9,4.7,0.341,9.5,10906X0039/C2-1
1119,2020-01-25,42.685696389,2.685378283,2020-01-25T07:10,2020-01-25T16:52,34904.42,0.0,5.75,0.87,90,1019.5,5.1,0.34,9.6,10906X0039/C2-1
1120,2020-01-26,42.685696389,2.685378283,2020-01-26T07:09,2020-01-26T16:53,35033.31,0.0,6.49,1.07,74,1020.1,9.7,0.335,9.5,10906X0039/C2-1
1121,2020-01-27,42.685696389,2.685378283,2020-01-27T07:08,2020-01-27T16:54,35164.26,0.0,6.65,0.81,71,1018.4,4.9,0.332,9.1,10906X0039/C2-1
1122,2020-01-28,42.685696389,2.685378283,2020-01-28T07:08,2020-01-28T16:56,35297.09,0.0,7.83,1.64,43,1016.7,13.2,0.331,9.1,10906X0039/C2-1
1123,2020-01-29,42.685696389,2.685378283,2020-01-29T07:07,2020-01-29T16:57,35431.62,0.0,8.36,1.29,67,1020.9,6.3,0.33,9.2,10906X0039/C2-1
1124,2020-01-30,42.685696389,2.685378283,2020-01-30T07:06,2020-01-30T16:58,35567.71,0.6,4.24,0.67,72,1019.9,4.6,0.329,9.3,10906X0039/C2-1
1125,2020-01-31,42.685696389,2.685378283,2020-01-31T07:05,2020-01-31T17:00,35705.17,0.0,8.8,1.44,53,1020.1,6.9,0.326,9.8,10906X0039/C2-1
1126,2020-02-01,42.685696389,2.685378283,2020-02-01T07:04,2020-02-01T17:01,35843.87,0.1,7.38,1.47,35,1020.3,9.8,0.325,9.9,10906X0039/C2-1
1127,2020-02-02,42.685696389,2.685378283,2020-02-02T07:03,2020-02-02T17:02,35983.64,0.0,9.3,1.76,66,1024.5,6.5,0.326,10.3,10906X0039/C2-1
1128,2020-02-03,42.685696389,2.685378283,2020-02-03T07:02,2020-02-03T17:04,36124.59,0.0,10.9,2.49,54,1025.2,9.4,0.326,11.0,10906X0039/C2-1
1129,2020-02-04,42.685696389,2.685378283,2020-02-04T07:00,2020-02-04T17:05,36268.12,0.3,4.27,2.5,52,1024.7,27.0,0.329,11.3,10906X0039/C2-1
1130,2020-02-05,42.685696389,2.685378283,2020-02-05T06:59,2020-02-05T17:06,36414.29,0.0,11.84,2.63,8,1029.8,24.3,0.328,10.9,10906X0039/C2-1
1131,2020-02-06,42.685696389,2.685378283,2020-02-06T06:58,2020-02-06T17:08,36562.92,0.0,10.86,1.4,22,1026.6,4.5,0.319,10.2,10906X0039/C2-1
1132,2020-02-07,42.685696389,2.685378283,2020-02-07T06:57,2020-02-07T17:09,36713.82,0.0,8.9,1.09,94,1024.6,2.7,0.318,10.0,10906X0039/C2-1
1133,2020-02-08,42.685696389,2.685378283,2020-02-08T06:56,2020-02-08T17:10,36866.79,0.0,8.74,1.22,73,1025.3,5.2,0.316,10.1,10906X0039/C2-1
1134,2020-02-09,42.685696389,2.685378283,2020-02-09T06:55,2020-02-09T17:12,37021.68,0.0,9.38,1.24,65,1027.0,4.9,0.313,10.2,10906X0039/C2-1
1135,2020-02-10,42.685696389,2.685378283,2020-02-10T06:53,2020-02-10T17:13,37178.29,0.0,11.24,2.13,60,1024.6,10.4,0.312,10.7,10906X0039/C2-1
1136,2020-02-11,42.685696389,2.685378283,2020-02-11T06:52,2020-02-11T17:14,37336.45,0.0,11.35,2.31,43,1023.7,17.7,0.311,11.2,10906X0039/C2-1
1137,2020-02-12,42.685696389,2.685378283,2020-02-12T06:51,2020-02-12T17:15,37496.01,0.0,8.31,1.36,82,1024.7,7.6,0.307,11.3,10906X0039/C2-1
1138,2020-02-13,42.685696389,2.685378283,2020-02-13T06:49,2020-02-13T17:17,37656.78,0.0,11.93,1.74,36,1020.5,7.3,0.306,11.0,10906X0039/C2-1
1139,2020-02-14,42.685696389,2.685378283,2020-02-14T06:48,2020-02-14T17:18,37818.61,0.0,10.44,1.91,37,1024.8,11.1,0.307,11.3,10906X0039/C2-1
1140,2020-02-15,42.685696389,2.685378283,2020-02-15T06:46,2020-02-15T17:19,37981.35,0.7,7.59,0.97,72,1026.1,5.2,0.31,10.9,10906X0039/C2-1
1141,2020-02-16,42.685696389,2.685378283,2020-02-16T06:45,2020-02-16T17:21,38144.83,0.8,6.23,0.85,100,1024.3,5.6,0.31,11.0,10906X0039/C2-1
1142,2020-02-17,42.685696389,2.685378283,2020-02-17T06:44,2020-02-17T17:22,38308.9,0.6,7.69,1.73,96,1025.4,14.5,0.311,11.3,10906X0039/C2-1
1143,2020-02-18,42.685696389,2.685378283,2020-02-18T06:42,2020-02-18T17:23,38473.41,0.0,14.07,2.53,19,1031.9,18.8,0.308,11.3,10906X0039/C2-1
1144,2020-02-19,42.685696389,2.685378283,2020-02-19T06:41,2020-02-19T17:25,38638.22,0.0,13.38,2.51,27,1030.2,15.9,0.306,11.1,10906X0039/C2-1
1145,2020-02-20,42.685696389,2.685378283,2020-02-20T06:39,2020-02-20T17:26,38803.18,0.0,14.32,1.99,4,1025.7,6.4,0.305,10.8,10906X0039/C2-1
1146,2020-02-21,42.685696389,2.685378283,2020-02-21T06:38,2020-02-21T17:27,38968.15,0.0,14.41,2.56,20,1029.2,15.6,0.298,11.0,10906X0039/C2-1
1147,2020-02-22,42.685696389,2.685378283,2020-02-22T06:36,2020-02-22T17:28,39132.99,0.0,14.57,2.25,18,1031.7,5.8,0.296,11.0,10906X0039/C2-1
1148,2020-02-23,42.685696389,2.685378283,2020-02-23T06:35,2020-02-23T17:30,39297.82,0.0,14.84,2.99,1,1030.9,9.1,0.3,11.2,10906X0039/C2-1
1149,2020-02-24,42.685696389,2.685378283,2020-02-24T06:33,2020-02-24T17:31,39464.01,0.0,15.36,3.19,0,1023.8,8.0,0.3,11.6,10906X0039/C2-1
1150,2020-02-25,42.685696389,2.685378283,2020-02-25T06:32,2020-02-25T17:32,39631.68,0.6,9.6,2.69,58,1015.6,17.0,0.299,11.6,10906X0039/C2-1
1151,2020-02-26,42.685696389,2.685378283,2020-02-26T06:30,2020-02-26T17:34,39800.7,1.3,14.21,2.72,35,1015.6,27.5,0.296,11.6,10906X0039/C2-1
1152,2020-02-27,42.685696389,2.685378283,2020-02-27T06:29,2020-02-27T17:35,39970.92,0.9,10.26,2.5,88,1014.8,12.6,0.295,11.4,10906X0039/C2-1
1153,2020-02-28,42.685696389,2.685378283,2020-02-28T06:27,2020-02-28T17:36,40142.2,0.4,10.58,1.85,94,1019.8,8.0,0.296,11.7,10906X0039/C2-1
1154,2020-02-29,42.685696389,2.685378283,2020-02-29T06:25,2020-02-29T17:37,40314.4,0.4,12.76,2.31,86,1008.3,8.2,0.291,11.7,10906X0039/C2-1
1155,2020-03-01,42.685696389,2.685378283,2020-03-01T06:24,2020-03-01T17:38,40487.4,0.2,11.03,1.82,71,1007.8,6.1,0.288,11.9,10906X0039/C2-1
1156,2020-03-02,42.685696389,2.685378283,2020-03-02T06:22,2020-03-02T17:40,40661.07,4.7,10.79,2.32,61,998.1,24.2,0.298,11.6,10906X0039/C2-1
1157,2020-03-03,42.685696389,2.685378283,2020-03-03T06:20,2020-03-03T17:41,40835.27,21.5,6.56,1.62,81,1009.4,14.4,0.304,11.1,10906X0039/C2-1
1158,2020-03-04,42.685696389,2.685378283,2020-03-04T06:19,2020-03-04T17:42,41009.88,1.3,5.49,1.08,85,1015.6,8.7,0.319,10.9,10906X0039/C2-1
1159,2020-03-05,42.685696389,2.685378283,2020-03-05T06:17,2020-03-05T17:43,41184.77,2.1,11.17,2.3,50,1005.8,16.8,0.319,11.0,10906X0039/C2-1
1160,2020-03-06,42.685696389,2.685378283,2020-03-06T06:15,2020-03-06T17:45,41359.83,2.6,14.49,2.66,53,1009.3,21.4,0.318,11.0,10906X0039/C2-1
1161,2020-03-07,42.685696389,2.685378283,2020-03-07T06:14,2020-03-07T17:46,41534.93,0.8,16.15,2.89,53,1020.8,30.9,0.32,10.7,10906X0039/C2-1
1162,2020-03-08,42.685696389,2.685378283,2020-03-08T06:12,2020-03-08T17:47,41709.93,0.1,16.11,2.77,59,1021.8,9.2,0.317,11.1,10906X0039/C2-1
1163,2020-03-09,42.685696389,2.685378283,2020-03-09T06:10,2020-03-09T17:48,41884.74,1.6,13.94,2.83,52,1021.6,27.8,0.313,11.3,10906X0039/C2-1
1164,2020-03-10,42.685696389,2.685378283,2020-03-10T06:08,2020-03-10T17:49,42059.21,0.1,8.31,2.07,91,1023.3,11.5,0.313,11.3,10906X0039/C2-1
1165,2020-03-11,42.685696389,2.685378283,2020-03-11T06:07,2020-03-11T17:51,42233.24,0.0,17.88,3.17,9,1022.4,10.9,0.31,11.7,10906X0039/C2-1
1166,2020-03-12,42.685696389,2.685378283,2020-03-12T06:05,2020-03-12T17:52,42406.71,0.0,16.14,2.94,93,1020.3,9.0,0.31,12.1,10906X0039/C2-1
1167,2020-03-13,42.685696389,2.685378283,2020-03-13T06:03,2020-03-13T17:53,42579.48,3.3,13.78,2.71,80,1020.7,18.1,0.308,12.3,10906X0039/C2-1
1168,2020-03-14,42.685696389,2.685378283,2020-03-14T06:02,2020-03-14T17:54,42751.69,0.0,19.27,3.3,7,1020.6,17.6,0.303,12.3,10906X0039/C2-1
1169,2020-03-15,42.685696389,2.685378283,2020-03-15T06:00,2020-03-15T17:55,42924.58,0.1,8.91,1.43,79,1017.4,14.2,0.3,11.9,10906X0039/C2-1
1170,2020-03-16,42.685696389,2.685378283,2020-03-16T05:58,2020-03-16T17:57,43098.3,14.5,5.6,0.98,98,1019.6,17.6,0.303,12.1,10906X0039/C2-1
1171,2020-03-17,42.685696389,2.685378283,2020-03-17T05:57,2020-03-17T17:58,43272.72,0.6,9.49,1.4,73,1029.2,6.4,0.312,12.0,10906X0039/C2-1
1172,2020-03-18,42.685696389,2.685378283,2020-03-18T05:55,2020-03-18T17:59,43447.73,0.0,18.93,2.89,17,1027.1,6.7,0.312,12.3,10906X0039/C2-1
1173,2020-03-19,42.685696389,2.685378283,2020-03-19T05:53,2020-03-19T18:00,43623.23,0.0,19.47,2.65,2,1023.4,6.7,0.308,12.1,10906X0039/C2-1
1174,2020-03-20,42.685696389,2.685378283,2020-03-20T05:51,2020-03-20T18:01,43799.1,0.0,19.77,2.91,65,1019.6,9.4,0.308,11.9,10906X0039/C2-1
1175,2020-03-21,42.685696389,2.685378283,2020-03-21T05:49,2020-03-21T18:02,43975.24,0.2,16.02,2.24,73,1014.6,9.4,0.308,11.7,10906X0039/C2-1
1176,2020-03-22,42.685696389,2.685378283,2020-03-22T05:48,2020-03-22T18:04,44151.55,0.5,14.45,2.04,69,1014.7,7.0,0.306,11.9,10906X0039/C2-1
1177,2020-03-23,42.685696389,2.685378283,2020-03-23T05:46,2020-03-23T18:05,44327.89,10.0,10.65,1.59,85,1020.8,9.2,0.307,11.9,10906X0039/C2-1
1178,2020-03-24,42.685696389,2.685378283,2020-03-24T05:44,2020-03-24T18:06,44504.18,0.6,11.28,1.91,82,1021.7,10.6,0.306,11.8,10906X0039/C2-1
1179,2020-03-25,42.685696389,2.685378283,2020-03-25T05:42,2020-03-25T18:07,44680.3,0.1,19.36,2.94,61,1016.4,9.7,0.304,11.6,10906X0039/C2-1
1180,2020-03-26,42.685696389,2.685378283,2020-03-26T05:41,2020-03-26T18:08,44856.13,16.0,4.92,0.69,71,1012.4,6.0,0.316,10.7,10906X0039/C2-1
1181,2020-03-27,42.685696389,2.685378283,2020-03-27T05:39,2020-03-27T18:09,45031.57,0.0,12.32,2.74,91,1014.3,15.7,0.322,10.2,10906X0039/C2-1
1182,2020-03-28,42.685696389,2.685378283,2020-03-28T05:37,2020-03-28T18:10,45206.51,0.0,19.77,3.95,58,1016.7,13.0,0.317,10.9,10906X0039/C2-1
1183,2020-03-29,42.685696389,2.685378283,2020-03-29T05:35,2020-03-29T18:12,45380.83,0.0,20.74,4.19,49,1015.7,20.4,0.311,11.4,10906X0039/C2-1
1184,2020-03-30,42.685696389,2.685378283,2020-03-30T05:34,2020-03-30T18:13,45554.42,3.3,12.91,2.05,85,1016.2,16.0,0.311,11.0,10906X0039/C2-1
1185,2020-03-31,42.685696389,2.685378283,2020-03-31T05:32,2020-03-31T18:14,45727.16,2.6,17.16,2.3,88,1016.5,7.2,0.31,10.8,10906X0039/C2-1
1186,2020-04-01,42.685696389,2.685378283,2020-04-01T05:30,2020-04-01T18:15,45898.94,4.9,7.19,1.28,97,1017.2,12.8,0.315,10.9,10906X0039/C2-1
1187,2020-04-02,42.685696389,2.685378283,2020-04-02T05:28,2020-04-02T18:16,46069.62,0.1,7.16,1.38,80,1014.4,6.3,0.316,10.7,10906X0039/C2-1
1188,2020-04-03,42.685696389,2.685378283,2020-04-03T05:27,2020-04-03T18:17,46239.32,0.0,21.74,4.1,12,1016.3,19.0,0.316,11.0,10906X0039/C2-1
1189,2020-04-04,42.685696389,2.685378283,2020-04-04T05:25,2020-04-04T18:18,46409.23,0.0,22.93,3.24,1,1018.9,9.1,0.311,11.1,10906X0039/C2-1
1190,2020-04-05,42.685696389,2.685378283,2020-04-05T05:23,2020-04-05T18:20,46579.45,0.0,23.37,4.39,0,1018.8,15.9,0.305,11.2,10906X0039/C2-1
1191,2020-04-06,42.685696389,2.685378283,2020-04-06T05:22,2020-04-06T18:21,46749.89,0.0,21.95,3.52,63,1023.2,10.1,0.302,11.3,10906X0039/C2-1
1192,2020-04-07,42.685696389,2.685378283,2020-04-07T05:20,2020-04-07T18:22,46920.45,0.0,15.15,2.7,95,1025.8,9.3,0.295,11.6,10906X0039/C2-1
1193,2020-04-08,42.685696389,2.685378283,2020-04-08T05:18,2020-04-08T18:23,47091.0,0.2,18.29,3.0,41,1024.5,7.1,0.292,11.9,10906X0039/C2-1
1194,2020-04-09,42.685696389,2.685378283,2020-04-09T05:17,2020-04-09T18:24,47261.45,0.0,22.59,3.45,3,1022.3,7.9,0.292,12.1,10906X0039/C2-1
1195,2020-04-10,42.685696389,2.685378283,2020-04-10T05:15,2020-04-10T18:25,47431.68,0.0,23.86,3.93,1,1021.5,8.9,0.286,12.3,10906X0039/C2-1
1196,2020-04-11,42.685696389,2.685378283,2020-04-11T05:13,2020-04-11T18:27,47601.58,0.0,17.7,2.66,77,1022.3,7.6,0.281,12.5,10906X0039/C2-1
1197,2020-04-12,42.685696389,2.685378283,2020-04-12T05:11,2020-04-12T18:28,47771.04,0.0,17.38,3.54,73,1017.4,9.6,0.278,12.9,10906X0039/C2-1
1198,2020-04-13,42.685696389,2.685378283,2020-04-13T05:10,2020-04-13T18:29,47939.94,19.1,3.44,0.66,98,1013.0,7.8,0.283,12.6,10906X0039/C2-1
1199,2020-04-14,42.685696389,2.685378283,2020-04-14T05:08,2020-04-14T18:30,48108.17,0.0,23.75,4.1,32,1013.5,7.5,0.297,12.7,10906X0039/C2-1
1200,2020-04-15,42.685696389,2.685378283,2020-04-15T05:07,2020-04-15T18:31,48275.6,0.5,18.9,3.04,68,1018.8,14.8,0.297,12.7,10906X0039/C2-1
1201,2020-04-16,42.685696389,2.685378283,2020-04-16T05:05,2020-04-16T18:32,48442.11,0.0,19.82,3.01,66,1018.4,13.7,0.296,13.1,10906X0039/C2-1
1202,2020-04-17,42.685696389,2.685378283,2020-04-17T05:03,2020-04-17T18:33,48607.57,0.9,6.29,1.18,100,1016.4,6.3,0.295,13.3,10906X0039/C2-1
1203,2020-04-18,42.685696389,2.685378283,2020-04-18T05:02,2020-04-18T18:35,48771.87,5.1,10.72,1.66,99,1016.7,8.2,0.296,13.5,10906X0039/C2-1
1204,2020-04-19,42.685696389,2.685378283,2020-04-19T05:00,2020-04-19T18:36,48934.87,17.5,5.68,0.89,100,1011.2,8.9,0.305,13.5,10906X0039/C2-1
1205,2020-04-20,42.685696389,2.685378283,2020-04-20T04:59,2020-04-20T18:37,49096.42,48.2,3.22,0.82,100,1007.3,9.7,0.336,13.4,10906X0039/C2-1
1206,2020-04-21,42.685696389,2.685378283,2020-04-21T04:57,2020-04-21T18:38,49256.41,66.0,3.29,0.7,100,1007.5,5.9,0.363,13.3,10906X0039/C2-1
1207,2020-04-22,42.685696389,2.685378283,2020-04-22T04:56,2020-04-22T18:39,49414.69,16.2,7.29,1.34,99,1015.2,5.9,0.384,13.1,10906X0039/C2-1
1208,2020-04-23,42.685696389,2.685378283,2020-04-23T04:54,2020-04-23T18:40,49571.32,1.9,17.82,3.05,59,1018.5,7.0,0.383,13.5,10906X0039/C2-1
1209,2020-04-24,42.685696389,2.685378283,2020-04-24T04:53,2020-04-24T18:41,49727.48,0.1,21.44,3.34,25,1014.9,7.6,0.38,13.8,10906X0039/C2-1
1210,2020-04-25,42.685696389,2.685378283,2020-04-25T04:51,2020-04-25T18:42,49883.24,0.1,23.49,3.75,62,1010.0,5.8,0.375,14.0,10906X0039/C2-1
1211,2020-04-26,42.685696389,2.685378283,2020-04-26T04:50,2020-04-26T18:44,50038.5,10.6,18.72,3.21,59,1010.2,4.8,0.372,14.2,10906X0039/C2-1
1212,2020-04-27,42.685696389,2.685378283,2020-04-27T04:48,2020-04-27T18:45,50193.14,0.0,13.96,2.76,79,1008.9,8.5,0.372,14.3,10906X0039/C2-1
1213,2020-04-28,42.685696389,2.685378283,2020-04-28T04:47,2020-04-28T18:46,50347.02,6.9,14.46,2.76,77,1011.7,12.5,0.374,14.2,10906X0039/C2-1
1214,2020-04-29,42.685696389,2.685378283,2020-04-29T04:45,2020-04-29T18:47,50500.03,0.0,22.26,3.65,59,1013.9,6.2,0.375,14.0,10906X0039/C2-1
1215,2020-04-30,42.685696389,2.685378283,2020-04-30T04:44,2020-04-30T18:48,50652.04,1.8,14.73,2.71,61,1011.9,9.2,0.371,14.2,10906X0039/C2-1
1216,2020-05-01,42.685696389,2.685378283,2020-05-01T04:43,2020-05-01T18:49,50802.92,0.6,17.54,3.51,80,1013.0,9.4,0.365,14.3,10906X0039/C2-1
1217,2020-05-02,42.685696389,2.685378283,2020-05-02T04:41,2020-05-02T18:50,50952.54,0.0,20.4,4.26,66,1016.8,15.4,0.362,14.8,10906X0039/C2-1
1218,2020-05-03,42.685696389,2.685378283,2020-05-03T04:40,2020-05-03T18:52,51100.75,0.0,24.0,4.91,90,1018.1,12.5,0.358,15.3,10906X0039/C2-1
1219,2020-05-04,42.685696389,2.685378283,2020-05-04T04:39,2020-05-04T18:53,51247.42,0.3,24.83,3.9,68,1015.3,6.5,0.353,15.7,10906X0039/C2-1
1220,2020-05-05,42.685696389,2.685378283,2020-05-05T04:37,2020-05-05T18:54,51392.4,0.7,17.37,3.54,91,1014.3,7.6,0.35,16.1,10906X0039/C2-1
1221,2020-05-06,42.685696389,2.685378283,2020-05-06T04:36,2020-05-06T18:55,51535.56,0.0,25.81,5.73,32,1016.8,13.8,0.346,16.6,10906X0039/C2-1
1222,2020-05-07,42.685696389,2.685378283,2020-05-07T04:35,2020-05-07T18:56,51676.74,0.0,25.55,4.46,79,1019.9,8.2,0.339,16.7,10906X0039/C2-1
1223,2020-05-08,42.685696389,2.685378283,2020-05-08T04:34,2020-05-08T18:57,51815.78,0.0,21.9,4.24,47,1015.8,8.9,0.334,16.8,10906X0039/C2-1
1224,2020-05-09,42.685696389,2.685378283,2020-05-09T04:32,2020-05-09T18:58,51952.53,1.7,13.04,2.06,83,1012.0,14.1,0.333,16.4,10906X0039/C2-1
1225,2020-05-10,42.685696389,2.685378283,2020-05-10T04:31,2020-05-10T18:59,52086.84,23.3,8.94,1.59,98,1003.1,15.7,0.34,16.4,10906X0039/C2-1
1226,2020-05-11,42.685696389,2.685378283,2020-05-11T04:30,2020-05-11T19:00,52218.53,12.6,7.69,1.54,94,1003.1,5.6,0.348,15.9,10906X0039/C2-1
1227,2020-05-12,42.685696389,2.685378283,2020-05-12T04:29,2020-05-12T19:01,52347.47,1.0,7.8,1.52,86,1010.4,6.0,0.349,15.6,10906X0039/C2-1
1228,2020-05-13,42.685696389,2.685378283,2020-05-13T04:28,2020-05-13T19:02,52473.64,19.6,16.23,2.99,84,1004.8,7.9,0.357,15.6,10906X0039/C2-1
1229,2020-05-14,42.685696389,2.685378283,2020-05-14T04:27,2020-05-14T19:04,52598.1,14.9,6.27,1.18,91,1006.3,6.1,0.36,15.6,10906X0039/C2-1
1230,2020-05-15,42.685696389,2.685378283,2020-05-15T04:26,2020-05-15T19:05,52720.9,3.3,14.57,2.82,78,1013.0,9.7,0.363,15.3,10906X0039/C2-1
1231,2020-05-16,42.685696389,2.685378283,2020-05-16T04:25,2020-05-16T19:06,52841.93,2.4,8.87,2.43,95,1017.7,17.3,0.361,15.4,10906X0039/C2-1
1232,2020-05-17,42.685696389,2.685378283,2020-05-17T04:24,2020-05-17T19:07,52961.06,1.0,28.07,6.39,34,1019.9,25.8,0.359,15.6,10906X0039/C2-1
1233,2020-05-18,42.685696389,2.685378283,2020-05-18T04:23,2020-05-18T19:08,53078.19,0.0,27.94,6.67,2,1020.9,23.5,0.352,16.1,10906X0039/C2-1
1234,2020-05-19,42.685696389,2.685378283,2020-05-19T04:22,2020-05-19T19:09,53193.16,0.0,27.87,7.3,0,1017.3,28.0,0.346,16.6,10906X0039/C2-1
1235,2020-05-20,42.685696389,2.685378283,2020-05-20T04:21,2020-05-20T19:10,53305.87,0.0,28.21,7.17,8,1016.2,18.8,0.336,17.2,10906X0039/C2-1
1236,2020-05-21,42.685696389,2.685378283,2020-05-21T04:20,2020-05-21T19:11,53416.18,0.0,27.41,6.21,24,1018.8,13.3,0.327,17.7,10906X0039/C2-1
1237,2020-05-22,42.685696389,2.685378283,2020-05-22T04:20,2020-05-22T19:12,53523.96,0.0,26.02,4.87,58,1022.7,5.6,0.319,18.0,10906X0039/C2-1
1238,2020-05-23,42.685696389,2.685378283,2020-05-23T04:19,2020-05-23T19:13,53629.07,1.1,19.86,4.03,66,1026.7,17.9,0.315,18.1,10906X0039/C2-1
1239,2020-05-24,42.685696389,2.685378283,2020-05-24T04:18,2020-05-24T19:14,53731.39,0.0,29.48,6.18,58,1029.0,18.3,0.313,17.8,10906X0039/C2-1
1240,2020-05-25,42.685696389,2.685378283,2020-05-25T04:17,2020-05-25T19:14,53830.78,0.0,29.0,5.66,1,1026.6,8.3,0.307,17.9,10906X0039/C2-1
1241,2020-05-26,42.685696389,2.685378283,2020-05-26T04:17,2020-05-26T19:15,53927.09,0.0,28.79,6.68,2,1025.7,15.7,0.299,18.3,10906X0039/C2-1
1242,2020-05-27,42.685696389,2.685378283,2020-05-27T04:16,2020-05-27T19:16,54020.18,0.0,28.09,5.15,12,1027.4,6.9,0.294,18.6,10906X0039/C2-1
1243,2020-05-28,42.685696389,2.685378283,2020-05-28T04:15,2020-05-28T19:17,54109.93,0.1,24.96,4.48,37,1024.0,6.1,0.289,18.5,10906X0039/C2-1
1244,2020-05-29,42.685696389,2.685378283,2020-05-29T04:15,2020-05-29T19:18,54196.17,0.0,24.56,4.79,18,1017.5,7.3,0.285,18.6,10906X0039/C2-1
1245,2020-05-30,42.685696389,2.685378283,2020-05-30T04:14,2020-05-30T19:19,54278.79,1.9,22.89,4.13,37,1016.0,8.2,0.283,18.6,10906X0039/C2-1
1246,2020-05-31,42.685696389,2.685378283,2020-05-31T04:14,2020-05-31T19:20,54357.63,0.0,17.4,3.23,70,1014.1,7.4,0.279,18.5,10906X0039/C2-1
1247,2020-06-01,42.685696389,2.685378283,2020-06-01T04:13,2020-06-01T19:20,54432.53,3.5,15.26,2.84,92,1015.5,5.5,0.278,18.6,10906X0039/C2-1
1248,2020-06-02,42.685696389,2.685378283,2020-06-02T04:13,2020-06-02T19:21,54503.5,7.1,19.08,3.42,59,1015.5,6.0,0.284,18.6,10906X0039/C2-1
1249,2020-06-03,42.685696389,2.685378283,2020-06-03T04:12,2020-06-03T19:22,54571.12,3.5,18.93,3.59,76,1007.7,5.5,0.284,18.6,10906X0039/C2-1
1250,2020-06-04,42.685696389,2.685378283,2020-06-04T04:12,2020-06-04T19:23,54635.46,8.0,10.09,2.68,75,1002.8,12.4,0.295,18.1,10906X0039/C2-1
1251,2020-06-05,42.685696389,2.685378283,2020-06-05T04:12,2020-06-05T19:23,54696.44,0.0,22.4,4.91,52,1008.9,20.8,0.296,17.9,10906X0039/C2-1
1252,2020-06-06,42.685696389,2.685378283,2020-06-06T04:11,2020-06-06T19:24,54754.01,3.4,17.4,3.33,66,1009.7,5.9,0.292,18.0,10906X0039/C2-1
1253,2020-06-07,42.685696389,2.685378283,2020-06-07T04:11,2020-06-07T19:25,54808.11,4.1,15.31,3.17,91,1010.0,16.9,0.292,17.7,10906X0039/C2-1
1254,2020-06-08,42.685696389,2.685378283,2020-06-08T04:11,2020-06-08T19:25,54858.68,0.0,23.99,4.9,44,1013.7,21.1,0.291,17.4,10906X0039/C2-1
1255,2020-06-09,42.685696389,2.685378283,2020-06-09T04:11,2020-06-09T19:26,54905.67,0.1,22.76,4.59,59,1016.0,21.6,0.288,17.3,10906X0039/C2-1
1256,2020-06-10,42.685696389,2.685378283,2020-06-10T04:11,2020-06-10T19:26,54949.01,0.3,27.42,5.44,41,1015.2,17.4,0.284,17.4,10906X0039/C2-1
1257,2020-06-11,42.685696389,2.685378283,2020-06-11T04:10,2020-06-11T19:27,54988.66,0.3,16.57,3.38,87,1006.4,9.4,0.281,17.5,10906X0039/C2-1
1258,2020-06-12,42.685696389,2.685378283,2020-06-12T04:10,2020-06-12T19:27,55024.56,0.4,26.66,4.82,39,1002.9,7.6,0.279,17.7,10906X0039/C2-1
1259,2020-06-13,42.685696389,2.685378283,2020-06-13T04:10,2020-06-13T19:28,55056.65,0.6,21.23,4.29,52,1012.3,11.8,0.274,17.7,10906X0039/C2-1
1260,2020-06-14,42.685696389,2.685378283,2020-06-14T04:10,2020-06-14T19:28,55084.88,0.1,24.17,5.29,49,1018.3,12.3,0.272,17.9,10906X0039/C2-1
1261,2020-06-15,42.685696389,2.685378283,2020-06-15T04:10,2020-06-15T19:29,55109.22,0.3,24.67,5.46,44,1019.8,15.6,0.267,18.2,10906X0039/C2-1
1262,2020-06-16,42.685696389,2.685378283,2020-06-16T04:10,2020-06-16T19:29,55129.6,2.8,14.73,3.36,75,1017.4,13.4,0.264,18.2,10906X0039/C2-1
1263,2020-06-17,42.685696389,2.685378283,2020-06-17T04:10,2020-06-17T19:30,55145.99,0.0,22.23,4.7,57,1015.9,12.2,0.263,18.1,10906X0039/C2-1
1264,2020-06-18,42.685696389,2.685378283,2020-06-18T04:11,2020-06-18T19:30,55158.34,0.1,20.49,3.93,56,1016.1,7.3,0.261,18.1,10906X0039/C2-1
1265,2020-06-19,42.685696389,2.685378283,2020-06-19T04:11,2020-06-19T19:30,55166.61,0.1,24.01,5.17,57,1018.8,8.5,0.258,18.3,10906X0039/C2-1
1266,2020-06-20,42.685696389,2.685378283,2020-06-20T04:11,2020-06-20T19:30,55170.76,0.0,26.51,5.96,14,1021.0,10.9,0.252,18.7,10906X0039/C2-1
1267,2020-06-21,42.685696389,2.685378283,2020-06-21T04:11,2020-06-21T19:31,55170.75,0.0,29.41,6.92,4,1021.8,19.5,0.249,19.2,10906X0039/C2-1
1268,2020-06-22,42.685696389,2.685378283,2020-06-22T04:11,2020-06-22T19:31,55166.53,0.0,29.7,7.02,0,1022.2,21.7,0.244,19.6,10906X0039/C2-1
1269,2020-06-23,42.685696389,2.685378283,2020-06-23T04:12,2020-06-23T19:31,55158.03,0.0,29.26,6.16,23,1018.2,8.4,0.24,20.0,10906X0039/C2-1
1270,2020-06-24,42.685696389,2.685378283,2020-06-24T04:12,2020-06-24T19:31,55145.3,0.0,25.95,4.97,56,1017.1,7.2,0.236,20.2,10906X0039/C2-1
1271,2020-06-25,42.685696389,2.685378283,2020-06-25T04:12,2020-06-25T19:31,55128.38,0.1,25.94,4.88,40,1016.5,5.6,0.233,20.4,10906X0039/C2-1
1272,2020-06-26,42.685696389,2.685378283,2020-06-26T04:13,2020-06-26T19:31,55107.35,0.0,23.17,4.81,43,1014.5,7.3,0.23,20.6,10906X0039/C2-1
1273,2020-06-27,42.685696389,2.685378283,2020-06-27T04:13,2020-06-27T19:31,55082.25,0.0,24.71,4.87,60,1015.7,6.6,0.226,20.9,10906X0039/C2-1
1274,2020-06-28,42.685696389,2.685378283,2020-06-28T04:13,2020-06-28T19:31,55053.17,0.1,21.89,5.22,36,1017.0,9.8,0.224,21.3,10906X0039/C2-1
1275,2020-06-29,42.685696389,2.685378283,2020-06-29T04:14,2020-06-29T19:31,55020.17,0.0,17.98,4.52,48,1017.3,14.8,0.222,21.4,10906X0039/C2-1
1276,2020-06-30,42.685696389,2.685378283,2020-06-30T04:14,2020-06-30T19:31,54983.3,0.0,24.58,5.19,30,1014.1,6.7,0.221,21.7,10906X0039/C2-1
1277,2020-07-01,42.685696389,2.685378283,2020-07-01T04:15,2020-07-01T19:31,54942.65,0.1,19.27,4.31,32,1012.1,8.4,0.22,22.1,10906X0039/C2-1
1278,2020-07-02,42.685696389,2.685378283,2020-07-02T04:16,2020-07-02T19:30,54898.3,2.3,20.32,4.55,47,1015.7,17.3,0.221,21.9,10906X0039/C2-1
1279,2020-07-03,42.685696389,2.685378283,2020-07-03T04:16,2020-07-03T19:30,54850.29,0.1,29.76,6.42,18,1020.1,22.7,0.22,21.5,10906X0039/C2-1
1280,2020-07-04,42.685696389,2.685378283,2020-07-04T04:17,2020-07-04T19:30,54798.72,0.0,30.1,7.42,3,1021.6,19.4,0.218,21.5,10906X0039/C2-1
1281,2020-07-05,42.685696389,2.685378283,2020-07-05T04:17,2020-07-05T19:30,54743.66,0.0,28.74,8.27,1,1019.2,21.1,0.216,22.0,10906X0039/C2-1
1282,2020-07-06,42.685696389,2.685378283,2020-07-06T04:18,2020-07-06T19:29,54685.18,0.0,27.6,6.82,7,1017.6,28.0,0.214,22.2,10906X0039/C2-1
1283,2020-07-07,42.685696389,2.685378283,2020-07-07T04:19,2020-07-07T19:29,54623.36,0.0,30.18,8.2,2,1017.1,20.9,0.213,22.2,10906X0039/C2-1
1284,2020-07-08,42.685696389,2.685378283,2020-07-08T04:19,2020-07-08T19:29,54558.28,0.0,29.13,6.74,16,1016.9,8.6,0.213,22.4,10906X0039/C2-1
1285,2020-07-09,42.685696389,2.685378283,2020-07-09T04:20,2020-07-09T19:28,54490.01,0.0,24.44,5.45,47,1016.4,6.9,0.213,22.6,10906X0039/C2-1
1286,2020-07-10,42.685696389,2.685378283,2020-07-10T04:21,2020-07-10T19:28,54418.62,0.0,23.35,6.16,28,1016.1,14.8,0.213,23.0,10906X0039/C2-1
1287,2020-07-11,42.685696389,2.685378283,2020-07-11T04:22,2020-07-11T19:27,54344.21,0.0,27.56,6.56,7,1018.7,17.7,0.214,22.9,10906X0039/C2-1
1288,2020-07-12,42.685696389,2.685378283,2020-07-12T04:22,2020-07-12T19:27,54266.71,0.0,22.59,5.39,57,1018.7,8.0,0.214,23.0,10906X0039/C2-1
1289,2020-07-13,42.685696389,2.685378283,2020-07-13T04:23,2020-07-13T19:26,54185.4,0.0,26.17,7.72,19,1018.6,17.4,0.215,23.2,10906X0039/C2-1
1290,2020-07-14,42.685696389,2.685378283,2020-07-14T04:24,2020-07-14T19:26,54100.31,0.0,25.53,7.64,63,1016.7,18.4,0.217,23.2,10906X0039/C2-1
1291,2020-07-15,42.685696389,2.685378283,2020-07-15T04:25,2020-07-15T19:25,54011.58,0.0,21.97,6.1,63,1017.6,23.3,0.216,23.0,10906X0039/C2-1
1292,2020-07-16,42.685696389,2.685378283,2020-07-16T04:26,2020-07-16T19:24,53919.38,1.0,26.43,6.3,30,1019.5,22.9,0.216,22.6,10906X0039/C2-1
1293,2020-07-17,42.685696389,2.685378283,2020-07-17T04:26,2020-07-17T19:24,53823.84,0.0,28.71,7.11,2,1017.8,24.4,0.214,22.6,10906X0039/C2-1
1294,2020-07-18,42.685696389,2.685378283,2020-07-18T04:27,2020-07-18T19:23,53725.11,0.0,28.92,7.97,0,1015.8,17.9,0.212,22.9,10906X0039/C2-1
1295,2020-07-19,42.685696389,2.685378283,2020-07-19T04:28,2020-07-19T19:22,53623.33,0.0,28.98,6.28,1,1015.4,8.1,0.21,23.1,10906X0039/C2-1
1296,2020-07-20,42.685696389,2.685378283,2020-07-20T04:29,2020-07-20T19:21,53518.67,0.0,25.29,5.04,17,1016.5,5.4,0.21,23.2,10906X0039/C2-1
1297,2020-07-21,42.685696389,2.685378283,2020-07-21T04:30,2020-07-21T19:20,53411.26,0.0,26.06,5.02,16,1018.9,5.8,0.21,23.3,10906X0039/C2-1
1298,2020-07-22,42.685696389,2.685378283,2020-07-22T04:31,2020-07-22T19:19,53301.24,0.0,21.42,4.75,53,1018.5,5.5,0.207,23.5,10906X0039/C2-1
1299,2020-07-23,42.685696389,2.685378283,2020-07-23T04:32,2020-07-23T19:19,53188.76,0.0,21.54,5.96,47,1015.2,11.6,0.204,24.0,10906X0039/C2-1
1300,2020-07-24,42.685696389,2.685378283,2020-07-24T04:33,2020-07-24T19:18,53073.94,0.0,24.64,6.96,25,1015.0,14.9,0.202,24.1,10906X0039/C2-1
1301,2020-07-25,42.685696389,2.685378283,2020-07-25T04:34,2020-07-25T19:17,52956.93,0.0,27.24,6.77,25,1014.8,11.0,0.201,24.2,10906X0039/C2-1
1302,2020-07-26,42.685696389,2.685378283,2020-07-26T04:35,2020-07-26T19:16,52837.86,0.0,25.98,6.66,14,1015.8,12.0,0.2,24.3,10906X0039/C2-1
1303,2020-07-27,42.685696389,2.685378283,2020-07-27T04:36,2020-07-27T19:15,52716.87,0.0,26.11,5.37,8,1015.9,7.1,0.201,24.4,10906X0039/C2-1
1304,2020-07-28,42.685696389,2.685378283,2020-07-28T04:37,2020-07-28T19:14,52594.07,0.0,24.37,5.62,27,1016.4,8.0,0.201,24.7,10906X0039/C2-1
1305,2020-07-29,42.685696389,2.685378283,2020-07-29T04:38,2020-07-29T19:13,52469.61,0.0,25.6,6.25,5,1016.2,10.0,0.202,24.9,10906X0039/C2-1
1306,2020-07-30,42.685696389,2.685378283,2020-07-30T04:39,2020-07-30T19:11,52343.59,0.0,24.0,5.09,31,1016.1,6.8,0.203,25.0,10906X0039/C2-1
1307,2020-07-31,42.685696389,2.685378283,2020-07-31T04:40,2020-07-31T19:10,52216.15,0.0,24.3,4.71,53,1015.6,5.2,0.202,24.9,10906X0039/C2-1
1308,2020-08-01,42.685696389,2.685378283,2020-08-01T04:41,2020-08-01T19:09,52087.23,0.0,23.93,7.25,15,1015.0,18.4,0.201,25.2,10906X0039/C2-1
1309,2020-08-02,42.685696389,2.685378283,2020-08-02T04:42,2020-08-02T19:08,51955.74,0.0,24.56,6.82,36,1015.5,24.2,0.202,25.1,10906X0039/C2-1
1310,2020-08-03,42.685696389,2.685378283,2020-08-03T04:43,2020-08-03T19:07,51821.69,0.1,25.84,7.64,35,1014.1,26.8,0.203,24.7,10906X0039/C2-1
1311,2020-08-04,42.685696389,2.685378283,2020-08-04T04:44,2020-08-04T19:06,51685.21,0.1,26.59,7.13,22,1015.3,23.2,0.201,24.4,10906X0039/C2-1
1312,2020-08-05,42.685696389,2.685378283,2020-08-05T04:45,2020-08-05T19:04,51546.47,0.0,27.52,6.89,0,1014.3,10.1,0.199,24.3,10906X0039/C2-1
1313,2020-08-06,42.685696389,2.685378283,2020-08-06T04:46,2020-08-06T19:03,51405.62,0.0,27.01,6.19,0,1016.0,7.5,0.197,24.3,10906X0039/C2-1
1314,2020-08-07,42.685696389,2.685378283,2020-08-07T04:47,2020-08-07T19:02,51262.81,0.0,25.95,5.14,0,1017.9,5.2,0.196,24.3,10906X0039/C2-1
1315,2020-08-08,42.685696389,2.685378283,2020-08-08T04:48,2020-08-08T19:00,51118.18,0.0,24.06,5.46,39,1017.9,4.4,0.194,24.7,10906X0039/C2-1
1316,2020-08-09,42.685696389,2.685378283,2020-08-09T04:50,2020-08-09T18:59,50971.89,0.0,22.01,4.79,42,1015.7,5.8,0.192,24.9,10906X0039/C2-1
1317,2020-08-10,42.685696389,2.685378283,2020-08-10T04:51,2020-08-10T18:58,50824.07,0.4,18.96,3.76,86,1013.8,5.8,0.192,24.8,10906X0039/C2-1
1318,2020-08-11,42.685696389,2.685378283,2020-08-11T04:52,2020-08-11T18:56,50674.87,0.0,19.19,3.86,80,1015.0,5.9,0.191,24.7,10906X0039/C2-1
1319,2020-08-12,42.685696389,2.685378283,2020-08-12T04:53,2020-08-12T18:55,50524.4,0.1,20.19,5.59,61,1012.5,11.4,0.188,24.8,10906X0039/C2-1
1320,2020-08-13,42.685696389,2.685378283,2020-08-13T04:54,2020-08-13T18:53,50372.81,0.7,17.58,4.26,49,1015.2,8.9,0.187,24.7,10906X0039/C2-1
1321,2020-08-14,42.685696389,2.685378283,2020-08-14T04:55,2020-08-14T18:52,50220.24,0.0,20.52,5.08,23,1015.2,9.5,0.186,24.7,10906X0039/C2-1
1322,2020-08-15,42.685696389,2.685378283,2020-08-15T04:56,2020-08-15T18:50,50066.78,0.0,21.95,4.8,20,1011.9,7.8,0.186,24.7,10906X0039/C2-1
1323,2020-08-16,42.685696389,2.685378283,2020-08-16T04:57,2020-08-16T18:49,49912.6,0.3,18.13,4.93,62,1011.9,14.6,0.183,24.7,10906X0039/C2-1
1324,2020-08-17,42.685696389,2.685378283,2020-08-17T04:58,2020-08-17T18:47,49757.78,0.0,20.1,4.72,59,1013.4,7.5,0.183,24.6,10906X0039/C2-1
1325,2020-08-18,42.685696389,2.685378283,2020-08-18T04:59,2020-08-18T18:46,49602.47,0.4,15.41,3.96,81,1013.5,8.0,0.183,24.6,10906X0039/C2-1
1326,2020-08-19,42.685696389,2.685378283,2020-08-19T05:00,2020-08-19T18:44,49446.76,0.0,23.77,5.76,31,1009.4,10.4,0.181,24.7,10906X0039/C2-1
1327,2020-08-20,42.685696389,2.685378283,2020-08-20T05:01,2020-08-20T18:43,49290.78,0.0,22.71,5.67,36,1008.8,10.3,0.18,25.0,10906X0039/C2-1
1328,2020-08-21,42.685696389,2.685378283,2020-08-21T05:02,2020-08-21T18:41,49134.44,0.3,18.55,3.88,40,1013.6,8.2,0.176,25.0,10906X0039/C2-1
1329,2020-08-22,42.685696389,2.685378283,2020-08-22T05:04,2020-08-22T18:40,48976.6,0.0,23.23,6.53,12,1020.1,19.8,0.175,25.0,10906X0039/C2-1
1330,2020-08-23,42.685696389,2.685378283,2020-08-23T05:05,2020-08-23T18:38,48817.21,0.0,24.59,6.65,16,1020.6,21.1,0.174,24.8,10906X0039/C2-1
1331,2020-08-24,42.685696389,2.685378283,2020-08-24T05:06,2020-08-24T18:37,48656.39,0.0,23.42,6.19,29,1017.5,15.6,0.173,24.7,10906X0039/C2-1
1332,2020-08-25,42.685696389,2.685378283,2020-08-25T05:07,2020-08-25T18:35,48494.26,0.0,23.76,5.55,4,1015.2,8.0,0.173,24.6,10906X0039/C2-1
1333,2020-08-26,42.685696389,2.685378283,2020-08-26T05:08,2020-08-26T18:33,48330.95,0.0,22.44,6.14,9,1018.4,12.4,0.174,25.0,10906X0039/C2-1
1334,2020-08-27,42.685696389,2.685378283,2020-08-27T05:09,2020-08-27T18:32,48166.58,0.0,21.27,5.2,10,1015.9,6.1,0.174,25.3,10906X0039/C2-1
1335,2020-08-28,42.685696389,2.685378283,2020-08-28T05:10,2020-08-28T18:30,48001.28,3.1,13.41,3.6,68,1009.4,13.0,0.175,25.2,10906X0039/C2-1
1336,2020-08-29,42.685696389,2.685378283,2020-08-29T05:11,2020-08-29T18:28,47835.15,14.2,13.33,3.43,78,1006.8,17.1,0.186,23.7,10906X0039/C2-1
1337,2020-08-30,42.685696389,2.685378283,2020-08-30T05:12,2020-08-30T18:27,47668.32,0.0,22.5,5.31,19,1013.1,20.5,0.185,23.2,10906X0039/C2-1
1338,2020-08-31,42.685696389,2.685378283,2020-08-31T05:13,2020-08-31T18:25,47500.89,0.0,23.3,5.52,11,1017.8,18.5,0.183,22.9,10906X0039/C2-1
1339,2020-09-01,42.685696389,2.685378283,2020-09-01T05:14,2020-09-01T18:23,47332.98,0.0,20.43,4.87,82,1014.7,10.1,0.178,22.8,10906X0039/C2-1
1340,2020-09-02,42.685696389,2.685378283,2020-09-02T05:15,2020-09-02T18:21,47164.7,0.0,23.22,5.97,15,1016.9,15.7,0.175,22.8,10906X0039/C2-1
1341,2020-09-03,42.685696389,2.685378283,2020-09-03T05:16,2020-09-03T18:20,46996.14,0.0,22.66,5.2,17,1021.8,8.8,0.171,22.8,10906X0039/C2-1
1342,2020-09-04,42.685696389,2.685378283,2020-09-04T05:17,2020-09-04T18:18,46827.42,0.0,22.12,4.75,0,1023.8,9.8,0.166,22.7,10906X0039/C2-1
1343,2020-09-05,42.685696389,2.685378283,2020-09-05T05:19,2020-09-05T18:16,46658.65,0.0,20.38,5.15,33,1020.0,10.1,0.163,22.8,10906X0039/C2-1
1344,2020-09-06,42.685696389,2.685378283,2020-09-06T05:20,2020-09-06T18:14,46489.91,2.3,20.3,5.36,36,1017.8,22.8,0.162,22.9,10906X0039/C2-1
1345,2020-09-07,42.685696389,2.685378283,2020-09-07T05:21,2020-09-07T18:13,46321.32,0.5,19.96,6.25,42,1020.2,25.6,0.162,22.5,10906X0039/C2-1
1346,2020-09-08,42.685696389,2.685378283,2020-09-08T05:22,2020-09-08T18:11,46152.97,0.7,16.72,5.16,52,1023.8,13.6,0.165,22.4,10906X0039/C2-1
1347,2020-09-09,42.685696389,2.685378283,2020-09-09T05:23,2020-09-09T18:09,45984.98,8.9,9.43,1.85,76,1022.2,6.5,0.171,22.2,10906X0039/C2-1
1348,2020-09-10,42.685696389,2.685378283,2020-09-10T05:24,2020-09-10T18:07,45817.21,0.3,13.78,4.38,63,1017.7,17.5,0.173,22.1,10906X0039/C2-1
1349,2020-09-11,42.685696389,2.685378283,2020-09-11T05:25,2020-09-11T18:06,45648.55,0.0,18.86,6.01,68,1015.0,17.8,0.171,22.6,10906X0039/C2-1
1350,2020-09-12,42.685696389,2.685378283,2020-09-12T05:26,2020-09-12T18:04,45478.89,0.0,19.49,5.93,48,1018.3,13.1,0.161,22.9,10906X0039/C2-1
1351,2020-09-13,42.685696389,2.685378283,2020-09-13T05:27,2020-09-13T18:02,45308.36,0.0,20.35,4.95,0,1022.5,8.7,0.155,23.0,10906X0039/C2-1
1352,2020-09-14,42.685696389,2.685378283,2020-09-14T05:28,2020-09-14T18:00,45137.06,0.0,20.23,4.71,0,1022.3,9.7,0.15,22.9,10906X0039/C2-1
1353,2020-09-15,42.685696389,2.685378283,2020-09-15T05:29,2020-09-15T17:59,44965.09,0.0,16.24,3.32,54,1020.7,5.6,0.146,22.9,10906X0039/C2-1
1354,2020-09-16,42.685696389,2.685378283,2020-09-16T05:30,2020-09-16T17:57,44792.57,0.0,18.26,4.39,10,1018.2,6.2,0.141,23.1,10906X0039/C2-1
1355,2020-09-17,42.685696389,2.685378283,2020-09-17T05:31,2020-09-17T17:55,44619.6,0.0,17.86,5.12,32,1015.3,10.7,0.142,23.4,10906X0039/C2-1
1356,2020-09-18,42.685696389,2.685378283,2020-09-18T05:32,2020-09-18T17:53,44446.29,0.2,11.41,3.78,77,1014.7,12.6,0.145,23.3,10906X0039/C2-1
1357,2020-09-19,42.685696389,2.685378283,2020-09-19T05:34,2020-09-19T17:51,44272.73,6.5,16.55,4.35,54,1011.9,11.1,0.142,23.2,10906X0039/C2-1
1358,2020-09-20,42.685696389,2.685378283,2020-09-20T05:35,2020-09-20T17:50,44099.04,5.9,15.5,3.72,47,1014.9,10.2,0.138,23.2,10906X0039/C2-1
1359,2020-09-21,42.685696389,2.685378283,2020-09-21T05:36,2020-09-21T17:48,43925.31,3.0,11.77,2.72,70,1016.0,8.0,0.135,23.0,10906X0039/C2-1
1360,2020-09-22,42.685696389,2.685378283,2020-09-22T05:37,2020-09-22T17:46,43751.66,1.4,11.82,2.45,92,1014.2,5.0,0.137,22.8,10906X0039/C2-1
1361,2020-09-23,42.685696389,2.685378283,2020-09-23T05:38,2020-09-23T17:44,43578.17,0.9,16.71,3.16,27,1011.3,6.2,0.136,22.4,10906X0039/C2-1
1362,2020-09-24,42.685696389,2.685378283,2020-09-24T05:39,2020-09-24T17:42,43404.97,0.2,12.11,2.88,66,1010.3,10.1,0.136,22.4,10906X0039/C2-1
1363,2020-09-25,42.685696389,2.685378283,2020-09-25T05:40,2020-09-25T17:41,43232.14,3.9,17.85,4.43,45,1011.5,35.2,0.138,21.6,10906X0039/C2-1
1364,2020-09-26,42.685696389,2.685378283,2020-09-26T05:41,2020-09-26T17:39,43059.78,19.2,8.42,2.47,87,1012.3,18.9,0.14,20.8,10906X0039/C2-1
1365,2020-09-27,42.685696389,2.685378283,2020-09-27T05:42,2020-09-27T17:37,42888.01,1.4,9.1,3.13,69,1011.5,30.8,0.158,19.9,10906X0039/C2-1
1366,2020-09-28,42.685696389,2.685378283,2020-09-28T05:43,2020-09-28T17:35,42716.93,1.2,14.51,3.65,51,1015.7,22.3,0.158,19.7,10906X0039/C2-1
1367,2020-09-29,42.685696389,2.685378283,2020-09-29T05:44,2020-09-29T17:34,42546.65,0.0,15.94,2.82,50,1019.0,5.3,0.155,19.6,10906X0039/C2-1
1368,2020-09-30,42.685696389,2.685378283,2020-09-30T05:46,2020-09-30T17:32,42377.04,0.0,17.3,2.93,1,1015.0,5.6,0.151,19.6,10906X0039/C2-1
1369,2020-10-01,42.685696389,2.685378283,2020-10-01T05:47,2020-10-01T17:30,42206.91,0.3,13.04,2.71,81,1007.7,9.7,0.146,19.5,10906X0039/C2-1
1370,2020-10-02,42.685696389,2.685378283,2020-10-02T05:48,2020-10-02T17:28,42036.14,12.5,3.68,1.13,92,992.1,12.2,0.15,19.0,10906X0039/C2-1
1371,2020-10-03,42.685696389,2.685378283,2020-10-03T05:49,2020-10-03T17:27,41864.85,1.5,13.12,2.22,65,1000.3,6.0,0.16,18.0,10906X0039/C2-1
1372,2020-10-04,42.685696389,2.685378283,2020-10-04T05:50,2020-10-04T17:25,41693.16,0.1,12.95,2.46,38,1005.4,9.1,0.16,17.7,10906X0039/C2-1
1373,2020-10-05,42.685696389,2.685378283,2020-10-05T05:51,2020-10-05T17:23,41521.18,0.0,15.32,2.95,13,1014.3,9.2,0.158,17.6,10906X0039/C2-1
1374,2020-10-06,42.685696389,2.685378283,2020-10-06T05:52,2020-10-06T17:21,41349.03,0.3,8.91,1.85,73,1017.8,4.7,0.158,17.6,10906X0039/C2-1
1375,2020-10-07,42.685696389,2.685378283,2020-10-07T05:53,2020-10-07T17:20,41176.82,2.0,10.32,2.43,72,1021.2,18.9,0.158,17.9,10906X0039/C2-1
1376,2020-10-08,42.685696389,2.685378283,2020-10-08T05:55,2020-10-08T17:18,41004.66,0.0,15.48,2.63,44,1023.6,5.7,0.157,18.0,10906X0039/C2-1
1377,2020-10-09,42.685696389,2.685378283,2020-10-09T05:56,2020-10-09T17:16,40832.68,2.0,11.1,1.98,62,1022.6,6.4,0.155,18.0,10906X0039/C2-1
1378,2020-10-10,42.685696389,2.685378283,2020-10-10T05:57,2020-10-10T17:15,40661.0,0.5,12.43,2.98,50,1022.9,20.3,0.154,18.1,10906X0039/C2-1
1379,2020-10-11,42.685696389,2.685378283,2020-10-11T05:58,2020-10-11T17:13,40489.72,0.2,13.23,3.07,29,1022.2,30.4,0.153,17.6,10906X0039/C2-1
1380,2020-10-12,42.685696389,2.685378283,2020-10-12T05:59,2020-10-12T17:11,40318.99,0.0,14.66,3.27,21,1020.3,27.8,0.152,17.2,10906X0039/C2-1
1381,2020-10-13,42.685696389,2.685378283,2020-10-13T06:00,2020-10-13T17:10,40148.92,1.0,13.1,2.84,48,1013.2,16.3,0.153,17.0,10906X0039/C2-1
1382,2020-10-14,42.685696389,2.685378283,2020-10-14T06:02,2020-10-14T17:08,39979.63,0.2,9.69,2.07,50,1010.7,13.2,0.151,16.6,10906X0039/C2-1
1383,2020-10-15,42.685696389,2.685378283,2020-10-15T06:03,2020-10-15T17:06,39811.25,0.0,14.63,2.91,14,1014.3,28.3,0.15,16.3,10906X0039/C2-1
1384,2020-10-16,42.685696389,2.685378283,2020-10-16T06:04,2020-10-16T17:05,39643.92,0.0,14.68,3.15,4,1018.1,23.6,0.15,16.0,10906X0039/C2-1
1385,2020-10-17,42.685696389,2.685378283,2020-10-17T06:05,2020-10-17T17:03,39477.75,0.0,14.59,2.4,27,1017.8,7.8,0.149,15.9,10906X0039/C2-1
1386,2020-10-18,42.685696389,2.685378283,2020-10-18T06:06,2020-10-18T17:02,39312.9,0.0,14.03,2.27,21,1021.4,5.6,0.148,15.8,10906X0039/C2-1
1387,2020-10-19,42.685696389,2.685378283,2020-10-19T06:07,2020-10-19T17:00,39149.48,1.0,7.79,1.34,77,1019.5,5.5,0.146,15.6,10906X0039/C2-1
1388,2020-10-20,42.685696389,2.685378283,2020-10-20T06:09,2020-10-20T16:58,38987.4,0.1,7.83,2.19,94,1015.0,18.7,0.15,15.8,10906X0039/C2-1
1389,2020-10-21,42.685696389,2.685378283,2020-10-21T06:10,2020-10-21T16:57,38825.33,1.3,10.76,2.27,85,1011.7,17.5,0.149,16.5,10906X0039/C2-1
1390,2020-10-22,42.685696389,2.685378283,2020-10-22T06:11,2020-10-22T16:55,38663.15,2.0,8.64,1.9,89,1014.4,10.8,0.15,16.9,10906X0039/C2-1
1391,2020-10-23,42.685696389,2.685378283,2020-10-23T06:12,2020-10-23T16:54,38500.99,1.0,9.46,2.03,56,1016.9,10.0,0.151,16.9,10906X0039/C2-1
1392,2020-10-24,42.685696389,2.685378283,2020-10-24T06:14,2020-10-24T16:53,38339.01,0.0,13.11,2.25,4,1020.1,6.1,0.151,16.7,10906X0039/C2-1
1393,2020-10-25,42.685696389,2.685378283,2020-10-25T06:15,2020-10-25T16:51,38177.33,0.6,10.98,1.72,71,1010.5,7.0,0.15,16.4,10906X0039/C2-1
1394,2020-10-26,42.685696389,2.685378283,2020-10-26T06:16,2020-10-26T16:50,38016.11,3.5,9.3,2.29,59,1011.5,18.8,0.151,16.1,10906X0039/C2-1
1395,2020-10-27,42.685696389,2.685378283,2020-10-27T06:17,2020-10-27T16:48,37855.48,0.0,8.91,1.73,57,1015.6,6.4,0.151,15.7,10906X0039/C2-1
1396,2020-10-28,42.685696389,2.685378283,2020-10-28T06:19,2020-10-28T16:47,37695.6,0.0,7.95,1.67,71,1019.9,7.3,0.151,15.8,10906X0039/C2-1
1397,2020-10-29,42.685696389,2.685378283,2020-10-29T06:20,2020-10-29T16:45,37536.62,0.0,11.07,1.91,72,1025.6,6.1,0.151,16.0,10906X0039/C2-1
1398,2020-10-30,42.685696389,2.685378283,2020-10-30T06:21,2020-10-30T16:44,37378.7,0.0,12.14,2.05,53,1024.7,5.3,0.15,16.0,10906X0039/C2-1
1399,2020-10-31,42.685696389,2.685378283,2020-10-31T06:22,2020-10-31T16:43,37221.99,0.0,8.38,1.2,53,1024.0,4.3,0.15,15.7,10906X0039/C2-1
1400,2020-11-01,42.685696389,2.685378283,2020-11-01T06:24,2020-11-01T16:41,37066.65,0.0,9.87,1.42,48,1022.7,3.6,0.148,15.4,10906X0039/C2-1
1401,2020-11-02,42.685696389,2.685378283,2020-11-02T06:25,2020-11-02T16:40,36912.86,0.5,5.87,0.86,84,1022.7,3.7,0.148,15.3,10906X0039/C2-1
1402,2020-11-03,42.685696389,2.685378283,2020-11-03T06:26,2020-11-03T16:39,36760.77,7.0,5.2,1.7,71,1025.8,16.7,0.149,15.3,10906X0039/C2-1
1403,2020-11-04,42.685696389,2.685378283,2020-11-04T06:27,2020-11-04T16:38,36610.56,1.0,7.65,1.77,71,1026.1,16.5,0.158,14.9,10906X0039/C2-1
1404,2020-11-05,42.685696389,2.685378283,2020-11-05T06:29,2020-11-05T16:36,36462.4,0.0,8.91,1.26,63,1028.7,6.8,0.159,14.5,10906X0039/C2-1
1405,2020-11-06,42.685696389,2.685378283,2020-11-06T06:30,2020-11-06T16:35,36316.49,0.9,7.59,1.32,91,1026.5,15.2,0.16,14.9,10906X0039/C2-1
1406,2020-11-07,42.685696389,2.685378283,2020-11-07T06:31,2020-11-07T16:34,36172.99,11.2,2.28,0.45,91,1021.5,17.2,0.167,15.3,10906X0039/C2-1
1407,2020-11-08,42.685696389,2.685378283,2020-11-08T06:32,2020-11-08T16:33,36032.08,0.0,10.2,1.56,52,1021.6,7.1,0.17,15.1,10906X0039/C2-1
1408,2020-11-09,42.685696389,2.685378283,2020-11-09T06:34,2020-11-09T16:32,35893.72,0.0,8.3,1.21,62,1022.0,4.2,0.17,15.2,10906X0039/C2-1
1409,2020-11-10,42.685696389,2.685378283,2020-11-10T06:35,2020-11-10T16:31,35756.5,0.1,8.9,1.85,24,1025.7,13.8,0.169,15.1,10906X0039/C2-1
1410,2020-11-11,42.685696389,2.685378283,2020-11-11T06:36,2020-11-11T16:30,35620.34,0.0,10.11,1.66,51,1024.2,8.8,0.168,15.0,10906X0039/C2-1
1411,2020-11-12,42.685696389,2.685378283,2020-11-12T06:37,2020-11-12T16:29,35485.39,0.0,9.13,1.33,72,1023.0,4.7,0.169,15.1,10906X0039/C2-1
1412,2020-11-13,42.685696389,2.685378283,2020-11-13T06:39,2020-11-13T16:28,35351.8,0.2,5.88,0.88,92,1021.7,3.9,0.169,14.9,10906X0039/C2-1
1413,2020-11-14,42.685696389,2.685378283,2020-11-14T06:40,2020-11-14T16:27,35219.74,0.4,6.79,1.21,74,1019.3,5.5,0.168,14.9,10906X0039/C2-1
1414,2020-11-15,42.685696389,2.685378283,2020-11-15T06:41,2020-11-15T16:26,35089.36,0.2,9.12,1.37,84,1017.4,4.8,0.168,15.0,10906X0039/C2-1
1415,2020-11-16,42.685696389,2.685378283,2020-11-16T06:42,2020-11-16T16:25,34960.85,1.2,8.65,1.97,74,1023.3,17.5,0.168,14.9,10906X0039/C2-1
1416,2020-11-17,42.685696389,2.685378283,2020-11-17T06:44,2020-11-17T16:24,34834.37,0.0,9.39,1.74,37,1027.1,7.7,0.168,14.7,10906X0039/C2-1
1417,2020-11-18,42.685696389,2.685378283,2020-11-18T06:45,2020-11-18T16:23,34710.09,0.0,9.48,1.28,16,1027.8,5.7,0.166,14.3,10906X0039/C2-1
1418,2020-11-19,42.685696389,2.685378283,2020-11-19T06:46,2020-11-19T16:23,34588.2,0.0,8.55,2.16,7,1030.1,21.9,0.166,14.2,10906X0039/C2-1
1419,2020-11-20,42.685696389,2.685378283,2020-11-20T06:47,2020-11-20T16:22,34468.87,0.0,7.2,2.37,47,1030.9,31.5,0.166,14.1,10906X0039/C2-1
1420,2020-11-21,42.685696389,2.685378283,2020-11-21T06:49,2020-11-21T16:21,34352.29,0.0,9.79,1.93,1,1030.5,11.9,0.165,13.7,10906X0039/C2-1
1421,2020-11-22,42.685696389,2.685378283,2020-11-22T06:50,2020-11-22T16:20,34238.63,0.0,9.39,1.1,0,1029.4,4.1,0.167,12.8,10906X0039/C2-1
1422,2020-11-23,42.685696389,2.685378283,2020-11-23T06:51,2020-11-23T16:20,34128.1,0.0,9.2,1.26,36,1028.1,3.8,0.167,12.3,10906X0039/C2-1
1423,2020-11-24,42.685696389,2.685378283,2020-11-24T06:52,2020-11-24T16:19,34020.88,0.0,5.63,0.81,87,1023.1,5.6,0.167,12.1,10906X0039/C2-1
1424,2020-11-25,42.685696389,2.685378283,2020-11-25T06:53,2020-11-25T16:19,33917.16,0.7,8.55,1.43,58,1016.5,10.7,0.168,12.3,10906X0039/C2-1
1425,2020-11-26,42.685696389,2.685378283,2020-11-26T06:55,2020-11-26T16:18,33817.15,1.4,4.59,0.7,74,1018.0,13.5,0.166,12.5,10906X0039/C2-1
1426,2020-11-27,42.685696389,2.685378283,2020-11-27T06:56,2020-11-27T16:18,33721.03,21.0,3.41,0.51,96,1015.4,10.5,0.175,12.9,10906X0039/C2-1
1427,2020-11-28,42.685696389,2.685378283,2020-11-28T06:57,2020-11-28T16:17,33629.01,59.5,1.22,0.28,100,1010.2,13.8,0.226,13.0,10906X0039/C2-1
1428,2020-11-29,42.685696389,2.685378283,2020-11-29T06:58,2020-11-29T16:17,33541.1,0.1,8.33,1.26,15,1015.7,7.4,0.241,12.9,10906X0039/C2-1
1429,2020-11-30,42.685696389,2.685378283,2020-11-30T06:59,2020-11-30T16:16,33456.25,0.0,8.15,1.03,9,1022.7,4.9,0.239,12.5,10906X0039/C2-1
1430,2020-12-01,42.685696389,2.685378283,2020-12-01T07:00,2020-12-01T16:16,33374.38,4.3,1.37,1.46,90,1020.1,21.2,0.239,12.2,10906X0039/C2-1
1431,2020-12-02,42.685696389,2.685378283,2020-12-02T07:01,2020-12-02T16:16,33295.59,0.2,6.45,1.96,59,1014.8,30.7,0.24,11.8,10906X0039/C2-1
1432,2020-12-03,42.685696389,2.685378283,2020-12-03T07:02,2020-12-03T16:16,33220.0,0.0,7.69,1.37,51,1007.0,10.0,0.239,11.5,10906X0039/C2-1
1433,2020-12-04,42.685696389,2.685378283,2020-12-04T07:03,2020-12-04T16:15,33147.71,1.3,2.72,0.54,74,992.7,6.3,0.238,11.1,10906X0039/C2-1
1434,2020-12-05,42.685696389,2.685378283,2020-12-05T07:04,2020-12-05T16:15,33078.82,0.3,7.97,0.95,55,998.7,6.5,0.239,10.3,10906X0039/C2-1
1435,2020-12-06,42.685696389,2.685378283,2020-12-06T07:05,2020-12-06T16:15,33013.46,0.1,6.2,1.25,53,1002.6,11.4,0.24,10.1,10906X0039/C2-1
1436,2020-12-07,42.685696389,2.685378283,2020-12-07T07:06,2020-12-07T16:15,32951.71,1.8,4.55,0.7,77,1002.4,6.7,0.241,9.9,10906X0039/C2-1
1437,2020-12-08,42.685696389,2.685378283,2020-12-08T07:07,2020-12-08T16:15,32893.69,0.9,4.1,1.31,80,1002.8,19.8,0.241,9.6,10906X0039/C2-1
1438,2020-12-09,42.685696389,2.685378283,2020-12-09T07:08,2020-12-09T16:15,32839.52,0.1,6.18,1.44,72,1011.6,23.0,0.24,9.8,10906X0039/C2-1
1439,2020-12-10,42.685696389,2.685378283,2020-12-10T07:09,2020-12-10T16:15,32789.28,9.7,4.33,0.84,75,1006.7,8.8,0.244,9.7,10906X0039/C2-1
1440,2020-12-11,42.685696389,2.685378283,2020-12-11T07:10,2020-12-11T16:15,32743.09,5.1,5.0,0.83,64,1003.0,8.1,0.249,9.6,10906X0039/C2-1
1441,2020-12-12,42.685696389,2.685378283,2020-12-12T07:10,2020-12-12T16:15,32701.05,3.0,6.91,1.89,40,1006.7,26.0,0.257,9.9,10906X0039/C2-1
1442,2020-12-13,42.685696389,2.685378283,2020-12-13T07:11,2020-12-13T16:16,32663.27,0.0,5.01,1.06,70,1013.9,9.0,0.258,10.2,10906X0039/C2-1
1443,2020-12-14,42.685696389,2.685378283,2020-12-14T07:12,2020-12-14T16:16,32629.84,0.0,1.38,0.29,93,1012.6,6.7,0.258,10.0,10906X0039/C2-1
1444,2020-12-15,42.685696389,2.685378283,2020-12-15T07:13,2020-12-15T16:16,32600.87,0.0,6.4,1.01,71,1013.3,6.2,0.257,10.2,10906X0039/C2-1
1445,2020-12-16,42.685696389,2.685378283,2020-12-16T07:13,2020-12-16T16:16,32576.44,0.0,5.27,0.64,50,1015.9,5.8,0.256,10.3,10906X0039/C2-1
1446,2020-12-17,42.685696389,2.685378283,2020-12-17T07:14,2020-12-17T16:17,32556.67,0.0,7.2,1.15,29,1022.8,6.9,0.255,10.1,10906X0039/C2-1
1447,2020-12-18,42.685696389,2.685378283,2020-12-18T07:15,2020-12-18T16:17,32541.63,0.0,6.34,0.9,41,1021.9,9.4,0.254,10.3,10906X0039/C2-1
1448,2020-12-19,42.685696389,2.685378283,2020-12-19T07:15,2020-12-19T16:17,32531.39,0.0,7.39,0.96,69,1017.7,4.3,0.255,10.6,10906X0039/C2-1
1449,2020-12-20,42.685696389,2.685378283,2020-12-20T07:16,2020-12-20T16:18,32525.78,1.9,3.44,0.85,66,1022.6,11.6,0.254,10.6,10906X0039/C2-1
1450,2020-12-21,42.685696389,2.685378283,2020-12-21T07:16,2020-12-21T16:18,32524.74,0.0,5.58,0.69,62,1026.4,3.5,0.255,10.2,10906X0039/C2-1
1451,2020-12-22,42.685696389,2.685378283,2020-12-22T07:17,2020-12-22T16:19,32528.22,0.0,7.36,1.01,50,1025.5,5.8,0.255,10.4,10906X0039/C2-1
1452,2020-12-23,42.685696389,2.685378283,2020-12-23T07:17,2020-12-23T16:19,32536.17,0.1,3.91,0.5,94,1021.9,4.8,0.257,10.3,10906X0039/C2-1
1453,2020-12-24,42.685696389,2.685378283,2020-12-24T07:17,2020-12-24T16:20,32548.54,0.0,5.05,1.94,62,1020.8,18.9,0.257,10.6,10906X0039/C2-1
1454,2020-12-25,42.685696389,2.685378283,2020-12-25T07:18,2020-12-25T16:20,32565.29,1.6,5.57,1.43,71,1023.1,33.4,0.257,10.1,10906X0039/C2-1
1455,2020-12-26,42.685696389,2.685378283,2020-12-26T07:18,2020-12-26T16:21,32586.36,0.0,7.53,2.09,56,1024.4,36.3,0.257,9.6,10906X0039/C2-1
1456,2020-12-27,42.685696389,2.685378283,2020-12-27T07:18,2020-12-27T16:22,32611.7,0.0,4.39,0.69,75,1007.2,6.9,0.257,8.9,10906X0039/C2-1
1457,2020-12-28,42.685696389,2.685378283,2020-12-28T07:19,2020-12-28T16:23,32641.24,1.2,7.85,1.28,35,991.4,10.8,0.258,8.7,10906X0039/C2-1
1458,2020-12-29,42.685696389,2.685378283,2020-12-29T07:19,2020-12-29T16:23,32674.94,0.2,6.72,1.23,43,1000.1,11.2,0.257,8.6,10906X0039/C2-1
1459,2020-12-30,42.685696389,2.685378283,2020-12-30T07:19,2020-12-30T16:24,32712.73,0.2,7.28,1.34,59,1010.1,16.4,0.258,8.4,10906X0039/C2-1
1460,2020-12-31,42.685696389,2.685378283,2020-12-31T07:19,2020-12-31T16:25,32754.54,0.0,7.72,1.16,75,1009.7,7.8,0.256,8.3,10906X0039/C2-1
1461,2021-01-01,42.685696389,2.685378283,2021-01-01T07:19,2021-01-01T16:26,32800.32,0.0,7.61,1.26,69,1006.7,17.0,0.256,8.4,10906X0039/C2-1
1462,2021-01-02,42.685696389,2.685378283,2021-01-02T07:19,2021-01-02T16:27,32849.99,0.9,3.9,1.37,96,1008.1,27.7,0.256,8.1,10906X0039/C2-1
1463,2021-01-03,42.685696389,2.685378283,2021-01-03T07:19,2021-01-03T16:28,32903.49,0.0,8.27,1.67,39,1011.3,21.3,0.256,7.8,10906X0039/C2-1
1464,2021-01-04,42.685696389,2.685378283,2021-01-04T07:19,2021-01-04T16:29,32960.76,0.0,7.78,0.9,33,1009.6,5.6,0.254,7.2,10906X0039/C2-1
1465,2021-01-05,42.685696389,2.685378283,2021-01-05T07:19,2021-01-05T16:30,33021.72,0.2,6.54,0.85,68,1011.7,13.0,0.254,6.9,10906X0039/C2-1
1466,2021-01-06,42.685696389,2.685378283,2021-01-06T07:19,2021-01-06T16:31,33086.3,0.0,7.81,0.84,32,1015.6,8.4,0.254,6.8,10906X0039/C2-1
1467,2021-01-07,42.685696389,2.685378283,2021-01-07T07:19,2021-01-07T16:32,33154.44,0.0,5.9,1.0,87,1016.2,10.6,0.254,6.1,10906X0039/C2-1
1468,2021-01-08,42.685696389,2.685378283,2021-01-08T07:19,2021-01-08T16:33,33226.22,0.0,8.3,1.47,64,1015.3,15.9,0.254,5.8,10906X0039/C2-1
1469,2021-01-09,42.685696389,2.685378283,2021-01-09T07:19,2021-01-09T16:34,33302.45,14.6,1.29,0.38,100,1013.2,11.0,0.257,5.9,10906X0039/C2-1
1470,2021-01-10,42.685696389,2.685378283,2021-01-10T07:18,2021-01-10T16:35,33383.08,6.4,3.39,0.67,91,1015.6,14.6,0.264,5.8,10906X0039/C2-1
1471,2021-01-11,42.685696389,2.685378283,2021-01-11T07:18,2021-01-11T16:36,33467.96,0.0,8.49,1.66,21,1021.1,27.0,0.266,5.8,10906X0039/C2-1
1472,2021-01-12,42.685696389,2.685378283,2021-01-12T07:18,2021-01-12T16:37,33556.88,0.0,7.91,2.42,41,1024.6,28.5,0.266,6.0,10906X0039/C2-1
1473,2021-01-13,42.685696389,2.685378283,2021-01-13T07:17,2021-01-13T16:38,33649.68,0.0,7.37,2.39,37,1025.7,22.6,0.266,6.9,10906X0039/C2-1
1474,2021-01-14,42.685696389,2.685378283,2021-01-14T07:17,2021-01-14T16:39,33746.18,0.0,7.53,2.31,48,1022.6,26.9,0.266,7.5,10906X0039/C2-1
1475,2021-01-15,42.685696389,2.685378283,2021-01-15T07:16,2021-01-15T16:40,33846.18,2.3,5.52,1.87,69,1022.8,28.9,0.266,7.8,10906X0039/C2-1
1476,2021-01-16,42.685696389,2.685378283,2021-01-16T07:16,2021-01-16T16:42,33949.52,0.0,6.43,1.89,82,1025.3,23.6,0.265,7.7,10906X0039/C2-1
1477,2021-01-17,42.685696389,2.685378283,2021-01-17T07:15,2021-01-17T16:43,34056.02,0.8,2.1,1.13,74,1024.3,16.8,0.265,7.8,10906X0039/C2-1
1478,2021-01-18,42.685696389,2.685378283,2021-01-18T07:15,2021-01-18T16:44,34165.51,0.0,9.1,1.52,27,1027.9,13.0,0.264,7.9,10906X0039/C2-1
1479,2021-01-19,42.685696389,2.685378283,2021-01-19T07:14,2021-01-19T16:45,34277.81,0.0,9.31,0.93,40,1023.5,4.5,0.263,7.3,10906X0039/C2-1
1480,2021-01-20,42.685696389,2.685378283,2021-01-20T07:13,2021-01-20T16:46,34392.76,0.0,4.27,0.75,91,1009.7,7.5,0.262,7.5,10906X0039/C2-1
1481,2021-01-21,42.685696389,2.685378283,2021-01-21T07:13,2021-01-21T16:48,34510.19,0.0,8.86,1.17,61,1007.0,6.3,0.261,7.6,10906X0039/C2-1
1482,2021-01-22,42.685696389,2.685378283,2021-01-22T07:12,2021-01-22T16:49,34629.93,2.2,3.43,1.12,84,1000.8,14.0,0.262,7.6,10906X0039/C2-1
1483,2021-01-23,42.685696389,2.685378283,2021-01-23T07:11,2021-01-23T16:50,34751.83,0.3,9.29,1.49,53,1004.6,8.0,0.263,7.7,10906X0039/C2-1
1484,2021-01-24,42.685696389,2.685378283,2021-01-24T07:10,2021-01-24T16:52,34875.72,2.6,9.71,1.53,53,1005.7,14.7,0.263,7.8,10906X0039/C2-1
1485,2021-01-25,42.685696389,2.685378283,2021-01-25T07:10,2021-01-25T16:53,35001.44,0.8,3.87,0.99,93,1010.8,13.3,0.259,8.0,10906X0039/C2-1
1486,2021-01-26,42.685696389,2.685378283,2021-01-26T07:09,2021-01-26T16:54,35128.86,0.0,9.8,1.39,65,1022.3,8.1,0.257,8.0,10906X0039/C2-1
1487,2021-01-27,42.685696389,2.685378283,2021-01-27T07:08,2021-01-27T16:55,35257.81,2.2,5.45,1.04,81,1019.8,7.8,0.257,8.3,10906X0039/C2-1
1488,2021-01-28,42.685696389,2.685378283,2021-01-28T07:07,2021-01-28T16:57,35388.4,0.0,8.83,1.53,64,1019.0,10.1,0.258,9.1,10906X0039/C2-1
1489,2021-01-29,42.685696389,2.685378283,2021-01-29T07:06,2021-01-29T16:58,35521.97,0.5,7.65,1.89,53,1015.2,13.5,0.257,9.5,10906X0039/C2-1
1490,2021-01-30,42.685696389,2.685378283,2021-01-30T07:05,2021-01-30T16:59,35658.58,3.3,3.35,1.16,79,1005.6,14.0,0.257,9.5,10906X0039/C2-1
1491,2021-01-31,42.685696389,2.685378283,2021-01-31T07:04,2021-01-31T17:01,35798.02,5.0,3.83,1.09,81,1002.2,11.9,0.262,9.3,10906X0039/C2-1
1492,2021-02-01,42.685696389,2.685378283,2021-02-01T07:03,2021-02-01T17:02,35940.1,17.1,7.3,2.04,58,1004.1,26.7,0.273,9.6,10906X0039/C2-1
1493,2021-02-02,42.685696389,2.685378283,2021-02-02T07:02,2021-02-02T17:03,36084.62,0.0,10.16,1.61,56,1012.3,4.9,0.273,9.9,10906X0039/C2-1
1494,2021-02-03,42.685696389,2.685378283,2021-02-03T07:01,2021-02-03T17:05,36231.38,0.0,9.98,1.44,51,1011.1,4.8,0.273,10.0,10906X0039/C2-1
1495,2021-02-04,42.685696389,2.685378283,2021-02-04T07:00,2021-02-04T17:06,36380.22,2.1,1.94,0.38,97,1013.0,5.7,0.272,10.1,10906X0039/C2-1
1496,2021-02-05,42.685696389,2.685378283,2021-02-05T06:58,2021-02-05T17:07,36530.93,2.4,4.85,0.71,99,1011.1,9.5,0.274,10.3,10906X0039/C2-1
1497,2021-02-06,42.685696389,2.685378283,2021-02-06T06:57,2021-02-06T17:09,36683.35,1.4,9.44,1.78,56,1001.6,12.5,0.276,10.7,10906X0039/C2-1
1498,2021-02-07,42.685696389,2.685378283,2021-02-07T06:56,2021-02-07T17:10,36837.29,0.1,9.64,2.44,59,1002.9,20.1,0.274,10.6,10906X0039/C2-1
1499,2021-02-08,42.685696389,2.685378283,2021-02-08T06:55,2021-02-08T17:11,36992.58,4.8,5.63,0.88,82,999.2,4.5,0.274,10.1,10906X0039/C2-1
1500,2021-02-09,42.685696389,2.685378283,2021-02-09T06:53,2021-02-09T17:13,37149.07,0.0,10.04,1.39,68,1000.6,7.4,0.276,9.7,10906X0039/C2-1
1501,2021-02-10,42.685696389,2.685378283,2021-02-10T06:52,2021-02-10T17:14,37306.58,0.0,9.51,1.67,57,1006.0,13.5,0.276,9.7,10906X0039/C2-1
1502,2021-02-11,42.685696389,2.685378283,2021-02-11T06:51,2021-02-11T17:15,37464.95,0.0,12.08,1.82,66,1016.8,6.1,0.274,9.9,10906X0039/C2-1
1503,2021-02-12,42.685696389,2.685378283,2021-02-12T06:49,2021-02-12T17:17,37624.03,4.6,2.9,0.61,98,1016.9,7.0,0.274,9.7,10906X0039/C2-1
1504,2021-02-13,42.685696389,2.685378283,2021-02-13T06:48,2021-02-13T17:18,37783.65,0.0,8.38,1.57,66,1023.7,18.1,0.275,10.0,10906X0039/C2-1
1505,2021-02-14,42.685696389,2.685378283,2021-02-14T06:47,2021-02-14T17:19,37943.67,0.5,4.96,0.98,98,1033.9,14.9,0.274,9.7,10906X0039/C2-1
1506,2021-02-15,42.685696389,2.685378283,2021-02-15T06:45,2021-02-15T17:20,38103.94,0.0,7.31,1.15,85,1033.3,8.2,0.274,9.5,10906X0039/C2-1
1507,2021-02-16,42.685696389,2.685378283,2021-02-16T06:44,2021-02-16T17:22,38264.31,0.1,9.75,1.23,73,1025.7,5.0,0.274,9.5,10906X0039/C2-1
1508,2021-02-17,42.685696389,2.685378283,2021-02-17T06:43,2021-02-17T17:23,38424.89,0.0,12.45,1.73,57,1022.5,5.8,0.273,9.7,10906X0039/C2-1
1509,2021-02-18,42.685696389,2.685378283,2021-02-18T06:41,2021-02-18T17:24,38587.11,0.0,4.9,0.66,99,1018.6,4.7,0.275,9.8,10906X0039/C2-1
1510,2021-02-19,42.685696389,2.685378283,2021-02-19T06:40,2021-02-19T17:26,38751.05,0.0,7.41,1.09,94,1019.9,5.8,0.275,10.0,10906X0039/C2-1
1511,2021-02-20,42.685696389,2.685378283,2021-02-20T06:38,2021-02-20T17:27,38916.57,0.0,12.03,1.81,52,1017.2,10.8,0.275,10.3,10906X0039/C2-1
1512,2021-02-21,42.685696389,2.685378283,2021-02-21T06:37,2021-02-21T17:28,39083.51,4.5,8.58,1.5,76,1016.6,20.9,0.273,10.5,10906X0039/C2-1
1513,2021-02-22,42.685696389,2.685378283,2021-02-22T06:35,2021-02-22T17:29,39251.72,30.5,1.62,0.31,99,1019.3,17.1,0.291,10.7,10906X0039/C2-1
1514,2021-02-23,42.685696389,2.685378283,2021-02-23T06:34,2021-02-23T17:31,39421.07,1.0,11.26,1.72,39,1032.5,11.5,0.299,11.0,10906X0039/C2-1
1515,2021-02-24,42.685696389,2.685378283,2021-02-24T06:32,2021-02-24T17:32,39591.41,0.1,12.44,2.02,51,1032.6,8.9,0.297,11.3,10906X0039/C2-1
1516,2021-02-25,42.685696389,2.685378283,2021-02-25T06:31,2021-02-25T17:33,39762.59,0.1,13.16,1.69,81,1030.8,6.5,0.296,11.2,10906X0039/C2-1
1517,2021-02-26,42.685696389,2.685378283,2021-02-26T06:29,2021-02-26T17:34,39934.48,0.0,14.19,2.44,74,1030.2,10.7,0.293,11.4,10906X0039/C2-1
1518,2021-02-27,42.685696389,2.685378283,2021-02-27T06:27,2021-02-27T17:36,40106.95,0.0,15.25,2.9,26,1026.6,20.8,0.292,11.7,10906X0039/C2-1
1519,2021-02-28,42.685696389,2.685378283,2021-02-28T06:26,2021-02-28T17:37,40279.86,0.4,8.89,1.38,55,1026.8,8.3,0.289,11.5,10906X0039/C2-1
1520,2021-03-01,42.685696389,2.685378283,2021-03-01T06:24,2021-03-01T17:38,40453.08,0.0,11.99,1.63,60,1027.4,11.4,0.287,11.4,10906X0039/C2-1
1521,2021-03-02,42.685696389,2.685378283,2021-03-02T06:22,2021-03-02T17:39,40626.47,0.0,12.84,1.78,74,1030.3,11.6,0.288,11.4,10906X0039/C2-1
1522,2021-03-03,42.685696389,2.685378283,2021-03-03T06:21,2021-03-03T17:41,40799.92,0.8,6.06,0.96,100,1030.7,4.9,0.288,11.4,10906X0039/C2-1
1523,2021-03-04,42.685696389,2.685378283,2021-03-04T06:19,2021-03-04T17:42,40973.29,0.0,11.11,1.62,89,1023.0,4.2,0.287,11.5,10906X0039/C2-1
1524,2021-03-05,42.685696389,2.685378283,2021-03-05T06:17,2021-03-05T17:43,41146.47,0.4,11.37,1.93,61,1018.5,5.7,0.286,11.6,10906X0039/C2-1
1525,2021-03-06,42.685696389,2.685378283,2021-03-06T06:16,2021-03-06T17:44,41319.31,0.4,6.87,1.13,86,1023.8,4.8,0.288,11.4,10906X0039/C2-1
1526,2021-03-07,42.685696389,2.685378283,2021-03-07T06:14,2021-03-07T17:46,41491.7,6.2,10.2,1.37,74,1020.5,5.5,0.288,11.1,10906X0039/C2-1
1527,2021-03-08,42.685696389,2.685378283,2021-03-08T06:12,2021-03-08T17:47,41663.52,11.4,9.54,1.89,76,1016.3,13.8,0.297,11.2,10906X0039/C2-1
1528,2021-03-09,42.685696389,2.685378283,2021-03-09T06:11,2021-03-09T17:48,41834.88,0.0,17.5,3.11,3,1018.3,22.7,0.294,11.1,10906X0039/C2-1
1529,2021-03-10,42.685696389,2.685378283,2021-03-10T06:09,2021-03-10T17:49,42007.08,0.0,18.32,2.95,21,1021.2,10.8,0.292,11.0,10906X0039/C2-1
1530,2021-03-11,42.685696389,2.685378283,2021-03-11T06:07,2021-03-11T17:50,42180.24,0.2,17.05,3.0,83,1020.2,8.1,0.285,11.3,10906X0039/C2-1
1531,2021-03-12,42.685696389,2.685378283,2021-03-12T06:06,2021-03-12T17:52,42354.23,0.7,7.56,2.3,63,1020.2,18.3,0.283,11.4,10906X0039/C2-1
1532,2021-03-13,42.685696389,2.685378283,2021-03-13T06:04,2021-03-13T17:53,42528.95,0.0,15.9,2.98,39,1020.3,9.8,0.282,11.2,10906X0039/C2-1
1533,2021-03-14,42.685696389,2.685378283,2021-03-14T06:02,2021-03-14T17:54,42704.28,2.6,10.9,1.94,71,1022.5,20.0,0.279,11.2,10906X0039/C2-1
1534,2021-03-15,42.685696389,2.685378283,2021-03-15T06:00,2021-03-15T17:55,42880.11,0.4,14.14,3.0,76,1024.4,26.7,0.277,11.1,10906X0039/C2-1
1535,2021-03-16,42.685696389,2.685378283,2021-03-16T05:59,2021-03-16T17:56,43056.32,0.3,14.37,3.19,53,1025.8,29.6,0.276,11.2,10906X0039/C2-1
1536,2021-03-17,42.685696389,2.685378283,2021-03-17T05:57,2021-03-17T17:57,43232.81,0.1,14.89,3.4,70,1023.1,30.1,0.274,11.4,10906X0039/C2-1
1537,2021-03-18,42.685696389,2.685378283,2021-03-18T05:55,2021-03-18T17:59,43409.46,0.0,16.51,3.03,55,1021.1,28.2,0.271,11.1,10906X0039/C2-1
1538,2021-03-19,42.685696389,2.685378283,2021-03-19T05:53,2021-03-19T18:00,43586.16,1.5,12.45,2.09,73,1015.4,20.1,0.27,10.7,10906X0039/C2-1
1539,2021-03-20,42.685696389,2.685378283,2021-03-20T05:52,2021-03-20T18:01,43762.8,0.0,18.29,3.23,30,1019.9,26.6,0.27,10.4,10906X0039/C2-1
1540,2021-03-21,42.685696389,2.685378283,2021-03-21T05:50,2021-03-21T18:02,43939.26,0.0,19.74,3.92,33,1019.0,34.5,0.268,10.3,10906X0039/C2-1
1541,2021-03-22,42.685696389,2.685378283,2021-03-22T05:48,2021-03-22T18:03,44115.45,0.0,17.26,3.74,49,1018.4,34.4,0.265,10.5,10906X0039/C2-1
1542,2021-03-23,42.685696389,2.685378283,2021-03-23T05:46,2021-03-23T18:04,44291.24,0.0,20.73,3.71,6,1022.3,11.6,0.263,10.8,10906X0039/C2-1
1543,2021-03-24,42.685696389,2.685378283,2021-03-24T05:44,2021-03-24T18:06,44466.52,0.0,20.87,3.48,0,1023.8,5.6,0.255,10.9,10906X0039/C2-1
1544,2021-03-25,42.685696389,2.685378283,2021-03-25T05:43,2021-03-25T18:07,44641.17,0.0,19.75,3.39,36,1023.6,12.3,0.252,11.3,10906X0039/C2-1
1545,2021-03-26,42.685696389,2.685378283,2021-03-26T05:41,2021-03-26T18:08,44815.1,0.6,17.58,2.61,76,1022.0,8.1,0.249,11.4,10906X0039/C2-1
1546,2021-03-27,42.685696389,2.685378283,2021-03-27T05:39,2021-03-27T18:09,44988.17,0.1,18.27,3.06,29,1028.0,15.3,0.249,11.6,10906X0039/C2-1
1547,2021-03-28,42.685696389,2.685378283,2021-03-28T05:38,2021-03-28T18:10,45160.26,0.0,21.39,3.19,0,1030.7,5.4,0.249,11.5,10906X0039/C2-1
1548,2021-03-29,42.685696389,2.685378283,2021-03-29T05:36,2021-03-29T18:11,45331.5,0.0,18.36,2.72,43,1032.0,8.3,0.243,11.6,10906X0039/C2-1
1549,2021-03-30,42.685696389,2.685378283,2021-03-30T05:34,2021-03-30T18:12,45503.07,0.0,20.86,2.99,22,1030.0,7.4,0.24,11.7,10906X0039/C2-1
1550,2021-03-31,42.685696389,2.685378283,2021-03-31T05:32,2021-03-31T18:14,45675.1,0.0,21.38,3.15,32,1024.8,7.6,0.236,11.8,10906X0039/C2-1
1551,2021-04-01,42.685696389,2.685378283,2021-04-01T05:31,2021-04-01T18:15,45847.49,0.0,21.99,3.11,44,1019.5,7.5,0.233,11.8,10906X0039/C2-1
1552,2021-04-02,42.685696389,2.685378283,2021-04-02T05:29,2021-04-02T18:16,46020.13,1.8,16.69,2.78,56,1015.3,7.2,0.231,12.1,10906X0039/C2-1
1553,2021-04-03,42.685696389,2.685378283,2021-04-03T05:27,2021-04-03T18:17,46192.9,0.0,22.32,4.95,6,1012.3,23.3,0.229,12.7,10906X0039/C2-1
1554,2021-04-04,42.685696389,2.685378283,2021-04-04T05:25,2021-04-04T18:18,46365.73,0.0,21.86,4.65,10,1017.2,14.2,0.225,13.0,10906X0039/C2-1
1555,2021-04-05,42.685696389,2.685378283,2021-04-05T05:24,2021-04-05T18:19,46538.47,0.0,22.96,5.28,25,1015.8,18.7,0.222,13.1,10906X0039/C2-1
1556,2021-04-06,42.685696389,2.685378283,2021-04-06T05:22,2021-04-06T18:20,46711.03,0.0,17.97,3.66,63,1014.2,29.5,0.22,13.0,10906X0039/C2-1
1557,2021-04-07,42.685696389,2.685378283,2021-04-07T05:20,2021-04-07T18:22,46883.3,0.0,24.22,4.18,3,1023.2,18.0,0.216,12.4,10906X0039/C2-1
1558,2021-04-08,42.685696389,2.685378283,2021-04-08T05:19,2021-04-08T18:23,47055.16,0.0,23.26,3.42,35,1023.3,6.5,0.214,12.1,10906X0039/C2-1
1559,2021-04-09,42.685696389,2.685378283,2021-04-09T05:17,2021-04-09T18:24,47226.51,0.0,17.47,3.22,54,1019.7,13.6,0.211,12.1,10906X0039/C2-1
1560,2021-04-10,42.685696389,2.685378283,2021-04-10T05:15,2021-04-10T18:25,47397.22,0.9,11.22,1.79,86,1015.0,11.6,0.212,12.1,10906X0039/C2-1
1561,2021-04-11,42.685696389,2.685378283,2021-04-11T05:13,2021-04-11T18:26,47567.18,8.3,8.46,1.76,96,1014.9,13.8,0.218,12.2,10906X0039/C2-1
1562,2021-04-12,42.685696389,2.685378283,2021-04-12T05:12,2021-04-12T18:27,47736.26,0.0,24.75,4.21,20,1025.2,24.2,0.224,11.8,10906X0039/C2-1
1563,2021-04-13,42.685696389,2.685378283,2021-04-13T05:10,2021-04-13T18:29,47904.35,0.0,23.92,4.41,73,1024.9,13.2,0.221,11.9,10906X0039/C2-1
1564,2021-04-14,42.685696389,2.685378283,2021-04-14T05:08,2021-04-14T18:30,48071.31,0.0,24.56,3.66,28,1021.7,6.6,0.217,11.9,10906X0039/C2-1
1565,2021-04-15,42.685696389,2.685378283,2021-04-15T05:07,2021-04-15T18:31,48237.04,0.0,24.46,3.63,14,1020.2,6.4,0.211,11.8,10906X0039/C2-1
1566,2021-04-16,42.685696389,2.685378283,2021-04-16T05:05,2021-04-16T18:32,48401.39,0.0,22.88,4.13,27,1018.9,14.1,0.21,11.7,10906X0039/C2-1
1567,2021-04-17,42.685696389,2.685378283,2021-04-17T05:04,2021-04-17T18:33,48564.21,0.7,16.25,3.9,60,1018.7,25.5,0.209,11.5,10906X0039/C2-1
1568,2021-04-18,42.685696389,2.685378283,2021-04-18T05:02,2021-04-18T18:34,48725.62,0.0,19.66,4.42,31,1019.9,22.5,0.208,11.7,10906X0039/C2-1
1569,2021-04-19,42.685696389,2.685378283,2021-04-19T05:01,2021-04-19T18:35,48886.75,0.0,24.62,4.34,20,1017.7,10.4,0.207,11.9,10906X0039/C2-1
1570,2021-04-20,42.685696389,2.685378283,2021-04-20T04:59,2021-04-20T18:36,49047.73,0.8,14.25,2.58,91,1014.7,5.9,0.203,12.0,10906X0039/C2-1
1571,2021-04-21,42.685696389,2.685378283,2021-04-21T04:58,2021-04-21T18:38,49208.43,9.4,11.57,1.85,66,1015.2,7.0,0.206,12.0,10906X0039/C2-1
1572,2021-04-22,42.685696389,2.685378283,2021-04-22T04:56,2021-04-22T18:39,49368.74,0.2,16.82,2.58,58,1018.4,8.1,0.208,12.0,10906X0039/C2-1
1573,2021-04-23,42.685696389,2.685378283,2021-04-23T04:54,2021-04-23T18:40,49528.55,0.0,25.95,4.72,4,1020.7,10.2,0.209,12.2,10906X0039/C2-1
1574,2021-04-24,42.685696389,2.685378283,2021-04-24T04:53,2021-04-24T18:41,49687.72,0.0,26.01,5.3,65,1018.8,12.3,0.205,12.5,10906X0039/C2-1
1575,2021-04-25,42.685696389,2.685378283,2021-04-25T04:51,2021-04-25T18:42,49846.15,0.1,18.25,3.66,89,1014.8,10.6,0.205,12.8,10906X0039/C2-1
1576,2021-04-26,42.685696389,2.685378283,2021-04-26T04:50,2021-04-26T18:43,50003.69,1.9,15.78,2.65,95,1008.8,8.0,0.204,13.0,10906X0039/C2-1
1577,2021-04-27,42.685696389,2.685378283,2021-04-27T04:49,2021-04-27T18:45,50160.24,3.6,8.25,1.56,98,1006.5,6.4,0.209,12.8,10906X0039/C2-1
1578,2021-04-28,42.685696389,2.685378283,2021-04-28T04:47,2021-04-28T18:46,50315.65,2.8,12.39,2.07,77,1007.1,3.4,0.212,12.9,10906X0039/C2-1
1579,2021-04-29,42.685696389,2.685378283,2021-04-29T04:46,2021-04-29T18:47,50469.78,3.3,13.98,2.38,88,1008.7,5.6,0.214,13.1,10906X0039/C2-1
1580,2021-04-30,42.685696389,2.685378283,2021-04-30T04:44,2021-04-30T18:48,50622.51,2.4,13.36,2.54,86,1010.1,10.2,0.215,13.3,10906X0039/C2-1
1581,2021-05-01,42.685696389,2.685378283,2021-05-01T04:43,2021-05-01T18:49,50773.69,7.7,10.79,2.38,66,1011.7,20.0,0.224,12.8,10906X0039/C2-1
1582,2021-05-02,42.685696389,2.685378283,2021-05-02T04:41,2021-05-02T18:50,50923.19,0.0,20.42,3.89,56,1019.7,13.4,0.227,12.8,10906X0039/C2-1
1583,2021-05-03,42.685696389,2.685378283,2021-05-03T04:40,2021-05-03T18:51,51070.84,0.0,24.48,4.17,49,1021.3,6.8,0.223,13.0,10906X0039/C2-1
1584,2021-05-04,42.685696389,2.685378283,2021-05-04T04:39,2021-05-04T18:52,51216.51,0.0,22.11,3.97,40,1016.5,7.0,0.219,13.3,10906X0039/C2-1
1585,2021-05-05,42.685696389,2.685378283,2021-05-05T04:38,2021-05-05T18:54,51360.03,0.0,21.3,4.3,56,1015.3,15.9,0.216,13.8,10906X0039/C2-1
1586,2021-05-06,42.685696389,2.685378283,2021-05-06T04:36,2021-05-06T18:55,51501.26,0.0,24.12,4.46,50,1014.8,6.3,0.212,14.2,10906X0039/C2-1
1587,2021-05-07,42.685696389,2.685378283,2021-05-07T04:35,2021-05-07T18:56,51640.03,0.2,22.11,4.22,67,1017.1,18.1,0.208,14.6,10906X0039/C2-1
1588,2021-05-08,42.685696389,2.685378283,2021-05-08T04:34,2021-05-08T18:57,51776.39,0.0,25.93,4.31,37,1015.6,6.3,0.205,14.7,10906X0039/C2-1
1589,2021-05-09,42.685696389,2.685378283,2021-05-09T04:33,2021-05-09T18:58,51911.4,0.1,18.19,3.7,78,1007.8,17.8,0.201,15.0,10906X0039/C2-1
1590,2021-05-10,42.685696389,2.685378283,2021-05-10T04:32,2021-05-10T18:59,52045.15,2.9,13.82,2.47,65,1008.1,6.1,0.201,15.1,10906X0039/C2-1
1591,2021-05-11,42.685696389,2.685378283,2021-05-11T04:30,2021-05-11T19:00,52177.51,0.2,24.03,4.17,36,1013.8,20.6,0.202,14.7,10906X0039/C2-1
1592,2021-05-12,42.685696389,2.685378283,2021-05-12T04:29,2021-05-12T19:01,52308.37,0.7,20.63,4.0,53,1014.3,11.9,0.202,14.5,10906X0039/C2-1
1593,2021-05-13,42.685696389,2.685378283,2021-05-13T04:28,2021-05-13T19:02,52437.58,0.3,27.31,5.59,61,1012.5,15.4,0.199,14.7,10906X0039/C2-1
1594,2021-05-14,42.685696389,2.685378283,2021-05-14T04:27,2021-05-14T19:03,52565.04,3.8,27.58,5.24,50,1014.1,22.7,0.198,14.8,10906X0039/C2-1
1595,2021-05-15,42.685696389,2.685378283,2021-05-15T04:26,2021-05-15T19:04,52690.59,0.0,23.44,4.07,88,1012.6,5.6,0.195,15.1,10906X0039/C2-1
1596,2021-05-16,42.685696389,2.685378283,2021-05-16T04:25,2021-05-16T19:05,52814.11,0.8,12.92,3.24,70,1011.2,14.3,0.194,15.2,10906X0039/C2-1
1597,2021-05-17,42.685696389,2.685378283,2021-05-17T04:24,2021-05-17T19:06,52935.46,0.0,24.33,5.66,43,1017.4,22.6,0.194,15.3,10906X0039/C2-1
1598,2021-05-18,42.685696389,2.685378283,2021-05-18T04:23,2021-05-18T19:07,53054.49,0.2,24.81,4.55,53,1017.9,11.9,0.192,15.4,10906X0039/C2-1
1599,2021-05-19,42.685696389,2.685378283,2021-05-19T04:22,2021-05-19T19:08,53171.08,0.0,27.64,5.55,37,1022.9,26.8,0.192,15.5,10906X0039/C2-1
1600,2021-05-20,42.685696389,2.685378283,2021-05-20T04:21,2021-05-20T19:09,53285.06,0.0,27.69,5.24,69,1022.5,8.7,0.188,15.7,10906X0039/C2-1
1601,2021-05-21,42.685696389,2.685378283,2021-05-21T04:21,2021-05-21T19:10,53396.31,0.1,21.22,4.29,74,1014.7,8.3,0.18,16.0,10906X0039/C2-1
1602,2021-05-22,42.685696389,2.685378283,2021-05-22T04:20,2021-05-22T19:11,53504.66,0.0,13.19,3.25,79,1015.7,12.2,0.179,16.0,10906X0039/C2-1
1603,2021-05-23,42.685696389,2.685378283,2021-05-23T04:19,2021-05-23T19:12,53609.97,0.2,15.33,3.48,94,1018.8,9.9,0.179,15.8,10906X0039/C2-1
1604,2021-05-24,42.685696389,2.685378283,2021-05-24T04:18,2021-05-24T19:13,53712.08,0.1,20.78,4.71,69,1017.8,14.4,0.177,16.0,10906X0039/C2-1
1605,2021-05-25,42.685696389,2.685378283,2021-05-25T04:17,2021-05-25T19:14,53810.84,0.0,24.45,5.61,54,1024.4,18.5,0.173,16.1,10906X0039/C2-1
1606,2021-05-26,42.685696389,2.685378283,2021-05-26T04:17,2021-05-26T19:15,53906.1,0.0,23.53,4.89,64,1020.2,8.0,0.169,16.4,10906X0039/C2-1
1607,2021-05-27,42.685696389,2.685378283,2021-05-27T04:16,2021-05-27T19:16,53997.69,0.0,27.42,5.81,40,1017.1,7.4,0.166,17.0,10906X0039/C2-1
1608,2021-05-28,42.685696389,2.685378283,2021-05-28T04:15,2021-05-28T19:17,54085.62,0.0,22.34,4.47,81,1017.7,6.0,0.162,17.3,10906X0039/C2-1
1609,2021-05-29,42.685696389,2.685378283,2021-05-29T04:15,2021-05-29T19:18,54170.61,0.0,17.68,5.24,65,1018.5,14.9,0.164,17.6,10906X0039/C2-1
1610,2021-05-30,42.685696389,2.685378283,2021-05-30T04:14,2021-05-30T19:19,54252.73,1.4,18.7,4.44,67,1017.8,9.4,0.167,18.0,10906X0039/C2-1
1611,2021-05-31,42.685696389,2.685378283,2021-05-31T04:14,2021-05-31T19:19,54331.9,0.0,22.89,4.38,60,1016.1,9.4,0.167,18.1,10906X0039/C2-1
1612,2021-06-01,42.685696389,2.685378283,2021-06-01T04:13,2021-06-01T19:20,54408.03,0.9,19.99,4.13,80,1012.3,12.2,0.166,18.1,10906X0039/C2-1
1613,2021-06-02,42.685696389,2.685378283,2021-06-02T04:13,2021-06-02T19:21,54481.03,3.8,12.62,2.39,79,1016.0,12.1,0.167,18.0,10906X0039/C2-1
1614,2021-06-03,42.685696389,2.685378283,2021-06-03T04:12,2021-06-03T19:22,54550.82,0.4,19.26,3.7,70,1020.3,12.4,0.166,18.2,10906X0039/C2-1
1615,2021-06-04,42.685696389,2.685378283,2021-06-04T04:12,2021-06-04T19:22,54617.33,1.4,19.11,4.13,75,1021.8,13.5,0.167,18.3,10906X0039/C2-1
1616,2021-06-05,42.685696389,2.685378283,2021-06-05T04:12,2021-06-05T19:23,54680.46,0.0,26.08,5.9,43,1023.1,16.6,0.166,18.5,10906X0039/C2-1
1617,2021-06-06,42.685696389,2.685378283,2021-06-06T04:11,2021-06-06T19:24,54740.12,0.0,26.44,6.69,56,1020.4,19.5,0.164,18.8,10906X0039/C2-1
1618,2021-06-07,42.685696389,2.685378283,2021-06-07T04:11,2021-06-07T19:24,54796.24,0.0,28.42,6.83,6,1020.5,17.0,0.163,19.0,10906X0039/C2-1
1619,2021-06-08,42.685696389,2.685378283,2021-06-08T04:11,2021-06-08T19:25,54848.74,0.0,29.55,7.36,11,1020.1,14.0,0.161,19.4,10906X0039/C2-1
1620,2021-06-09,42.685696389,2.685378283,2021-06-09T04:11,2021-06-09T19:26,54897.54,0.0,28.17,7.49,14,1020.1,15.3,0.159,19.9,10906X0039/C2-1
1621,2021-06-10,42.685696389,2.685378283,2021-06-10T04:11,2021-06-10T19:26,54942.55,0.0,29.16,7.79,31,1018.7,14.7,0.159,20.4,10906X0039/C2-1
1622,2021-06-11,42.685696389,2.685378283,2021-06-11T04:10,2021-06-11T19:27,54983.69,0.2,21.56,6.14,69,1017.8,12.7,0.158,20.8,10906X0039/C2-1
1623,2021-06-12,42.685696389,2.685378283,2021-06-12T04:10,2021-06-12T19:27,55020.89,0.0,25.57,6.93,16,1020.1,13.0,0.158,21.1,10906X0039/C2-1
1624,2021-06-13,42.685696389,2.685378283,2021-06-13T04:10,2021-06-13T19:28,55054.06,0.0,29.12,8.13,2,1019.4,13.5,0.157,21.7,10906X0039/C2-1
1625,2021-06-14,42.685696389,2.685378283,2021-06-14T04:10,2021-06-14T19:28,55083.16,0.0,27.06,7.77,22,1017.2,11.6,0.157,22.2,10906X0039/C2-1
1626,2021-06-15,42.685696389,2.685378283,2021-06-15T04:10,2021-06-15T19:29,55108.07,0.0,25.68,6.7,33,1016.6,9.8,0.16,22.6,10906X0039/C2-1
1627,2021-06-16,42.685696389,2.685378283,2021-06-16T04:10,2021-06-16T19:29,55128.76,0.0,25.18,5.12,54,1013.4,9.4,0.16,22.5,10906X0039/C2-1
1628,2021-06-17,42.685696389,2.685378283,2021-06-17T04:10,2021-06-17T19:29,55145.15,0.3,14.73,3.54,73,1011.6,12.8,0.163,22.3,10906X0039/C2-1
1629,2021-06-18,42.685696389,2.685378283,2021-06-18T04:10,2021-06-18T19:30,55157.37,0.0,25.19,5.24,78,1013.7,9.2,0.165,22.2,10906X0039/C2-1
1630,2021-06-19,42.685696389,2.685378283,2021-06-19T04:11,2021-06-19T19:30,55165.48,0.2,17.63,3.62,92,1013.2,9.2,0.164,22.3,10906X0039/C2-1
1631,2021-06-20,42.685696389,2.685378283,2021-06-20T04:11,2021-06-20T19:30,55169.49,1.0,17.32,4.02,63,1007.2,8.5,0.163,22.2,10906X0039/C2-1
1632,2021-06-21,42.685696389,2.685378283,2021-06-21T04:11,2021-06-21T19:30,55169.43,0.3,26.01,5.9,13,1007.3,11.0,0.161,22.3,10906X0039/C2-1
1633,2021-06-22,42.685696389,2.685378283,2021-06-22T04:11,2021-06-22T19:31,55165.32,0.6,20.03,4.8,34,1013.7,12.7,0.162,21.9,10906X0039/C2-1
1634,2021-06-23,42.685696389,2.685378283,2021-06-23T04:11,2021-06-23T19:31,55157.21,0.8,17.74,4.41,63,1017.6,16.8,0.161,21.7,10906X0039/C2-1
1635,2021-06-24,42.685696389,2.685378283,2021-06-24T04:12,2021-06-24T19:31,55145.13,0.0,27.31,6.21,22,1020.9,17.0,0.163,21.3,10906X0039/C2-1
1636,2021-06-25,42.685696389,2.685378283,2021-06-25T04:12,2021-06-25T19:31,55129.11,0.0,28.07,6.23,16,1019.7,11.7,0.159,21.5,10906X0039/C2-1
1637,2021-06-26,42.685696389,2.685378283,2021-06-26T04:13,2021-06-26T19:31,55109.2,0.0,24.75,4.94,66,1015.6,8.5,0.157,21.6,10906X0039/C2-1
1638,2021-06-27,42.685696389,2.685378283,2021-06-27T04:13,2021-06-27T19:31,55085.42,0.6,23.57,5.37,72,1012.0,8.8,0.152,21.8,10906X0039/C2-1
1639,2021-06-28,42.685696389,2.685378283,2021-06-28T04:13,2021-06-28T19:31,55057.83,0.1,20.85,5.1,63,1014.6,12.3,0.151,22.0,10906X0039/C2-1
1640,2021-06-29,42.685696389,2.685378283,2021-06-29T04:14,2021-06-29T19:31,55026.48,0.0,22.31,5.75,50,1017.1,16.9,0.152,21.8,10906X0039/C2-1
1641,2021-06-30,42.685696389,2.685378283,2021-06-30T04:14,2021-06-30T19:31,54991.4,0.0,26.87,6.04,34,1017.8,10.1,0.15,21.9,10906X0039/C2-1
1642,2021-07-01,42.685696389,2.685378283,2021-07-01T04:15,2021-07-01T19:31,54952.64,0.0,26.42,5.96,50,1017.0,7.8,0.15,22.1,10906X0039/C2-1
1643,2021-07-02,42.685696389,2.685378283,2021-07-02T04:15,2021-07-02T19:31,54910.25,0.0,24.69,5.6,49,1016.0,7.9,0.149,22.5,10906X0039/C2-1
1644,2021-07-03,42.685696389,2.685378283,2021-07-03T04:16,2021-07-03T19:30,54864.28,0.6,20.49,4.78,73,1014.5,6.5,0.148,22.7,10906X0039/C2-1
1645,2021-07-04,42.685696389,2.685378283,2021-07-04T04:17,2021-07-04T19:30,54814.78,1.9,16.78,3.9,83,1014.1,9.6,0.153,22.5,10906X0039/C2-1
1646,2021-07-05,42.685696389,2.685378283,2021-07-05T04:17,2021-07-05T19:30,54761.8,0.0,28.68,5.47,15,1012.6,8.3,0.157,22.3,10906X0039/C2-1
1647,2021-07-06,42.685696389,2.685378283,2021-07-06T04:18,2021-07-06T19:30,54705.4,1.8,22.71,5.08,79,1011.6,12.6,0.155,22.5,10906X0039/C2-1
1648,2021-07-07,42.685696389,2.685378283,2021-07-07T04:18,2021-07-07T19:29,54645.51,1.3,22.87,5.43,47,1016.0,13.5,0.154,22.5,10906X0039/C2-1
1649,2021-07-08,42.685696389,2.685378283,2021-07-08T04:19,2021-07-08T19:29,54581.59,0.0,28.86,6.85,17,1022.1,21.3,0.154,22.1,10906X0039/C2-1
1650,2021-07-09,42.685696389,2.685378283,2021-07-09T04:20,2021-07-09T19:28,54513.64,0.0,28.97,6.36,12,1021.6,10.4,0.149,22.3,10906X0039/C2-1
1651,2021-07-10,42.685696389,2.685378283,2021-07-10T04:21,2021-07-10T19:28,54441.8,0.0,25.58,5.75,16,1017.2,10.3,0.149,22.5,10906X0039/C2-1
1652,2021-07-11,42.685696389,2.685378283,2021-07-11T04:21,2021-07-11T19:27,54366.22,0.0,28.49,5.7,23,1014.7,8.1,0.152,22.7,10906X0039/C2-1
1653,2021-07-12,42.685696389,2.685378283,2021-07-12T04:22,2021-07-12T19:27,54287.01,0.4,19.34,4.93,58,1011.9,21.4,0.15,22.6,10906X0039/C2-1
1654,2021-07-13,42.685696389,2.685378283,2021-07-13T04:23,2021-07-13T19:26,54204.33,0.1,20.83,5.89,34,1016.2,25.3,0.15,21.9,10906X0039/C2-1
1655,2021-07-14,42.685696389,2.685378283,2021-07-14T04:24,2021-07-14T19:26,54118.3,0.0,25.47,6.65,30,1018.6,24.3,0.15,21.9,10906X0039/C2-1
1656,2021-07-15,42.685696389,2.685378283,2021-07-15T04:25,2021-07-15T19:25,54029.05,0.0,29.03,6.96,21,1019.7,22.2,0.149,22.0,10906X0039/C2-1
1657,2021-07-16,42.685696389,2.685378283,2021-07-16T04:25,2021-07-16T19:24,53936.73,0.0,28.62,7.79,4,1018.9,23.5,0.145,22.2,10906X0039/C2-1
1658,2021-07-17,42.685696389,2.685378283,2021-07-17T04:26,2021-07-17T19:24,53841.45,0.0,28.72,8.19,0,1017.6,21.5,0.143,22.6,10906X0039/C2-1
1659,2021-07-18,42.685696389,2.685378283,2021-07-18T04:27,2021-07-18T19:23,53743.35,0.0,28.4,8.75,4,1013.9,22.9,0.142,23.0,10906X0039/C2-1
1660,2021-07-19,42.685696389,2.685378283,2021-07-19T04:28,2021-07-19T19:22,53642.58,0.0,28.26,8.18,0,1012.6,15.2,0.143,23.5,10906X0039/C2-1
1661,2021-07-20,42.685696389,2.685378283,2021-07-20T04:29,2021-07-20T19:21,53539.23,0.0,24.61,5.74,23,1014.2,7.1,0.144,23.7,10906X0039/C2-1
1662,2021-07-21,42.685696389,2.685378283,2021-07-21T04:30,2021-07-21T19:21,53433.46,0.0,24.7,6.04,14,1017.1,6.9,0.143,24.1,10906X0039/C2-1
1663,2021-07-22,42.685696389,2.685378283,2021-07-22T04:31,2021-07-22T19:20,53325.38,0.0,25.33,5.65,11,1016.6,6.0,0.142,24.3,10906X0039/C2-1
1664,2021-07-23,42.685696389,2.685378283,2021-07-23T04:32,2021-07-23T19:19,53215.11,0.0,24.75,5.76,26,1011.2,7.8,0.141,24.4,10906X0039/C2-1
1665,2021-07-24,42.685696389,2.685378283,2021-07-24T04:33,2021-07-24T19:18,53102.78,0.0,19.77,5.67,61,1010.9,16.2,0.141,24.5,10906X0039/C2-1
1666,2021-07-25,42.685696389,2.685378283,2021-07-25T04:34,2021-07-25T19:17,52988.5,0.0,19.48,5.96,56,1011.3,15.3,0.142,24.3,10906X0039/C2-1
1667,2021-07-26,42.685696389,2.685378283,2021-07-26T04:35,2021-07-26T19:16,52872.4,0.7,18.67,4.85,63,1014.6,16.5,0.144,24.0,10906X0039/C2-1
1668,2021-07-27,42.685696389,2.685378283,2021-07-27T04:36,2021-07-27T19:15,52754.4,0.0,24.84,5.81,32,1014.0,9.4,0.146,24.1,10906X0039/C2-1
1669,2021-07-28,42.685696389,2.685378283,2021-07-28T04:37,2021-07-28T19:14,52633.51,2.0,20.88,5.0,51,1016.0,11.5,0.147,24.1,10906X0039/C2-1
1670,2021-07-29,42.685696389,2.685378283,2021-07-29T04:38,2021-07-29T19:13,52509.72,0.0,23.72,5.06,15,1014.4,7.4,0.152,24.2,10906X0039/C2-1
1671,2021-07-30,42.685696389,2.685378283,2021-07-30T04:39,2021-07-30T19:12,52383.19,0.0,20.05,4.96,40,1012.9,12.3,0.15,24.3,10906X0039/C2-1
1672,2021-07-31,42.685696389,2.685378283,2021-07-31T04:40,2021-07-31T19:11,52254.06,2.1,16.47,4.47,79,1012.3,20.5,0.15,23.9,10906X0039/C2-1
1673,2021-08-01,42.685696389,2.685378283,2021-08-01T04:41,2021-08-01T19:10,52122.52,0.2,23.5,5.95,53,1014.6,18.6,0.153,23.1,10906X0039/C2-1
1674,2021-08-02,42.685696389,2.685378283,2021-08-02T04:42,2021-08-02T19:08,51988.71,0.0,23.41,5.06,37,1016.7,7.1,0.151,23.2,10906X0039/C2-1
1675,2021-08-03,42.685696389,2.685378283,2021-08-03T04:43,2021-08-03T19:07,51852.78,0.0,21.34,4.66,53,1015.4,7.9,0.147,23.3,10906X0039/C2-1
1676,2021-08-04,42.685696389,2.685378283,2021-08-04T04:44,2021-08-04T19:06,51714.89,7.1,11.51,2.91,74,1014.2,8.9,0.15,23.0,10906X0039/C2-1
1677,2021-08-05,42.685696389,2.685378283,2021-08-05T04:45,2021-08-05T19:05,51575.17,0.0,23.13,4.8,38,1013.9,8.3,0.154,23.0,10906X0039/C2-1
1678,2021-08-06,42.685696389,2.685378283,2021-08-06T04:46,2021-08-06T19:03,51433.78,0.0,16.15,3.84,70,1010.8,8.2,0.149,23.2,10906X0039/C2-1
1679,2021-08-07,42.685696389,2.685378283,2021-08-07T04:47,2021-08-07T19:02,51290.85,0.5,15.86,4.15,70,1008.8,14.0,0.145,23.0,10906X0039/C2-1
1680,2021-08-08,42.685696389,2.685378283,2021-08-08T04:48,2021-08-08T19:01,51146.53,0.0,20.77,4.91,59,1016.6,10.0,0.144,22.8,10906X0039/C2-1
1681,2021-08-09,42.685696389,2.685378283,2021-08-09T04:49,2021-08-09T18:59,51000.94,0.0,24.08,4.86,24,1017.8,7.2,0.142,22.9,10906X0039/C2-1
1682,2021-08-10,42.685696389,2.685378283,2021-08-10T04:50,2021-08-10T18:58,50854.23,0.0,22.78,5.14,42,1016.9,6.2,0.139,23.1,10906X0039/C2-1
1683,2021-08-11,42.685696389,2.685378283,2021-08-11T04:51,2021-08-11T18:57,50706.51,0.0,24.27,6.01,13,1016.9,8.2,0.132,23.6,10906X0039/C2-1
1684,2021-08-12,42.685696389,2.685378283,2021-08-12T04:53,2021-08-12T18:55,50557.91,0.0,23.26,5.64,53,1018.0,6.2,0.129,24.1,10906X0039/C2-1
1685,2021-08-13,42.685696389,2.685378283,2021-08-13T04:54,2021-08-13T18:54,50408.57,0.0,24.96,6.24,2,1020.6,9.6,0.126,24.6,10906X0039/C2-1
1686,2021-08-14,42.685696389,2.685378283,2021-08-14T04:55,2021-08-14T18:52,50258.6,0.0,24.16,5.39,10,1018.4,6.0,0.129,24.8,10906X0039/C2-1
1687,2021-08-15,42.685696389,2.685378283,2021-08-15T04:56,2021-08-15T18:51,50108.11,0.0,23.18,6.12,18,1016.3,13.7,0.132,25.0,10906X0039/C2-1
1688,2021-08-16,42.685696389,2.685378283,2021-08-16T04:57,2021-08-16T18:49,49957.02,0.0,25.51,6.87,6,1018.1,28.9,0.134,24.7,10906X0039/C2-1
1689,2021-08-17,42.685696389,2.685378283,2021-08-17T04:58,2021-08-17T18:48,49804.21,0.0,24.79,6.42,0,1019.8,25.9,0.133,24.3,10906X0039/C2-1
1690,2021-08-18,42.685696389,2.685378283,2021-08-18T04:59,2021-08-18T18:46,49649.63,0.0,25.34,6.64,0,1018.1,21.5,0.133,24.0,10906X0039/C2-1
1691,2021-08-19,42.685696389,2.685378283,2021-08-19T05:00,2021-08-19T18:45,49493.4,0.0,20.78,5.19,44,1015.4,10.3,0.133,24.0,10906X0039/C2-1
1692,2021-08-20,42.685696389,2.685378283,2021-08-20T05:01,2021-08-20T18:43,49335.65,0.0,22.43,5.11,21,1015.7,8.9,0.133,24.1,10906X0039/C2-1
1693,2021-08-21,42.685696389,2.685378283,2021-08-21T05:02,2021-08-21T18:42,49176.54,0.0,19.43,3.94,16,1017.8,6.5,0.13,24.1,10906X0039/C2-1
1694,2021-08-22,42.685696389,2.685378283,2021-08-22T05:03,2021-08-22T18:40,49016.17,0.0,21.49,5.6,16,1020.2,15.9,0.133,24.3,10906X0039/C2-1
1695,2021-08-23,42.685696389,2.685378283,2021-08-23T05:04,2021-08-23T18:39,48854.67,0.0,23.84,6.54,19,1018.9,16.9,0.135,24.3,10906X0039/C2-1
1696,2021-08-24,42.685696389,2.685378283,2021-08-24T05:05,2021-08-24T18:37,48692.19,0.8,21.45,6.18,42,1015.6,14.4,0.135,24.2,10906X0039/C2-1
1697,2021-08-25,42.685696389,2.685378283,2021-08-25T05:06,2021-08-25T18:35,48528.82,0.0,20.3,4.52,64,1014.4,6.8,0.136,24.1,10906X0039/C2-1
1698,2021-08-26,42.685696389,2.685378283,2021-08-26T05:08,2021-08-26T18:34,48364.69,0.0,23.78,5.98,3,1013.4,8.2,0.138,24.1,10906X0039/C2-1
1699,2021-08-27,42.685696389,2.685378283,2021-08-27T05:09,2021-08-27T18:32,48199.92,0.0,23.31,6.53,14,1013.0,13.8,0.133,24.3,10906X0039/C2-1
1700,2021-08-28,42.685696389,2.685378283,2021-08-28T05:10,2021-08-28T18:30,48034.62,0.0,24.1,6.48,0,1014.6,15.7,0.13,24.1,10906X0039/C2-1
1701,2021-08-29,42.685696389,2.685378283,2021-08-29T05:11,2021-08-29T18:29,47868.91,0.0,23.95,6.51,0,1014.6,12.7,0.129,24.0,10906X0039/C2-1
1702,2021-08-30,42.685696389,2.685378283,2021-08-30T05:12,2021-08-30T18:27,47702.88,0.0,22.18,4.91,42,1014.4,7.2,0.125,23.9,10906X0039/C2-1
1703,2021-08-31,42.685696389,2.685378283,2021-08-31T05:13,2021-08-31T18:25,47536.66,0.0,21.72,4.98,39,1017.0,6.5,0.125,24.0,10906X0039/C2-1
1704,2021-09-01,42.685696389,2.685378283,2021-09-01T05:14,2021-09-01T18:24,47370.34,0.0,18.27,4.02,90,1018.9,9.1,0.125,23.7,10906X0039/C2-1
1705,2021-09-02,42.685696389,2.685378283,2021-09-02T05:15,2021-09-02T18:22,47204.03,4.9,13.4,2.76,80,1019.1,10.3,0.125,23.3,10906X0039/C2-1
1706,2021-09-03,42.685696389,2.685378283,2021-09-03T05:16,2021-09-03T18:20,47037.85,0.6,12.22,2.43,68,1017.3,5.0,0.122,23.1,10906X0039/C2-1
1707,2021-09-04,42.685696389,2.685378283,2021-09-04T05:17,2021-09-04T18:18,46871.87,0.0,19.38,3.97,19,1016.0,6.6,0.129,22.9,10906X0039/C2-1
1708,2021-09-05,42.685696389,2.685378283,2021-09-05T05:18,2021-09-05T18:17,46706.0,0.0,19.29,3.78,34,1017.6,5.4,0.127,23.1,10906X0039/C2-1
1709,2021-09-06,42.685696389,2.685378283,2021-09-06T05:19,2021-09-06T18:15,46539.13,1.4,14.57,2.84,74,1020.2,6.9,0.124,23.1,10906X0039/C2-1
1710,2021-09-07,42.685696389,2.685378283,2021-09-07T05:20,2021-09-07T18:13,46371.15,0.5,14.34,3.09,96,1018.2,11.9,0.127,23.2,10906X0039/C2-1
1711,2021-09-08,42.685696389,2.685378283,2021-09-08T05:21,2021-09-08T18:12,46202.18,1.7,14.51,3.49,74,1013.5,11.2,0.128,23.4,10906X0039/C2-1
1712,2021-09-09,42.685696389,2.685378283,2021-09-09T05:23,2021-09-09T18:10,46032.33,16.9,6.72,1.47,94,1014.3,6.5,0.128,23.0,10906X0039/C2-1
1713,2021-09-10,42.685696389,2.685378283,2021-09-10T05:24,2021-09-10T18:08,45861.71,4.2,14.5,2.67,60,1017.2,5.9,0.132,22.6,10906X0039/C2-1
1714,2021-09-11,42.685696389,2.685378283,2021-09-11T05:25,2021-09-11T18:06,45690.44,0.4,17.8,3.93,48,1018.0,8.1,0.132,22.7,10906X0039/C2-1
1715,2021-09-12,42.685696389,2.685378283,2021-09-12T05:26,2021-09-12T18:04,45518.61,0.0,17.3,3.43,68,1016.2,5.8,0.128,22.7,10906X0039/C2-1
1716,2021-09-13,42.685696389,2.685378283,2021-09-13T05:27,2021-09-13T18:03,45346.33,0.2,15.97,3.04,78,1014.9,6.0,0.124,22.6,10906X0039/C2-1
1717,2021-09-14,42.685696389,2.685378283,2021-09-14T05:28,2021-09-14T18:01,45173.71,0.1,13.26,2.98,97,1012.9,6.8,0.124,23.0,10906X0039/C2-1
1718,2021-09-15,42.685696389,2.685378283,2021-09-15T05:29,2021-09-15T17:59,45000.85,3.9,15.3,3.22,74,1013.1,6.7,0.121,23.1,10906X0039/C2-1
1719,2021-09-16,42.685696389,2.685378283,2021-09-16T05:30,2021-09-16T17:57,44827.85,5.8,13.36,3.24,70,1016.5,13.7,0.12,22.7,10906X0039/C2-1
1720,2021-09-17,42.685696389,2.685378283,2021-09-17T05:31,2021-09-17T17:55,44654.81,0.5,17.18,3.81,32,1014.9,8.6,0.119,22.6,10906X0039/C2-1
1721,2021-09-18,42.685696389,2.685378283,2021-09-18T05:32,2021-09-18T17:54,44481.85,2.8,14.54,3.37,59,1014.3,11.8,0.116,22.5,10906X0039/C2-1
1722,2021-09-19,42.685696389,2.685378283,2021-09-19T05:33,2021-09-19T17:52,44309.04,0.0,19.76,5.3,4,1017.7,21.6,0.116,21.9,10906X0039/C2-1
1723,2021-09-20,42.685696389,2.685378283,2021-09-20T05:34,2021-09-20T17:50,44136.51,0.3,15.02,4.0,56,1019.8,21.2,0.114,21.7,10906X0039/C2-1
1724,2021-09-21,42.685696389,2.685378283,2021-09-21T05:35,2021-09-21T17:48,43964.33,8.1,12.6,3.45,62,1023.5,20.5,0.113,21.3,10906X0039/C2-1
1725,2021-09-22,42.685696389,2.685378283,2021-09-22T05:37,2021-09-22T17:46,43792.63,0.0,16.93,3.28,68,1022.3,6.6,0.114,21.1,10906X0039/C2-1
1726,2021-09-23,42.685696389,2.685378283,2021-09-23T05:38,2021-09-23T17:45,43621.48,0.0,15.51,3.16,46,1021.0,7.0,0.11,21.1,10906X0039/C2-1
1727,2021-09-24,42.685696389,2.685378283,2021-09-24T05:39,2021-09-24T17:43,43451.01,0.0,14.52,2.82,56,1018.1,7.5,0.106,21.0,10906X0039/C2-1
1728,2021-09-25,42.685696389,2.685378283,2021-09-25T05:40,2021-09-25T17:41,43281.09,0.6,12.93,2.61,65,1015.2,6.7,0.104,21.2,10906X0039/C2-1
1729,2021-09-26,42.685696389,2.685378283,2021-09-26T05:41,2021-09-26T17:39,43110.54,0.1,14.9,3.39,54,1018.6,10.0,0.103,21.4,10906X0039/C2-1
1730,2021-09-27,42.685696389,2.685378283,2021-09-27T05:42,2021-09-27T17:38,42939.27,0.4,15.4,3.74,62,1020.4,10.5,0.099,21.3,10906X0039/C2-1
1731,2021-09-28,42.685696389,2.685378283,2021-09-28T05:43,2021-09-28T17:36,42767.37,0.0,14.98,3.58,63,1020.9,9.7,0.096,21.5,10906X0039/C2-1
1732,2021-09-29,42.685696389,2.685378283,2021-09-29T05:44,2021-09-29T17:34,42594.98,0.0,16.92,4.49,31,1024.5,20.2,0.093,21.4,10906X0039/C2-1
1733,2021-09-30,42.685696389,2.685378283,2021-09-30T05:45,2021-09-30T17:32,42422.18,0.0,17.19,3.62,44,1025.0,11.8,0.092,21.2,10906X0039/C2-1
1734,2021-10-01,42.685696389,2.685378283,2021-10-01T05:46,2021-10-01T17:31,42249.1,0.0,15.56,2.78,48,1020.9,5.1,0.09,21.0,10906X0039/C2-1
1735,2021-10-02,42.685696389,2.685378283,2021-10-02T05:48,2021-10-02T17:29,42075.85,0.0,15.93,3.56,59,1013.8,7.6,0.09,21.0,10906X0039/C2-1
1736,2021-10-03,42.685696389,2.685378283,2021-10-03T05:49,2021-10-03T17:27,41902.54,7.5,7.74,2.24,97,1008.7,13.4,0.089,21.0,10906X0039/C2-1
1737,2021-10-04,42.685696389,2.685378283,2021-10-04T05:50,2021-10-04T17:25,41729.27,10.2,9.01,2.98,67,1017.2,20.7,0.094,20.0,10906X0039/C2-1
1738,2021-10-05,42.685696389,2.685378283,2021-10-05T05:51,2021-10-05T17:24,41556.18,0.0,11.4,3.0,55,1017.2,11.8,0.094,19.6,10906X0039/C2-1
1739,2021-10-06,42.685696389,2.685378283,2021-10-06T05:52,2021-10-06T17:22,41383.36,0.0,15.96,4.14,38,1023.8,23.2,0.094,19.7,10906X0039/C2-1
1740,2021-10-07,42.685696389,2.685378283,2021-10-07T05:53,2021-10-07T17:20,41210.93,0.0,16.33,4.78,43,1022.0,24.1,0.092,19.6,10906X0039/C2-1
1741,2021-10-08,42.685696389,2.685378283,2021-10-08T05:54,2021-10-08T17:18,41039.01,0.0,16.18,3.29,1,1020.8,9.0,0.089,19.5,10906X0039/C2-1
1742,2021-10-09,42.685696389,2.685378283,2021-10-09T05:55,2021-10-09T17:17,40867.71,0.0,14.97,3.03,18,1021.7,9.8,0.088,19.3,10906X0039/C2-1
1743,2021-10-10,42.685696389,2.685378283,2021-10-10T05:57,2021-10-10T17:15,40697.16,0.0,14.6,3.45,10,1022.7,14.4,0.087,19.4,10906X0039/C2-1
1744,2021-10-11,42.685696389,2.685378283,2021-10-11T05:58,2021-10-11T17:13,40527.47,0.0,16.15,4.56,1,1021.9,19.5,0.084,19.4,10906X0039/C2-1
1745,2021-10-12,42.685696389,2.685378283,2021-10-12T05:59,2021-10-12T17:12,40358.77,0.0,15.11,4.53,39,1018.7,20.5,0.099,19.0,10906X0039/C2-1
1746,2021-10-13,42.685696389,2.685378283,2021-10-13T06:00,2021-10-13T17:10,40191.17,0.0,15.38,4.26,33,1020.8,25.3,0.114,18.7,10906X0039/C2-1
1747,2021-10-14,42.685696389,2.685378283,2021-10-14T06:01,2021-10-14T17:08,40024.81,0.0,15.26,2.68,13,1023.5,8.1,0.113,18.3,10906X0039/C2-1
1748,2021-10-15,42.685696389,2.685378283,2021-10-15T06:02,2021-10-15T17:07,39859.58,0.0,11.43,2.21,76,1018.8,7.0,0.112,18.1,10906X0039/C2-1
1749,2021-10-16,42.685696389,2.685378283,2021-10-16T06:04,2021-10-16T17:05,39694.17,0.0,14.8,2.89,2,1018.2,9.0,0.111,18.2,10906X0039/C2-1
1750,2021-10-17,42.685696389,2.685378283,2021-10-17T06:05,2021-10-17T17:04,39528.48,0.0,12.66,2.12,43,1020.0,5.7,0.111,17.8,10906X0039/C2-1
1751,2021-10-18,42.685696389,2.685378283,2021-10-18T06:06,2021-10-18T17:02,39362.63,0.0,12.95,2.09,88,1024.1,5.1,0.111,17.9,10906X0039/C2-1
1752,2021-10-19,42.685696389,2.685378283,2021-10-19T06:07,2021-10-19T17:00,39196.75,1.9,8.38,1.53,87,1024.8,6.6,0.111,18.1,10906X0039/C2-1
1753,2021-10-20,42.685696389,2.685378283,2021-10-20T06:08,2021-10-20T16:59,39030.98,0.0,11.35,2.1,75,1018.1,5.7,0.11,18.3,10906X0039/C2-1
1754,2021-10-21,42.685696389,2.685378283,2021-10-21T06:10,2021-10-21T16:57,38865.45,0.0,4.47,2.32,92,1017.9,15.5,0.109,18.3,10906X0039/C2-1
1755,2021-10-22,42.685696389,2.685378283,2021-10-22T06:11,2021-10-22T16:56,38700.31,0.0,12.87,3.12,47,1020.2,20.1,0.109,18.2,10906X0039/C2-1
1756,2021-10-23,42.685696389,2.685378283,2021-10-23T06:12,2021-10-23T16:54,38535.68,0.0,13.75,3.15,7,1022.6,13.6,0.109,18.0,10906X0039/C2-1
1757,2021-10-24,42.685696389,2.685378283,2021-10-24T06:13,2021-10-24T16:53,38371.71,0.0,12.55,2.05,25,1023.5,6.6,0.111,17.4,10906X0039/C2-1
1758,2021-10-25,42.685696389,2.685378283,2021-10-25T06:15,2021-10-25T16:51,38208.55,0.0,12.95,2.37,38,1022.2,7.1,0.112,17.5,10906X0039/C2-1
1759,2021-10-26,42.685696389,2.685378283,2021-10-26T06:16,2021-10-26T16:50,38046.34,0.0,12.63,3.22,18,1023.6,16.4,0.111,17.4,10906X0039/C2-1
1760,2021-10-27,42.685696389,2.685378283,2021-10-27T06:17,2021-10-27T16:48,37885.24,0.0,12.22,2.26,39,1023.2,9.3,0.111,17.3,10906X0039/C2-1
1761,2021-10-28,42.685696389,2.685378283,2021-10-28T06:18,2021-10-28T16:47,37725.38,0.1,11.39,2.06,26,1018.0,9.9,0.11,17.0,10906X0039/C2-1
1762,2021-10-29,42.685696389,2.685378283,2021-10-29T06:19,2021-10-29T16:46,37566.95,0.1,10.59,2.04,82,1010.1,6.6,0.108,17.0,10906X0039/C2-1
1763,2021-10-30,42.685696389,2.685378283,2021-10-30T06:21,2021-10-30T16:44,37410.08,0.0,9.13,2.29,100,1005.4,9.6,0.105,17.5,10906X0039/C2-1
1764,2021-10-31,42.685696389,2.685378283,2021-10-31T06:22,2021-10-31T16:43,37254.95,2.1,4.18,0.8,100,1008.5,5.4,0.106,17.6,10906X0039/C2-1
1765,2021-11-01,42.685696389,2.685378283,2021-11-01T06:23,2021-11-01T16:42,37101.72,4.5,8.83,2.76,69,1007.7,21.6,0.108,17.3,10906X0039/C2-1
1766,2021-11-02,42.685696389,2.685378283,2021-11-02T06:24,2021-11-02T16:40,36950.57,0.0,10.6,2.04,45,1007.3,10.1,0.107,16.9,10906X0039/C2-1
1767,2021-11-03,42.685696389,2.685378283,2021-11-03T06:26,2021-11-03T16:39,36801.66,0.1,6.53,2.24,83,1004.2,18.6,0.107,16.6,10906X0039/C2-1
1768,2021-11-04,42.685696389,2.685378283,2021-11-04T06:27,2021-11-04T16:38,36654.91,0.0,10.67,2.06,9,1013.2,14.3,0.108,16.1,10906X0039/C2-1
1769,2021-11-05,42.685696389,2.685378283,2021-11-05T06:28,2021-11-05T16:37,36508.93,0.0,10.97,2.43,38,1022.0,23.6,0.106,15.8,10906X0039/C2-1
1770,2021-11-06,42.685696389,2.685378283,2021-11-06T06:29,2021-11-06T16:36,36363.61,0.0,10.99,2.93,41,1026.0,28.7,0.106,15.5,10906X0039/C2-1
1771,2021-11-07,42.685696389,2.685378283,2021-11-07T06:31,2021-11-07T16:34,36219.12,0.0,10.97,3.69,51,1020.9,37.8,0.106,15.3,10906X0039/C2-1
1772,2021-11-08,42.685696389,2.685378283,2021-11-08T06:32,2021-11-08T16:33,36075.6,0.0,8.37,2.97,80,1017.7,32.4,0.106,15.5,10906X0039/C2-1
1773,2021-11-09,42.685696389,2.685378283,2021-11-09T06:33,2021-11-09T16:32,35933.22,0.0,9.24,2.21,72,1020.8,16.3,0.106,15.3,10906X0039/C2-1
1774,2021-11-10,42.685696389,2.685378283,2021-11-10T06:35,2021-11-10T16:31,35792.13,38.3,1.23,0.57,100,1020.1,12.2,0.123,15.1,10906X0039/C2-1
1775,2021-11-11,42.685696389,2.685378283,2021-11-11T06:36,2021-11-11T16:30,35652.52,29.9,2.76,0.55,96,1020.4,8.7,0.165,14.8,10906X0039/C2-1
1776,2021-11-12,42.685696389,2.685378283,2021-11-12T06:37,2021-11-12T16:29,35514.54,4.3,1.68,1.09,97,1017.8,17.6,0.181,14.8,10906X0039/C2-1
1777,2021-11-13,42.685696389,2.685378283,2021-11-13T06:38,2021-11-13T16:28,35378.36,0.0,7.93,1.97,87,1018.9,18.2,0.181,15.0,10906X0039/C2-1
1778,2021-11-14,42.685696389,2.685378283,2021-11-14T06:40,2021-11-14T16:27,35244.17,1.3,4.8,1.58,90,1016.6,21.2,0.18,14.9,10906X0039/C2-1
1779,2021-11-15,42.685696389,2.685378283,2021-11-15T06:41,2021-11-15T16:26,35112.15,2.4,4.85,1.64,99,1017.9,25.2,0.18,14.5,10906X0039/C2-1
1780,2021-11-16,42.685696389,2.685378283,2021-11-16T06:42,2021-11-16T16:25,34982.47,0.1,4.57,1.57,87,1019.6,24.4,0.182,14.0,10906X0039/C2-1
1781,2021-11-17,42.685696389,2.685378283,2021-11-17T06:43,2021-11-17T16:24,34855.34,0.0,5.85,1.83,98,1022.4,27.3,0.184,13.7,10906X0039/C2-1
1782,2021-11-18,42.685696389,2.685378283,2021-11-18T06:45,2021-11-18T16:24,34730.92,0.0,9.2,2.17,32,1028.0,18.2,0.183,13.7,10906X0039/C2-1
1783,2021-11-19,42.685696389,2.685378283,2021-11-19T06:46,2021-11-19T16:23,34609.42,0.0,9.51,1.24,0,1029.3,5.7,0.182,13.3,10906X0039/C2-1
1784,2021-11-20,42.685696389,2.685378283,2021-11-20T06:47,2021-11-20T16:22,34491.04,0.0,8.08,1.04,99,1023.9,5.1,0.181,12.9,10906X0039/C2-1
1785,2021-11-21,42.685696389,2.685378283,2021-11-21T06:48,2021-11-21T16:21,34375.98,0.1,2.39,0.74,95,1013.8,6.6,0.18,12.8,10906X0039/C2-1
1786,2021-11-22,42.685696389,2.685378283,2021-11-22T06:49,2021-11-22T16:21,34264.43,0.0,5.99,1.14,93,1012.7,9.9,0.178,13.0,10906X0039/C2-1
1787,2021-11-23,42.685696389,2.685378283,2021-11-23T06:51,2021-11-23T16:20,34156.6,20.4,2.22,0.42,100,1016.9,4.2,0.181,12.5,10906X0039/C2-1
1788,2021-11-24,42.685696389,2.685378283,2021-11-24T06:52,2021-11-24T16:19,34052.47,36.0,2.05,0.41,90,1011.9,5.9,0.204,12.5,10906X0039/C2-1
1789,2021-11-25,42.685696389,2.685378283,2021-11-25T06:53,2021-11-25T16:19,33950.86,7.8,6.53,0.95,76,1006.5,9.9,0.211,12.3,10906X0039/C2-1
1790,2021-11-26,42.685696389,2.685378283,2021-11-26T06:54,2021-11-26T16:18,33851.7,5.0,6.22,1.57,91,1005.2,19.5,0.214,12.1,10906X0039/C2-1
1791,2021-11-27,42.685696389,2.685378283,2021-11-27T06:55,2021-11-27T16:18,33755.09,0.9,5.33,1.35,77,999.3,14.4,0.211,11.6,10906X0039/C2-1
1792,2021-11-28,42.685696389,2.685378283,2021-11-28T06:56,2021-11-28T16:17,33661.19,0.2,7.78,2.34,61,1005.0,29.9,0.211,11.3,10906X0039/C2-1
1793,2021-11-29,42.685696389,2.685378283,2021-11-29T06:57,2021-11-29T16:17,33570.1,0.8,4.42,1.27,82,1014.8,22.5,0.211,10.9,10906X0039/C2-1
1794,2021-11-30,42.685696389,2.685378283,2021-11-30T06:59,2021-11-30T16:17,33481.99,0.0,8.08,1.11,50,1024.5,8.6,0.209,10.8,10906X0039/C2-1
1795,2021-12-01,42.685696389,2.685378283,2021-12-01T07:00,2021-12-01T16:16,33396.97,0.7,5.95,1.15,68,1014.5,8.1,0.208,10.6,10906X0039/C2-1
1796,2021-12-02,42.685696389,2.685378283,2021-12-02T07:01,2021-12-02T16:16,33315.19,2.3,6.87,1.58,78,1009.1,25.4,0.207,10.7,10906X0039/C2-1
1797,2021-12-03,42.685696389,2.685378283,2021-12-03T07:02,2021-12-03T16:16,33236.78,0.1,7.05,1.58,90,1017.2,20.3,0.207,10.6,10906X0039/C2-1
1798,2021-12-04,42.685696389,2.685378283,2021-12-04T07:03,2021-12-04T16:16,33161.87,0.4,4.14,1.41,71,1013.9,13.1,0.206,10.7,10906X0039/C2-1
1799,2021-12-05,42.685696389,2.685378283,2021-12-05T07:04,2021-12-05T16:15,33090.62,0.1,5.98,1.84,64,1011.2,23.7,0.206,10.7,10906X0039/C2-1
1800,2021-12-06,42.685696389,2.685378283,2021-12-06T07:05,2021-12-06T16:15,33023.15,0.7,5.84,1.68,93,1017.0,24.1,0.206,10.6,10906X0039/C2-1
1801,2021-12-07,42.685696389,2.685378283,2021-12-07T07:06,2021-12-07T16:15,32959.61,0.1,5.07,1.01,67,1013.8,9.8,0.206,10.6,10906X0039/C2-1
1802,2021-12-08,42.685696389,2.685378283,2021-12-08T07:07,2021-12-08T16:15,32900.13,2.2,6.32,1.64,79,1005.6,17.6,0.207,10.6,10906X0039/C2-1
1803,2021-12-09,42.685696389,2.685378283,2021-12-09T07:08,2021-12-09T16:15,32844.85,4.0,5.8,1.71,90,1012.0,19.5,0.207,10.4,10906X0039/C2-1
1804,2021-12-10,42.685696389,2.685378283,2021-12-10T07:09,2021-12-10T16:15,32793.9,42.1,1.43,0.78,100,1008.4,18.1,0.233,10.3,10906X0039/C2-1
1805,2021-12-11,42.685696389,2.685378283,2021-12-11T07:09,2021-12-11T16:15,32747.43,0.2,6.33,1.64,84,1020.0,26.1,0.24,10.2,10906X0039/C2-1
1806,2021-12-12,42.685696389,2.685378283,2021-12-12T07:10,2021-12-12T16:15,32705.56,0.0,7.44,1.72,29,1025.8,15.3,0.238,10.5,10906X0039/C2-1
1807,2021-12-13,42.685696389,2.685378283,2021-12-13T07:11,2021-12-13T16:15,32668.43,0.0,7.89,0.91,21,1026.7,3.8,0.237,10.2,10906X0039/C2-1
1808,2021-12-14,42.685696389,2.685378283,2021-12-14T07:12,2021-12-14T16:16,32636.09,0.0,7.91,1.07,0,1026.6,4.4,0.236,9.9,10906X0039/C2-1
1809,2021-12-15,42.685696389,2.685378283,2021-12-15T07:12,2021-12-15T16:16,32608.11,0.0,7.75,1.28,16,1027.1,6.1,0.236,9.7,10906X0039/C2-1
1810,2021-12-16,42.685696389,2.685378283,2021-12-16T07:13,2021-12-16T16:16,32584.41,0.0,7.64,0.88,23,1030.4,3.9,0.236,9.5,10906X0039/C2-1
1811,2021-12-17,42.685696389,2.685378283,2021-12-17T07:14,2021-12-17T16:16,32564.99,0.0,6.17,0.64,51,1031.5,3.9,0.236,9.1,10906X0039/C2-1
1812,2021-12-18,42.685696389,2.685378283,2021-12-18T07:14,2021-12-18T16:17,32549.86,0.0,7.85,0.92,10,1030.2,6.0,0.236,9.1,10906X0039/C2-1
1813,2021-12-19,42.685696389,2.685378283,2021-12-19T07:15,2021-12-19T16:17,32539.01,0.0,7.55,0.84,5,1027.0,5.8,0.235,8.8,10906X0039/C2-1
1814,2021-12-20,42.685696389,2.685378283,2021-12-20T07:15,2021-12-20T16:18,32532.43,0.0,7.95,0.98,0,1020.6,5.5,0.235,8.3,10906X0039/C2-1
1815,2021-12-21,42.685696389,2.685378283,2021-12-21T07:16,2021-12-21T16:18,32530.13,0.0,4.75,0.49,89,1021.6,3.8,0.236,7.6,10906X0039/C2-1
1816,2021-12-22,42.685696389,2.685378283,2021-12-22T07:16,2021-12-22T16:19,32532.08,0.1,3.88,0.46,94,1022.4,3.8,0.237,7.6,10906X0039/C2-1
1817,2021-12-23,42.685696389,2.685378283,2021-12-23T07:17,2021-12-23T16:19,32538.28,0.2,2.34,0.35,98,1019.5,6.2,0.237,8.1,10906X0039/C2-1
1818,2021-12-24,42.685696389,2.685378283,2021-12-24T07:17,2021-12-24T16:20,32548.72,0.1,3.25,0.41,100,1012.3,4.4,0.237,8.5,10906X0039/C2-1
1819,2021-12-25,42.685696389,2.685378283,2021-12-25T07:18,2021-12-25T16:20,32563.37,0.1,7.25,0.86,67,1006.0,4.9,0.236,8.9,10906X0039/C2-1
1820,2021-12-26,42.685696389,2.685378283,2021-12-26T07:18,2021-12-26T16:21,32582.23,0.0,6.33,1.11,88,1008.3,7.2,0.234,9.1,10906X0039/C2-1
1821,2021-12-27,42.685696389,2.685378283,2021-12-27T07:18,2021-12-27T16:22,32605.26,4.2,5.82,1.18,91,1007.8,9.5,0.233,9.3,10906X0039/C2-1
1822,2021-12-28,42.685696389,2.685378283,2021-12-28T07:19,2021-12-28T16:22,32632.45,3.5,1.89,0.74,97,1012.9,8.5,0.237,9.6,10906X0039/C2-1
1823,2021-12-29,42.685696389,2.685378283,2021-12-29T07:19,2021-12-29T16:23,32663.78,2.5,3.67,2.18,100,1019.6,19.9,0.238,10.5,10906X0039/C2-1
1824,2021-12-30,42.685696389,2.685378283,2021-12-30T07:19,2021-12-30T16:24,32699.21,0.0,7.34,1.33,62,1023.0,8.8,0.236,11.2,10906X0039/C2-1
1825,2021-12-31,42.685696389,2.685378283,2021-12-31T07:19,2021-12-31T16:25,32738.71,0.0,7.91,1.03,21,1026.0,4.6,0.234,10.8,10906X0039/C2-1
1826,2022-01-01,42.685696389,2.685378283,2022-01-01T07:19,2022-01-01T16:26,32782.28,0.0,7.07,0.77,72,1027.2,3.2,0.235,10.3,10906X0039/C2-1
1827,2022-01-02,42.685696389,2.685378283,2022-01-02T07:19,2022-01-02T16:26,32829.85,0.7,5.4,0.63,93,1028.0,3.9,0.238,10.0,10906X0039/C2-1
1828,2022-01-03,42.685696389,2.685378283,2022-01-03T07:19,2022-01-03T16:27,32881.51,0.0,7.26,1.08,97,1022.7,5.6,0.24,10.1,10906X0039/C2-1
1829,2022-01-04,42.685696389,2.685378283,2022-01-04T07:19,2022-01-04T16:28,32937.85,0.2,4.12,0.63,94,1010.6,8.1,0.239,10.0,10906X0039/C2-1
1830,2022-01-05,42.685696389,2.685378283,2022-01-05T07:19,2022-01-05T16:29,32998.81,0.4,7.48,2.08,71,1013.1,30.0,0.24,10.0,10906X0039/C2-1
1831,2022-01-06,42.685696389,2.685378283,2022-01-06T07:19,2022-01-06T16:30,33064.26,0.0,8.48,2.4,18,1019.3,31.0,0.238,9.6,10906X0039/C2-1
1832,2022-01-07,42.685696389,2.685378283,2022-01-07T07:19,2022-01-07T16:31,33134.02,0.2,6.14,1.91,64,1023.5,22.5,0.237,9.3,10906X0039/C2-1
1833,2022-01-08,42.685696389,2.685378283,2022-01-08T07:19,2022-01-08T16:32,33207.93,1.3,5.62,1.69,94,1020.6,17.2,0.237,9.6,10906X0039/C2-1
1834,2022-01-09,42.685696389,2.685378283,2022-01-09T07:18,2022-01-09T16:33,33285.85,27.3,2.98,1.75,100,1012.8,26.8,0.243,9.7,10906X0039/C2-1
1835,2022-01-10,42.685696389,2.685378283,2022-01-10T07:18,2022-01-10T16:34,33367.62,32.0,0.73,0.76,90,1016.5,15.6,0.277,9.6,10906X0039/C2-1
1836,2022-01-11,42.685696389,2.685378283,2022-01-11T07:18,2022-01-11T16:35,33453.07,0.0,8.94,2.2,25,1025.2,22.1,0.282,9.6,10906X0039/C2-1
1837,2022-01-12,42.685696389,2.685378283,2022-01-12T07:18,2022-01-12T16:37,33542.06,0.0,9.1,1.75,10,1031.1,15.0,0.282,9.4,10906X0039/C2-1
1838,2022-01-13,42.685696389,2.685378283,2022-01-13T07:17,2022-01-13T16:38,33634.42,0.0,9.13,1.06,0,1035.6,5.0,0.281,8.5,10906X0039/C2-1
1839,2022-01-14,42.685696389,2.685378283,2022-01-14T07:17,2022-01-14T16:39,33730.0,0.0,9.19,1.1,0,1033.7,4.9,0.28,7.2,10906X0039/C2-1
1840,2022-01-15,42.685696389,2.685378283,2022-01-15T07:16,2022-01-15T16:40,33828.65,0.0,9.3,1.59,0,1026.7,8.5,0.281,6.7,10906X0039/C2-1
1841,2022-01-16,42.685696389,2.685378283,2022-01-16T07:16,2022-01-16T16:41,33930.22,0.0,9.54,2.33,0,1029.2,16.3,0.278,6.4,10906X0039/C2-1
1842,2022-01-17,42.685696389,2.685378283,2022-01-17T07:15,2022-01-17T16:43,34034.56,0.0,9.21,2.61,18,1032.1,17.5,0.274,7.0,10906X0039/C2-1
1843,2022-01-18,42.685696389,2.685378283,2022-01-18T07:15,2022-01-18T16:44,34141.52,0.0,9.57,1.26,1,1031.4,6.0,0.272,7.1,10906X0039/C2-1
1844,2022-01-19,42.685696389,2.685378283,2022-01-19T07:14,2022-01-19T16:45,34250.96,0.0,8.5,1.07,44,1032.0,10.7,0.273,7.0,10906X0039/C2-1
1845,2022-01-20,42.685696389,2.685378283,2022-01-20T07:14,2022-01-20T16:46,34362.73,0.0,7.33,1.52,64,1028.0,20.3,0.272,7.3,10906X0039/C2-1
1846,2022-01-21,42.685696389,2.685378283,2022-01-21T07:13,2022-01-21T16:47,34476.68,0.0,8.7,1.76,47,1028.7,27.1,0.271,7.4,10906X0039/C2-1
1847,2022-01-22,42.685696389,2.685378283,2022-01-22T07:12,2022-01-22T16:49,34592.68,0.0,9.8,2.14,0,1030.5,17.5,0.272,7.2,10906X0039/C2-1
1848,2022-01-23,42.685696389,2.685378283,2022-01-23T07:11,2022-01-23T16:50,34710.84,0.0,9.99,1.11,2,1029.8,5.0,0.27,7.0,10906X0039/C2-1
1849,2022-01-24,42.685696389,2.685378283,2022-01-24T07:11,2022-01-24T16:51,34832.4,0.0,7.41,0.78,86,1030.7,6.3,0.269,6.8,10906X0039/C2-1
1850,2022-01-25,42.685696389,2.685378283,2022-01-25T07:10,2022-01-25T16:52,34957.39,0.0,5.36,0.65,57,1033.2,6.1,0.268,6.8,10906X0039/C2-1
1851,2022-01-26,42.685696389,2.685378283,2022-01-26T07:09,2022-01-26T16:54,35085.61,0.0,10.51,2.2,0,1029.8,11.4,0.266,6.7,10906X0039/C2-1
1852,2022-01-27,42.685696389,2.685378283,2022-01-27T07:08,2022-01-27T16:55,35216.86,0.0,10.81,2.98,0,1028.9,15.4,0.262,7.2,10906X0039/C2-1
1853,2022-01-28,42.685696389,2.685378283,2022-01-28T07:07,2022-01-28T16:56,35350.93,0.0,10.79,3.55,15,1031.0,25.7,0.26,7.7,10906X0039/C2-1
1854,2022-01-29,42.685696389,2.685378283,2022-01-29T07:06,2022-01-29T16:58,35487.63,0.0,10.77,3.82,12,1032.3,22.0,0.255,8.1,10906X0039/C2-1
1855,2022-01-30,42.685696389,2.685378283,2022-01-30T07:05,2022-01-30T16:59,35626.76,0.0,11.07,3.07,19,1026.8,23.1,0.254,8.5,10906X0039/C2-1
1856,2022-01-31,42.685696389,2.685378283,2022-01-31T07:04,2022-01-31T17:00,35768.12,1.1,4.54,1.99,99,1022.9,33.7,0.252,8.7,10906X0039/C2-1
1857,2022-02-01,42.685696389,2.685378283,2022-02-01T07:03,2022-02-01T17:02,35911.56,0.0,10.15,3.13,60,1026.6,34.1,0.248,8.8,10906X0039/C2-1
1858,2022-02-02,42.685696389,2.685378283,2022-02-02T07:02,2022-02-02T17:03,36056.86,0.0,10.12,2.85,45,1024.0,30.7,0.246,9.4,10906X0039/C2-1
1859,2022-02-03,42.685696389,2.685378283,2022-02-03T07:01,2022-02-03T17:04,36203.86,0.0,10.6,1.64,72,1020.7,4.2,0.243,9.2,10906X0039/C2-1
1860,2022-02-04,42.685696389,2.685378283,2022-02-04T07:00,2022-02-04T17:06,36352.38,0.0,10.59,1.92,92,1020.7,10.6,0.242,9.3,10906X0039/C2-1
1861,2022-02-05,42.685696389,2.685378283,2022-02-05T06:59,2022-02-05T17:07,36502.25,0.0,9.38,2.1,70,1025.4,21.4,0.24,9.8,10906X0039/C2-1
1862,2022-02-06,42.685696389,2.685378283,2022-02-06T06:57,2022-02-06T17:08,36653.3,0.0,11.52,2.41,46,1028.0,17.8,0.239,9.6,10906X0039/C2-1
1863,2022-02-07,42.685696389,2.685378283,2022-02-07T06:56,2022-02-07T17:10,36805.37,0.2,8.46,2.91,92,1027.2,27.9,0.24,9.9,10906X0039/C2-1
1864,2022-02-08,42.685696389,2.685378283,2022-02-08T06:55,2022-02-08T17:11,36958.29,0.0,12.36,1.88,45,1032.1,9.0,0.238,10.0,10906X0039/C2-1
1865,2022-02-09,42.685696389,2.685378283,2022-02-09T06:54,2022-02-09T17:12,37111.91,0.0,9.58,1.2,54,1031.2,5.0,0.234,9.7,10906X0039/C2-1
1866,2022-02-10,42.685696389,2.685378283,2022-02-10T06:52,2022-02-10T17:14,37266.08,0.6,11.6,1.58,53,1027.8,5.8,0.229,9.7,10906X0039/C2-1
1867,2022-02-11,42.685696389,2.685378283,2022-02-11T06:51,2022-02-11T17:15,37420.63,0.0,9.54,1.86,37,1026.9,14.8,0.227,9.9,10906X0039/C2-1
1868,2022-02-12,42.685696389,2.685378283,2022-02-12T06:50,2022-02-12T17:16,37575.69,0.0,12.23,1.53,64,1026.6,6.2,0.226,9.8,10906X0039/C2-1
1869,2022-02-13,42.685696389,2.685378283,2022-02-13T06:49,2022-02-13T17:17,37732.68,0.0,9.43,1.23,70,1018.0,4.7,0.225,9.7,10906X0039/C2-1
1870,2022-02-14,42.685696389,2.685378283,2022-02-14T06:47,2022-02-14T17:19,37891.69,1.4,7.41,1.9,79,1012.9,14.0,0.226,9.8,10906X0039/C2-1
1871,2022-02-15,42.685696389,2.685378283,2022-02-15T06:46,2022-02-15T17:20,38052.56,0.0,12.47,2.97,53,1022.0,22.5,0.227,10.0,10906X0039/C2-1
1872,2022-02-16,42.685696389,2.685378283,2022-02-16T06:44,2022-02-16T17:21,38215.11,0.1,3.43,1.32,98,1021.6,9.6,0.226,10.1,10906X0039/C2-1
1873,2022-02-17,42.685696389,2.685378283,2022-02-17T06:43,2022-02-17T17:23,38379.19,0.0,7.94,2.59,73,1022.1,19.7,0.225,10.7,10906X0039/C2-1
1874,2022-02-18,42.685696389,2.685378283,2022-02-18T06:42,2022-02-18T17:24,38544.65,0.0,13.36,2.39,46,1017.4,10.3,0.223,10.9,10906X0039/C2-1
1875,2022-02-19,42.685696389,2.685378283,2022-02-19T06:40,2022-02-19T17:25,38711.33,2.0,3.39,1.61,82,1023.4,20.3,0.223,10.8,10906X0039/C2-1
1876,2022-02-20,42.685696389,2.685378283,2022-02-20T06:39,2022-02-20T17:27,38879.06,0.0,13.73,2.97,36,1026.1,18.7,0.222,10.6,10906X0039/C2-1
1877,2022-02-21,42.685696389,2.685378283,2022-02-21T06:37,2022-02-21T17:28,39047.71,0.0,10.92,3.39,62,1023.2,26.3,0.224,10.9,10906X0039/C2-1
1878,2022-02-22,42.685696389,2.685378283,2022-02-22T06:35,2022-02-22T17:29,39217.13,0.0,14.18,3.58,34,1027.3,26.7,0.22,11.1,10906X0039/C2-1
1879,2022-02-23,42.685696389,2.685378283,2022-02-23T06:34,2022-02-23T17:30,39387.18,0.0,14.88,2.64,37,1025.4,9.1,0.22,11.2,10906X0039/C2-1
1880,2022-02-24,42.685696389,2.685378283,2022-02-24T06:32,2022-02-24T17:32,39557.72,0.0,12.14,2.34,90,1022.2,10.9,0.218,11.2,10906X0039/C2-1
1881,2022-02-25,42.685696389,2.685378283,2022-02-25T06:31,2022-02-25T17:33,39728.6,0.0,12.32,2.86,86,1027.1,21.9,0.217,11.4,10906X0039/C2-1
1882,2022-02-26,42.685696389,2.685378283,2022-02-26T06:29,2022-02-26T17:34,39899.69,0.0,16.06,2.82,4,1026.0,11.3,0.216,11.0,10906X0039/C2-1
1883,2022-02-27,42.685696389,2.685378283,2022-02-27T06:28,2022-02-27T17:35,40070.86,0.0,10.5,1.71,72,1023.8,5.6,0.215,10.6,10906X0039/C2-1
1884,2022-02-28,42.685696389,2.685378283,2022-02-28T06:26,2022-02-28T17:37,40241.97,0.0,15.28,2.37,14,1026.8,6.3,0.218,10.7,10906X0039/C2-1
1885,2022-03-01,42.685696389,2.685378283,2022-03-01T06:24,2022-03-01T17:38,40412.9,0.8,11.75,1.87,55,1026.4,10.6,0.216,10.7,10906X0039/C2-1
1886,2022-03-02,42.685696389,2.685378283,2022-03-02T06:23,2022-03-02T17:39,40583.5,2.7,7.04,1.1,94,1021.8,5.6,0.215,10.7,10906X0039/C2-1
1887,2022-03-03,42.685696389,2.685378283,2022-03-03T06:21,2022-03-03T17:40,40753.65,0.0,15.39,2.32,22,1016.1,10.1,0.217,10.8,10906X0039/C2-1
1888,2022-03-04,42.685696389,2.685378283,2022-03-04T06:20,2022-03-04T17:42,40923.48,0.1,10.49,2.56,81,1015.7,24.4,0.215,11.0,10906X0039/C2-1
1889,2022-03-05,42.685696389,2.685378283,2022-03-05T06:18,2022-03-05T17:43,41094.3,0.1,14.27,3.03,64,1016.9,22.9,0.215,11.0,10906X0039/C2-1
1890,2022-03-06,42.685696389,2.685378283,2022-03-06T06:16,2022-03-06T17:44,41266.23,0.0,11.98,2.31,54,1016.7,14.1,0.212,10.9,10906X0039/C2-1
1891,2022-03-07,42.685696389,2.685378283,2022-03-07T06:15,2022-03-07T17:45,41439.15,0.0,8.55,1.41,70,1017.4,8.3,0.211,10.5,10906X0039/C2-1
1892,2022-03-08,42.685696389,2.685378283,2022-03-08T06:13,2022-03-08T17:46,41612.94,1.0,13.97,2.04,68,1017.1,5.9,0.209,10.3,10906X0039/C2-1
1893,2022-03-09,42.685696389,2.685378283,2022-03-09T06:11,2022-03-09T17:48,41787.49,0.2,15.55,2.57,42,1021.5,10.8,0.209,10.6,10906X0039/C2-1
1894,2022-03-10,42.685696389,2.685378283,2022-03-10T06:09,2022-03-10T17:49,41962.66,0.0,12.39,1.94,84,1019.5,4.6,0.206,10.7,10906X0039/C2-1
1895,2022-03-11,42.685696389,2.685378283,2022-03-11T06:08,2022-03-11T17:50,42138.34,1.0,11.28,2.22,98,1014.2,15.2,0.205,10.8,10906X0039/C2-1
1896,2022-03-12,42.685696389,2.685378283,2022-03-12T06:06,2022-03-12T17:51,42314.42,33.8,1.89,0.46,100,1015.1,8.7,0.226,10.6,10906X0039/C2-1
1897,2022-03-13,42.685696389,2.685378283,2022-03-13T06:04,2022-03-13T17:52,42490.78,8.1,5.9,1.0,90,1015.6,11.0,0.242,10.5,10906X0039/C2-1
1898,2022-03-14,42.685696389,2.685378283,2022-03-14T06:02,2022-03-14T17:54,42667.31,15.4,4.43,0.64,100,1023.9,14.1,0.245,10.2,10906X0039/C2-1
1899,2022-03-15,42.685696389,2.685378283,2022-03-15T06:01,2022-03-15T17:55,42843.89,12.8,6.39,0.99,100,1026.0,19.7,0.262,10.7,10906X0039/C2-1
1900,2022-03-16,42.685696389,2.685378283,2022-03-16T05:59,2022-03-16T17:56,43020.4,0.3,8.85,1.22,100,1022.4,12.0,0.265,11.0,10906X0039/C2-1
1901,2022-03-17,42.685696389,2.685378283,2022-03-17T05:57,2022-03-17T17:57,43196.74,4.4,4.74,0.97,100,1023.5,8.4,0.268,11.1,10906X0039/C2-1
1902,2022-03-18,42.685696389,2.685378283,2022-03-18T05:55,2022-03-18T17:58,43372.8,8.3,6.07,1.1,96,1027.8,6.5,0.275,11.1,10906X0039/C2-1
1903,2022-03-19,42.685696389,2.685378283,2022-03-19T05:54,2022-03-19T17:59,43548.45,1.5,5.3,0.95,81,1029.2,5.4,0.277,10.8,10906X0039/C2-1
1904,2022-03-20,42.685696389,2.685378283,2022-03-20T05:52,2022-03-20T18:01,43723.59,8.2,6.09,0.85,75,1027.8,12.4,0.281,10.4,10906X0039/C2-1
1905,2022-03-21,42.685696389,2.685378283,2022-03-21T05:50,2022-03-21T18:02,43898.09,4.6,10.23,1.62,89,1029.7,16.5,0.285,10.6,10906X0039/C2-1
1906,2022-03-22,42.685696389,2.685378283,2022-03-22T05:48,2022-03-22T18:03,44071.84,0.8,15.18,2.58,64,1030.1,16.1,0.284,10.6,10906X0039/C2-1
1907,2022-03-23,42.685696389,2.685378283,2022-03-23T05:47,2022-03-23T18:04,44244.74,0.1,16.55,2.61,30,1028.6,13.7,0.283,10.5,10906X0039/C2-1
1908,2022-03-24,42.685696389,2.685378283,2022-03-24T05:45,2022-03-24T18:05,44416.88,0.2,16.64,2.54,69,1026.5,10.1,0.28,10.2,10906X0039/C2-1
1909,2022-03-25,42.685696389,2.685378283,2022-03-25T05:43,2022-03-25T18:06,44589.48,0.0,20.07,2.86,61,1024.2,6.7,0.277,10.4,10906X0039/C2-1
1910,2022-03-26,42.685696389,2.685378283,2022-03-26T05:42,2022-03-26T18:08,44762.68,0.3,16.78,2.43,87,1023.5,5.9,0.274,10.5,10906X0039/C2-1
1911,2022-03-27,42.685696389,2.685378283,2022-03-27T05:40,2022-03-27T18:09,44936.36,0.0,20.49,3.17,46,1025.8,5.5,0.27,10.7,10906X0039/C2-1
1912,2022-03-28,42.685696389,2.685378283,2022-03-28T05:38,2022-03-28T18:10,45110.42,0.0,19.42,3.7,57,1021.7,10.5,0.266,10.9,10906X0039/C2-1
1913,2022-03-29,42.685696389,2.685378283,2022-03-29T05:36,2022-03-29T18:11,45284.74,0.0,14.07,2.22,97,1011.4,8.3,0.262,11.0,10906X0039/C2-1
1914,2022-03-30,42.685696389,2.685378283,2022-03-30T05:35,2022-03-30T18:12,45459.23,8.6,8.37,1.66,99,1003.7,11.4,0.266,11.2,10906X0039/C2-1
1915,2022-03-31,42.685696389,2.685378283,2022-03-31T05:33,2022-03-31T18:13,45633.78,0.1,19.22,3.53,67,1000.2,23.0,0.265,11.4,10906X0039/C2-1
1916,2022-04-01,42.685696389,2.685378283,2022-04-01T05:31,2022-04-01T18:14,45808.28,1.3,21.65,3.34,61,1007.7,36.1,0.263,10.9,10906X0039/C2-1
1917,2022-04-02,42.685696389,2.685378283,2022-04-02T05:29,2022-04-02T18:16,45982.62,1.7,15.47,2.71,75,1013.3,34.4,0.261,10.2,10906X0039/C2-1
1918,2022-04-03,42.685696389,2.685378283,2022-04-03T05:28,2022-04-03T18:17,46156.69,0.0,23.11,3.25,18,1019.0,20.7,0.26,9.8,10906X0039/C2-1
1919,2022-04-04,42.685696389,2.685378283,2022-04-04T05:26,2022-04-04T18:18,46330.37,0.0,23.33,3.58,2,1020.2,15.9,0.257,9.7,10906X0039/C2-1
1920,2022-04-05,42.685696389,2.685378283,2022-04-05T05:24,2022-04-05T18:19,46503.56,0.0,23.36,4.32,30,1015.8,18.4,0.25,9.9,10906X0039/C2-1
1921,2022-04-06,42.685696389,2.685378283,2022-04-06T05:22,2022-04-06T18:20,46676.15,0.0,17.62,3.63,79,1011.9,19.4,0.253,10.5,10906X0039/C2-1
1922,2022-04-07,42.685696389,2.685378283,2022-04-07T05:21,2022-04-07T18:21,46848.0,0.0,21.24,4.24,92,1013.7,9.8,0.252,11.1,10906X0039/C2-1
1923,2022-04-08,42.685696389,2.685378283,2022-04-08T05:19,2022-04-08T18:23,47019.02,0.4,20.91,4.23,82,1011.4,12.1,0.251,11.8,10906X0039/C2-1
1924,2022-04-09,42.685696389,2.685378283,2022-04-09T05:17,2022-04-09T18:24,47189.06,0.6,16.51,3.25,75,1016.9,22.1,0.253,12.0,10906X0039/C2-1
1925,2022-04-10,42.685696389,2.685378283,2022-04-10T05:16,2022-04-10T18:25,47358.03,0.0,22.68,2.98,82,1018.7,8.6,0.25,11.7,10906X0039/C2-1
1926,2022-04-11,42.685696389,2.685378283,2022-04-11T05:14,2022-04-11T18:26,47525.78,0.0,17.1,2.87,99,1013.7,15.9,0.248,11.8,10906X0039/C2-1
1927,2022-04-12,42.685696389,2.685378283,2022-04-12T05:12,2022-04-12T18:27,47692.19,1.7,11.6,1.91,100,1014.2,19.1,0.248,12.0,10906X0039/C2-1
1928,2022-04-13,42.685696389,2.685378283,2022-04-13T05:11,2022-04-13T18:28,47857.35,11.8,5.38,1.08,88,1016.2,9.9,0.255,11.9,10906X0039/C2-1
1929,2022-04-14,42.685696389,2.685378283,2022-04-14T05:09,2022-04-14T18:29,48022.44,0.0,20.01,4.19,75,1018.8,11.9,0.254,12.4,10906X0039/C2-1
1930,2022-04-15,42.685696389,2.685378283,2022-04-15T05:07,2022-04-15T18:30,48187.57,0.0,23.64,5.61,38,1020.4,17.7,0.245,13.2,10906X0039/C2-1
1931,2022-04-16,42.685696389,2.685378283,2022-04-16T05:06,2022-04-16T18:32,48352.62,0.0,24.39,6.06,10,1018.6,24.1,0.239,14.0,10906X0039/C2-1
1932,2022-04-17,42.685696389,2.685378283,2022-04-17T05:04,2022-04-17T18:33,48517.49,0.0,24.18,5.24,23,1017.5,13.0,0.236,14.5,10906X0039/C2-1
1933,2022-04-18,42.685696389,2.685378283,2022-04-18T05:03,2022-04-18T18:34,48682.06,0.0,22.45,4.7,49,1015.7,15.3,0.23,14.7,10906X0039/C2-1
1934,2022-04-19,42.685696389,2.685378283,2022-04-19T05:01,2022-04-19T18:35,48846.22,2.0,9.57,2.59,89,1011.9,12.8,0.23,14.6,10906X0039/C2-1
1935,2022-04-20,42.685696389,2.685378283,2022-04-20T04:59,2022-04-20T18:36,49009.84,22.8,6.62,1.46,97,1008.2,11.4,0.235,14.2,10906X0039/C2-1
1936,2022-04-21,42.685696389,2.685378283,2022-04-21T04:58,2022-04-21T18:37,49172.81,22.1,4.89,1.68,100,1005.4,21.0,0.251,13.4,10906X0039/C2-1
1937,2022-04-22,42.685696389,2.685378283,2022-04-22T04:56,2022-04-22T18:39,49334.99,0.0,21.84,3.56,71,999.5,7.6,0.249,13.7,10906X0039/C2-1
1938,2022-04-23,42.685696389,2.685378283,2022-04-23T04:55,2022-04-23T18:40,49496.28,4.8,17.55,2.78,85,995.8,9.6,0.246,13.7,10906X0039/C2-1
1939,2022-04-24,42.685696389,2.685378283,2022-04-24T04:53,2022-04-24T18:41,49656.53,8.5,21.93,3.79,57,1007.2,14.4,0.254,13.4,10906X0039/C2-1
1940,2022-04-25,42.685696389,2.685378283,2022-04-25T04:52,2022-04-25T18:42,49815.63,0.1,20.56,3.64,47,1013.3,6.9,0.249,13.8,10906X0039/C2-1
1941,2022-04-26,42.685696389,2.685378283,2022-04-26T04:50,2022-04-26T18:43,49973.42,0.0,22.96,3.77,46,1014.4,6.7,0.246,13.9,10906X0039/C2-1
1942,2022-04-27,42.685696389,2.685378283,2022-04-27T04:49,2022-04-27T18:44,50129.78,0.1,20.0,3.18,92,1016.9,5.8,0.245,14.0,10906X0039/C2-1
1943,2022-04-28,42.685696389,2.685378283,2022-04-28T04:47,2022-04-28T18:45,50284.57,4.6,17.73,3.32,68,1022.0,8.5,0.241,14.3,10906X0039/C2-1
1944,2022-04-29,42.685696389,2.685378283,2022-04-29T04:46,2022-04-29T18:47,50437.64,0.2,23.68,4.92,49,1023.6,17.1,0.235,14.9,10906X0039/C2-1
1945,2022-04-30,42.685696389,2.685378283,2022-04-30T04:45,2022-04-30T18:48,50588.83,2.1,19.37,3.99,74,1021.2,16.0,0.232,15.2,10906X0039/C2-1
1946,2022-05-01,42.685696389,2.685378283,2022-05-01T04:43,2022-05-01T18:49,50738.02,0.0,23.79,5.01,75,1017.9,15.7,0.228,15.4,10906X0039/C2-1
1947,2022-05-02,42.685696389,2.685378283,2022-05-02T04:42,2022-05-02T18:50,50885.03,6.6,10.61,2.32,96,1014.5,7.1,0.224,15.4,10906X0039/C2-1
1948,2022-05-03,42.685696389,2.685378283,2022-05-03T04:41,2022-05-03T18:51,51029.93,0.9,17.42,3.29,88,1014.9,9.7,0.223,15.4,10906X0039/C2-1
1949,2022-05-04,42.685696389,2.685378283,2022-05-04T04:39,2022-05-04T18:52,51173.82,0.3,19.18,3.67,73,1018.1,13.8,0.225,15.3,10906X0039/C2-1
1950,2022-05-05,42.685696389,2.685378283,2022-05-05T04:38,2022-05-05T18:53,51316.8,0.3,23.01,4.91,25,1020.4,24.2,0.224,15.5,10906X0039/C2-1
1951,2022-05-06,42.685696389,2.685378283,2022-05-06T04:37,2022-05-06T18:54,51458.74,0.0,23.93,5.44,36,1020.6,30.5,0.22,15.6,10906X0039/C2-1
1952,2022-05-07,42.685696389,2.685378283,2022-05-07T04:35,2022-05-07T18:55,51599.52,0.0,25.9,6.16,28,1020.2,26.0,0.217,15.9,10906X0039/C2-1
1953,2022-05-08,42.685696389,2.685378283,2022-05-08T04:34,2022-05-08T18:57,51739.01,0.0,24.73,5.93,26,1019.9,17.2,0.213,16.2,10906X0039/C2-1
1954,2022-05-09,42.685696389,2.685378283,2022-05-09T04:33,2022-05-09T18:58,51877.07,1.5,24.93,4.66,25,1022.2,5.7,0.211,16.5,10906X0039/C2-1
1955,2022-05-10,42.685696389,2.685378283,2022-05-10T04:32,2022-05-10T18:59,52013.58,0.0,26.04,4.87,57,1021.5,7.0,0.209,16.6,10906X0039/C2-1
1956,2022-05-11,42.685696389,2.685378283,2022-05-11T04:31,2022-05-11T19:00,52148.4,0.0,26.32,4.63,19,1019.1,5.4,0.206,16.8,10906X0039/C2-1
1957,2022-05-12,42.685696389,2.685378283,2022-05-12T04:30,2022-05-12T19:01,52281.39,0.0,26.52,5.05,64,1020.4,8.2,0.205,17.1,10906X0039/C2-1
1958,2022-05-13,42.685696389,2.685378283,2022-05-13T04:29,2022-05-13T19:02,52412.41,0.1,20.71,4.14,73,1021.0,4.9,0.203,17.5,10906X0039/C2-1
1959,2022-05-14,42.685696389,2.685378283,2022-05-14T04:27,2022-05-14T19:03,52541.33,0.0,24.02,4.9,57,1018.2,8.8,0.201,17.8,10906X0039/C2-1
1960,2022-05-15,42.685696389,2.685378283,2022-05-15T04:26,2022-05-15T19:04,52667.98,0.0,25.61,4.93,45,1015.4,8.0,0.199,18.0,10906X0039/C2-1
1961,2022-05-16,42.685696389,2.685378283,2022-05-16T04:25,2022-05-16T19:05,52792.22,0.0,23.85,4.55,55,1019.0,5.6,0.198,18.2,10906X0039/C2-1
1962,2022-05-17,42.685696389,2.685378283,2022-05-17T04:24,2022-05-17T19:06,52913.9,0.0,24.97,4.78,15,1018.7,5.2,0.197,18.5,10906X0039/C2-1
1963,2022-05-18,42.685696389,2.685378283,2022-05-18T04:23,2022-05-18T19:07,53032.86,0.0,25.3,6.24,65,1018.5,11.6,0.194,19.1,10906X0039/C2-1
1964,2022-05-19,42.685696389,2.685378283,2022-05-19T04:22,2022-05-19T19:08,53148.96,0.2,20.73,4.13,92,1021.8,10.7,0.192,19.2,10906X0039/C2-1
1965,2022-05-20,42.685696389,2.685378283,2022-05-20T04:22,2022-05-20T19:09,53262.01,0.0,26.05,5.52,76,1022.2,8.3,0.191,19.5,10906X0039/C2-1
1966,2022-05-21,42.685696389,2.685378283,2022-05-21T04:21,2022-05-21T19:10,53371.88,0.0,25.42,4.7,89,1019.8,5.3,0.193,19.7,10906X0039/C2-1
1967,2022-05-22,42.685696389,2.685378283,2022-05-22T04:20,2022-05-22T19:11,53478.38,0.0,22.73,4.44,91,1011.4,4.6,0.197,19.7,10906X0039/C2-1
1968,2022-05-23,42.685696389,2.685378283,2022-05-23T04:19,2022-05-23T19:12,53581.53,0.0,21.92,5.08,74,1009.0,17.2,0.2,19.8,10906X0039/C2-1
1969,2022-05-24,42.685696389,2.685378283,2022-05-24T04:18,2022-05-24T19:13,53682.19,4.3,12.23,3.41,98,1012.2,19.0,0.2,19.3,10906X0039/C2-1
1970,2022-05-25,42.685696389,2.685378283,2022-05-25T04:18,2022-05-25T19:14,53780.4,2.2,21.28,4.9,85,1018.1,31.1,0.203,18.5,10906X0039/C2-1
1971,2022-05-26,42.685696389,2.685378283,2022-05-26T04:17,2022-05-26T19:15,53876.09,0.0,26.96,5.96,42,1023.4,31.1,0.199,18.5,10906X0039/C2-1
1972,2022-05-27,42.685696389,2.685378283,2022-05-27T04:16,2022-05-27T19:16,53969.14,0.0,27.72,6.82,12,1020.9,27.2,0.195,18.8,10906X0039/C2-1
1973,2022-05-28,42.685696389,2.685378283,2022-05-28T04:16,2022-05-28T19:17,54059.45,0.0,28.26,7.39,18,1013.1,23.7,0.191,19.3,10906X0039/C2-1
1974,2022-05-29,42.685696389,2.685378283,2022-05-29T04:15,2022-05-29T19:18,54146.91,0.0,28.02,6.69,22,1007.4,12.0,0.182,19.6,10906X0039/C2-1
1975,2022-05-30,42.685696389,2.685378283,2022-05-30T04:15,2022-05-30T19:18,54231.43,0.3,21.0,4.35,78,1008.4,5.2,0.181,19.5,10906X0039/C2-1
1976,2022-05-31,42.685696389,2.685378283,2022-05-31T04:14,2022-05-31T19:19,54312.89,0.0,23.88,4.65,44,1013.6,6.3,0.181,19.6,10906X0039/C2-1
1977,2022-06-01,42.685696389,2.685378283,2022-06-01T04:14,2022-06-01T19:20,54391.19,0.0,26.99,4.99,36,1013.6,6.1,0.18,19.7,10906X0039/C2-1
1978,2022-06-02,42.685696389,2.685378283,2022-06-02T04:13,2022-06-02T19:21,54466.23,0.2,17.34,3.23,99,1014.5,7.0,0.18,19.9,10906X0039/C2-1
1979,2022-06-03,42.685696389,2.685378283,2022-06-03T04:13,2022-06-03T19:22,54537.88,0.2,21.46,3.98,58,1013.9,7.3,0.18,19.9,10906X0039/C2-1
1980,2022-06-04,42.685696389,2.685378283,2022-06-04T04:12,2022-06-04T19:22,54606.06,0.3,25.37,4.83,60,1014.3,8.8,0.179,20.2,10906X0039/C2-1
1981,2022-06-05,42.685696389,2.685378283,2022-06-05T04:12,2022-06-05T19:23,54670.65,0.0,22.45,5.51,40,1018.0,15.4,0.178,20.5,10906X0039/C2-1
1982,2022-06-06,42.685696389,2.685378283,2022-06-06T04:12,2022-06-06T19:24,54731.55,0.1,24.5,5.72,37,1018.0,10.2,0.178,20.7,10906X0039/C2-1
1983,2022-06-07,42.685696389,2.685378283,2022-06-07T04:11,2022-06-07T19:24,54788.64,0.2,24.19,5.6,72,1017.7,15.7,0.182,20.8,10906X0039/C2-1
1984,2022-06-08,42.685696389,2.685378283,2022-06-08T04:11,2022-06-08T19:25,54841.84,0.2,19.46,4.83,97,1014.2,15.3,0.183,20.7,10906X0039/C2-1
1985,2022-06-09,42.685696389,2.685378283,2022-06-09T04:11,2022-06-09T19:26,54891.03,0.0,26.77,6.74,48,1018.4,30.1,0.181,20.6,10906X0039/C2-1
1986,2022-06-10,42.685696389,2.685378283,2022-06-10T04:11,2022-06-10T19:26,54936.11,0.0,29.4,7.97,3,1019.9,19.4,0.179,20.8,10906X0039/C2-1
1987,2022-06-11,42.685696389,2.685378283,2022-06-11T04:10,2022-06-11T19:27,54976.99,0.0,28.71,7.18,26,1020.0,8.6,0.174,21.4,10906X0039/C2-1
1988,2022-06-12,42.685696389,2.685378283,2022-06-12T04:10,2022-06-12T19:27,55013.61,0.0,24.78,6.41,55,1019.4,8.2,0.172,21.9,10906X0039/C2-1
1989,2022-06-13,42.685696389,2.685378283,2022-06-13T04:10,2022-06-13T19:28,55046.28,0.2,24.25,6.38,43,1017.6,11.0,0.178,22.3,10906X0039/C2-1
1990,2022-06-14,42.685696389,2.685378283,2022-06-14T04:10,2022-06-14T19:28,55075.04,0.0,28.21,6.31,74,1016.0,6.9,0.179,22.6,10906X0039/C2-1
1991,2022-06-15,42.685696389,2.685378283,2022-06-15T04:10,2022-06-15T19:29,55099.89,0.0,28.98,6.48,29,1016.8,7.1,0.174,22.8,10906X0039/C2-1
1992,2022-06-16,42.685696389,2.685378283,2022-06-16T04:10,2022-06-16T19:29,55120.83,0.0,28.9,7.1,52,1017.4,7.2,0.173,23.2,10906X0039/C2-1
1993,2022-06-17,42.685696389,2.685378283,2022-06-17T04:10,2022-06-17T19:29,55137.84,0.0,28.19,7.63,52,1018.0,8.4,0.175,23.9,10906X0039/C2-1
1994,2022-06-18,42.685696389,2.685378283,2022-06-18T04:10,2022-06-18T19:30,55150.94,0.0,28.28,6.88,10,1016.1,10.9,0.177,24.0,10906X0039/C2-1
1995,2022-06-19,42.685696389,2.685378283,2022-06-19T04:11,2022-06-19T19:30,55160.11,0.0,28.89,8.74,3,1009.5,18.4,0.176,24.0,10906X0039/C2-1
1996,2022-06-20,42.685696389,2.685378283,2022-06-20T04:11,2022-06-20T19:30,55165.36,0.6,24.89,5.49,51,1010.6,11.0,0.177,24.0,10906X0039/C2-1
1997,2022-06-21,42.685696389,2.685378283,2022-06-21T04:11,2022-06-21T19:30,55166.71,0.4,18.67,4.11,99,1010.1,8.3,0.177,23.8,10906X0039/C2-1
1998,2022-06-22,42.685696389,2.685378283,2022-06-22T04:11,2022-06-22T19:31,55164.14,3.0,23.6,4.89,37,1009.2,8.2,0.184,23.5,10906X0039/C2-1
1999,2022-06-23,42.685696389,2.685378283,2022-06-23T04:11,2022-06-23T19:31,55157.68,0.0,26.66,6.48,16,1010.1,11.9,0.182,23.6,10906X0039/C2-1
2000,2022-06-24,42.685696389,2.685378283,2022-06-24T04:12,2022-06-24T19:31,55147.33,0.5,21.07,4.59,37,1013.1,9.3,0.181,23.4,10906X0039/C2-1
2001,2022-06-25,42.685696389,2.685378283,2022-06-25T04:12,2022-06-25T19:31,55133.1,1.2,25.91,5.81,24,1011.2,11.9,0.18,23.2,10906X0039/C2-1
2002,2022-06-26,42.685696389,2.685378283,2022-06-26T04:13,2022-06-26T19:31,55115.02,1.1,23.8,5.41,57,1011.8,15.3,0.18,23.2,10906X0039/C2-1
2003,2022-06-27,42.685696389,2.685378283,2022-06-27T04:13,2022-06-27T19:31,55093.08,0.9,21.16,5.39,70,1016.8,25.7,0.179,22.9,10906X0039/C2-1
2004,2022-06-28,42.685696389,2.685378283,2022-06-28T04:13,2022-06-28T19:31,55067.32,0.0,29.06,7.34,20,1017.1,19.4,0.175,22.8,10906X0039/C2-1
2005,2022-06-29,42.685696389,2.685378283,2022-06-29T04:14,2022-06-29T19:31,55037.76,0.0,26.92,6.33,11,1013.6,8.6,0.173,23.1,10906X0039/C2-1
2006,2022-06-30,42.685696389,2.685378283,2022-06-30T04:14,2022-06-30T19:31,55004.41,0.0,19.67,4.78,90,1014.0,17.6,0.173,23.0,10906X0039/C2-1
2007,2022-07-01,42.685696389,2.685378283,2022-07-01T04:15,2022-07-01T19:31,54967.3,0.0,28.44,6.4,22,1018.8,16.3,0.172,22.7,10906X0039/C2-1
2008,2022-07-02,42.685696389,2.685378283,2022-07-02T04:15,2022-07-02T19:31,54926.38,0.0,27.48,5.83,23,1018.9,7.4,0.17,22.7,10906X0039/C2-1
2009,2022-07-03,42.685696389,2.685378283,2022-07-03T04:16,2022-07-03T19:30,54881.24,0.0,24.73,6.26,32,1017.3,7.5,0.169,23.1,10906X0039/C2-1
2010,2022-07-04,42.685696389,2.685378283,2022-07-04T04:16,2022-07-04T19:30,54831.92,0.0,25.64,6.84,35,1017.5,15.9,0.168,23.6,10906X0039/C2-1
2011,2022-07-05,42.685696389,2.685378283,2022-07-05T04:17,2022-07-05T19:30,54778.52,11.5,25.11,6.68,33,1019.5,16.4,0.171,23.6,10906X0039/C2-1
2012,2022-07-06,42.685696389,2.685378283,2022-07-06T04:18,2022-07-06T19:30,54721.16,0.2,15.52,6.08,88,1020.3,16.4,0.168,23.8,10906X0039/C2-1
2013,2022-07-07,42.685696389,2.685378283,2022-07-07T04:18,2022-07-07T19:29,54659.96,0.0,29.42,9.17,20,1021.8,27.6,0.171,23.9,10906X0039/C2-1
2014,2022-07-08,42.685696389,2.685378283,2022-07-08T04:19,2022-07-08T19:29,54595.02,0.0,29.53,9.12,4,1022.6,26.5,0.168,24.0,10906X0039/C2-1
2015,2022-07-09,42.685696389,2.685378283,2022-07-09T04:20,2022-07-09T19:28,54526.48,0.0,29.62,9.25,0,1020.9,16.3,0.166,24.3,10906X0039/C2-1
2016,2022-07-10,42.685696389,2.685378283,2022-07-10T04:20,2022-07-10T19:28,54454.44,0.0,29.47,7.91,0,1016.8,9.5,0.164,24.8,10906X0039/C2-1
2017,2022-07-11,42.685696389,2.685378283,2022-07-11T04:21,2022-07-11T19:28,54379.0,0.0,29.21,6.75,1,1016.4,7.2,0.165,24.9,10906X0039/C2-1
2018,2022-07-12,42.685696389,2.685378283,2022-07-12T04:22,2022-07-12T19:27,54300.32,0.0,28.98,6.62,0,1018.8,7.0,0.162,24.9,10906X0039/C2-1
2019,2022-07-13,42.685696389,2.685378283,2022-07-13T04:23,2022-07-13T19:26,54218.48,0.0,28.56,6.31,2,1020.5,7.0,0.163,25.1,10906X0039/C2-1
2020,2022-07-14,42.685696389,2.685378283,2022-07-14T04:24,2022-07-14T19:26,54133.6,0.0,27.83,6.37,29,1018.9,7.2,0.162,25.2,10906X0039/C2-1
2021,2022-07-15,42.685696389,2.685378283,2022-07-15T04:24,2022-07-15T19:25,54045.8,0.0,28.11,9.07,21,1015.5,13.8,0.162,25.7,10906X0039/C2-1
2022,2022-07-16,42.685696389,2.685378283,2022-07-16T04:25,2022-07-16T19:25,53955.21,0.0,28.86,7.62,0,1015.8,8.6,0.161,26.0,10906X0039/C2-1
2023,2022-07-17,42.685696389,2.685378283,2022-07-17T04:26,2022-07-17T19:24,53861.91,0.0,28.87,6.98,11,1018.8,7.3,0.16,26.1,10906X0039/C2-1
2024,2022-07-18,42.685696389,2.685378283,2022-07-18T04:27,2022-07-18T19:23,53766.04,0.0,28.51,6.85,2,1018.3,10.0,0.161,25.9,10906X0039/C2-1
2025,2022-07-19,42.685696389,2.685378283,2022-07-19T04:28,2022-07-19T19:22,53667.69,0.1,25.16,5.62,49,1016.0,11.3,0.16,25.9,10906X0039/C2-1
2026,2022-07-20,42.685696389,2.685378283,2022-07-20T04:29,2022-07-20T19:22,53566.99,0.0,23.92,6.37,18,1019.2,12.4,0.159,25.9,10906X0039/C2-1
2027,2022-07-21,42.685696389,2.685378283,2022-07-21T04:30,2022-07-21T19:21,53464.03,0.0,28.16,7.07,9,1018.3,8.8,0.158,26.2,10906X0039/C2-1
2028,2022-07-22,42.685696389,2.685378283,2022-07-22T04:31,2022-07-22T19:20,53358.76,0.0,23.99,6.44,39,1016.1,9.9,0.157,26.4,10906X0039/C2-1
2029,2022-07-23,42.685696389,2.685378283,2022-07-23T04:32,2022-07-23T19:19,53250.26,0.0,26.14,6.9,33,1018.4,16.5,0.156,26.3,10906X0039/C2-1
2030,2022-07-24,42.685696389,2.685378283,2022-07-24T04:33,2022-07-24T19:18,53138.53,0.0,26.55,5.99,3,1016.3,7.0,0.156,26.3,10906X0039/C2-1
2031,2022-07-25,42.685696389,2.685378283,2022-07-25T04:34,2022-07-25T19:17,53023.72,0.0,21.26,6.26,29,1016.0,21.1,0.156,26.2,10906X0039/C2-1
2032,2022-07-26,42.685696389,2.685378283,2022-07-26T04:35,2022-07-26T19:16,52906.0,0.0,24.38,6.66,61,1016.6,21.6,0.155,26.0,10906X0039/C2-1
2033,2022-07-27,42.685696389,2.685378283,2022-07-27T04:35,2022-07-27T19:15,52785.53,0.0,27.8,7.91,15,1014.2,17.8,0.154,25.9,10906X0039/C2-1
2034,2022-07-28,42.685696389,2.685378283,2022-07-28T04:36,2022-07-28T19:14,52662.47,0.0,20.94,5.49,40,1013.4,9.0,0.154,25.9,10906X0039/C2-1
2035,2022-07-29,42.685696389,2.685378283,2022-07-29T04:38,2022-07-29T19:13,52536.97,4.7,16.37,4.49,62,1016.4,12.0,0.153,25.8,10906X0039/C2-1
2036,2022-07-30,42.685696389,2.685378283,2022-07-30T04:39,2022-07-30T19:12,52409.18,0.0,25.06,7.14,30,1019.0,16.2,0.153,25.9,10906X0039/C2-1
2037,2022-07-31,42.685696389,2.685378283,2022-07-31T04:40,2022-07-31T19:11,52279.26,0.0,27.08,8.3,4,1017.9,16.0,0.15,26.2,10906X0039/C2-1
2038,2022-08-01,42.685696389,2.685378283,2022-08-01T04:41,2022-08-01T19:10,52147.34,0.0,27.21,8.86,2,1016.3,16.2,0.148,26.6,10906X0039/C2-1
2039,2022-08-02,42.685696389,2.685378283,2022-08-02T04:42,2022-08-02T19:09,52013.58,0.0,27.38,8.14,0,1014.6,11.0,0.148,27.0,10906X0039/C2-1
2040,2022-08-03,42.685696389,2.685378283,2022-08-03T04:43,2022-08-03T19:07,51878.11,0.0,24.92,5.76,5,1014.4,7.6,0.148,26.9,10906X0039/C2-1
2041,2022-08-04,42.685696389,2.685378283,2022-08-04T04:44,2022-08-04T19:06,51741.07,0.2,22.1,4.59,52,1014.7,6.2,0.149,26.7,10906X0039/C2-1
2042,2022-08-05,42.685696389,2.685378283,2022-08-05T04:45,2022-08-05T19:05,51602.6,0.0,22.67,6.26,32,1015.7,11.5,0.15,26.7,10906X0039/C2-1
2043,2022-08-06,42.685696389,2.685378283,2022-08-06T04:46,2022-08-06T19:04,51462.84,0.4,21.52,6.64,39,1016.4,14.7,0.15,26.9,10906X0039/C2-1
2044,2022-08-07,42.685696389,2.685378283,2022-08-07T04:47,2022-08-07T19:02,51321.9,0.1,21.95,6.4,49,1014.7,9.2,0.148,27.1,10906X0039/C2-1
2045,2022-08-08,42.685696389,2.685378283,2022-08-08T04:48,2022-08-08T19:01,51179.92,0.0,26.16,6.78,20,1015.7,8.4,0.149,27.1,10906X0039/C2-1
2046,2022-08-09,42.685696389,2.685378283,2022-08-09T04:49,2022-08-09T19:00,51037.02,0.0,23.8,6.49,66,1017.1,8.5,0.149,27.0,10906X0039/C2-1
2047,2022-08-10,42.685696389,2.685378283,2022-08-10T04:50,2022-08-10T18:58,50893.32,0.0,24.0,5.63,12,1016.3,7.4,0.148,26.9,10906X0039/C2-1
2048,2022-08-11,42.685696389,2.685378283,2022-08-11T04:51,2022-08-11T18:57,50748.74,0.2,21.07,4.53,55,1015.4,6.1,0.148,26.9,10906X0039/C2-1
2049,2022-08-12,42.685696389,2.685378283,2022-08-12T04:52,2022-08-12T18:56,50602.18,0.3,21.28,5.88,45,1012.0,7.6,0.151,26.9,10906X0039/C2-1
2050,2022-08-13,42.685696389,2.685378283,2022-08-13T04:53,2022-08-13T18:54,50453.58,0.0,21.19,5.53,51,1010.6,8.9,0.148,27.1,10906X0039/C2-1
2051,2022-08-14,42.685696389,2.685378283,2022-08-14T04:54,2022-08-14T18:53,50303.08,0.1,21.14,5.32,46,1008.9,10.3,0.15,26.9,10906X0039/C2-1
2052,2022-08-15,42.685696389,2.685378283,2022-08-15T04:55,2022-08-15T18:51,50150.83,0.2,22.04,5.37,25,1008.7,10.9,0.152,26.7,10906X0039/C2-1
2053,2022-08-16,42.685696389,2.685378283,2022-08-16T04:57,2022-08-16T18:50,49996.98,0.0,22.74,6.22,28,1007.1,11.1,0.15,26.5,10906X0039/C2-1
2054,2022-08-17,42.685696389,2.685378283,2022-08-17T04:58,2022-08-17T18:48,49841.64,4.1,19.19,4.66,72,1010.3,12.9,0.153,26.2,10906X0039/C2-1
2055,2022-08-18,42.685696389,2.685378283,2022-08-18T04:59,2022-08-18T18:47,49684.98,0.2,17.36,5.36,74,1013.9,24.9,0.152,25.7,10906X0039/C2-1
2056,2022-08-19,42.685696389,2.685378283,2022-08-19T05:00,2022-08-19T18:45,49527.09,0.0,24.57,7.0,17,1018.3,24.6,0.147,25.5,10906X0039/C2-1
2057,2022-08-20,42.685696389,2.685378283,2022-08-20T05:01,2022-08-20T18:44,49368.14,0.0,24.44,7.09,10,1017.7,15.6,0.141,25.7,10906X0039/C2-1
2058,2022-08-21,42.685696389,2.685378283,2022-08-21T05:02,2022-08-21T18:42,49208.23,0.4,21.45,6.52,75,1015.4,16.4,0.135,25.8,10906X0039/C2-1
2059,2022-08-22,42.685696389,2.685378283,2022-08-22T05:03,2022-08-22T18:40,49047.49,0.0,22.14,6.56,35,1014.8,23.8,0.134,25.8,10906X0039/C2-1
2060,2022-08-23,42.685696389,2.685378283,2022-08-23T05:04,2022-08-23T18:39,48886.04,0.0,23.11,6.7,68,1014.5,16.5,0.131,25.9,10906X0039/C2-1
2061,2022-08-24,42.685696389,2.685378283,2022-08-24T05:05,2022-08-24T18:37,48724.0,0.0,22.45,5.51,42,1014.1,8.2,0.129,26.0,10906X0039/C2-1
2062,2022-08-25,42.685696389,2.685378283,2022-08-25T05:06,2022-08-25T18:36,48561.49,2.4,16.81,5.08,87,1014.9,12.5,0.13,26.0,10906X0039/C2-1
2063,2022-08-26,42.685696389,2.685378283,2022-08-26T05:07,2022-08-26T18:34,48398.6,0.0,21.19,6.72,38,1014.4,19.0,0.127,26.2,10906X0039/C2-1
2064,2022-08-27,42.685696389,2.685378283,2022-08-27T05:08,2022-08-27T18:32,48235.48,0.0,20.98,6.0,24,1011.8,11.6,0.123,26.3,10906X0039/C2-1
2065,2022-08-28,42.685696389,2.685378283,2022-08-28T05:09,2022-08-28T18:31,48072.21,0.0,21.88,5.04,7,1013.4,7.1,0.123,26.1,10906X0039/C2-1
2066,2022-08-29,42.685696389,2.685378283,2022-08-29T05:11,2022-08-29T18:29,47908.91,0.0,16.68,3.64,64,1015.3,6.3,0.124,25.9,10906X0039/C2-1
2067,2022-08-30,42.685696389,2.685378283,2022-08-30T05:12,2022-08-30T18:27,47745.67,0.7,19.58,4.63,29,1016.2,6.7,0.128,25.9,10906X0039/C2-1
2068,2022-08-31,42.685696389,2.685378283,2022-08-31T05:13,2022-08-31T18:26,47582.41,0.7,9.8,2.96,71,1016.0,9.4,0.134,25.7,10906X0039/C2-1
2069,2022-09-01,42.685696389,2.685378283,2022-09-01T05:14,2022-09-01T18:24,47418.01,0.1,20.55,5.29,43,1013.7,11.0,0.141,25.9,10906X0039/C2-1
2070,2022-09-02,42.685696389,2.685378283,2022-09-02T05:15,2022-09-02T18:22,47252.36,12.6,16.78,3.71,69,1012.6,6.6,0.149,25.7,10906X0039/C2-1
2071,2022-09-03,42.685696389,2.685378283,2022-09-03T05:16,2022-09-03T18:21,47085.59,1.6,17.52,3.84,63,1013.5,9.0,0.145,25.5,10906X0039/C2-1
2072,2022-09-04,42.685696389,2.685378283,2022-09-04T05:17,2022-09-04T18:19,46917.82,1.7,14.88,3.28,67,1016.5,9.9,0.148,25.2,10906X0039/C2-1
2073,2022-09-05,42.685696389,2.685378283,2022-09-05T05:18,2022-09-05T18:17,46749.16,0.4,18.99,4.71,55,1017.1,10.4,0.145,25.4,10906X0039/C2-1
2074,2022-09-06,42.685696389,2.685378283,2022-09-06T05:19,2022-09-06T18:15,46579.73,1.0,17.21,3.62,34,1015.5,6.0,0.142,25.7,10906X0039/C2-1
2075,2022-09-07,42.685696389,2.685378283,2022-09-07T05:20,2022-09-07T18:14,46409.62,0.0,16.25,3.98,53,1013.2,10.8,0.142,25.5,10906X0039/C2-1
2076,2022-09-08,42.685696389,2.685378283,2022-09-08T05:21,2022-09-08T18:12,46238.94,0.0,18.89,4.7,79,1014.8,8.7,0.138,25.2,10906X0039/C2-1
2077,2022-09-09,42.685696389,2.685378283,2022-09-09T05:22,2022-09-09T18:10,46067.82,0.2,12.61,3.81,71,1017.7,12.5,0.138,24.9,10906X0039/C2-1
2078,2022-09-10,42.685696389,2.685378283,2022-09-10T05:23,2022-09-10T18:08,45896.35,0.0,20.67,4.31,15,1018.7,5.2,0.139,24.7,10906X0039/C2-1
2079,2022-09-11,42.685696389,2.685378283,2022-09-11T05:24,2022-09-11T18:07,45724.62,0.0,19.24,3.9,15,1016.4,6.4,0.134,24.6,10906X0039/C2-1
2080,2022-09-12,42.685696389,2.685378283,2022-09-12T05:25,2022-09-12T18:05,45552.76,0.7,10.47,2.29,94,1013.2,6.7,0.135,24.5,10906X0039/C2-1
2081,2022-09-13,42.685696389,2.685378283,2022-09-13T05:27,2022-09-13T18:03,45380.84,1.4,8.8,2.41,100,1009.5,5.8,0.138,24.7,10906X0039/C2-1
2082,2022-09-14,42.685696389,2.685378283,2022-09-14T05:28,2022-09-14T18:01,45208.99,0.9,8.41,2.07,73,1008.2,6.3,0.133,24.7,10906X0039/C2-1
2083,2022-09-15,42.685696389,2.685378283,2022-09-15T05:29,2022-09-15T17:59,45037.3,0.3,16.72,4.7,34,1011.3,11.2,0.134,24.7,10906X0039/C2-1
2084,2022-09-16,42.685696389,2.685378283,2022-09-16T05:30,2022-09-16T17:58,44865.85,0.0,18.5,5.53,18,1012.5,21.7,0.133,24.5,10906X0039/C2-1
2085,2022-09-17,42.685696389,2.685378283,2022-09-17T05:31,2022-09-17T17:56,44694.77,0.0,20.12,5.66,41,1016.0,19.9,0.133,24.2,10906X0039/C2-1
2086,2022-09-18,42.685696389,2.685378283,2022-09-18T05:32,2022-09-18T17:54,44524.13,0.0,19.95,4.25,75,1017.3,7.0,0.133,23.6,10906X0039/C2-1
2087,2022-09-19,42.685696389,2.685378283,2022-09-19T05:33,2022-09-19T17:52,44354.05,0.0,19.89,5.5,59,1016.2,10.9,0.136,23.3,10906X0039/C2-1
2088,2022-09-20,42.685696389,2.685378283,2022-09-20T05:34,2022-09-20T17:51,44184.4,0.0,19.9,5.24,3,1017.8,10.0,0.136,23.3,10906X0039/C2-1
2089,2022-09-21,42.685696389,2.685378283,2022-09-21T05:35,2022-09-21T17:49,44014.05,0.0,19.51,4.33,1,1018.5,7.9,0.133,23.2,10906X0039/C2-1
2090,2022-09-22,42.685696389,2.685378283,2022-09-22T05:36,2022-09-22T17:47,43842.87,0.0,14.65,2.96,28,1019.2,7.7,0.138,22.7,10906X0039/C2-1
2091,2022-09-23,42.685696389,2.685378283,2022-09-23T05:37,2022-09-23T17:45,43670.99,2.0,15.26,3.39,62,1016.4,8.1,0.136,22.5,10906X0039/C2-1
2092,2022-09-24,42.685696389,2.685378283,2022-09-24T05:38,2022-09-24T17:43,43498.51,2.7,11.8,2.84,83,1013.7,12.9,0.145,22.3,10906X0039/C2-1
2093,2022-09-25,42.685696389,2.685378283,2022-09-25T05:40,2022-09-25T17:42,43325.54,0.0,17.35,4.03,67,1014.1,16.8,0.15,21.7,10906X0039/C2-1
2094,2022-09-26,42.685696389,2.685378283,2022-09-26T05:41,2022-09-26T17:40,43152.19,0.0,18.18,4.56,27,1012.3,17.9,0.149,21.6,10906X0039/C2-1
2095,2022-09-27,42.685696389,2.685378283,2022-09-27T05:42,2022-09-27T17:38,42978.57,0.0,11.49,3.37,91,1010.8,19.7,0.145,21.4,10906X0039/C2-1
2096,2022-09-28,42.685696389,2.685378283,2022-09-28T05:43,2022-09-28T17:36,42804.78,0.7,14.26,3.78,87,1007.5,14.0,0.145,21.4,10906X0039/C2-1
2097,2022-09-29,42.685696389,2.685378283,2022-09-29T05:44,2022-09-29T17:34,42630.94,10.1,9.33,2.56,96,1003.9,12.1,0.149,21.1,10906X0039/C2-1
2098,2022-09-30,42.685696389,2.685378283,2022-09-30T05:45,2022-09-30T17:33,42457.14,0.4,16.19,3.76,39,1012.6,22.0,0.147,20.6,10906X0039/C2-1
2099,2022-10-01,42.685696389,2.685378283,2022-10-01T05:46,2022-10-01T17:31,42283.49,0.0,13.73,3.03,43,1023.0,7.1,0.147,20.4,10906X0039/C2-1
2100,2022-10-02,42.685696389,2.685378283,2022-10-02T05:47,2022-10-02T17:29,42110.12,0.0,16.86,3.62,44,1025.0,7.4,0.142,20.8,10906X0039/C2-1
2101,2022-10-03,42.685696389,2.685378283,2022-10-03T05:48,2022-10-03T17:27,41937.12,0.0,16.27,3.65,61,1021.7,9.3,0.135,21.0,10906X0039/C2-1
2102,2022-10-04,42.685696389,2.685378283,2022-10-04T05:49,2022-10-04T17:26,41764.6,0.0,17.04,3.18,0,1021.4,6.3,0.131,20.9,10906X0039/C2-1
2103,2022-10-05,42.685696389,2.685378283,2022-10-05T05:51,2022-10-05T17:24,41592.68,0.1,11.96,2.53,53,1024.3,8.8,0.13,20.7,10906X0039/C2-1
2104,2022-10-06,42.685696389,2.685378283,2022-10-06T05:52,2022-10-06T17:22,41421.47,0.6,13.14,2.82,72,1027.4,7.5,0.128,21.0,10906X0039/C2-1
2105,2022-10-07,42.685696389,2.685378283,2022-10-07T05:53,2022-10-07T17:20,41251.08,7.2,8.68,1.5,87,1023.4,6.1,0.129,20.6,10906X0039/C2-1
2106,2022-10-08,42.685696389,2.685378283,2022-10-08T05:54,2022-10-08T17:19,41081.63,13.5,5.29,1.13,98,1020.1,6.2,0.144,20.3,10906X0039/C2-1
2107,2022-10-09,42.685696389,2.685378283,2022-10-09T05:55,2022-10-09T17:17,40913.22,0.5,15.18,2.49,48,1018.2,6.0,0.144,20.1,10906X0039/C2-1
2108,2022-10-10,42.685696389,2.685378283,2022-10-10T05:56,2022-10-10T17:15,40745.76,0.5,9.79,1.87,93,1018.7,7.4,0.142,20.2,10906X0039/C2-1
2109,2022-10-11,42.685696389,2.685378283,2022-10-11T05:57,2022-10-11T17:14,40577.97,0.8,11.32,1.97,97,1020.7,5.5,0.14,20.2,10906X0039/C2-1
2110,2022-10-12,42.685696389,2.685378283,2022-10-12T05:59,2022-10-12T17:12,40409.74,0.6,12.29,2.4,53,1021.5,7.2,0.137,20.0,10906X0039/C2-1
2111,2022-10-13,42.685696389,2.685378283,2022-10-13T06:00,2022-10-13T17:11,40241.21,0.0,12.68,2.55,85,1021.8,6.3,0.135,20.0,10906X0039/C2-1
2112,2022-10-14,42.685696389,2.685378283,2022-10-14T06:01,2022-10-14T17:09,40072.48,0.5,9.89,2.36,56,1019.9,8.0,0.134,20.2,10906X0039/C2-1
2113,2022-10-15,42.685696389,2.685378283,2022-10-15T06:02,2022-10-15T17:07,39903.69,0.5,12.98,2.16,49,1016.0,4.6,0.129,20.1,10906X0039/C2-1
2114,2022-10-16,42.685696389,2.685378283,2022-10-16T06:03,2022-10-16T17:06,39734.97,0.3,10.62,2.35,75,1016.9,7.3,0.128,20.4,10906X0039/C2-1
2115,2022-10-17,42.685696389,2.685378283,2022-10-17T06:05,2022-10-17T17:04,39566.44,1.8,7.34,1.92,78,1023.2,13.0,0.125,20.6,10906X0039/C2-1
2116,2022-10-18,42.685696389,2.685378283,2022-10-18T06:06,2022-10-18T17:02,39398.24,1.4,10.54,2.08,74,1025.3,8.9,0.089,20.8,10906X0039/C2-1
2117,2022-10-19,42.685696389,2.685378283,2022-10-19T06:07,2022-10-19T17:01,39230.49,2.1,6.83,1.26,98,1019.9,5.8,0.055,20.8,10906X0039/C2-1
2118,2022-10-20,42.685696389,2.685378283,2022-10-20T06:08,2022-10-20T16:59,39063.35,0.9,8.79,2.03,100,1014.8,12.0,0.055,20.8,10906X0039/C2-1
2119,2022-10-21,42.685696389,2.685378283,2022-10-21T06:09,2022-10-21T16:58,38896.93,2.0,8.59,2.12,100,1011.6,6.5,0.056,21.0,10906X0039/C2-1
2120,2022-10-22,42.685696389,2.685378283,2022-10-22T06:11,2022-10-22T16:56,38731.38,0.0,11.6,2.05,77,1014.9,5.2,0.057,20.9,10906X0039/C2-1
2121,2022-10-23,42.685696389,2.685378283,2022-10-23T06:12,2022-10-23T16:55,38566.85,0.0,10.38,2.67,97,1013.0,7.3,0.052,20.7,10906X0039/C2-1
2122,2022-10-24,42.685696389,2.685378283,2022-10-24T06:13,2022-10-24T16:53,38403.47,0.0,10.39,2.4,97,1015.5,5.8,0.054,20.9,10906X0039/C2-1
2123,2022-10-25,42.685696389,2.685378283,2022-10-25T06:14,2022-10-25T16:52,38241.4,0.0,6.68,1.28,97,1017.0,4.3,0.056,20.6,10906X0039/C2-1
2124,2022-10-26,42.685696389,2.685378283,2022-10-26T06:15,2022-10-26T16:50,38080.78,0.0,6.08,1.14,97,1020.1,4.6,0.06,20.3,10906X0039/C2-1
2125,2022-10-27,42.685696389,2.685378283,2022-10-27T06:17,2022-10-27T16:49,37921.79,2.1,5.09,0.88,100,1025.2,4.2,0.062,20.3,10906X0039/C2-1
2126,2022-10-28,42.685696389,2.685378283,2022-10-28T06:18,2022-10-28T16:47,37764.55,0.2,8.26,1.29,99,1026.1,3.7,0.063,20.2,10906X0039/C2-1
2127,2022-10-29,42.685696389,2.685378283,2022-10-29T06:19,2022-10-29T16:46,37609.24,0.0,9.08,1.51,100,1023.2,8.2,0.062,20.1,10906X0039/C2-1
2128,2022-10-30,42.685696389,2.685378283,2022-10-30T06:20,2022-10-30T16:45,37455.77,0.5,8.02,1.4,95,1020.3,5.8,0.063,20.1,10906X0039/C2-1
2129,2022-10-31,42.685696389,2.685378283,2022-10-31T06:22,2022-10-31T16:43,37302.75,0.0,10.38,2.56,88,1017.0,9.5,0.061,20.1,10906X0039/C2-1
2130,2022-11-01,42.685696389,2.685378283,2022-11-01T06:23,2022-11-01T16:42,37150.08,0.2,9.31,2.19,56,1022.0,9.7,0.055,20.2,10906X0039/C2-1
2131,2022-11-02,42.685696389,2.685378283,2022-11-02T06:24,2022-11-02T16:41,36997.89,0.0,9.85,2.09,69,1023.6,8.0,0.051,20.1,10906X0039/C2-1
2132,2022-11-03,42.685696389,2.685378283,2022-11-03T06:25,2022-11-03T16:40,36846.35,0.9,4.65,1.72,96,1014.7,11.1,0.049,19.4,10906X0039/C2-1
2133,2022-11-04,42.685696389,2.685378283,2022-11-04T06:27,2022-11-04T16:38,36695.61,0.7,8.66,2.96,55,1014.4,25.0,0.05,18.9,10906X0039/C2-1
2134,2022-11-05,42.685696389,2.685378283,2022-11-05T06:28,2022-11-05T16:37,36545.82,0.0,10.84,2.81,36,1019.7,21.4,0.049,18.5,10906X0039/C2-1
2135,2022-11-06,42.685696389,2.685378283,2022-11-06T06:29,2022-11-06T16:36,36397.15,0.0,11.21,1.7,40,1018.1,4.8,0.049,17.8,10906X0039/C2-1
2136,2022-11-07,42.685696389,2.685378283,2022-11-07T06:30,2022-11-07T16:35,36249.76,0.0,11.1,1.87,45,1018.1,7.9,0.048,17.6,10906X0039/C2-1
2137,2022-11-08,42.685696389,2.685378283,2022-11-08T06:32,2022-11-08T16:34,36103.82,0.0,8.57,1.36,92,1013.9,4.5,0.047,17.7,10906X0039/C2-1
2138,2022-11-09,42.685696389,2.685378283,2022-11-09T06:33,2022-11-09T16:32,35959.5,0.1,6.63,1.77,98,1016.2,10.0,0.047,17.8,10906X0039/C2-1
2139,2022-11-10,42.685696389,2.685378283,2022-11-10T06:34,2022-11-10T16:31,35816.98,0.0,10.46,2.34,32,1025.3,14.9,0.049,17.9,10906X0039/C2-1
2140,2022-11-11,42.685696389,2.685378283,2022-11-11T06:36,2022-11-11T16:30,35676.42,0.7,8.64,1.55,64,1029.5,10.3,0.05,17.7,10906X0039/C2-1
2141,2022-11-12,42.685696389,2.685378283,2022-11-12T06:37,2022-11-12T16:29,35538.02,0.5,7.83,1.25,78,1028.2,9.7,0.049,18.0,10906X0039/C2-1
2142,2022-11-13,42.685696389,2.685378283,2022-11-13T06:38,2022-11-13T16:28,35401.96,0.0,8.64,1.32,80,1020.7,5.7,0.054,17.6,10906X0039/C2-1
2143,2022-11-14,42.685696389,2.685378283,2022-11-14T06:39,2022-11-14T16:27,35268.43,0.0,6.72,1.15,91,1016.5,5.1,0.058,17.5,10906X0039/C2-1
2144,2022-11-15,42.685696389,2.685378283,2022-11-15T06:41,2022-11-15T16:26,35137.61,0.3,5.02,0.84,90,1009.5,4.5,0.056,17.4,10906X0039/C2-1
2145,2022-11-16,42.685696389,2.685378283,2022-11-16T06:42,2022-11-16T16:25,35009.72,0.0,7.97,1.46,63,1006.2,6.0,0.058,17.3,10906X0039/C2-1
2146,2022-11-17,42.685696389,2.685378283,2022-11-17T06:43,2022-11-17T16:25,34884.94,3.4,8.23,1.73,62,1004.2,9.4,0.06,17.1,10906X0039/C2-1
2147,2022-11-18,42.685696389,2.685378283,2022-11-18T06:44,2022-11-18T16:24,34763.48,0.0,7.09,2.27,77,1009.3,17.9,0.061,16.9,10906X0039/C2-1
2148,2022-11-19,42.685696389,2.685378283,2022-11-19T06:45,2022-11-19T16:23,34645.31,0.0,7.24,2.06,80,1012.9,24.1,0.061,16.5,10906X0039/C2-1
2149,2022-11-20,42.685696389,2.685378283,2022-11-20T06:47,2022-11-20T16:22,34529.13,0.0,7.9,2.15,59,1017.7,16.6,0.06,16.2,10906X0039/C2-1
2150,2022-11-21,42.685696389,2.685378283,2022-11-21T06:48,2022-11-21T16:21,34414.86,9.5,2.96,1.04,100,1008.8,10.4,0.062,15.9,10906X0039/C2-1
2151,2022-11-22,42.685696389,2.685378283,2022-11-22T06:49,2022-11-22T16:21,34302.64,0.7,8.32,2.47,76,1006.8,21.7,0.071,15.5,10906X0039/C2-1
2152,2022-11-23,42.685696389,2.685378283,2022-11-23T06:50,2022-11-23T16:20,34192.61,5.8,4.08,1.36,76,1008.8,11.0,0.076,15.4,10906X0039/C2-1
2153,2022-11-24,42.685696389,2.685378283,2022-11-24T06:51,2022-11-24T16:20,34084.94,0.0,7.53,1.28,69,1016.9,7.2,0.078,15.2,10906X0039/C2-1
2154,2022-11-25,42.685696389,2.685378283,2022-11-25T06:53,2022-11-25T16:19,33979.77,2.5,4.19,1.45,86,1021.7,17.7,0.079,15.0,10906X0039/C2-1
2155,2022-11-26,42.685696389,2.685378283,2022-11-26T06:54,2022-11-26T16:18,33877.26,0.0,8.03,2.08,83,1027.8,13.7,0.078,15.0,10906X0039/C2-1
2156,2022-11-27,42.685696389,2.685378283,2022-11-27T06:55,2022-11-27T16:18,33777.54,0.0,6.69,0.9,95,1023.2,4.9,0.077,14.3,10906X0039/C2-1
2157,2022-11-28,42.685696389,2.685378283,2022-11-28T06:56,2022-11-28T16:18,33680.8,1.2,3.16,1.57,88,1016.8,21.4,0.076,14.2,10906X0039/C2-1
2158,2022-11-29,42.685696389,2.685378283,2022-11-29T06:57,2022-11-29T16:17,33587.18,0.4,5.88,1.68,68,1018.1,22.1,0.077,14.2,10906X0039/C2-1
2159,2022-11-30,42.685696389,2.685378283,2022-11-30T06:58,2022-11-30T16:17,33496.86,0.0,8.54,1.37,18,1018.0,11.8,0.077,14.0,10906X0039/C2-1
2160,2022-12-01,42.685696389,2.685378283,2022-12-01T07:00,2022-12-01T16:16,33409.98,0.0,7.5,1.44,22,1018.7,13.8,0.076,13.4,10906X0039/C2-1
2161,2022-12-02,42.685696389,2.685378283,2022-12-02T07:01,2022-12-02T16:16,33326.72,0.0,6.84,0.88,24,1016.6,6.7,0.076,13.0,10906X0039/C2-1
2162,2022-12-03,42.685696389,2.685378283,2022-12-03T07:02,2022-12-03T16:16,33247.23,0.5,3.72,0.64,87,1009.5,6.4,0.075,12.6,10906X0039/C2-1
2163,2022-12-04,42.685696389,2.685378283,2022-12-04T07:03,2022-12-04T16:16,33171.69,0.2,6.2,0.83,48,1011.2,7.3,0.076,12.6,10906X0039/C2-1
2164,2022-12-05,42.685696389,2.685378283,2022-12-05T07:04,2022-12-05T16:15,33100.25,0.5,7.7,0.9,53,1018.4,6.0,0.076,12.1,10906X0039/C2-1
2165,2022-12-06,42.685696389,2.685378283,2022-12-06T07:05,2022-12-06T16:15,33033.09,0.0,6.15,0.78,85,1016.4,4.1,0.075,12.3,10906X0039/C2-1
2166,2022-12-07,42.685696389,2.685378283,2022-12-07T07:06,2022-12-07T16:15,32970.36,0.1,6.13,0.97,84,1013.9,4.0,0.074,12.5,10906X0039/C2-1
2167,2022-12-08,42.685696389,2.685378283,2022-12-08T07:06,2022-12-08T16:15,32912.24,5.7,1.3,0.25,100,1007.3,9.1,0.076,12.5,10906X0039/C2-1
2168,2022-12-09,42.685696389,2.685378283,2022-12-09T07:07,2022-12-09T16:15,32858.76,1.8,6.4,0.87,77,999.4,3.8,0.081,12.3,10906X0039/C2-1
2169,2022-12-10,42.685696389,2.685378283,2022-12-10T07:08,2022-12-10T16:15,32809.23,1.8,6.32,1.35,68,1006.7,25.8,0.085,12.3,10906X0039/C2-1
2170,2022-12-11,42.685696389,2.685378283,2022-12-11T07:09,2022-12-11T16:15,32763.59,0.0,6.15,0.86,86,1008.9,7.2,0.085,11.2,10906X0039/C2-1
2171,2022-12-12,42.685696389,2.685378283,2022-12-12T07:10,2022-12-12T16:15,32721.88,3.4,4.0,0.66,90,1006.9,7.8,0.085,10.9,10906X0039/C2-1
2172,2022-12-13,42.685696389,2.685378283,2022-12-13T07:11,2022-12-13T16:15,32684.15,1.1,4.44,0.55,100,1003.8,3.3,0.085,10.8,10906X0039/C2-1
2173,2022-12-14,42.685696389,2.685378283,2022-12-14T07:11,2022-12-14T16:16,32650.43,3.8,5.85,0.74,81,1003.1,6.5,0.089,11.4,10906X0039/C2-1
2174,2022-12-15,42.685696389,2.685378283,2022-12-15T07:12,2022-12-15T16:16,32620.76,5.8,5.81,0.87,78,997.7,5.4,0.091,11.8,10906X0039/C2-1
2175,2022-12-16,42.685696389,2.685378283,2022-12-16T07:13,2022-12-16T16:16,32595.18,2.1,5.55,0.82,78,1007.0,5.6,0.092,11.9,10906X0039/C2-1
2176,2022-12-17,42.685696389,2.685378283,2022-12-17T07:13,2022-12-17T16:16,32573.73,0.0,6.95,0.91,62,1019.0,4.4,0.092,11.8,10906X0039/C2-1
2177,2022-12-18,42.685696389,2.685378283,2022-12-18T07:14,2022-12-18T16:17,32556.44,3.9,4.33,0.62,80,1025.9,6.6,0.093,11.8,10906X0039/C2-1
2178,2022-12-19,42.685696389,2.685378283,2022-12-19T07:15,2022-12-19T16:17,32543.35,0.1,5.39,0.67,96,1023.9,5.8,0.092,11.7,10906X0039/C2-1
2179,2022-12-20,42.685696389,2.685378283,2022-12-20T07:15,2022-12-20T16:18,32534.5,0.1,2.75,0.35,100,1020.2,6.4,0.09,11.5,10906X0039/C2-1
2180,2022-12-21,42.685696389,2.685378283,2022-12-21T07:16,2022-12-21T16:18,32529.88,0.1,7.02,1.35,62,1019.6,8.9,0.091,11.8,10906X0039/C2-1
2181,2022-12-22,42.685696389,2.685378283,2022-12-22T07:16,2022-12-22T16:19,32529.56,0.0,6.33,1.24,85,1021.5,6.8,0.09,12.0,10906X0039/C2-1
2182,2022-12-23,42.685696389,2.685378283,2022-12-23T07:17,2022-12-23T16:19,32533.54,0.0,7.38,1.23,78,1019.6,6.6,0.087,12.3,10906X0039/C2-1
2183,2022-12-24,42.685696389,2.685378283,2022-12-24T07:17,2022-12-24T16:20,32541.84,0.0,7.55,1.19,58,1019.0,5.9,0.087,12.4,10906X0039/C2-1
2184,2022-12-25,42.685696389,2.685378283,2022-12-25T07:18,2022-12-25T16:20,32554.49,0.3,2.78,0.4,80,1019.0,5.3,0.089,12.0,10906X0039/C2-1
2185,2022-12-26,42.685696389,2.685378283,2022-12-26T07:18,2022-12-26T16:21,32571.49,0.0,5.98,0.89,70,1025.8,6.0,0.091,12.2,10906X0039/C2-1
2186,2022-12-27,42.685696389,2.685378283,2022-12-27T07:18,2022-12-27T16:22,32592.88,0.0,7.13,1.13,18,1029.3,6.6,0.091,12.1,10906X0039/C2-1
2187,2022-12-28,42.685696389,2.685378283,2022-12-28T07:19,2022-12-28T16:22,32618.66,0.2,4.72,0.6,71,1024.2,4.0,0.091,11.9,10906X0039/C2-1
2188,2022-12-29,42.685696389,2.685378283,2022-12-29T07:19,2022-12-29T16:23,32648.9,0.0,6.42,0.77,93,1019.9,4.1,0.091,11.8,10906X0039/C2-1
2189,2022-12-30,42.685696389,2.685378283,2022-12-30T07:19,2022-12-30T16:24,32683.92,0.3,5.4,0.69,97,1019.9,4.4,0.091,11.8,10906X0039/C2-1
2190,2022-12-31,42.685696389,2.685378283,2022-12-31T07:19,2022-12-31T16:24,32723.67,0.9,2.37,0.37,99,1023.9,5.4,0.091,12.0,10906X0039/C2-1
2191,2023-01-01,42.685696389,2.685378283,2023-01-01T07:19,2023-01-01T16:25,32768.02,0.0,2.92,0.39,99,1024.4,5.1,0.092,12.0,10906X0039/C2-1
2192,2023-01-02,42.685696389,2.685378283,2023-01-02T07:19,2023-01-02T16:26,32816.86,5.0,3.78,1.08,100,1024.1,10.5,0.092,11.9,10906X0039/C2-1
2193,2023-01-03,42.685696389,2.685378283,2023-01-03T07:19,2023-01-03T16:27,32870.06,1.0,5.25,1.35,58,1030.1,13.9,0.095,12.1,10906X0039/C2-1
2194,2023-01-04,42.685696389,2.685378283,2023-01-04T07:19,2023-01-04T16:28,32927.49,0.0,7.99,1.84,29,1032.5,13.2,0.093,12.0,10906X0039/C2-1
2195,2023-01-05,42.685696389,2.685378283,2023-01-05T07:19,2023-01-05T16:29,32989.04,0.0,8.05,1.91,8,1028.3,14.9,0.092,12.1,10906X0039/C2-1
2196,2023-01-06,42.685696389,2.685378283,2023-01-06T07:19,2023-01-06T16:30,33054.56,0.0,8.04,1.15,17,1024.8,5.4,0.091,11.9,10906X0039/C2-1
2197,2023-01-07,42.685696389,2.685378283,2023-01-07T07:19,2023-01-07T16:31,33123.93,0.0,6.02,0.79,80,1018.6,5.1,0.093,11.7,10906X0039/C2-1
2198,2023-01-08,42.685696389,2.685378283,2023-01-08T07:19,2023-01-08T16:32,33197.02,0.1,5.39,0.8,82,1011.0,5.6,0.094,11.5,10906X0039/C2-1
2199,2023-01-09,42.685696389,2.685378283,2023-01-09T07:19,2023-01-09T16:33,33273.71,1.0,7.34,2.59,62,1017.3,27.4,0.095,11.7,10906X0039/C2-1
2200,2023-01-10,42.685696389,2.685378283,2023-01-10T07:18,2023-01-10T16:34,33353.86,0.0,8.06,1.32,61,1026.6,6.6,0.094,11.8,10906X0039/C2-1
2201,2023-01-11,42.685696389,2.685378283,2023-01-11T07:18,2023-01-11T16:35,33437.36,0.1,5.35,1.56,75,1024.9,15.1,0.093,11.4,10906X0039/C2-1
2202,2023-01-12,42.685696389,2.685378283,2023-01-12T07:18,2023-01-12T16:36,33524.06,0.0,8.48,1.45,77,1026.9,7.3,0.091,11.6,10906X0039/C2-1
2203,2023-01-13,42.685696389,2.685378283,2023-01-13T07:17,2023-01-13T16:38,33613.85,0.0,5.94,1.74,76,1025.1,13.2,0.089,11.5,10906X0039/C2-1
2204,2023-01-14,42.685696389,2.685378283,2023-01-14T07:17,2023-01-14T16:39,33706.6,0.0,8.2,1.13,91,1022.8,5.4,0.089,11.3,10906X0039/C2-1
2205,2023-01-15,42.685696389,2.685378283,2023-01-15T07:16,2023-01-15T16:40,33802.18,0.6,5.02,1.33,84,1017.5,14.4,0.089,11.1,10906X0039/C2-1
2206,2023-01-16,42.685696389,2.685378283,2023-01-16T07:16,2023-01-16T16:41,33900.47,5.4,3.93,0.76,98,1003.9,8.1,0.092,10.7,10906X0039/C2-1
2207,2023-01-17,42.685696389,2.685378283,2023-01-17T07:15,2023-01-17T16:42,34001.35,2.5,7.49,1.63,57,991.7,13.7,0.098,10.6,10906X0039/C2-1
2208,2023-01-18,42.685696389,2.685378283,2023-01-18T07:15,2023-01-18T16:43,34104.91,0.6,8.45,1.94,53,1001.1,22.4,0.098,10.2,10906X0039/C2-1
2209,2023-01-19,42.685696389,2.685378283,2023-01-19T07:14,2023-01-19T16:45,34212.29,7.8,8.87,1.95,82,1009.7,18.8,0.097,10.1,10906X0039/C2-1
2210,2023-01-20,42.685696389,2.685378283,2023-01-20T07:14,2023-01-20T16:46,34323.48,4.6,8.15,1.63,59,1017.1,31.1,0.107,9.8,10906X0039/C2-1
2211,2023-01-21,42.685696389,2.685378283,2023-01-21T07:13,2023-01-21T16:47,34438.29,0.4,7.52,1.96,67,1020.3,32.8,0.106,9.5,10906X0039/C2-1
2212,2023-01-22,42.685696389,2.685378283,2023-01-22T07:12,2023-01-22T16:48,34556.52,0.0,7.02,1.82,90,1024.4,33.1,0.106,9.2,10906X0039/C2-1
2213,2023-01-23,42.685696389,2.685378283,2023-01-23T07:12,2023-01-23T16:50,34677.95,0.0,8.04,1.73,93,1024.5,30.4,0.106,8.8,10906X0039/C2-1
2214,2023-01-24,42.685696389,2.685378283,2023-01-24T07:11,2023-01-24T16:51,34802.4,5.2,2.39,1.29,91,1027.9,20.3,0.107,8.5,10906X0039/C2-1
2215,2023-01-25,42.685696389,2.685378283,2023-01-25T07:10,2023-01-25T16:52,34929.68,0.0,9.82,1.79,42,1026.4,26.7,0.105,8.6,10906X0039/C2-1
2216,2023-01-26,42.685696389,2.685378283,2023-01-26T07:09,2023-01-26T16:53,35059.57,0.0,9.1,1.7,94,1018.0,28.9,0.105,8.6,10906X0039/C2-1
2217,2023-01-27,42.685696389,2.685378283,2023-01-27T07:08,2023-01-27T16:55,35191.91,0.0,7.97,1.82,97,1016.4,31.2,0.103,8.5,10906X0039/C2-1
2218,2023-01-28,42.685696389,2.685378283,2023-01-28T07:07,2023-01-28T16:56,35326.5,0.0,6.15,1.43,97,1021.6,25.2,0.101,8.5,10906X0039/C2-1
2219,2023-01-29,42.685696389,2.685378283,2023-01-29T07:06,2023-01-29T16:57,35463.17,0.0,10.79,1.71,36,1027.0,16.0,0.101,8.4,10906X0039/C2-1
2220,2023-01-30,42.685696389,2.685378283,2023-01-30T07:05,2023-01-30T16:59,35601.74,0.0,10.21,1.96,48,1027.3,23.2,0.101,8.4,10906X0039/C2-1
2221,2023-01-31,42.685696389,2.685378283,2023-01-31T07:04,2023-01-31T17:00,35742.02,0.0,9.7,2.76,39,1028.4,27.1,0.101,8.7,10906X0039/C2-1
2222,2023-02-01,42.685696389,2.685378283,2023-02-01T07:03,2023-02-01T17:01,35883.86,0.0,10.71,2.45,37,1028.8,23.5,0.096,9.2,10906X0039/C2-1
2223,2023-02-02,42.685696389,2.685378283,2023-02-02T07:02,2023-02-02T17:03,36027.08,0.0,11.4,2.82,5,1030.1,26.0,0.092,9.3,10906X0039/C2-1
2224,2023-02-03,42.685696389,2.685378283,2023-02-03T07:01,2023-02-03T17:04,36171.52,0.0,11.73,3.96,0,1030.5,24.5,0.092,9.7,10906X0039/C2-1
2225,2023-02-04,42.685696389,2.685378283,2023-02-04T07:00,2023-02-04T17:05,36317.01,0.0,11.56,3.94,6,1029.3,31.1,0.099,10.1,10906X0039/C2-1
2226,2023-02-05,42.685696389,2.685378283,2023-02-05T06:59,2023-02-05T17:07,36463.4,0.0,11.39,2.97,31,1032.6,30.3,0.099,10.3,10906X0039/C2-1
2227,2023-02-06,42.685696389,2.685378283,2023-02-06T06:58,2023-02-06T17:08,36610.54,1.6,4.19,1.2,76,1030.9,13.4,0.097,10.0,10906X0039/C2-1
2228,2023-02-07,42.685696389,2.685378283,2023-02-07T06:57,2023-02-07T17:09,36758.54,30.2,0.85,0.31,98,1029.4,9.8,0.112,9.5,10906X0039/C2-1
2229,2023-02-08,42.685696389,2.685378283,2023-02-08T06:55,2023-02-08T17:11,36908.82,3.7,6.14,0.74,78,1031.7,5.9,0.13,9.2,10906X0039/C2-1
2230,2023-02-09,42.685696389,2.685378283,2023-02-09T06:54,2023-02-09T17:12,37061.45,0.0,9.7,1.31,38,1034.3,5.8,0.128,8.8,10906X0039/C2-1
2231,2023-02-10,42.685696389,2.685378283,2023-02-10T06:53,2023-02-10T17:13,37216.26,0.0,12.78,2.0,2,1037.4,9.9,0.127,8.8,10906X0039/C2-1
2232,2023-02-11,42.685696389,2.685378283,2023-02-11T06:52,2023-02-11T17:14,37373.07,0.0,11.95,1.35,33,1036.0,6.1,0.129,8.3,10906X0039/C2-1
2233,2023-02-12,42.685696389,2.685378283,2023-02-12T06:50,2023-02-12T17:16,37531.69,0.0,12.53,1.46,28,1034.4,7.0,0.129,8.3,10906X0039/C2-1
2234,2023-02-13,42.685696389,2.685378283,2023-02-13T06:49,2023-02-13T17:17,37691.97,0.0,13.03,1.53,24,1035.5,6.9,0.127,8.4,10906X0039/C2-1
2235,2023-02-14,42.685696389,2.685378283,2023-02-14T06:48,2023-02-14T17:18,37853.74,0.0,10.33,1.22,69,1032.8,5.8,0.127,8.8,10906X0039/C2-1
2236,2023-02-15,42.685696389,2.685378283,2023-02-15T06:46,2023-02-15T17:20,38016.82,0.0,12.32,1.68,95,1029.3,5.5,0.123,8.9,10906X0039/C2-1
2237,2023-02-16,42.685696389,2.685378283,2023-02-16T06:45,2023-02-16T17:21,38181.06,0.0,12.93,1.82,64,1030.9,5.6,0.12,9.1,10906X0039/C2-1
2238,2023-02-17,42.685696389,2.685378283,2023-02-17T06:43,2023-02-17T17:22,38346.31,0.0,13.53,3.07,3,1031.3,12.6,0.118,9.4,10906X0039/C2-1
2239,2023-02-18,42.685696389,2.685378283,2023-02-18T06:42,2023-02-18T17:24,38512.4,0.0,13.7,2.46,0,1029.4,7.1,0.114,10.0,10906X0039/C2-1
2240,2023-02-19,42.685696389,2.685378283,2023-02-19T06:40,2023-02-19T17:25,38679.2,0.0,13.93,3.22,27,1026.8,15.7,0.109,10.4,10906X0039/C2-1
2241,2023-02-20,42.685696389,2.685378283,2023-02-20T06:39,2023-02-20T17:26,38846.54,0.0,14.27,2.24,12,1026.2,6.6,0.11,10.7,10906X0039/C2-1
2242,2023-02-21,42.685696389,2.685378283,2023-02-21T06:37,2023-02-21T17:28,39014.28,2.2,7.12,0.99,98,1021.0,4.5,0.11,10.4,10906X0039/C2-1
2243,2023-02-22,42.685696389,2.685378283,2023-02-22T06:36,2023-02-22T17:29,39182.28,0.8,9.13,1.4,64,1017.6,5.0,0.116,10.5,10906X0039/C2-1
2244,2023-02-23,42.685696389,2.685378283,2023-02-23T06:34,2023-02-23T17:30,39350.41,0.0,7.86,1.36,74,1010.7,10.9,0.125,10.5,10906X0039/C2-1
2245,2023-02-24,42.685696389,2.685378283,2023-02-24T06:33,2023-02-24T17:31,39518.51,0.1,10.62,1.81,85,1008.2,12.9,0.125,10.8,10906X0039/C2-1
2246,2023-02-25,42.685696389,2.685378283,2023-02-25T06:31,2023-02-25T17:33,39686.45,0.8,5.15,1.92,96,1004.5,15.9,0.123,10.5,10906X0039/C2-1
2247,2023-02-26,42.685696389,2.685378283,2023-02-26T06:30,2023-02-26T17:34,39854.1,1.0,13.23,2.63,73,1005.1,28.8,0.124,10.3,10906X0039/C2-1
2248,2023-02-27,42.685696389,2.685378283,2023-02-27T06:28,2023-02-27T17:35,40021.56,0.1,8.96,2.19,76,1013.9,24.9,0.123,9.7,10906X0039/C2-1
2249,2023-02-28,42.685696389,2.685378283,2023-02-28T06:27,2023-02-28T17:36,40190.22,0.1,10.17,2.64,87,1018.5,31.2,0.123,9.5,10906X0039/C2-1
2250,2023-03-01,42.685696389,2.685378283,2023-03-01T06:25,2023-03-01T17:38,40360.18,0.0,15.35,2.69,55,1017.3,21.0,0.123,9.3,10906X0039/C2-1
2251,2023-03-02,42.685696389,2.685378283,2023-03-02T06:23,2023-03-02T17:39,40531.3,0.0,12.69,2.38,82,1017.9,21.3,0.122,9.3,10906X0039/C2-1
2252,2023-03-03,42.685696389,2.685378283,2023-03-03T06:22,2023-03-03T17:40,40703.46,0.0,16.61,2.9,36,1019.7,23.7,0.12,9.4,10906X0039/C2-1
2253,2023-03-04,42.685696389,2.685378283,2023-03-04T06:20,2023-03-04T17:41,40876.53,0.0,16.79,3.11,2,1020.8,20.3,0.117,9.6,10906X0039/C2-1
2254,2023-03-05,42.685696389,2.685378283,2023-03-05T06:18,2023-03-05T17:42,41050.38,0.0,17.06,2.78,3,1015.0,8.5,0.114,9.9,10906X0039/C2-1
2255,2023-03-06,42.685696389,2.685378283,2023-03-06T06:17,2023-03-06T17:44,41224.88,0.0,16.44,2.58,15,1010.1,11.2,0.111,9.9,10906X0039/C2-1
2256,2023-03-07,42.685696389,2.685378283,2023-03-07T06:15,2023-03-07T17:45,41399.93,0.2,14.12,2.14,60,1007.3,8.3,0.109,9.9,10906X0039/C2-1
2257,2023-03-08,42.685696389,2.685378283,2023-03-08T06:13,2023-03-08T17:46,41575.38,0.0,15.16,2.36,96,1007.1,4.9,0.11,10.3,10906X0039/C2-1
2258,2023-03-09,42.685696389,2.685378283,2023-03-09T06:11,2023-03-09T17:47,41751.13,0.5,10.65,1.93,76,1008.6,7.7,0.109,11.0,10906X0039/C2-1
2259,2023-03-10,42.685696389,2.685378283,2023-03-10T06:10,2023-03-10T17:49,41927.04,0.0,12.39,2.76,91,1011.2,14.3,0.107,11.2,10906X0039/C2-1
2260,2023-03-11,42.685696389,2.685378283,2023-03-11T06:08,2023-03-11T17:50,42103.01,0.8,11.04,3.4,90,1011.7,20.9,0.106,11.9,10906X0039/C2-1
2261,2023-03-12,42.685696389,2.685378283,2023-03-12T06:06,2023-03-12T17:51,42278.92,0.0,14.32,3.14,83,1017.6,15.5,0.106,12.6,10906X0039/C2-1
2262,2023-03-13,42.685696389,2.685378283,2023-03-13T06:05,2023-03-13T17:52,42454.65,2.5,14.5,2.36,82,1011.3,9.3,0.106,12.7,10906X0039/C2-1
2263,2023-03-14,42.685696389,2.685378283,2023-03-14T06:03,2023-03-14T17:53,42630.08,0.2,15.58,3.84,54,1014.2,25.8,0.108,12.7,10906X0039/C2-1
2264,2023-03-15,42.685696389,2.685378283,2023-03-15T06:01,2023-03-15T17:54,42805.1,0.1,15.51,3.27,64,1018.2,14.6,0.107,12.8,10906X0039/C2-1
2265,2023-03-16,42.685696389,2.685378283,2023-03-16T05:59,2023-03-16T17:56,42979.58,0.0,11.98,1.87,70,1016.3,10.7,0.105,12.5,10906X0039/C2-1
2266,2023-03-17,42.685696389,2.685378283,2023-03-17T05:58,2023-03-17T17:57,43153.42,0.0,10.82,2.68,85,1013.4,15.5,0.104,12.8,10906X0039/C2-1
2267,2023-03-18,42.685696389,2.685378283,2023-03-18T05:56,2023-03-18T17:58,43326.49,11.6,8.42,1.27,98,1015.1,6.6,0.107,12.8,10906X0039/C2-1
2268,2023-03-19,42.685696389,2.685378283,2023-03-19T05:54,2023-03-19T17:59,43498.9,0.0,17.13,2.99,26,1020.2,11.7,0.117,12.7,10906X0039/C2-1
2269,2023-03-20,42.685696389,2.685378283,2023-03-20T05:52,2023-03-20T18:00,43671.9,0.0,18.99,3.21,71,1021.0,7.8,0.116,13.0,10906X0039/C2-1
2270,2023-03-21,42.685696389,2.685378283,2023-03-21T05:51,2023-03-21T18:01,43845.62,0.4,16.89,2.84,99,1018.3,5.3,0.116,13.0,10906X0039/C2-1
2271,2023-03-22,42.685696389,2.685378283,2023-03-22T05:49,2023-03-22T18:03,44019.94,0.0,19.09,2.94,67,1015.6,5.1,0.113,13.2,10906X0039/C2-1
2272,2023-03-23,42.685696389,2.685378283,2023-03-23T05:47,2023-03-23T18:04,44194.74,0.0,15.13,2.22,95,1014.6,6.6,0.109,13.4,10906X0039/C2-1
2273,2023-03-24,42.685696389,2.685378283,2023-03-24T05:45,2023-03-24T18:05,44369.94,0.2,12.56,2.58,78,1015.7,9.5,0.111,13.7,10906X0039/C2-1
2274,2023-03-25,42.685696389,2.685378283,2023-03-25T05:44,2023-03-25T18:06,44545.42,0.0,16.03,3.57,49,1019.6,11.4,0.111,13.9,10906X0039/C2-1
2275,2023-03-26,42.685696389,2.685378283,2023-03-26T05:42,2023-03-26T18:07,44721.06,0.7,15.98,4.03,58,1014.2,25.4,0.11,13.7,10906X0039/C2-1
2276,2023-03-27,42.685696389,2.685378283,2023-03-27T05:40,2023-03-27T18:08,44896.78,0.4,17.51,3.62,65,1021.2,28.9,0.11,13.8,10906X0039/C2-1
2277,2023-03-28,42.685696389,2.685378283,2023-03-28T05:38,2023-03-28T18:10,45072.45,0.0,20.99,2.99,56,1025.3,6.4,0.109,13.4,10906X0039/C2-1
2278,2023-03-29,42.685696389,2.685378283,2023-03-29T05:37,2023-03-29T18:11,45247.98,0.5,17.87,2.48,87,1022.6,4.9,0.106,13.3,10906X0039/C2-1
2279,2023-03-30,42.685696389,2.685378283,2023-03-30T05:35,2023-03-30T18:12,45423.24,0.0,18.66,3.01,83,1019.8,6.9,0.106,13.7,10906X0039/C2-1
2280,2023-03-31,42.685696389,2.685378283,2023-03-31T05:33,2023-03-31T18:13,45598.14,0.4,14.09,3.35,87,1016.1,19.3,0.106,13.9,10906X0039/C2-1
2281,2023-04-01,42.685696389,2.685378283,2023-04-01T05:31,2023-04-01T18:14,45772.55,0.5,13.3,3.96,84,1016.1,23.4,0.106,14.0,10906X0039/C2-1
2282,2023-04-02,42.685696389,2.685378283,2023-04-02T05:30,2023-04-02T18:15,45946.37,0.5,18.47,3.71,79,1018.1,31.5,0.107,13.8,10906X0039/C2-1
2283,2023-04-03,42.685696389,2.685378283,2023-04-03T05:28,2023-04-03T18:16,46119.48,0.0,17.73,3.58,60,1018.0,27.4,0.107,13.7,10906X0039/C2-1
2284,2023-04-04,42.685696389,2.685378283,2023-04-04T05:26,2023-04-04T18:18,46291.76,0.0,22.92,4.81,17,1015.8,24.8,0.106,13.8,10906X0039/C2-1
2285,2023-04-05,42.685696389,2.685378283,2023-04-05T05:24,2023-04-05T18:19,46463.11,0.0,23.66,5.35,9,1018.8,20.9,0.103,13.9,10906X0039/C2-1
2286,2023-04-06,42.685696389,2.685378283,2023-04-06T05:23,2023-04-06T18:20,46633.39,0.0,18.6,4.08,61,1019.6,10.4,0.1,13.9,10906X0039/C2-1
2287,2023-04-07,42.685696389,2.685378283,2023-04-07T05:21,2023-04-07T18:21,46802.48,0.0,23.18,4.74,54,1016.4,9.7,0.097,14.2,10906X0039/C2-1
2288,2023-04-08,42.685696389,2.685378283,2023-04-08T05:19,2023-04-08T18:22,46970.49,0.0,23.69,4.07,20,1018.6,7.0,0.094,14.3,10906X0039/C2-1
2289,2023-04-09,42.685696389,2.685378283,2023-04-09T05:18,2023-04-09T18:23,47138.59,0.0,22.27,3.98,74,1020.0,7.2,0.09,14.2,10906X0039/C2-1
2290,2023-04-10,42.685696389,2.685378283,2023-04-10T05:16,2023-04-10T18:24,47306.91,0.0,18.16,4.16,99,1021.4,8.7,0.094,14.6,10906X0039/C2-1
2291,2023-04-11,42.685696389,2.685378283,2023-04-11T05:14,2023-04-11T18:26,47475.33,0.0,18.98,4.06,90,1019.6,9.1,0.096,15.1,10906X0039/C2-1
2292,2023-04-12,42.685696389,2.685378283,2023-04-12T05:13,2023-04-12T18:27,47643.74,1.2,12.56,3.27,89,1011.4,17.6,0.1,15.0,10906X0039/C2-1
2293,2023-04-13,42.685696389,2.685378283,2023-04-13T05:11,2023-04-13T18:28,47812.04,0.9,21.56,4.15,50,1013.4,24.7,0.105,14.6,10906X0039/C2-1
2294,2023-04-14,42.685696389,2.685378283,2023-04-14T05:09,2023-04-14T18:29,47980.1,0.9,11.1,2.93,89,1012.4,13.7,0.099,14.5,10906X0039/C2-1
2295,2023-04-15,42.685696389,2.685378283,2023-04-15T05:08,2023-04-15T18:30,48147.83,0.0,18.41,4.83,54,1015.1,31.6,0.1,14.6,10906X0039/C2-1
2296,2023-04-16,42.685696389,2.685378283,2023-04-16T05:06,2023-04-16T18:31,48315.09,0.0,21.92,5.29,65,1019.9,32.4,0.1,14.6,10906X0039/C2-1
2297,2023-04-17,42.685696389,2.685378283,2023-04-17T05:05,2023-04-17T18:33,48481.78,0.0,23.79,5.51,38,1016.8,22.1,0.1,14.8,10906X0039/C2-1
2298,2023-04-18,42.685696389,2.685378283,2023-04-18T05:03,2023-04-18T18:34,48647.76,0.3,19.88,3.86,22,1015.1,8.1,0.102,15.0,10906X0039/C2-1
2299,2023-04-19,42.685696389,2.685378283,2023-04-19T05:01,2023-04-19T18:35,48812.92,0.0,23.16,3.84,18,1014.8,7.6,0.102,15.0,10906X0039/C2-1
2300,2023-04-20,42.685696389,2.685378283,2023-04-20T05:00,2023-04-20T18:36,48977.14,0.0,22.99,4.35,38,1008.8,7.8,0.095,15.2,10906X0039/C2-1
2301,2023-04-21,42.685696389,2.685378283,2023-04-21T04:58,2023-04-21T18:37,49140.27,0.0,21.87,3.44,73,1008.4,7.7,0.097,15.5,10906X0039/C2-1
2302,2023-04-22,42.685696389,2.685378283,2023-04-22T04:57,2023-04-22T18:38,49302.2,2.0,10.21,2.18,84,1010.8,8.1,0.096,15.5,10906X0039/C2-1
2303,2023-04-23,42.685696389,2.685378283,2023-04-23T04:55,2023-04-23T18:39,49462.78,1.8,19.09,3.46,58,1013.2,7.4,0.099,15.6,10906X0039/C2-1
2304,2023-04-24,42.685696389,2.685378283,2023-04-24T04:54,2023-04-24T18:41,49621.89,0.0,20.65,4.29,77,1015.4,11.3,0.102,15.7,10906X0039/C2-1
2305,2023-04-25,42.685696389,2.685378283,2023-04-25T04:52,2023-04-25T18:42,49779.37,1.0,14.92,3.0,98,1014.7,11.2,0.101,15.8,10906X0039/C2-1
2306,2023-04-26,42.685696389,2.685378283,2023-04-26T04:51,2023-04-26T18:43,49935.09,2.0,17.33,3.4,96,1016.0,6.4,0.101,16.1,10906X0039/C2-1
2307,2023-04-27,42.685696389,2.685378283,2023-04-27T04:49,2023-04-27T18:44,50088.89,0.0,20.66,3.92,89,1016.3,6.9,0.102,16.5,10906X0039/C2-1
2308,2023-04-28,42.685696389,2.685378283,2023-04-28T04:48,2023-04-28T18:45,50240.85,0.0,17.56,2.84,100,1016.8,6.0,0.103,16.5,10906X0039/C2-1
2309,2023-04-29,42.685696389,2.685378283,2023-04-29T04:46,2023-04-29T18:46,50392.1,12.9,19.3,4.33,99,1014.4,12.6,0.111,16.9,10906X0039/C2-1
2310,2023-04-30,42.685696389,2.685378283,2023-04-30T04:45,2023-04-30T18:47,50542.74,4.7,20.92,4.72,63,1016.1,25.5,0.129,16.9,10906X0039/C2-1
2311,2023-05-01,42.685696389,2.685378283,2023-05-01T04:44,2023-05-01T18:48,50692.65,0.0,24.1,4.99,41,1017.7,24.3,0.133,16.9,10906X0039/C2-1
2312,2023-05-02,42.685696389,2.685378283,2023-05-02T04:42,2023-05-02T18:50,50841.71,0.0,27.1,6.11,7,1018.7,22.1,0.127,17.0,10906X0039/C2-1
2313,2023-05-03,42.685696389,2.685378283,2023-05-03T04:41,2023-05-03T18:51,50989.78,0.0,27.11,4.97,29,1017.6,8.7,0.123,17.1,10906X0039/C2-1
2314,2023-05-04,42.685696389,2.685378283,2023-05-04T04:40,2023-05-04T18:52,51136.75,0.0,23.58,4.46,57,1018.4,6.6,0.123,17.4,10906X0039/C2-1
2315,2023-05-05,42.685696389,2.685378283,2023-05-05T04:38,2023-05-05T18:53,51282.49,0.0,22.03,3.77,76,1018.4,4.9,0.123,17.5,10906X0039/C2-1
2316,2023-05-06,42.685696389,2.685378283,2023-05-06T04:37,2023-05-06T18:54,51426.85,1.3,21.7,3.6,84,1015.8,5.5,0.123,17.5,10906X0039/C2-1
2317,2023-05-07,42.685696389,2.685378283,2023-05-07T04:36,2023-05-07T18:55,51569.7,0.4,17.26,4.04,78,1018.9,17.5,0.123,17.7,10906X0039/C2-1
2318,2023-05-08,42.685696389,2.685378283,2023-05-08T04:35,2023-05-08T18:56,51710.9,0.0,25.48,5.78,76,1021.1,22.7,0.123,17.8,10906X0039/C2-1
2319,2023-05-09,42.685696389,2.685378283,2023-05-09T04:33,2023-05-09T18:57,51850.31,6.3,12.36,3.12,86,1018.5,12.6,0.123,17.8,10906X0039/C2-1
2320,2023-05-10,42.685696389,2.685378283,2023-05-10T04:32,2023-05-10T18:59,51987.8,0.0,26.56,5.6,26,1019.1,26.7,0.119,17.5,10906X0039/C2-1
2321,2023-05-11,42.685696389,2.685378283,2023-05-11T04:31,2023-05-11T19:00,52123.19,0.0,25.51,5.02,36,1017.2,23.2,0.113,17.4,10906X0039/C2-1
2322,2023-05-12,42.685696389,2.685378283,2023-05-12T04:30,2023-05-12T19:01,52256.35,0.2,25.59,4.94,39,1015.3,21.3,0.114,17.2,10906X0039/C2-1
2323,2023-05-13,42.685696389,2.685378283,2023-05-13T04:29,2023-05-13T19:02,52387.13,7.8,12.96,3.15,93,1017.2,21.6,0.115,16.8,10906X0039/C2-1
2324,2023-05-14,42.685696389,2.685378283,2023-05-14T04:28,2023-05-14T19:03,52515.35,0.1,24.2,5.08,51,1016.0,26.0,0.119,16.8,10906X0039/C2-1
2325,2023-05-15,42.685696389,2.685378283,2023-05-15T04:27,2023-05-15T19:04,52640.86,0.0,23.61,5.23,62,1014.8,29.8,0.113,17.0,10906X0039/C2-1
2326,2023-05-16,42.685696389,2.685378283,2023-05-16T04:26,2023-05-16T19:05,52763.51,0.0,21.57,4.95,80,1014.3,34.4,0.109,17.0,10906X0039/C2-1
2327,2023-05-17,42.685696389,2.685378283,2023-05-17T04:25,2023-05-17T19:06,52883.11,0.0,27.27,6.05,19,1017.3,31.2,0.106,16.9,10906X0039/C2-1
2328,2023-05-18,42.685696389,2.685378283,2023-05-18T04:24,2023-05-18T19:07,52999.7,0.0,20.66,4.69,53,1018.8,21.3,0.11,16.8,10906X0039/C2-1
2329,2023-05-19,42.685696389,2.685378283,2023-05-19T04:23,2023-05-19T19:08,53114.21,0.4,18.13,4.47,86,1017.3,22.8,0.104,16.8,10906X0039/C2-1
2330,2023-05-20,42.685696389,2.685378283,2023-05-20T04:22,2023-05-20T19:09,53226.73,0.4,20.06,4.76,93,1013.6,19.5,0.103,16.7,10906X0039/C2-1
2331,2023-05-21,42.685696389,2.685378283,2023-05-21T04:21,2023-05-21T19:10,53337.14,2.0,11.56,2.95,100,1013.4,14.0,0.103,16.8,10906X0039/C2-1
2332,2023-05-22,42.685696389,2.685378283,2023-05-22T04:20,2023-05-22T19:11,53445.31,4.9,20.07,3.91,64,1014.2,10.4,0.105,17.0,10906X0039/C2-1
2333,2023-05-23,42.685696389,2.685378283,2023-05-23T04:19,2023-05-23T19:12,53551.15,2.1,25.35,5.14,36,1014.8,11.6,0.107,17.4,10906X0039/C2-1
2334,2023-05-24,42.685696389,2.685378283,2023-05-24T04:19,2023-05-24T19:13,53654.53,4.6,25.81,4.98,60,1014.9,15.2,0.114,17.6,10906X0039/C2-1
2335,2023-05-25,42.685696389,2.685378283,2023-05-25T04:18,2023-05-25T19:14,53755.33,13.2,17.49,3.18,88,1017.1,10.0,0.119,17.6,10906X0039/C2-1
2336,2023-05-26,42.685696389,2.685378283,2023-05-26T04:17,2023-05-26T19:15,53853.42,0.0,27.2,4.9,9,1020.0,7.3,0.112,17.6,10906X0039/C2-1
2337,2023-05-27,42.685696389,2.685378283,2023-05-27T04:16,2023-05-27T19:16,53948.7,0.0,25.8,5.02,24,1016.8,6.4,0.109,18.0,10906X0039/C2-1
2338,2023-05-28,42.685696389,2.685378283,2023-05-28T04:16,2023-05-28T19:17,54041.03,0.0,25.92,5.16,20,1013.0,6.4,0.103,18.3,10906X0039/C2-1
2339,2023-05-29,42.685696389,2.685378283,2023-05-29T04:15,2023-05-29T19:17,54130.28,0.0,27.48,5.6,4,1013.6,7.7,0.103,18.5,10906X0039/C2-1
2340,2023-05-30,42.685696389,2.685378283,2023-05-30T04:15,2023-05-30T19:18,54216.34,0.0,27.26,5.36,32,1015.1,5.9,0.1,18.8,10906X0039/C2-1
2341,2023-05-31,42.685696389,2.685378283,2023-05-31T04:14,2023-05-31T19:19,54299.08,12.4,16.6,3.2,94,1015.4,7.3,0.1,18.9,10906X0039/C2-1
2342,2023-06-01,42.685696389,2.685378283,2023-06-01T04:14,2023-06-01T19:20,54378.38,9.8,22.0,3.95,77,1015.6,7.5,0.104,18.9,10906X0039/C2-1
2343,2023-06-02,42.685696389,2.685378283,2023-06-02T04:13,2023-06-02T19:21,54454.1,0.0,26.02,5.08,63,1013.7,7.0,0.103,19.0,10906X0039/C2-1
2344,2023-06-03,42.685696389,2.685378283,2023-06-03T04:13,2023-06-03T19:21,54526.11,0.7,25.46,4.73,41,1014.1,7.3,0.101,19.1,10906X0039/C2-1
2345,2023-06-04,42.685696389,2.685378283,2023-06-04T04:12,2023-06-04T19:22,54594.3,0.6,22.89,4.27,66,1015.2,7.4,0.102,19.2,10906X0039/C2-1
2346,2023-06-05,42.685696389,2.685378283,2023-06-05T04:12,2023-06-05T19:23,54658.52,2.2,25.02,4.62,49,1015.1,4.2,0.099,19.4,10906X0039/C2-1
2347,2023-06-06,42.685696389,2.685378283,2023-06-06T04:12,2023-06-06T19:24,54718.67,9.1,21.95,4.01,52,1015.0,5.4,0.1,19.4,10906X0039/C2-1
2348,2023-06-07,42.685696389,2.685378283,2023-06-07T04:11,2023-06-07T19:24,54774.7,0.0,20.92,4.4,79,1013.3,8.3,0.098,19.5,10906X0039/C2-1
2349,2023-06-08,42.685696389,2.685378283,2023-06-08T04:11,2023-06-08T19:25,54827.09,0.0,21.28,5.14,95,1010.3,11.1,0.098,20.0,10906X0039/C2-1
2350,2023-06-09,42.685696389,2.685378283,2023-06-09T04:11,2023-06-09T19:25,54875.89,7.6,20.1,4.04,70,1008.5,6.4,0.104,20.2,10906X0039/C2-1
2351,2023-06-10,42.685696389,2.685378283,2023-06-10T04:11,2023-06-10T19:26,54921.05,1.0,25.43,5.66,39,1012.4,8.9,0.099,20.3,10906X0039/C2-1
2352,2023-06-11,42.685696389,2.685378283,2023-06-11T04:10,2023-06-11T19:26,54962.56,0.2,22.05,5.37,74,1013.3,11.5,0.097,20.7,10906X0039/C2-1
2353,2023-06-12,42.685696389,2.685378283,2023-06-12T04:10,2023-06-12T19:27,55000.35,5.1,18.84,4.14,63,1012.1,8.9,0.096,20.7,10906X0039/C2-1
2354,2023-06-13,42.685696389,2.685378283,2023-06-13T04:10,2023-06-13T19:27,55034.4,10.1,21.34,4.18,76,1008.8,8.4,0.101,20.6,10906X0039/C2-1
2355,2023-06-14,42.685696389,2.685378283,2023-06-14T04:10,2023-06-14T19:28,55064.7,2.8,23.24,5.5,62,1012.1,22.1,0.101,20.5,10906X0039/C2-1
2356,2023-06-15,42.685696389,2.685378283,2023-06-15T04:10,2023-06-15T19:28,55091.18,0.0,28.96,6.7,38,1017.8,21.4,0.106,20.8,10906X0039/C2-1
2357,2023-06-16,42.685696389,2.685378283,2023-06-16T04:10,2023-06-16T19:29,55113.84,0.0,29.02,6.86,56,1016.8,11.8,0.099,21.3,10906X0039/C2-1
2358,2023-06-17,42.685696389,2.685378283,2023-06-17T04:10,2023-06-17T19:29,55132.63,0.0,26.36,5.84,84,1014.1,8.2,0.097,21.7,10906X0039/C2-1
2359,2023-06-18,42.685696389,2.685378283,2023-06-18T04:10,2023-06-18T19:30,55147.54,0.3,22.69,4.71,84,1011.8,5.3,0.094,21.9,10906X0039/C2-1
2360,2023-06-19,42.685696389,2.685378283,2023-06-19T04:11,2023-06-19T19:30,55158.53,2.8,18.61,3.97,83,1013.3,7.8,0.092,21.8,10906X0039/C2-1
2361,2023-06-20,42.685696389,2.685378283,2023-06-20T04:11,2023-06-20T19:30,55165.6,0.0,16.42,3.33,99,1012.2,7.3,0.095,21.6,10906X0039/C2-1
2362,2023-06-21,42.685696389,2.685378283,2023-06-21T04:11,2023-06-21T19:30,55168.72,1.0,17.4,3.63,95,1014.6,6.4,0.096,21.8,10906X0039/C2-1
2363,2023-06-22,42.685696389,2.685378283,2023-06-22T04:11,2023-06-22T19:31,55167.87,2.9,21.15,5.1,58,1018.1,16.6,0.091,21.9,10906X0039/C2-1
2364,2023-06-23,42.685696389,2.685378283,2023-06-23T04:11,2023-06-23T19:31,55163.03,0.0,29.42,7.4,23,1022.8,19.5,0.085,22.2,10906X0039/C2-1
2365,2023-06-24,42.685696389,2.685378283,2023-06-24T04:12,2023-06-24T19:31,55154.19,0.0,29.94,7.5,6,1018.9,12.0,0.084,22.7,10906X0039/C2-1
2366,2023-06-25,42.685696389,2.685378283,2023-06-25T04:12,2023-06-25T19:31,55141.34,0.0,29.6,7.47,3,1017.2,9.7,0.082,23.1,10906X0039/C2-1
2367,2023-06-26,42.685696389,2.685378283,2023-06-26T04:12,2023-06-26T19:31,55124.47,0.0,27.39,7.12,46,1019.0,22.2,0.078,23.4,10906X0039/C2-1
2368,2023-06-27,42.685696389,2.685378283,2023-06-27T04:13,2023-06-27T19:31,55103.53,0.0,28.35,7.72,32,1017.8,21.0,0.106,23.3,10906X0039/C2-1
2369,2023-06-28,42.685696389,2.685378283,2023-06-28T04:13,2023-06-28T19:31,55078.28,0.0,28.47,8.17,39,1015.3,19.2,0.133,23.4,10906X0039/C2-1
2370,2023-06-29,42.685696389,2.685378283,2023-06-29T04:14,2023-06-29T19:31,55048.78,3.0,22.0,6.01,59,1015.7,14.2,0.132,23.5,10906X0039/C2-1
2371,2023-06-30,42.685696389,2.685378283,2023-06-30T04:14,2023-06-30T19:31,55015.1,0.2,27.28,6.81,45,1017.1,27.4,0.141,23.0,10906X0039/C2-1
2372,2023-07-01,42.685696389,2.685378283,2023-07-01T04:15,2023-07-01T19:31,54977.33,0.0,21.24,6.24,50,1015.7,24.7,0.137,22.8,10906X0039/C2-1
2373,2023-07-02,42.685696389,2.685378283,2023-07-02T04:15,2023-07-02T19:31,54935.56,0.0,25.55,6.66,21,1016.2,22.5,0.13,23.0,10906X0039/C2-1
2374,2023-07-03,42.685696389,2.685378283,2023-07-03T04:16,2023-07-03T19:30,54889.88,0.0,25.85,6.47,29,1017.0,15.7,0.129,23.2,10906X0039/C2-1
2375,2023-07-04,42.685696389,2.685378283,2023-07-04T04:16,2023-07-04T19:30,54840.39,0.5,20.68,4.92,37,1016.5,8.9,0.128,23.3,10906X0039/C2-1
2376,2023-07-05,42.685696389,2.685378283,2023-07-05T04:17,2023-07-05T19:30,54787.16,0.0,21.05,5.42,56,1017.5,12.3,0.127,23.4,10906X0039/C2-1
2377,2023-07-06,42.685696389,2.685378283,2023-07-06T04:18,2023-07-06T19:30,54730.3,0.5,22.61,5.13,78,1015.2,8.0,0.122,23.5,10906X0039/C2-1
2378,2023-07-07,42.685696389,2.685378283,2023-07-07T04:18,2023-07-07T19:29,54669.91,0.0,23.94,5.75,44,1015.7,12.1,0.122,23.4,10906X0039/C2-1
2379,2023-07-08,42.685696389,2.685378283,2023-07-08T04:19,2023-07-08T19:29,54606.07,0.0,26.9,5.45,16,1017.5,7.2,0.117,23.5,10906X0039/C2-1
2380,2023-07-09,42.685696389,2.685378283,2023-07-09T04:20,2023-07-09T19:29,54538.89,0.0,25.95,5.68,23,1019.7,6.2,0.112,23.8,10906X0039/C2-1
2381,2023-07-10,42.685696389,2.685378283,2023-07-10T04:20,2023-07-10T19:28,54468.44,0.0,25.55,6.21,23,1019.7,9.0,0.107,24.4,10906X0039/C2-1
2382,2023-07-11,42.685696389,2.685378283,2023-07-11T04:21,2023-07-11T19:28,54394.84,0.0,22.86,4.64,55,1015.5,7.4,0.106,24.6,10906X0039/C2-1
2383,2023-07-12,42.685696389,2.685378283,2023-07-12T04:22,2023-07-12T19:27,54318.19,0.1,23.65,6.61,57,1015.7,19.8,0.111,24.6,10906X0039/C2-1
2384,2023-07-13,42.685696389,2.685378283,2023-07-13T04:23,2023-07-13T19:27,54238.56,0.0,26.23,6.79,58,1018.6,19.0,0.111,24.6,10906X0039/C2-1
2385,2023-07-14,42.685696389,2.685378283,2023-07-14T04:23,2023-07-14T19:26,54156.06,0.0,27.75,5.69,29,1014.7,7.6,0.111,24.5,10906X0039/C2-1
2386,2023-07-15,42.685696389,2.685378283,2023-07-15T04:24,2023-07-15T19:25,54070.78,1.2,25.12,6.7,48,1012.0,14.8,0.11,24.9,10906X0039/C2-1
2387,2023-07-16,42.685696389,2.685378283,2023-07-16T04:25,2023-07-16T19:25,53982.83,0.0,25.06,6.43,32,1016.6,13.4,0.106,25.0,10906X0039/C2-1
2388,2023-07-17,42.685696389,2.685378283,2023-07-17T04:26,2023-07-17T19:24,53892.13,0.0,26.39,6.54,25,1018.4,9.2,0.103,25.2,10906X0039/C2-1
2389,2023-07-18,42.685696389,2.685378283,2023-07-18T04:27,2023-07-18T19:23,53797.87,0.0,26.27,5.88,30,1016.2,7.0,0.102,25.5,10906X0039/C2-1
2390,2023-07-19,42.685696389,2.685378283,2023-07-19T04:28,2023-07-19T19:23,53700.07,0.0,22.57,7.02,49,1016.2,22.5,0.101,25.6,10906X0039/C2-1
2391,2023-07-20,42.685696389,2.685378283,2023-07-20T04:29,2023-07-20T19:22,53598.88,0.0,24.17,6.73,13,1013.0,13.1,0.101,25.6,10906X0039/C2-1
2392,2023-07-21,42.685696389,2.685378283,2023-07-21T04:29,2023-07-21T19:21,53494.46,0.0,22.6,6.62,52,1013.8,25.0,0.1,25.5,10906X0039/C2-1
2393,2023-07-22,42.685696389,2.685378283,2023-07-22T04:30,2023-07-22T19:20,53386.96,0.3,22.14,5.44,47,1016.9,9.1,0.101,25.3,10906X0039/C2-1
2394,2023-07-23,42.685696389,2.685378283,2023-07-23T04:31,2023-07-23T19:19,53276.53,0.0,23.93,5.64,20,1013.0,8.6,0.103,25.5,10906X0039/C2-1
2395,2023-07-24,42.685696389,2.685378283,2023-07-24T04:32,2023-07-24T19:18,53163.35,0.0,19.95,5.41,64,1010.5,18.0,0.103,25.6,10906X0039/C2-1
2396,2023-07-25,42.685696389,2.685378283,2023-07-25T04:33,2023-07-25T19:17,53047.53,0.0,24.51,7.01,52,1013.3,30.5,0.106,25.1,10906X0039/C2-1
2397,2023-07-26,42.685696389,2.685378283,2023-07-26T04:34,2023-07-26T19:16,52929.25,0.0,27.9,7.28,12,1017.0,19.7,0.107,24.9,10906X0039/C2-1
2398,2023-07-27,42.685696389,2.685378283,2023-07-27T04:35,2023-07-27T19:15,52808.64,9.7,26.09,5.74,28,1014.1,10.0,0.102,25.0,10906X0039/C2-1
2399,2023-07-28,42.685696389,2.685378283,2023-07-28T04:36,2023-07-28T19:14,52685.84,0.0,24.43,4.83,39,1014.1,7.6,0.116,24.8,10906X0039/C2-1
2400,2023-07-29,42.685696389,2.685378283,2023-07-29T04:37,2023-07-29T19:13,52561.0,0.4,23.01,5.18,22,1013.6,8.5,0.117,24.8,10906X0039/C2-1
2401,2023-07-30,42.685696389,2.685378283,2023-07-30T04:38,2023-07-30T19:12,52434.26,0.0,21.55,5.56,43,1018.1,18.3,0.111,24.9,10906X0039/C2-1
2402,2023-07-31,42.685696389,2.685378283,2023-07-31T04:39,2023-07-31T19:11,52305.74,0.0,26.79,6.9,10,1016.2,14.0,0.108,24.9,10906X0039/C2-1
2403,2023-08-01,42.685696389,2.685378283,2023-08-01T04:40,2023-08-01T19:10,52175.6,0.0,24.43,6.79,43,1012.5,18.0,0.105,24.9,10906X0039/C2-1
2404,2023-08-02,42.685696389,2.685378283,2023-08-02T04:41,2023-08-02T19:09,52043.94,0.0,24.21,5.89,36,1010.0,10.8,0.103,25.1,10906X0039/C2-1
2405,2023-08-03,42.685696389,2.685378283,2023-08-03T04:42,2023-08-03T19:08,51910.91,1.5,15.88,5.78,60,1012.7,25.7,0.102,24.8,10906X0039/C2-1
2406,2023-08-04,42.685696389,2.685378283,2023-08-04T04:44,2023-08-04T19:06,51776.62,0.1,24.45,6.66,35,1017.2,31.3,0.103,24.3,10906X0039/C2-1
2407,2023-08-05,42.685696389,2.685378283,2023-08-05T04:45,2023-08-05T19:05,51641.21,0.0,26.06,7.53,23,1017.2,29.7,0.101,24.0,10906X0039/C2-1
2408,2023-08-06,42.685696389,2.685378283,2023-08-06T04:46,2023-08-06T19:04,51504.58,0.0,25.33,6.92,37,1018.3,29.5,0.098,24.0,10906X0039/C2-1
2409,2023-08-07,42.685696389,2.685378283,2023-08-07T04:47,2023-08-07T19:03,51365.68,0.0,27.46,6.98,12,1020.1,16.4,0.097,23.9,10906X0039/C2-1
2410,2023-08-08,42.685696389,2.685378283,2023-08-08T04:48,2023-08-08T19:01,51224.43,0.0,26.72,6.45,3,1017.5,7.9,0.098,24.1,10906X0039/C2-1
2411,2023-08-09,42.685696389,2.685378283,2023-08-09T04:49,2023-08-09T19:00,51081.01,0.0,26.64,6.54,0,1016.8,7.4,0.097,24.6,10906X0039/C2-1
2412,2023-08-10,42.685696389,2.685378283,2023-08-10T04:50,2023-08-10T18:59,50935.57,0.0,24.97,7.53,32,1018.1,16.3,0.098,24.9,10906X0039/C2-1
2413,2023-08-11,42.685696389,2.685378283,2023-08-11T04:51,2023-08-11T18:57,50788.26,0.0,25.62,6.62,33,1020.5,12.1,0.098,25.2,10906X0039/C2-1
2414,2023-08-12,42.685696389,2.685378283,2023-08-12T04:52,2023-08-12T18:56,50639.2,0.0,24.34,5.18,15,1019.7,5.6,0.098,25.2,10906X0039/C2-1
2415,2023-08-13,42.685696389,2.685378283,2023-08-13T04:53,2023-08-13T18:55,50488.56,0.0,23.21,4.86,15,1016.9,8.4,0.101,25.2,10906X0039/C2-1
2416,2023-08-14,42.685696389,2.685378283,2023-08-14T04:54,2023-08-14T18:53,50336.48,0.0,21.86,5.9,53,1013.0,8.2,0.099,25.5,10906X0039/C2-1
2417,2023-08-15,42.685696389,2.685378283,2023-08-15T04:55,2023-08-15T18:52,50183.07,0.0,23.46,5.13,26,1015.7,9.3,0.099,25.6,10906X0039/C2-1
2418,2023-08-16,42.685696389,2.685378283,2023-08-16T04:56,2023-08-16T18:50,50028.49,0.0,18.24,3.71,60,1016.0,5.5,0.095,25.4,10906X0039/C2-1
2419,2023-08-17,42.685696389,2.685378283,2023-08-17T04:57,2023-08-17T18:49,49872.86,0.2,20.15,4.49,70,1015.0,8.9,0.094,25.4,10906X0039/C2-1
2420,2023-08-18,42.685696389,2.685378283,2023-08-18T04:58,2023-08-18T18:47,49716.3,0.0,22.69,4.76,58,1014.3,6.8,0.092,25.3,10906X0039/C2-1
2421,2023-08-19,42.685696389,2.685378283,2023-08-19T05:00,2023-08-19T18:46,49558.95,2.9,19.23,4.29,53,1016.7,6.1,0.091,25.4,10906X0039/C2-1
2422,2023-08-20,42.685696389,2.685378283,2023-08-20T05:01,2023-08-20T18:44,49400.92,0.0,23.52,6.38,17,1018.3,8.3,0.09,25.9,10906X0039/C2-1
2423,2023-08-21,42.685696389,2.685378283,2023-08-21T05:02,2023-08-21T18:42,49242.34,0.0,22.68,7.01,30,1018.9,11.2,0.088,26.7,10906X0039/C2-1
2424,2023-08-22,42.685696389,2.685378283,2023-08-22T05:03,2023-08-22T18:41,49083.31,0.1,22.1,5.8,43,1017.3,5.6,0.089,26.9,10906X0039/C2-1
2425,2023-08-23,42.685696389,2.685378283,2023-08-23T05:04,2023-08-23T18:39,48923.97,0.0,23.25,6.91,41,1015.2,8.6,0.09,27.4,10906X0039/C2-1
2426,2023-08-24,42.685696389,2.685378283,2023-08-24T05:05,2023-08-24T18:38,48764.41,0.0,20.83,4.85,18,1013.9,6.8,0.094,27.2,10906X0039/C2-1
2427,2023-08-25,42.685696389,2.685378283,2023-08-25T05:06,2023-08-25T18:36,48604.75,0.0,20.08,5.35,40,1013.9,11.2,0.093,27.2,10906X0039/C2-1
2428,2023-08-26,42.685696389,2.685378283,2023-08-26T05:07,2023-08-26T18:34,48444.9,3.7,10.98,2.94,91,1012.8,9.0,0.089,26.7,10906X0039/C2-1
2429,2023-08-27,42.685696389,2.685378283,2023-08-27T05:08,2023-08-27T18:33,48283.71,4.7,5.56,3.11,100,1012.3,29.2,0.097,25.4,10906X0039/C2-1
2430,2023-08-28,42.685696389,2.685378283,2023-08-28T05:09,2023-08-28T18:31,48121.13,0.8,17.25,5.12,57,1012.8,30.9,0.105,24.7,10906X0039/C2-1
2431,2023-08-29,42.685696389,2.685378283,2023-08-29T05:10,2023-08-29T18:30,47957.28,0.0,17.91,5.82,59,1012.6,28.0,0.103,24.4,10906X0039/C2-1
2432,2023-08-30,42.685696389,2.685378283,2023-08-30T05:11,2023-08-30T18:28,47792.26,0.0,21.65,5.59,25,1012.3,21.7,0.102,24.3,10906X0039/C2-1
2433,2023-08-31,42.685696389,2.685378283,2023-08-31T05:12,2023-08-31T18:26,47626.21,0.0,22.37,5.3,20,1016.7,11.1,0.097,24.4,10906X0039/C2-1
2434,2023-09-01,42.685696389,2.685378283,2023-09-01T05:13,2023-09-01T18:24,47459.23,0.0,20.01,4.08,76,1016.1,7.4,0.09,24.4,10906X0039/C2-1
2435,2023-09-02,42.685696389,2.685378283,2023-09-02T05:15,2023-09-02T18:23,47291.45,0.1,13.22,3.15,92,1017.4,13.3,0.089,24.3,10906X0039/C2-1
2436,2023-09-03,42.685696389,2.685378283,2023-09-03T05:16,2023-09-03T18:21,47122.97,0.1,20.06,4.4,59,1021.2,10.4,0.09,24.2,10906X0039/C2-1
2437,2023-09-04,42.685696389,2.685378283,2023-09-04T05:17,2023-09-04T18:19,46953.91,0.0,21.87,4.95,22,1018.6,10.8,0.089,24.1,10906X0039/C2-1
2438,2023-09-05,42.685696389,2.685378283,2023-09-05T05:18,2023-09-05T18:18,46784.38,0.0,21.58,4.73,0,1017.5,10.5,0.087,24.1,10906X0039/C2-1
2439,2023-09-06,42.685696389,2.685378283,2023-09-06T05:19,2023-09-06T18:16,46614.48,0.0,21.59,5.37,13,1018.5,12.0,0.086,24.2,10906X0039/C2-1
2440,2023-09-07,42.685696389,2.685378283,2023-09-07T05:20,2023-09-07T18:14,46444.31,0.0,22.02,4.98,0,1018.4,9.8,0.084,23.9,10906X0039/C2-1
2441,2023-09-08,42.685696389,2.685378283,2023-09-08T05:21,2023-09-08T18:12,46273.99,0.0,21.73,4.74,0,1018.1,8.3,0.081,23.8,10906X0039/C2-1
2442,2023-09-09,42.685696389,2.685378283,2023-09-09T05:22,2023-09-09T18:10,46103.61,0.0,21.53,4.81,1,1017.3,8.8,0.078,23.6,10906X0039/C2-1
2443,2023-09-10,42.685696389,2.685378283,2023-09-10T05:23,2023-09-10T18:09,45933.27,0.0,19.97,4.25,23,1017.4,7.9,0.077,23.7,10906X0039/C2-1
2444,2023-09-11,42.685696389,2.685378283,2023-09-11T05:24,2023-09-11T18:07,45763.08,0.0,17.26,3.6,94,1014.5,10.6,0.078,23.8,10906X0039/C2-1
2445,2023-09-12,42.685696389,2.685378283,2023-09-12T05:25,2023-09-12T18:05,45593.14,3.0,10.07,2.24,94,1015.2,5.5,0.078,23.9,10906X0039/C2-1
2446,2023-09-13,42.685696389,2.685378283,2023-09-13T05:26,2023-09-13T18:03,45423.53,0.2,17.36,4.64,39,1018.3,15.8,0.081,23.5,10906X0039/C2-1
2447,2023-09-14,42.685696389,2.685378283,2023-09-14T05:27,2023-09-14T18:02,45254.37,0.0,18.81,4.52,13,1017.9,9.6,0.082,23.7,10906X0039/C2-1
2448,2023-09-15,42.685696389,2.685378283,2023-09-15T05:28,2023-09-15T18:00,45085.54,15.4,13.94,3.45,80,1013.6,11.6,0.082,23.5,10906X0039/C2-1
2449,2023-09-16,42.685696389,2.685378283,2023-09-16T05:30,2023-09-16T17:58,44915.9,0.0,15.96,3.36,77,1011.0,7.2,0.104,23.3,10906X0039/C2-1
2450,2023-09-17,42.685696389,2.685378283,2023-09-17T05:31,2023-09-17T17:56,44745.37,0.0,12.6,2.78,91,1011.7,10.3,0.103,23.3,10906X0039/C2-1
2451,2023-09-18,42.685696389,2.685378283,2023-09-18T05:32,2023-09-18T17:55,44574.04,0.0,16.07,4.18,79,1013.1,10.5,0.097,23.4,10906X0039/C2-1
2452,2023-09-19,42.685696389,2.685378283,2023-09-19T05:33,2023-09-19T17:53,44402.03,0.0,17.63,4.08,48,1017.8,9.0,0.079,23.3,10906X0039/C2-1
2453,2023-09-20,42.685696389,2.685378283,2023-09-20T05:34,2023-09-20T17:51,44229.44,4.3,7.42,1.54,82,1011.8,4.8,0.076,23.0,10906X0039/C2-1
2454,2023-09-21,42.685696389,2.685378283,2023-09-21T05:35,2023-09-21T17:49,44056.38,0.4,12.37,2.96,96,1005.5,8.4,0.074,22.8,10906X0039/C2-1
2455,2023-09-22,42.685696389,2.685378283,2023-09-22T05:36,2023-09-22T17:47,43882.95,0.0,13.37,3.87,52,1010.6,13.1,0.071,22.6,10906X0039/C2-1
2456,2023-09-23,42.685696389,2.685378283,2023-09-23T05:37,2023-09-23T17:46,43709.25,0.0,18.68,4.77,6,1019.2,20.2,0.075,22.3,10906X0039/C2-1
2457,2023-09-24,42.685696389,2.685378283,2023-09-24T05:38,2023-09-24T17:44,43535.4,0.0,18.75,3.67,13,1021.7,6.4,0.07,22.0,10906X0039/C2-1
2458,2023-09-25,42.685696389,2.685378283,2023-09-25T05:39,2023-09-25T17:42,43361.49,0.0,18.58,3.56,0,1021.3,5.9,0.065,21.8,10906X0039/C2-1
2459,2023-09-26,42.685696389,2.685378283,2023-09-26T05:40,2023-09-26T17:40,43187.63,0.0,18.12,3.25,11,1020.7,5.7,0.065,21.7,10906X0039/C2-1
2460,2023-09-27,42.685696389,2.685378283,2023-09-27T05:41,2023-09-27T17:38,43013.93,0.0,17.86,3.35,49,1019.2,7.2,0.065,21.7,10906X0039/C2-1
2461,2023-09-28,42.685696389,2.685378283,2023-09-28T05:43,2023-09-28T17:37,42840.48,0.0,17.17,3.39,41,1019.3,5.7,0.065,21.8,10906X0039/C2-1
2462,2023-09-29,42.685696389,2.685378283,2023-09-29T05:44,2023-09-29T17:35,42667.39,0.0,17.45,4.87,0,1022.2,10.1,0.064,22.1,10906X0039/C2-1
2463,2023-09-30,42.685696389,2.685378283,2023-09-30T05:45,2023-09-30T17:33,42494.76,0.0,17.31,4.84,0,1023.0,11.1,0.063,22.7,10906X0039/C2-1
2464,2023-10-01,42.685696389,2.685378283,2023-10-01T05:46,2023-10-01T17:31,42322.71,0.0,17.25,3.58,9,1023.5,5.8,0.063,22.6,10906X0039/C2-1
2465,2023-10-02,42.685696389,2.685378283,2023-10-02T05:47,2023-10-02T17:30,42151.34,0.1,15.34,2.9,81,1023.2,7.4,0.063,22.2,10906X0039/C2-1
2466,2023-10-03,42.685696389,2.685378283,2023-10-03T05:48,2023-10-03T17:28,41980.75,0.0,14.31,3.79,71,1024.6,12.5,0.063,22.5,10906X0039/C2-1
2467,2023-10-04,42.685696389,2.685378283,2023-10-04T05:49,2023-10-04T17:26,41811.06,0.0,15.59,3.84,54,1025.4,9.7,0.062,22.7,10906X0039/C2-1
2468,2023-10-05,42.685696389,2.685378283,2023-10-05T05:50,2023-10-05T17:24,41642.14,0.0,16.25,3.1,22,1024.6,5.2,0.062,22.4,10906X0039/C2-1
2469,2023-10-06,42.685696389,2.685378283,2023-10-06T05:51,2023-10-06T17:23,41472.77,0.0,16.47,3.26,0,1024.5,5.5,0.062,22.1,10906X0039/C2-1
2470,2023-10-07,42.685696389,2.685378283,2023-10-07T05:53,2023-10-07T17:21,41302.85,0.0,16.45,3.15,0,1024.7,5.2,0.063,21.8,10906X0039/C2-1
2471,2023-10-08,42.685696389,2.685378283,2023-10-08T05:54,2023-10-08T17:19,41132.48,0.0,15.99,3.11,15,1024.7,5.2,0.063,21.6,10906X0039/C2-1
2472,2023-10-09,42.685696389,2.685378283,2023-10-09T05:55,2023-10-09T17:18,40961.79,0.0,15.82,3.21,0,1023.9,5.3,0.062,21.5,10906X0039/C2-1
2473,2023-10-10,42.685696389,2.685378283,2023-10-10T05:56,2023-10-10T17:16,40790.9,0.0,15.81,3.42,0,1021.7,6.1,0.062,21.5,10906X0039/C2-1
2474,2023-10-11,42.685696389,2.685378283,2023-10-11T05:57,2023-10-11T17:14,40619.93,0.0,14.34,2.54,3,1021.4,5.0,0.061,21.4,10906X0039/C2-1
2475,2023-10-12,42.685696389,2.685378283,2023-10-12T05:58,2023-10-12T17:13,40449.01,0.1,13.17,2.49,48,1021.0,4.9,0.061,21.6,10906X0039/C2-1
2476,2023-10-13,42.685696389,2.685378283,2023-10-13T06:00,2023-10-13T17:11,40278.24,0.0,12.69,2.38,56,1018.7,5.1,0.06,21.6,10906X0039/C2-1
2477,2023-10-14,42.685696389,2.685378283,2023-10-14T06:01,2023-10-14T17:09,40107.77,0.0,10.22,2.73,72,1019.0,9.0,0.06,21.7,10906X0039/C2-1
2478,2023-10-15,42.685696389,2.685378283,2023-10-15T06:02,2023-10-15T17:08,39937.71,0.0,12.27,3.3,85,1017.8,14.3,0.06,21.5,10906X0039/C2-1
2479,2023-10-16,42.685696389,2.685378283,2023-10-16T06:03,2023-10-16T17:06,39768.19,0.0,9.02,1.97,80,1013.6,6.3,0.06,21.0,10906X0039/C2-1
2480,2023-10-17,42.685696389,2.685378283,2023-10-17T06:04,2023-10-17T17:04,39599.35,0.3,10.73,2.13,94,1008.9,6.7,0.063,21.0,10906X0039/C2-1
2481,2023-10-18,42.685696389,2.685378283,2023-10-18T06:05,2023-10-18T17:03,39431.31,0.8,10.35,2.26,68,1002.2,6.2,0.06,21.3,10906X0039/C2-1
2482,2023-10-19,42.685696389,2.685378283,2023-10-19T06:07,2023-10-19T17:01,39264.22,3.1,6.35,2.34,88,992.0,13.6,0.06,21.2,10906X0039/C2-1
2483,2023-10-20,42.685696389,2.685378283,2023-10-20T06:08,2023-10-20T17:00,39098.19,2.9,11.81,2.73,62,990.1,8.6,0.063,20.9,10906X0039/C2-1
2484,2023-10-21,42.685696389,2.685378283,2023-10-21T06:09,2023-10-21T16:58,38933.38,0.0,9.66,2.67,66,1005.5,8.9,0.062,20.8,10906X0039/C2-1
2485,2023-10-22,42.685696389,2.685378283,2023-10-22T06:10,2023-10-22T16:56,38769.93,0.0,8.29,2.3,95,1010.9,10.7,0.061,20.2,10906X0039/C2-1
2486,2023-10-23,42.685696389,2.685378283,2023-10-23T06:11,2023-10-23T16:55,38607.98,5.8,11.08,2.56,90,1005.2,15.8,0.067,20.4,10906X0039/C2-1
2487,2023-10-24,42.685696389,2.685378283,2023-10-24T06:13,2023-10-24T16:53,38447.68,0.2,10.23,2.26,79,1008.2,9.7,0.066,20.2,10906X0039/C2-1
2488,2023-10-25,42.685696389,2.685378283,2023-10-25T06:14,2023-10-25T16:52,38288.93,0.0,9.94,1.88,68,1007.5,4.8,0.066,19.9,10906X0039/C2-1
2489,2023-10-26,42.685696389,2.685378283,2023-10-26T06:15,2023-10-26T16:51,38130.36,1.6,9.87,2.31,81,1001.5,9.8,0.062,19.9,10906X0039/C2-1
2490,2023-10-27,42.685696389,2.685378283,2023-10-27T06:16,2023-10-27T16:49,37971.86,2.7,11.03,2.59,38,1005.2,10.1,0.063,19.8,10906X0039/C2-1
2491,2023-10-28,42.685696389,2.685378283,2023-10-28T06:18,2023-10-28T16:48,37813.58,0.0,12.39,1.99,35,1006.4,5.9,0.067,19.2,10906X0039/C2-1
2492,2023-10-29,42.685696389,2.685378283,2023-10-29T06:19,2023-10-29T16:46,37655.65,0.0,6.84,1.59,98,1003.3,5.3,0.066,18.9,10906X0039/C2-1
2493,2023-10-30,42.685696389,2.685378283,2023-10-30T06:20,2023-10-30T16:45,37498.24,1.0,5.09,1.44,86,1003.2,9.6,0.065,18.7,10906X0039/C2-1
2494,2023-10-31,42.685696389,2.685378283,2023-10-31T06:21,2023-10-31T16:44,37341.48,0.0,11.18,2.04,50,1013.3,6.4,0.066,18.3,10906X0039/C2-1
2495,2023-11-01,42.685696389,2.685378283,2023-11-01T06:23,2023-11-01T16:42,37185.54,0.0,9.96,1.89,65,1009.0,6.8,0.066,18.1,10906X0039/C2-1
2496,2023-11-02,42.685696389,2.685378283,2023-11-02T06:24,2023-11-02T16:41,37030.57,9.3,4.64,1.77,80,996.5,17.5,0.067,17.8,10906X0039/C2-1
2497,2023-11-03,42.685696389,2.685378283,2023-11-03T06:25,2023-11-03T16:40,36876.72,0.2,9.75,2.23,35,998.4,10.8,0.068,17.2,10906X0039/C2-1
2498,2023-11-04,42.685696389,2.685378283,2023-11-04T06:26,2023-11-04T16:39,36724.17,1.4,7.35,1.11,66,994.7,4.3,0.069,17.0,10906X0039/C2-1
2499,2023-11-05,42.685696389,2.685378283,2023-11-05T06:28,2023-11-05T16:37,36573.08,0.0,10.59,2.3,34,1001.9,10.1,0.07,16.8,10906X0039/C2-1
2500,2023-11-06,42.685696389,2.685378283,2023-11-06T06:29,2023-11-06T16:36,36423.62,1.2,8.04,1.51,52,1014.8,7.5,0.069,16.7,10906X0039/C2-1
2501,2023-11-07,42.685696389,2.685378283,2023-11-07T06:30,2023-11-07T16:35,36275.96,0.7,10.12,1.61,39,1020.7,6.1,0.066,16.5,10906X0039/C2-1
2502,2023-11-08,42.685696389,2.685378283,2023-11-08T06:32,2023-11-08T16:34,36130.28,0.0,10.98,2.0,17,1020.3,8.8,0.068,16.2,10906X0039/C2-1
2503,2023-11-09,42.685696389,2.685378283,2023-11-09T06:33,2023-11-09T16:33,35986.76,0.1,6.2,1.84,77,1014.2,12.4,0.07,15.9,10906X0039/C2-1
2504,2023-11-10,42.685696389,2.685378283,2023-11-10T06:34,2023-11-10T16:31,35845.58,1.0,7.75,1.84,72,1013.2,12.7,0.067,15.9,10906X0039/C2-1
2505,2023-11-11,42.685696389,2.685378283,2023-11-11T06:35,2023-11-11T16:30,35706.94,1.2,7.37,1.17,79,1013.0,3.5,0.062,16.1,10906X0039/C2-1
2506,2023-11-12,42.685696389,2.685378283,2023-11-12T06:37,2023-11-12T16:29,35571.02,1.0,8.47,2.68,77,1015.2,13.5,0.057,16.5,10906X0039/C2-1
2507,2023-11-13,42.685696389,2.685378283,2023-11-13T06:38,2023-11-13T16:28,35438.03,0.0,9.85,1.83,58,1019.5,6.1,0.06,16.6,10906X0039/C2-1
2508,2023-11-14,42.685696389,2.685378283,2023-11-14T06:39,2023-11-14T16:27,35307.91,0.0,9.73,2.58,48,1019.4,12.7,0.057,16.8,10906X0039/C2-1
2509,2023-11-15,42.685696389,2.685378283,2023-11-15T06:40,2023-11-15T16:27,35179.3,0.0,8.41,2.47,71,1023.6,15.1,0.053,17.0,10906X0039/C2-1
2510,2023-11-16,42.685696389,2.685378283,2023-11-16T06:41,2023-11-16T16:26,35052.11,0.0,6.36,2.09,83,1020.7,12.9,0.051,16.7,10906X0039/C2-1
2511,2023-11-17,42.685696389,2.685378283,2023-11-17T06:43,2023-11-17T16:25,34926.5,0.0,9.18,2.48,61,1024.2,21.3,0.049,16.7,10906X0039/C2-1
2512,2023-11-18,42.685696389,2.685378283,2023-11-18T06:44,2023-11-18T16:24,34802.61,0.0,9.12,1.47,55,1025.2,4.6,0.048,16.3,10906X0039/C2-1
2513,2023-11-19,42.685696389,2.685378283,2023-11-19T06:45,2023-11-19T16:23,34680.6,0.0,9.34,1.97,50,1022.5,7.9,0.049,16.1,10906X0039/C2-1
2514,2023-11-20,42.685696389,2.685378283,2023-11-20T06:46,2023-11-20T16:22,34560.65,0.2,8.84,2.18,50,1018.8,15.9,0.046,16.2,10906X0039/C2-1
2515,2023-11-21,42.685696389,2.685378283,2023-11-21T06:48,2023-11-21T16:22,34442.9,0.2,5.66,2.52,79,1015.8,29.8,0.049,16.2,10906X0039/C2-1
2516,2023-11-22,42.685696389,2.685378283,2023-11-22T06:49,2023-11-22T16:21,34327.53,0.1,6.39,2.39,61,1020.9,35.9,0.052,15.9,10906X0039/C2-1
2517,2023-11-23,42.685696389,2.685378283,2023-11-23T06:50,2023-11-23T16:20,34214.71,0.0,9.14,3.09,25,1023.8,31.9,0.05,15.5,10906X0039/C2-1
2518,2023-11-24,42.685696389,2.685378283,2023-11-24T06:51,2023-11-24T16:20,34104.61,0.1,8.4,3.64,41,1015.6,38.6,0.047,15.3,10906X0039/C2-1
2519,2023-11-25,42.685696389,2.685378283,2023-11-25T06:52,2023-11-25T16:19,33997.4,0.3,7.29,2.06,59,1016.6,24.6,0.048,15.2,10906X0039/C2-1
2520,2023-11-26,42.685696389,2.685378283,2023-11-26T06:54,2023-11-26T16:19,33893.26,0.0,9.31,1.43,51,1017.7,5.3,0.047,14.4,10906X0039/C2-1
2521,2023-11-27,42.685696389,2.685378283,2023-11-27T06:55,2023-11-27T16:18,33792.37,1.9,3.24,0.76,96,1011.6,4.5,0.047,13.9,10906X0039/C2-1
2522,2023-11-28,42.685696389,2.685378283,2023-11-28T06:56,2023-11-28T16:18,33694.92,0.1,5.3,2.07,89,1008.1,19.8,0.046,14.3,10906X0039/C2-1
2523,2023-11-29,42.685696389,2.685378283,2023-11-29T06:57,2023-11-29T16:17,33601.07,0.0,6.3,0.85,67,1007.3,5.6,0.048,14.2,10906X0039/C2-1
2524,2023-11-30,42.685696389,2.685378283,2023-11-30T06:58,2023-11-30T16:17,33511.02,0.4,6.01,0.77,95,1000.7,4.8,0.05,14.0,10906X0039/C2-1
2525,2023-12-01,42.685696389,2.685378283,2023-12-01T06:59,2023-12-01T16:16,33424.96,6.1,3.05,0.99,100,998.5,14.4,0.05,14.0,10906X0039/C2-1
2526,2023-12-02,42.685696389,2.685378283,2023-12-02T07:00,2023-12-02T16:16,33343.05,0.0,6.14,2.0,71,1012.9,23.4,0.057,13.7,10906X0039/C2-1
2527,2023-12-03,42.685696389,2.685378283,2023-12-03T07:01,2023-12-03T16:16,33265.51,0.0,8.74,1.32,21,1021.0,8.3,0.056,13.3,10906X0039/C2-1
2528,2023-12-04,42.685696389,2.685378283,2023-12-04T07:02,2023-12-04T16:16,33192.34,0.4,7.19,1.07,57,1012.7,6.0,0.049,13.0,10906X0039/C2-1
2529,2023-12-05,42.685696389,2.685378283,2023-12-05T07:03,2023-12-05T16:15,33122.65,3.5,7.46,2.05,62,1016.8,15.9,0.049,13.1,10906X0039/C2-1
2530,2023-12-06,42.685696389,2.685378283,2023-12-06T07:04,2023-12-06T16:15,33056.37,0.0,7.76,1.23,40,1018.0,8.3,0.049,12.9,10906X0039/C2-1
2531,2023-12-07,42.685696389,2.685378283,2023-12-07T07:05,2023-12-07T16:15,32993.58,0.2,5.63,0.72,86,1017.4,5.8,0.05,12.3,10906X0039/C2-1
2532,2023-12-08,42.685696389,2.685378283,2023-12-08T07:06,2023-12-08T16:15,32934.35,6.4,5.63,1.86,62,1014.6,20.9,0.055,12.7,10906X0039/C2-1
2533,2023-12-09,42.685696389,2.685378283,2023-12-09T07:07,2023-12-09T16:15,32878.77,0.3,2.25,1.37,81,1018.4,11.1,0.055,12.9,10906X0039/C2-1
2534,2023-12-10,42.685696389,2.685378283,2023-12-10T07:08,2023-12-10T16:15,32826.92,0.0,6.76,1.44,69,1020.7,8.9,0.058,13.3,10906X0039/C2-1
2535,2023-12-11,42.685696389,2.685378283,2023-12-11T07:09,2023-12-11T16:15,32778.88,0.0,7.44,1.43,95,1017.3,7.0,0.052,13.4,10906X0039/C2-1
2536,2023-12-12,42.685696389,2.685378283,2023-12-12T07:10,2023-12-12T16:15,32734.72,0.0,6.38,1.2,100,1012.9,6.8,0.093,13.4,10906X0039/C2-1
2537,2023-12-13,42.685696389,2.685378283,2023-12-13T07:10,2023-12-13T16:15,32694.53,1.5,5.87,2.37,74,1009.0,19.3,0.142,13.6,10906X0039/C2-1
2538,2023-12-14,42.685696389,2.685378283,2023-12-14T07:11,2023-12-14T16:16,32658.39,2.6,5.32,2.56,69,1021.6,33.1,0.144,13.3,10906X0039/C2-1
2539,2023-12-15,42.685696389,2.685378283,2023-12-15T07:12,2023-12-15T16:16,32626.35,0.0,4.15,2.33,64,1033.5,30.1,0.144,13.4,10906X0039/C2-1
2540,2023-12-16,42.685696389,2.685378283,2023-12-16T07:13,2023-12-16T16:16,32598.5,0.0,7.98,1.71,12,1037.4,15.2,0.143,13.3,10906X0039/C2-1
2541,2023-12-17,42.685696389,2.685378283,2023-12-17T07:13,2023-12-17T16:16,32574.91,0.0,7.88,0.89,0,1038.5,4.3,0.143,12.5,10906X0039/C2-1
2542,2023-12-18,42.685696389,2.685378283,2023-12-18T07:14,2023-12-18T16:17,32555.65,0.0,7.89,1.32,1,1034.6,6.0,0.143,11.8,10906X0039/C2-1
2543,2023-12-19,42.685696389,2.685378283,2023-12-19T07:15,2023-12-19T16:17,32540.78,0.0,7.78,2.26,28,1028.0,20.0,0.143,12.0,10906X0039/C2-1
2544,2023-12-20,42.685696389,2.685378283,2023-12-20T07:15,2023-12-20T16:17,32530.37,0.7,2.89,2.44,86,1023.2,34.0,0.142,12.2,10906X0039/C2-1
2545,2023-12-21,42.685696389,2.685378283,2023-12-21T07:16,2023-12-21T16:18,32524.48,0.0,3.68,3.23,98,1021.0,34.8,0.143,12.6,10906X0039/C2-1
2546,2023-12-22,42.685696389,2.685378283,2023-12-22T07:16,2023-12-22T16:18,32523.18,0.1,3.47,3.2,99,1021.8,39.5,0.141,13.2,10906X0039/C2-1
2547,2023-12-23,42.685696389,2.685378283,2023-12-23T07:17,2023-12-23T16:19,32526.51,0.0,7.2,2.57,34,1023.8,29.0,0.141,13.3,10906X0039/C2-1
2548,2023-12-24,42.685696389,2.685378283,2023-12-24T07:17,2023-12-24T16:19,32534.55,0.0,7.69,1.72,13,1023.1,11.9,0.14,13.1,10906X0039/C2-1
2549,2023-12-25,42.685696389,2.685378283,2023-12-25T07:18,2023-12-25T16:20,32547.35,0.0,8.07,2.16,0,1020.8,9.1,0.138,12.9,10906X0039/C2-1
2550,2023-12-26,42.685696389,2.685378283,2023-12-26T07:18,2023-12-26T16:21,32564.84,0.0,7.71,2.09,12,1021.4,8.5,0.137,12.8,10906X0039/C2-1
2551,2023-12-27,42.685696389,2.685378283,2023-12-27T07:18,2023-12-27T16:21,32586.95,0.0,7.71,0.98,22,1022.9,5.9,0.136,12.3,10906X0039/C2-1
2552,2023-12-28,42.685696389,2.685378283,2023-12-28T07:18,2023-12-28T16:22,32613.6,0.0,2.73,0.55,100,1024.9,7.1,0.135,12.2,10906X0039/C2-1
2553,2023-12-29,42.685696389,2.685378283,2023-12-29T07:19,2023-12-29T16:23,32644.69,0.0,3.1,0.59,90,1023.0,4.6,0.135,12.1,10906X0039/C2-1
2554,2023-12-30,42.685696389,2.685378283,2023-12-30T07:19,2023-12-30T16:23,32680.14,0.0,7.64,1.23,30,1018.9,7.1,0.136,12.0,10906X0039/C2-1
2555,2023-12-31,42.685696389,2.685378283,2023-12-31T07:19,2023-12-31T16:24,32719.86,0.0,5.29,1.57,98,1014.3,13.0,0.135,12.0,10906X0039/C2-1
2556,2024-01-01,42.685696389,2.685378283,2024-01-01T07:19,2024-01-01T16:25,32763.77,0.0,5.63,1.21,63,1019.0,6.5,0.134,12.0,10906X0039/C2-1
2557,2024-01-02,42.685696389,2.685378283,2024-01-02T07:19,2024-01-02T16:26,32811.77,0.0,6.04,0.77,96,1015.4,4.9,0.133,11.6,10906X0039/C2-1
2558,2024-01-03,42.685696389,2.685378283,2024-01-03T07:19,2024-01-03T16:27,32863.76,0.0,5.12,1.64,92,1014.2,11.1,0.133,11.7,10906X0039/C2-1
2559,2024-01-04,42.685696389,2.685378283,2024-01-04T07:19,2024-01-04T16:28,32919.66,0.0,7.16,1.29,76,1013.0,7.5,0.133,12.2,10906X0039/C2-1
2560,2024-01-05,42.685696389,2.685378283,2024-01-05T07:19,2024-01-05T16:29,32979.36,1.5,2.13,1.06,97,1005.4,17.6,0.132,12.1,10906X0039/C2-1
2561,2024-01-06,42.685696389,2.685378283,2024-01-06T07:19,2024-01-06T16:30,33042.78,0.1,4.82,1.96,84,1010.3,32.3,0.132,11.9,10906X0039/C2-1
2562,2024-01-07,42.685696389,2.685378283,2024-01-07T07:19,2024-01-07T16:31,33109.81,0.5,4.54,2.0,96,1014.2,40.2,0.133,11.5,10906X0039/C2-1
2563,2024-01-08,42.685696389,2.685378283,2024-01-08T07:19,2024-01-08T16:32,33180.36,0.0,6.4,2.16,73,1018.1,31.1,0.133,11.2,10906X0039/C2-1
2564,2024-01-09,42.685696389,2.685378283,2024-01-09T07:19,2024-01-09T16:33,33254.33,0.0,8.67,1.12,38,1021.4,5.2,0.133,10.7,10906X0039/C2-1
2565,2024-01-10,42.685696389,2.685378283,2024-01-10T07:18,2024-01-10T16:34,33331.62,3.1,4.53,0.75,97,1019.7,8.3,0.133,10.4,10906X0039/C2-1
2566,2024-01-11,42.685696389,2.685378283,2024-01-11T07:18,2024-01-11T16:35,33412.13,3.3,1.57,1.0,94,1022.9,20.5,0.136,10.2,10906X0039/C2-1
2567,2024-01-12,42.685696389,2.685378283,2024-01-12T07:18,2024-01-12T16:36,33495.78,0.0,8.62,1.31,9,1025.2,10.2,0.136,10.1,10906X0039/C2-1
2568,2024-01-13,42.685696389,2.685378283,2024-01-13T07:17,2024-01-13T16:37,33582.64,0.0,7.74,0.78,74,1023.8,3.5,0.136,9.8,10906X0039/C2-1
2569,2024-01-14,42.685696389,2.685378283,2024-01-14T07:17,2024-01-14T16:38,33673.68,0.1,6.61,1.07,98,1014.3,4.8,0.137,9.8,10906X0039/C2-1
2570,2024-01-15,42.685696389,2.685378283,2024-01-15T07:17,2024-01-15T16:39,33768.9,1.2,7.05,1.3,72,1009.5,9.3,0.137,10.5,10906X0039/C2-1
2571,2024-01-16,42.685696389,2.685378283,2024-01-16T07:16,2024-01-16T16:41,33868.09,0.0,7.12,1.14,77,1008.8,5.7,0.137,10.7,10906X0039/C2-1
2572,2024-01-17,42.685696389,2.685378283,2024-01-17T07:16,2024-01-17T16:42,33971.06,7.2,3.58,0.47,83,998.7,6.6,0.142,10.8,10906X0039/C2-1
2573,2024-01-18,42.685696389,2.685378283,2024-01-18T07:15,2024-01-18T16:43,34077.62,0.2,9.07,1.8,22,1002.4,11.5,0.142,10.8,10906X0039/C2-1
2574,2024-01-19,42.685696389,2.685378283,2024-01-19T07:14,2024-01-19T16:44,34187.58,0.0,2.9,1.67,97,1014.8,23.0,0.141,10.7,10906X0039/C2-1
2575,2024-01-20,42.685696389,2.685378283,2024-01-20T07:14,2024-01-20T16:45,34300.74,0.0,9.8,1.86,12,1026.0,11.6,0.141,10.3,10906X0039/C2-1
2576,2024-01-21,42.685696389,2.685378283,2024-01-21T07:13,2024-01-21T16:47,34416.92,0.0,9.12,1.16,32,1032.7,4.8,0.139,9.9,10906X0039/C2-1
2577,2024-01-22,42.685696389,2.685378283,2024-01-22T07:12,2024-01-22T16:48,34535.95,0.0,7.09,1.11,77,1031.7,5.9,0.138,9.7,10906X0039/C2-1
2578,2024-01-23,42.685696389,2.685378283,2024-01-23T07:12,2024-01-23T16:49,34657.63,0.2,7.83,1.58,79,1034.7,11.4,0.138,10.6,10906X0039/C2-1
2579,2024-01-24,42.685696389,2.685378283,2024-01-24T07:11,2024-01-24T16:51,34781.78,0.0,9.51,1.64,21,1035.4,6.8,0.137,11.0,10906X0039/C2-1
2580,2024-01-25,42.685696389,2.685378283,2024-01-25T07:10,2024-01-25T16:52,34908.24,0.0,10.03,2.08,0,1031.2,6.9,0.136,11.3,10906X0039/C2-1
2581,2024-01-26,42.685696389,2.685378283,2024-01-26T07:09,2024-01-26T16:53,35036.83,0.0,9.25,2.81,52,1031.2,14.7,0.135,11.7,10906X0039/C2-1
2582,2024-01-27,42.685696389,2.685378283,2024-01-27T07:08,2024-01-27T16:54,35167.38,0.0,10.22,1.63,51,1030.9,6.1,0.135,11.8,10906X0039/C2-1
2583,2024-01-28,42.685696389,2.685378283,2024-01-28T07:07,2024-01-28T16:56,35299.72,1.4,4.82,0.83,99,1030.7,10.0,0.135,11.5,10906X0039/C2-1
2584,2024-01-29,42.685696389,2.685378283,2024-01-29T07:07,2024-01-29T16:57,35433.7,1.1,4.78,1.03,98,1031.0,11.6,0.136,11.8,10906X0039/C2-1
2585,2024-01-30,42.685696389,2.685378283,2024-01-30T07:06,2024-01-30T16:58,35569.15,0.0,4.55,0.72,99,1033.7,3.8,0.135,11.9,10906X0039/C2-1
2586,2024-01-31,42.685696389,2.685378283,2024-01-31T07:05,2024-01-31T17:00,35705.92,0.0,10.05,1.47,64,1034.5,5.9,0.135,11.9,10906X0039/C2-1
2587,2024-02-01,42.685696389,2.685378283,2024-02-01T07:04,2024-02-01T17:01,35843.84,0.0,8.29,2.41,78,1032.9,23.2,0.134,12.1,10906X0039/C2-1
2588,2024-02-02,42.685696389,2.685378283,2024-02-02T07:03,2024-02-02T17:02,35983.03,0.0,10.37,2.89,38,1032.6,25.6,0.133,12.4,10906X0039/C2-1
2589,2024-02-03,42.685696389,2.685378283,2024-02-03T07:02,2024-02-03T17:04,36124.89,0.0,11.11,2.35,25,1030.4,8.1,0.132,12.6,10906X0039/C2-1
2590,2024-02-04,42.685696389,2.685378283,2024-02-04T07:00,2024-02-04T17:05,36269.46,0.0,11.45,3.67,5,1029.2,14.3,0.131,13.0,10906X0039/C2-1
2591,2024-02-05,42.685696389,2.685378283,2024-02-05T06:59,2024-02-05T17:06,36416.56,0.0,11.63,2.51,34,1026.9,7.9,0.131,13.1,10906X0039/C2-1
2592,2024-02-06,42.685696389,2.685378283,2024-02-06T06:58,2024-02-06T17:08,36566.0,0.0,8.18,1.96,100,1023.7,13.6,0.13,13.0,10906X0039/C2-1
2593,2024-02-07,42.685696389,2.685378283,2024-02-07T06:57,2024-02-07T17:09,36717.6,0.0,11.9,2.07,30,1018.1,5.6,0.13,12.9,10906X0039/C2-1
2594,2024-02-08,42.685696389,2.685378283,2024-02-08T06:56,2024-02-08T17:10,36871.16,0.0,10.78,2.54,86,1006.5,7.1,0.129,13.1,10906X0039/C2-1
2595,2024-02-09,42.685696389,2.685378283,2024-02-09T06:54,2024-02-09T17:12,37026.51,0.0,8.75,1.42,87,991.8,4.1,0.129,13.3,10906X0039/C2-1
2596,2024-02-10,42.685696389,2.685378283,2024-02-10T06:53,2024-02-10T17:13,37183.47,8.3,5.25,1.87,83,989.2,20.0,0.133,13.0,10906X0039/C2-1
2597,2024-02-11,42.685696389,2.685378283,2024-02-11T06:52,2024-02-11T17:14,37341.89,0.4,11.22,2.95,34,1003.9,19.5,0.134,12.9,10906X0039/C2-1
2598,2024-02-12,42.685696389,2.685378283,2024-02-12T06:50,2024-02-12T17:16,37501.57,0.0,10.45,2.2,70,1008.7,11.0,0.134,12.7,10906X0039/C2-1
2599,2024-02-13,42.685696389,2.685378283,2024-02-13T06:49,2024-02-13T17:17,37662.37,0.0,13.02,2.15,30,1021.1,7.3,0.135,12.9,10906X0039/C2-1
2600,2024-02-14,42.685696389,2.685378283,2024-02-14T06:48,2024-02-14T17:18,37824.11,0.0,12.77,2.21,37,1023.7,6.8,0.134,12.9,10906X0039/C2-1
2601,2024-02-15,42.685696389,2.685378283,2024-02-15T06:46,2024-02-15T17:19,37986.65,0.0,6.6,0.98,99,1018.6,5.6,0.134,12.9,10906X0039/C2-1
2602,2024-02-16,42.685696389,2.685378283,2024-02-16T06:45,2024-02-16T17:21,38149.83,0.8,3.03,1.64,100,1021.4,17.1,0.134,12.9,10906X0039/C2-1
2603,2024-02-17,42.685696389,2.685378283,2024-02-17T06:44,2024-02-17T17:22,38313.49,0.1,11.98,3.21,34,1030.0,27.4,0.134,13.1,10906X0039/C2-1
2604,2024-02-18,42.685696389,2.685378283,2024-02-18T06:42,2024-02-18T17:23,38477.49,0.4,12.51,2.89,77,1032.4,14.9,0.134,13.1,10906X0039/C2-1
2605,2024-02-19,42.685696389,2.685378283,2024-02-19T06:41,2024-02-19T17:25,38641.68,0.1,11.15,3.27,79,1031.5,28.8,0.134,13.5,10906X0039/C2-1
2606,2024-02-20,42.685696389,2.685378283,2024-02-20T06:39,2024-02-20T17:26,38805.92,0.0,12.28,3.13,90,1029.3,27.6,0.134,13.5,10906X0039/C2-1
2607,2024-02-21,42.685696389,2.685378283,2024-02-21T06:38,2024-02-21T17:27,38970.06,0.0,11.81,1.83,97,1023.8,4.3,0.134,13.1,10906X0039/C2-1
2608,2024-02-22,42.685696389,2.685378283,2024-02-22T06:36,2024-02-22T17:28,39134.21,1.8,8.4,1.75,97,1009.0,12.1,0.133,13.0,10906X0039/C2-1
2609,2024-02-23,42.685696389,2.685378283,2024-02-23T06:35,2024-02-23T17:30,39299.79,0.4,13.11,2.9,52,1004.5,15.0,0.134,13.1,10906X0039/C2-1
2610,2024-02-24,42.685696389,2.685378283,2024-02-24T06:33,2024-02-24T17:31,39466.88,0.1,12.27,1.96,58,1008.5,8.5,0.134,12.5,10906X0039/C2-1
2611,2024-02-25,42.685696389,2.685378283,2024-02-25T06:32,2024-02-25T17:32,39635.36,2.4,5.72,0.94,98,1005.7,4.4,0.135,12.0,10906X0039/C2-1
2612,2024-02-26,42.685696389,2.685378283,2024-02-26T06:30,2024-02-26T17:34,39805.08,42.8,6.47,0.89,89,1001.0,5.0,0.151,11.9,10906X0039/C2-1
2613,2024-02-27,42.685696389,2.685378283,2024-02-27T06:29,2024-02-27T17:35,39975.89,9.2,7.61,2.07,100,1009.4,34.4,0.162,11.7,10906X0039/C2-1
2614,2024-02-28,42.685696389,2.685378283,2024-02-28T06:27,2024-02-28T17:36,40147.67,20.7,8.47,2.58,55,1018.6,36.8,0.183,11.3,10906X0039/C2-1
2615,2024-02-29,42.685696389,2.685378283,2024-02-29T06:25,2024-02-29T17:37,40320.27,1.0,15.96,3.47,29,1013.8,18.8,0.187,11.6,10906X0039/C2-1
2616,2024-03-01,42.685696389,2.685378283,2024-03-01T06:24,2024-03-01T17:39,40493.57,1.3,15.85,3.26,32,1010.7,21.5,0.185,11.8,10906X0039/C2-1
2617,2024-03-02,42.685696389,2.685378283,2024-03-02T06:22,2024-03-02T17:40,40667.43,0.0,10.36,2.21,84,1001.0,10.1,0.176,11.5,10906X0039/C2-1
2618,2024-03-03,42.685696389,2.685378283,2024-03-03T06:20,2024-03-03T17:41,40841.74,6.7,8.28,2.16,97,1002.4,30.1,0.178,11.3,10906X0039/C2-1
2619,2024-03-04,42.685696389,2.685378283,2024-03-04T06:19,2024-03-04T17:42,41016.35,0.1,15.36,3.41,46,1012.9,18.1,0.176,11.4,10906X0039/C2-1
2620,2024-03-05,42.685696389,2.685378283,2024-03-05T06:17,2024-03-05T17:43,41191.14,0.2,15.97,3.22,39,1020.2,22.4,0.174,11.6,10906X0039/C2-1
2621,2024-03-06,42.685696389,2.685378283,2024-03-06T06:15,2024-03-06T17:45,41365.99,0.4,15.98,2.43,16,1021.8,5.6,0.172,11.6,10906X0039/C2-1
2622,2024-03-07,42.685696389,2.685378283,2024-03-07T06:14,2024-03-07T17:46,41540.78,0.0,13.87,2.5,75,1013.2,12.1,0.17,11.5,10906X0039/C2-1
2623,2024-03-08,42.685696389,2.685378283,2024-03-08T06:12,2024-03-08T17:47,41715.39,2.8,12.64,2.44,81,1002.3,12.2,0.17,11.9,10906X0039/C2-1
2624,2024-03-09,42.685696389,2.685378283,2024-03-09T06:10,2024-03-09T17:48,41889.68,7.8,8.31,1.69,88,993.5,14.3,0.172,11.6,10906X0039/C2-1
2625,2024-03-10,42.685696389,2.685378283,2024-03-10T06:08,2024-03-10T17:49,42063.55,0.1,16.43,2.54,69,996.4,9.0,0.176,11.4,10906X0039/C2-1
2626,2024-03-11,42.685696389,2.685378283,2024-03-11T06:07,2024-03-11T17:51,42236.87,0.9,13.74,3.11,75,1010.7,23.7,0.176,11.5,10906X0039/C2-1
2627,2024-03-12,42.685696389,2.685378283,2024-03-12T06:05,2024-03-12T17:52,42409.51,0.0,16.48,3.65,45,1021.1,21.0,0.175,11.9,10906X0039/C2-1
2628,2024-03-13,42.685696389,2.685378283,2024-03-13T06:03,2024-03-13T17:53,42581.6,0.0,18.28,2.94,10,1018.3,6.9,0.172,12.0,10906X0039/C2-1
2629,2024-03-14,42.685696389,2.685378283,2024-03-14T06:02,2024-03-14T17:54,42754.4,0.0,14.73,2.17,65,1017.4,6.0,0.169,12.1,10906X0039/C2-1
2630,2024-03-15,42.685696389,2.685378283,2024-03-15T06:00,2024-03-15T17:55,42928.04,3.7,14.1,2.55,70,1019.7,6.3,0.167,12.6,10906X0039/C2-1
2631,2024-03-16,42.685696389,2.685378283,2024-03-16T05:58,2024-03-16T17:57,43102.39,0.0,17.75,3.21,75,1023.5,8.2,0.163,13.2,10906X0039/C2-1
2632,2024-03-17,42.685696389,2.685378283,2024-03-17T05:56,2024-03-17T17:58,43277.36,0.0,17.96,2.88,98,1021.5,4.2,0.159,13.4,10906X0039/C2-1
2633,2024-03-18,42.685696389,2.685378283,2024-03-18T05:55,2024-03-18T17:59,43452.83,0.0,17.21,3.65,56,1018.1,13.5,0.157,13.6,10906X0039/C2-1
2634,2024-03-19,42.685696389,2.685378283,2024-03-19T05:53,2024-03-19T18:00,43628.69,0.7,17.82,3.13,29,1016.9,5.6,0.155,14.1,10906X0039/C2-1
2635,2024-03-20,42.685696389,2.685378283,2024-03-20T05:51,2024-03-20T18:01,43804.84,0.3,13.32,2.21,99,1019.0,10.0,0.152,14.0,10906X0039/C2-1
2636,2024-03-21,42.685696389,2.685378283,2024-03-21T05:49,2024-03-21T18:02,43981.17,0.1,17.01,2.97,73,1024.1,4.7,0.152,14.4,10906X0039/C2-1
2637,2024-03-22,42.685696389,2.685378283,2024-03-22T05:48,2024-03-22T18:04,44157.56,0.0,19.74,3.74,65,1019.9,8.8,0.151,14.8,10906X0039/C2-1
2638,2024-03-23,42.685696389,2.685378283,2024-03-23T05:46,2024-03-23T18:05,44333.91,0.6,17.03,3.64,73,1019.1,24.9,0.149,14.8,10906X0039/C2-1
2639,2024-03-24,42.685696389,2.685378283,2024-03-24T05:44,2024-03-24T18:06,44510.12,0.0,19.68,4.1,66,1016.4,21.5,0.147,14.7,10906X0039/C2-1
2640,2024-03-25,42.685696389,2.685378283,2024-03-25T05:42,2024-03-25T18:07,44686.07,0.8,8.58,2.24,96,1001.4,18.5,0.146,14.4,10906X0039/C2-1
2641,2024-03-26,42.685696389,2.685378283,2024-03-26T05:40,2024-03-26T18:08,44861.65,5.9,6.66,1.37,98,991.2,14.8,0.16,14.0,10906X0039/C2-1
2642,2024-03-27,42.685696389,2.685378283,2024-03-27T05:39,2024-03-27T18:09,45036.75,0.3,20.29,3.01,63,993.1,8.2,0.164,13.4,10906X0039/C2-1
2643,2024-03-28,42.685696389,2.685378283,2024-03-28T05:37,2024-03-28T18:10,45211.26,0.2,17.92,2.75,63,998.0,9.7,0.163,13.6,10906X0039/C2-1
2644,2024-03-29,42.685696389,2.685378283,2024-03-29T05:35,2024-03-29T18:12,45385.07,0.0,19.22,4.61,88,994.8,14.5,0.162,14.0,10906X0039/C2-1
2645,2024-03-30,42.685696389,2.685378283,2024-03-30T05:33,2024-03-30T18:13,45558.06,0.3,19.3,4.07,80,994.7,15.1,0.16,14.4,10906X0039/C2-1
2646,2024-03-31,42.685696389,2.685378283,2024-03-31T05:32,2024-03-31T18:14,45730.1,4.9,13.77,2.76,84,993.8,12.8,0.159,14.3,10906X0039/C2-1
2647,2024-04-01,42.685696389,2.685378283,2024-04-01T05:30,2024-04-01T18:15,45901.11,0.1,20.2,3.46,17,1007.5,10.2,0.158,14.0,10906X0039/C2-1
2648,2024-04-02,42.685696389,2.685378283,2024-04-02T05:28,2024-04-02T18:16,46071.15,0.0,19.2,3.73,58,1016.0,12.1,0.158,14.0,10906X0039/C2-1
2649,2024-04-03,42.685696389,2.685378283,2024-04-03T05:27,2024-04-03T18:17,46241.45,0.3,18.87,3.38,31,1016.7,6.8,0.157,14.3,10906X0039/C2-1
2650,2024-04-04,42.685696389,2.685378283,2024-04-04T05:25,2024-04-04T18:18,46412.1,0.0,21.51,3.66,69,1018.4,6.7,0.153,14.5,10906X0039/C2-1
2651,2024-04-05,42.685696389,2.685378283,2024-04-05T05:23,2024-04-05T18:20,46582.99,0.0,18.9,3.14,97,1017.6,5.9,0.148,14.7,10906X0039/C2-1
2652,2024-04-06,42.685696389,2.685378283,2024-04-06T05:22,2024-04-06T18:21,46754.03,0.0,17.84,2.73,93,1020.4,9.9,0.147,14.8,10906X0039/C2-1
2653,2024-04-07,42.685696389,2.685378283,2024-04-07T05:20,2024-04-07T18:22,46925.12,0.0,19.01,3.28,93,1017.4,10.6,0.147,15.0,10906X0039/C2-1
2654,2024-04-08,42.685696389,2.685378283,2024-04-08T05:18,2024-04-08T18:23,47096.12,1.5,18.47,3.18,92,1011.2,12.9,0.147,15.2,10906X0039/C2-1
2655,2024-04-09,42.685696389,2.685378283,2024-04-09T05:16,2024-04-09T18:24,47266.95,2.9,18.11,4.17,62,1022.3,31.4,0.15,14.9,10906X0039/C2-1
2656,2024-04-10,42.685696389,2.685378283,2024-04-10T05:15,2024-04-10T18:25,47437.48,0.0,17.68,4.29,58,1028.2,33.6,0.15,14.7,10906X0039/C2-1
2657,2024-04-11,42.685696389,2.685378283,2024-04-11T05:13,2024-04-11T18:27,47607.6,0.0,23.67,5.65,18,1030.6,25.0,0.147,14.9,10906X0039/C2-1
2658,2024-04-12,42.685696389,2.685378283,2024-04-12T05:11,2024-04-12T18:28,47777.2,0.0,24.09,5.03,3,1029.8,8.8,0.144,15.4,10906X0039/C2-1
2659,2024-04-13,42.685696389,2.685378283,2024-04-13T05:10,2024-04-13T18:29,47946.15,0.0,24.25,5.14,17,1026.5,7.3,0.139,16.0,10906X0039/C2-1
2660,2024-04-14,42.685696389,2.685378283,2024-04-14T05:08,2024-04-14T18:30,48114.34,0.0,24.42,5.2,15,1022.6,7.8,0.135,16.4,10906X0039/C2-1
2661,2024-04-15,42.685696389,2.685378283,2024-04-15T05:06,2024-04-15T18:31,48281.64,0.1,18.17,4.88,68,1018.4,23.6,0.134,16.6,10906X0039/C2-1
2662,2024-04-16,42.685696389,2.685378283,2024-04-16T05:05,2024-04-16T18:32,48447.94,0.0,17.14,4.32,80,1016.4,32.8,0.133,16.3,10906X0039/C2-1
2663,2024-04-17,42.685696389,2.685378283,2024-04-17T05:03,2024-04-17T18:33,48613.09,0.2,18.49,4.12,62,1016.3,27.4,0.133,15.8,10906X0039/C2-1
2664,2024-04-18,42.685696389,2.685378283,2024-04-18T05:02,2024-04-18T18:35,48776.97,1.0,15.47,3.76,47,1018.5,28.8,0.133,15.5,10906X0039/C2-1
2665,2024-04-19,42.685696389,2.685378283,2024-04-19T05:00,2024-04-19T18:36,48939.46,0.0,25.75,5.83,13,1020.3,13.6,0.133,15.5,10906X0039/C2-1
2666,2024-04-20,42.685696389,2.685378283,2024-04-20T04:58,2024-04-20T18:37,49100.4,0.0,25.57,6.0,1,1017.6,22.9,0.131,15.8,10906X0039/C2-1
2667,2024-04-21,42.685696389,2.685378283,2024-04-21T04:57,2024-04-21T18:38,49259.67,0.0,26.02,5.47,14,1017.3,21.0,0.129,15.7,10906X0039/C2-1
2668,2024-04-22,42.685696389,2.685378283,2024-04-22T04:55,2024-04-22T18:39,49417.33,0.0,23.93,5.12,33,1018.3,30.8,0.128,15.4,10906X0039/C2-1
2669,2024-04-23,42.685696389,2.685378283,2024-04-23T04:54,2024-04-23T18:40,49574.55,0.0,25.18,4.92,10,1016.4,28.5,0.127,15.0,10906X0039/C2-1
2670,2024-04-24,42.685696389,2.685378283,2024-04-24T04:53,2024-04-24T18:41,49731.42,0.0,19.75,4.7,68,1015.9,28.8,0.127,14.8,10906X0039/C2-1
2671,2024-04-25,42.685696389,2.685378283,2024-04-25T04:51,2024-04-25T18:42,49887.85,2.1,17.84,3.32,79,1010.2,8.3,0.127,15.0,10906X0039/C2-1
2672,2024-04-26,42.685696389,2.685378283,2024-04-26T04:50,2024-04-26T18:44,50043.69,0.7,20.13,3.44,71,1006.8,11.2,0.127,15.0,10906X0039/C2-1
2673,2024-04-27,42.685696389,2.685378283,2024-04-27T04:48,2024-04-27T18:45,50198.83,9.1,12.54,2.57,86,1003.9,23.5,0.13,15.2,10906X0039/C2-1
2674,2024-04-28,42.685696389,2.685378283,2024-04-28T04:47,2024-04-28T18:46,50353.14,7.2,8.84,1.66,99,1013.2,6.7,0.132,15.0,10906X0039/C2-1
2675,2024-04-29,42.685696389,2.685378283,2024-04-29T04:45,2024-04-29T18:47,50506.5,33.6,3.77,0.85,100,1017.1,5.2,0.151,14.8,10906X0039/C2-1
2676,2024-04-30,42.685696389,2.685378283,2024-04-30T04:44,2024-04-30T18:48,50658.78,10.2,8.0,1.35,100,1012.9,6.9,0.166,14.6,10906X0039/C2-1
2677,2024-05-01,42.685696389,2.685378283,2024-05-01T04:43,2024-05-01T18:49,50809.84,7.1,10.42,2.38,100,1006.3,17.0,0.178,14.7,10906X0039/C2-1
2678,2024-05-02,42.685696389,2.685378283,2024-05-02T04:41,2024-05-02T18:50,50959.55,0.0,22.77,4.54,62,1011.7,21.0,0.181,14.4,10906X0039/C2-1
2679,2024-05-03,42.685696389,2.685378283,2024-05-03T04:40,2024-05-03T18:52,51107.77,0.0,24.36,4.21,34,1017.3,7.0,0.179,14.5,10906X0039/C2-1
2680,2024-05-04,42.685696389,2.685378283,2024-05-04T04:39,2024-05-04T18:53,51254.35,0.1,22.16,3.57,90,1015.9,5.7,0.175,14.8,10906X0039/C2-1
2681,2024-05-05,42.685696389,2.685378283,2024-05-05T04:37,2024-05-05T18:54,51399.16,2.9,13.62,2.11,96,1013.4,6.1,0.172,15.0,10906X0039/C2-1
2682,2024-05-06,42.685696389,2.685378283,2024-05-06T04:36,2024-05-06T18:55,51542.04,6.1,11.85,2.61,85,1012.9,14.0,0.175,15.0,10906X0039/C2-1
2683,2024-05-07,42.685696389,2.685378283,2024-05-07T04:35,2024-05-07T18:56,51682.84,0.2,21.41,4.42,52,1018.0,25.7,0.179,14.9,10906X0039/C2-1
2684,2024-05-08,42.685696389,2.685378283,2024-05-08T04:34,2024-05-08T18:57,51821.4,0.0,22.33,5.58,43,1021.2,29.2,0.176,15.3,10906X0039/C2-1
2685,2024-05-09,42.685696389,2.685378283,2024-05-09T04:32,2024-05-09T18:58,51957.58,0.0,27.37,5.4,3,1019.5,10.2,0.169,15.9,10906X0039/C2-1
2686,2024-05-10,42.685696389,2.685378283,2024-05-10T04:31,2024-05-10T18:59,52091.19,0.0,27.14,5.23,2,1017.7,8.7,0.164,16.1,10906X0039/C2-1
2687,2024-05-11,42.685696389,2.685378283,2024-05-11T04:30,2024-05-11T19:00,52222.09,0.0,26.2,5.42,5,1016.4,9.7,0.159,16.5,10906X0039/C2-1
2688,2024-05-12,42.685696389,2.685378283,2024-05-12T04:29,2024-05-12T19:01,52350.3,0.0,18.09,3.37,87,1016.9,4.4,0.155,16.8,10906X0039/C2-1
2689,2024-05-13,42.685696389,2.685378283,2024-05-13T04:28,2024-05-13T19:03,52476.84,0.9,23.77,4.44,82,1011.6,10.5,0.155,17.0,10906X0039/C2-1
2690,2024-05-14,42.685696389,2.685378283,2024-05-14T04:27,2024-05-14T19:04,52601.81,3.9,8.75,2.19,91,1006.7,12.5,0.155,16.8,10906X0039/C2-1
2691,2024-05-15,42.685696389,2.685378283,2024-05-15T04:26,2024-05-15T19:05,52725.06,3.0,15.32,2.95,54,1007.5,11.1,0.163,16.2,10906X0039/C2-1
2692,2024-05-16,42.685696389,2.685378283,2024-05-16T04:25,2024-05-16T19:06,52846.5,2.4,21.61,3.63,37,1008.1,7.0,0.166,16.0,10906X0039/C2-1
2693,2024-05-17,42.685696389,2.685378283,2024-05-17T04:24,2024-05-17T19:07,52965.98,1.4,24.56,4.27,26,1009.2,8.9,0.167,16.0,10906X0039/C2-1
2694,2024-05-18,42.685696389,2.685378283,2024-05-18T04:23,2024-05-18T19:08,53083.39,0.3,15.47,2.92,59,1012.1,6.6,0.167,16.2,10906X0039/C2-1
2695,2024-05-19,42.685696389,2.685378283,2024-05-19T04:22,2024-05-19T19:09,53198.59,0.2,22.4,3.7,64,1010.9,7.8,0.165,16.4,10906X0039/C2-1
2696,2024-05-20,42.685696389,2.685378283,2024-05-20T04:21,2024-05-20T19:10,53311.46,0.8,14.07,3.02,66,1010.3,9.7,0.166,16.4,10906X0039/C2-1
2697,2024-05-21,42.685696389,2.685378283,2024-05-21T04:20,2024-05-21T19:11,53421.86,1.1,21.38,4.39,50,1013.3,11.1,0.164,16.4,10906X0039/C2-1
2698,2024-05-22,42.685696389,2.685378283,2024-05-22T04:20,2024-05-22T19:12,53529.66,0.3,19.83,3.96,42,1016.4,10.3,0.171,16.4,10906X0039/C2-1
2699,2024-05-23,42.685696389,2.685378283,2024-05-23T04:19,2024-05-23T19:13,53634.73,0.2,22.08,4.39,50,1018.7,11.9,0.167,16.6,10906X0039/C2-1
2700,2024-05-24,42.685696389,2.685378283,2024-05-24T04:18,2024-05-24T19:14,53736.91,5.3,13.72,2.59,74,1019.1,7.0,0.165,16.6,10906X0039/C2-1
2701,2024-05-25,42.685696389,2.685378283,2024-05-25T04:17,2024-05-25T19:15,53836.09,0.0,24.47,4.16,67,1017.3,7.4,0.167,16.4,10906X0039/C2-1
2702,2024-05-26,42.685696389,2.685378283,2024-05-26T04:17,2024-05-26T19:15,53932.11,0.1,20.61,4.08,75,1018.1,6.7,0.16,16.8,10906X0039/C2-1
2703,2024-05-27,42.685696389,2.685378283,2024-05-27T04:16,2024-05-27T19:16,54024.84,0.1,13.92,3.49,89,1019.9,17.6,0.158,17.1,10906X0039/C2-1
2704,2024-05-28,42.685696389,2.685378283,2024-05-28T04:15,2024-05-28T19:17,54114.13,0.0,28.59,5.92,45,1020.1,16.0,0.155,17.4,10906X0039/C2-1
2705,2024-05-29,42.685696389,2.685378283,2024-05-29T04:15,2024-05-29T19:18,54199.83,0.0,23.64,5.51,90,1016.7,12.9,0.153,17.9,10906X0039/C2-1
2706,2024-05-30,42.685696389,2.685378283,2024-05-30T04:14,2024-05-30T19:19,54281.81,9.4,18.19,4.68,68,1012.7,20.9,0.152,18.1,10906X0039/C2-1
2707,2024-05-31,42.685696389,2.685378283,2024-05-31T04:14,2024-05-31T19:20,54359.91,0.0,27.17,6.19,29,1015.2,26.9,0.15,18.0,10906X0039/C2-1
2708,2024-06-01,42.685696389,2.685378283,2024-06-01T04:13,2024-06-01T19:20,54434.12,0.0,27.37,5.97,13,1017.0,23.0,0.148,18.1,10906X0039/C2-1
2709,2024-06-02,42.685696389,2.685378283,2024-06-02T04:13,2024-06-02T19:21,54505.06,0.1,27.01,6.08,26,1018.6,23.2,0.146,18.3,10906X0039/C2-1
2710,2024-06-03,42.685696389,2.685378283,2024-06-03T04:12,2024-06-03T19:22,54572.79,0.0,26.82,6.24,25,1017.1,16.4,0.144,18.6,10906X0039/C2-1
2711,2024-06-04,42.685696389,2.685378283,2024-06-04T04:12,2024-06-04T19:23,54637.24,0.0,25.45,5.11,27,1014.7,5.6,0.142,19.1,10906X0039/C2-1
2712,2024-06-05,42.685696389,2.685378283,2024-06-05T04:12,2024-06-05T19:23,54698.35,0.0,26.55,5.41,21,1015.7,8.0,0.141,19.5,10906X0039/C2-1
2713,2024-06-06,42.685696389,2.685378283,2024-06-06T04:11,2024-06-06T19:24,54756.05,0.0,24.26,4.8,72,1016.4,5.2,0.14,19.8,10906X0039/C2-1
2714,2024-06-07,42.685696389,2.685378283,2024-06-07T04:11,2024-06-07T19:25,54810.28,0.0,24.4,4.8,75,1017.4,5.1,0.141,20.1,10906X0039/C2-1
2715,2024-06-08,42.685696389,2.685378283,2024-06-08T04:11,2024-06-08T19:25,54860.96,0.0,22.95,4.72,90,1011.5,8.6,0.141,20.3,10906X0039/C2-1
2716,2024-06-09,42.685696389,2.685378283,2024-06-09T04:11,2024-06-09T19:26,54908.06,12.5,15.67,4.33,78,1007.0,23.5,0.149,20.0,10906X0039/C2-1
2717,2024-06-10,42.685696389,2.685378283,2024-06-10T04:11,2024-06-10T19:26,54951.49,0.5,22.68,5.87,77,1012.3,21.8,0.154,19.9,10906X0039/C2-1
2718,2024-06-11,42.685696389,2.685378283,2024-06-11T04:10,2024-06-11T19:27,54991.21,0.0,18.51,5.18,74,1015.0,21.9,0.152,19.9,10906X0039/C2-1
2719,2024-06-12,42.685696389,2.685378283,2024-06-12T04:10,2024-06-12T19:27,55027.15,1.1,20.21,5.06,54,1017.9,19.0,0.15,19.7,10906X0039/C2-1
2720,2024-06-13,42.685696389,2.685378283,2024-06-13T04:10,2024-06-13T19:28,55059.26,0.0,29.35,5.94,30,1018.3,10.1,0.147,19.6,10906X0039/C2-1
2721,2024-06-14,42.685696389,2.685378283,2024-06-14T04:10,2024-06-14T19:28,55087.47,0.0,27.01,5.15,45,1013.3,6.9,0.144,20.0,10906X0039/C2-1
2722,2024-06-15,42.685696389,2.685378283,2024-06-15T04:10,2024-06-15T19:29,55111.75,0.0,14.13,4.12,85,1014.3,15.7,0.143,20.0,10906X0039/C2-1
2723,2024-06-16,42.685696389,2.685378283,2024-06-16T04:10,2024-06-16T19:29,55132.02,0.8,26.14,5.51,42,1013.2,8.0,0.142,20.0,10906X0039/C2-1
2724,2024-06-17,42.685696389,2.685378283,2024-06-17T04:10,2024-06-17T19:30,55148.26,0.2,25.28,4.84,54,1012.6,9.8,0.14,20.4,10906X0039/C2-1
2725,2024-06-18,42.685696389,2.685378283,2024-06-18T04:11,2024-06-18T19:30,55160.39,0.0,24.65,5.37,71,1012.6,13.3,0.139,20.8,10906X0039/C2-1
2726,2024-06-19,42.685696389,2.685378283,2024-06-19T04:11,2024-06-19T19:30,55168.39,0.0,20.61,4.31,71,1012.9,8.1,0.138,21.0,10906X0039/C2-1
2727,2024-06-20,42.685696389,2.685378283,2024-06-20T04:11,2024-06-20T19:30,55172.21,12.3,16.11,3.43,90,1015.6,9.8,0.145,20.8,10906X0039/C2-1
2728,2024-06-21,42.685696389,2.685378283,2024-06-21T04:11,2024-06-21T19:31,55171.79,0.0,26.76,6.46,28,1018.4,19.3,0.145,20.6,10906X0039/C2-1
2729,2024-06-22,42.685696389,2.685378283,2024-06-22T04:11,2024-06-22T19:31,55167.1,0.0,19.33,4.99,69,1019.1,18.9,0.142,20.7,10906X0039/C2-1
2730,2024-06-23,42.685696389,2.685378283,2024-06-23T04:12,2024-06-23T19:31,55158.17,0.0,25.82,6.37,32,1016.9,28.2,0.14,20.6,10906X0039/C2-1
2731,2024-06-24,42.685696389,2.685378283,2024-06-24T04:12,2024-06-24T19:31,55145.08,0.0,27.94,7.36,15,1013.9,17.5,0.138,21.0,10906X0039/C2-1
2732,2024-06-25,42.685696389,2.685378283,2024-06-25T04:12,2024-06-25T19:31,55127.86,0.0,27.27,5.91,70,1011.2,8.5,0.135,21.5,10906X0039/C2-1
2733,2024-06-26,42.685696389,2.685378283,2024-06-26T04:13,2024-06-26T19:31,55106.59,0.0,25.22,5.21,73,1011.5,6.8,0.132,21.8,10906X0039/C2-1
2734,2024-06-27,42.685696389,2.685378283,2024-06-27T04:13,2024-06-27T19:31,55081.3,0.0,24.46,5.61,52,1013.0,6.3,0.131,22.3,10906X0039/C2-1
2735,2024-06-28,42.685696389,2.685378283,2024-06-28T04:13,2024-06-28T19:31,55052.08,0.0,27.87,7.38,35,1014.2,13.1,0.13,22.8,10906X0039/C2-1
2736,2024-06-29,42.685696389,2.685378283,2024-06-29T04:14,2024-06-29T19:31,55018.98,3.3,19.37,4.62,55,1011.0,12.8,0.132,22.7,10906X0039/C2-1
2737,2024-06-30,42.685696389,2.685378283,2024-06-30T04:14,2024-06-30T19:31,54982.06,0.0,18.22,4.47,77,1015.1,10.0,0.135,22.5,10906X0039/C2-1
2738,2024-07-01,42.685696389,2.685378283,2024-07-01T04:15,2024-07-01T19:31,54941.4,2.3,22.52,5.69,70,1017.2,25.8,0.135,22.2,10906X0039/C2-1
2739,2024-07-02,42.685696389,2.685378283,2024-07-02T04:16,2024-07-02T19:31,54897.06,0.0,25.79,6.25,71,1017.6,30.2,0.134,22.1,10906X0039/C2-1
2740,2024-07-03,42.685696389,2.685378283,2024-07-03T04:16,2024-07-03T19:30,54849.1,0.0,26.18,7.44,47,1014.1,28.2,0.134,22.0,10906X0039/C2-1
2741,2024-07-04,42.685696389,2.685378283,2024-07-04T04:17,2024-07-04T19:30,54797.62,0.0,28.9,7.11,8,1015.4,17.7,0.133,22.3,10906X0039/C2-1
2742,2024-07-05,42.685696389,2.685378283,2024-07-05T04:17,2024-07-05T19:30,54742.66,0.0,27.19,5.55,31,1013.1,8.5,0.132,22.6,10906X0039/C2-1
2743,2024-07-06,42.685696389,2.685378283,2024-07-06T04:18,2024-07-06T19:29,54684.3,4.2,7.67,2.39,95,1011.7,12.8,0.133,22.3,10906X0039/C2-1
2744,2024-07-07,42.685696389,2.685378283,2024-07-07T04:19,2024-07-07T19:29,54622.61,0.0,25.29,5.81,33,1014.4,16.7,0.14,21.8,10906X0039/C2-1
2745,2024-07-08,42.685696389,2.685378283,2024-07-08T04:19,2024-07-08T19:29,54557.68,0.0,26.6,5.06,17,1014.8,8.8,0.139,22.0,10906X0039/C2-1
2746,2024-07-09,42.685696389,2.685378283,2024-07-09T04:20,2024-07-09T19:28,54489.56,0.0,23.93,5.1,64,1014.3,7.8,0.138,22.4,10906X0039/C2-1
2747,2024-07-10,42.685696389,2.685378283,2024-07-10T04:21,2024-07-10T19:28,54418.35,0.0,25.53,5.73,13,1016.5,6.7,0.136,22.8,10906X0039/C2-1
2748,2024-07-11,42.685696389,2.685378283,2024-07-11T04:22,2024-07-11T19:27,54343.97,0.0,26.27,6.97,12,1014.6,13.5,0.134,23.4,10906X0039/C2-1
2749,2024-07-12,42.685696389,2.685378283,2024-07-12T04:22,2024-07-12T19:27,54265.74,0.3,14.97,5.1,68,1014.9,23.7,0.134,23.4,10906X0039/C2-1
2750,2024-07-13,42.685696389,2.685378283,2024-07-13T04:23,2024-07-13T19:26,54183.69,0.0,24.09,5.53,61,1013.8,9.0,0.134,23.2,10906X0039/C2-1
2751,2024-07-14,42.685696389,2.685378283,2024-07-14T04:24,2024-07-14T19:26,54097.95,0.0,26.77,5.6,36,1011.8,6.2,0.133,23.3,10906X0039/C2-1
2752,2024-07-15,42.685696389,2.685378283,2024-07-15T04:25,2024-07-15T19:25,54008.68,2.8,18.8,4.18,56,1012.5,7.1,0.133,23.4,10906X0039/C2-1
2753,2024-07-16,42.685696389,2.685378283,2024-07-16T04:26,2024-07-16T19:24,53916.02,0.0,23.36,6.59,48,1017.2,19.1,0.133,23.7,10906X0039/C2-1
2754,2024-07-17,42.685696389,2.685378283,2024-07-17T04:27,2024-07-17T19:24,53820.12,0.0,27.57,6.73,40,1017.8,9.5,0.132,24.0,10906X0039/C2-1
2755,2024-07-18,42.685696389,2.685378283,2024-07-18T04:27,2024-07-18T19:23,53721.12,0.0,26.63,5.89,10,1017.7,6.9,0.132,24.2,10906X0039/C2-1
2756,2024-07-19,42.685696389,2.685378283,2024-07-19T04:28,2024-07-19T19:22,53619.17,0.2,24.25,6.06,41,1016.5,6.4,0.132,24.6,10906X0039/C2-1
2757,2024-07-20,42.685696389,2.685378283,2024-07-20T04:29,2024-07-20T19:21,53514.4,0.0,25.14,7.1,15,1008.7,12.0,0.131,25.1,10906X0039/C2-1
2758,2024-07-21,42.685696389,2.685378283,2024-07-21T04:30,2024-07-21T19:20,53406.97,0.1,22.43,7.08,62,1012.6,31.0,0.134,24.8,10906X0039/C2-1
2759,2024-07-22,42.685696389,2.685378283,2024-07-22T04:31,2024-07-22T19:19,53297.0,0.0,27.94,7.56,8,1018.8,29.2,0.136,24.2,10906X0039/C2-1
2760,2024-07-23,42.685696389,2.685378283,2024-07-23T04:32,2024-07-23T19:19,53184.63,0.0,27.85,8.4,3,1019.4,21.6,0.134,24.4,10906X0039/C2-1
2761,2024-07-24,42.685696389,2.685378283,2024-07-24T04:33,2024-07-24T19:18,53070.01,0.0,27.9,7.98,8,1017.1,17.7,0.132,24.9,10906X0039/C2-1
2762,2024-07-25,42.685696389,2.685378283,2024-07-25T04:34,2024-07-25T19:17,52953.25,0.0,27.5,7.67,3,1012.9,16.0,0.132,25.2,10906X0039/C2-1
2763,2024-07-26,42.685696389,2.685378283,2024-07-26T04:35,2024-07-26T19:16,52834.49,0.0,24.95,6.52,21,1011.9,9.2,0.131,25.5,10906X0039/C2-1
2764,2024-07-27,42.685696389,2.685378283,2024-07-27T04:36,2024-07-27T19:15,52713.87,0.0,26.72,5.51,3,1014.2,7.1,0.132,25.5,10906X0039/C2-1
2765,2024-07-28,42.685696389,2.685378283,2024-07-28T04:37,2024-07-28T19:14,52591.5,0.0,25.41,5.3,20,1018.7,5.8,0.132,25.5,10906X0039/C2-1
2766,2024-07-29,42.685696389,2.685378283,2024-07-29T04:38,2024-07-29T19:13,52467.51,0.0,26.75,5.83,3,1016.8,6.1,0.133,25.5,10906X0039/C2-1
2767,2024-07-30,42.685696389,2.685378283,2024-07-30T04:39,2024-07-30T19:11,52342.01,0.0,23.53,5.84,26,1015.0,6.1,0.133,25.8,10906X0039/C2-1
2768,2024-07-31,42.685696389,2.685378283,2024-07-31T04:40,2024-07-31T19:10,52214.95,0.0,24.53,5.88,14,1012.6,6.3,0.133,26.0,10906X0039/C2-1
2769,2024-08-01,42.685696389,2.685378283,2024-08-01T04:41,2024-08-01T19:09,52085.27,0.0,23.86,7.19,22,1012.9,17.2,0.133,26.3,10906X0039/C2-1
2770,2024-08-02,42.685696389,2.685378283,2024-08-02T04:42,2024-08-02T19:08,51952.96,0.0,20.15,6.42,41,1012.2,22.6,0.132,26.3,10906X0039/C2-1
2771,2024-08-03,42.685696389,2.685378283,2024-08-03T04:43,2024-08-03T19:07,51818.16,0.0,25.7,7.37,18,1014.3,26.1,0.133,26.0,10906X0039/C2-1
2772,2024-08-04,42.685696389,2.685378283,2024-08-04T04:44,2024-08-04T19:06,51681.04,0.0,26.91,7.87,0,1014.8,18.5,0.132,25.9,10906X0039/C2-1
2773,2024-08-05,42.685696389,2.685378283,2024-08-05T04:45,2024-08-05T19:04,51541.76,0.0,26.39,6.61,8,1012.2,7.5,0.132,26.2,10906X0039/C2-1
2774,2024-08-06,42.685696389,2.685378283,2024-08-06T04:46,2024-08-06T19:03,51400.46,0.0,23.5,6.38,28,1011.2,9.5,0.132,26.5,10906X0039/C2-1
2775,2024-08-07,42.685696389,2.685378283,2024-08-07T04:47,2024-08-07T19:02,51257.28,0.3,19.57,5.71,55,1013.4,12.6,0.132,26.6,10906X0039/C2-1
2776,2024-08-08,42.685696389,2.685378283,2024-08-08T04:48,2024-08-08T19:00,51112.39,0.0,23.73,7.18,28,1015.4,14.0,0.132,26.8,10906X0039/C2-1
2777,2024-08-09,42.685696389,2.685378283,2024-08-09T04:50,2024-08-09T18:59,50965.92,0.0,25.77,8.04,4,1017.7,15.0,0.132,27.1,10906X0039/C2-1
2778,2024-08-10,42.685696389,2.685378283,2024-08-10T04:51,2024-08-10T18:58,50818.0,0.0,25.94,6.83,9,1018.2,8.8,0.131,27.2,10906X0039/C2-1
2779,2024-08-11,42.685696389,2.685378283,2024-08-11T04:52,2024-08-11T18:56,50668.78,0.0,24.59,5.35,47,1016.2,8.9,0.132,26.9,10906X0039/C2-1
2780,2024-08-12,42.685696389,2.685378283,2024-08-12T04:53,2024-08-12T18:55,50518.39,0.6,19.91,4.42,56,1012.8,5.8,0.132,26.9,10906X0039/C2-1
2781,2024-08-13,42.685696389,2.685378283,2024-08-13T04:54,2024-08-13T18:53,50366.96,12.7,18.56,4.39,42,1011.0,8.8,0.136,26.8,10906X0039/C2-1
2782,2024-08-14,42.685696389,2.685378283,2024-08-14T04:55,2024-08-14T18:52,50214.61,0.5,16.55,5.16,93,1013.4,21.7,0.132,26.4,10906X0039/C2-1
2783,2024-08-15,42.685696389,2.685378283,2024-08-15T04:56,2024-08-15T18:50,50061.47,3.4,23.08,6.38,48,1017.6,26.6,0.133,25.8,10906X0039/C2-1
2784,2024-08-16,42.685696389,2.685378283,2024-08-16T04:57,2024-08-16T18:49,49907.67,4.1,19.16,5.51,57,1017.4,17.1,0.143,25.6,10906X0039/C2-1
2785,2024-08-17,42.685696389,2.685378283,2024-08-17T04:58,2024-08-17T18:47,49753.32,0.0,22.11,6.28,44,1014.6,14.7,0.141,25.8,10906X0039/C2-1
2786,2024-08-18,42.685696389,2.685378283,2024-08-18T04:59,2024-08-18T18:46,49598.55,1.7,19.12,5.58,53,1013.7,25.4,0.139,25.6,10906X0039/C2-1
2787,2024-08-19,42.685696389,2.685378283,2024-08-19T05:00,2024-08-19T18:44,49443.46,0.0,25.43,7.31,4,1014.2,26.1,0.138,25.2,10906X0039/C2-1
2788,2024-08-20,42.685696389,2.685378283,2024-08-20T05:01,2024-08-20T18:43,49287.96,0.0,25.1,7.07,0,1014.1,18.2,0.135,25.2,10906X0039/C2-1
2789,2024-08-21,42.685696389,2.685378283,2024-08-21T05:02,2024-08-21T18:41,49130.93,0.0,23.07,6.03,12,1017.4,19.9,0.134,25.2,10906X0039/C2-1
2790,2024-08-22,42.685696389,2.685378283,2024-08-22T05:04,2024-08-22T18:40,48972.29,0.0,23.67,5.69,3,1013.9,7.6,0.133,25.2,10906X0039/C2-1
2791,2024-08-23,42.685696389,2.685378283,2024-08-23T05:05,2024-08-23T18:38,48812.19,0.0,23.18,5.47,3,1014.7,8.0,0.133,25.5,10906X0039/C2-1
2792,2024-08-24,42.685696389,2.685378283,2024-08-24T05:06,2024-08-24T18:37,48650.74,6.6,20.39,5.82,45,1012.9,12.3,0.133,25.7,10906X0039/C2-1
2793,2024-08-25,42.685696389,2.685378283,2024-08-25T05:07,2024-08-25T18:35,48488.08,0.3,18.68,5.96,43,1019.8,23.1,0.133,25.5,10906X0039/C2-1
2794,2024-08-26,42.685696389,2.685378283,2024-08-26T05:08,2024-08-26T18:33,48324.32,0.0,23.99,7.18,2,1018.1,21.6,0.132,25.3,10906X0039/C2-1
2795,2024-08-27,42.685696389,2.685378283,2024-08-27T05:09,2024-08-27T18:32,48159.6,0.0,24.17,5.48,1,1015.6,8.2,0.131,25.2,10906X0039/C2-1
2796,2024-08-28,42.685696389,2.685378283,2024-08-28T05:10,2024-08-28T18:30,47994.01,0.0,22.92,4.96,2,1016.1,9.2,0.131,25.0,10906X0039/C2-1
2797,2024-08-29,42.685696389,2.685378283,2024-08-29T05:11,2024-08-29T18:28,47827.7,0.0,20.57,4.13,75,1017.3,6.9,0.131,25.0,10906X0039/C2-1
2798,2024-08-30,42.685696389,2.685378283,2024-08-30T05:12,2024-08-30T18:27,47660.76,0.0,21.07,4.32,63,1016.5,6.6,0.131,24.9,10906X0039/C2-1
2799,2024-08-31,42.685696389,2.685378283,2024-08-31T05:13,2024-08-31T18:25,47493.32,0.2,17.07,4.42,66,1015.3,8.8,0.131,24.9,10906X0039/C2-1
2800,2024-09-01,42.685696389,2.685378283,2024-09-01T05:14,2024-09-01T18:23,47325.48,0.2,11.94,2.78,78,1014.5,5.8,0.134,24.7,10906X0039/C2-1
2801,2024-09-02,42.685696389,2.685378283,2024-09-02T05:15,2024-09-02T18:21,47157.35,0.0,20.93,4.79,21,1013.2,8.3,0.138,24.4,10906X0039/C2-1
2802,2024-09-03,42.685696389,2.685378283,2024-09-03T05:16,2024-09-03T18:20,46989.03,8.1,10.86,2.53,87,1015.1,7.9,0.14,24.2,10906X0039/C2-1
2803,2024-09-04,42.685696389,2.685378283,2024-09-04T05:18,2024-09-04T18:18,46820.63,7.7,10.08,2.9,93,1014.1,21.0,0.143,23.6,10906X0039/C2-1
2804,2024-09-05,42.685696389,2.685378283,2024-09-05T05:19,2024-09-05T18:16,46652.26,0.0,14.94,3.79,65,1011.2,13.5,0.144,23.2,10906X0039/C2-1
2805,2024-09-06,42.685696389,2.685378283,2024-09-06T05:20,2024-09-06T18:14,46484.02,0.3,13.8,3.71,85,1007.9,17.1,0.143,23.2,10906X0039/C2-1
2806,2024-09-07,42.685696389,2.685378283,2024-09-07T05:21,2024-09-07T18:13,46316.01,0.0,18.63,4.78,54,1008.5,14.8,0.142,23.5,10906X0039/C2-1
2807,2024-09-08,42.685696389,2.685378283,2024-09-08T05:22,2024-09-08T18:11,46148.33,3.5,14.72,3.69,64,1012.2,14.0,0.142,23.4,10906X0039/C2-1
2808,2024-09-09,42.685696389,2.685378283,2024-09-09T05:23,2024-09-09T18:09,45980.87,0.0,18.21,5.43,15,1015.3,25.4,0.147,23.1,10906X0039/C2-1
2809,2024-09-10,42.685696389,2.685378283,2024-09-10T05:24,2024-09-10T18:07,45812.51,0.0,20.1,5.49,30,1016.4,26.2,0.145,22.9,10906X0039/C2-1
2810,2024-09-11,42.685696389,2.685378283,2024-09-11T05:25,2024-09-11T18:06,45643.14,0.0,19.45,5.3,69,1014.8,22.6,0.143,22.7,10906X0039/C2-1
2811,2024-09-12,42.685696389,2.685378283,2024-09-12T05:26,2024-09-12T18:04,45472.89,1.9,15.39,4.36,62,1015.1,27.8,0.143,22.3,10906X0039/C2-1
2812,2024-09-13,42.685696389,2.685378283,2024-09-13T05:27,2024-09-13T18:02,45301.85,0.0,18.98,5.22,20,1022.6,28.8,0.142,21.7,10906X0039/C2-1
2813,2024-09-14,42.685696389,2.685378283,2024-09-14T05:28,2024-09-14T18:00,45130.13,0.0,21.48,6.56,1,1023.8,25.2,0.14,21.4,10906X0039/C2-1
2814,2024-09-15,42.685696389,2.685378283,2024-09-15T05:29,2024-09-15T17:59,44957.85,0.0,21.32,6.76,0,1018.7,27.8,0.138,21.4,10906X0039/C2-1
2815,2024-09-16,42.685696389,2.685378283,2024-09-16T05:30,2024-09-16T17:57,44785.11,0.0,20.15,7.35,27,1016.8,33.3,0.137,21.5,10906X0039/C2-1
2816,2024-09-17,42.685696389,2.685378283,2024-09-17T05:31,2024-09-17T17:55,44612.0,0.0,17.73,4.77,44,1015.6,21.2,0.136,21.6,10906X0039/C2-1
2817,2024-09-18,42.685696389,2.685378283,2024-09-18T05:32,2024-09-18T17:53,44438.64,0.8,17.75,3.27,33,1016.3,7.1,0.135,21.3,10906X0039/C2-1
2818,2024-09-19,42.685696389,2.685378283,2024-09-19T05:34,2024-09-19T17:51,44265.12,1.8,18.05,3.59,10,1015.0,9.2,0.136,21.0,10906X0039/C2-1
2819,2024-09-20,42.685696389,2.685378283,2024-09-20T05:35,2024-09-20T17:50,44091.56,0.3,10.02,2.58,76,1016.6,13.3,0.135,20.9,10906X0039/C2-1
2820,2024-09-21,42.685696389,2.685378283,2024-09-21T05:36,2024-09-21T17:48,43918.04,1.7,13.29,3.04,80,1016.2,18.1,0.135,21.0,10906X0039/C2-1
2821,2024-09-22,42.685696389,2.685378283,2024-09-22T05:37,2024-09-22T17:46,43744.67,10.3,10.03,2.18,67,1014.1,9.7,0.141,20.9,10906X0039/C2-1
2822,2024-09-23,42.685696389,2.685378283,2024-09-23T05:38,2024-09-23T17:44,43571.56,0.1,15.87,3.45,44,1013.9,11.4,0.145,20.8,10906X0039/C2-1
2823,2024-09-24,42.685696389,2.685378283,2024-09-24T05:39,2024-09-24T17:42,43398.79,1.6,12.41,2.21,65,1013.3,4.1,0.143,20.7,10906X0039/C2-1
2824,2024-09-25,42.685696389,2.685378283,2024-09-25T05:40,2024-09-25T17:41,43226.48,0.0,16.32,3.24,68,1010.2,6.8,0.143,20.5,10906X0039/C2-1
2825,2024-09-26,42.685696389,2.685378283,2024-09-26T05:41,2024-09-26T17:39,43054.73,0.0,15.87,3.21,62,1006.5,7.3,0.142,20.8,10906X0039/C2-1
2826,2024-09-27,42.685696389,2.685378283,2024-09-27T05:42,2024-09-27T17:37,42883.64,0.3,4.02,2.46,80,1013.1,16.2,0.142,20.7,10906X0039/C2-1
2827,2024-09-28,42.685696389,2.685378283,2024-09-28T05:43,2024-09-28T17:35,42713.3,0.0,16.57,4.14,19,1022.5,22.6,0.141,20.2,10906X0039/C2-1
2828,2024-09-29,42.685696389,2.685378283,2024-09-29T05:44,2024-09-29T17:34,42543.61,0.0,17.38,2.93,20,1023.0,7.1,0.14,19.7,10906X0039/C2-1
2829,2024-09-30,42.685696389,2.685378283,2024-09-30T05:46,2024-09-30T17:32,42373.37,0.0,15.65,2.78,49,1020.6,5.1,0.138,19.8,10906X0039/C2-1
2830,2024-10-01,42.685696389,2.685378283,2024-10-01T05:47,2024-10-01T17:30,42202.49,0.0,11.62,2.2,59,1013.7,4.6,0.138,19.9,10906X0039/C2-1
2831,2024-10-02,42.685696389,2.685378283,2024-10-02T05:48,2024-10-02T17:28,42031.05,21.1,3.09,1.22,99,1009.8,12.0,0.142,19.8,10906X0039/C2-1
2832,2024-10-03,42.685696389,2.685378283,2024-10-03T05:49,2024-10-03T17:27,41859.2,1.5,14.58,4.04,56,1010.6,30.0,0.155,19.3,10906X0039/C2-1
2833,2024-10-04,42.685696389,2.685378283,2024-10-04T05:50,2024-10-04T17:25,41687.02,0.0,15.76,3.77,23,1014.2,24.8,0.154,19.2,10906X0039/C2-1
2834,2024-10-05,42.685696389,2.685378283,2024-10-05T05:51,2024-10-05T17:23,41514.65,0.0,16.36,2.71,51,1013.6,7.3,0.153,18.8,10906X0039/C2-1
2835,2024-10-06,42.685696389,2.685378283,2024-10-06T05:52,2024-10-06T17:21,41342.2,0.7,7.52,1.38,99,1010.7,6.2,0.152,18.7,10906X0039/C2-1
2836,2024-10-07,42.685696389,2.685378283,2024-10-07T05:53,2024-10-07T17:20,41169.78,3.8,5.78,1.02,100,1006.5,5.9,0.154,18.7,10906X0039/C2-1
2837,2024-10-08,42.685696389,2.685378283,2024-10-08T05:55,2024-10-08T17:18,40997.52,2.1,13.81,2.84,62,1005.1,8.6,0.155,18.8,10906X0039/C2-1
2838,2024-10-09,42.685696389,2.685378283,2024-10-09T05:56,2024-10-09T17:16,40825.51,0.3,11.75,2.89,64,998.5,11.2,0.155,18.8,10906X0039/C2-1
2839,2024-10-10,42.685696389,2.685378283,2024-10-10T05:57,2024-10-10T17:15,40653.89,0.0,15.09,4.2,27,1008.5,22.7,0.154,19.0,10906X0039/C2-1
2840,2024-10-11,42.685696389,2.685378283,2024-10-11T05:58,2024-10-11T17:13,40482.78,0.0,10.63,2.13,42,1014.8,6.9,0.152,18.8,10906X0039/C2-1
2841,2024-10-12,42.685696389,2.685378283,2024-10-12T05:59,2024-10-12T17:11,40312.3,0.8,8.11,1.42,80,1012.5,4.7,0.151,18.6,10906X0039/C2-1
2842,2024-10-13,42.685696389,2.685378283,2024-10-13T06:00,2024-10-13T17:09,40142.56,0.2,9.64,1.83,84,1018.8,6.7,0.15,18.6,10906X0039/C2-1
2843,2024-10-14,42.685696389,2.685378283,2024-10-14T06:02,2024-10-14T17:08,39973.7,1.5,3.17,0.67,100,1018.8,5.2,0.152,18.7,10906X0039/C2-1
2844,2024-10-15,42.685696389,2.685378283,2024-10-15T06:03,2024-10-15T17:06,39805.85,1.1,5.72,1.14,99,1013.5,15.1,0.153,18.8,10906X0039/C2-1
2845,2024-10-16,42.685696389,2.685378283,2024-10-16T06:04,2024-10-16T17:05,39639.13,0.2,8.78,2.78,63,1008.1,12.6,0.153,19.0,10906X0039/C2-1
2846,2024-10-17,42.685696389,2.685378283,2024-10-17T06:05,2024-10-17T17:03,39473.67,0.9,6.59,2.06,86,1010.1,14.4,0.153,18.9,10906X0039/C2-1
2847,2024-10-18,42.685696389,2.685378283,2024-10-18T06:06,2024-10-18T17:01,39309.62,11.5,4.55,2.64,88,1017.2,21.8,0.157,18.5,10906X0039/C2-1
2848,2024-10-19,42.685696389,2.685378283,2024-10-19T06:07,2024-10-19T17:00,39146.85,0.0,13.59,3.33,45,1018.6,15.1,0.153,18.4,10906X0039/C2-1
2849,2024-10-20,42.685696389,2.685378283,2024-10-20T06:09,2024-10-20T16:58,38984.05,0.0,13.27,2.97,98,1022.2,8.5,0.151,18.6,10906X0039/C2-1
2850,2024-10-21,42.685696389,2.685378283,2024-10-21T06:10,2024-10-21T16:57,38821.1,0.0,12.32,2.43,49,1025.2,9.5,0.15,18.5,10906X0039/C2-1
2851,2024-10-22,42.685696389,2.685378283,2024-10-22T06:11,2024-10-22T16:55,38658.13,0.5,7.43,2.12,96,1028.2,15.4,0.15,18.6,10906X0039/C2-1
2852,2024-10-23,42.685696389,2.685378283,2024-10-23T06:12,2024-10-23T16:54,38495.28,0.0,11.77,2.24,43,1027.7,7.7,0.149,18.7,10906X0039/C2-1
2853,2024-10-24,42.685696389,2.685378283,2024-10-24T06:14,2024-10-24T16:52,38332.7,0.0,8.69,1.78,66,1022.6,7.7,0.148,18.5,10906X0039/C2-1
2854,2024-10-25,42.685696389,2.685378283,2024-10-25T06:15,2024-10-25T16:51,38170.52,0.0,9.0,1.82,99,1016.5,6.2,0.148,18.6,10906X0039/C2-1
2855,2024-10-26,42.685696389,2.685378283,2024-10-26T06:16,2024-10-26T16:50,38008.9,4.1,5.49,1.1,97,1013.7,7.9,0.149,18.4,10906X0039/C2-1
2856,2024-10-27,42.685696389,2.685378283,2024-10-27T06:17,2024-10-27T16:48,37847.97,2.0,10.31,1.66,63,1019.9,6.7,0.154,18.0,10906X0039/C2-1
2857,2024-10-28,42.685696389,2.685378283,2024-10-28T06:19,2024-10-28T16:47,37687.9,25.0,2.51,0.53,96,1024.8,6.5,0.164,17.7,10906X0039/C2-1
2858,2024-10-29,42.685696389,2.685378283,2024-10-29T06:20,2024-10-29T16:45,37528.83,1.5,7.2,1.13,82,1024.5,6.1,0.176,17.9,10906X0039/C2-1
2859,2024-10-30,42.685696389,2.685378283,2024-10-30T06:21,2024-10-30T16:44,37370.93,1.5,6.34,1.09,97,1022.8,8.5,0.176,17.8,10906X0039/C2-1
2860,2024-10-31,42.685696389,2.685378283,2024-10-31T06:22,2024-10-31T16:43,37214.35,1.3,7.29,1.15,71,1023.8,7.5,0.179,18.0,10906X0039/C2-1
2861,2024-11-01,42.685696389,2.685378283,2024-11-01T06:24,2024-11-01T16:41,37059.26,0.0,9.02,1.45,77,1023.9,6.3,0.179,17.9,10906X0039/C2-1
2862,2024-11-02,42.685696389,2.685378283,2024-11-02T06:25,2024-11-02T16:40,36905.82,0.0,6.24,1.07,67,1023.0,4.6,0.178,17.5,10906X0039/C2-1
2863,2024-11-03,42.685696389,2.685378283,2024-11-03T06:26,2024-11-03T16:39,36754.2,0.5,7.15,1.14,85,1024.6,8.5,0.178,17.4,10906X0039/C2-1
2864,2024-11-04,42.685696389,2.685378283,2024-11-04T06:27,2024-11-04T16:37,36604.59,0.2,6.99,1.35,72,1023.0,8.7,0.179,17.6,10906X0039/C2-1
2865,2024-11-05,42.685696389,2.685378283,2024-11-05T06:29,2024-11-05T16:36,36457.15,0.1,6.99,1.15,91,1023.4,4.9,0.178,17.7,10906X0039/C2-1
2866,2024-11-06,42.685696389,2.685378283,2024-11-06T06:30,2024-11-06T16:35,36312.07,15.8,8.18,1.23,77,1026.5,3.9,0.182,17.5,10906X0039/C2-1
2867,2024-11-07,42.685696389,2.685378283,2024-11-07T06:31,2024-11-07T16:34,36169.53,1.9,7.33,1.12,71,1025.9,6.2,0.182,17.3,10906X0039/C2-1
2868,2024-11-08,42.685696389,2.685378283,2024-11-08T06:32,2024-11-08T16:33,36029.47,2.8,6.93,1.04,94,1023.3,6.1,0.184,17.1,10906X0039/C2-1
2869,2024-11-09,42.685696389,2.685378283,2024-11-09T06:34,2024-11-09T16:32,35890.49,0.3,7.65,1.77,74,1023.3,13.6,0.184,17.2,10906X0039/C2-1
2870,2024-11-10,42.685696389,2.685378283,2024-11-10T06:35,2024-11-10T16:31,35752.5,0.0,9.39,2.63,44,1024.1,25.4,0.183,17.3,10906X0039/C2-1
2871,2024-11-11,42.685696389,2.685378283,2024-11-11T06:36,2024-11-11T16:30,35615.65,0.0,9.61,3.02,43,1024.9,28.7,0.181,17.3,10906X0039/C2-1
2872,2024-11-12,42.685696389,2.685378283,2024-11-12T06:37,2024-11-12T16:29,35480.08,0.0,8.31,2.21,72,1021.8,24.0,0.168,16.6,10906X0039/C2-1
2873,2024-11-13,42.685696389,2.685378283,2024-11-13T06:39,2024-11-13T16:28,35345.98,5.1,2.74,0.67,70,1023.5,11.0,0.158,15.4,10906X0039/C2-1
2874,2024-11-14,42.685696389,2.685378283,2024-11-14T06:40,2024-11-14T16:27,35213.5,0.0,9.86,1.8,61,1022.4,11.4,0.161,15.0,10906X0039/C2-1
2875,2024-11-15,42.685696389,2.685378283,2024-11-15T06:41,2024-11-15T16:26,35082.81,0.0,10.0,1.21,29,1024.0,5.3,0.161,14.4,10906X0039/C2-1
2876,2024-11-16,42.685696389,2.685378283,2024-11-16T06:42,2024-11-16T16:25,34954.08,0.0,7.75,1.05,84,1021.9,4.8,0.161,14.3,10906X0039/C2-1
2877,2024-11-17,42.685696389,2.685378283,2024-11-17T06:44,2024-11-17T16:24,34827.48,0.0,9.37,1.68,53,1018.7,11.9,0.16,14.1,10906X0039/C2-1
2878,2024-11-18,42.685696389,2.685378283,2024-11-18T06:45,2024-11-18T16:23,34703.18,0.0,8.32,1.38,72,1018.8,12.4,0.159,14.3,10906X0039/C2-1
2879,2024-11-19,42.685696389,2.685378283,2024-11-19T06:46,2024-11-19T16:23,34581.39,0.0,7.52,1.28,72,1015.2,7.4,0.157,14.0,10906X0039/C2-1
2880,2024-11-20,42.685696389,2.685378283,2024-11-20T06:47,2024-11-20T16:22,34462.26,7.3,1.59,0.63,99,1012.0,10.6,0.156,13.9,10906X0039/C2-1
2881,2024-11-21,42.685696389,2.685378283,2024-11-21T06:49,2024-11-21T16:21,34345.99,1.3,6.89,1.2,91,1006.6,7.7,0.159,13.8,10906X0039/C2-1
2882,2024-11-22,42.685696389,2.685378283,2024-11-22T06:50,2024-11-22T16:20,34232.76,2.3,6.35,1.7,65,1015.1,24.3,0.158,13.6,10906X0039/C2-1
2883,2024-11-23,42.685696389,2.685378283,2024-11-23T06:51,2024-11-23T16:20,34122.78,0.0,8.08,0.96,37,1024.2,5.3,0.158,12.8,10906X0039/C2-1
2884,2024-11-24,42.685696389,2.685378283,2024-11-24T06:52,2024-11-24T16:19,34016.23,0.0,7.75,1.36,78,1021.0,10.9,0.157,12.6,10906X0039/C2-1
2885,2024-11-25,42.685696389,2.685378283,2024-11-25T06:53,2024-11-25T16:19,33913.31,0.8,4.82,1.63,96,1016.8,16.2,0.155,13.0,10906X0039/C2-1
2886,2024-11-26,42.685696389,2.685378283,2024-11-26T06:55,2024-11-26T16:18,33814.2,0.0,6.06,1.22,97,1022.9,7.2,0.151,13.3,10906X0039/C2-1
2887,2024-11-27,42.685696389,2.685378283,2024-11-27T06:56,2024-11-27T16:18,33719.14,0.0,8.76,1.22,23,1023.9,5.4,0.152,12.9,10906X0039/C2-1
2888,2024-11-28,42.685696389,2.685378283,2024-11-28T06:57,2024-11-28T16:17,33628.09,0.0,8.62,1.21,0,1025.0,5.3,0.153,12.3,10906X0039/C2-1
2889,2024-11-29,42.685696389,2.685378283,2024-11-29T06:58,2024-11-29T16:17,33540.01,0.0,8.5,1.07,22,1025.1,4.4,0.15,12.1,10906X0039/C2-1
2890,2024-11-30,42.685696389,2.685378283,2024-11-30T06:59,2024-11-30T16:16,33454.8,0.0,8.29,0.99,39,1027.8,3.6,0.148,12.0,10906X0039/C2-1
2891,2024-12-01,42.685696389,2.685378283,2024-12-01T07:00,2024-12-01T16:16,33372.58,0.8,6.48,0.79,62,1025.3,3.5,0.148,12.2,10906X0039/C2-1
2892,2024-12-02,42.685696389,2.685378283,2024-12-02T07:01,2024-12-02T16:16,33293.47,0.0,6.42,1.45,71,1021.4,12.5,0.148,12.0,10906X0039/C2-1
2893,2024-12-03,42.685696389,2.685378283,2024-12-03T07:02,2024-12-03T16:16,33217.57,0.8,5.43,1.44,91,1021.1,18.6,0.149,12.5,10906X0039/C2-1
2894,2024-12-04,42.685696389,2.685378283,2024-12-04T07:03,2024-12-04T16:15,33144.99,0.0,7.98,2.28,47,1023.7,28.8,0.147,12.3,10906X0039/C2-1
2895,2024-12-05,42.685696389,2.685378283,2024-12-05T07:04,2024-12-05T16:15,33075.85,0.0,7.03,1.69,98,1025.4,9.1,0.147,12.0,10906X0039/C2-1
2896,2024-12-06,42.685696389,2.685378283,2024-12-06T07:05,2024-12-06T16:15,33010.27,1.2,3.04,1.39,98,1022.5,20.6,0.146,12.3,10906X0039/C2-1
2897,2024-12-07,42.685696389,2.685378283,2024-12-07T07:06,2024-12-07T16:15,32948.36,3.5,3.76,1.61,96,1016.8,24.4,0.149,12.8,10906X0039/C2-1
2898,2024-12-08,42.685696389,2.685378283,2024-12-08T07:07,2024-12-08T16:15,32890.23,3.8,3.23,1.79,99,1011.5,33.7,0.15,12.2,10906X0039/C2-1
2899,2024-12-09,42.685696389,2.685378283,2024-12-09T07:08,2024-12-09T16:15,32836.0,3.6,2.01,1.1,99,1013.7,28.9,0.153,11.7,10906X0039/C2-1
2900,2024-12-10,42.685696389,2.685378283,2024-12-10T07:09,2024-12-10T16:15,32785.77,0.1,7.05,1.24,66,1019.0,17.5,0.154,11.3,10906X0039/C2-1
2901,2024-12-11,42.685696389,2.685378283,2024-12-11T07:10,2024-12-11T16:15,32739.65,0.8,3.36,0.46,90,1022.7,5.1,0.153,10.9,10906X0039/C2-1
2902,2024-12-12,42.685696389,2.685378283,2024-12-12T07:10,2024-12-12T16:15,32697.76,13.9,1.42,0.27,100,1024.3,4.0,0.161,10.9,10906X0039/C2-1
2903,2024-12-13,42.685696389,2.685378283,2024-12-13T07:11,2024-12-13T16:15,32660.21,6.8,1.14,0.29,89,1023.5,5.3,0.175,10.8,10906X0039/C2-1
2904,2024-12-14,42.685696389,2.685378283,2024-12-14T07:12,2024-12-14T16:16,32627.1,0.8,6.62,1.4,43,1026.7,15.8,0.176,10.4,10906X0039/C2-1
2905,2024-12-15,42.685696389,2.685378283,2024-12-15T07:13,2024-12-15T16:16,32598.53,0.0,4.84,1.5,57,1034.1,25.3,0.176,10.6,10906X0039/C2-1
2906,2024-12-16,42.685696389,2.685378283,2024-12-16T07:13,2024-12-16T16:16,32574.61,0.0,7.87,1.1,3,1037.3,6.8,0.174,10.3,10906X0039/C2-1
2907,2024-12-17,42.685696389,2.685378283,2024-12-17T07:14,2024-12-17T16:16,32555.45,0.2,4.74,0.55,97,1032.1,4.9,0.175,10.2,10906X0039/C2-1
2908,2024-12-18,42.685696389,2.685378283,2024-12-18T07:14,2024-12-18T16:17,32541.09,0.0,6.93,0.78,78,1026.9,3.4,0.177,10.1,10906X0039/C2-1
2909,2024-12-19,42.685696389,2.685378283,2024-12-19T07:15,2024-12-19T16:17,32531.33,3.3,4.65,1.13,85,1018.3,15.8,0.178,10.1,10906X0039/C2-1
2910,2024-12-20,42.685696389,2.685378283,2024-12-20T07:16,2024-12-20T16:18,32526.08,0.4,7.79,2.48,35,1026.4,30.1,0.172,10.1,10906X0039/C2-1
2911,2024-12-21,42.685696389,2.685378283,2024-12-21T07:16,2024-12-21T16:18,32525.33,6.7,3.7,1.4,77,1027.2,14.2,0.172,10.1,10906X0039/C2-1
2912,2024-12-22,42.685696389,2.685378283,2024-12-22T07:17,2024-12-22T16:19,32529.02,6.0,4.43,1.83,89,1020.8,25.4,0.169,10.6,10906X0039/C2-1
2913,2024-12-23,42.685696389,2.685378283,2024-12-23T07:17,2024-12-23T16:19,32537.12,0.1,6.15,1.99,60,1024.1,37.4,0.167,10.3,10906X0039/C2-1
2914,2024-12-24,42.685696389,2.685378283,2024-12-24T07:17,2024-12-24T16:20,32549.59,0.6,1.76,1.76,90,1025.4,33.4,0.165,10.3,10906X0039/C2-1
2915,2024-12-25,42.685696389,2.685378283,2024-12-25T07:18,2024-12-25T16:20,32566.38,0.0,7.05,1.46,31,1029.2,16.4,0.162,10.8,10906X0039/C2-1
2916,2024-12-26,42.685696389,2.685378283,2024-12-26T07:18,2024-12-26T16:21,32587.44,0.0,6.48,0.72,46,1030.9,4.0,0.161,10.3,10906X0039/C2-1
2917,2024-12-27,42.685696389,2.685378283,2024-12-27T07:18,2024-12-27T16:22,32612.72,0.0,7.95,0.85,12,1031.8,5.3,0.163,9.8,10906X0039/C2-1
2918,2024-12-28,42.685696389,2.685378283,2024-12-28T07:19,2024-12-28T16:23,32642.18,0.0,8.09,0.97,2,1029.5,6.3,0.162,9.0,10906X0039/C2-1
2919,2024-12-29,42.685696389,2.685378283,2024-12-29T07:19,2024-12-29T16:23,32675.76,0.0,8.05,1.28,2,1028.9,7.8,0.158,8.5,10906X0039/C2-1
2920,2024-12-30,42.685696389,2.685378283,2024-12-30T07:19,2024-12-30T16:24,32713.41,0.0,6.52,0.71,28,1030.5,4.2,0.155,8.3,10906X0039/C2-1
2921,2024-12-31,42.685696389,2.685378283,2024-12-31T07:19,2024-12-31T16:25,32755.07,0.3,4.06,0.48,95,1032.3,5.1,0.155,8.3,10906X0039/C2-1
2922,2025-01-01,42.685696389,2.685378283,2025-01-01T07:19,2025-01-01T16:26,32800.68,0.1,4.29,0.5,96,1030.3,6.1,0.153,8.6,10906X0039/C2-1
2923,2025-01-02,42.685696389,2.685378283,2025-01-02T07:19,2025-01-02T16:27,32850.18,0.0,7.61,1.03,79,1024.3,5.6,0.151,8.7,10906X0039/C2-1
2924,2025-01-03,42.685696389,2.685378283,2025-01-03T07:19,2025-01-03T16:28,32903.52,0.6,4.16,0.86,94,1020.5,7.0,0.15,8.9,10906X0039/C2-1
2925,2025-01-04,42.685696389,2.685378283,2025-01-04T07:19,2025-01-04T16:29,32960.62,1.9,4.07,0.56,83,1019.6,2.4,0.15,9.1,10906X0039/C2-1
2926,2025-01-05,42.685696389,2.685378283,2025-01-05T07:19,2025-01-05T16:30,33021.43,0.4,1.14,0.24,100,1009.5,5.5,0.15,9.1,10906X0039/C2-1
2927,2025-01-06,42.685696389,2.685378283,2025-01-06T07:19,2025-01-06T16:31,33085.88,0.3,5.15,1.3,94,1004.1,12.4,0.151,9.1,10906X0039/C2-1
2928,2025-01-07,42.685696389,2.685378283,2025-01-07T07:19,2025-01-07T16:32,33154.06,0.0,8.02,1.52,24,1013.6,9.0,0.147,9.4,10906X0039/C2-1
2929,2025-01-08,42.685696389,2.685378283,2025-01-08T07:19,2025-01-08T16:33,33226.73,0.0,7.98,0.97,52,1011.8,4.0,0.145,9.3,10906X0039/C2-1
2930,2025-01-09,42.685696389,2.685378283,2025-01-09T07:18,2025-01-09T16:34,33303.86,0.0,7.47,1.87,39,1014.5,13.4,0.144,9.4,10906X0039/C2-1
2931,2025-01-10,42.685696389,2.685378283,2025-01-10T07:18,2025-01-10T16:35,33385.27,0.0,8.18,1.51,61,1019.6,7.7,0.143,10.0,10906X0039/C2-1
2932,2025-01-11,42.685696389,2.685378283,2025-01-11T07:18,2025-01-11T16:36,33470.8,2.9,5.95,1.74,79,1020.0,27.6,0.145,10.5,10906X0039/C2-1
2933,2025-01-12,42.685696389,2.685378283,2025-01-12T07:18,2025-01-12T16:37,33560.25,0.0,9.17,2.45,10,1028.4,39.1,0.145,9.9,10906X0039/C2-1
2934,2025-01-13,42.685696389,2.685378283,2025-01-13T07:17,2025-01-13T16:38,33653.45,0.0,9.29,2.07,0,1031.0,24.0,0.145,9.2,10906X0039/C2-1
2935,2025-01-14,42.685696389,2.685378283,2025-01-14T07:17,2025-01-14T16:39,33750.24,0.0,9.26,1.34,13,1030.8,7.2,0.144,8.1,10906X0039/C2-1
2936,2025-01-15,42.685696389,2.685378283,2025-01-15T07:16,2025-01-15T16:40,33850.42,0.0,9.26,2.55,22,1026.5,22.8,0.144,7.8,10906X0039/C2-1
2937,2025-01-16,42.685696389,2.685378283,2025-01-16T07:16,2025-01-16T16:42,33953.83,0.2,6.39,0.96,54,1029.1,6.3,0.142,8.0,10906X0039/C2-1
2938,2025-01-17,42.685696389,2.685378283,2025-01-17T07:15,2025-01-17T16:43,34060.31,0.0,9.18,1.45,29,1031.4,8.7,0.143,8.2,10906X0039/C2-1
2939,2025-01-18,42.685696389,2.685378283,2025-01-18T07:15,2025-01-18T16:44,34169.67,0.0,9.57,1.95,30,1024.9,9.8,0.142,8.3,10906X0039/C2-1
2940,2025-01-19,42.685696389,2.685378283,2025-01-19T07:14,2025-01-19T16:45,34281.76,0.2,7.11,1.24,85,1020.4,5.4,0.139,8.6,10906X0039/C2-1
2941,2025-01-20,42.685696389,2.685378283,2025-01-20T07:13,2025-01-20T16:47,34396.42,0.0,8.74,1.04,51,1017.0,4.0,0.137,8.4,10906X0039/C2-1
2942,2025-01-21,42.685696389,2.685378283,2025-01-21T07:13,2025-01-21T16:48,34513.47,0.0,7.55,0.96,99,1013.8,7.1,0.137,8.6,10906X0039/C2-1
2943,2025-01-22,42.685696389,2.685378283,2025-01-22T07:12,2025-01-22T16:49,34632.76,0.0,4.93,0.63,86,1008.4,4.3,0.137,8.9,10906X0039/C2-1
2944,2025-01-23,42.685696389,2.685378283,2025-01-23T07:11,2025-01-23T16:50,34754.13,0.0,5.82,1.09,54,1014.4,12.6,0.137,9.0,10906X0039/C2-1
2945,2025-01-24,42.685696389,2.685378283,2025-01-24T07:10,2025-01-24T16:52,34877.43,0.0,5.75,0.69,84,1017.2,6.2,0.137,8.7,10906X0039/C2-1
2946,2025-01-25,42.685696389,2.685378283,2025-01-25T07:10,2025-01-25T16:53,35002.51,0.7,4.54,1.01,94,1012.9,9.3,0.137,9.1,10906X0039/C2-1
2947,2025-01-26,42.685696389,2.685378283,2025-01-26T07:09,2025-01-26T16:54,35129.22,0.0,7.14,1.0,74,1014.1,5.6,0.138,9.2,10906X0039/C2-1
2948,2025-01-27,42.685696389,2.685378283,2025-01-27T07:08,2025-01-27T16:55,35257.65,1.6,7.64,1.14,61,1003.6,8.0,0.137,9.5,10906X0039/C2-1
2949,2025-01-28,42.685696389,2.685378283,2025-01-28T07:07,2025-01-28T16:57,35389.15,0.4,9.27,1.84,50,1009.4,11.7,0.139,9.7,10906X0039/C2-1
2950,2025-01-29,42.685696389,2.685378283,2025-01-29T07:06,2025-01-29T16:58,35523.76,0.0,9.81,1.54,67,1013.1,8.4,0.139,9.6,10906X0039/C2-1
2951,2025-01-30,42.685696389,2.685378283,2025-01-30T07:05,2025-01-30T16:59,35661.27,0.6,9.75,1.93,45,1013.3,14.2,0.138,9.6,10906X0039/C2-1
2952,2025-01-31,42.685696389,2.685378283,2025-01-31T07:04,2025-01-31T17:01,35801.48,0.0,8.7,2.05,68,1026.5,27.0,0.137,9.8,10906X0039/C2-1
2953,2025-02-01,42.685696389,2.685378283,2025-02-01T07:03,2025-02-01T17:02,35944.2,0.6,10.91,1.84,50,1023.6,11.2,0.136,9.6,10906X0039/C2-1
2954,2025-02-02,42.685696389,2.685378283,2025-02-02T07:02,2025-02-02T17:03,36089.25,0.3,8.64,1.49,69,1020.5,9.4,0.137,9.7,10906X0039/C2-1
2955,2025-02-03,42.685696389,2.685378283,2025-02-03T07:01,2025-02-03T17:05,36236.42,0.0,11.6,2.61,4,1023.9,20.4,0.135,9.8,10906X0039/C2-1
2956,2025-02-04,42.685696389,2.685378283,2025-02-04T07:00,2025-02-04T17:06,36385.54,0.0,11.85,2.05,0,1027.2,8.4,0.132,9.7,10906X0039/C2-1
2957,2025-02-05,42.685696389,2.685378283,2025-02-05T06:58,2025-02-05T17:07,36536.42,0.0,12.1,3.64,0,1032.3,22.7,0.13,9.9,10906X0039/C2-1
2958,2025-02-06,42.685696389,2.685378283,2025-02-06T06:57,2025-02-06T17:09,36688.9,0.0,12.0,1.79,0,1029.7,6.0,0.13,9.8,10906X0039/C2-1
2959,2025-02-07,42.685696389,2.685378283,2025-02-07T06:56,2025-02-07T17:10,36842.8,0.0,9.04,1.85,85,1018.6,16.0,0.131,9.4,10906X0039/C2-1
2960,2025-02-08,42.685696389,2.685378283,2025-02-08T06:55,2025-02-08T17:11,36997.94,8.6,10.01,1.72,48,1020.8,18.5,0.134,9.6,10906X0039/C2-1
2961,2025-02-09,42.685696389,2.685378283,2025-02-09T06:53,2025-02-09T17:13,37154.16,0.0,8.76,1.13,67,1026.2,5.6,0.134,9.1,10906X0039/C2-1
2962,2025-02-10,42.685696389,2.685378283,2025-02-10T06:52,2025-02-10T17:14,37311.31,0.0,8.27,1.18,100,1022.5,4.5,0.133,9.3,10906X0039/C2-1
2963,2025-02-11,42.685696389,2.685378283,2025-02-11T06:51,2025-02-11T17:15,37469.21,0.1,8.85,1.19,73,1017.7,4.4,0.133,9.7,10906X0039/C2-1
2964,2025-02-12,42.685696389,2.685378283,2025-02-12T06:49,2025-02-12T17:17,37627.72,3.0,3.51,0.64,98,1016.8,6.7,0.132,9.7,10906X0039/C2-1
2965,2025-02-13,42.685696389,2.685378283,2025-02-13T06:48,2025-02-13T17:18,37786.69,0.4,11.59,2.12,69,1019.1,14.3,0.133,10.0,10906X0039/C2-1
2966,2025-02-14,42.685696389,2.685378283,2025-02-14T06:47,2025-02-14T17:19,37945.95,11.6,7.72,1.41,88,1017.5,15.2,0.142,10.2,10906X0039/C2-1
2967,2025-02-15,42.685696389,2.685378283,2025-02-15T06:45,2025-02-15T17:20,38105.38,0.0,12.41,1.56,60,1017.3,6.7,0.146,10.1,10906X0039/C2-1
2968,2025-02-16,42.685696389,2.685378283,2025-02-16T06:44,2025-02-16T17:22,38265.07,0.0,11.59,1.49,71,1014.4,5.9,0.146,9.7,10906X0039/C2-1
2969,2025-02-17,42.685696389,2.685378283,2025-02-17T06:43,2025-02-17T17:23,38426.45,0.0,10.23,1.85,41,1015.8,8.0,0.144,9.9,10906X0039/C2-1
2970,2025-02-18,42.685696389,2.685378283,2025-02-18T06:41,2025-02-18T17:24,38589.62,0.1,7.84,1.2,94,1016.6,9.4,0.144,10.2,10906X0039/C2-1
2971,2025-02-19,42.685696389,2.685378283,2025-02-19T06:40,2025-02-19T17:26,38754.42,2.1,4.67,0.73,100,1021.7,8.8,0.144,10.5,10906X0039/C2-1
2972,2025-02-20,42.685696389,2.685378283,2025-02-20T06:38,2025-02-20T17:27,38920.7,0.8,9.84,1.37,97,1026.9,6.7,0.145,10.8,10906X0039/C2-1
2973,2025-02-21,42.685696389,2.685378283,2025-02-21T06:37,2025-02-21T17:28,39088.3,0.3,5.95,1.05,95,1022.8,14.6,0.143,10.9,10906X0039/C2-1
2974,2025-02-22,42.685696389,2.685378283,2025-02-22T06:35,2025-02-22T17:29,39257.08,3.8,4.75,1.04,97,1021.1,9.4,0.144,10.9,10906X0039/C2-1
2975,2025-02-23,42.685696389,2.685378283,2025-02-23T06:34,2025-02-23T17:31,39426.89,0.0,12.12,2.08,46,1029.2,11.2,0.149,10.9,10906X0039/C2-1
2976,2025-02-24,42.685696389,2.685378283,2025-02-24T06:32,2025-02-24T17:32,39597.58,0.0,8.9,1.23,87,1026.6,4.4,0.147,10.8,10906X0039/C2-1
2977,2025-02-25,42.685696389,2.685378283,2025-02-25T06:30,2025-02-25T17:33,39769.02,0.1,6.97,2.17,97,1020.7,20.2,0.145,10.7,10906X0039/C2-1
2978,2025-02-26,42.685696389,2.685378283,2025-02-26T06:29,2025-02-26T17:34,39941.08,0.0,13.99,2.99,31,1023.8,23.6,0.144,10.7,10906X0039/C2-1
2979,2025-02-27,42.685696389,2.685378283,2025-02-27T06:27,2025-02-27T17:36,40113.6,0.0,11.41,1.9,97,1020.6,6.9,0.141,10.5,10906X0039/C2-1
2980,2025-02-28,42.685696389,2.685378283,2025-02-28T06:26,2025-02-28T17:37,40286.45,0.1,13.16,1.89,80,1020.0,5.3,0.139,10.5,10906X0039/C2-1
2981,2025-03-01,42.685696389,2.685378283,2025-03-01T06:24,2025-03-01T17:38,40459.52,0.0,12.55,2.33,98,1020.5,9.5,0.136,10.5,10906X0039/C2-1
2982,2025-03-02,42.685696389,2.685378283,2025-03-02T06:22,2025-03-02T17:39,40632.65,0.6,9.46,1.74,76,1025.1,6.5,0.134,10.6,10906X0039/C2-1
2983,2025-03-03,42.685696389,2.685378283,2025-03-03T06:21,2025-03-03T17:41,40805.73,4.1,2.79,0.55,95,1025.4,5.1,0.134,10.3,10906X0039/C2-1
2984,2025-03-04,42.685696389,2.685378283,2025-03-04T06:19,2025-03-04T17:42,40978.63,0.0,11.49,1.67,86,1023.6,7.7,0.134,10.5,10906X0039/C2-1
2985,2025-03-05,42.685696389,2.685378283,2025-03-05T06:17,2025-03-05T17:43,41151.22,0.0,14.41,2.1,66,1023.9,10.0,0.134,10.6,10906X0039/C2-1
2986,2025-03-06,42.685696389,2.685378283,2025-03-06T06:16,2025-03-06T17:44,41323.37,2.8,12.52,1.83,72,1021.0,15.6,0.134,10.8,10906X0039/C2-1
2987,2025-03-07,42.685696389,2.685378283,2025-03-07T06:14,2025-03-07T17:46,41494.96,1.2,5.84,0.92,97,1016.8,14.8,0.139,10.9,10906X0039/C2-1
2988,2025-03-08,42.685696389,2.685378283,2025-03-08T06:12,2025-03-08T17:47,41666.1,9.5,4.7,0.7,99,1008.6,24.5,0.143,11.1,10906X0039/C2-1
2989,2025-03-09,42.685696389,2.685378283,2025-03-09T06:11,2025-03-09T17:48,41838.1,18.4,9.67,1.64,77,998.4,19.4,0.169,11.3,10906X0039/C2-1
2990,2025-03-10,42.685696389,2.685378283,2025-03-10T06:09,2025-03-10T17:49,42011.07,0.1,11.97,1.77,73,1001.3,6.7,0.178,11.1,10906X0039/C2-1
2991,2025-03-11,42.685696389,2.685378283,2025-03-11T06:07,2025-03-11T17:50,42184.9,4.7,10.35,1.55,97,1000.4,6.4,0.176,11.1,10906X0039/C2-1
2992,2025-03-12,42.685696389,2.685378283,2025-03-12T06:06,2025-03-12T17:52,42359.48,1.5,12.32,2.09,74,999.7,14.1,0.178,11.1,10906X0039/C2-1
2993,2025-03-13,42.685696389,2.685378283,2025-03-13T06:04,2025-03-13T17:53,42534.69,4.9,3.66,0.7,98,999.5,7.1,0.179,10.8,10906X0039/C2-1
2994,2025-03-14,42.685696389,2.685378283,2025-03-14T06:02,2025-03-14T17:54,42710.41,2.3,6.97,1.63,95,1002.2,19.1,0.181,10.3,10906X0039/C2-1
2995,2025-03-15,42.685696389,2.685378283,2025-03-15T06:00,2025-03-15T17:55,42886.54,0.0,17.2,3.03,39,1010.2,24.1,0.179,10.1,10906X0039/C2-1
2996,2025-03-16,42.685696389,2.685378283,2025-03-16T05:59,2025-03-16T17:56,43062.96,1.0,14.71,1.94,44,1017.3,8.9,0.177,9.8,10906X0039/C2-1
2997,2025-03-17,42.685696389,2.685378283,2025-03-17T05:57,2025-03-17T17:57,43239.56,0.6,18.58,2.45,40,1018.4,5.3,0.177,9.9,10906X0039/C2-1
2998,2025-03-18,42.685696389,2.685378283,2025-03-18T05:55,2025-03-18T17:59,43416.23,1.2,17.38,2.51,57,1020.2,14.9,0.17,9.8,10906X0039/C2-1
2999,2025-03-19,42.685696389,2.685378283,2025-03-19T05:53,2025-03-19T18:00,43592.86,9.8,4.19,0.62,100,1024.4,20.8,0.17,10.2,10906X0039/C2-1
3000,2025-03-20,42.685696389,2.685378283,2025-03-20T05:51,2025-03-20T18:01,43769.34,4.4,5.59,0.74,100,1023.1,22.7,0.175,10.5,10906X0039/C2-1
3001,2025-03-21,42.685696389,2.685378283,2025-03-21T05:50,2025-03-21T18:02,43945.55,7.3,3.92,0.63,89,1010.0,16.5,0.181,10.8,10906X0039/C2-1
3002,2025-03-22,42.685696389,2.685378283,2025-03-22T05:48,2025-03-22T18:03,44121.39,0.3,17.2,3.15,60,1002.2,12.1,0.181,10.9,10906X0039/C2-1
3003,2025-03-23,42.685696389,2.685378283,2025-03-23T05:46,2025-03-23T18:04,44296.74,10.8,4.77,0.86,93,1007.9,6.5,0.185,10.7,10906X0039/C2-1
3004,2025-03-24,42.685696389,2.685378283,2025-03-24T05:44,2025-03-24T18:06,44471.49,17.1,9.55,1.5,76,1013.7,10.9,0.204,10.5,10906X0039/C2-1
3005,2025-03-25,42.685696389,2.685378283,2025-03-25T05:43,2025-03-25T18:07,44645.53,0.2,17.71,3.33,44,1019.5,22.8,0.217,10.8,10906X0039/C2-1
3006,2025-03-26,42.685696389,2.685378283,2025-03-26T05:41,2025-03-26T18:08,44818.74,0.0,19.57,3.72,24,1019.0,28.2,0.212,11.2,10906X0039/C2-1
3007,2025-03-27,42.685696389,2.685378283,2025-03-27T05:39,2025-03-27T18:09,44991.0,0.0,18.45,3.61,54,1015.8,24.1,0.206,11.4,10906X0039/C2-1
3008,2025-03-28,42.685696389,2.685378283,2025-03-28T05:37,2025-03-28T18:10,45162.42,0.0,19.09,4.06,43,1014.0,29.7,0.206,11.5,10906X0039/C2-1
3009,2025-03-29,42.685696389,2.685378283,2025-03-29T05:36,2025-03-29T18:11,45334.21,0.3,14.36,3.39,79,1016.2,42.2,0.203,11.4,10906X0039/C2-1
3010,2025-03-30,42.685696389,2.685378283,2025-03-30T05:34,2025-03-30T18:12,45506.48,0.0,22.14,5.48,25,1020.4,37.6,0.193,11.4,10906X0039/C2-1
3011,2025-03-31,42.685696389,2.685378283,2025-03-31T05:32,2025-03-31T18:14,45679.12,0.0,22.14,5.12,11,1017.7,28.9,0.179,11.9,10906X0039/C2-1
3012,2025-04-01,42.685696389,2.685378283,2025-04-01T05:31,2025-04-01T18:15,45852.05,0.1,22.67,3.57,8,1011.8,9.6,0.17,12.1,10906X0039/C2-1
3013,2025-04-02,42.685696389,2.685378283,2025-04-02T05:29,2025-04-02T18:16,46025.13,0.1,13.65,3.4,84,1010.4,25.6,0.164,12.2,10906X0039/C2-1
3014,2025-04-03,42.685696389,2.685378283,2025-04-03T05:27,2025-04-03T18:17,46198.28,0.0,11.46,2.64,95,1017.1,22.9,0.163,12.3,10906X0039/C2-1
3015,2025-04-04,42.685696389,2.685378283,2025-04-04T05:25,2025-04-04T18:18,46371.37,0.0,13.58,2.4,74,1015.2,13.8,0.162,12.4,10906X0039/C2-1
3016,2025-04-05,42.685696389,2.685378283,2025-04-05T05:24,2025-04-05T18:19,46544.31,0.0,18.81,3.28,33,1012.4,7.1,0.161,12.7,10906X0039/C2-1
3017,2025-04-06,42.685696389,2.685378283,2025-04-06T05:22,2025-04-06T18:20,46716.99,0.0,22.44,6.09,2,1011.6,26.7,0.152,13.5,10906X0039/C2-1
3018,2025-04-07,42.685696389,2.685378283,2025-04-07T05:20,2025-04-07T18:22,46889.3,0.0,22.4,4.6,3,1017.4,13.8,0.155,14.0,10906X0039/C2-1
3019,2025-04-08,42.685696389,2.685378283,2025-04-08T05:18,2025-04-08T18:23,47061.11,0.0,23.0,3.73,19,1022.0,6.8,0.151,14.0,10906X0039/C2-1
3020,2025-04-09,42.685696389,2.685378283,2025-04-09T05:17,2025-04-09T18:24,47232.32,0.0,16.91,2.76,82,1019.7,5.6,0.15,14.0,10906X0039/C2-1
3021,2025-04-10,42.685696389,2.685378283,2025-04-10T05:15,2025-04-10T18:25,47402.8,0.0,20.01,3.36,54,1021.6,7.4,0.15,14.4,10906X0039/C2-1
3022,2025-04-11,42.685696389,2.685378283,2025-04-11T05:13,2025-04-11T18:26,47572.46,0.4,15.69,3.29,89,1017.8,9.6,0.145,14.5,10906X0039/C2-1
3023,2025-04-12,42.685696389,2.685378283,2025-04-12T05:12,2025-04-12T18:27,47741.14,1.2,17.98,3.14,87,1011.0,10.0,0.144,14.7,10906X0039/C2-1
3024,2025-04-13,42.685696389,2.685378283,2025-04-13T05:10,2025-04-13T18:29,47908.74,1.4,7.56,1.76,92,1010.2,8.1,0.147,14.7,10906X0039/C2-1
3025,2025-04-14,42.685696389,2.685378283,2025-04-14T05:08,2025-04-14T18:30,48075.14,0.9,13.77,2.31,90,1006.0,9.6,0.15,14.7,10906X0039/C2-1
3026,2025-04-15,42.685696389,2.685378283,2025-04-15T05:07,2025-04-15T18:31,48240.19,6.9,11.51,2.23,90,1002.6,14.2,0.154,14.6,10906X0039/C2-1
3027,2025-04-16,42.685696389,2.685378283,2025-04-16T05:05,2025-04-16T18:32,48403.77,0.0,16.81,3.33,61,1009.3,21.3,0.159,14.0,10906X0039/C2-1
3028,2025-04-17,42.685696389,2.685378283,2025-04-17T05:04,2025-04-17T18:33,48565.96,0.0,20.37,4.03,30,1013.2,26.1,0.154,13.9,10906X0039/C2-1
3029,2025-04-18,42.685696389,2.685378283,2025-04-18T05:02,2025-04-18T18:34,48727.94,0.0,23.82,3.83,52,1012.3,12.0,0.144,13.9,10906X0039/C2-1
3030,2025-04-19,42.685696389,2.685378283,2025-04-19T05:01,2025-04-19T18:35,48889.81,5.5,16.67,2.87,52,1003.4,15.3,0.143,14.2,10906X0039/C2-1
3031,2025-04-20,42.685696389,2.685378283,2025-04-20T04:59,2025-04-20T18:36,49051.45,0.4,21.1,3.63,44,1008.7,10.3,0.145,13.9,10906X0039/C2-1
3032,2025-04-21,42.685696389,2.685378283,2025-04-21T04:57,2025-04-21T18:38,49212.75,0.0,21.96,4.16,51,1015.5,13.6,0.144,14.2,10906X0039/C2-1
3033,2025-04-22,42.685696389,2.685378283,2025-04-22T04:56,2025-04-22T18:39,49373.6,0.4,17.84,3.65,84,1018.9,17.1,0.138,14.3,10906X0039/C2-1
3034,2025-04-23,42.685696389,2.685378283,2025-04-23T04:54,2025-04-23T18:40,49533.85,0.0,16.06,4.06,61,1020.0,17.9,0.13,14.5,10906X0039/C2-1
3035,2025-04-24,42.685696389,2.685378283,2025-04-24T04:53,2025-04-24T18:41,49693.41,0.0,19.94,4.47,66,1018.5,26.5,0.126,14.9,10906X0039/C2-1
3036,2025-04-25,42.685696389,2.685378283,2025-04-25T04:51,2025-04-25T18:42,49852.14,0.0,26.04,4.97,23,1015.0,6.6,0.124,15.3,10906X0039/C2-1
3037,2025-04-26,42.685696389,2.685378283,2025-04-26T04:50,2025-04-26T18:43,50009.91,3.2,12.46,3.26,90,1015.9,19.5,0.125,15.2,10906X0039/C2-1
3038,2025-04-27,42.685696389,2.685378283,2025-04-27T04:48,2025-04-27T18:45,50166.6,0.0,19.9,4.71,54,1021.0,25.1,0.126,15.3,10906X0039/C2-1
3039,2025-04-28,42.685696389,2.685378283,2025-04-28T04:47,2025-04-28T18:46,50322.05,0.1,22.18,4.73,40,1022.2,12.0,0.126,15.7,10906X0039/C2-1
3040,2025-04-29,42.685696389,2.685378283,2025-04-29T04:46,2025-04-29T18:47,50476.15,0.0,25.05,5.0,20,1020.9,11.9,0.125,15.8,10906X0039/C2-1
3041,2025-04-30,42.685696389,2.685378283,2025-04-30T04:44,2025-04-30T18:48,50628.75,0.0,26.46,5.63,16,1019.2,14.9,0.124,16.0,10906X0039/C2-1
3042,2025-05-01,42.685696389,2.685378283,2025-05-01T04:43,2025-05-01T18:49,50779.71,0.0,24.28,6.08,12,1017.5,17.0,0.123,16.2,10906X0039/C2-1
3043,2025-05-02,42.685696389,2.685378283,2025-05-02T04:41,2025-05-02T18:50,50928.87,0.7,17.93,4.71,80,1016.2,16.5,0.123,16.4,10906X0039/C2-1
3044,2025-05-03,42.685696389,2.685378283,2025-05-03T04:40,2025-05-03T18:51,51076.09,0.0,20.88,3.83,68,1013.6,7.5,0.122,16.7,10906X0039/C2-1
3045,2025-05-04,42.685696389,2.685378283,2025-05-04T04:39,2025-05-04T18:52,51221.22,20.1,14.07,2.7,93,1008.3,8.5,0.133,16.8,10906X0039/C2-1
3046,2025-05-05,42.685696389,2.685378283,2025-05-05T04:37,2025-05-05T18:54,51364.1,0.3,14.67,3.27,91,1008.2,19.8,0.143,16.2,10906X0039/C2-1
3047,2025-05-06,42.685696389,2.685378283,2025-05-06T04:36,2025-05-06T18:55,51504.56,0.0,22.83,4.39,44,1012.8,22.8,0.139,15.7,10906X0039/C2-1
3048,2025-05-07,42.685696389,2.685378283,2025-05-07T04:35,2025-05-07T18:56,51642.65,0.1,22.82,4.31,51,1014.6,13.9,0.132,15.5,10906X0039/C2-1
3049,2025-05-08,42.685696389,2.685378283,2025-05-08T04:34,2025-05-08T18:57,51779.47,0.4,20.85,3.74,65,1011.8,5.6,0.128,15.7,10906X0039/C2-1
3050,2025-05-09,42.685696389,2.685378283,2025-05-09T04:33,2025-05-09T18:58,51915.08,1.0,18.55,3.18,49,1012.5,9.4,0.128,15.7,10906X0039/C2-1
3051,2025-05-10,42.685696389,2.685378283,2025-05-10T04:32,2025-05-10T18:59,52049.37,1.7,21.14,3.81,61,1012.8,17.0,0.128,15.9,10906X0039/C2-1
3052,2025-05-11,42.685696389,2.685378283,2025-05-11T04:30,2025-05-11T19:00,52182.21,2.7,14.73,2.74,71,1010.8,10.8,0.127,16.1,10906X0039/C2-1
3053,2025-05-12,42.685696389,2.685378283,2025-05-12T04:29,2025-05-12T19:01,52313.47,5.6,19.54,3.64,48,1013.7,11.4,0.128,16.1,10906X0039/C2-1
3054,2025-05-13,42.685696389,2.685378283,2025-05-13T04:28,2025-05-13T19:02,52443.03,0.0,23.39,4.09,37,1014.2,6.7,0.131,16.1,10906X0039/C2-1
3055,2025-05-14,42.685696389,2.685378283,2025-05-14T04:27,2025-05-14T19:03,52570.76,0.0,23.9,4.19,58,1015.5,8.1,0.129,16.0,10906X0039/C2-1
3056,2025-05-15,42.685696389,2.685378283,2025-05-15T04:26,2025-05-15T19:04,52696.51,0.0,24.18,5.61,62,1013.8,25.2,0.126,16.3,10906X0039/C2-1
3057,2025-05-16,42.685696389,2.685378283,2025-05-16T04:25,2025-05-16T19:05,52820.15,0.0,26.58,6.79,17,1014.5,30.0,0.123,16.7,10906X0039/C2-1
3058,2025-05-17,42.685696389,2.685378283,2025-05-17T04:24,2025-05-17T19:06,52941.54,0.0,28.34,6.5,1,1015.8,14.5,0.121,17.1,10906X0039/C2-1
3059,2025-05-18,42.685696389,2.685378283,2025-05-18T04:23,2025-05-18T19:08,53060.55,0.0,24.9,4.76,40,1015.1,7.3,0.122,17.3,10906X0039/C2-1
3060,2025-05-19,42.685696389,2.685378283,2025-05-19T04:22,2025-05-19T19:09,53177.01,1.0,18.42,3.99,89,1012.6,10.1,0.123,17.5,10906X0039/C2-1
3061,2025-05-20,42.685696389,2.685378283,2025-05-20T04:21,2025-05-20T19:10,53290.79,14.3,20.27,4.55,56,1016.6,24.5,0.137,17.2,10906X0039/C2-1
3062,2025-05-21,42.685696389,2.685378283,2025-05-21T04:21,2025-05-21T19:11,53401.74,0.3,26.7,5.53,65,1017.3,19.6,0.136,17.2,10906X0039/C2-1
3063,2025-05-22,42.685696389,2.685378283,2025-05-22T04:20,2025-05-22T19:11,53509.7,11.2,22.29,4.76,50,1016.2,28.9,0.135,17.1,10906X0039/C2-1
3064,2025-05-23,42.685696389,2.685378283,2025-05-23T04:19,2025-05-23T19:12,53614.53,0.0,25.92,6.13,13,1017.8,26.4,0.127,17.1,10906X0039/C2-1
3065,2025-05-24,42.685696389,2.685378283,2025-05-24T04:18,2025-05-24T19:13,53716.06,0.0,28.2,6.42,33,1019.8,22.8,0.125,17.4,10906X0039/C2-1
3066,2025-05-25,42.685696389,2.685378283,2025-05-25T04:17,2025-05-25T19:14,53814.14,0.0,27.69,6.7,44,1019.3,15.7,0.122,17.8,10906X0039/C2-1
3067,2025-05-26,42.685696389,2.685378283,2025-05-26T04:17,2025-05-26T19:15,53908.62,0.0,22.01,5.58,50,1021.1,20.3,0.12,18.1,10906X0039/C2-1
3068,2025-05-27,42.685696389,2.685378283,2025-05-27T04:16,2025-05-27T19:16,53999.49,0.0,28.19,6.35,48,1022.5,18.9,0.12,18.2,10906X0039/C2-1
3069,2025-05-28,42.685696389,2.685378283,2025-05-28T04:15,2025-05-28T19:17,54087.5,0.0,29.0,7.5,20,1022.9,19.3,0.12,18.6,10906X0039/C2-1
3070,2025-05-29,42.685696389,2.685378283,2025-05-29T04:15,2025-05-29T19:18,54172.72,0.0,28.46,7.61,20,1022.2,17.2,0.12,19.2,10906X0039/C2-1
3071,2025-05-30,42.685696389,2.685378283,2025-05-30T04:14,2025-05-30T19:19,54255.05,0.0,27.17,6.23,28,1020.3,8.3,0.12,19.7,10906X0039/C2-1
3072,2025-05-31,42.685696389,2.685378283,2025-05-31T04:14,2025-05-31T19:19,54334.42,0.0,24.65,5.52,31,1019.7,5.7,0.12,20.1,10906X0039/C2-1
3073,2025-06-01,42.685696389,2.685378283,2025-06-01T04:13,2025-06-01T19:20,54410.73,0.2,23.69,4.89,62,1017.8,6.7,0.12,20.3,10906X0039/C2-1
3074,2025-06-02,42.685696389,2.685378283,2025-06-02T04:13,2025-06-02T19:21,54483.9,7.1,11.08,2.64,100,1018.1,6.2,0.123,20.2,10906X0039/C2-1
3075,2025-06-03,42.685696389,2.685378283,2025-06-03T04:12,2025-06-03T19:22,54553.83,0.0,27.66,5.43,57,1013.8,9.8,0.125,20.1,10906X0039/C2-1
3076,2025-06-04,42.685696389,2.685378283,2025-06-04T04:12,2025-06-04T19:22,54620.44,0.6,18.81,4.21,73,1013.6,11.3,0.125,20.1,10906X0039/C2-1
3077,2025-06-05,42.685696389,2.685378283,2025-06-05T04:12,2025-06-05T19:23,54683.65,0.0,21.56,4.32,59,1016.5,7.8,0.127,20.1,10906X0039/C2-1
3078,2025-06-06,42.685696389,2.685378283,2025-06-06T04:11,2025-06-06T19:24,54743.35,0.2,22.98,4.48,57,1016.7,8.3,0.126,20.3,10906X0039/C2-1
3079,2025-06-07,42.685696389,2.685378283,2025-06-07T04:11,2025-06-07T19:24,54799.48,0.3,15.03,3.83,67,1016.9,11.6,0.126,20.4,10906X0039/C2-1
3080,2025-06-08,42.685696389,2.685378283,2025-06-08T04:11,2025-06-08T19:25,54851.93,0.0,27.53,6.53,29,1020.7,21.5,0.126,20.5,10906X0039/C2-1
3081,2025-06-09,42.685696389,2.685378283,2025-06-09T04:11,2025-06-09T19:26,54900.62,0.0,29.5,6.69,13,1020.0,8.2,0.126,21.0,10906X0039/C2-1
3082,2025-06-10,42.685696389,2.685378283,2025-06-10T04:11,2025-06-10T19:26,54945.47,0.0,28.5,6.19,44,1018.6,7.2,0.126,21.5,10906X0039/C2-1
3083,2025-06-11,42.685696389,2.685378283,2025-06-11T04:10,2025-06-11T19:27,54986.4,0.0,26.58,6.25,56,1014.4,7.9,0.126,21.9,10906X0039/C2-1
3084,2025-06-12,42.685696389,2.685378283,2025-06-12T04:10,2025-06-12T19:27,55023.33,0.0,25.75,6.45,56,1014.2,12.5,0.126,22.2,10906X0039/C2-1
3085,2025-06-13,42.685696389,2.685378283,2025-06-13T04:10,2025-06-13T19:28,55056.18,0.0,22.63,5.75,75,1017.1,9.9,0.126,22.4,10906X0039/C2-1
3086,2025-06-14,42.685696389,2.685378283,2025-06-14T04:10,2025-06-14T19:28,55084.85,0.0,26.92,5.82,65,1018.9,7.8,0.126,22.7,10906X0039/C2-1
3087,2025-06-15,42.685696389,2.685378283,2025-06-15T04:10,2025-06-15T19:29,55109.29,0.0,20.2,5.41,77,1021.4,21.5,0.126,22.7,10906X0039/C2-1
3088,2025-06-16,42.685696389,2.685378283,2025-06-16T04:10,2025-06-16T19:29,55129.44,0.0,29.48,7.98,12,1021.8,22.2,0.125,22.7,10906X0039/C2-1
3089,2025-06-17,42.685696389,2.685378283,2025-06-17T04:10,2025-06-17T19:29,55145.46,0.0,30.16,8.39,0,1020.2,13.9,0.125,22.9,10906X0039/C2-1
3090,2025-06-18,42.685696389,2.685378283,2025-06-18T04:10,2025-06-18T19:30,55157.37,0.0,29.85,7.53,0,1020.1,10.2,0.125,23.3,10906X0039/C2-1
3091,2025-06-19,42.685696389,2.685378283,2025-06-19T04:11,2025-06-19T19:30,55165.23,0.0,28.84,6.82,46,1019.1,8.0,0.125,23.5,10906X0039/C2-1
3092,2025-06-20,42.685696389,2.685378283,2025-06-20T04:11,2025-06-20T19:30,55169.03,0.0,29.33,8.28,9,1017.8,10.0,0.125,24.1,10906X0039/C2-1
3093,2025-06-21,42.685696389,2.685378283,2025-06-21T04:11,2025-06-21T19:30,55168.81,0.0,27.57,7.44,13,1017.0,9.6,0.125,24.6,10906X0039/C2-1
3094,2025-06-22,42.685696389,2.685378283,2025-06-22T04:11,2025-06-22T19:31,55164.59,0.0,24.9,6.2,53,1018.2,7.7,0.125,24.8,10906X0039/C2-1
3095,2025-06-23,42.685696389,2.685378283,2025-06-23T04:11,2025-06-23T19:31,55156.39,1.0,24.26,6.08,30,1018.0,7.1,0.125,25.0,10906X0039/C2-1
3096,2025-06-24,42.685696389,2.685378283,2025-06-24T04:12,2025-06-24T19:31,55144.26,0.0,24.04,6.0,50,1015.6,5.6,0.126,25.4,10906X0039/C2-1
3097,2025-06-25,42.685696389,2.685378283,2025-06-25T04:12,2025-06-25T19:31,55128.22,0.0,28.61,8.33,12,1012.6,13.8,0.125,25.7,10906X0039/C2-1
3098,2025-06-26,42.685696389,2.685378283,2025-06-26T04:13,2025-06-26T19:31,55108.31,0.1,28.29,8.07,17,1019.2,22.3,0.125,25.6,10906X0039/C2-1
3099,2025-06-27,42.685696389,2.685378283,2025-06-27T04:13,2025-06-27T19:31,55084.56,0.0,29.21,9.08,10,1022.1,19.8,0.125,25.6,10906X0039/C2-1
3100,2025-06-28,42.685696389,2.685378283,2025-06-28T04:13,2025-06-28T19:31,55057.01,0.0,29.29,9.71,0,1021.9,16.4,0.125,26.0,10906X0039/C2-1
3101,2025-06-29,42.685696389,2.685378283,2025-06-29T04:14,2025-06-29T19:31,55025.7,0.0,26.91,8.02,15,1019.0,10.4,0.125,26.5,10906X0039/C2-1
3102,2025-06-30,42.685696389,2.685378283,2025-06-30T04:14,2025-06-30T19:31,54990.67,0.0,23.0,6.7,33,1016.0,8.0,0.125,26.9,10906X0039/C2-1
3103,2025-07-01,42.685696389,2.685378283,2025-07-01T04:15,2025-07-01T19:31,54951.96,0.0,27.68,7.83,15,1014.9,8.9,0.126,27.0,10906X0039/C2-1
3104,2025-07-02,42.685696389,2.685378283,2025-07-02T04:15,2025-07-02T19:31,54909.63,0.2,25.88,7.36,30,1016.1,11.9,0.126,27.1,10906X0039/C2-1
3105,2025-07-03,42.685696389,2.685378283,2025-07-03T04:16,2025-07-03T19:30,54863.7,0.0,26.51,7.58,42,1020.4,19.1,0.126,27.0,10906X0039/C2-1
3106,2025-07-04,42.685696389,2.685378283,2025-07-04T04:17,2025-07-04T19:30,54814.24,0.0,24.95,7.43,39,1020.6,14.9,0.126,27.0,10906X0039/C2-1
3107,2025-07-05,42.685696389,2.685378283,2025-07-05T04:17,2025-07-05T19:30,54761.29,1.2,19.69,6.26,47,1017.7,14.8,0.126,26.9,10906X0039/C2-1
3108,2025-07-06,42.685696389,2.685378283,2025-07-06T04:18,2025-07-06T19:30,54704.78,0.1,23.64,6.66,42,1014.5,17.6,0.126,26.5,10906X0039/C2-1
3109,2025-07-07,42.685696389,2.685378283,2025-07-07T04:18,2025-07-07T19:29,54644.2,0.0,18.49,5.19,51,1012.7,23.7,0.138,25.4,10906X0039/C2-1
3110,2025-07-08,42.685696389,2.685378283,2025-07-08T04:19,2025-07-08T19:29,54579.56,0.0,29.57,7.0,13,1016.8,24.4,0.133,24.7,10906X0039/C2-1
3111,2025-07-09,42.685696389,2.685378283,2025-07-09T04:20,2025-07-09T19:28,54510.98,0.0,29.72,7.73,0,1018.3,12.8,0.128,24.7,10906X0039/C2-1
3112,2025-07-10,42.685696389,2.685378283,2025-07-10T04:21,2025-07-10T19:28,54438.61,0.0,29.48,6.96,0,1016.9,9.4,0.127,24.9,10906X0039/C2-1
3113,2025-07-11,42.685696389,2.685378283,2025-07-11T04:21,2025-07-11T19:27,54362.58,0.1,26.77,5.67,41,1013.8,8.8,0.127,25.1,10906X0039/C2-1
3114,2025-07-12,42.685696389,2.685378283,2025-07-12T04:22,2025-07-12T19:27,54283.01,31.6,8.84,1.77,97,1011.9,7.6,0.133,24.7,10906X0039/C2-1
3115,2025-07-13,42.685696389,2.685378283,2025-07-13T04:23,2025-07-13T19:26,54200.05,5.8,23.98,5.06,47,1014.3,7.7,0.131,24.5,10906X0039/C2-1
3116,2025-07-14,42.685696389,2.685378283,2025-07-14T04:24,2025-07-14T19:26,54113.81,0.0,24.06,5.88,20,1019.3,10.9,0.127,24.8,10906X0039/C2-1
3117,2025-07-15,42.685696389,2.685378283,2025-07-15T04:25,2025-07-15T19:25,54024.43,0.0,24.84,6.89,23,1020.7,23.3,0.125,25.1,10906X0039/C2-1
3118,2025-07-16,42.685696389,2.685378283,2025-07-16T04:26,2025-07-16T19:24,53932.05,0.0,28.71,8.78,5,1018.3,21.9,0.125,25.1,10906X0039/C2-1
3119,2025-07-17,42.685696389,2.685378283,2025-07-17T04:26,2025-07-17T19:24,53836.8,0.0,28.94,8.74,5,1014.6,12.3,0.123,25.5,10906X0039/C2-1
3120,2025-07-18,42.685696389,2.685378283,2025-07-18T04:27,2025-07-18T19:23,53738.78,0.0,26.79,6.45,41,1011.1,8.2,0.123,25.8,10906X0039/C2-1
3121,2025-07-19,42.685696389,2.685378283,2025-07-19T04:28,2025-07-19T19:22,53638.14,0.9,20.62,5.36,62,1010.1,15.1,0.125,25.5,10906X0039/C2-1
3122,2025-07-20,42.685696389,2.685378283,2025-07-20T04:29,2025-07-20T19:21,53535.0,0.9,24.28,5.52,51,1007.2,8.3,0.127,25.4,10906X0039/C2-1
3123,2025-07-21,42.685696389,2.685378283,2025-07-21T04:30,2025-07-21T19:21,53429.48,1.1,20.94,5.93,54,1012.6,19.1,0.128,25.1,10906X0039/C2-1
3124,2025-07-22,42.685696389,2.685378283,2025-07-22T04:31,2025-07-22T19:20,53321.7,0.0,26.74,6.37,29,1016.2,10.2,0.126,25.2,10906X0039/C2-1
3125,2025-07-23,42.685696389,2.685378283,2025-07-23T04:32,2025-07-23T19:19,53211.8,0.3,12.94,4.05,80,1014.7,12.0,0.126,25.1,10906X0039/C2-1
3126,2025-07-24,42.685696389,2.685378283,2025-07-24T04:33,2025-07-24T19:18,53099.87,0.0,20.38,5.97,77,1015.1,23.2,0.126,24.8,10906X0039/C2-1
3127,2025-07-25,42.685696389,2.685378283,2025-07-25T04:34,2025-07-25T19:17,52986.04,6.6,25.75,7.16,25,1017.0,26.2,0.124,24.6,10906X0039/C2-1
3128,2025-07-26,42.685696389,2.685378283,2025-07-26T04:35,2025-07-26T19:16,52870.25,0.1,25.25,7.79,20,1017.9,28.2,0.126,24.6,10906X0039/C2-1
3129,2025-07-27,42.685696389,2.685378283,2025-07-27T04:36,2025-07-27T19:15,52751.51,0.0,24.55,7.05,56,1017.0,26.8,0.124,24.6,10906X0039/C2-1
3130,2025-07-28,42.685696389,2.685378283,2025-07-28T04:37,2025-07-28T19:14,52629.81,0.0,20.51,6.78,52,1017.8,30.5,0.123,24.4,10906X0039/C2-1
3131,2025-07-29,42.685696389,2.685378283,2025-07-29T04:38,2025-07-29T19:13,52505.31,0.0,24.18,7.79,16,1018.9,26.9,0.124,24.2,10906X0039/C2-1
3132,2025-07-30,42.685696389,2.685378283,2025-07-30T04:39,2025-07-30T19:12,52378.17,0.0,25.79,7.52,10,1019.2,22.0,0.123,24.3,10906X0039/C2-1
3133,2025-07-31,42.685696389,2.685378283,2025-07-31T04:40,2025-07-31T19:11,52248.55,0.0,25.59,7.1,12,1018.5,16.6,0.123,24.5,10906X0039/C2-1
3134,2025-08-01,42.685696389,2.685378283,2025-08-01T04:41,2025-08-01T19:09,52116.6,0.0,23.68,6.75,34,1015.6,16.6,0.123,24.6,10906X0039/C2-1
3135,2025-08-02,42.685696389,2.685378283,2025-08-02T04:42,2025-08-02T19:08,51982.48,0.0,25.97,7.5,34,1015.3,20.8,0.123,24.7,10906X0039/C2-1
3136,2025-08-03,42.685696389,2.685378283,2025-08-03T04:43,2025-08-03T19:07,51846.33,0.0,27.87,8.72,7,1018.9,20.6,0.123,24.7,10906X0039/C2-1
3137,2025-08-04,42.685696389,2.685378283,2025-08-04T04:44,2025-08-04T19:06,51708.32,0.0,26.51,6.95,46,1020.0,9.2,0.123,24.8,10906X0039/C2-1
3138,2025-08-05,42.685696389,2.685378283,2025-08-05T04:45,2025-08-05T19:05,51568.57,0.0,26.7,9.3,6,1020.0,21.6,0.123,25.0,10906X0039/C2-1
3139,2025-08-06,42.685696389,2.685378283,2025-08-06T04:46,2025-08-06T19:03,51427.23,0.0,22.92,5.62,61,1018.8,7.8,0.123,25.2,10906X0039/C2-1
3140,2025-08-07,42.685696389,2.685378283,2025-08-07T04:47,2025-08-07T19:02,51284.42,0.0,24.82,4.97,6,1018.3,5.6,0.124,25.2,10906X0039/C2-1
3141,2025-08-08,42.685696389,2.685378283,2025-08-08T04:48,2025-08-08T19:01,51140.31,0.3,22.02,4.43,44,1019.4,5.4,0.123,25.3,10906X0039/C2-1
3142,2025-08-09,42.685696389,2.685378283,2025-08-09T04:49,2025-08-09T18:59,50995.0,0.0,25.03,6.03,29,1019.5,6.3,0.123,25.6,10906X0039/C2-1
3143,2025-08-10,42.685696389,2.685378283,2025-08-10T04:50,2025-08-10T18:58,50848.64,0.0,24.73,9.03,11,1019.0,16.3,0.123,26.3,10906X0039/C2-1
3144,2025-08-11,42.685696389,2.685378283,2025-08-11T04:51,2025-08-11T18:57,50701.34,0.0,25.42,6.74,1,1016.4,7.9,0.124,26.6,10906X0039/C2-1
3145,2025-08-12,42.685696389,2.685378283,2025-08-12T04:53,2025-08-12T18:55,50553.23,0.0,24.12,6.48,13,1015.3,6.7,0.124,26.8,10906X0039/C2-1
3146,2025-08-13,42.685696389,2.685378283,2025-08-13T04:54,2025-08-13T18:54,50404.44,0.0,20.38,6.57,58,1015.1,9.7,0.124,27.0,10906X0039/C2-1
3147,2025-08-14,42.685696389,2.685378283,2025-08-14T04:55,2025-08-14T18:52,50255.08,0.0,23.85,6.74,55,1016.1,7.8,0.124,27.3,10906X0039/C2-1
3148,2025-08-15,42.685696389,2.685378283,2025-08-15T04:56,2025-08-15T18:51,50105.06,0.0,23.59,7.34,8,1017.9,10.5,0.124,27.5,10906X0039/C2-1
3149,2025-08-16,42.685696389,2.685378283,2025-08-16T04:57,2025-08-16T18:49,49953.28,0.0,24.64,10.06,3,1016.2,16.7,0.123,27.9,10906X0039/C2-1
3150,2025-08-17,42.685696389,2.685378283,2025-08-17T04:58,2025-08-17T18:48,49799.65,0.0,24.84,10.5,0,1013.4,22.2,0.123,28.2,10906X0039/C2-1
3151,2025-08-18,42.685696389,2.685378283,2025-08-18T04:59,2025-08-18T18:46,49644.33,0.0,21.54,6.32,51,1013.3,10.2,0.124,28.2,10906X0039/C2-1
3152,2025-08-19,42.685696389,2.685378283,2025-08-19T05:00,2025-08-19T18:45,49487.44,7.1,17.72,4.41,89,1012.9,12.0,0.128,27.7,10906X0039/C2-1
3153,2025-08-20,42.685696389,2.685378283,2025-08-20T05:01,2025-08-20T18:43,49329.14,12.3,16.96,4.36,64,1011.0,19.8,0.131,26.8,10906X0039/C2-1
3154,2025-08-21,42.685696389,2.685378283,2025-08-21T05:02,2025-08-21T18:42,49169.55,1.1,17.59,4.74,54,1012.1,20.5,0.126,26.2,10906X0039/C2-1
3155,2025-08-22,42.685696389,2.685378283,2025-08-22T05:03,2025-08-22T18:40,49008.79,0.0,22.98,6.22,30,1016.3,23.1,0.125,26.1,10906X0039/C2-1
3156,2025-08-23,42.685696389,2.685378283,2025-08-23T05:04,2025-08-23T18:39,48846.99,0.0,24.42,6.59,0,1015.7,14.1,0.123,26.1,10906X0039/C2-1
3157,2025-08-24,42.685696389,2.685378283,2025-08-24T05:05,2025-08-24T18:37,48684.28,0.0,23.64,5.01,4,1015.4,6.5,0.122,26.0,10906X0039/C2-1
3158,2025-08-25,42.685696389,2.685378283,2025-08-25T05:07,2025-08-25T18:35,48520.77,0.0,14.85,3.14,68,1016.1,4.9,0.123,25.8,10906X0039/C2-1
3159,2025-08-26,42.685696389,2.685378283,2025-08-26T05:08,2025-08-26T18:34,48356.6,0.5,16.86,3.4,61,1013.8,4.5,0.124,25.7,10906X0039/C2-1
3160,2025-08-27,42.685696389,2.685378283,2025-08-27T05:09,2025-08-27T18:32,48191.86,2.2,11.6,2.45,93,1010.4,9.2,0.127,25.6,10906X0039/C2-1
3161,2025-08-28,42.685696389,2.685378283,2025-08-28T05:10,2025-08-28T18:30,48026.68,1.0,10.83,3.26,68,1009.6,19.2,0.131,25.1,10906X0039/C2-1
3162,2025-08-29,42.685696389,2.685378283,2025-08-29T05:11,2025-08-29T18:29,47861.17,0.3,16.29,3.63,32,1010.9,10.0,0.13,24.3,10906X0039/C2-1
3163,2025-08-30,42.685696389,2.685378283,2025-08-30T05:12,2025-08-30T18:27,47695.43,0.0,19.07,4.43,48,1013.9,11.3,0.129,24.0,10906X0039/C2-1
3164,2025-08-31,42.685696389,2.685378283,2025-08-31T05:13,2025-08-31T18:25,47529.57,0.9,20.09,5.22,56,1009.8,12.8,0.127,24.2,10906X0039/C2-1
3165,2025-09-01,42.685696389,2.685378283,2025-09-01T05:14,2025-09-01T18:23,47363.71,0.3,14.37,4.33,65,1012.2,21.8,0.127,24.0,10906X0039/C2-1
3166,2025-09-02,42.685696389,2.685378283,2025-09-02T05:15,2025-09-02T18:22,47197.95,0.0,21.36,4.79,73,1015.6,8.4,0.126,23.9,10906X0039/C2-1
3167,2025-09-03,42.685696389,2.685378283,2025-09-03T05:16,2025-09-03T18:20,47032.38,0.0,21.88,4.8,4,1014.5,8.5,0.124,24.0,10906X0039/C2-1
3168,2025-09-04,42.685696389,2.685378283,2025-09-04T05:17,2025-09-04T18:18,46866.91,0.1,15.54,3.99,63,1015.7,12.2,0.123,24.2,10906X0039/C2-1
3169,2025-09-05,42.685696389,2.685378283,2025-09-05T05:18,2025-09-05T18:17,46700.4,0.0,21.11,4.72,18,1021.0,10.5,0.123,24.2,10906X0039/C2-1
3170,2025-09-06,42.685696389,2.685378283,2025-09-06T05:19,2025-09-06T18:15,46532.77,0.0,21.18,3.93,12,1018.2,8.6,0.122,23.9,10906X0039/C2-1
3171,2025-09-07,42.685696389,2.685378283,2025-09-07T05:20,2025-09-07T18:13,46364.14,1.2,13.08,2.77,94,1016.0,8.9,0.122,23.9,10906X0039/C2-1
3172,2025-09-08,42.685696389,2.685378283,2025-09-08T05:22,2025-09-08T18:11,46194.6,8.6,13.87,3.64,75,1016.1,14.7,0.125,23.9,10906X0039/C2-1
3173,2025-09-09,42.685696389,2.685378283,2025-09-09T05:23,2025-09-09T18:10,46024.28,0.7,15.98,4.46,92,1014.7,20.3,0.124,23.7,10906X0039/C2-1
3174,2025-09-10,42.685696389,2.685378283,2025-09-10T05:24,2025-09-10T18:08,45853.28,0.1,17.46,4.59,42,1012.0,12.3,0.124,23.7,10906X0039/C2-1
3175,2025-09-11,42.685696389,2.685378283,2025-09-11T05:25,2025-09-11T18:06,45681.71,0.0,16.05,4.84,39,1017.6,17.2,0.124,23.7,10906X0039/C2-1
3176,2025-09-12,42.685696389,2.685378283,2025-09-12T05:26,2025-09-12T18:04,45509.67,0.0,11.35,2.92,69,1021.0,7.9,0.123,23.5,10906X0039/C2-1
3177,2025-09-13,42.685696389,2.685378283,2025-09-13T05:27,2025-09-13T18:03,45337.28,2.2,8.78,2.02,97,1019.1,7.3,0.124,23.1,10906X0039/C2-1
3178,2025-09-14,42.685696389,2.685378283,2025-09-14T05:28,2025-09-14T18:01,45164.63,0.0,18.59,4.16,53,1020.7,7.4,0.126,23.2,10906X0039/C2-1
3179,2025-09-15,42.685696389,2.685378283,2025-09-15T05:29,2025-09-15T17:59,44991.82,0.0,18.72,4.52,18,1021.1,11.2,0.125,23.5,10906X0039/C2-1
3180,2025-09-16,42.685696389,2.685378283,2025-09-16T05:30,2025-09-16T17:57,44818.96,0.0,16.08,4.37,81,1023.5,15.7,0.124,23.6,10906X0039/C2-1
3181,2025-09-17,42.685696389,2.685378283,2025-09-17T05:31,2025-09-17T17:55,44646.15,0.0,19.61,4.36,58,1022.3,6.2,0.125,23.5,10906X0039/C2-1
3182,2025-09-18,42.685696389,2.685378283,2025-09-18T05:32,2025-09-18T17:54,44473.49,0.0,19.81,4.15,3,1023.8,6.3,0.125,23.4,10906X0039/C2-1
3183,2025-09-19,42.685696389,2.685378283,2025-09-19T05:33,2025-09-19T17:52,44301.08,0.3,15.52,3.31,47,1023.7,9.3,0.126,23.3,10906X0039/C2-1
3184,2025-09-20,42.685696389,2.685378283,2025-09-20T05:34,2025-09-20T17:50,44129.01,3.3,15.47,3.87,73,1018.5,10.4,0.125,23.6,10906X0039/C2-1
3185,2025-09-21,42.685696389,2.685378283,2025-09-21T05:35,2025-09-21T17:48,43957.39,0.9,6.97,2.42,96,1014.6,14.8,0.126,23.4,10906X0039/C2-1
3186,2025-09-22,42.685696389,2.685378283,2025-09-22T05:37,2025-09-22T17:46,43786.33,0.4,14.71,4.02,52,1015.2,18.7,0.128,22.6,10906X0039/C2-1
3187,2025-09-23,42.685696389,2.685378283,2025-09-23T05:38,2025-09-23T17:45,43615.91,0.0,18.35,4.22,35,1018.2,24.0,0.127,22.0,10906X0039/C2-1
3188,2025-09-24,42.685696389,2.685378283,2025-09-24T05:39,2025-09-24T17:43,43446.02,0.0,16.16,4.11,24,1019.7,25.7,0.126,21.5,10906X0039/C2-1
3189,2025-09-25,42.685696389,2.685378283,2025-09-25T05:40,2025-09-25T17:41,43275.51,0.0,15.54,4.11,49,1019.8,17.4,0.125,21.3,10906X0039/C2-1
3190,2025-09-26,42.685696389,2.685378283,2025-09-26T05:41,2025-09-26T17:39,43104.25,0.1,7.64,1.71,84,1019.9,4.2,0.124,21.1,10906X0039/C2-1
3191,2025-09-27,42.685696389,2.685378283,2025-09-27T05:42,2025-09-27T17:38,42932.37,0.0,16.49,2.69,64,1019.5,6.8,0.124,20.8,10906X0039/C2-1
3192,2025-09-28,42.685696389,2.685378283,2025-09-28T05:43,2025-09-28T17:36,42759.97,0.3,8.1,1.58,91,1018.6,5.2,0.125,20.7,10906X0039/C2-1
3193,2025-09-29,42.685696389,2.685378283,2025-09-29T05:44,2025-09-29T17:34,42587.16,0.0,15.57,4.09,24,1019.2,13.2,0.125,20.8,10906X0039/C2-1
3194,2025-09-30,42.685696389,2.685378283,2025-09-30T05:45,2025-09-30T17:32,42414.06,0.0,17.32,4.66,8,1020.4,16.2,0.123,21.0,10906X0039/C2-1
3195,2025-10-01,42.685696389,2.685378283,2025-10-01T05:46,2025-10-01T17:30,42240.77,0.0,17.48,5.16,21,1021.5,18.5,0.123,21.0,10906X0039/C2-1
3196,2025-10-02,42.685696389,2.685378283,2025-10-02T05:48,2025-10-02T17:29,42067.4,0.0,17.23,3.4,20,1022.6,7.5,0.123,20.8,10906X0039/C2-1
3197,2025-10-03,42.685696389,2.685378283,2025-10-03T05:49,2025-10-03T17:27,41894.06,0.0,12.35,2.79,94,1021.0,5.7,0.123,20.5,10906X0039/C2-1
3198,2025-10-04,42.685696389,2.685378283,2025-10-04T05:50,2025-10-04T17:25,41720.86,0.0,14.43,4.13,68,1017.9,15.6,0.123,20.9,10906X0039/C2-1
3199,2025-10-05,42.685696389,2.685378283,2025-10-05T05:51,2025-10-05T17:23,41547.92,0.0,12.71,4.0,40,1022.9,26.9,0.122,20.7,10906X0039/C2-1
3200,2025-10-06,42.685696389,2.685378283,2025-10-06T05:52,2025-10-06T17:22,41375.34,0.0,16.46,4.33,23,1025.0,15.6,0.122,20.5,10906X0039/C2-1
3201,2025-10-07,42.685696389,2.685378283,2025-10-07T05:53,2025-10-07T17:20,41203.24,0.0,15.01,3.1,60,1022.6,6.0,0.122,20.2,10906X0039/C2-1
3202,2025-10-08,42.685696389,2.685378283,2025-10-08T05:54,2025-10-08T17:18,41031.72,0.0,15.43,3.99,47,1020.2,10.1,0.122,20.3,10906X0039/C2-1
3203,2025-10-09,42.685696389,2.685378283,2025-10-09T05:56,2025-10-09T17:17,40860.92,0.0,9.98,3.42,91,1021.7,20.7,0.122,20.5,10906X0039/C2-1
3204,2025-10-10,42.685696389,2.685378283,2025-10-10T05:57,2025-10-10T17:15,40690.95,0.0,13.68,3.35,21,1026.4,12.2,0.122,20.5,10906X0039/C2-1
3205,2025-10-11,42.685696389,2.685378283,2025-10-11T05:58,2025-10-11T17:13,40521.93,0.0,15.13,2.84,0,1027.0,6.7,0.122,20.3,10906X0039/C2-1
3206,2025-10-12,42.685696389,2.685378283,2025-10-12T05:59,2025-10-12T17:12,40353.97,0.0,13.85,2.41,45,1023.8,6.0,0.122,20.0,10906X0039/C2-1
3207,2025-10-13,42.685696389,2.685378283,2025-10-13T06:00,2025-10-13T17:10,40187.19,0.4,9.76,1.86,84,1020.2,6.3,0.123,20.0,10906X0039/C2-1
3208,2025-10-14,42.685696389,2.685378283,2025-10-14T06:01,2025-10-14T17:08,40021.5,12.0,6.39,1.15,87,1019.8,5.8,0.133,19.8,10906X0039/C2-1
3209,2025-10-15,42.685696389,2.685378283,2025-10-15T06:02,2025-10-15T17:07,39855.6,0.2,12.58,1.92,58,1020.0,4.8,0.137,19.4,10906X0039/C2-1
3210,2025-10-16,42.685696389,2.685378283,2025-10-16T06:04,2025-10-16T17:05,39689.36,0.0,11.92,1.82,36,1019.1,3.9,0.136,19.0,10906X0039/C2-1
3211,2025-10-17,42.685696389,2.685378283,2025-10-17T06:05,2025-10-17T17:04,39522.93,1.2,7.8,1.25,60,1018.9,4.5,0.135,18.6,10906X0039/C2-1
3212,2025-10-18,42.685696389,2.685378283,2025-10-18T06:06,2025-10-18T17:02,39356.43,1.1,8.02,1.24,96,1020.6,5.4,0.135,18.4,10906X0039/C2-1
3213,2025-10-19,42.685696389,2.685378283,2025-10-19T06:07,2025-10-19T17:00,39190.0,0.3,9.86,1.62,99,1015.0,5.2,0.135,18.4,10906X0039/C2-1
3214,2025-10-20,42.685696389,2.685378283,2025-10-20T06:08,2025-10-20T16:59,39023.77,0.4,11.49,2.26,67,1007.5,9.0,0.134,18.5,10906X0039/C2-1
3215,2025-10-21,42.685696389,2.685378283,2025-10-21T06:10,2025-10-21T16:57,38857.89,0.0,10.09,1.77,57,1007.2,4.2,0.133,18.5,10906X0039/C2-1
3216,2025-10-22,42.685696389,2.685378283,2025-10-22T06:11,2025-10-22T16:56,38692.47,0.0,10.99,2.21,92,1007.5,7.7,0.131,18.6,10906X0039/C2-1
3217,2025-10-23,42.685696389,2.685378283,2025-10-23T06:12,2025-10-23T16:54,38527.68,4.1,9.05,2.93,76,1008.0,24.9,0.132,18.4,10906X0039/C2-1
3218,2025-10-24,42.685696389,2.685378283,2025-10-24T06:13,2025-10-24T16:53,38363.65,0.0,11.18,2.21,43,1015.2,7.1,0.13,18.1,10906X0039/C2-1
3219,2025-10-25,42.685696389,2.685378283,2025-10-25T06:15,2025-10-25T16:51,38200.52,0.4,10.05,2.45,88,1012.8,11.8,0.13,17.9,10906X0039/C2-1
3220,2025-10-26,42.685696389,2.685378283,2025-10-26T06:16,2025-10-26T16:50,38038.45,0.0,10.58,3.17,59,1016.9,28.1,0.129,17.8,10906X0039/C2-1
3221,2025-10-27,42.685696389,2.685378283,2025-10-27T06:17,2025-10-27T16:48,37877.6,0.0,11.32,3.29,49,1019.5,19.4,0.128,17.6,10906X0039/C2-1
3222,2025-10-28,42.685696389,2.685378283,2025-10-28T06:18,2025-10-28T16:47,37718.1,0.0,12.57,2.17,0,1018.1,7.0,0.128,17.5,10906X0039/C2-1
3223,2025-10-29,42.685696389,2.685378283,2025-10-29T06:20,2025-10-29T16:46,37560.13,0.0,3.61,0.95,98,1008.1,6.3,0.127,17.2,10906X0039/C2-1
3224,2025-10-30,42.685696389,2.685378283,2025-10-30T06:21,2025-10-30T16:44,37403.84,0.0,11.95,2.51,26,1011.7,12.3,0.127,17.5,10906X0039/C2-1
3225,2025-10-31,42.685696389,2.685378283,2025-10-31T06:22,2025-10-31T16:43,37249.4,0.1,8.78,1.57,92,1013.8,5.7,0.127,17.4,10906X0039/C2-1
3226,2025-11-01,42.685696389,2.685378283,2025-11-01T06:23,2025-11-01T16:42,37096.97,0.0,8.34,1.59,99,1014.9,4.6,0.127,17.6,10906X0039/C2-1
3227,2025-11-02,42.685696389,2.685378283,2025-11-02T06:25,2025-11-02T16:40,36946.74,0.0,7.11,2.85,74,1019.0,22.9,0.127,17.6,10906X0039/C2-1
3228,2025-11-03,42.685696389,2.685378283,2025-11-03T06:26,2025-11-03T16:39,36798.61,0.0,11.59,2.66,3,1024.1,12.5,0.126,17.6,10906X0039/C2-1
3229,2025-11-04,42.685696389,2.685378283,2025-11-04T06:27,2025-11-04T16:38,36651.2,0.0,9.64,2.09,44,1021.7,8.9,0.127,17.2,10906X0039/C2-1
3230,2025-11-05,42.685696389,2.685378283,2025-11-05T06:28,2025-11-05T16:37,36504.39,0.0,7.43,1.96,66,1016.4,11.4,0.126,17.4,10906X0039/C2-1
3231,2025-11-06,42.685696389,2.685378283,2025-11-06T06:30,2025-11-06T16:36,36358.33,30.2,2.09,0.9,90,1009.0,16.3,0.137,17.3,10906X0039/C2-1
3232,2025-11-07,42.685696389,2.685378283,2025-11-07T06:31,2025-11-07T16:34,36213.18,4.3,8.52,1.46,53,1011.5,6.3,0.152,16.9,10906X0039/C2-1
3233,2025-11-08,42.685696389,2.685378283,2025-11-08T06:32,2025-11-08T16:33,36069.11,2.4,3.93,1.69,94,1014.1,21.3,0.154,16.3,10906X0039/C2-1
3234,2025-11-09,42.685696389,2.685378283,2025-11-09T06:33,2025-11-09T16:32,35926.27,0.0,10.68,2.17,38,1018.7,18.4,0.152,16.3,10906X0039/C2-1
3235,2025-11-10,42.685696389,2.685378283,2025-11-10T06:35,2025-11-10T16:31,35784.83,0.0,10.26,1.34,54,1016.9,5.5,0.151,15.6,10906X0039/C2-1
3236,2025-11-11,42.685696389,2.685378283,2025-11-11T06:36,2025-11-11T16:30,35644.96,0.0,9.72,1.31,69,1016.2,5.2,0.151,15.2,10906X0039/C2-1
3237,2025-11-12,42.685696389,2.685378283,2025-11-12T06:37,2025-11-12T16:29,35506.83,0.0,9.03,1.19,96,1016.2,5.8,0.15,15.5,10906X0039/C2-1
3238,2025-11-13,42.685696389,2.685378283,2025-11-13T06:38,2025-11-13T16:28,35370.61,0.8,6.78,1.19,97,1016.5,20.7,0.147,16.0,10906X0039/C2-1
3239,2025-11-14,42.685696389,2.685378283,2025-11-14T06:40,2025-11-14T16:27,35236.49,1.4,6.82,1.71,91,1007.8,18.7,0.145,16.4,10906X0039/C2-1
3240,2025-11-15,42.685696389,2.685378283,2025-11-15T06:41,2025-11-15T16:26,35104.65,0.0,9.71,1.81,51,1007.6,6.4,0.14,16.3,10906X0039/C2-1
3241,2025-11-16,42.685696389,2.685378283,2025-11-16T06:42,2025-11-16T16:25,34975.28,1.5,7.96,1.83,75,1006.3,9.8,0.137,16.2,10906X0039/C2-1
3242,2025-11-17,42.685696389,2.685378283,2025-11-17T06:44,2025-11-17T16:24,34848.56,0.0,9.09,2.15,23,1012.3,17.7,0.134,15.9,10906X0039/C2-1
3243,2025-11-18,42.685696389,2.685378283,2025-11-18T06:45,2025-11-18T16:24,34724.69,0.0,10.07,2.52,29,1017.3,27.7,0.132,15.5,10906X0039/C2-1
3244,2025-11-19,42.685696389,2.685378283,2025-11-19T06:46,2025-11-19T16:23,34603.86,2.1,9.76,1.96,41,1014.1,12.9,0.131,14.8,10906X0039/C2-1
3245,2025-11-20,42.685696389,2.685378283,2025-11-20T06:47,2025-11-20T16:22,34486.28,0.4,7.13,1.64,65,1015.4,20.8,0.131,14.4,10906X0039/C2-1
3246,2025-11-21,42.685696389,2.685378283,2025-11-21T06:48,2025-11-21T16:21,34372.14,1.1,8.54,1.77,64,1019.6,32.0,0.132,13.6,10906X0039/C2-1
3247,2025-11-22,42.685696389,2.685378283,2025-11-22T06:50,2025-11-22T16:21,34261.65,0.2,9.3,2.21,61,1024.2,28.7,0.132,13.2,10906X0039/C2-1
3248,2025-11-23,42.685696389,2.685378283,2025-11-23T06:51,2025-11-23T16:20,34154.79,1.1,2.7,0.56,100,1018.4,4.2,0.134,12.8,10906X0039/C2-1
3249,2025-11-24,42.685696389,2.685378283,2025-11-24T06:52,2025-11-24T16:19,34050.37,3.4,6.41,1.29,78,1006.4,10.7,0.136,13.0,10906X0039/C2-1
3250,2025-11-25,42.685696389,2.685378283,2025-11-25T06:53,2025-11-25T16:19,33948.28,0.0,6.52,2.28,57,1010.5,28.7,0.137,13.1,10906X0039/C2-1
3251,2025-11-26,42.685696389,2.685378283,2025-11-26T06:54,2025-11-26T16:18,33848.67,0.0,8.18,2.25,43,1019.4,36.8,0.136,12.8,10906X0039/C2-1
3252,2025-11-27,42.685696389,2.685378283,2025-11-27T06:55,2025-11-27T16:18,33751.66,0.0,9.27,2.83,11,1022.1,30.4,0.135,12.5,10906X0039/C2-1
3253,2025-11-28,42.685696389,2.685378283,2025-11-28T06:56,2025-11-28T16:17,33657.4,0.0,8.5,2.99,32,1020.6,19.1,0.133,12.5,10906X0039/C2-1
3254,2025-11-29,42.685696389,2.685378283,2025-11-29T06:58,2025-11-29T16:17,33566.01,0.0,8.3,1.35,47,1014.7,7.9,0.133,12.5,10906X0039/C2-1
3255,2025-11-30,42.685696389,2.685378283,2025-11-30T06:59,2025-11-30T16:17,33477.65,0.0,5.41,1.53,77,1016.1,18.5,0.132,12.4,10906X0039/C2-1
3256,2025-12-01,42.685696389,2.685378283,2025-12-01T07:00,2025-12-01T16:16,33392.45,0.0,8.84,1.42,52,1018.5,8.8,0.132,12.3,10906X0039/C2-1
3257,2025-12-02,42.685696389,2.685378283,2025-12-02T07:01,2025-12-02T16:16,33310.55,0.0,6.32,1.04,93,1012.9,8.7,0.131,12.1,10906X0039/C2-1
3258,2025-12-03,42.685696389,2.685378283,2025-12-03T07:02,2025-12-03T16:16,33232.09,0.2,7.35,2.02,47,1012.9,20.2,0.131,12.3,10906X0039/C2-1
3259,2025-12-04,42.685696389,2.685378283,2025-12-04T07:03,2025-12-04T16:16,33157.22,0.5,4.07,0.94,81,1011.1,9.0,0.131,11.9,10906X0039/C2-1
3260,2025-12-05,42.685696389,2.685378283,2025-12-05T07:04,2025-12-05T16:15,33086.08,0.2,7.74,1.87,42,1013.4,16.7,0.132,12.0,10906X0039/C2-1
3261,2025-12-06,42.685696389,2.685378283,2025-12-06T07:05,2025-12-06T16:15,33018.81,0.1,6.74,1.09,83,1017.1,5.5,0.134,12.0,10906X0039/C2-1
3262,2025-12-07,42.685696389,2.685378283,2025-12-07T07:06,2025-12-07T16:15,32955.55,0.0,6.97,1.3,96,1018.9,6.9,0.136,12.2,10906X0039/C2-1
3263,2025-12-08,42.685696389,2.685378283,2025-12-08T07:07,2025-12-08T16:15,32896.45,0.0,7.95,1.06,17,1020.0,7.0,0.138,12.2,10906X0039/C2-1
3264,2025-12-09,42.685696389,2.685378283,2025-12-09T07:08,2025-12-09T16:15,32841.65,0.0,4.55,0.65,86,1019.2,6.3,0.137,12.3,10906X0039/C2-1
3265,2025-12-10,42.685696389,2.685378283,2025-12-10T07:09,2025-12-10T16:15,32791.3,0.0,6.68,0.92,83,1022.0,5.0,0.139,12.4,10906X0039/C2-1
3266,2025-12-11,42.685696389,2.685378283,2025-12-11T07:09,2025-12-11T16:15,32745.52,0.1,3.88,0.5,88,1023.0,4.1,0.138,12.2,10906X0039/C2-1
3267,2025-12-12,42.685696389,2.685378283,2025-12-12T07:10,2025-12-12T16:15,32704.47,0.0,5.67,0.94,55,1021.1,6.8,0.135,12.3,10906X0039/C2-1
3268,2025-12-13,42.685696389,2.685378283,2025-12-13T07:11,2025-12-13T16:15,32668.18,0.0,5.47,0.79,76,1027.0,5.7,0.133,12.3,10906X0039/C2-1
3269,2025-12-14,42.685696389,2.685378283,2025-12-14T07:12,2025-12-14T16:16,32636.18,0.2,5.55,0.87,47,1024.5,9.1,0.133,11.9,10906X0039/C2-1
3270,2025-12-15,42.685696389,2.685378283,2025-12-15T07:12,2025-12-15T16:16,32608.39,11.8,3.01,0.45,96,1015.5,13.3,0.135,12.2,10906X0039/C2-1
3271,2025-12-16,42.685696389,2.685378283,2025-12-16T07:13,2025-12-16T16:16,32584.83,0.0,6.22,0.91,69,1011.3,7.0,0.134,12.3,10906X0039/C2-1
3272,2025-12-17,42.685696389,2.685378283,2025-12-17T07:14,2025-12-17T16:16,32565.5,0.1,7.16,1.03,23,1021.8,4.3,0.134,12.3,10906X0039/C2-1
3273,2025-12-18,42.685696389,2.685378283,2025-12-18T07:14,2025-12-18T16:17,32550.42,0.0,5.26,0.93,40,1021.6,7.7,0.133,12.1,10906X0039/C2-1
3274,2025-12-19,42.685696389,2.685378283,2025-12-19T07:15,2025-12-19T16:17,32539.57,0.1,5.85,0.89,79,1019.9,5.9,0.133,12.1,10906X0039/C2-1
3275,2025-12-20,42.685696389,2.685378283,2025-12-20T07:15,2025-12-20T16:18,32532.96,9.3,3.29,0.55,97,1013.9,7.6,0.134,12.1,10906X0039/C2-1
3276,2025-12-21,42.685696389,2.685378283,2025-12-21T07:16,2025-12-21T16:18,32530.6,8.1,6.29,1.32,91,1004.3,15.7,0.138,12.4,10906X0039/C2-1
3277,2025-12-22,42.685696389,2.685378283,2025-12-22T07:16,2025-12-22T16:19,32532.49,27.2,1.11,0.56,100,1006.1,18.4,0.157,11.8,10906X0039/C2-1
3278,2025-12-23,42.685696389,2.685378283,2025-12-23T07:17,2025-12-23T16:19,32538.6,21.7,0.78,0.52,100,1007.6,23.4,0.179,11.0,10906X0039/C2-1
3279,2025-12-24,42.685696389,2.685378283,2025-12-24T07:17,2025-12-24T16:20,32548.95,0.4,5.7,1.29,97,1008.5,20.8,0.19,10.9,10906X0039/C2-1
3280,2025-12-25,42.685696389,2.685378283,2025-12-25T07:18,2025-12-25T16:20,32563.52,8.5,1.36,0.42,99,1014.7,8.4,0.193,10.6,10906X0039/C2-1
3281,2025-12-26,42.685696389,2.685378283,2025-12-26T07:18,2025-12-26T16:21,32582.29,71.8,0.58,0.16,100,1017.0,16.3,0.233,10.5,10906X0039/C2-1
3282,2025-12-27,42.685696389,2.685378283,2025-12-27T07:18,2025-12-27T16:22,32605.26,35.4,1.03,0.21,99,1022.3,13.7,0.27,10.9,10906X0039/C2-1
3283,2025-12-28,42.685696389,2.685378283,2025-12-28T07:19,2025-12-28T16:22,32632.4,5.0,3.37,0.5,73,1021.4,4.2,0.288,11.0,10906X0039/C2-1
3284,2025-12-29,42.685696389,2.685378283,2025-12-29T07:19,2025-12-29T16:23,32663.7,0.0,6.79,0.84,85,1020.6,5.8,0.29,10.6,10906X0039/C2-1
3285,2025-12-30,42.685696389,2.685378283,2025-12-30T07:19,2025-12-30T16:24,32699.14,0.0,6.27,1.36,47,1017.5,23.8,0.288,10.4,10906X0039/C2-1
3286,2025-12-31,42.685696389,2.685378283,2025-12-31T07:19,2025-12-31T16:25,32738.7,0.0,6.99,0.89,50,1020.4,11.8,0.287,10.1,10906X0039/C2-1
3287,2026-01-01,42.685696389,2.685378283,2026-01-01T07:19,2026-01-01T16:26,32782.35,0.0,6.99,0.69,73,1017.5,4.6,0.286,9.3,10906X0039/C2-1
3288,2026-01-02,42.685696389,2.685378283,2026-01-02T07:19,2026-01-02T16:26,32830.17,0.0,7.53,0.92,91,1010.5,5.0,0.287,8.6,10906X0039/C2-1
3289,2026-01-03,42.685696389,2.685378283,2026-01-03T07:19,2026-01-03T16:27,32882.7,0.4,4.6,0.83,98,1009.2,8.0,0.287,8.6,10906X0039/C2-1
3290,2026-01-04,42.685696389,2.685378283,2026-01-04T07:19,2026-01-04T16:28,32939.89,0.0,8.51,1.57,59,1009.6,24.1,0.282,8.5,10906X0039/C2-1
3291,2026-01-05,42.685696389,2.685378283,2026-01-05T07:19,2026-01-05T16:29,33001.58,0.0,7.77,1.7,38,1011.5,27.8,0.273,8.0,10906X0039/C2-1
3292,2026-01-06,42.685696389,2.685378283,2026-01-06T07:19,2026-01-06T16:30,33067.63,0.0,8.53,2.33,14,1015.0,29.1,0.271,7.5,10906X0039/C2-1
3293,2026-01-07,42.685696389,2.685378283,2026-01-07T07:19,2026-01-07T16:31,33137.89,1.0,7.7,1.6,52,1017.9,15.5,0.275,7.4,10906X0039/C2-1
3294,2026-01-08,42.685696389,2.685378283,2026-01-08T07:19,2026-01-08T16:32,33212.19,1.8,4.2,0.79,92,1018.0,7.8,0.267,8.0,10906X0039/C2-1
3295,2026-01-09,42.685696389,2.685378283,2026-01-09T07:18,2026-01-09T16:33,33290.4,6.7,5.85,1.79,80,1012.9,21.3,0.261,8.3,10906X0039/C2-1
3296,2026-01-10,42.685696389,2.685378283,2026-01-10T07:18,2026-01-10T16:34,33372.35,5.7,5.59,1.65,81,1018.7,28.5,0.263,8.4,10906X0039/C2-1
3297,2026-01-11,42.685696389,2.685378283,2026-01-11T07:18,2026-01-11T16:36,33457.9,0.0,8.06,1.29,64,1023.6,10.3,0.262,8.6,10906X0039/C2-1
3298,2026-01-12,42.685696389,2.685378283,2026-01-12T07:18,2026-01-12T16:37,33546.89,0.0,3.45,0.45,100,1021.3,5.3,0.261,8.3,10906X0039/C2-1
3299,2026-01-13,42.685696389,2.685378283,2026-01-13T07:17,2026-01-13T16:38,33639.17,0.0,6.03,0.7,100,1015.6,4.7,0.26,8.5,10906X0039/C2-1
3300,2026-01-14,42.685696389,2.685378283,2026-01-14T07:17,2026-01-14T16:39,33734.6,0.0,6.63,0.81,98,1018.0,5.8,0.259,8.7,10906X0039/C2-1
3301,2026-01-15,42.685696389,2.685378283,2026-01-15T07:16,2026-01-15T16:40,33833.02,0.0,8.15,1.18,85,1014.8,8.5,0.259,8.9,10906X0039/C2-1
3302,2026-01-16,42.685696389,2.685378283,2026-01-16T07:16,2026-01-16T16:41,33934.29,0.0,4.28,0.7,89,1013.1,7.0,0.254,8.8,10906X0039/C2-1
3303,2026-01-17,42.685696389,2.685378283,2026-01-17T07:15,2026-01-17T16:43,34038.26,4.6,5.88,0.84,100,1011.3,11.9,0.253,9.1,10906X0039/C2-1
3304,2026-01-18,42.685696389,2.685378283,2026-01-18T07:15,2026-01-18T16:44,34144.79,21.3,1.8,0.31,100,1012.9,5.1,0.267,9.5,10906X0039/C2-1
3305,2026-01-19,42.685696389,2.685378283,2026-01-19T07:14,2026-01-19T16:45,34253.74,43.5,0.95,0.28,100,1017.0,10.4,0.294,9.4,10906X0039/C2-1
3306,2026-01-20,42.685696389,2.685378283,2026-01-20T07:14,2026-01-20T16:46,34364.97,44.3,0.93,0.24,100,1016.7,11.4,0.334,9.1,10906X0039/C2-1
3307,2026-01-21,42.685696389,2.685378283,2026-01-21T07:13,2026-01-21T16:47,34478.34,0.1,7.15,0.92,73,1002.9,3.5,0.34,9.1,10906X0039/C2-1
3308,2026-01-22,42.685696389,2.685378283,2026-01-22T07:12,2026-01-22T16:49,34593.95,2.5,5.12,1.11,67,997.9,15.7,0.341,9.3,10906X0039/C2-1
3309,2026-01-23,42.685696389,2.685378283,2026-01-23T07:11,2026-01-23T16:50,34713.03,0.1,8.9,1.15,52,995.6,5.3,0.338,9.0,10906X0039/C2-1
3310,2026-01-24,42.685696389,2.685378283,2026-01-24T07:11,2026-01-24T16:51,34835.61,44.3,0.69,0.34,99,996.8,18.1,0.346,8.7,10906X0039/C2-1
3311,2026-01-25,42.685696389,2.685378283,2026-01-25T07:10,2026-01-25T16:52,34961.49,4.3,8.11,1.25,82,1000.9,11.7,0.362,8.5,10906X0039/C2-1
3312,2026-01-26,42.685696389,2.685378283,2026-01-26T07:09,2026-01-26T16:54,35090.46,5.1,9.18,1.59,88,1004.9,16.8,0.361,8.6,10906X0039/C2-1
3313,2026-01-27,42.685696389,2.685378283,2026-01-27T07:08,2026-01-27T16:55,35222.32,1.7,2.5,0.46,100,997.4,9.0,0.359,8.4,10906X0039/C2-1
3314,2026-01-28,42.685696389,2.685378283,2026-01-28T07:07,2026-01-28T16:56,35356.86,0.6,8.91,1.41,54,996.0,11.2,0.358,8.6,10906X0039/C2-1
3315,2026-01-29,42.685696389,2.685378283,2026-01-29T07:06,2026-01-29T16:58,35493.92,0.0,6.87,1.12,61,1000.6,6.7,0.359,8.3,10906X0039/C2-1
3316,2026-01-30,42.685696389,2.685378283,2026-01-30T07:05,2026-01-30T16:59,35633.28,2.6,10.63,2.06,54,1001.7,13.6,0.356,8.6,10906X0039/C2-1
3317,2026-01-31,42.685696389,2.685378283,2026-01-31T07:04,2026-01-31T17:00,35774.76,11.2,8.45,2.01,79,1004.1,25.5,0.355,8.7,10906X0039/C2-1
3318,2026-02-01,42.685696389,2.685378283,2026-02-01T07:03,2026-02-01T17:02,35918.19,0.3,6.43,1.37,59,1010.0,9.6,0.353,9.0,10906X0039/C2-1
3319,2026-02-02,42.685696389,2.685378283,2026-02-02T07:02,2026-02-02T17:03,36063.38,1.0,5.09,0.86,92,996.3,10.9,0.353,8.7,10906X0039/C2-1
3320,2026-02-03,42.685696389,2.685378283,2026-02-03T07:01,2026-02-03T17:04,36210.17,0.6,10.86,1.42,38,998.7,5.4,0.345,9.0,10906X0039/C2-1
3321,2026-02-04,42.685696389,2.685378283,2026-02-04T07:00,2026-02-04T17:06,36358.37,0.0,10.15,1.43,42,991.6,5.8,0.336,8.7,10906X0039/C2-1
3322,2026-02-05,42.685696389,2.685378283,2026-02-05T06:59,2026-02-05T17:07,36507.82,2.4,4.55,0.58,56,989.7,6.5,0.336,8.4,10906X0039/C2-1
3323,2026-02-06,42.685696389,2.685378283,2026-02-06T06:57,2026-02-06T17:08,36658.35,0.8,9.29,1.37,50,998.3,7.7,0.319,8.6,10906X0039/C2-1
3324,2026-02-07,42.685696389,2.685378283,2026-02-07T06:56,2026-02-07T17:10,36809.81,1.4,11.32,1.76,49,1003.9,9.3,0.314,8.9,10906X0039/C2-1
3325,2026-02-08,42.685696389,2.685378283,2026-02-08T06:55,2026-02-08T17:11,36962.03,1.2,8.32,1.33,90,1003.8,12.0,0.308,8.9,10906X0039/C2-1
3326,2026-02-09,42.685696389,2.685378283,2026-02-09T06:54,2026-02-09T17:12,37114.87,0.0,7.31,1.05,89,1007.0,5.5,0.312,8.9,10906X0039/C2-1
3327,2026-02-10,42.685696389,2.685378283,2026-02-10T06:52,2026-02-10T17:14,37268.17,17.3,3.99,0.61,100,1003.7,5.6,0.319,9.0,10906X0039/C2-1
3328,2026-02-11,42.685696389,2.685378283,2026-02-11T06:51,2026-02-11T17:15,37422.03,15.9,10.99,2.37,73,1001.6,16.4,0.33,9.7,10906X0039/C2-1
3329,2026-02-12,42.685696389,2.685378283,2026-02-12T06:50,2026-02-12T17:16,37577.9,6.2,10.26,3.2,65,1000.6,37.5,0.337,10.1,10906X0039/C2-1
3330,2026-02-13,42.685696389,2.685378283,2026-02-13T06:49,2026-02-13T17:17,37735.85,6.2,3.0,1.05,99,992.7,15.4,0.334,9.9,10906X0039/C2-1
3331,2026-02-14,42.685696389,2.685378283,2026-02-14T06:47,2026-02-14T17:19,37895.71,10.9,3.9,1.48,94,1001.9,40.0,0.34,9.6,10906X0039/C2-1
3332,2026-02-15,42.685696389,2.685378283,2026-02-15T06:46,2026-02-15T17:20,38057.32,1.4,6.71,2.2,86,1016.4,24.2,0.34,9.5,10906X0039/C2-1
3333,2026-02-16,42.685696389,2.685378283,2026-02-16T06:44,2026-02-16T17:21,38220.52,19.9,4.41,1.47,96,1013.2,26.1,0.344,9.9,10906X0039/C2-1
3334,2026-02-17,42.685696389,2.685378283,2026-02-17T06:43,2026-02-17T17:23,38385.14,0.4,7.78,2.02,69,1019.0,19.5,0.349,10.1,10906X0039/C2-1
3335,2026-02-18,42.685696389,2.685378283,2026-02-18T06:41,2026-02-18T17:24,38551.02,0.8,12.58,1.82,89,1011.4,11.0,0.348,10.0,10906X0039/C2-1
3336,2026-02-19,42.685696389,2.685378283,2026-02-19T06:40,2026-02-19T17:25,38718.02,1.0,10.68,3.34,74,1010.1,31.0,0.34,10.2,10906X0039/C2-1
3337,2026-02-20,42.685696389,2.685378283,2026-02-20T06:38,2026-02-20T17:27,38885.97,0.0,9.47,2.98,77,1024.7,35.5,0.339,10.3,10906X0039/C2-1
3338,2026-02-21,42.685696389,2.685378283,2026-02-21T06:37,2026-02-21T17:28,39054.74,0.0,14.5,2.6,10,1029.7,16.2,0.335,10.4,10906X0039/C2-1
3339,2026-02-22,42.685696389,2.685378283,2026-02-22T06:35,2026-02-22T17:29,39224.18,0.0,14.61,2.48,57,1027.1,6.9,0.33,10.4,10906X0039/C2-1
3340,2026-02-23,42.685696389,2.685378283,2026-02-23T06:34,2026-02-23T17:30,39394.13,0.0,14.71,2.63,33,1024.7,10.1,0.323,10.8,10906X0039/C2-1
3341,2026-02-24,42.685696389,2.685378283,2026-02-24T06:32,2026-02-24T17:32,39564.47,0.0,14.79,2.21,44,1019.6,4.4,0.32,10.8,10906X0039/C2-1
3342,2026-02-25,42.685696389,2.685378283,2026-02-25T06:31,2026-02-25T17:33,39735.06,0.9,5.23,0.79,84,1022.5,6.6,0.32,10.6,10906X0039/C2-1
3343,2026-02-26,42.685696389,2.685378283,2026-02-26T06:29,2026-02-26T17:34,39905.74,0.2,13.16,1.74,55,1027.4,4.5,0.32,10.9,10906X0039/C2-1
3344,2026-02-27,42.685696389,2.685378283,2026-02-27T06:28,2026-02-27T17:35,40076.4,0.9,5.75,0.8,98,1024.8,5.4,0.321,10.8,10906X0039/C2-1
3345,2026-02-28,42.685696389,2.685378283,2026-02-28T06:26,2026-02-28T17:37,40246.9,0.3,4.92,1.34,100,1025.8,12.1,0.32,10.9,10906X0039/C2-1
3346,2026-03-01,42.685696389,2.685378283,2026-03-01T06:24,2026-03-01T17:38,40417.11,0.0,13.07,2.0,38,1024.7,8.4,0.311,11.0,10906X0039/C2-1
3347,2026-03-02,42.685696389,2.685378283,2026-03-02T06:23,2026-03-02T17:39,40586.88,0.0,12.68,1.92,62,1020.0,12.9,0.306,10.9,10906X0039/C2-1
3348,2026-03-03,42.685696389,2.685378283,2026-03-03T06:21,2026-03-03T17:40,40756.36,1.3,9.23,1.28,82,1023.6,9.3,0.306,11.1,10906X0039/C2-1
3349,2026-03-04,42.685696389,2.685378283,2026-03-04T06:20,2026-03-04T17:42,40926.86,3.0,5.47,0.81,98,1023.3,8.5,0.309,11.2,10906X0039/C2-1
3350,2026-03-05,42.685696389,2.685378283,2026-03-05T06:18,2026-03-05T17:43,41098.51,24.2,2.26,0.38,100,1018.1,13.8,0.319,11.3,10906X0039/C2-1
3351,2026-03-06,42.685696389,2.685378283,2026-03-06T06:16,2026-03-06T17:44,41271.19,45.2,1.59,0.3,100,1018.0,19.0,0.346,11.3,10906X0039/C2-1
3352,2026-03-07,42.685696389,2.685378283,2026-03-07T06:15,2026-03-07T17:45,41444.76,8.5,14.88,1.96,60,1021.0,12.8,0.361,11.5,10906X0039/C2-1
3353,2026-03-08,42.685696389,2.685378283,2026-03-08T06:13,2026-03-08T17:46,41619.12,14.8,11.1,1.51,76,1022.5,6.1,0.368,11.5,10906X0039/C2-1
3354,2026-03-09,42.685696389,2.685378283,2026-03-09T06:11,2026-03-09T17:48,41794.13,6.4,9.96,1.35,77,1020.5,6.3,0.371,11.4,10906X0039/C2-1
3355,2026-03-10,42.685696389,2.685378283,2026-03-10T06:09,2026-03-10T17:49,41969.68,0.7,13.05,1.86,64,1021.1,4.9,0.371,11.4,10906X0039/C2-1
3356,2026-03-11,42.685696389,2.685378283,2026-03-11T06:08,2026-03-11T17:50,42145.65,1.9,12.13,1.79,91,1024.3,6.4,0.365,11.4,10906X0039/C2-1
3357,2026-03-12,42.685696389,2.685378283,2026-03-12T06:06,2026-03-12T17:51,42321.92,0.0,14.61,2.51,52,1024.5,12.7,0.359,11.7,10906X0039/C2-1
3358,2026-03-13,42.685696389,2.685378283,2026-03-13T06:04,2026-03-13T17:52,42498.38,0.0,17.08,2.33,41,1016.6,7.1,0.356,11.5,10906X0039/C2-1
3359,2026-03-14,42.685696389,2.685378283,2026-03-14T06:02,2026-03-14T17:54,42674.91,4.7,8.06,1.75,75,1006.8,25.5,0.34,11.4,10906X0039/C2-1
3360,2026-03-15,42.685696389,2.685378283,2026-03-15T06:01,2026-03-15T17:55,42851.4,0.0,16.44,3.55,48,1012.7,36.8,0.339,10.9,10906X0039/C2-1
3361,2026-03-16,42.685696389,2.685378283,2026-03-16T05:59,2026-03-16T17:56,43027.72,0.0,19.13,4.29,42,1020.3,29.8,0.325,11.0,10906X0039/C2-1
3362,2026-03-17,42.685696389,2.685378283,2026-03-17T05:57,2026-03-17T17:57,43203.78,0.0,19.19,2.9,18,1016.7,7.4,0.313,11.2,10906X0039/C2-1
3363,2026-03-18,42.685696389,2.685378283,2026-03-18T05:55,2026-03-18T17:58,43379.44,2.1,17.23,2.42,37,1013.4,12.6,0.31,11.0,10906X0039/C2-1
3364,2026-03-19,42.685696389,2.685378283,2026-03-19T05:54,2026-03-19T17:59,43554.6,0.0,13.96,2.43,47,1017.8,13.3,0.307,11.2,10906X0039/C2-1
3365,2026-03-20,42.685696389,2.685378283,2026-03-20T05:52,2026-03-20T18:01,43729.14,0.0,20.21,3.18,3,1015.4,10.4,0.303,10.8,10906X0039/C2-1
3366,2026-03-21,42.685696389,2.685378283,2026-03-21T05:50,2026-03-21T18:02,43902.94,0.0,19.62,2.8,3,1012.1,6.6,0.304,10.8,10906X0039/C2-1
3367,2026-03-22,42.685696389,2.685378283,2026-03-22T05:48,2026-03-22T18:03,44075.9,4.7,14.55,2.63,69,1010.6,8.2,0.3,11.0,10906X0039/C2-1
3368,2026-03-23,42.685696389,2.685378283,2026-03-23T05:47,2026-03-23T18:04,44248.11,1.3,16.44,2.93,45,1018.3,12.5,0.3,11.1,10906X0039/C2-1
3369,2026-03-24,42.685696389,2.685378283,2026-03-24T05:45,2026-03-24T18:05,44420.8,0.0,20.64,3.53,21,1021.7,9.8,0.295,11.2,10906X0039/C2-1
3370,2026-03-25,42.685696389,2.685378283,2026-03-25T05:43,2026-03-25T18:06,44594.09,0.0,20.42,3.87,33,1017.4,24.5,0.29,11.2,10906X0039/C2-1
3371,2026-03-26,42.685696389,2.685378283,2026-03-26T05:41,2026-03-26T18:08,44767.87,0.1,17.56,3.79,65,1018.7,38.7,0.286,11.1,10906X0039/C2-1
3372,2026-03-27,42.685696389,2.685378283,2026-03-27T05:40,2026-03-27T18:09,44942.05,0.0,20.91,4.24,28,1019.2,33.8,0.279,11.0,10906X0039/C2-1
3373,2026-03-28,42.685696389,2.685378283,2026-03-28T05:38,2026-03-28T18:10,45116.51,0.4,13.17,3.66,80,1020.8,33.3,0.27,10.9,10906X0039/C2-1
3374,2026-03-29,42.685696389,2.685378283,2026-03-29T05:36,2026-03-29T18:11,45291.15,0.0,17.46,3.84,46,1025.6,37.5,0.264,10.8,10906X0039/C2-1
3375,2026-03-30,42.685696389,2.685378283,2026-03-30T05:34,2026-03-30T18:12,45465.86,0.7,14.61,4.17,86,1024.4,36.6,0.256,10.9,10906X0039/C2-1
3376,2026-03-31,42.685696389,2.685378283,2026-03-31T05:33,2026-03-31T18:13,45640.55,0.5,16.29,3.7,65,1023.4,39.9,0.238,11.2,10906X0039/C2-1
3377,2026-04-01,42.685696389,2.685378283,2026-04-01T05:31,2026-04-01T18:14,45815.09,7.0,6.83,2.29,83,1018.9,33.5,0.232,11.1,10906X0039/C2-1
3378,2026-04-02,42.685696389,2.685378283,2026-04-02T05:29,2026-04-02T18:16,45989.38,0.8,13.65,2.77,89,1016.0,34.8,0.237,10.9,10906X0039/C2-1
3379,2026-04-03,42.685696389,2.685378283,2026-04-03T05:27,2026-04-03T18:17,46163.32,0.0,20.26,4.25,46,1021.1,33.1,0.237,11.2,10906X0039/C2-1
3380,2026-04-04,42.685696389,2.685378283,2026-04-04T05:26,2026-04-04T18:18,46336.79,0.0,21.97,4.7,15,1022.9,15.3,0.23,11.8,10906X0039/C2-1
3381,2026-04-05,42.685696389,2.685378283,2026-04-05T05:24,2026-04-05T18:19,46509.67,0.0,21.81,3.71,36,1023.6,5.8,0.228,12.1,10906X0039/C2-1
3382,2026-04-06,42.685696389,2.685378283,2026-04-06T05:22,2026-04-06T18:20,46681.86,0.0,21.25,3.18,26,1023.8,5.4,0.231,12.4,10906X0039/C2-1
3383,2026-04-07,42.685696389,2.685378283,2026-04-07T05:20,2026-04-07T18:21,46853.24,0.0,22.14,3.67,25,1021.2,9.3,0.238,12.6,10906X0039/C2-1
3384,2026-04-08,42.685696389,2.685378283,2026-04-08T05:19,2026-04-08T18:23,47023.69,0.0,19.73,3.23,50,1020.9,5.3,0.239,13.0,10906X0039/C2-1
3385,2026-04-09,42.685696389,2.685378283,2026-04-09T05:17,2026-04-09T18:24,47193.08,0.0,23.21,5.66,24,1018.2,10.6,0.23,13.4,10906X0039/C2-1
3386,2026-04-10,42.685696389,2.685378283,2026-04-10T05:15,2026-04-10T18:25,47361.31,0.0,23.09,5.69,6,1016.1,12.2,0.223,14.4,10906X0039/C2-1
3387,2026-04-11,42.685696389,2.685378283,2026-04-11T05:14,2026-04-11T18:26,47528.23,0.0,18.57,4.18,57,1012.5,15.9,0.237,14.6,10906X0039/C2-1
3388,2026-04-12,42.685696389,2.685378283,2026-04-12T05:12,2026-04-12T18:27,47693.95,8.7,5.41,1.86,100,1013.0,29.3,0.245,14.0,10906X0039/C2-1
3389,2026-04-13,42.685696389,2.685378283,2026-04-13T05:11,2026-04-13T18:28,47859.64,2.1,9.97,2.75,78,1012.7,30.4,0.249,13.0,10906X0039/C2-1
3390,2026-04-14,42.685696389,2.685378283,2026-04-14T05:09,2026-04-14T18:29,48025.4,0.0,24.02,4.91,19,1018.1,28.9,0.245,13.0,10906X0039/C2-1
3391,2026-04-15,42.685696389,2.685378283,2026-04-15T05:07,2026-04-15T18:30,48191.13,0.0,24.47,5.25,5,1020.2,19.5,0.236,13.5,10906X0039/C2-1
3392,2026-04-16,42.685696389,2.685378283,2026-04-16T05:06,2026-04-16T18:32,48356.71,0.0,24.32,5.33,9,1020.7,14.8,0.228,14.2,10906X0039/C2-1
3393,2026-04-17,42.685696389,2.685378283,2026-04-17T05:04,2026-04-17T18:33,48522.04,0.0,24.33,5.33,43,1019.1,9.2,0.218,14.7,10906X0039/C2-1
3394,2026-04-18,42.685696389,2.685378283,2026-04-18T05:03,2026-04-18T18:34,48686.99,0.0,23.32,5.79,56,1018.8,11.8,0.212,15.4,10906X0039/C2-1
3395,2026-04-19,42.685696389,2.685378283,2026-04-19T05:01,2026-04-19T18:35,48851.45,2.8,17.29,3.94,71,1017.2,10.8,0.212,15.7,10906X0039/C2-1
3396,2026-04-20,42.685696389,2.685378283,2026-04-20T04:59,2026-04-20T18:36,49015.3,0.7,20.33,4.13,75,1013.1,6.3,0.202,16.0,10906X0039/C2-1
3397,2026-04-21,42.685696389,2.685378283,2026-04-21T04:58,2026-04-21T18:37,49178.41,0.0,21.98,4.07,60,1011.3,6.5,0.209,16.0,10906X0039/C2-1
3398,2026-04-22,42.685696389,2.685378283,2026-04-22T04:56,2026-04-22T18:39,49340.66,0.5,21.1,3.55,86,1015.4,8.4,0.218,15.9,10906X0039/C2-1
3399,2026-04-23,42.685696389,2.685378283,2026-04-23T04:55,2026-04-23T18:40,49501.92,5.6,22.65,3.96,33,1021.0,14.8,0.221,15.9,10906X0039/C2-1
3400,2026-04-24,42.685696389,2.685378283,2026-04-24T04:53,2026-04-24T18:41,49662.07,0.0,25.17,4.69,25,1018.3,8.8,0.218,15.8,10906X0039/C2-1
3401,2026-04-25,42.685696389,2.685378283,2026-04-25T04:52,2026-04-25T18:42,49820.96,0.0,24.44,5.22,36,1017.6,12.6,0.225,16.0,10906X0039/C2-1
3402,2026-04-26,42.685696389,2.685378283,2026-04-26T04:50,2026-04-26T18:43,49978.47,0.0,23.69,4.89,27,1018.3,11.3,0.229,16.7,10906X0039/C2-1
3403,2026-04-27,42.685696389,2.685378283,2026-04-27T04:49,2026-04-27T18:44,50134.44,0.5,21.1,3.89,26,1018.1,6.5,0.223,16.9,10906X0039/C2-1
3404,2026-04-28,42.685696389,2.685378283,2026-04-28T04:47,2026-04-28T18:45,50288.75,0.5,15.08,2.6,69,1014.2,9.9,0.22,16.8,10906X0039/C2-1
3405,2026-04-29,42.685696389,2.685378283,2026-04-29T04:46,2026-04-29T18:47,50441.23,0.5,18.5,3.52,69,1013.0,16.8,0.22,16.8,10906X0039/C2-1
3406,2026-04-30,42.685696389,2.685378283,2026-04-30T04:44,2026-04-30T18:48,50591.76,1.7,17.65,3.13,74,1017.8,12.4,0.222,16.8,10906X0039/C2-1
3407,2026-05-01,42.685696389,2.685378283,2026-05-01T04:43,2026-05-01T18:49,50740.15,0.0,22.29,4.12,82,1023.1,12.9,0.221,16.8,10906X0039/C2-1
3408,2026-05-02,42.685696389,2.685378283,2026-05-02T04:42,2026-05-02T18:50,50886.49,0.0,17.35,4.26,97,1019.7,19.1,0.223,16.8,10906X0039/C2-1
3409,2026-05-03,42.685696389,2.685378283,2026-05-03T04:40,2026-05-03T18:51,51031.88,0.1,17.49,4.17,98,1013.9,17.0,0.223,16.9,10906X0039/C2-1
3410,2026-05-04,42.685696389,2.685378283,2026-05-04T04:39,2026-05-04T18:52,51176.42,5.5,14.24,2.84,91,1011.4,10.7,0.223,16.9,10906X0039/C2-1
3411,2026-05-05,42.685696389,2.685378283,2026-05-05T04:38,2026-05-05T18:53,51319.99,13.4,15.45,2.73,67,1011.6,10.1,0.245,16.4,10906X0039/C2-1
3412,2026-05-06,42.685696389,2.685378283,2026-05-06T04:37,2026-05-06T18:54,51462.45,5.2,20.25,3.37,39,1012.2,8.6,0.254,15.9,10906X0039/C2-1
3413,2026-05-07,42.685696389,2.685378283,2026-05-07T04:35,2026-05-07T18:55,51603.69,0.0,22.82,3.65,53,1013.5,6.7,0.255,15.7,10906X0039/C2-1
3414,2026-05-08,42.685696389,2.685378283,2026-05-08T04:34,2026-05-08T18:57,51743.58,0.1,22.75,4.02,55,1012.7,12.9,0.249,15.7,10906X0039/C2-1
3415,2026-05-09,42.685696389,2.685378283,2026-05-09T04:33,2026-05-09T18:58,51881.96,7.4,13.42,2.44,98,1013.0,11.5,0.245,15.6,10906X0039/C2-1
3416,2026-05-10,42.685696389,2.685378283,2026-05-10T04:32,2026-05-10T18:59,52018.73,0.2,19.61,3.11,53,1010.3,6.9,0.251,15.6,10906X0039/C2-1
3417,2026-05-11,42.685696389,2.685378283,2026-05-11T04:31,2026-05-11T19:00,52153.73,2.0,23.24,4.21,27,1011.9,9.0,0.248,15.8,10906X0039/C2-1
3418,2026-05-12,42.685696389,2.685378283,2026-05-12T04:30,2026-05-12T19:01,52286.82,4.7,20.38,3.97,51,1014.1,16.0,0.23,17.1,10906X0039/C2-1
3419,2026-05-13,42.685696389,2.685378283,2026-05-13T04:28,2026-05-13T19:02,52417.85,0.0,23.83,4.92,54,1013.5,24.8,0.221,17.3,10906X0039/C2-1
3420,2026-05-14,42.685696389,2.685378283,2026-05-14T04:27,2026-05-14T19:03,52546.7,0.5,23.14,4.62,71,1007.5,19.2,0.208,17.2,10906X0039/C2-1
3421,2026-05-15,42.685696389,2.685378283,2026-05-15T04:26,2026-05-15T19:04,52673.18,1.8,25.97,4.18,50,1006.0,23.4,0.204,16.8,10906X0039/C2-1
3422,2026-05-16,42.685696389,2.685378283,2026-05-16T04:25,2026-05-16T19:05,52797.17,0.3,21.25,4.33,31,1014.3,24.5,0.195,16.6,10906X0039/C2-1
3423,2026-05-17,42.685696389,2.685378283,2026-05-17T04:24,2026-05-17T19:06,52918.5,0.6,23.64,4.54,53,1016.3,10.8,0.19,16.9,10906X0039/C2-1
3424,2026-05-18,42.685696389,2.685378283,2026-05-18T04:23,2026-05-18T19:07,53037.01,1.8,18.55,3.46,83,1017.8,7.6,0.185,17.6,10906X0039/C2-1
3425,2026-05-19,42.685696389,2.685378283,2026-05-19T04:22,2026-05-19T19:08,53152.55,0.3,26.72,5.11,56,1019.5,6.7,0.189,17.9,10906X0039/C2-1
3426,2026-05-20,42.685696389,2.685378283,2026-05-20T04:22,2026-05-20T19:09,53264.94,0.4,25.83,5.3,36,1024.4,8.1,0.186,18.5,10906X0039/C2-1
3427,2026-05-21,42.685696389,2.685378283,2026-05-21T04:21,2026-05-21T19:10,53374.03,0.0,29.11,5.92,7,1024.9,8.3,0.179,18.5,10906X0039/C2-1
3428,2026-05-22,42.685696389,2.685378283,2026-05-22T04:20,2026-05-22T19:11,53479.81,0.0,29.13,5.85,1,1024.9,7.1,0.182,18.2,10906X0039/C2-1
3429,2026-05-23,42.685696389,2.685378283,2026-05-23T04:19,2026-05-23T19:12,53583.17,0.0,29.56,6.06,21,1025.0,6.5,0.189,18.0,10906X0039/C2-1
3430,2026-05-24,42.685696389,2.685378283,2026-05-24T04:18,2026-05-24T19:13,53684.18,0.0,29.29,6.69,2,1025.7,9.9,0.193,18.8,10906X0039/C2-1
3431,2026-05-25,42.685696389,2.685378283,2026-05-25T04:18,2026-05-25T19:14,53782.73,0.0,29.35,6.58,4,1027.6,8.8,0.187,18.8,10906X0039/C2-1
3432,2026-05-26,42.685696389,2.685378283,2026-05-26T04:17,2026-05-26T19:15,53878.71,0.0,29.44,6.8,1,1025.8,9.7,0.186,18.9,10906X0039/C2-1
3433,2026-05-27,42.685696389,2.685378283,2026-05-27T04:16,2026-05-27T19:16,53972.01,0.0,29.8,7.24,10,1020.9,8.5,0.184,19.5,10906X0039/C2-1
3434,2026-05-28,42.685696389,2.685378283,2026-05-28T04:16,2026-05-28T19:17,54062.54,0.0,29.88,10.17,12,1018.2,17.8,0.182,20.3,10906X0039/C2-1
3435,2026-05-29,42.685696389,2.685378283,2026-05-29T04:15,2026-05-29T19:18,54150.19,0.0,28.58,6.75,15,1020.2,9.0,0.18,20.7,10906X0039/C2-1
3436,2026-05-30,42.685696389,2.685378283,2026-05-30T04:14,2026-05-30T19:18,54234.84,0.0,26.25,6.17,68,1019.7,9.8,0.18,20.4,10906X0039/C2-1
3437,2026-05-31,42.685696389,2.685378283,2026-05-31T04:14,2026-05-31T19:19,54316.39,0.0,26.97,6.93,57,1018.8,23.2,0.179,20.1,10906X0039/C2-1
3438,2026-06-01,42.685696389,2.685378283,2026-06-01T04:13,2026-06-01T19:20,54394.73,0.0,28.69,6.95,55,1016.1,12.1,0.178,20.4,10906X0039/C2-1
3439,2026-06-02,42.685696389,2.685378283,2026-06-02T04:13,2026-06-02T19:21,54469.74,2.9,19.12,5.21,68,1013.9,21.5,0.177,20.4,10906X0039/C2-1
3440,2026-06-03,42.685696389,2.685378283,2026-06-03T04:13,2026-06-03T19:22,54541.32,0.0,30.51,7.09,33,1016.3,18.3,0.171,20.6,10906X0039/C2-1
3441,2026-06-04,42.685696389,2.685378283,2026-06-04T04:12,2026-06-04T19:22,54609.35,11.1,17.07,3.72,79,1013.1,13.7,0.174,20.4,10906X0039/C2-1
3442,2026-06-05,42.685696389,2.685378283,2026-06-05T04:12,2026-06-05T19:23,54673.74,0.0,20.17,4.37,74,1016.4,14.3,0.179,19.6,10906X0039/C2-1
3443,2026-06-06,42.685696389,2.685378283,2026-06-06T04:11,2026-06-06T19:24,54734.37,0.0,24.43,5.29,68,1018.7,10.8,0.177,19.5,10906X0039/C2-1
3444,2026-06-07,42.685696389,2.685378283,2026-06-07T04:11,2026-06-07T19:24,54791.13,0.0,27.19,5.56,28,1022.0,9.2,0.172,20.2,10906X0039/C2-1
3445,2026-06-08,42.685696389,2.685378283,2026-06-08T04:11,2026-06-08T19:25,54843.9,0.8,25.32,5.6,36,1018.5,10.5,0.171,20.0,10906X0039/C2-1
3446,2026-06-09,42.685696389,2.685378283,2026-06-09T04:11,2026-06-09T19:26,54892.59,0.0,17.16,4.97,71,1019.1,23.2,0.171,20.0,10906X0039/C2-1
3447,2026-06-10,42.685696389,2.685378283,2026-06-10T04:11,2026-06-10T19:26,54937.1,0.7,22.11,5.52,68,1020.4,23.6,0.171,19.9,10906X0039/C2-1
3448,2026-06-11,42.685696389,2.685378283,2026-06-11T04:10,2026-06-11T19:27,54977.37,0.0,29.28,7.29,56,1023.8,24.1,0.169,20.2,10906X0039/C2-1
3449,2026-06-12,42.685696389,2.685378283,2026-06-12T04:10,2026-06-12T19:27,55013.74,0.0,30.54,9.08,7,1025.0,23.7,0.167,20.7,10906X0039/C2-1
3450,2026-06-13,42.685696389,2.685378283,2026-06-13T04:10,2026-06-13T19:28,55046.27,0.0,30.89,8.52,33,1020.7,12.4,0.165,21.4,10906X0039/C2-1
3451,2026-06-14,42.685696389,2.685378283,2026-06-14T04:10,2026-06-14T19:28,55074.93,0.0,28.09,7.16,39,1015.0,8.7,0.167,21.8,10906X0039/C2-1
3452,2026-06-15,42.685696389,2.685378283,2026-06-15T04:10,2026-06-15T19:28,55099.71,0.0,30.41,7.64,1,1012.7,8.0,0.164,22.0,10906X0039/C2-1
3453,2026-06-16,42.685696389,2.685378283,2026-06-16T04:10,2026-06-16T19:29,55120.6,0.0,28.29,7.2,24,1017.0,9.4,0.167,22.1,10906X0039/C2-1
3454,2026-06-17,42.685696389,2.685378283,2026-06-17T04:10,2026-06-17T19:29,55137.6,0.0,28.98,6.72,1,1019.1,8.2,0.165,22.2,10906X0039/C2-1
3455,2026-06-18,42.685696389,2.685378283,2026-06-18T04:10,2026-06-18T19:30,55150.71,0.0,30.45,7.77,0,1017.9,12.1,0.162,22.1,10906X0039/C2-1
3456,2026-06-19,42.685696389,2.685378283,2026-06-19T04:11,2026-06-19T19:30,55159.92,0.0,29.07,7.44,12,1017.0,11.0,0.162,22.3,10906X0039/C2-1
3457,2026-06-20,42.685696389,2.685378283,2026-06-20T04:11,2026-06-20T19:30,55165.21,0.0,26.37,6.42,29,1019.6,7.8,0.163,22.6,10906X0039/C2-1
3458,2026-06-21,42.685696389,2.685378283,2026-06-21T04:11,2026-06-21T19:30,55166.6,0.0,28.21,6.41,38,1022.4,6.6,0.161,22.6,10906X0039/C2-1
3459,2026-06-22,42.685696389,2.685378283,2026-06-22T04:11,2026-06-22T19:31,55164.08,0.0,30.01,6.6,7,1020.8,6.0,0.158,22.9,10906X0039/C2-1
3460,2026-06-23,42.685696389,2.685378283,2026-06-23T04:11,2026-06-23T19:31,55157.66,0.0,30.08,7.2,7,1017.4,6.3,0.157,23.2,10906X0039/C2-1
3461,2026-06-24,42.685696389,2.685378283,2026-06-24T04:12,2026-06-24T19:31,55147.36,0.0,29.12,7.84,9,1015.2,8.9,0.156,24.0,10906X0039/C2-1
3462,2026-06-25,42.685696389,2.685378283,2026-06-25T04:12,2026-06-25T19:31,55133.16,0.0,27.18,7.17,22,1014.5,9.7,0.153,24.2,10906X0039/C2-1
3463,2026-06-26,42.685696389,2.685378283,2026-06-26T04:12,2026-06-26T19:31,55115.09,0.0,27.95,7.17,13,1016.3,10.2,0.151,24.4,10906X0039/C2-1
3464,2026-06-27,42.685696389,2.685378283,2026-06-27T04:13,2026-06-27T19:31,55093.15,0.0,29.9,8.6,4,1016.2,11.8,0.15,24.5,10906X0039/C2-1
3465,2026-06-28,42.685696389,2.685378283,2026-06-28T04:13,2026-06-28T19:31,55067.37,1.4,26.95,6.75,19,1018.9,10.0,0.149,24.7,10906X0039/C2-1
3466,2026-06-29,42.685696389,2.685378283,2026-06-29T04:14,2026-06-29T19:31,55037.74,1.2,23.96,7.49,47,1021.2,24.8,0.147,24.7,10906X0039/C2-1
3467,2026-06-30,42.685696389,2.685378283,2026-06-30T04:14,2026-06-30T19:31,55004.3,0.0,28.63,9.04,6,1020.0,20.7,0.146,25.4,10906X0039/C2-1
3468,2026-07-01,42.685696389,2.685378283,2026-07-01T04:15,2026-07-01T19:31,54966.99,0.0,28.01,8.69,38,1021.3,33.6,0.146,25.2,10906X0039/C2-1
3469,2026-07-02,42.685696389,2.685378283,2026-07-02T04:15,2026-07-02T19:31,54925.44,0.0,29.76,10.08,14,1021.6,35.1,0.143,25.3,10906X0039/C2-1
3470,2026-07-03,42.685696389,2.685378283,2026-07-03T04:16,2026-07-03T19:30,54879.67,0.0,29.13,9.46,3,1023.1,27.7,0.143,25.9,10906X0039/C2-1
3471,2026-07-04,42.685696389,2.685378283,2026-07-04T04:16,2026-07-04T19:30,54829.8,0.0,30.37,10.39,0,1023.5,23.0,0.143,26.2,10906X0039/C2-1
3472,2026-07-05,42.685696389,2.685378283,2026-07-05T04:17,2026-07-05T19:30,54775.94,0.0,30.85,11.41,0,1020.6,19.9,0.143,26.7,10906X0039/C2-1
3473,2026-07-06,42.685696389,2.685378283,2026-07-06T04:18,2026-07-06T19:30,54718.19,0.0,30.68,9.23,0,1017.7,10.9,0.142,27.5,10906X0039/C2-1
3474,2026-07-07,42.685696389,2.685378283,2026-07-07T04:18,2026-07-07T19:29,54656.67,0.0,30.37,8.24,1,1017.4,8.8,0.141,27.4,10906X0039/C2-1
3475,2026-07-08,42.685696389,2.685378283,2026-07-08T04:19,2026-07-08T19:29,54591.5,0.0,30.31,11.55,2,1015.3,18.5,0.14,27.9,10906X0039/C2-1
3476,2026-07-09,42.685696389,2.685378283,2026-07-09T04:20,2026-07-09T19:28,54522.79,0.0,29.65,9.85,1,1011.0,13.7,0.14,28.3,10906X0039/C2-1
3477,2026-07-10,42.685696389,2.685378283,2026-07-10T04:20,2026-07-10T19:28,54450.64,0.0,25.34,6.08,31,1011.7,8.4,0.14,28.2,10906X0039/C2-1
3478,2026-07-11,42.685696389,2.685378283,2026-07-11T04:21,2026-07-11T19:28,54375.17,0.3,24.67,5.49,37,1014.5,8.4,0.139,27.8,10906X0039/C2-1
3479,2026-07-12,42.685696389,2.685378283,2026-07-12T04:22,2026-07-12T19:27,54296.49,0.3,22.02,5.58,77,1014.4,11.6,0.14,27.9,10906X0039/C2-1
3480,2026-07-13,42.685696389,2.685378283,2026-07-13T04:23,2026-07-13T19:26,54214.72,0.0,26.84,6.18,57,1014.0,10.9,0.139,27.8,10906X0039/C2-1
