,Unnamed: 0,date,latitude,longitude,weather_code,temperature_2m_max,temperature_2m_min,apparent_temperature_max,apparent_temperature_min,sunrise,sunset,daylight_duration,sunshine_duration,uv_index_max,uv_index_clear_sky_max,rain_sum,showers_sum,snowfall_sum,precipitation_sum,precipitation_hours,precipitation_probability_max,shortwave_radiation_sum,et0_fao_evapotranspiration,cloud_cover_mean,dew_point_2m_mean,et0_fao_evapotranspiration_sum,relative_humidity_2m_mean,snowfall_water_equivalent_sum,pressure_msl_mean,surface_pressure_mean,visibility_mean,wind_speed_10m_mean,soil_moisture_0_to_100cm_mean,soil_temperature_0_to_100cm_mean,code_station
0,0,2016-01-01,4.811397298,43.539904887,,,,,,2016-01-01T03:13,2016-01-01T15:04,42651.98,,,,,,,,0.0,,,,,,,,,,,,,,,10192X0095/P21B
1,1,2016-01-02,4.811397298,43.539904887,,,,,,2016-01-02T03:14,2016-01-02T15:05,42655.81,,,,,,,,0.0,,,,,,,,,,,,,,,10192X0095/P21B
2,2,2016-01-03,4.811397298,43.539904887,,,,,,2016-01-03T03:14,2016-01-03T15:05,42659.97,,,,,,,,0.0,,,,,,,,,,,,,,,10192X0095/P21B
3,3,2016-01-04,4.811397298,43.539904887,,,,,,2016-01-04T03:14,2016-01-04T15:06,42664.46,,,,,,,,0.0,,,,,,,,,,,,,,,10192X0095/P21B
4,4,2016-01-05,4.811397298,43.539904887,,,,,,2016-01-05T03:15,2016-01-05T15:06,42669.26,,,,,,,,0.0,,,,,,,,,,,,,,,10192X0095/P21B
5,5,2016-01-06,4.811397298,43.539904887,,,,,,2016-01-06T03:15,2016-01-06T15:07,42674.37,,,,,,,,0.0,,,,,,,,,,,,,,,10192X0095/P21B
6,6,2016-01-07,4.811397298,43.539904887,,,,,,2016-01-07T03:16,2016-01-07T15:07,42679.79,,,,,,,,0.0,,,,,,,,,,,,,,,10192X0095/P21B
7,7,2016-01-08,4.811397298,43.539904887,,,,,,2016-01-08T03:16,2016-01-08T15:08,42685.49,,,,,,,,0.0,,,,,,,,,,,,,,,10192X0095/P21B
8,8,2016-01-09,4.811397298,43.539904887,,,,,,2016-01-09T03:17,2016-01-09T15:08,42691.49,,,,,,,,0.0,,,,,,,,,,,,,,,10192X0095/P21B
9,9,2016-01-10,4.811397298,43.539904887,,,,,,2016-01-10T03:17,2016-01-10T15:09,42697.76,,,,,,,,0.0,,,,,,,,,,,,,,,10192X0095/P21B
10,10,2016-01-11,4.811397298,43.539904887,,,,,,2016-01-11T03:17,2016-01-11T15:09,42704.31,,,,,,,,0.0,,,,,,,,,,,,,,,10192X0095/P21B
11,11,2016-01-12,4.811397298,43.539904887,,,,,,2016-01-12T03:18,2016-01-12T15:09,42711.12,,,,,,,,0.0,,,,,,,,,,,,,,,10192X0095/P21B
12,12,2016-01-13,4.811397298,43.539904887,,,,,,2016-01-13T03:18,2016-01-13T15:10,42718.18,,,,,,,,0.0,,,,,,,,,,,,,,,10192X0095/P21B
13,13,2016-01-14,4.811397298,43.539904887,,,,,,2016-01-14T03:18,2016-01-14T15:10,42725.5,,,,,,,,0.0,,,,,,,,,,,,,,,10192X0095/P21B
14,14,2016-01-15,4.811397298,43.539904887,,,,,,2016-01-15T03:18,2016-01-15T15:11,42733.07,,,,,,,,0.0,,,,,,,,,,,,,,,10192X0095/P21B
15,15,2016-01-16,4.811397298,43.539904887,,,,,,2016-01-16T03:19,2016-01-16T15:11,42740.98,,,,,,,,0.0,,,,,,,,,,,,,,,10192X0095/P21B
16,16,2016-01-17,4.811397298,43.539904887,,,,,,2016-01-17T03:19,2016-01-17T15:11,42749.23,,,,,,,,0.0,,,,,,,,,,,,,,,10192X0095/P21B
17,17,2016-01-18,4.811397298,43.539904887,,,,,,2016-01-18T03:19,2016-01-18T15:12,42757.82,,,,,,,,0.0,,,,,,,,,,,,,,,10192X0095/P21B
18,18,2016-01-19,4.811397298,43.539904887,,,,,,2016-01-19T03:20,2016-01-19T15:12,42766.72,,,,,,,,0.0,,,,,,,,,,,,,,,10192X0095/P21B
19,19,2016-01-20,4.811397298,43.539904887,,,,,,2016-01-20T03:20,2016-01-20T15:13,42775.92,,,,,,,,0.0,,,,,,,,,,,,,,,10192X0095/P21B
20,20,2016-01-21,4.811397298,43.539904887,,,,,,2016-01-21T03:20,2016-01-21T15:13,42785.4,,,,,,,,0.0,,,,,,,,,,,,,,,10192X0095/P21B
21,21,2016-01-22,4.811397298,43.539904887,,,,,,2016-01-22T03:20,2016-01-22T15:13,42795.15,,,,,,,,0.0,,,,,,,,,,,,,,,10192X0095/P21B
22,22,2016-01-23,4.811397298,43.539904887,,,,,,2016-01-23T03:20,2016-01-23T15:14,42805.16,,,,,,,,0.0,,,,,,,,,,,,,,,10192X0095/P21B
23,23,2016-01-24,4.811397298,43.539904887,,,,,,2016-01-24T03:20,2016-01-24T15:14,42815.42,,,,,,,,0.0,,,,,,,,,,,,,,,10192X0095/P21B
24,24,2016-01-25,4.811397298,43.539904887,,,,,,2016-01-25T03:21,2016-01-25T15:14,42825.9,,,,,,,,0.0,,,,,,,,,,,,,,,10192X0095/P21B
25,25,2016-01-26,4.811397298,43.539904887,,,,,,2016-01-26T03:21,2016-01-26T15:15,42836.6,,,,,,,,0.0,,,,,,,,,,,,,,,10192X0095/P21B
26,26,2016-01-27,4.811397298,43.539904887,,,,,,2016-01-27T03:21,2016-01-27T15:15,42847.49,,,,,,,,0.0,,,,,,,,,,,,,,,10192X0095/P21B
27,27,2016-01-28,4.811397298,43.539904887,,,,,,2016-01-28T03:21,2016-01-28T15:15,42858.58,,,,,,,,0.0,,,,,,,,,,,,,,,10192X0095/P21B
28,28,2016-01-29,4.811397298,43.539904887,,,,,,2016-01-29T03:21,2016-01-29T15:16,42869.84,,,,,,,,0.0,,,,,,,,,,,,,,,10192X0095/P21B
29,29,2016-01-30,4.811397298,43.539904887,,,,,,2016-01-30T03:21,2016-01-30T15:16,42881.26,,,,,,,,0.0,,,,,,,,,,,,,,,10192X0095/P21B
30,30,2016-01-31,4.811397298,43.539904887,,,,,,2016-01-31T03:21,2016-01-31T15:16,42892.83,,,,,,,,0.0,,,,,,,,,,,,,,,10192X0095/P21B
31,31,2016-02-01,4.811397298,43.539904887,,,,,,2016-02-01T03:21,2016-02-01T15:16,42904.53,,,,,,,,0.0,,,,,,,,,,,,,,,10192X0095/P21B
32,32,2016-02-02,4.811397298,43.539904887,,,,,,2016-02-02T03:21,2016-02-02T15:17,42916.36,,,,,,,,0.0,,,,,,,,,,,,,,,10192X0095/P21B
33,33,2016-02-03,4.811397298,43.539904887,,,,,,2016-02-03T03:21,2016-02-03T15:17,42928.29,,,,,,,,0.0,,,,,,,,,,,,,,,10192X0095/P21B
34,34,2016-02-04,4.811397298,43.539904887,,,,,,2016-02-04T03:21,2016-02-04T15:17,42940.35,,,,,,,,0.0,,,,,,,,,,,,,,,10192X0095/P21B
35,35,2016-02-05,4.811397298,43.539904887,,,,,,2016-02-05T03:21,2016-02-05T15:17,42952.64,,,,,,,,0.0,,,,,,,,,,,,,,,10192X0095/P21B
36,36,2016-02-06,4.811397298,43.539904887,,,,,,2016-02-06T03:21,2016-02-06T15:17,42965.18,,,,,,,,0.0,,,,,,,,,,,,,,,10192X0095/P21B
37,37,2016-02-07,4.811397298,43.539904887,,,,,,2016-02-07T03:21,2016-02-07T15:18,42977.94,,,,,,,,0.0,,,,,,,,,,,,,,,10192X0095/P21B
38,38,2016-02-08,4.811397298,43.539904887,,,,,,2016-02-08T03:21,2016-02-08T15:18,42990.93,,,,,,,,0.0,,,,,,,,,,,,,,,10192X0095/P21B
39,39,2016-02-09,4.811397298,43.539904887,,,,,,2016-02-09T03:21,2016-02-09T15:18,43004.11,,,,,,,,0.0,,,,,,,,,,,,,,,10192X0095/P21B
40,40,2016-02-10,4.811397298,43.539904887,,,,,,2016-02-10T03:21,2016-02-10T15:18,43017.48,,,,,,,,0.0,,,,,,,,,,,,,,,10192X0095/P21B
41,41,2016-02-11,4.811397298,43.539904887,,,,,,2016-02-11T03:21,2016-02-11T15:18,43031.02,,,,,,,,0.0,,,,,,,,,,,,,,,10192X0095/P21B
42,42,2016-02-12,4.811397298,43.539904887,,,,,,2016-02-12T03:21,2016-02-12T15:18,43044.73,,,,,,,,0.0,,,,,,,,,,,,,,,10192X0095/P21B
43,43,2016-02-13,4.811397298,43.539904887,,,,,,2016-02-13T03:21,2016-02-13T15:18,43058.57,,,,,,,,0.0,,,,,,,,,,,,,,,10192X0095/P21B
44,44,2016-02-14,4.811397298,43.539904887,,,,,,2016-02-14T03:21,2016-02-14T15:18,43072.55,,,,,,,,0.0,,,,,,,,,,,,,,,10192X0095/P21B
45,45,2016-02-15,4.811397298,43.539904887,,,,,,2016-02-15T03:20,2016-02-15T15:19,43086.64,,,,,,,,0.0,,,,,,,,,,,,,,,10192X0095/P21B
46,46,2016-02-16,4.811397298,43.539904887,,,,,,2016-02-16T03:20,2016-02-16T15:19,43100.83,,,,,,,,0.0,,,,,,,,,,,,,,,10192X0095/P21B
47,47,2016-02-17,4.811397298,43.539904887,,,,,,2016-02-17T03:20,2016-02-17T15:19,43115.11,,,,,,,,0.0,,,,,,,,,,,,,,,10192X0095/P21B
48,48,2016-02-18,4.811397298,43.539904887,,,,,,2016-02-18T03:20,2016-02-18T15:19,43129.48,,,,,,,,0.0,,,,,,,,,,,,,,,10192X0095/P21B
49,49,2016-02-19,4.811397298,43.539904887,,,,,,2016-02-19T03:20,2016-02-19T15:19,43143.9,,,,,,,,0.0,,,,,,,,,,,,,,,10192X0095/P21B
50,50,2016-02-20,4.811397298,43.539904887,,,,,,2016-02-20T03:20,2016-02-20T15:19,43158.38,,,,,,,,0.0,,,,,,,,,,,,,,,10192X0095/P21B
51,51,2016-02-21,4.811397298,43.539904887,,,,,,2016-02-21T03:19,2016-02-21T15:19,43172.89,,,,,,,,0.0,,,,,,,,,,,,,,,10192X0095/P21B
52,52,2016-02-22,4.811397298,43.539904887,,,,,,2016-02-22T03:19,2016-02-22T15:19,43187.43,,,,,,,,0.0,,,,,,,,,,,,,,,10192X0095/P21B
53,53,2016-02-23,4.811397298,43.539904887,,,,,,2016-02-23T03:19,2016-02-23T15:19,43201.98,,,,,,,,0.0,,,,,,,,,,,,,,,10192X0095/P21B
54,54,2016-02-24,4.811397298,43.539904887,,,,,,2016-02-24T03:19,2016-02-24T15:19,43216.55,,,,,,,,0.0,,,,,,,,,,,,,,,10192X0095/P21B
55,55,2016-02-25,4.811397298,43.539904887,,,,,,2016-02-25T03:18,2016-02-25T15:19,43231.27,,,,,,,,0.0,,,,,,,,,,,,,,,10192X0095/P21B
56,56,2016-02-26,4.811397298,43.539904887,,,,,,2016-02-26T03:18,2016-02-26T15:19,43246.14,,,,,,,,0.0,,,,,,,,,,,,,,,10192X0095/P21B
57,57,2016-02-27,4.811397298,43.539904887,,,,,,2016-02-27T03:18,2016-02-27T15:19,43261.15,,,,,,,,0.0,,,,,,,,,,,,,,,10192X0095/P21B
58,58,2016-02-28,4.811397298,43.539904887,,,,,,2016-02-28T03:17,2016-02-28T15:19,43276.29,,,,,,,,0.0,,,,,,,,,,,,,,,10192X0095/P21B
59,59,2016-02-29,4.811397298,43.539904887,,,,,,2016-02-29T03:17,2016-02-29T15:19,43291.55,,,,,,,,0.0,,,,,,,,,,,,,,,10192X0095/P21B
60,60,2016-03-01,4.811397298,43.539904887,,,,,,2016-03-01T03:17,2016-03-01T15:19,43306.91,,,,,,,,0.0,,,,,,,,,,,,,,,10192X0095/P21B
61,61,2016-03-02,4.811397298,43.539904887,,,,,,2016-03-02T03:16,2016-03-02T15:18,43322.36,,,,,,,,0.0,,,,,,,,,,,,,,,10192X0095/P21B
62,62,2016-03-03,4.811397298,43.539904887,,,,,,2016-03-03T03:16,2016-03-03T15:18,43337.9,,,,,,,,0.0,,,,,,,,,,,,,,,10192X0095/P21B
63,63,2016-03-04,4.811397298,43.539904887,,,,,,2016-03-04T03:16,2016-03-04T15:18,43353.51,,,,,,,,0.0,,,,,,,,,,,,,,,10192X0095/P21B
64,64,2016-03-05,4.811397298,43.539904887,,,,,,2016-03-05T03:15,2016-03-05T15:18,43369.18,,,,,,,,0.0,,,,,,,,,,,,,,,10192X0095/P21B
65,65,2016-03-06,4.811397298,43.539904887,,,,,,2016-03-06T03:15,2016-03-06T15:18,43384.89,,,,,,,,0.0,,,,,,,,,,,,,,,10192X0095/P21B
66,66,2016-03-07,4.811397298,43.539904887,,,,,,2016-03-07T03:15,2016-03-07T15:18,43400.64,,,,,,,,0.0,,,,,,,,,,,,,,,10192X0095/P21B
67,67,2016-03-08,4.811397298,43.539904887,,,,,,2016-03-08T03:14,2016-03-08T15:18,43416.41,,,,,,,,0.0,,,,,,,,,,,,,,,10192X0095/P21B
68,68,2016-03-09,4.811397298,43.539904887,,,,,,2016-03-09T03:14,2016-03-09T15:18,43432.2,,,,,,,,0.0,,,,,,,,,,,,,,,10192X0095/P21B
69,69,2016-03-10,4.811397298,43.539904887,,,,,,2016-03-10T03:14,2016-03-10T15:18,43447.98,,,,,,,,0.0,,,,,,,,,,,,,,,10192X0095/P21B
70,70,2016-03-11,4.811397298,43.539904887,,,,,,2016-03-11T03:13,2016-03-11T15:17,43463.76,,,,,,,,0.0,,,,,,,,,,,,,,,10192X0095/P21B
71,71,2016-03-12,4.811397298,43.539904887,,,,,,2016-03-12T03:13,2016-03-12T15:17,43479.51,,,,,,,,0.0,,,,,,,,,,,,,,,10192X0095/P21B
72,72,2016-03-13,4.811397298,43.539904887,,,,,,2016-03-13T03:12,2016-03-13T15:17,43495.23,,,,,,,,0.0,,,,,,,,,,,,,,,10192X0095/P21B
73,73,2016-03-14,4.811397298,43.539904887,,,,,,2016-03-14T03:12,2016-03-14T15:17,43510.9,,,,,,,,0.0,,,,,,,,,,,,,,,10192X0095/P21B
74,74,2016-03-15,4.811397298,43.539904887,,,,,,2016-03-15T03:12,2016-03-15T15:17,43526.54,,,,,,,,0.0,,,,,,,,,,,,,,,10192X0095/P21B
75,75,2016-03-16,4.811397298,43.539904887,,,,,,2016-03-16T03:11,2016-03-16T15:17,43542.25,,,,,,,,0.0,,,,,,,,,,,,,,,10192X0095/P21B
76,76,2016-03-17,4.811397298,43.539904887,,,,,,2016-03-17T03:11,2016-03-17T15:17,43558.05,,,,,,,,0.0,,,,,,,,,,,,,,,10192X0095/P21B
77,77,2016-03-18,4.811397298,43.539904887,,,,,,2016-03-18T03:10,2016-03-18T15:17,43573.93,,,,,,,,0.0,,,,,,,,,,,,,,,10192X0095/P21B
78,78,2016-03-19,4.811397298,43.539904887,,,,,,2016-03-19T03:10,2016-03-19T15:16,43589.88,,,,,,,,0.0,,,,,,,,,,,,,,,10192X0095/P21B
79,79,2016-03-20,4.811397298,43.539904887,,,,,,2016-03-20T03:09,2016-03-20T15:16,43605.88,,,,,,,,0.0,,,,,,,,,,,,,,,10192X0095/P21B
80,80,2016-03-21,4.811397298,43.539904887,,,,,,2016-03-21T03:09,2016-03-21T15:16,43621.93,,,,,,,,0.0,,,,,,,,,,,,,,,10192X0095/P21B
81,81,2016-03-22,4.811397298,43.539904887,,,,,,2016-03-22T03:09,2016-03-22T15:16,43638.02,,,,,,,,0.0,,,,,,,,,,,,,,,10192X0095/P21B
82,82,2016-03-23,4.811397298,43.539904887,,,,,,2016-03-23T03:08,2016-03-23T15:16,43654.13,,,,,,,,0.0,,,,,,,,,,,,,,,10192X0095/P21B
83,83,2016-03-24,4.811397298,43.539904887,,,,,,2016-03-24T03:08,2016-03-24T15:16,43670.26,,,,,,,,0.0,,,,,,,,,,,,,,,10192X0095/P21B
84,84,2016-03-25,4.811397298,43.539904887,,,,,,2016-03-25T03:07,2016-03-25T15:15,43686.39,,,,,,,,0.0,,,,,,,,,,,,,,,10192X0095/P21B
85,85,2016-03-26,4.811397298,43.539904887,,,,,,2016-03-26T03:07,2016-03-26T15:15,43702.51,,,,,,,,0.0,,,,,,,,,,,,,,,10192X0095/P21B
86,86,2016-03-27,4.811397298,43.539904887,,,,,,2016-03-27T03:06,2016-03-27T15:15,43718.62,,,,,,,,0.0,,,,,,,,,,,,,,,10192X0095/P21B
87,87,2016-03-28,4.811397298,43.539904887,,,,,,2016-03-28T03:06,2016-03-28T15:15,43734.7,,,,,,,,0.0,,,,,,,,,,,,,,,10192X0095/P21B
88,88,2016-03-29,4.811397298,43.539904887,,,,,,2016-03-29T03:05,2016-03-29T15:15,43750.74,,,,,,,,0.0,,,,,,,,,,,,,,,10192X0095/P21B
89,89,2016-03-30,4.811397298,43.539904887,,,,,,2016-03-30T03:05,2016-03-30T15:14,43766.74,,,,,,,,0.0,,,,,,,,,,,,,,,10192X0095/P21B
90,90,2016-03-31,4.811397298,43.539904887,,,,,,2016-03-31T03:05,2016-03-31T15:14,43782.67,,,,,,,,0.0,,,,,,,,,,,,,,,10192X0095/P21B
91,91,2016-04-01,4.811397298,43.539904887,,,,,,2016-04-01T03:04,2016-04-01T15:14,43798.53,,,,,,,,0.0,,,,,,,,,,,,,,,10192X0095/P21B
92,92,2016-04-02,4.811397298,43.539904887,,,,,,2016-04-02T03:04,2016-04-02T15:14,43814.3,,,,,,,,0.0,,,,,,,,,,,,,,,10192X0095/P21B
93,93,2016-04-03,4.811397298,43.539904887,,,,,,2016-04-03T03:03,2016-04-03T15:14,43829.98,,,,,,,,0.0,,,,,,,,,,,,,,,10192X0095/P21B
94,94,2016-04-04,4.811397298,43.539904887,,,,,,2016-04-04T03:03,2016-04-04T15:14,43845.58,,,,,,,,0.0,,,,,,,,,,,,,,,10192X0095/P21B
95,95,2016-04-05,4.811397298,43.539904887,,,,,,2016-04-05T03:03,2016-04-05T15:14,43861.19,,,,,,,,0.0,,,,,,,,,,,,,,,10192X0095/P21B
96,96,2016-04-06,4.811397298,43.539904887,,,,,,2016-04-06T03:02,2016-04-06T15:13,43876.83,,,,,,,,0.0,,,,,,,,,,,,,,,10192X0095/P21B
97,97,2016-04-07,4.811397298,43.539904887,,,,,,2016-04-07T03:02,2016-04-07T15:13,43892.5,,,,,,,,0.0,,,,,,,,,,,,,,,10192X0095/P21B
98,98,2016-04-08,4.811397298,43.539904887,,,,,,2016-04-08T03:01,2016-04-08T15:13,43908.17,,,,,,,,0.0,,,,,,,,,,,,,,,10192X0095/P21B
99,99,2016-04-09,4.811397298,43.539904887,,,,,,2016-04-09T03:01,2016-04-09T15:13,43923.85,,,,,,,,0.0,,,,,,,,,,,,,,,10192X0095/P21B
100,100,2016-04-10,4.811397298,43.539904887,,,,,,2016-04-10T03:01,2016-04-10T15:13,43939.52,,,,,,,,0.0,,,,,,,,,,,,,,,10192X0095/P21B
101,101,2016-04-11,4.811397298,43.539904887,,,,,,2016-04-11T03:00,2016-04-11T15:13,43955.16,,,,,,,,0.0,,,,,,,,,,,,,,,10192X0095/P21B
102,102,2016-04-12,4.811397298,43.539904887,,,,,,2016-04-12T03:00,2016-04-12T15:13,43970.77,,,,,,,,0.0,,,,,,,,,,,,,,,10192X0095/P21B
103,103,2016-04-13,4.811397298,43.539904887,,,,,,2016-04-13T02:59,2016-04-13T15:12,43986.33,,,,,,,,0.0,,,,,,,,,,,,,,,10192X0095/P21B
104,104,2016-04-14,4.811397298,43.539904887,,,,,,2016-04-14T02:59,2016-04-14T15:12,44001.84,,,,,,,,0.0,,,,,,,,,,,,,,,10192X0095/P21B
105,105,2016-04-15,4.811397298,43.539904887,,,,,,2016-04-15T02:59,2016-04-15T15:12,44017.28,,,,,,,,0.0,,,,,,,,,,,,,,,10192X0095/P21B
106,106,2016-04-16,4.811397298,43.539904887,,,,,,2016-04-16T02:58,2016-04-16T15:12,44032.64,,,,,,,,0.0,,,,,,,,,,,,,,,10192X0095/P21B
107,107,2016-04-17,4.811397298,43.539904887,,,,,,2016-04-17T02:58,2016-04-17T15:12,44047.91,,,,,,,,0.0,,,,,,,,,,,,,,,10192X0095/P21B
108,108,2016-04-18,4.811397298,43.539904887,,,,,,2016-04-18T02:57,2016-04-18T15:12,44063.08,,,,,,,,0.0,,,,,,,,,,,,,,,10192X0095/P21B
109,109,2016-04-19,4.811397298,43.539904887,,,,,,2016-04-19T02:57,2016-04-19T15:12,44078.13,,,,,,,,0.0,,,,,,,,,,,,,,,10192X0095/P21B
110,110,2016-04-20,4.811397298,43.539904887,,,,,,2016-04-20T02:57,2016-04-20T15:12,44093.05,,,,,,,,0.0,,,,,,,,,,,,,,,10192X0095/P21B
111,111,2016-04-21,4.811397298,43.539904887,,,,,,2016-04-21T02:56,2016-04-21T15:12,44107.83,,,,,,,,0.0,,,,,,,,,,,,,,,10192X0095/P21B
112,112,2016-04-22,4.811397298,43.539904887,,,,,,2016-04-22T02:56,2016-04-22T15:12,44122.45,,,,,,,,0.0,,,,,,,,,,,,,,,10192X0095/P21B
113,113,2016-04-23,4.811397298,43.539904887,,,,,,2016-04-23T02:56,2016-04-23T15:11,44136.9,,,,,,,,0.0,,,,,,,,,,,,,,,10192X0095/P21B
114,114,2016-04-24,4.811397298,43.539904887,,,,,,2016-04-24T02:56,2016-04-24T15:11,44151.2,,,,,,,,0.0,,,,,,,,,,,,,,,10192X0095/P21B
115,115,2016-04-25,4.811397298,43.539904887,,,,,,2016-04-25T02:55,2016-04-25T15:11,44165.43,,,,,,,,0.0,,,,,,,,,,,,,,,10192X0095/P21B
116,116,2016-04-26,4.811397298,43.539904887,,,,,,2016-04-26T02:55,2016-04-26T15:11,44179.62,,,,,,,,0.0,,,,,,,,,,,,,,,10192X0095/P21B
117,117,2016-04-27,4.811397298,43.539904887,,,,,,2016-04-27T02:55,2016-04-27T15:11,44193.75,,,,,,,,0.0,,,,,,,,,,,,,,,10192X0095/P21B
118,118,2016-04-28,4.811397298,43.539904887,,,,,,2016-04-28T02:55,2016-04-28T15:11,44207.81,,,,,,,,0.0,,,,,,,,,,,,,,,10192X0095/P21B
119,119,2016-04-29,4.811397298,43.539904887,,,,,,2016-04-29T02:54,2016-04-29T15:11,44221.79,,,,,,,,0.0,,,,,,,,,,,,,,,10192X0095/P21B
120,120,2016-04-30,4.811397298,43.539904887,,,,,,2016-04-30T02:54,2016-04-30T15:11,44235.67,,,,,,,,0.0,,,,,,,,,,,,,,,10192X0095/P21B
121,121,2016-05-01,4.811397298,43.539904887,,,,,,2016-05-01T02:54,2016-05-01T15:11,44249.44,,,,,,,,0.0,,,,,,,,,,,,,,,10192X0095/P21B
122,122,2016-05-02,4.811397298,43.539904887,,,,,,2016-05-02T02:54,2016-05-02T15:11,44263.1,,,,,,,,0.0,,,,,,,,,,,,,,,10192X0095/P21B
123,123,2016-05-03,4.811397298,43.539904887,,,,,,2016-05-03T02:53,2016-05-03T15:11,44276.62,,,,,,,,0.0,,,,,,,,,,,,,,,10192X0095/P21B
124,124,2016-05-04,4.811397298,43.539904887,,,,,,2016-05-04T02:53,2016-05-04T15:11,44290.0,,,,,,,,0.0,,,,,,,,,,,,,,,10192X0095/P21B
125,125,2016-05-05,4.811397298,43.539904887,,,,,,2016-05-05T02:53,2016-05-05T15:11,44303.22,,,,,,,,0.0,,,,,,,,,,,,,,,10192X0095/P21B
126,126,2016-05-06,4.811397298,43.539904887,,,,,,2016-05-06T02:53,2016-05-06T15:11,44316.27,,,,,,,,0.0,,,,,,,,,,,,,,,10192X0095/P21B
127,127,2016-05-07,4.811397298,43.539904887,,,,,,2016-05-07T02:53,2016-05-07T15:11,44329.14,,,,,,,,0.0,,,,,,,,,,,,,,,10192X0095/P21B
128,128,2016-05-08,4.811397298,43.539904887,,,,,,2016-05-08T02:52,2016-05-08T15:11,44341.81,,,,,,,,0.0,,,,,,,,,,,,,,,10192X0095/P21B
129,129,2016-05-09,4.811397298,43.539904887,,,,,,2016-05-09T02:52,2016-05-09T15:11,44354.27,,,,,,,,0.0,,,,,,,,,,,,,,,10192X0095/P21B
130,130,2016-05-10,4.811397298,43.539904887,,,,,,2016-05-10T02:52,2016-05-10T15:12,44366.49,,,,,,,,0.0,,,,,,,,,,,,,,,10192X0095/P21B
131,131,2016-05-11,4.811397298,43.539904887,,,,,,2016-05-11T02:52,2016-05-11T15:12,44378.49,,,,,,,,0.0,,,,,,,,,,,,,,,10192X0095/P21B
132,132,2016-05-12,4.811397298,43.539904887,,,,,,2016-05-12T02:52,2016-05-12T15:12,44390.23,,,,,,,,0.0,,,,,,,,,,,,,,,10192X0095/P21B
133,133,2016-05-13,4.811397298,43.539904887,,,,,,2016-05-13T02:52,2016-05-13T15:12,44401.71,,,,,,,,0.0,,,,,,,,,,,,,,,10192X0095/P21B
134,134,2016-05-14,4.811397298,43.539904887,,,,,,2016-05-14T02:52,2016-05-14T15:12,44412.91,,,,,,,,0.0,,,,,,,,,,,,,,,10192X0095/P21B
135,135,2016-05-15,4.811397298,43.539904887,,,,,,2016-05-15T02:52,2016-05-15T15:12,44423.94,,,,,,,,0.0,,,,,,,,,,,,,,,10192X0095/P21B
136,136,2016-05-16,4.811397298,43.539904887,,,,,,2016-05-16T02:52,2016-05-16T15:12,44434.81,,,,,,,,0.0,,,,,,,,,,,,,,,10192X0095/P21B
137,137,2016-05-17,4.811397298,43.539904887,,,,,,2016-05-17T02:51,2016-05-17T15:12,44445.49,,,,,,,,0.0,,,,,,,,,,,,,,,10192X0095/P21B
138,138,2016-05-18,4.811397298,43.539904887,,,,,,2016-05-18T02:51,2016-05-18T15:12,44455.99,,,,,,,,0.0,,,,,,,,,,,,,,,10192X0095/P21B
139,139,2016-05-19,4.811397298,43.539904887,,,,,,2016-05-19T02:51,2016-05-19T15:12,44466.29,,,,,,,,0.0,,,,,,,,,,,,,,,10192X0095/P21B
140,140,2016-05-20,4.811397298,43.539904887,,,,,,2016-05-20T02:51,2016-05-20T15:13,44476.38,,,,,,,,0.0,,,,,,,,,,,,,,,10192X0095/P21B
141,141,2016-05-21,4.811397298,43.539904887,,,,,,2016-05-21T02:51,2016-05-21T15:13,44486.24,,,,,,,,0.0,,,,,,,,,,,,,,,10192X0095/P21B
142,142,2016-05-22,4.811397298,43.539904887,,,,,,2016-05-22T02:51,2016-05-22T15:13,44495.88,,,,,,,,0.0,,,,,,,,,,,,,,,10192X0095/P21B
143,143,2016-05-23,4.811397298,43.539904887,,,,,,2016-05-23T02:51,2016-05-23T15:13,44505.28,,,,,,,,0.0,,,,,,,,,,,,,,,10192X0095/P21B
144,144,2016-05-24,4.811397298,43.539904887,,,,,,2016-05-24T02:51,2016-05-24T15:13,44514.41,,,,,,,,0.0,,,,,,,,,,,,,,,10192X0095/P21B
145,145,2016-05-25,4.811397298,43.539904887,,,,,,2016-05-25T02:51,2016-05-25T15:13,44523.28,,,,,,,,0.0,,,,,,,,,,,,,,,10192X0095/P21B
146,146,2016-05-26,4.811397298,43.539904887,,,,,,2016-05-26T02:51,2016-05-26T15:14,44531.89,,,,,,,,0.0,,,,,,,,,,,,,,,10192X0095/P21B
147,147,2016-05-27,4.811397298,43.539904887,,,,,,2016-05-27T02:51,2016-05-27T15:14,44540.2,,,,,,,,0.0,,,,,,,,,,,,,,,10192X0095/P21B
148,148,2016-05-28,4.811397298,43.539904887,,,,,,2016-05-28T02:52,2016-05-28T15:14,44548.21,,,,,,,,0.0,,,,,,,,,,,,,,,10192X0095/P21B
149,149,2016-05-29,4.811397298,43.539904887,,,,,,2016-05-29T02:52,2016-05-29T15:14,44555.91,,,,,,,,0.0,,,,,,,,,,,,,,,10192X0095/P21B
150,150,2016-05-30,4.811397298,43.539904887,,,,,,2016-05-30T02:52,2016-05-30T15:14,44563.29,,,,,,,,0.0,,,,,,,,,,,,,,,10192X0095/P21B
151,151,2016-05-31,4.811397298,43.539904887,,,,,,2016-05-31T02:52,2016-05-31T15:15,44570.34,,,,,,,,0.0,,,,,,,,,,,,,,,10192X0095/P21B
152,152,2016-06-01,4.811397298,43.539904887,,,,,,2016-06-01T02:52,2016-06-01T15:15,44577.04,,,,,,,,0.0,,,,,,,,,,,,,,,10192X0095/P21B
153,153,2016-06-02,4.811397298,43.539904887,,,,,,2016-06-02T02:52,2016-06-02T15:15,44583.39,,,,,,,,0.0,,,,,,,,,,,,,,,10192X0095/P21B
154,154,2016-06-03,4.811397298,43.539904887,,,,,,2016-06-03T02:52,2016-06-03T15:15,44589.37,,,,,,,,0.0,,,,,,,,,,,,,,,10192X0095/P21B
155,155,2016-06-04,4.811397298,43.539904887,,,,,,2016-06-04T02:52,2016-06-04T15:15,44595.06,,,,,,,,0.0,,,,,,,,,,,,,,,10192X0095/P21B
156,156,2016-06-05,4.811397298,43.539904887,,,,,,2016-06-05T02:52,2016-06-05T15:16,44600.44,,,,,,,,0.0,,,,,,,,,,,,,,,10192X0095/P21B
157,157,2016-06-06,4.811397298,43.539904887,,,,,,2016-06-06T02:52,2016-06-06T15:16,44605.52,,,,,,,,0.0,,,,,,,,,,,,,,,10192X0095/P21B
158,158,2016-06-07,4.811397298,43.539904887,,,,,,2016-06-07T02:53,2016-06-07T15:16,44610.29,,,,,,,,0.0,,,,,,,,,,,,,,,10192X0095/P21B
159,159,2016-06-08,4.811397298,43.539904887,,,,,,2016-06-08T02:53,2016-06-08T15:16,44614.74,,,,,,,,0.0,,,,,,,,,,,,,,,10192X0095/P21B
160,160,2016-06-09,4.811397298,43.539904887,,,,,,2016-06-09T02:53,2016-06-09T15:17,44618.88,,,,,,,,0.0,,,,,,,,,,,,,,,10192X0095/P21B
161,161,2016-06-10,4.811397298,43.539904887,,,,,,2016-06-10T02:53,2016-06-10T15:17,44622.69,,,,,,,,0.0,,,,,,,,,,,,,,,10192X0095/P21B
162,162,2016-06-11,4.811397298,43.539904887,,,,,,2016-06-11T02:53,2016-06-11T15:17,44626.18,,,,,,,,0.0,,,,,,,,,,,,,,,10192X0095/P21B
163,163,2016-06-12,4.811397298,43.539904887,,,,,,2016-06-12T02:53,2016-06-12T15:17,44629.34,,,,,,,,0.0,,,,,,,,,,,,,,,10192X0095/P21B
164,164,2016-06-13,4.811397298,43.539904887,,,,,,2016-06-13T02:54,2016-06-13T15:17,44632.16,,,,,,,,0.0,,,,,,,,,,,,,,,10192X0095/P21B
165,165,2016-06-14,4.811397298,43.539904887,,,,,,2016-06-14T02:54,2016-06-14T15:18,44634.65,,,,,,,,0.0,,,,,,,,,,,,,,,10192X0095/P21B
166,166,2016-06-15,4.811397298,43.539904887,,,,,,2016-06-15T02:54,2016-06-15T15:18,44636.8,,,,,,,,0.0,,,,,,,,,,,,,,,10192X0095/P21B
167,167,2016-06-16,4.811397298,43.539904887,,,,,,2016-06-16T02:54,2016-06-16T15:18,44638.59,,,,,,,,0.0,,,,,,,,,,,,,,,10192X0095/P21B
168,168,2016-06-17,4.811397298,43.539904887,,,,,,2016-06-17T02:54,2016-06-17T15:18,44640.05,,,,,,,,0.0,,,,,,,,,,,,,,,10192X0095/P21B
169,169,2016-06-18,4.811397298,43.539904887,,,,,,2016-06-18T02:55,2016-06-18T15:19,44641.15,,,,,,,,0.0,,,,,,,,,,,,,,,10192X0095/P21B
170,170,2016-06-19,4.811397298,43.539904887,,,,,,2016-06-19T02:55,2016-06-19T15:19,44641.89,,,,,,,,0.0,,,,,,,,,,,,,,,10192X0095/P21B
171,171,2016-06-20,4.811397298,43.539904887,,,,,,2016-06-20T02:55,2016-06-20T15:19,44642.28,,,,,,,,0.0,,,,,,,,,,,,,,,10192X0095/P21B
172,172,2016-06-21,4.811397298,43.539904887,,,,,,2016-06-21T02:55,2016-06-21T15:19,44642.31,,,,,,,,0.0,,,,,,,,,,,,,,,10192X0095/P21B
173,173,2016-06-22,4.811397298,43.539904887,,,,,,2016-06-22T02:55,2016-06-22T15:20,44641.98,,,,,,,,0.0,,,,,,,,,,,,,,,10192X0095/P21B
174,174,2016-06-23,4.811397298,43.539904887,,,,,,2016-06-23T02:56,2016-06-23T15:20,44641.27,,,,,,,,0.0,,,,,,,,,,,,,,,10192X0095/P21B
175,175,2016-06-24,4.811397298,43.539904887,,,,,,2016-06-24T02:56,2016-06-24T15:20,44640.19,,,,,,,,0.0,,,,,,,,,,,,,,,10192X0095/P21B
176,176,2016-06-25,4.811397298,43.539904887,,,,,,2016-06-25T02:56,2016-06-25T15:20,44638.74,,,,,,,,0.0,,,,,,,,,,,,,,,10192X0095/P21B
177,177,2016-06-26,4.811397298,43.539904887,,,,,,2016-06-26T02:56,2016-06-26T15:20,44636.92,,,,,,,,0.0,,,,,,,,,,,,,,,10192X0095/P21B
178,178,2016-06-27,4.811397298,43.539904887,,,,,,2016-06-27T02:57,2016-06-27T15:20,44634.73,,,,,,,,0.0,,,,,,,,,,,,,,,10192X0095/P21B
179,179,2016-06-28,4.811397298,43.539904887,,,,,,2016-06-28T02:57,2016-06-28T15:21,44632.19,,,,,,,,0.0,,,,,,,,,,,,,,,10192X0095/P21B
180,180,2016-06-29,4.811397298,43.539904887,,,,,,2016-06-29T02:57,2016-06-29T15:21,44629.3,,,,,,,,0.0,,,,,,,,,,,,,,,10192X0095/P21B
181,181,2016-06-30,4.811397298,43.539904887,,,,,,2016-06-30T02:57,2016-06-30T15:21,44626.06,,,,,,,,0.0,,,,,,,,,,,,,,,10192X0095/P21B
182,182,2016-07-01,4.811397298,43.539904887,,,,,,2016-07-01T02:57,2016-07-01T15:21,44622.48,,,,,,,,0.0,,,,,,,,,,,,,,,10192X0095/P21B
183,183,2016-07-02,4.811397298,43.539904887,,,,,,2016-07-02T02:58,2016-07-02T15:21,44618.57,,,,,,,,0.0,,,,,,,,,,,,,,,10192X0095/P21B
184,184,2016-07-03,4.811397298,43.539904887,,,,,,2016-07-03T02:58,2016-07-03T15:21,44614.33,,,,,,,,0.0,,,,,,,,,,,,,,,10192X0095/P21B
185,185,2016-07-04,4.811397298,43.539904887,,,,,,2016-07-04T02:58,2016-07-04T15:22,44609.78,,,,,,,,0.0,,,,,,,,,,,,,,,10192X0095/P21B
186,186,2016-07-05,4.811397298,43.539904887,,,,,,2016-07-05T02:58,2016-07-05T15:22,44604.9,,,,,,,,0.0,,,,,,,,,,,,,,,10192X0095/P21B
187,187,2016-07-06,4.811397298,43.539904887,,,,,,2016-07-06T02:59,2016-07-06T15:22,44599.73,,,,,,,,0.0,,,,,,,,,,,,,,,10192X0095/P21B
188,188,2016-07-07,4.811397298,43.539904887,,,,,,2016-07-07T02:59,2016-07-07T15:22,44594.24,,,,,,,,0.0,,,,,,,,,,,,,,,10192X0095/P21B
189,189,2016-07-08,4.811397298,43.539904887,,,,,,2016-07-08T02:59,2016-07-08T15:22,44588.48,,,,,,,,0.0,,,,,,,,,,,,,,,10192X0095/P21B
190,190,2016-07-09,4.811397298,43.539904887,,,,,,2016-07-09T02:59,2016-07-09T15:22,44582.42,,,,,,,,0.0,,,,,,,,,,,,,,,10192X0095/P21B
191,191,2016-07-10,4.811397298,43.539904887,,,,,,2016-07-10T02:59,2016-07-10T15:22,44576.07,,,,,,,,0.0,,,,,,,,,,,,,,,10192X0095/P21B
192,192,2016-07-11,4.811397298,43.539904887,,,,,,2016-07-11T03:00,2016-07-11T15:22,44569.46,,,,,,,,0.0,,,,,,,,,,,,,,,10192X0095/P21B
193,193,2016-07-12,4.811397298,43.539904887,,,,,,2016-07-12T03:00,2016-07-12T15:22,44562.58,,,,,,,,0.0,,,,,,,,,,,,,,,10192X0095/P21B
194,194,2016-07-13,4.811397298,43.539904887,,,,,,2016-07-13T03:00,2016-07-13T15:23,44555.42,,,,,,,,0.0,,,,,,,,,,,,,,,10192X0095/P21B
195,195,2016-07-14,4.811397298,43.539904887,,,,,,2016-07-14T03:00,2016-07-14T15:23,44547.92,,,,,,,,0.0,,,,,,,,,,,,,,,10192X0095/P21B
196,196,2016-07-15,4.811397298,43.539904887,,,,,,2016-07-15T03:00,2016-07-15T15:23,44540.08,,,,,,,,0.0,,,,,,,,,,,,,,,10192X0095/P21B
197,197,2016-07-16,4.811397298,43.539904887,,,,,,2016-07-16T03:00,2016-07-16T15:23,44531.92,,,,,,,,0.0,,,,,,,,,,,,,,,10192X0095/P21B
198,198,2016-07-17,4.811397298,43.539904887,,,,,,2016-07-17T03:01,2016-07-17T15:23,44523.45,,,,,,,,0.0,,,,,,,,,,,,,,,10192X0095/P21B
199,199,2016-07-18,4.811397298,43.539904887,,,,,,2016-07-18T03:01,2016-07-18T15:23,44514.66,,,,,,,,0.0,,,,,,,,,,,,,,,10192X0095/P21B
200,200,2016-07-19,4.811397298,43.539904887,,,,,,2016-07-19T03:01,2016-07-19T15:23,44505.6,,,,,,,,0.0,,,,,,,,,,,,,,,10192X0095/P21B
201,201,2016-07-20,4.811397298,43.539904887,,,,,,2016-07-20T03:01,2016-07-20T15:23,44496.26,,,,,,,,0.0,,,,,,,,,,,,,,,10192X0095/P21B
202,202,2016-07-21,4.811397298,43.539904887,,,,,,2016-07-21T03:01,2016-07-21T15:23,44486.65,,,,,,,,0.0,,,,,,,,,,,,,,,10192X0095/P21B
203,203,2016-07-22,4.811397298,43.539904887,,,,,,2016-07-22T03:01,2016-07-22T15:22,44476.8,,,,,,,,0.0,,,,,,,,,,,,,,,10192X0095/P21B
204,204,2016-07-23,4.811397298,43.539904887,,,,,,2016-07-23T03:01,2016-07-23T15:22,44466.71,,,,,,,,0.0,,,,,,,,,,,,,,,10192X0095/P21B
205,205,2016-07-24,4.811397298,43.539904887,,,,,,2016-07-24T03:01,2016-07-24T15:22,44456.38,,,,,,,,0.0,,,,,,,,,,,,,,,10192X0095/P21B
206,206,2016-07-25,4.811397298,43.539904887,,,,,,2016-07-25T03:02,2016-07-25T15:22,44445.85,,,,,,,,0.0,,,,,,,,,,,,,,,10192X0095/P21B
207,207,2016-07-26,4.811397298,43.539904887,,,,,,2016-07-26T03:02,2016-07-26T15:22,44435.11,,,,,,,,0.0,,,,,,,,,,,,,,,10192X0095/P21B
208,208,2016-07-27,4.811397298,43.539904887,,,,,,2016-07-27T03:02,2016-07-27T15:22,44424.17,,,,,,,,0.0,,,,,,,,,,,,,,,10192X0095/P21B
209,209,2016-07-28,4.811397298,43.539904887,,,,,,2016-07-28T03:02,2016-07-28T15:22,44413.07,,,,,,,,0.0,,,,,,,,,,,,,,,10192X0095/P21B
210,210,2016-07-29,4.811397298,43.539904887,,,,,,2016-07-29T03:02,2016-07-29T15:22,44401.79,,,,,,,,0.0,,,,,,,,,,,,,,,10192X0095/P21B
211,211,2016-07-30,4.811397298,43.539904887,,,,,,2016-07-30T03:02,2016-07-30T15:22,44390.36,,,,,,,,0.0,,,,,,,,,,,,,,,10192X0095/P21B
212,212,2016-07-31,4.811397298,43.539904887,,,,,,2016-07-31T03:02,2016-07-31T15:22,44378.78,,,,,,,,0.0,,,,,,,,,,,,,,,10192X0095/P21B
213,213,2016-08-01,4.811397298,43.539904887,,,,,,2016-08-01T03:02,2016-08-01T15:21,44367.07,,,,,,,,0.0,,,,,,,,,,,,,,,10192X0095/P21B
214,214,2016-08-02,4.811397298,43.539904887,,,,,,2016-08-02T03:02,2016-08-02T15:21,44355.21,,,,,,,,0.0,,,,,,,,,,,,,,,10192X0095/P21B
215,215,2016-08-03,4.811397298,43.539904887,,,,,,2016-08-03T03:02,2016-08-03T15:21,44343.12,,,,,,,,0.0,,,,,,,,,,,,,,,10192X0095/P21B
216,216,2016-08-04,4.811397298,43.539904887,,,,,,2016-08-04T03:02,2016-08-04T15:21,44330.79,,,,,,,,0.0,,,,,,,,,,,,,,,10192X0095/P21B
217,217,2016-08-05,4.811397298,43.539904887,,,,,,2016-08-05T03:02,2016-08-05T15:21,44318.24,,,,,,,,0.0,,,,,,,,,,,,,,,10192X0095/P21B
218,218,2016-08-06,4.811397298,43.539904887,,,,,,2016-08-06T03:02,2016-08-06T15:20,44305.46,,,,,,,,0.0,,,,,,,,,,,,,,,10192X0095/P21B
219,219,2016-08-07,4.811397298,43.539904887,,,,,,2016-08-07T03:02,2016-08-07T15:20,44292.5,,,,,,,,0.0,,,,,,,,,,,,,,,10192X0095/P21B
220,220,2016-08-08,4.811397298,43.539904887,,,,,,2016-08-08T03:02,2016-08-08T15:20,44279.34,,,,,,,,0.0,,,,,,,,,,,,,,,10192X0095/P21B
221,221,2016-08-09,4.811397298,43.539904887,,,,,,2016-08-09T03:02,2016-08-09T15:20,44266.02,,,,,,,,0.0,,,,,,,,,,,,,,,10192X0095/P21B
222,222,2016-08-10,4.811397298,43.539904887,,,,,,2016-08-10T03:02,2016-08-10T15:19,44252.53,,,,,,,,0.0,,,,,,,,,,,,,,,10192X0095/P21B
223,223,2016-08-11,4.811397298,43.539904887,,,,,,2016-08-11T03:02,2016-08-11T15:19,44238.9,,,,,,,,0.0,,,,,,,,,,,,,,,10192X0095/P21B
224,224,2016-08-12,4.811397298,43.539904887,,,,,,2016-08-12T03:02,2016-08-12T15:19,44225.14,,,,,,,,0.0,,,,,,,,,,,,,,,10192X0095/P21B
225,225,2016-08-13,4.811397298,43.539904887,,,,,,2016-08-13T03:02,2016-08-13T15:19,44211.26,,,,,,,,0.0,,,,,,,,,,,,,,,10192X0095/P21B
226,226,2016-08-14,4.811397298,43.539904887,,,,,,2016-08-14T03:02,2016-08-14T15:18,44197.27,,,,,,,,0.0,,,,,,,,,,,,,,,10192X0095/P21B
227,227,2016-08-15,4.811397298,43.539904887,,,,,,2016-08-15T03:02,2016-08-15T15:18,44183.18,,,,,,,,0.0,,,,,,,,,,,,,,,10192X0095/P21B
228,228,2016-08-16,4.811397298,43.539904887,,,,,,2016-08-16T03:01,2016-08-16T15:18,44169.01,,,,,,,,0.0,,,,,,,,,,,,,,,10192X0095/P21B
229,229,2016-08-17,4.811397298,43.539904887,,,,,,2016-08-17T03:01,2016-08-17T15:17,44154.76,,,,,,,,0.0,,,,,,,,,,,,,,,10192X0095/P21B
230,230,2016-08-18,4.811397298,43.539904887,,,,,,2016-08-18T03:01,2016-08-18T15:17,44140.45,,,,,,,,0.0,,,,,,,,,,,,,,,10192X0095/P21B
231,231,2016-08-19,4.811397298,43.539904887,,,,,,2016-08-19T03:01,2016-08-19T15:17,44126.1,,,,,,,,0.0,,,,,,,,,,,,,,,10192X0095/P21B
232,232,2016-08-20,4.811397298,43.539904887,,,,,,2016-08-20T03:01,2016-08-20T15:16,44111.7,,,,,,,,0.0,,,,,,,,,,,,,,,10192X0095/P21B
233,233,2016-08-21,4.811397298,43.539904887,,,,,,2016-08-21T03:01,2016-08-21T15:16,44097.27,,,,,,,,0.0,,,,,,,,,,,,,,,10192X0095/P21B
234,234,2016-08-22,4.811397298,43.539904887,,,,,,2016-08-22T03:01,2016-08-22T15:16,44082.81,,,,,,,,0.0,,,,,,,,,,,,,,,10192X0095/P21B
235,235,2016-08-23,4.811397298,43.539904887,,,,,,2016-08-23T03:01,2016-08-23T15:15,44068.21,,,,,,,,0.0,,,,,,,,,,,,,,,10192X0095/P21B
236,236,2016-08-24,4.811397298,43.539904887,,,,,,2016-08-24T03:01,2016-08-24T15:15,44053.46,,,,,,,,0.0,,,,,,,,,,,,,,,10192X0095/P21B
237,237,2016-08-25,4.811397298,43.539904887,,,,,,2016-08-25T03:00,2016-08-25T15:14,44038.58,,,,,,,,0.0,,,,,,,,,,,,,,,10192X0095/P21B
238,238,2016-08-26,4.811397298,43.539904887,,,,,,2016-08-26T03:00,2016-08-26T15:14,44023.58,,,,,,,,0.0,,,,,,,,,,,,,,,10192X0095/P21B
239,239,2016-08-27,4.811397298,43.539904887,,,,,,2016-08-27T03:00,2016-08-27T15:14,44008.47,,,,,,,,0.0,,,,,,,,,,,,,,,10192X0095/P21B
240,240,2016-08-28,4.811397298,43.539904887,,,,,,2016-08-28T03:00,2016-08-28T15:13,43993.26,,,,,,,,0.0,,,,,,,,,,,,,,,10192X0095/P21B
241,241,2016-08-29,4.811397298,43.539904887,,,,,,2016-08-29T03:00,2016-08-29T15:13,43977.96,,,,,,,,0.0,,,,,,,,,,,,,,,10192X0095/P21B
242,242,2016-08-30,4.811397298,43.539904887,,,,,,2016-08-30T03:00,2016-08-30T15:12,43962.6,,,,,,,,0.0,,,,,,,,,,,,,,,10192X0095/P21B
243,243,2016-08-31,4.811397298,43.539904887,,,,,,2016-08-31T02:59,2016-08-31T15:12,43947.16,,,,,,,,0.0,,,,,,,,,,,,,,,10192X0095/P21B
244,244,2016-09-01,4.811397298,43.539904887,,,,,,2016-09-01T02:59,2016-09-01T15:11,43931.67,,,,,,,,0.0,,,,,,,,,,,,,,,10192X0095/P21B
245,245,2016-09-02,4.811397298,43.539904887,,,,,,2016-09-02T02:59,2016-09-02T15:11,43916.15,,,,,,,,0.0,,,,,,,,,,,,,,,10192X0095/P21B
246,246,2016-09-03,4.811397298,43.539904887,,,,,,2016-09-03T02:59,2016-09-03T15:10,43900.59,,,,,,,,0.0,,,,,,,,,,,,,,,10192X0095/P21B
247,247,2016-09-04,4.811397298,43.539904887,,,,,,2016-09-04T02:59,2016-09-04T15:10,43885.01,,,,,,,,0.0,,,,,,,,,,,,,,,10192X0095/P21B
248,248,2016-09-05,4.811397298,43.539904887,,,,,,2016-09-05T02:58,2016-09-05T15:10,43869.42,,,,,,,,0.0,,,,,,,,,,,,,,,10192X0095/P21B
249,249,2016-09-06,4.811397298,43.539904887,,,,,,2016-09-06T02:58,2016-09-06T15:09,43853.83,,,,,,,,0.0,,,,,,,,,,,,,,,10192X0095/P21B
250,250,2016-09-07,4.811397298,43.539904887,,,,,,2016-09-07T02:58,2016-09-07T15:09,43838.25,,,,,,,,0.0,,,,,,,,,,,,,,,10192X0095/P21B
251,251,2016-09-08,4.811397298,43.539904887,,,,,,2016-09-08T02:58,2016-09-08T15:08,43822.69,,,,,,,,0.0,,,,,,,,,,,,,,,10192X0095/P21B
252,252,2016-09-09,4.811397298,43.539904887,,,,,,2016-09-09T02:58,2016-09-09T15:08,43807.17,,,,,,,,0.0,,,,,,,,,,,,,,,10192X0095/P21B
253,253,2016-09-10,4.811397298,43.539904887,,,,,,2016-09-10T02:57,2016-09-10T15:07,43791.68,,,,,,,,0.0,,,,,,,,,,,,,,,10192X0095/P21B
254,254,2016-09-11,4.811397298,43.539904887,,,,,,2016-09-11T02:57,2016-09-11T15:07,43776.22,,,,,,,,0.0,,,,,,,,,,,,,,,10192X0095/P21B
255,255,2016-09-12,4.811397298,43.539904887,,,,,,2016-09-12T02:57,2016-09-12T15:06,43760.69,,,,,,,,0.0,,,,,,,,,,,,,,,10192X0095/P21B
256,256,2016-09-13,4.811397298,43.539904887,,,,,,2016-09-13T02:57,2016-09-13T15:06,43745.08,,,,,,,,0.0,,,,,,,,,,,,,,,10192X0095/P21B
257,257,2016-09-14,4.811397298,43.539904887,,,,,,2016-09-14T02:56,2016-09-14T15:05,43729.4,,,,,,,,0.0,,,,,,,,,,,,,,,10192X0095/P21B
258,258,2016-09-15,4.811397298,43.539904887,,,,,,2016-09-15T02:56,2016-09-15T15:05,43713.66,,,,,,,,0.0,,,,,,,,,,,,,,,10192X0095/P21B
259,259,2016-09-16,4.811397298,43.539904887,,,,,,2016-09-16T02:56,2016-09-16T15:04,43697.87,,,,,,,,0.0,,,,,,,,,,,,,,,10192X0095/P21B
260,260,2016-09-17,4.811397298,43.539904887,,,,,,2016-09-17T02:56,2016-09-17T15:04,43682.05,,,,,,,,0.0,,,,,,,,,,,,,,,10192X0095/P21B
261,261,2016-09-18,4.811397298,43.539904887,,,,,,2016-09-18T02:56,2016-09-18T15:03,43666.19,,,,,,,,0.0,,,,,,,,,,,,,,,10192X0095/P21B
262,262,2016-09-19,4.811397298,43.539904887,,,,,,2016-09-19T02:55,2016-09-19T15:03,43650.31,,,,,,,,0.0,,,,,,,,,,,,,,,10192X0095/P21B
263,263,2016-09-20,4.811397298,43.539904887,,,,,,2016-09-20T02:55,2016-09-20T15:02,43634.43,,,,,,,,0.0,,,,,,,,,,,,,,,10192X0095/P21B
264,264,2016-09-21,4.811397298,43.539904887,,,,,,2016-09-21T02:55,2016-09-21T15:02,43618.56,,,,,,,,0.0,,,,,,,,,,,,,,,10192X0095/P21B
265,265,2016-09-22,4.811397298,43.539904887,,,,,,2016-09-22T02:55,2016-09-22T15:01,43602.69,,,,,,,,0.0,,,,,,,,,,,,,,,10192X0095/P21B
266,266,2016-09-23,4.811397298,43.539904887,,,,,,2016-09-23T02:54,2016-09-23T15:01,43586.85,,,,,,,,0.0,,,,,,,,,,,,,,,10192X0095/P21B
267,267,2016-09-24,4.811397298,43.539904887,,,,,,2016-09-24T02:54,2016-09-24T15:00,43571.04,,,,,,,,0.0,,,,,,,,,,,,,,,10192X0095/P21B
268,268,2016-09-25,4.811397298,43.539904887,,,,,,2016-09-25T02:54,2016-09-25T15:00,43555.27,,,,,,,,0.0,,,,,,,,,,,,,,,10192X0095/P21B
269,269,2016-09-26,4.811397298,43.539904887,,,,,,2016-09-26T02:54,2016-09-26T14:59,43539.56,,,,,,,,0.0,,,,,,,,,,,,,,,10192X0095/P21B
270,270,2016-09-27,4.811397298,43.539904887,,,,,,2016-09-27T02:54,2016-09-27T14:59,43523.9,,,,,,,,0.0,,,,,,,,,,,,,,,10192X0095/P21B
271,271,2016-09-28,4.811397298,43.539904887,,,,,,2016-09-28T02:53,2016-09-28T14:58,43508.32,,,,,,,,0.0,,,,,,,,,,,,,,,10192X0095/P21B
272,272,2016-09-29,4.811397298,43.539904887,,,,,,2016-09-29T02:53,2016-09-29T14:58,43492.82,,,,,,,,0.0,,,,,,,,,,,,,,,10192X0095/P21B
273,273,2016-09-30,4.811397298,43.539904887,,,,,,2016-09-30T02:53,2016-09-30T14:58,43477.41,,,,,,,,0.0,,,,,,,,,,,,,,,10192X0095/P21B
274,274,2016-10-01,4.811397298,43.539904887,,,,,,2016-10-01T02:53,2016-10-01T14:57,43462.08,,,,,,,,0.0,,,,,,,,,,,,,,,10192X0095/P21B
275,275,2016-10-02,4.811397298,43.539904887,,,,,,2016-10-02T02:53,2016-10-02T14:57,43446.73,,,,,,,,0.0,,,,,,,,,,,,,,,10192X0095/P21B
276,276,2016-10-03,4.811397298,43.539904887,,,,,,2016-10-03T02:52,2016-10-03T14:56,43431.34,,,,,,,,0.0,,,,,,,,,,,,,,,10192X0095/P21B
277,277,2016-10-04,4.811397298,43.539904887,,,,,,2016-10-04T02:52,2016-10-04T14:56,43415.93,,,,,,,,0.0,,,,,,,,,,,,,,,10192X0095/P21B
278,278,2016-10-05,4.811397298,43.539904887,,,,,,2016-10-05T02:52,2016-10-05T14:55,43400.5,,,,,,,,0.0,,,,,,,,,,,,,,,10192X0095/P21B
279,279,2016-10-06,4.811397298,43.539904887,,,,,,2016-10-06T02:52,2016-10-06T14:55,43385.07,,,,,,,,0.0,,,,,,,,,,,,,,,10192X0095/P21B
280,280,2016-10-07,4.811397298,43.539904887,,,,,,2016-10-07T02:52,2016-10-07T14:55,43369.65,,,,,,,,0.0,,,,,,,,,,,,,,,10192X0095/P21B
281,281,2016-10-08,4.811397298,43.539904887,,,,,,2016-10-08T02:52,2016-10-08T14:54,43354.25,,,,,,,,0.0,,,,,,,,,,,,,,,10192X0095/P21B
282,282,2016-10-09,4.811397298,43.539904887,,,,,,2016-10-09T02:51,2016-10-09T14:54,43338.88,,,,,,,,0.0,,,,,,,,,,,,,,,10192X0095/P21B
283,283,2016-10-10,4.811397298,43.539904887,,,,,,2016-10-10T02:51,2016-10-10T14:53,43323.55,,,,,,,,0.0,,,,,,,,,,,,,,,10192X0095/P21B
284,284,2016-10-11,4.811397298,43.539904887,,,,,,2016-10-11T02:51,2016-10-11T14:53,43308.28,,,,,,,,0.0,,,,,,,,,,,,,,,10192X0095/P21B
285,285,2016-10-12,4.811397298,43.539904887,,,,,,2016-10-12T02:51,2016-10-12T14:53,43293.06,,,,,,,,0.0,,,,,,,,,,,,,,,10192X0095/P21B
286,286,2016-10-13,4.811397298,43.539904887,,,,,,2016-10-13T02:51,2016-10-13T14:52,43277.93,,,,,,,,0.0,,,,,,,,,,,,,,,10192X0095/P21B
287,287,2016-10-14,4.811397298,43.539904887,,,,,,2016-10-14T02:51,2016-10-14T14:52,43262.88,,,,,,,,0.0,,,,,,,,,,,,,,,10192X0095/P21B
288,288,2016-10-15,4.811397298,43.539904887,,,,,,2016-10-15T02:51,2016-10-15T14:51,43247.93,,,,,,,,0.0,,,,,,,,,,,,,,,10192X0095/P21B
289,289,2016-10-16,4.811397298,43.539904887,,,,,,2016-10-16T02:51,2016-10-16T14:51,43233.08,,,,,,,,0.0,,,,,,,,,,,,,,,10192X0095/P21B
290,290,2016-10-17,4.811397298,43.539904887,,,,,,2016-10-17T02:50,2016-10-17T14:51,43218.37,,,,,,,,0.0,,,,,,,,,,,,,,,10192X0095/P21B
291,291,2016-10-18,4.811397298,43.539904887,,,,,,2016-10-18T02:50,2016-10-18T14:51,43203.78,,,,,,,,0.0,,,,,,,,,,,,,,,10192X0095/P21B
292,292,2016-10-19,4.811397298,43.539904887,,,,,,2016-10-19T02:50,2016-10-19T14:50,43189.33,,,,,,,,0.0,,,,,,,,,,,,,,,10192X0095/P21B
293,293,2016-10-20,4.811397298,43.539904887,,,,,,2016-10-20T02:50,2016-10-20T14:50,43175.05,,,,,,,,0.0,,,,,,,,,,,,,,,10192X0095/P21B
294,294,2016-10-21,4.811397298,43.539904887,,,,,,2016-10-21T02:50,2016-10-21T14:50,43160.91,,,,,,,,0.0,,,,,,,,,,,,,,,10192X0095/P21B
295,295,2016-10-22,4.811397298,43.539904887,,,,,,2016-10-22T02:50,2016-10-22T14:49,43146.8,,,,,,,,0.0,,,,,,,,,,,,,,,10192X0095/P21B
296,296,2016-10-23,4.811397298,43.539904887,,,,,,2016-10-23T02:50,2016-10-23T14:49,43132.71,,,,,,,,0.0,,,,,,,,,,,,,,,10192X0095/P21B
297,297,2016-10-24,4.811397298,43.539904887,,,,,,2016-10-24T02:50,2016-10-24T14:49,43118.66,,,,,,,,0.0,,,,,,,,,,,,,,,10192X0095/P21B
298,298,2016-10-25,4.811397298,43.539904887,,,,,,2016-10-25T02:50,2016-10-25T14:49,43104.65,,,,,,,,0.0,,,,,,,,,,,,,,,10192X0095/P21B
299,299,2016-10-26,4.811397298,43.539904887,,,,,,2016-10-26T02:50,2016-10-26T14:48,43090.69,,,,,,,,0.0,,,,,,,,,,,,,,,10192X0095/P21B
300,300,2016-10-27,4.811397298,43.539904887,,,,,,2016-10-27T02:50,2016-10-27T14:48,43076.81,,,,,,,,0.0,,,,,,,,,,,,,,,10192X0095/P21B
301,301,2016-10-28,4.811397298,43.539904887,,,,,,2016-10-28T02:50,2016-10-28T14:48,43063.02,,,,,,,,0.0,,,,,,,,,,,,,,,10192X0095/P21B
302,302,2016-10-29,4.811397298,43.539904887,,,,,,2016-10-29T02:50,2016-10-29T14:48,43049.32,,,,,,,,0.0,,,,,,,,,,,,,,,10192X0095/P21B
303,303,2016-10-30,4.811397298,43.539904887,,,,,,2016-10-30T02:50,2016-10-30T14:48,43035.73,,,,,,,,0.0,,,,,,,,,,,,,,,10192X0095/P21B
304,304,2016-10-31,4.811397298,43.539904887,,,,,,2016-10-31T02:51,2016-10-31T14:48,43022.26,,,,,,,,0.0,,,,,,,,,,,,,,,10192X0095/P21B
305,305,2016-11-01,4.811397298,43.539904887,,,,,,2016-11-01T02:51,2016-11-01T14:47,43008.93,,,,,,,,0.0,,,,,,,,,,,,,,,10192X0095/P21B
306,306,2016-11-02,4.811397298,43.539904887,,,,,,2016-11-02T02:51,2016-11-02T14:47,42995.75,,,,,,,,0.0,,,,,,,,,,,,,,,10192X0095/P21B
307,307,2016-11-03,4.811397298,43.539904887,,,,,,2016-11-03T02:51,2016-11-03T14:47,42982.74,,,,,,,,0.0,,,,,,,,,,,,,,,10192X0095/P21B
308,308,2016-11-04,4.811397298,43.539904887,,,,,,2016-11-04T02:51,2016-11-04T14:47,42969.9,,,,,,,,0.0,,,,,,,,,,,,,,,10192X0095/P21B
309,309,2016-11-05,4.811397298,43.539904887,,,,,,2016-11-05T02:51,2016-11-05T14:47,42957.26,,,,,,,,0.0,,,,,,,,,,,,,,,10192X0095/P21B
310,310,2016-11-06,4.811397298,43.539904887,,,,,,2016-11-06T02:51,2016-11-06T14:47,42944.82,,,,,,,,0.0,,,,,,,,,,,,,,,10192X0095/P21B
311,311,2016-11-07,4.811397298,43.539904887,,,,,,2016-11-07T02:51,2016-11-07T14:47,42932.61,,,,,,,,0.0,,,,,,,,,,,,,,,10192X0095/P21B
312,312,2016-11-08,4.811397298,43.539904887,,,,,,2016-11-08T02:52,2016-11-08T14:47,42920.64,,,,,,,,0.0,,,,,,,,,,,,,,,10192X0095/P21B
313,313,2016-11-09,4.811397298,43.539904887,,,,,,2016-11-09T02:52,2016-11-09T14:47,42908.91,,,,,,,,0.0,,,,,,,,,,,,,,,10192X0095/P21B
314,314,2016-11-10,4.811397298,43.539904887,,,,,,2016-11-10T02:52,2016-11-10T14:47,42897.43,,,,,,,,0.0,,,,,,,,,,,,,,,10192X0095/P21B
315,315,2016-11-11,4.811397298,43.539904887,,,,,,2016-11-11T02:52,2016-11-11T14:47,42886.08,,,,,,,,0.0,,,,,,,,,,,,,,,10192X0095/P21B
316,316,2016-11-12,4.811397298,43.539904887,,,,,,2016-11-12T02:52,2016-11-12T14:47,42874.85,,,,,,,,0.0,,,,,,,,,,,,,,,10192X0095/P21B
317,317,2016-11-13,4.811397298,43.539904887,,,,,,2016-11-13T02:53,2016-11-13T14:47,42863.74,,,,,,,,0.0,,,,,,,,,,,,,,,10192X0095/P21B
318,318,2016-11-14,4.811397298,43.539904887,,,,,,2016-11-14T02:53,2016-11-14T14:47,42852.79,,,,,,,,0.0,,,,,,,,,,,,,,,10192X0095/P21B
319,319,2016-11-15,4.811397298,43.539904887,,,,,,2016-11-15T02:53,2016-11-15T14:47,42841.99,,,,,,,,0.0,,,,,,,,,,,,,,,10192X0095/P21B
320,320,2016-11-16,4.811397298,43.539904887,,,,,,2016-11-16T02:53,2016-11-16T14:47,42831.35,,,,,,,,0.0,,,,,,,,,,,,,,,10192X0095/P21B
321,321,2016-11-17,4.811397298,43.539904887,,,,,,2016-11-17T02:54,2016-11-17T14:47,42820.91,,,,,,,,0.0,,,,,,,,,,,,,,,10192X0095/P21B
322,322,2016-11-18,4.811397298,43.539904887,,,,,,2016-11-18T02:54,2016-11-18T14:47,42810.66,,,,,,,,0.0,,,,,,,,,,,,,,,10192X0095/P21B
323,323,2016-11-19,4.811397298,43.539904887,,,,,,2016-11-19T02:54,2016-11-19T14:48,42800.62,,,,,,,,0.0,,,,,,,,,,,,,,,10192X0095/P21B
324,324,2016-11-20,4.811397298,43.539904887,,,,,,2016-11-20T02:55,2016-11-20T14:48,42790.8,,,,,,,,0.0,,,,,,,,,,,,,,,10192X0095/P21B
325,325,2016-11-21,4.811397298,43.539904887,,,,,,2016-11-21T02:55,2016-11-21T14:48,42781.21,,,,,,,,0.0,,,,,,,,,,,,,,,10192X0095/P21B
326,326,2016-11-22,4.811397298,43.539904887,,,,,,2016-11-22T02:55,2016-11-22T14:48,42771.88,,,,,,,,0.0,,,,,,,,,,,,,,,10192X0095/P21B
327,327,2016-11-23,4.811397298,43.539904887,,,,,,2016-11-23T02:56,2016-11-23T14:48,42762.81,,,,,,,,0.0,,,,,,,,,,,,,,,10192X0095/P21B
328,328,2016-11-24,4.811397298,43.539904887,,,,,,2016-11-24T02:56,2016-11-24T14:49,42754.02,,,,,,,,0.0,,,,,,,,,,,,,,,10192X0095/P21B
329,329,2016-11-25,4.811397298,43.539904887,,,,,,2016-11-25T02:56,2016-11-25T14:49,42745.52,,,,,,,,0.0,,,,,,,,,,,,,,,10192X0095/P21B
330,330,2016-11-26,4.811397298,43.539904887,,,,,,2016-11-26T02:57,2016-11-26T14:49,42737.33,,,,,,,,0.0,,,,,,,,,,,,,,,10192X0095/P21B
331,331,2016-11-27,4.811397298,43.539904887,,,,,,2016-11-27T02:57,2016-11-27T14:49,42729.46,,,,,,,,0.0,,,,,,,,,,,,,,,10192X0095/P21B
332,332,2016-11-28,4.811397298,43.539904887,,,,,,2016-11-28T02:57,2016-11-28T14:50,42721.92,,,,,,,,0.0,,,,,,,,,,,,,,,10192X0095/P21B
333,333,2016-11-29,4.811397298,43.539904887,,,,,,2016-11-29T02:58,2016-11-29T14:50,42714.73,,,,,,,,0.0,,,,,,,,,,,,,,,10192X0095/P21B
334,334,2016-11-30,4.811397298,43.539904887,,,,,,2016-11-30T02:58,2016-11-30T14:50,42707.89,,,,,,,,0.0,,,,,,,,,,,,,,,10192X0095/P21B
335,335,2016-12-01,4.811397298,43.539904887,,,,,,2016-12-01T02:59,2016-12-01T14:50,42701.31,,,,,,,,0.0,,,,,,,,,,,,,,,10192X0095/P21B
336,336,2016-12-02,4.811397298,43.539904887,,,,,,2016-12-02T02:59,2016-12-02T14:51,42694.99,,,,,,,,0.0,,,,,,,,,,,,,,,10192X0095/P21B
337,337,2016-12-03,4.811397298,43.539904887,,,,,,2016-12-03T03:00,2016-12-03T14:51,42688.94,,,,,,,,0.0,,,,,,,,,,,,,,,10192X0095/P21B
338,338,2016-12-04,4.811397298,43.539904887,,,,,,2016-12-04T03:00,2016-12-04T14:51,42683.16,,,,,,,,0.0,,,,,,,,,,,,,,,10192X0095/P21B
339,339,2016-12-05,4.811397298,43.539904887,,,,,,2016-12-05T03:00,2016-12-05T14:52,42677.65,,,,,,,,0.0,,,,,,,,,,,,,,,10192X0095/P21B
340,340,2016-12-06,4.811397298,43.539904887,,,,,,2016-12-06T03:01,2016-12-06T14:52,42672.44,,,,,,,,0.0,,,,,,,,,,,,,,,10192X0095/P21B
341,341,2016-12-07,4.811397298,43.539904887,,,,,,2016-12-07T03:01,2016-12-07T14:53,42667.51,,,,,,,,0.0,,,,,,,,,,,,,,,10192X0095/P21B
342,342,2016-12-08,4.811397298,43.539904887,,,,,,2016-12-08T03:02,2016-12-08T14:53,42662.89,,,,,,,,0.0,,,,,,,,,,,,,,,10192X0095/P21B
343,343,2016-12-09,4.811397298,43.539904887,,,,,,2016-12-09T03:02,2016-12-09T14:53,42658.57,,,,,,,,0.0,,,,,,,,,,,,,,,10192X0095/P21B
344,344,2016-12-10,4.811397298,43.539904887,,,,,,2016-12-10T03:03,2016-12-10T14:54,42654.57,,,,,,,,0.0,,,,,,,,,,,,,,,10192X0095/P21B
345,345,2016-12-11,4.811397298,43.539904887,,,,,,2016-12-11T03:03,2016-12-11T14:54,42650.89,,,,,,,,0.0,,,,,,,,,,,,,,,10192X0095/P21B
346,346,2016-12-12,4.811397298,43.539904887,,,,,,2016-12-12T03:04,2016-12-12T14:55,42647.53,,,,,,,,0.0,,,,,,,,,,,,,,,10192X0095/P21B
347,347,2016-12-13,4.811397298,43.539904887,,,,,,2016-12-13T03:04,2016-12-13T14:55,42644.52,,,,,,,,0.0,,,,,,,,,,,,,,,10192X0095/P21B
348,348,2016-12-14,4.811397298,43.539904887,,,,,,2016-12-14T03:05,2016-12-14T14:56,42641.85,,,,,,,,0.0,,,,,,,,,,,,,,,10192X0095/P21B
349,349,2016-12-15,4.811397298,43.539904887,,,,,,2016-12-15T03:05,2016-12-15T14:56,42639.52,,,,,,,,0.0,,,,,,,,,,,,,,,10192X0095/P21B
350,350,2016-12-16,4.811397298,43.539904887,,,,,,2016-12-16T03:06,2016-12-16T14:57,42637.55,,,,,,,,0.0,,,,,,,,,,,,,,,10192X0095/P21B
351,351,2016-12-17,4.811397298,43.539904887,,,,,,2016-12-17T03:06,2016-12-17T14:57,42635.94,,,,,,,,0.0,,,,,,,,,,,,,,,10192X0095/P21B
352,352,2016-12-18,4.811397298,43.539904887,,,,,,2016-12-18T03:07,2016-12-18T14:57,42634.71,,,,,,,,0.0,,,,,,,,,,,,,,,10192X0095/P21B
353,353,2016-12-19,4.811397298,43.539904887,,,,,,2016-12-19T03:07,2016-12-19T14:58,42633.85,,,,,,,,0.0,,,,,,,,,,,,,,,10192X0095/P21B
354,354,2016-12-20,4.811397298,43.539904887,,,,,,2016-12-20T03:08,2016-12-20T14:58,42633.36,,,,,,,,0.0,,,,,,,,,,,,,,,10192X0095/P21B
355,355,2016-12-21,4.811397298,43.539904887,,,,,,2016-12-21T03:08,2016-12-21T14:59,42633.25,,,,,,,,0.0,,,,,,,,,,,,,,,10192X0095/P21B
356,356,2016-12-22,4.811397298,43.539904887,,,,,,2016-12-22T03:09,2016-12-22T14:59,42633.5,,,,,,,,0.0,,,,,,,,,,,,,,,10192X0095/P21B
357,357,2016-12-23,4.811397298,43.539904887,,,,,,2016-12-23T03:09,2016-12-23T15:00,42634.12,,,,,,,,0.0,,,,,,,,,,,,,,,10192X0095/P21B
358,358,2016-12-24,4.811397298,43.539904887,,,,,,2016-12-24T03:10,2016-12-24T15:00,42635.09,,,,,,,,0.0,,,,,,,,,,,,,,,10192X0095/P21B
359,359,2016-12-25,4.811397298,43.539904887,,,,,,2016-12-25T03:10,2016-12-25T15:01,42636.41,,,,,,,,0.0,,,,,,,,,,,,,,,10192X0095/P21B
360,360,2016-12-26,4.811397298,43.539904887,,,,,,2016-12-26T03:11,2016-12-26T15:01,42638.08,,,,,,,,0.0,,,,,,,,,,,,,,,10192X0095/P21B
361,361,2016-12-27,4.811397298,43.539904887,,,,,,2016-12-27T03:11,2016-12-27T15:02,42640.1,,,,,,,,0.0,,,,,,,,,,,,,,,10192X0095/P21B
362,362,2016-12-28,4.811397298,43.539904887,,,,,,2016-12-28T03:12,2016-12-28T15:02,42642.45,,,,,,,,0.0,,,,,,,,,,,,,,,10192X0095/P21B
363,363,2016-12-29,4.811397298,43.539904887,,,,,,2016-12-29T03:12,2016-12-29T15:03,42645.14,,,,,,,,0.0,,,,,,,,,,,,,,,10192X0095/P21B
364,364,2016-12-30,4.811397298,43.539904887,,,,,,2016-12-30T03:13,2016-12-30T15:03,42648.17,,,,,,,,0.0,,,,,,,,,,,,,,,10192X0095/P21B
365,365,2016-12-31,4.811397298,43.539904887,0.0,32.3,21.0,30.4,19.5,2016-12-31T03:13,2016-12-31T15:04,42651.51,,,,,,,,0.0,,,,,,,,,,,,,,,10192X0095/P21B
366,0,2017-01-01,4.811397298,43.539904887,0.0,33.2,20.9,29.9,17.3,2017-01-01T03:14,2017-01-01T15:04,42655.17,42142.53,,,0.0,,0.0,0.0,0.0,,24.55,8.89,0.0,7.2,8.89,29.0,0.0,1012.0,961.2,,20.6,0.151,30.7,10192X0095/P21B
367,1,2017-01-02,4.811397298,43.539904887,0.0,32.7,21.4,28.8,17.7,2017-01-02T03:14,2017-01-02T15:05,42659.15,42115.61,,,0.0,,0.0,0.0,0.0,,24.57,8.99,0.0,6.0,8.99,29.0,0.0,1012.7,961.8,,22.7,0.151,30.6,10192X0095/P21B
368,2,2017-01-03,4.811397298,43.539904887,1.0,32.5,20.2,28.8,16.3,2017-01-03T03:14,2017-01-03T15:06,42663.45,42089.36,,,0.0,,0.0,0.0,0.0,,24.29,8.73,3.0,5.7,8.73,29.0,0.0,1013.4,962.4,,21.7,0.151,30.4,10192X0095/P21B
369,3,2017-01-04,4.811397298,43.539904887,1.0,33.2,20.0,30.5,15.8,2017-01-04T03:15,2017-01-04T15:06,42668.04,42063.85,,,0.0,,0.0,0.0,0.0,,25.1,9.05,2.0,5.6,9.05,27.0,0.0,1012.3,961.5,,20.8,0.151,30.3,10192X0095/P21B
370,4,2017-01-05,4.811397298,43.539904887,3.0,33.9,20.1,30.2,16.2,2017-01-05T03:15,2017-01-05T15:07,42672.94,42039.18,,,0.0,,0.0,0.0,0.0,,25.09,8.98,33.0,6.6,8.98,31.0,0.0,1011.6,960.8,,23.2,0.151,30.3,10192X0095/P21B
371,5,2017-01-06,4.811397298,43.539904887,2.0,31.9,20.0,27.9,16.5,2017-01-06T03:16,2017-01-06T15:07,42678.13,42015.45,,,0.0,,0.0,0.0,0.0,,25.16,8.74,4.0,6.5,8.74,33.0,0.0,1012.9,961.8,,25.7,0.151,30.1,10192X0095/P21B
372,6,2017-01-07,4.811397298,43.539904887,0.0,31.2,18.6,28.8,15.4,2017-01-07T03:16,2017-01-07T15:07,42683.62,41992.71,,,0.0,,0.0,0.0,0.0,,25.01,8.19,0.0,6.8,8.19,34.0,0.0,1012.5,961.4,,21.4,0.151,30.0,10192X0095/P21B
373,7,2017-01-08,4.811397298,43.539904887,2.0,32.0,18.7,29.4,14.5,2017-01-08T03:16,2017-01-08T15:08,42689.38,41971.07,,,0.0,,0.0,0.0,0.0,,25.16,8.56,13.0,6.0,8.56,31.0,0.0,1010.7,959.7,,22.4,0.151,29.9,10192X0095/P21B
374,8,2017-01-09,4.811397298,43.539904887,0.0,31.9,19.1,28.5,15.3,2017-01-09T03:17,2017-01-09T15:08,42695.44,41950.61,,,0.0,,0.0,0.0,0.0,,25.3,8.94,0.0,6.3,8.94,31.0,0.0,1011.1,960.1,,24.2,0.151,29.8,10192X0095/P21B
375,9,2017-01-10,4.811397298,43.539904887,0.0,30.8,19.0,27.1,16.1,2017-01-10T03:17,2017-01-10T15:09,42701.87,41930.87,,,0.0,,0.0,0.0,0.0,,25.25,8.44,1.0,7.9,8.44,36.0,0.0,1012.6,961.4,,25.1,0.151,29.8,10192X0095/P21B
376,10,2017-01-11,4.811397298,43.539904887,3.0,31.1,19.4,28.1,16.2,2017-01-11T03:17,2017-01-11T15:09,42708.65,41911.62,,,0.0,,0.0,0.0,0.0,,25.02,8.02,37.0,9.1,8.02,38.0,0.0,1013.2,962.1,,23.0,0.151,29.7,10192X0095/P21B
377,11,2017-01-12,4.811397298,43.539904887,3.0,30.7,18.8,29.2,14.8,2017-01-12T03:18,2017-01-12T15:10,42715.78,41892.89,,,0.0,,0.0,0.0,0.0,,25.14,7.39,16.0,9.6,7.39,39.0,0.0,1013.4,962.1,,19.8,0.151,29.6,10192X0095/P21B
378,12,2017-01-13,4.811397298,43.539904887,3.0,32.0,19.7,28.1,16.3,2017-01-13T03:18,2017-01-13T15:10,42723.25,41874.7,,,0.0,,0.0,0.0,0.0,,25.64,8.21,41.0,5.5,8.21,31.0,0.0,1011.6,960.4,,19.6,0.151,29.6,10192X0095/P21B
379,13,2017-01-14,4.811397298,43.539904887,1.0,32.1,18.8,29.5,15.0,2017-01-14T03:18,2017-01-14T15:11,42731.05,41857.11,,,0.0,,0.0,0.0,0.0,,25.7,8.14,1.0,5.8,8.14,30.0,0.0,1010.8,959.8,,18.6,0.151,29.5,10192X0095/P21B
380,14,2017-01-15,4.811397298,43.539904887,0.0,32.4,17.8,29.2,15.2,2017-01-15T03:19,2017-01-15T15:11,42739.14,41840.13,,,0.0,,0.0,0.0,0.0,,25.71,8.85,0.0,5.7,8.85,32.0,0.0,1012.0,961.0,,23.5,0.151,29.5,10192X0095/P21B
381,15,2017-01-16,4.811397298,43.539904887,2.0,31.7,19.3,28.3,16.4,2017-01-16T03:19,2017-01-16T15:11,42747.54,41823.79,,,0.0,,0.0,0.0,0.0,,25.57,8.18,7.0,9.7,8.18,39.0,0.0,1013.1,962.0,,23.2,0.151,29.5,10192X0095/P21B
382,16,2017-01-17,4.811397298,43.539904887,0.0,31.4,20.0,29.0,18.4,2017-01-17T03:19,2017-01-17T15:12,42756.21,41808.14,,,0.0,,0.0,0.0,0.0,,25.37,7.54,0.0,11.4,7.54,44.0,0.0,1012.8,961.7,,21.3,0.151,29.6,10192X0095/P21B
383,17,2017-01-18,4.811397298,43.539904887,3.0,32.1,20.6,30.5,18.1,2017-01-18T03:19,2017-01-18T15:12,42765.15,41793.21,,,0.0,,0.0,0.0,0.0,,25.06,8.1,52.0,10.2,8.1,38.0,0.0,1013.0,962.0,,21.5,0.151,29.6,10192X0095/P21B
384,18,2017-01-19,4.811397298,43.539904887,1.0,31.8,20.1,28.8,17.2,2017-01-19T03:20,2017-01-19T15:13,42774.36,41779.02,,,0.0,,0.0,0.0,0.0,,25.34,8.49,6.0,7.3,8.49,33.0,0.0,1013.3,962.2,,22.4,0.151,29.6,10192X0095/P21B
385,19,2017-01-20,4.811397298,43.539904887,3.0,31.5,19.2,29.1,16.2,2017-01-20T03:20,2017-01-20T15:13,42783.8,41765.61,,,0.0,,0.0,0.0,0.0,,25.62,8.19,26.0,8.1,8.19,35.0,0.0,1012.6,961.5,,21.4,0.151,29.6,10192X0095/P21B
386,20,2017-01-21,4.811397298,43.539904887,0.0,31.3,18.8,29.1,15.7,2017-01-21T03:20,2017-01-21T15:13,42793.47,41753.02,,,0.0,,0.0,0.0,0.0,,25.65,8.18,0.0,8.9,8.18,37.0,0.0,1013.6,962.5,,22.2,0.151,29.6,10192X0095/P21B
387,21,2017-01-22,4.811397298,43.539904887,1.0,32.8,19.6,30.2,17.0,2017-01-22T03:20,2017-01-22T15:14,42803.36,41716.51,,,0.0,,0.0,0.0,0.0,,25.92,8.45,3.0,7.9,8.45,34.0,0.0,1013.7,962.6,,20.3,0.151,29.6,10192X0095/P21B
388,22,2017-01-23,4.811397298,43.539904887,3.0,32.7,19.4,30.4,16.5,2017-01-23T03:20,2017-01-23T15:14,42813.45,41472.33,,,0.0,,0.0,0.0,0.0,,25.75,8.07,52.0,8.9,8.07,36.0,0.0,1013.6,962.5,,19.2,0.151,29.7,10192X0095/P21B
389,23,2017-01-24,4.811397298,43.539904887,3.0,32.5,19.5,30.2,16.7,2017-01-24T03:21,2017-01-24T15:14,42823.74,41720.45,,,0.0,,0.0,0.0,0.0,,26.06,8.11,48.0,8.6,8.11,34.0,0.0,1012.7,961.7,,17.0,0.151,29.8,10192X0095/P21B
390,24,2017-01-25,4.811397298,43.539904887,1.0,32.2,18.9,30.5,16.9,2017-01-25T03:21,2017-01-25T15:15,42834.2,41228.85,,,0.0,,0.0,0.0,0.0,,25.79,7.96,6.0,11.0,7.96,41.0,0.0,1012.9,961.9,,20.7,0.151,29.9,10192X0095/P21B
391,25,2017-01-26,4.811397298,43.539904887,3.0,33.1,20.7,30.5,18.0,2017-01-26T03:21,2017-01-26T15:15,42844.83,41703.43,,,0.0,,0.0,0.0,0.0,,25.64,8.74,47.0,9.7,8.74,37.0,0.0,1014.1,963.2,,23.9,0.151,30.0,10192X0095/P21B
392,26,2017-01-27,4.811397298,43.539904887,3.0,34.5,23.7,32.9,22.3,2017-01-27T03:21,2017-01-27T15:15,42855.62,39600.0,,,0.0,,0.0,0.0,0.0,,22.91,8.38,70.0,13.4,8.38,40.0,0.0,1012.3,961.8,,21.8,0.151,30.3,10192X0095/P21B
393,27,2017-01-28,4.811397298,43.539904887,3.0,33.0,23.5,33.3,23.6,2017-01-28T03:21,2017-01-28T15:16,42866.55,41469.99,,,0.0,,0.0,0.0,0.0,,25.06,7.5,7.0,15.4,7.5,49.0,0.0,1011.7,961.0,,20.8,0.151,30.5,10192X0095/P21B
394,28,2017-01-29,4.811397298,43.539904887,3.0,33.0,21.5,33.4,19.9,2017-01-29T03:21,2017-01-29T15:16,42877.63,41468.03,,,0.0,,0.0,0.0,0.0,,25.26,7.34,8.0,14.8,7.34,48.0,0.0,1012.0,961.2,,17.9,0.151,30.6,10192X0095/P21B
395,29,2017-01-30,4.811397298,43.539904887,3.0,32.6,22.7,32.3,22.3,2017-01-30T03:21,2017-01-30T15:16,42888.98,41223.28,,,0.0,,0.0,0.0,0.0,,25.17,7.69,30.0,15.0,7.69,47.0,0.0,1011.4,960.8,,20.3,0.151,30.7,10192X0095/P21B
396,30,2017-01-31,4.811397298,43.539904887,3.0,32.3,21.2,31.8,19.5,2017-01-31T03:21,2017-01-31T15:16,42900.6,41462.39,,,0.0,,0.0,0.0,0.0,,25.61,7.77,32.0,13.4,7.77,45.0,0.0,1011.9,961.0,,20.1,0.151,30.7,10192X0095/P21B
397,31,2017-02-01,4.811397298,43.539904887,3.0,31.6,19.9,29.6,18.7,2017-02-01T03:21,2017-02-01T15:17,42912.48,41458.8,,,0.0,,0.0,0.0,0.0,,25.98,7.87,76.0,10.7,7.87,42.0,0.0,1012.4,961.3,,21.2,0.151,30.6,10192X0095/P21B
398,32,2017-02-02,4.811397298,43.539904887,3.0,32.7,20.3,31.9,18.2,2017-02-02T03:21,2017-02-02T15:17,42924.6,41454.7,,,0.0,,0.0,0.0,0.0,,25.8,7.92,53.0,11.9,7.92,40.0,0.0,1012.1,961.3,,18.4,0.151,30.6,10192X0095/P21B
399,33,2017-02-03,4.811397298,43.539904887,2.0,34.7,22.3,33.2,22.6,2017-02-03T03:21,2017-02-03T15:17,42936.94,41209.44,,,0.0,,0.0,0.0,0.0,,25.58,8.3,3.0,14.4,8.3,44.0,0.0,1011.4,961.0,,21.7,0.151,30.8,10192X0095/P21B
400,34,2017-02-04,4.811397298,43.539904887,3.0,32.9,23.7,30.7,22.5,2017-02-04T03:21,2017-02-04T15:17,42949.5,39844.16,,,0.0,,0.0,0.0,0.0,,20.61,7.86,27.0,16.1,7.86,50.0,0.0,1012.5,961.9,,28.4,0.151,30.8,10192X0095/P21B
401,35,2017-02-05,4.811397298,43.539904887,0.0,32.9,22.6,32.4,21.5,2017-02-05T03:21,2017-02-05T15:17,42962.26,41199.71,,,0.0,,0.0,0.0,0.0,,24.94,7.35,1.0,14.9,7.35,51.0,0.0,1013.9,962.8,,21.9,0.151,30.7,10192X0095/P21B
402,36,2017-02-06,4.811397298,43.539904887,1.0,31.8,20.7,31.2,18.9,2017-02-06T03:21,2017-02-06T15:18,42975.19,41433.83,,,0.0,,0.0,0.0,0.0,,25.9,7.58,5.0,13.7,7.58,47.0,0.0,1012.4,961.5,,21.8,0.151,30.7,10192X0095/P21B
403,37,2017-02-07,4.811397298,43.539904887,0.0,33.1,20.3,31.5,18.2,2017-02-07T03:21,2017-02-07T15:18,42988.3,41427.62,,,0.0,,0.0,0.0,0.0,,26.09,8.33,0.0,13.0,8.33,44.0,0.0,1011.4,960.6,,23.7,0.151,30.7,10192X0095/P21B
404,38,2017-02-08,4.811397298,43.539904887,0.0,32.8,21.4,30.4,18.8,2017-02-08T03:21,2017-02-08T15:18,43001.55,41421.01,,,0.0,,0.0,0.0,0.0,,26.37,9.06,0.0,11.3,9.06,39.0,0.0,1011.5,960.7,,27.0,0.15,30.7,10192X0095/P21B
405,39,2017-02-09,4.811397298,43.539904887,1.0,32.8,21.3,30.0,18.3,2017-02-09T03:21,2017-02-09T15:18,43014.95,41414.09,,,0.0,,0.0,0.0,0.0,,26.64,8.91,2.0,9.9,8.91,36.0,0.0,1012.0,961.2,,24.5,0.15,30.6,10192X0095/P21B
406,40,2017-02-10,4.811397298,43.539904887,3.0,33.7,21.5,31.7,19.7,2017-02-10T03:21,2017-02-10T15:18,43028.48,41644.95,,,0.0,,0.0,0.0,0.0,,26.5,8.59,12.0,12.5,8.59,41.0,0.0,1010.6,960.0,,22.5,0.151,30.6,10192X0095/P21B
407,41,2017-02-11,4.811397298,43.539904887,3.0,36.0,23.0,36.2,23.1,2017-02-11T03:21,2017-02-11T15:18,43042.12,40448.2,,,0.0,,0.0,0.0,0.0,,25.65,8.76,46.0,14.1,8.76,42.0,0.0,1009.5,959.3,,19.9,0.15,31.1,10192X0095/P21B
408,42,2017-02-12,4.811397298,43.539904887,1.0,36.1,23.3,35.9,23.4,2017-02-12T03:21,2017-02-12T15:18,43055.85,41391.44,,,0.0,,0.0,0.0,0.0,,25.41,8.6,5.0,13.4,8.6,40.0,0.0,1009.7,959.5,,17.7,0.15,31.5,10192X0095/P21B
409,43,2017-02-13,4.811397298,43.539904887,1.0,34.6,23.2,35.5,24.7,2017-02-13T03:21,2017-02-13T15:18,43069.67,41383.35,,,0.0,,0.0,0.0,0.0,,22.78,7.51,9.0,14.7,7.51,43.0,0.0,1010.7,960.3,,15.3,0.15,31.7,10192X0095/P21B
410,44,2017-02-14,4.811397298,43.539904887,3.0,34.7,23.2,35.0,24.1,2017-02-14T03:20,2017-02-14T15:19,43083.56,41374.99,,,0.0,,0.0,0.0,0.0,,24.6,8.34,66.0,14.6,8.34,43.0,0.0,1011.9,961.5,,18.5,0.15,31.8,10192X0095/P21B
411,45,2017-02-15,4.811397298,43.539904887,3.0,34.5,24.2,33.7,24.1,2017-02-15T03:20,2017-02-15T15:19,43097.52,39711.38,,,0.0,,0.0,0.0,0.0,,24.25,8.37,67.0,15.8,8.37,45.0,0.0,1011.8,961.4,,22.3,0.15,31.9,10192X0095/P21B
412,46,2017-02-16,4.811397298,43.539904887,3.0,34.2,23.2,33.1,23.2,2017-02-16T03:20,2017-02-16T15:19,43111.52,41593.76,,,0.0,,0.0,0.0,0.0,,25.82,8.64,48.0,13.8,8.64,43.0,0.0,1011.5,961.0,,21.3,0.15,31.9,10192X0095/P21B
413,47,2017-02-17,4.811397298,43.539904887,3.0,35.6,25.8,36.0,24.3,2017-02-17T03:20,2017-02-17T15:19,43125.55,39600.0,,,0.0,,0.0,0.0,0.0,,24.73,8.78,52.0,14.2,8.78,38.0,0.0,1010.3,960.2,,19.3,0.15,32.1,10192X0095/P21B
414,48,2017-02-18,4.811397298,43.539904887,2.0,35.1,24.8,33.9,25.0,2017-02-18T03:20,2017-02-18T15:19,43139.63,41103.94,,,0.0,,0.0,0.0,0.0,,26.06,8.72,21.0,13.2,8.72,39.0,0.0,1012.4,962.0,,17.5,0.15,32.3,10192X0095/P21B
415,49,2017-02-19,4.811397298,43.539904887,2.0,34.4,23.8,32.3,21.0,2017-02-19T03:20,2017-02-19T15:19,43153.86,41565.17,,,0.0,,0.0,0.0,0.0,,26.06,9.41,25.0,13.3,9.41,41.0,0.0,1012.9,962.4,,27.1,0.15,32.1,10192X0095/P21B
416,50,2017-02-20,4.811397298,43.539904887,2.0,33.6,22.4,29.0,17.3,2017-02-20T03:19,2017-02-20T15:19,43168.28,41789.84,,,0.0,,0.0,0.0,0.0,,27.39,11.47,12.0,5.0,11.47,25.0,0.0,1011.9,961.3,,31.9,0.15,31.9,10192X0095/P21B
417,51,2017-02-21,4.811397298,43.539904887,3.0,33.6,21.6,30.6,18.4,2017-02-21T03:19,2017-02-21T15:19,43182.86,41812.64,,,0.0,,0.0,0.0,0.0,,27.37,9.63,19.0,8.3,9.63,32.0,0.0,1011.1,960.4,,24.6,0.15,31.7,10192X0095/P21B
418,52,2017-02-22,4.811397298,43.539904887,3.0,34.1,22.5,33.7,21.5,2017-02-22T03:19,2017-02-22T15:19,43197.58,41767.62,,,0.0,,0.0,0.0,0.0,,25.62,7.79,39.0,14.3,7.79,43.0,0.0,1011.1,960.6,,18.8,0.15,31.8,10192X0095/P21B
419,53,2017-02-23,4.811397298,43.539904887,3.0,35.2,23.7,35.1,23.1,2017-02-23T03:19,2017-02-23T15:19,43212.44,41287.76,,,0.0,,0.0,0.0,0.0,,25.83,8.77,47.0,14.4,8.77,41.0,0.0,1010.5,960.2,,20.6,0.15,32.1,10192X0095/P21B
420,54,2017-02-24,4.811397298,43.539904887,0.0,35.3,23.5,34.7,22.2,2017-02-24T03:18,2017-02-24T15:19,43227.43,41042.51,,,0.0,,0.0,0.0,0.0,,26.13,9.01,3.0,14.1,9.01,41.0,0.0,1010.5,960.2,,22.5,0.149,32.2,10192X0095/P21B
421,55,2017-02-25,4.811397298,43.539904887,1.0,34.6,23.2,33.3,23.1,2017-02-25T03:18,2017-02-25T15:19,43242.53,41264.74,,,0.0,,0.0,0.0,0.0,,25.19,8.48,8.0,13.8,8.48,42.0,0.0,1011.1,960.7,,21.6,0.15,32.2,10192X0095/P21B
422,56,2017-02-26,4.811397298,43.539904887,0.0,34.9,23.1,33.8,23.7,2017-02-26T03:18,2017-02-26T15:19,43257.73,41895.47,,,0.0,,0.0,0.0,0.0,,26.99,8.86,0.0,12.0,8.86,37.0,0.0,1009.4,959.1,,18.1,0.15,32.3,10192X0095/P21B
423,57,2017-02-27,4.811397298,43.539904887,1.0,34.8,23.1,33.1,22.0,2017-02-27T03:17,2017-02-27T15:19,43273.02,41914.15,,,0.0,,0.0,0.0,0.0,,27.01,9.85,1.0,12.3,9.85,37.0,0.0,1008.7,958.4,,25.1,0.15,32.3,10192X0095/P21B
424,58,2017-02-28,4.811397298,43.539904887,3.0,35.0,22.8,31.6,20.6,2017-02-28T03:17,2017-02-28T15:19,43288.38,41933.39,,,0.0,,0.0,0.0,0.0,,27.56,10.28,17.0,9.4,10.28,33.0,0.0,1010.4,960.0,,26.2,0.15,32.2,10192X0095/P21B
425,59,2017-03-01,4.811397298,43.539904887,0.0,34.6,23.1,31.9,20.6,2017-03-01T03:17,2017-03-01T15:19,43303.8,41953.15,,,0.0,,0.0,0.0,0.0,,27.5,9.78,1.0,9.2,9.78,31.0,0.0,1011.2,960.7,,22.7,0.15,32.2,10192X0095/P21B
426,60,2017-03-02,4.811397298,43.539904887,3.0,35.6,23.2,32.7,21.4,2017-03-02T03:17,2017-03-02T15:18,43319.27,41973.37,,,0.0,,0.0,0.0,0.0,,27.56,10.26,35.0,8.1,10.26,29.0,0.0,1009.5,959.3,,22.5,0.15,32.2,10192X0095/P21B
427,61,2017-03-03,4.811397298,43.539904887,3.0,35.1,22.6,33.0,22.3,2017-03-03T03:16,2017-03-03T15:18,43334.78,41655.71,,,0.0,,0.0,0.0,0.0,,27.28,8.48,55.0,11.3,8.48,38.0,0.0,1008.9,958.5,,18.5,0.15,32.3,10192X0095/P21B
428,62,2017-03-04,4.811397298,43.539904887,3.0,35.3,22.7,33.5,22.6,2017-03-04T03:16,2017-03-04T15:18,43350.32,42014.95,,,0.0,,0.0,0.0,0.0,,27.55,8.53,16.0,11.4,8.53,37.0,0.0,1008.6,958.3,,17.3,0.15,32.3,10192X0095/P21B
429,63,2017-03-05,4.811397298,43.539904887,2.0,36.1,22.1,33.8,22.1,2017-03-05T03:15,2017-03-05T15:18,43365.87,42036.21,,,0.0,,0.0,0.0,0.0,,27.72,9.45,10.0,10.1,9.45,35.0,0.0,1008.2,957.9,,18.6,0.149,32.4,10192X0095/P21B
430,64,2017-03-06,4.811397298,43.539904887,2.0,35.7,22.2,33.0,21.9,2017-03-06T03:15,2017-03-06T15:18,43381.43,42057.71,,,0.0,,0.0,0.0,0.0,,27.89,9.93,9.0,9.2,9.93,32.0,0.0,1007.7,957.5,,21.6,0.149,32.4,10192X0095/P21B
431,65,2017-03-07,4.811397298,43.539904887,3.0,36.2,21.6,33.7,21.2,2017-03-07T03:15,2017-03-07T15:18,43396.98,42079.37,,,0.0,,0.0,0.0,0.0,,27.98,9.99,52.0,10.2,9.99,34.0,0.0,1007.5,957.3,,21.8,0.149,32.4,10192X0095/P21B
432,66,2017-03-08,4.811397298,43.539904887,3.0,36.5,22.7,31.6,21.3,2017-03-08T03:14,2017-03-08T15:18,43412.51,42101.17,,,0.0,,0.0,0.0,0.0,,28.2,11.39,59.0,7.3,11.39,29.0,0.0,1007.6,957.5,,27.0,0.149,32.4,10192X0095/P21B
433,67,2017-03-09,4.811397298,43.539904887,3.0,36.6,23.0,32.4,20.7,2017-03-09T03:14,2017-03-09T15:18,43428.0,42123.04,,,0.0,,0.0,0.0,0.0,,28.03,11.0,59.0,7.8,11.0,29.0,0.0,1008.2,958.0,,25.2,0.149,32.4,10192X0095/P21B
434,68,2017-03-10,4.811397298,43.539904887,3.0,35.7,22.6,32.3,22.1,2017-03-10T03:14,2017-03-10T15:18,43443.47,42144.93,,,0.0,,0.0,0.0,0.0,,27.81,9.99,26.0,9.4,9.99,34.0,0.0,1008.7,958.4,,23.8,0.149,32.4,10192X0095/P21B
435,69,2017-03-11,4.811397298,43.539904887,3.0,35.7,22.5,31.4,20.5,2017-03-11T03:13,2017-03-11T15:18,43459.03,42167.3,,,0.0,,0.0,0.0,0.0,,28.07,10.35,64.0,9.4,10.35,33.0,0.0,1009.5,959.2,,25.2,0.149,32.3,10192X0095/P21B
436,70,2017-03-12,4.811397298,43.539904887,2.0,34.1,22.3,31.5,20.8,2017-03-12T03:13,2017-03-12T15:17,43474.7,42190.37,,,0.0,,0.0,0.0,0.0,,27.77,9.04,8.0,11.1,9.04,38.0,0.0,1011.2,960.6,,23.2,0.149,32.2,10192X0095/P21B
437,71,2017-03-13,4.811397298,43.539904887,3.0,34.9,22.8,33.9,22.0,2017-03-13T03:12,2017-03-13T15:17,43490.46,42214.09,,,0.0,,0.0,0.0,0.0,,27.47,8.91,45.0,13.0,8.91,39.0,0.0,1010.1,959.7,,20.2,0.149,32.3,10192X0095/P21B
438,72,2017-03-14,4.811397298,43.539904887,3.0,35.5,23.0,33.5,21.7,2017-03-14T03:12,2017-03-14T15:17,43506.3,42238.38,,,0.0,,0.0,0.0,0.0,,27.96,9.55,52.0,9.8,9.55,33.0,0.0,1009.4,959.1,,20.4,0.149,32.4,10192X0095/P21B
439,73,2017-03-15,4.811397298,43.539904887,2.0,34.9,21.8,33.6,22.3,2017-03-15T03:12,2017-03-15T15:17,43522.21,42263.18,,,0.0,,0.0,0.0,0.0,,27.84,8.74,23.0,12.3,8.74,41.0,0.0,1009.3,958.8,,18.9,0.149,32.5,10192X0095/P21B
440,74,2017-03-16,4.811397298,43.539904887,3.0,35.6,21.9,34.6,22.0,2017-03-16T03:11,2017-03-16T15:17,43538.19,42288.42,,,0.0,,0.0,0.0,0.0,,27.89,9.18,36.0,12.0,9.18,40.0,0.0,1009.2,958.8,,19.6,0.149,32.6,10192X0095/P21B
441,75,2017-03-17,4.811397298,43.539904887,3.0,37.1,22.4,37.2,21.8,2017-03-17T03:11,2017-03-17T15:17,43554.21,42314.04,,,0.0,,0.0,0.0,0.0,,27.31,9.07,61.0,13.9,9.07,42.0,0.0,1009.7,959.5,,18.9,0.149,32.9,10192X0095/P21B
442,76,2017-03-18,4.811397298,43.539904887,3.0,36.7,23.4,36.4,24.2,2017-03-18T03:10,2017-03-18T15:17,43570.27,42339.98,,,0.0,,0.0,0.0,0.0,,27.42,9.09,76.0,12.4,9.09,36.0,0.0,1010.9,960.7,,15.5,0.149,33.2,10192X0095/P21B
443,77,2017-03-19,4.811397298,43.539904887,2.0,37.6,24.3,37.9,23.7,2017-03-19T03:10,2017-03-19T15:16,43586.37,42366.16,,,0.0,,0.0,0.0,0.0,,27.63,8.51,28.0,11.4,8.51,34.0,0.0,1011.0,960.8,,12.4,0.149,33.5,10192X0095/P21B
444,78,2017-03-20,4.811397298,43.539904887,1.0,36.5,23.3,39.0,24.6,2017-03-20T03:10,2017-03-20T15:16,43602.48,42392.53,,,0.0,,0.0,0.0,0.0,,26.5,7.37,20.0,14.3,7.37,41.0,0.0,1010.3,960.2,,10.2,0.149,33.8,10192X0095/P21B
445,79,2017-03-21,4.811397298,43.539904887,3.0,37.1,24.5,39.0,24.0,2017-03-21T03:09,2017-03-21T15:16,43618.6,42419.02,,,0.0,,0.0,0.0,0.0,,25.53,8.13,19.0,14.5,8.13,39.0,0.0,1009.7,959.7,,13.8,0.149,34.1,10192X0095/P21B
446,80,2017-03-22,4.811397298,43.539904887,2.0,37.0,24.6,37.2,26.0,2017-03-22T03:09,2017-03-22T15:16,43634.71,42445.57,,,0.0,,0.0,0.0,0.0,,24.42,8.23,15.0,15.0,8.23,41.0,0.0,1009.5,959.4,,14.7,0.149,34.3,10192X0095/P21B
447,81,2017-03-23,4.811397298,43.539904887,1.0,35.9,24.8,35.3,25.9,2017-03-23T03:08,2017-03-23T15:16,43650.81,42472.12,,,0.0,,0.0,0.0,0.0,,26.23,8.72,3.0,14.1,8.72,39.0,0.0,1010.1,959.9,,17.1,0.149,34.2,10192X0095/P21B
448,82,2017-03-24,4.811397298,43.539904887,3.0,36.7,24.6,36.9,25.5,2017-03-24T03:08,2017-03-24T15:15,43666.89,42498.58,,,0.0,,0.0,0.0,0.0,,25.66,8.82,32.0,16.0,8.82,45.0,0.0,1009.8,959.7,,20.1,0.149,34.3,10192X0095/P21B
449,83,2017-03-25,4.811397298,43.539904887,3.0,35.9,24.3,37.8,26.9,2017-03-25T03:07,2017-03-25T15:15,43682.93,42294.52,,,0.0,,0.0,0.0,0.0,,22.94,7.14,41.0,16.2,7.14,45.0,0.0,1010.3,960.2,,12.1,0.149,34.4,10192X0095/P21B
450,84,2017-03-26,4.811397298,43.539904887,3.0,35.7,24.7,39.2,25.9,2017-03-26T03:07,2017-03-26T15:15,43698.92,42551.04,,,0.0,,0.0,0.0,0.0,,24.69,6.88,44.0,16.6,6.88,45.0,0.0,1010.8,960.7,,11.1,0.149,34.8,10192X0095/P21B
451,85,2017-03-27,4.811397298,43.539904887,51.0,36.7,24.5,37.8,26.3,2017-03-27T03:06,2017-03-27T15:15,43714.86,42576.9,,,0.1,,0.0,0.1,1.0,,25.3,8.34,13.0,16.8,8.34,46.0,0.0,1011.1,961.0,,17.9,0.149,34.8,10192X0095/P21B
452,86,2017-03-28,4.811397298,43.539904887,53.0,36.7,24.9,37.1,26.1,2017-03-28T03:06,2017-03-28T15:15,43730.73,42602.43,,,0.7,,0.0,0.7,1.0,,24.64,8.59,35.0,15.9,8.59,44.0,0.0,1011.3,961.1,,18.2,0.149,34.8,10192X0095/P21B
453,87,2017-03-29,4.811397298,43.539904887,2.0,36.0,24.3,34.4,23.6,2017-03-29T03:06,2017-03-29T15:15,43746.51,42627.56,,,0.0,,0.0,0.0,0.0,,26.88,9.11,15.0,12.2,9.11,38.0,0.0,1011.5,961.2,,17.7,0.149,34.7,10192X0095/P21B
454,88,2017-03-30,4.811397298,43.539904887,1.0,36.1,23.9,33.8,22.2,2017-03-30T03:05,2017-03-30T15:15,43762.22,42652.24,,,0.0,,0.0,0.0,0.0,,28.22,10.34,3.0,9.9,10.34,31.0,0.0,1011.0,960.8,,22.8,0.149,34.4,10192X0095/P21B
455,89,2017-03-31,4.811397298,43.539904887,0.0,36.7,24.7,34.4,23.3,2017-03-31T03:05,2017-03-31T15:14,43777.97,42676.93,,,0.0,,0.0,0.0,0.0,,28.01,10.09,0.0,11.3,10.09,34.0,0.0,1011.8,961.6,,21.9,0.149,34.4,10192X0095/P21B
456,90,2017-04-01,4.811397298,43.539904887,1.0,36.9,24.2,35.2,23.4,2017-04-01T03:04,2017-04-01T15:14,43793.76,42701.85,,,0.0,,0.0,0.0,0.0,,26.37,9.59,8.0,13.1,9.59,38.0,0.0,1011.4,961.2,,21.1,0.149,34.4,10192X0095/P21B
457,91,2017-04-02,4.811397298,43.539904887,2.0,36.7,23.8,37.5,24.0,2017-04-02T03:04,2017-04-02T15:14,43809.58,42726.95,,,0.0,,0.0,0.0,0.0,,25.82,8.33,18.0,13.7,8.33,40.0,0.0,1011.0,960.8,,15.0,0.149,34.5,10192X0095/P21B
458,92,2017-04-03,4.811397298,43.539904887,3.0,35.4,23.7,37.3,24.0,2017-04-03T03:04,2017-04-03T15:14,43825.44,42752.16,,,0.0,,0.0,0.0,0.0,,23.39,6.55,32.0,15.6,6.55,43.0,0.0,1010.6,960.4,,10.9,0.149,34.7,10192X0095/P21B
459,93,2017-04-04,4.811397298,43.539904887,3.0,35.2,25.0,37.3,25.5,2017-04-04T03:03,2017-04-04T15:14,43841.31,42777.43,,,0.0,,0.0,0.0,0.0,,23.15,6.96,63.0,16.2,6.96,43.0,0.0,1011.2,961.0,,12.6,0.149,34.8,10192X0095/P21B
460,94,2017-04-05,4.811397298,43.539904887,63.0,33.6,25.3,37.3,26.6,2017-04-05T03:03,2017-04-05T15:14,43857.19,42802.72,,,5.7,,0.0,5.7,4.0,,21.64,5.98,46.0,19.2,5.98,56.0,0.0,1011.7,961.2,,13.2,0.15,34.7,10192X0095/P21B
461,95,2017-04-06,4.811397298,43.539904887,55.0,30.4,24.3,33.6,26.6,2017-04-06T03:02,2017-04-06T15:13,43873.06,42182.46,,,1.2,,0.0,1.2,2.0,,18.84,4.63,80.0,20.8,4.63,68.0,0.0,1010.9,960.2,,10.2,0.152,34.2,10192X0095/P21B
462,96,2017-04-07,4.811397298,43.539904887,3.0,33.8,24.0,33.8,26.8,2017-04-07T03:02,2017-04-07T15:13,43888.92,42853.09,,,0.0,,0.0,0.0,0.0,,24.27,6.69,52.0,18.0,6.69,56.0,0.0,1010.8,960.2,,13.9,0.153,33.5,10192X0095/P21B
463,97,2017-04-08,4.811397298,43.539904887,53.0,35.3,23.1,34.5,26.7,2017-04-08T03:01,2017-04-08T15:13,43904.75,42878.07,,,0.6,,0.0,0.6,2.0,,24.44,7.17,48.0,18.0,7.17,56.0,0.0,1011.3,960.8,,16.1,0.15,33.3,10192X0095/P21B
464,98,2017-04-09,4.811397298,43.539904887,3.0,36.5,22.9,34.2,25.7,2017-04-09T03:01,2017-04-09T15:13,43920.55,42902.84,,,0.0,,0.0,0.0,0.0,,27.67,8.84,55.0,14.7,8.84,46.0,0.0,1011.1,960.8,,18.3,0.149,33.5,10192X0095/P21B
465,99,2017-04-10,4.811397298,43.539904887,1.0,36.4,22.4,36.7,25.0,2017-04-10T03:01,2017-04-10T15:13,43936.28,42927.32,,,0.0,,0.0,0.0,0.0,,27.11,8.89,6.0,14.4,8.89,45.0,0.0,1010.1,959.9,,17.0,0.149,33.8,10192X0095/P21B
466,100,2017-04-11,4.811397298,43.539904887,0.0,36.7,23.2,35.8,25.8,2017-04-11T03:00,2017-04-11T15:13,43951.96,42951.5,,,0.0,,0.0,0.0,0.0,,27.18,8.81,3.0,14.3,8.81,44.0,0.0,1009.7,959.5,,16.2,0.149,34.0,10192X0095/P21B
467,101,2017-04-12,4.811397298,43.539904887,2.0,37.9,23.3,36.1,25.5,2017-04-12T03:00,2017-04-12T15:13,43967.57,42975.28,,,0.0,,0.0,0.0,0.0,,25.11,8.72,15.0,13.9,8.72,42.0,0.0,1009.9,959.7,,16.2,0.149,34.1,10192X0095/P21B
468,102,2017-04-13,4.811397298,43.539904887,3.0,36.7,23.7,36.6,25.4,2017-04-13T02:59,2017-04-13T15:12,43983.1,42998.64,,,0.0,,0.0,0.0,0.0,,24.79,8.14,48.0,13.4,8.14,40.0,0.0,1010.9,960.8,,14.0,0.149,34.2,10192X0095/P21B
469,103,2017-04-14,4.811397298,43.539904887,3.0,37.4,23.9,37.9,24.9,2017-04-14T02:59,2017-04-14T15:12,43998.53,43021.5,,,0.0,,0.0,0.0,0.0,,26.17,8.31,42.0,13.6,8.31,37.0,0.0,1009.9,959.9,,13.3,0.149,34.5,10192X0095/P21B
470,104,2017-04-15,4.811397298,43.539904887,3.0,36.0,25.2,37.7,25.7,2017-04-15T02:59,2017-04-15T15:12,44013.85,43043.81,,,0.0,,0.0,0.0,0.0,,23.7,7.12,33.0,15.7,7.12,41.0,0.0,1008.9,959.0,,12.5,0.149,34.7,10192X0095/P21B
471,105,2017-04-16,4.811397298,43.539904887,53.0,35.8,25.7,38.7,27.5,2017-04-16T02:58,2017-04-16T15:12,44029.05,43065.52,,,0.8,,0.0,0.8,3.0,,23.73,6.62,61.0,19.3,6.62,54.0,0.0,1009.4,959.2,,13.6,0.149,34.7,10192X0095/P21B
472,106,2017-04-17,4.811397298,43.539904887,63.0,33.8,25.3,37.0,27.6,2017-04-17T02:58,2017-04-17T15:12,44044.12,42319.97,,,4.1,,0.0,4.1,4.0,,20.6,5.35,79.0,20.7,5.35,64.0,0.0,1010.3,959.8,,12.3,0.15,34.3,10192X0095/P21B
473,107,2017-04-18,4.811397298,43.539904887,51.0,32.0,25.0,36.9,26.6,2017-04-18T02:58,2017-04-18T15:12,44059.04,43106.89,,,0.6,,0.0,0.6,4.0,,21.41,5.09,45.0,19.9,5.09,61.0,0.0,1011.1,960.5,,7.5,0.151,33.8,10192X0095/P21B
474,108,2017-04-19,4.811397298,43.539904887,3.0,33.8,23.4,36.5,25.7,2017-04-19T02:57,2017-04-19T15:12,44073.82,43126.45,,,0.0,,0.0,0.0,0.0,,23.22,6.54,48.0,16.3,6.54,48.0,0.0,1011.1,960.7,,10.7,0.149,34.0,10192X0095/P21B
475,109,2017-04-20,4.811397298,43.539904887,3.0,36.5,24.4,37.9,24.7,2017-04-20T02:57,2017-04-20T15:12,44088.57,40305.52,,,0.0,,0.0,0.0,0.0,,24.56,7.25,45.0,14.7,7.25,41.0,0.0,1010.0,959.9,,11.2,0.149,34.4,10192X0095/P21B
476,110,2017-04-21,4.811397298,43.539904887,3.0,36.3,24.6,37.3,26.2,2017-04-21T02:57,2017-04-21T15:12,44103.3,43164.38,,,0.0,,0.0,0.0,0.0,,23.33,7.42,46.0,14.4,7.42,39.0,0.0,1010.3,960.2,,12.1,0.149,34.5,10192X0095/P21B
477,111,2017-04-22,4.811397298,43.539904887,51.0,34.9,24.9,38.7,26.1,2017-04-22T02:56,2017-04-22T15:12,44117.99,43182.87,,,0.1,,0.0,0.1,1.0,,23.67,6.41,35.0,16.3,6.41,44.0,0.0,1010.8,960.7,,9.4,0.149,34.8,10192X0095/P21B
478,112,2017-04-23,4.811397298,43.539904887,3.0,34.3,25.9,36.3,27.6,2017-04-23T02:56,2017-04-23T15:12,44132.64,43200.0,,,0.0,,0.0,0.0,0.0,,21.58,6.48,64.0,17.6,6.48,48.0,0.0,1011.2,960.9,,12.5,0.149,34.8,10192X0095/P21B
479,113,2017-04-24,4.811397298,43.539904887,3.0,35.7,26.1,38.5,27.4,2017-04-24T02:56,2017-04-24T15:11,44147.22,42021.11,,,0.0,,0.0,0.0,0.0,,22.9,7.66,67.0,17.7,7.66,48.0,0.0,1010.8,960.7,,17.2,0.149,34.8,10192X0095/P21B
480,114,2017-04-25,4.811397298,43.539904887,51.0,35.7,25.6,37.6,26.0,2017-04-25T02:55,2017-04-25T15:11,44161.74,40545.1,,,0.7,,0.0,0.7,3.0,,22.9,6.97,61.0,18.2,6.97,53.0,0.0,1011.7,961.2,,16.7,0.149,34.8,10192X0095/P21B
481,115,2017-04-26,4.811397298,43.539904887,3.0,34.9,24.9,36.5,25.5,2017-04-26T02:55,2017-04-26T15:11,44176.18,43200.0,,,0.0,,0.0,0.0,0.0,,24.69,7.66,62.0,17.1,7.66,47.0,0.0,1011.6,961.3,,17.3,0.149,34.6,10192X0095/P21B
482,116,2017-04-27,4.811397298,43.539904887,53.0,35.3,25.0,36.4,25.8,2017-04-27T02:55,2017-04-27T15:11,44190.53,43200.0,,,0.8,,0.0,0.8,3.0,,23.71,7.65,32.0,18.3,7.65,53.0,0.0,1011.4,961.0,,21.4,0.149,34.5,10192X0095/P21B
483,117,2017-04-28,4.811397298,43.539904887,51.0,32.4,23.7,31.7,24.9,2017-04-28T02:55,2017-04-28T15:11,44204.77,41724.36,,,0.4,,0.0,0.4,3.0,,18.48,6.09,76.0,17.7,6.09,54.0,0.0,1012.3,961.7,,18.6,0.15,34.1,10192X0095/P21B
484,118,2017-04-29,4.811397298,43.539904887,61.0,28.9,24.1,29.8,26.6,2017-04-29T02:54,2017-04-29T15:11,44218.89,20510.79,,,3.8,,0.0,3.8,10.0,,11.44,3.24,87.0,20.7,3.24,74.0,0.0,1013.2,962.1,,14.6,0.151,33.5,10192X0095/P21B
485,119,2017-04-30,4.811397298,43.539904887,61.0,28.8,23.1,29.8,25.2,2017-04-30T02:54,2017-04-30T15:11,44232.87,40638.17,,,6.0,,0.0,6.0,13.0,,17.15,3.98,66.0,21.1,3.98,77.0,0.0,1013.4,962.3,,16.7,0.153,33.0,10192X0095/P21B
486,120,2017-05-01,4.811397298,43.539904887,61.0,28.4,22.9,30.9,25.8,2017-05-01T02:54,2017-05-01T15:11,44246.73,36046.52,,,5.6,,0.0,5.6,7.0,,15.59,3.46,49.0,21.5,3.46,80.0,0.0,1013.3,962.2,,13.5,0.154,32.5,10192X0095/P21B
487,121,2017-05-02,4.811397298,43.539904887,55.0,28.5,23.0,31.1,26.0,2017-05-02T02:54,2017-05-02T15:11,44260.42,40346.6,,,2.2,,0.0,2.2,5.0,,18.19,3.71,63.0,21.7,3.71,80.0,0.0,1013.2,962.0,,10.4,0.156,32.0,10192X0095/P21B
488,122,2017-05-03,4.811397298,43.539904887,63.0,26.9,23.1,30.6,26.8,2017-05-03T02:53,2017-05-03T15:11,44273.93,42886.73,,,5.4,,0.0,5.4,6.0,,16.4,3.2,73.0,21.8,3.2,84.0,0.0,1013.0,961.7,,7.9,0.163,31.5,10192X0095/P21B
489,123,2017-05-04,4.811397298,43.539904887,51.0,29.0,22.6,34.9,26.5,2017-05-04T02:53,2017-05-04T15:11,44287.27,39876.32,,,0.8,,0.0,0.8,7.0,,20.87,4.22,70.0,21.9,4.22,83.0,0.0,1012.6,961.4,,4.6,0.167,31.3,10192X0095/P21B
490,124,2017-05-05,4.811397298,43.539904887,51.0,30.6,22.7,34.7,25.6,2017-05-05T02:53,2017-05-05T15:11,44300.41,43200.0,,,0.4,,0.0,0.4,4.0,,23.18,4.95,45.0,20.2,4.95,71.0,0.0,1012.6,961.6,,7.1,0.164,31.0,10192X0095/P21B
491,125,2017-05-06,4.811397298,43.539904887,51.0,30.1,22.6,34.6,26.1,2017-05-06T02:53,2017-05-06T15:11,44313.33,43200.0,,,0.6,,0.0,0.6,3.0,,22.4,4.79,36.0,21.5,4.79,76.0,0.0,1012.9,961.9,,8.7,0.161,30.9,10192X0095/P21B
492,126,2017-05-07,4.811397298,43.539904887,61.0,29.5,23.0,34.2,26.5,2017-05-07T02:53,2017-05-07T15:11,44326.03,43200.0,,,2.5,,0.0,2.5,3.0,,21.21,4.46,29.0,21.5,4.46,77.0,0.0,1012.8,961.8,,8.5,0.158,30.8,10192X0095/P21B
493,127,2017-05-08,4.811397298,43.539904887,51.0,29.0,22.9,33.4,26.5,2017-05-08T02:52,2017-05-08T15:11,44338.49,42530.89,,,1.0,,0.0,1.0,5.0,,20.83,4.36,40.0,21.5,4.36,77.0,0.0,1013.2,962.1,,8.8,0.157,30.7,10192X0095/P21B
494,128,2017-05-09,4.811397298,43.539904887,63.0,30.0,23.5,36.6,27.5,2017-05-09T02:52,2017-05-09T15:11,44350.71,43200.0,,,2.8,,0.0,2.8,1.0,,21.61,4.48,52.0,21.7,4.48,78.0,0.0,1012.8,961.7,,6.2,0.157,30.7,10192X0095/P21B
495,129,2017-05-10,4.811397298,43.539904887,51.0,30.0,23.0,33.9,25.5,2017-05-10T02:52,2017-05-10T15:11,44362.79,43200.0,,,0.4,,0.0,0.4,3.0,,21.07,4.71,25.0,21.4,4.71,76.0,0.0,1012.1,961.1,,13.8,0.156,30.6,10192X0095/P21B
496,130,2017-05-11,4.811397298,43.539904887,51.0,31.2,22.0,32.9,24.6,2017-05-11T02:52,2017-05-11T15:12,44374.74,43200.0,,,0.2,,0.0,0.2,2.0,,21.64,5.41,18.0,20.2,5.41,70.0,0.0,1011.8,960.9,,17.0,0.153,30.6,10192X0095/P21B
497,131,2017-05-12,4.811397298,43.539904887,3.0,32.0,22.4,32.9,24.4,2017-05-12T02:52,2017-05-12T15:12,44386.54,43200.0,,,0.0,,0.0,0.0,0.0,,21.94,6.19,34.0,19.8,6.19,65.0,0.0,1011.7,961.0,,21.0,0.152,30.7,10192X0095/P21B
498,132,2017-05-13,4.811397298,43.539904887,3.0,33.1,23.4,33.1,24.6,2017-05-13T02:52,2017-05-13T15:12,44398.19,43200.0,,,0.0,,0.0,0.0,0.0,,23.33,7.04,61.0,19.2,7.04,61.0,0.0,1012.1,961.5,,25.1,0.152,31.0,10192X0095/P21B
499,133,2017-05-14,4.811397298,43.539904887,3.0,32.6,22.9,30.9,24.1,2017-05-14T02:52,2017-05-14T15:12,44409.67,43200.0,,,0.0,,0.0,0.0,0.0,,20.02,6.78,37.0,17.0,6.78,55.0,0.0,1012.4,961.7,,22.7,0.152,31.2,10192X0095/P21B
500,134,2017-05-15,4.811397298,43.539904887,3.0,34.3,23.1,33.0,24.3,2017-05-15T02:52,2017-05-15T15:12,44420.98,43200.0,,,0.0,,0.0,0.0,0.0,,24.66,7.86,32.0,17.8,7.86,55.0,0.0,1012.3,961.7,,24.0,0.152,31.4,10192X0095/P21B
501,135,2017-05-16,4.811397298,43.539904887,51.0,34.3,23.5,33.1,24.7,2017-05-16T02:52,2017-05-16T15:12,44432.09,43200.0,,,0.3,,0.0,0.3,1.0,,23.72,7.75,31.0,18.7,7.75,56.0,0.0,1011.8,961.3,,25.4,0.152,31.7,10192X0095/P21B
502,136,2017-05-17,4.811397298,43.539904887,51.0,32.2,24.1,31.6,25.3,2017-05-17T02:52,2017-05-17T15:12,44443.01,42296.28,,,0.1,,0.0,0.1,1.0,,18.69,6.58,69.0,19.0,6.58,58.0,0.0,1011.5,960.9,,24.8,0.152,31.7,10192X0095/P21B
503,137,2017-05-18,4.811397298,43.539904887,3.0,33.5,24.2,33.1,24.8,2017-05-18T02:51,2017-05-18T15:12,44453.71,41852.05,,,0.0,,0.0,0.0,0.0,,21.89,7.29,46.0,19.2,7.29,59.0,0.0,1012.3,961.6,,27.7,0.152,31.8,10192X0095/P21B
504,138,2017-05-19,4.811397298,43.539904887,3.0,33.0,23.5,32.9,24.0,2017-05-19T02:51,2017-05-19T15:12,44464.18,43200.0,,,0.0,,0.0,0.0,0.0,,21.0,7.2,64.0,18.7,7.2,57.0,0.0,1014.2,963.4,,26.9,0.152,31.7,10192X0095/P21B
505,139,2017-05-20,4.811397298,43.539904887,51.0,32.7,24.0,32.0,24.0,2017-05-20T02:51,2017-05-20T15:13,44474.42,41642.41,,,0.2,,0.0,0.2,1.0,,20.84,7.49,49.0,18.4,7.49,56.0,0.0,1013.9,963.2,,28.8,0.152,31.8,10192X0095/P21B
506,140,2017-05-21,4.811397298,43.539904887,3.0,34.6,23.7,31.7,23.0,2017-05-21T02:51,2017-05-21T15:13,44484.41,43200.0,,,0.0,,0.0,0.0,0.0,,23.64,8.57,18.0,16.9,8.57,52.0,0.0,1012.1,961.5,,31.3,0.152,31.9,10192X0095/P21B
507,141,2017-05-22,4.811397298,43.539904887,1.0,33.6,23.7,31.6,24.0,2017-05-22T02:51,2017-05-22T15:13,44494.14,43200.0,,,0.0,,0.0,0.0,0.0,,23.71,8.15,8.0,17.2,8.15,53.0,0.0,1011.9,961.3,,28.1,0.152,31.9,10192X0095/P21B
508,142,2017-05-23,4.811397298,43.539904887,3.0,33.5,23.8,30.5,23.1,2017-05-23T02:51,2017-05-23T15:13,44503.59,43200.0,,,0.0,,0.0,0.0,0.0,,24.48,8.84,16.0,15.1,8.84,48.0,0.0,1012.7,962.0,,29.8,0.152,32.0,10192X0095/P21B
509,143,2017-05-24,4.811397298,43.539904887,3.0,32.9,23.1,30.9,23.2,2017-05-24T02:51,2017-05-24T15:13,44512.75,42927.59,,,0.0,,0.0,0.0,0.0,,18.85,7.31,34.0,17.0,7.31,53.0,0.0,1012.5,961.8,,27.4,0.152,31.9,10192X0095/P21B
510,144,2017-05-25,4.811397298,43.539904887,3.0,32.3,23.5,30.0,21.6,2017-05-25T02:51,2017-05-25T15:13,44521.62,30959.61,,,0.0,,0.0,0.0,0.0,,17.77,7.41,34.0,16.8,7.41,51.0,0.0,1011.1,960.5,,28.6,0.152,31.8,10192X0095/P21B
511,145,2017-05-26,4.811397298,43.539904887,1.0,34.6,23.9,32.7,23.5,2017-05-26T02:51,2017-05-26T15:14,44530.17,43200.0,,,0.0,,0.0,0.0,0.0,,23.88,8.68,6.0,15.8,8.68,47.0,0.0,1010.5,960.1,,26.4,0.152,31.9,10192X0095/P21B
512,146,2017-05-27,4.811397298,43.539904887,2.0,34.8,23.6,33.5,24.0,2017-05-27T02:51,2017-05-27T15:14,44538.4,43200.0,,,0.0,,0.0,0.0,0.0,,23.93,8.44,17.0,17.4,8.44,50.0,0.0,1010.7,960.4,,26.0,0.152,32.1,10192X0095/P21B
513,147,2017-05-28,4.811397298,43.539904887,51.0,32.9,24.4,32.0,24.3,2017-05-28T02:51,2017-05-28T15:14,44546.29,43200.0,,,0.1,,0.0,0.1,1.0,,20.31,7.32,61.0,19.0,7.32,57.0,0.0,1012.1,961.5,,28.6,0.152,32.2,10192X0095/P21B
514,148,2017-05-29,4.811397298,43.539904887,51.0,33.3,24.2,32.2,24.2,2017-05-29T02:52,2017-05-29T15:14,44553.84,38165.56,,,0.3,,0.0,0.3,1.0,,19.16,6.66,75.0,18.8,6.66,59.0,0.0,1013.5,962.7,,25.9,0.152,32.1,10192X0095/P21B
515,149,2017-05-30,4.811397298,43.539904887,51.0,29.7,23.4,28.3,23.8,2017-05-30T02:52,2017-05-30T15:14,44561.11,33065.01,,,0.1,,0.0,0.1,1.0,,16.16,5.28,51.0,18.1,5.28,63.0,0.0,1015.2,964.0,,22.6,0.153,31.6,10192X0095/P21B
516,150,2017-05-31,4.811397298,43.539904887,3.0,32.7,22.5,30.2,22.4,2017-05-31T02:52,2017-05-31T15:14,44568.12,34637.67,,,0.0,,0.0,0.0,0.0,,19.93,7.3,40.0,16.1,7.3,51.0,0.0,1014.2,963.4,,25.1,0.152,31.4,10192X0095/P21B
517,151,2017-06-01,4.811397298,43.539904887,2.0,34.1,23.1,31.1,22.1,2017-06-01T02:52,2017-06-01T15:15,44574.85,43016.52,,,0.0,,0.0,0.0,0.0,,23.12,8.58,35.0,16.6,8.58,50.0,0.0,1012.9,962.3,,29.3,0.152,31.6,10192X0095/P21B
518,152,2017-06-02,4.811397298,43.539904887,3.0,33.9,23.4,30.7,22.1,2017-06-02T02:52,2017-06-02T15:15,44581.3,43200.0,,,0.0,,0.0,0.0,0.0,,21.53,8.45,54.0,16.7,8.45,51.0,0.0,1012.7,962.1,,31.2,0.151,31.7,10192X0095/P21B
519,153,2017-06-03,4.811397298,43.539904887,3.0,33.4,23.2,30.2,21.6,2017-06-03T02:52,2017-06-03T15:15,44587.47,38018.34,,,0.0,,0.0,0.0,0.0,,20.67,7.7,77.0,17.2,7.7,53.0,0.0,1013.3,962.6,,29.9,0.151,31.7,10192X0095/P21B
520,154,2017-06-04,4.811397298,43.539904887,3.0,31.5,23.5,28.9,22.7,2017-06-04T02:52,2017-06-04T15:15,44593.34,27669.45,,,0.0,,0.0,0.0,0.0,,16.17,6.72,72.0,17.6,6.72,56.0,0.0,1013.1,962.3,,29.7,0.151,31.5,10192X0095/P21B
521,155,2017-06-05,4.811397298,43.539904887,3.0,33.1,23.3,30.9,22.7,2017-06-05T02:52,2017-06-05T15:16,44598.9,28800.0,,,0.0,,0.0,0.0,0.0,,18.5,7.66,62.0,16.2,7.66,50.0,0.0,1012.4,961.7,,28.2,0.151,31.5,10192X0095/P21B
522,156,2017-06-06,4.811397298,43.539904887,3.0,32.4,22.8,30.0,22.3,2017-06-06T02:52,2017-06-06T15:16,44604.17,28668.09,,,0.0,,0.0,0.0,0.0,,16.97,7.1,61.0,16.7,7.1,53.0,0.0,1012.6,961.8,,29.1,0.151,31.3,10192X0095/P21B
523,157,2017-06-07,4.811397298,43.539904887,3.0,31.5,22.8,28.6,21.6,2017-06-07T02:53,2017-06-07T15:16,44609.12,24015.53,,,0.0,,0.0,0.0,0.0,,14.63,6.64,55.0,16.7,6.64,54.0,0.0,1012.5,961.7,,29.2,0.151,31.2,10192X0095/P21B
524,158,2017-06-08,4.811397298,43.539904887,3.0,33.9,22.5,32.1,21.1,2017-06-08T02:53,2017-06-08T15:16,44613.74,29340.42,,,0.0,,0.0,0.0,0.0,,19.16,7.53,21.0,15.4,7.53,50.0,0.0,1011.9,961.1,,27.4,0.152,31.1,10192X0095/P21B
525,159,2017-06-09,4.811397298,43.539904887,3.0,34.9,22.4,33.0,20.8,2017-06-09T02:53,2017-06-09T15:17,44618.05,32044.29,,,0.0,,0.0,0.0,0.0,,20.33,8.03,38.0,15.5,8.03,48.0,0.0,1012.3,961.7,,27.6,0.151,31.1,10192X0095/P21B
526,160,2017-06-10,4.811397298,43.539904887,3.0,33.3,22.3,29.1,19.8,2017-06-10T02:53,2017-06-10T15:17,44622.02,42613.23,,,0.0,,0.0,0.0,0.0,,22.69,8.89,60.0,14.0,8.89,45.0,0.0,1013.1,962.3,,31.0,0.151,31.1,10192X0095/P21B
527,161,2017-06-11,4.811397298,43.539904887,3.0,33.3,22.9,29.7,20.9,2017-06-11T02:53,2017-06-11T15:17,44625.65,38108.04,,,0.0,,0.0,0.0,0.0,,21.36,8.42,78.0,15.0,8.42,47.0,0.0,1012.1,961.4,,29.6,0.151,31.2,10192X0095/P21B
528,162,2017-06-12,4.811397298,43.539904887,3.0,33.6,22.9,31.6,22.4,2017-06-12T02:53,2017-06-12T15:17,44628.94,37584.32,,,0.0,,0.0,0.0,0.0,,19.57,7.5,69.0,16.7,7.5,51.0,0.0,1011.7,961.1,,26.2,0.151,31.2,10192X0095/P21B
529,163,2017-06-13,4.811397298,43.539904887,51.0,31.8,23.6,29.6,23.5,2017-06-13T02:54,2017-06-13T15:17,44631.87,36994.3,,,0.1,,0.0,0.1,1.0,,16.48,6.43,81.0,18.3,6.43,58.0,0.0,1011.7,961.0,,27.6,0.151,31.1,10192X0095/P21B
530,164,2017-06-14,4.811397298,43.539904887,51.0,29.7,23.4,28.7,23.9,2017-06-14T02:54,2017-06-14T15:18,44634.46,27832.15,,,0.4,,0.0,0.4,2.0,,11.59,4.97,71.0,18.8,4.97,63.0,0.0,1012.5,961.6,,25.6,0.151,30.9,10192X0095/P21B
531,165,2017-06-15,4.811397298,43.539904887,53.0,29.3,22.8,28.6,23.6,2017-06-15T02:54,2017-06-15T15:18,44636.68,21854.43,,,1.2,,0.0,1.2,5.0,,11.22,4.06,88.0,19.5,4.06,70.0,0.0,1013.4,962.3,,22.6,0.153,30.6,10192X0095/P21B
532,166,2017-06-16,4.811397298,43.539904887,3.0,29.9,22.5,28.5,23.5,2017-06-16T02:54,2017-06-16T15:18,44638.54,20817.33,,,0.0,,0.0,0.0,0.0,,12.73,4.9,92.0,19.0,4.9,65.0,0.0,1013.0,962.0,,25.4,0.152,30.4,10192X0095/P21B
533,167,2017-06-17,4.811397298,43.539904887,51.0,29.6,22.5,27.6,23.1,2017-06-17T02:54,2017-06-17T15:18,44640.02,27253.52,,,0.2,,0.0,0.2,2.0,,14.36,5.17,85.0,18.6,5.17,65.0,0.0,1012.6,961.6,,27.4,0.152,30.2,10192X0095/P21B
534,168,2017-06-18,4.811397298,43.539904887,3.0,29.5,21.6,26.8,20.6,2017-06-18T02:55,2017-06-18T15:19,44641.13,28540.49,,,0.0,,0.0,0.0,0.0,,16.48,6.19,58.0,16.3,6.19,56.0,0.0,1012.7,961.6,,27.3,0.151,30.1,10192X0095/P21B
535,169,2017-06-19,4.811397298,43.539904887,3.0,30.3,21.3,27.7,20.5,2017-06-19T02:55,2017-06-19T15:19,44641.87,33191.16,,,0.0,,0.0,0.0,0.0,,17.62,6.27,64.0,16.7,6.27,58.0,0.0,1013.8,962.7,,26.8,0.151,30.2,10192X0095/P21B
536,170,2017-06-20,4.811397298,43.539904887,3.0,30.7,22.8,28.1,22.4,2017-06-20T02:55,2017-06-20T15:19,44642.24,25202.94,,,0.0,,0.0,0.0,0.0,,15.74,6.65,87.0,16.5,6.65,55.0,0.0,1013.4,962.4,,28.6,0.151,30.2,10192X0095/P21B
537,171,2017-06-21,4.811397298,43.539904887,3.0,32.9,22.2,29.9,21.7,2017-06-21T02:55,2017-06-21T15:19,44642.25,32111.81,,,0.0,,0.0,0.0,0.0,,20.52,7.42,62.0,16.4,7.42,55.0,0.0,1012.5,961.6,,29.5,0.151,30.2,10192X0095/P21B
538,172,2017-06-22,4.811397298,43.539904887,3.0,33.0,21.8,30.6,21.3,2017-06-22T02:55,2017-06-22T15:19,44641.9,37134.88,,,0.0,,0.0,0.0,0.0,,21.25,7.54,66.0,15.9,7.54,52.0,0.0,1013.1,962.2,,26.4,0.151,30.4,10192X0095/P21B
539,173,2017-06-23,4.811397298,43.539904887,3.0,31.7,22.2,29.5,21.7,2017-06-23T02:56,2017-06-23T15:20,44641.21,30194.04,,,0.0,,0.0,0.0,0.0,,17.14,6.64,32.0,16.8,6.64,56.0,0.0,1013.9,962.9,,27.3,0.151,30.4,10192X0095/P21B
540,174,2017-06-24,4.811397298,43.539904887,3.0,32.3,22.1,29.8,21.7,2017-06-24T02:56,2017-06-24T15:20,44640.15,39972.39,,,0.0,,0.0,0.0,0.0,,20.85,7.15,63.0,16.6,7.15,55.0,0.0,1013.4,962.5,,26.7,0.151,30.5,10192X0095/P21B
541,175,2017-06-25,4.811397298,43.539904887,3.0,32.1,21.4,28.9,21.0,2017-06-25T02:56,2017-06-25T15:20,44638.75,42328.44,,,0.0,,0.0,0.0,0.0,,22.59,8.04,42.0,15.1,8.04,51.0,0.0,1012.3,961.5,,29.3,0.151,30.4,10192X0095/P21B
542,176,2017-06-26,4.811397298,43.539904887,3.0,32.5,21.8,28.7,19.8,2017-06-26T02:56,2017-06-26T15:20,44637.0,31282.94,,,0.0,,0.0,0.0,0.0,,18.73,7.61,69.0,16.1,7.61,52.0,0.0,1012.7,961.9,,31.8,0.151,30.4,10192X0095/P21B
543,177,2017-06-27,4.811397298,43.539904887,51.0,29.7,23.5,27.0,22.4,2017-06-27T02:57,2017-06-27T15:20,44634.9,22432.34,,,0.1,,0.0,0.1,1.0,,12.67,5.98,69.0,17.1,5.98,57.0,0.0,1013.6,962.6,,29.8,0.151,30.4,10192X0095/P21B
544,178,2017-06-28,4.811397298,43.539904887,3.0,31.0,23.3,27.7,22.1,2017-06-28T02:57,2017-06-28T15:21,44632.48,20832.11,,,0.0,,0.0,0.0,0.0,,16.23,6.97,76.0,15.8,6.97,52.0,0.0,1013.8,962.8,,28.9,0.151,30.4,10192X0095/P21B
545,179,2017-06-29,4.811397298,43.539904887,3.0,32.4,22.3,28.5,20.0,2017-06-29T02:57,2017-06-29T15:21,44629.72,36192.55,,,0.0,,0.0,0.0,0.0,,19.96,8.09,47.0,15.2,8.09,50.0,0.0,1013.6,962.7,,31.6,0.151,30.4,10192X0095/P21B
546,180,2017-06-30,4.811397298,43.539904887,3.0,30.4,22.5,25.6,20.7,2017-06-30T02:57,2017-06-30T15:21,44626.62,31618.87,,,0.0,,0.0,0.0,0.0,,16.13,7.51,63.0,15.5,7.51,52.0,0.0,1013.0,962.1,,35.8,0.151,30.4,10192X0095/P21B
547,181,2017-07-01,4.811397298,43.539904887,3.0,32.8,22.1,29.5,19.6,2017-07-01T02:57,2017-07-01T15:21,44623.21,32315.31,,,0.0,,0.0,0.0,0.0,,19.83,8.22,42.0,14.1,8.22,47.0,0.0,1012.5,961.7,,31.8,0.151,30.4,10192X0095/P21B
548,182,2017-07-02,4.811397298,43.539904887,3.0,32.4,21.7,28.1,19.2,2017-07-02T02:58,2017-07-02T15:21,44619.46,31564.29,,,0.0,,0.0,0.0,0.0,,19.85,8.18,69.0,13.8,8.18,47.0,0.0,1012.2,961.2,,33.3,0.151,30.3,10192X0095/P21B
549,183,2017-07-03,4.811397298,43.539904887,3.0,31.5,21.5,28.0,19.8,2017-07-03T02:58,2017-07-03T15:22,44615.4,26214.97,,,0.0,,0.0,0.0,0.0,,15.99,6.85,92.0,14.9,6.85,51.0,0.0,1013.5,962.5,,29.4,0.151,30.1,10192X0095/P21B
550,184,2017-07-04,4.811397298,43.539904887,53.0,30.5,23.4,27.7,20.7,2017-07-04T02:58,2017-07-04T15:22,44611.03,33419.72,,,1.2,,0.0,1.2,2.0,,19.93,7.75,97.0,14.5,7.75,48.0,0.0,1014.2,963.2,,30.0,0.151,30.1,10192X0095/P21B
551,185,2017-07-05,4.811397298,43.539904887,3.0,32.9,22.6,28.8,21.2,2017-07-05T02:58,2017-07-05T15:22,44606.35,35079.21,,,0.0,,0.0,0.0,0.0,,20.32,8.27,95.0,14.5,8.27,48.0,0.0,1013.8,962.9,,31.2,0.151,30.2,10192X0095/P21B
552,186,2017-07-06,4.811397298,43.539904887,3.0,32.7,22.2,28.3,18.8,2017-07-06T02:59,2017-07-06T15:22,44601.36,34928.04,,,0.0,,0.0,0.0,0.0,,21.25,8.96,37.0,13.6,8.96,45.0,0.0,1014.2,963.3,,33.7,0.151,30.3,10192X0095/P21B
553,187,2017-07-07,4.811397298,43.539904887,2.0,31.1,22.4,27.0,19.9,2017-07-07T02:59,2017-07-07T15:22,44596.08,42380.4,,,0.0,,0.0,0.0,0.0,,18.18,7.55,39.0,15.7,7.55,52.0,0.0,1014.3,963.3,,34.1,0.151,30.3,10192X0095/P21B
554,188,2017-07-08,4.811397298,43.539904887,3.0,31.1,21.9,26.5,19.1,2017-07-08T02:59,2017-07-08T15:22,44590.48,35468.42,,,0.0,,0.0,0.0,0.0,,18.55,7.81,71.0,14.6,7.81,49.0,0.0,1014.3,963.3,,33.3,0.15,30.2,10192X0095/P21B
555,189,2017-07-09,4.811397298,43.539904887,3.0,31.5,21.6,27.7,19.1,2017-07-09T02:59,2017-07-09T15:22,44584.53,39018.04,,,0.0,,0.0,0.0,0.0,,21.35,8.67,24.0,13.2,8.67,45.0,0.0,1013.0,962.0,,33.1,0.15,30.2,10192X0095/P21B
556,190,2017-07-10,4.811397298,43.539904887,3.0,31.9,21.3,28.5,19.8,2017-07-10T02:59,2017-07-10T15:22,44578.23,34237.73,,,0.0,,0.0,0.0,0.0,,19.59,7.4,35.0,15.0,7.4,53.0,0.0,1012.8,961.8,,32.0,0.15,30.1,10192X0095/P21B
557,191,2017-07-11,4.811397298,43.539904887,3.0,30.5,21.2,26.8,20.0,2017-07-11T02:59,2017-07-11T15:22,44571.56,29568.89,,,0.0,,0.0,0.0,0.0,,16.29,6.52,64.0,15.5,6.52,54.0,0.0,1014.2,963.0,,28.8,0.149,30.0,10192X0095/P21B
558,192,2017-07-12,4.811397298,43.539904887,3.0,31.3,21.9,28.0,19.4,2017-07-12T03:00,2017-07-12T15:22,44564.58,27378.02,,,0.0,,0.0,0.0,0.0,,17.85,7.44,62.0,15.0,7.44,51.0,0.0,1013.8,962.8,,31.7,0.149,30.1,10192X0095/P21B
559,193,2017-07-13,4.811397298,43.539904887,3.0,29.7,22.1,25.2,18.9,2017-07-13T03:00,2017-07-13T15:22,44557.26,37716.11,,,0.0,,0.0,0.0,0.0,,19.13,8.03,60.0,13.1,8.03,45.0,0.0,1013.4,962.3,,32.6,0.149,30.0,10192X0095/P21B
560,194,2017-07-14,4.811397298,43.539904887,3.0,32.3,22.3,28.5,19.1,2017-07-14T03:00,2017-07-14T15:23,44549.64,31848.98,,,0.0,,0.0,0.0,0.0,,20.35,8.46,82.0,14.0,8.46,47.0,0.0,1012.6,961.7,,34.1,0.148,30.0,10192X0095/P21B
561,195,2017-07-15,4.811397298,43.539904887,3.0,32.0,21.7,28.6,18.8,2017-07-15T03:00,2017-07-15T15:23,44541.71,34940.67,,,0.0,,0.0,0.0,0.0,,20.23,8.2,55.0,13.8,8.2,46.0,0.0,1013.3,962.3,,31.5,0.148,30.0,10192X0095/P21B
562,196,2017-07-16,4.811397298,43.539904887,3.0,33.2,22.8,30.4,20.9,2017-07-16T03:00,2017-07-16T15:23,44533.49,33491.39,,,0.0,,0.0,0.0,0.0,,20.37,7.68,83.0,16.0,7.68,52.0,0.0,1012.8,961.9,,30.4,0.148,30.1,10192X0095/P21B
563,197,2017-07-17,4.811397298,43.539904887,3.0,32.4,23.4,28.9,22.1,2017-07-17T03:00,2017-07-17T15:23,44525.0,34447.2,,,0.0,,0.0,0.0,0.0,,18.09,7.47,56.0,17.3,7.47,55.0,0.0,1013.4,962.6,,32.6,0.148,30.2,10192X0095/P21B
564,198,2017-07-18,4.811397298,43.539904887,3.0,32.9,23.1,29.2,22.2,2017-07-18T03:01,2017-07-18T15:23,44516.24,41893.28,,,0.0,,0.0,0.0,0.0,,20.91,7.85,47.0,17.3,7.85,56.0,0.0,1014.3,963.5,,33.2,0.148,30.3,10192X0095/P21B
565,199,2017-07-19,4.811397298,43.539904887,3.0,31.3,23.4,27.8,22.1,2017-07-19T03:01,2017-07-19T15:23,44507.23,34385.1,,,0.0,,0.0,0.0,0.0,,17.09,6.73,90.0,17.8,6.73,59.0,0.0,1014.1,963.2,,33.8,0.148,30.3,10192X0095/P21B
566,200,2017-07-20,4.811397298,43.539904887,51.0,29.8,22.5,26.5,21.3,2017-07-20T03:01,2017-07-20T15:23,44497.97,35957.77,,,0.1,,0.0,0.1,1.0,,15.79,6.91,51.0,15.8,6.91,53.0,0.0,1013.2,962.2,,31.9,0.148,30.2,10192X0095/P21B
567,201,2017-07-21,4.811397298,43.539904887,3.0,30.3,22.0,26.5,20.3,2017-07-21T03:01,2017-07-21T15:23,44488.48,24138.7,,,0.0,,0.0,0.0,0.0,,14.42,6.59,64.0,15.8,6.59,53.0,0.0,1012.5,961.5,,30.3,0.148,30.0,10192X0095/P21B
568,202,2017-07-22,4.811397298,43.539904887,3.0,33.4,22.2,30.6,19.6,2017-07-22T03:01,2017-07-22T15:23,44478.77,30877.28,,,0.0,,0.0,0.0,0.0,,19.13,8.04,63.0,14.8,8.04,48.0,0.0,1012.7,961.9,,31.4,0.148,30.1,10192X0095/P21B
569,203,2017-07-23,4.811397298,43.539904887,3.0,29.2,22.9,25.6,21.0,2017-07-23T03:01,2017-07-23T15:22,44468.85,6330.63,,,0.0,,0.0,0.0,0.0,,9.97,5.65,82.0,16.0,5.65,56.0,0.0,1013.3,962.2,,29.5,0.148,29.9,10192X0095/P21B
570,204,2017-07-24,4.811397298,43.539904887,3.0,32.2,22.0,28.7,20.1,2017-07-24T03:01,2017-07-24T15:22,44458.73,28383.39,,,0.0,,0.0,0.0,0.0,,17.62,7.81,67.0,14.8,7.81,49.0,0.0,1012.9,962.1,,31.2,0.147,29.9,10192X0095/P21B
571,205,2017-07-25,4.811397298,43.539904887,3.0,33.1,22.9,29.0,20.2,2017-07-25T03:02,2017-07-25T15:22,44448.41,35048.49,,,0.0,,0.0,0.0,0.0,,22.22,9.16,63.0,14.4,9.16,46.0,0.0,1012.3,961.5,,35.1,0.148,30.1,10192X0095/P21B
572,206,2017-07-26,4.811397298,43.539904887,3.0,32.0,23.0,28.0,19.9,2017-07-26T03:02,2017-07-26T15:22,44437.92,33948.22,,,0.0,,0.0,0.0,0.0,,20.46,9.15,69.0,13.7,9.15,44.0,0.0,1012.3,961.5,,35.3,0.147,30.2,10192X0095/P21B
573,207,2017-07-27,4.811397298,43.539904887,3.0,31.3,22.5,28.1,20.1,2017-07-27T03:02,2017-07-27T15:22,44427.26,30461.02,,,0.0,,0.0,0.0,0.0,,18.33,7.98,76.0,14.2,7.98,46.0,0.0,1013.6,962.7,,30.9,0.147,30.2,10192X0095/P21B
574,208,2017-07-28,4.811397298,43.539904887,3.0,33.2,22.6,29.6,20.6,2017-07-28T03:02,2017-07-28T15:22,44416.42,31711.74,,,0.0,,0.0,0.0,0.0,,21.49,8.63,28.0,14.2,8.63,45.0,0.0,1014.0,963.2,,29.9,0.147,30.3,10192X0095/P21B
575,209,2017-07-29,4.811397298,43.539904887,3.0,33.9,22.3,30.1,20.0,2017-07-29T03:02,2017-07-29T15:22,44405.33,38758.97,,,0.0,,0.0,0.0,0.0,,23.45,9.16,20.0,14.3,9.16,46.0,0.0,1013.0,962.2,,32.3,0.147,30.5,10192X0095/P21B
576,210,2017-07-30,4.811397298,43.539904887,3.0,31.8,22.6,28.4,20.2,2017-07-30T03:02,2017-07-30T15:22,44393.96,30824.82,,,0.0,,0.0,0.0,0.0,,18.26,7.96,65.0,14.2,7.96,46.0,0.0,1013.0,962.2,,30.5,0.147,30.5,10192X0095/P21B
577,211,2017-07-31,4.811397298,43.539904887,3.0,31.8,23.4,27.9,21.7,2017-07-31T03:02,2017-07-31T15:22,44382.34,40519.4,,,0.0,,0.0,0.0,0.0,,19.63,7.24,43.0,15.7,7.24,51.0,0.0,1014.1,963.2,,27.4,0.148,30.3,10192X0095/P21B
578,212,2017-08-01,4.811397298,43.539904887,3.0,31.5,22.3,29.7,22.1,2017-08-01T03:02,2017-08-01T15:21,44370.48,28979.68,,,0.0,,0.0,0.0,0.0,,16.19,6.38,36.0,17.0,6.38,57.0,0.0,1015.3,964.3,,27.4,0.147,30.2,10192X0095/P21B
579,213,2017-08-02,4.811397298,43.539904887,51.0,32.4,21.6,29.8,20.9,2017-08-02T03:02,2017-08-02T15:21,44358.39,42580.87,,,0.3,,0.0,0.3,1.0,,23.46,7.95,21.0,16.1,7.95,54.0,0.0,1015.9,964.8,,30.8,0.148,30.3,10192X0095/P21B
580,214,2017-08-03,4.811397298,43.539904887,3.0,31.1,21.3,29.6,20.4,2017-08-03T03:02,2017-08-03T15:21,44346.1,40439.95,,,0.0,,0.0,0.0,0.0,,19.18,7.24,42.0,15.7,7.24,54.0,0.0,1015.8,964.7,,29.9,0.148,30.3,10192X0095/P21B
581,215,2017-08-04,4.811397298,43.539904887,3.0,32.5,21.2,29.1,19.8,2017-08-04T03:02,2017-08-04T15:21,44333.6,42483.95,,,0.0,,0.0,0.0,0.0,,24.29,8.74,39.0,14.0,8.74,48.0,0.0,1013.9,963.0,,30.5,0.147,30.3,10192X0095/P21B
582,216,2017-08-05,4.811397298,43.539904887,3.0,31.2,21.0,28.1,19.0,2017-08-05T03:02,2017-08-05T15:21,44320.91,31822.96,,,0.0,,0.0,0.0,0.0,,18.72,7.68,73.0,14.4,7.68,49.0,0.0,1013.5,962.5,,30.5,0.147,30.3,10192X0095/P21B
583,217,2017-08-06,4.811397298,43.539904887,3.0,32.4,21.7,29.7,19.3,2017-08-06T03:02,2017-08-06T15:21,44308.06,26613.25,,,0.0,,0.0,0.0,0.0,,19.51,7.79,68.0,14.9,7.79,50.0,0.0,1012.9,962.0,,31.0,0.147,30.2,10192X0095/P21B
584,218,2017-08-07,4.811397298,43.539904887,3.0,33.1,22.4,29.9,19.7,2017-08-07T03:02,2017-08-07T15:20,44295.05,28388.29,,,0.0,,0.0,0.0,0.0,,19.66,8.41,58.0,14.1,8.41,46.0,0.0,1012.8,962.0,,31.6,0.147,30.3,10192X0095/P21B
585,219,2017-08-08,4.811397298,43.539904887,3.0,33.7,22.4,29.4,19.8,2017-08-08T03:02,2017-08-08T15:20,44281.89,33325.29,,,0.0,,0.0,0.0,0.0,,21.02,8.24,33.0,14.5,8.24,48.0,0.0,1013.4,962.5,,32.2,0.148,30.3,10192X0095/P21B
586,220,2017-08-09,4.811397298,43.539904887,3.0,29.4,22.1,25.3,20.3,2017-08-09T03:02,2017-08-09T15:20,44268.59,24014.31,,,0.0,,0.0,0.0,0.0,,15.2,7.13,80.0,14.7,7.13,50.0,0.0,1013.8,962.8,,32.4,0.147,30.0,10192X0095/P21B
587,221,2017-08-10,4.811397298,43.539904887,3.0,31.5,22.0,27.1,18.6,2017-08-10T03:02,2017-08-10T15:20,44255.17,35646.68,,,0.0,,0.0,0.0,0.0,,23.11,9.17,62.0,12.4,9.17,42.0,0.0,1013.1,962.2,,33.3,0.147,30.1,10192X0095/P21B
588,222,2017-08-11,4.811397298,43.539904887,3.0,30.0,21.7,25.6,17.9,2017-08-11T03:02,2017-08-11T15:19,44241.65,39148.61,,,0.0,,0.0,0.0,0.0,,18.73,7.44,82.0,15.2,7.44,52.0,0.0,1013.6,962.5,,35.0,0.148,30.0,10192X0095/P21B
589,223,2017-08-12,4.811397298,43.539904887,3.0,32.6,22.1,28.0,19.9,2017-08-12T03:02,2017-08-12T15:19,44228.03,33689.57,,,0.0,,0.0,0.0,0.0,,20.71,8.67,86.0,14.3,8.67,47.0,0.0,1013.2,962.4,,34.3,0.148,30.1,10192X0095/P21B
590,224,2017-08-13,4.811397298,43.539904887,3.0,33.5,22.1,28.8,20.6,2017-08-13T03:02,2017-08-13T15:19,44214.31,42446.74,,,0.0,,0.0,0.0,0.0,,21.01,8.05,37.0,16.2,8.05,53.0,0.0,1012.8,962.0,,33.0,0.147,30.2,10192X0095/P21B
591,225,2017-08-14,4.811397298,43.539904887,51.0,31.5,22.4,29.9,21.6,2017-08-14T03:02,2017-08-14T15:18,44200.53,42732.07,,,0.2,,0.0,0.2,2.0,,19.62,6.68,34.0,17.7,6.68,60.0,0.0,1013.5,962.6,,29.3,0.147,30.2,10192X0095/P21B
592,226,2017-08-15,4.811397298,43.539904887,51.0,30.4,22.3,29.6,21.1,2017-08-15T03:02,2017-08-15T15:18,44186.68,34635.42,,,0.7,,0.0,0.7,5.0,,17.34,6.56,52.0,15.9,6.56,55.0,0.0,1013.2,962.2,,27.0,0.148,30.1,10192X0095/P21B
593,227,2017-08-16,4.811397298,43.539904887,3.0,32.6,20.9,29.7,19.3,2017-08-16T03:02,2017-08-16T15:18,44172.78,39865.27,,,0.0,,0.0,0.0,0.0,,25.19,8.37,55.0,13.3,8.37,46.0,0.0,1012.4,961.5,,24.9,0.148,30.2,10192X0095/P21B
594,228,2017-08-17,4.811397298,43.539904887,3.0,33.5,21.4,32.0,20.9,2017-08-17T03:01,2017-08-17T15:17,44158.82,42875.2,,,0.0,,0.0,0.0,0.0,,26.0,8.62,54.0,13.6,8.62,44.0,0.0,1011.2,960.5,,23.7,0.148,30.4,10192X0095/P21B
595,229,2017-08-18,4.811397298,43.539904887,3.0,34.4,21.9,32.5,21.6,2017-08-18T03:01,2017-08-18T15:17,44144.7,42881.05,,,0.0,,0.0,0.0,0.0,,26.04,8.75,83.0,15.0,8.75,48.0,0.0,1011.1,960.5,,25.8,0.148,30.6,10192X0095/P21B
596,230,2017-08-19,4.811397298,43.539904887,3.0,33.3,22.4,31.7,22.7,2017-08-19T03:01,2017-08-19T15:17,44130.41,42887.53,,,0.0,,0.0,0.0,0.0,,23.37,8.18,49.0,17.2,8.18,54.0,0.0,1012.4,961.7,,29.6,0.148,30.7,10192X0095/P21B
597,231,2017-08-20,4.811397298,43.539904887,51.0,30.7,22.0,27.4,20.8,2017-08-20T03:01,2017-08-20T15:16,44115.97,31502.93,,,0.1,,0.0,0.1,1.0,,17.84,7.09,62.0,16.2,7.09,54.0,0.0,1013.2,962.3,,30.7,0.148,30.6,10192X0095/P21B
598,232,2017-08-21,4.811397298,43.539904887,3.0,32.5,21.9,29.3,19.3,2017-08-21T03:01,2017-08-21T15:16,44101.38,41023.54,,,0.0,,0.0,0.0,0.0,,22.67,8.57,33.0,14.2,8.57,46.0,0.0,1011.9,961.1,,32.1,0.148,30.5,10192X0095/P21B
599,233,2017-08-22,4.811397298,43.539904887,3.0,33.1,22.1,29.0,19.7,2017-08-22T03:01,2017-08-22T15:16,44086.66,41831.27,,,0.0,,0.0,0.0,0.0,,24.43,9.27,28.0,14.6,9.27,48.0,0.0,1010.2,959.5,,34.1,0.148,30.6,10192X0095/P21B
600,234,2017-08-23,4.811397298,43.539904887,3.0,34.1,22.3,30.9,20.4,2017-08-23T03:01,2017-08-23T15:15,44071.83,35176.33,,,0.0,,0.0,0.0,0.0,,20.3,8.27,55.0,15.7,8.27,50.0,0.0,1010.3,959.7,,32.1,0.148,30.6,10192X0095/P21B
601,235,2017-08-24,4.811397298,43.539904887,3.0,33.4,22.3,31.4,21.1,2017-08-24T03:01,2017-08-24T15:15,44056.89,38804.88,,,0.0,,0.0,0.0,0.0,,22.38,8.25,36.0,15.9,8.25,50.0,0.0,1010.5,959.9,,28.7,0.148,30.7,10192X0095/P21B
602,236,2017-08-25,4.811397298,43.539904887,3.0,34.3,22.6,31.8,21.7,2017-08-25T03:00,2017-08-25T15:14,44041.85,42937.78,,,0.0,,0.0,0.0,0.0,,23.49,8.62,52.0,15.6,8.62,48.0,0.0,1010.8,960.3,,27.7,0.148,31.0,10192X0095/P21B
603,237,2017-08-26,4.811397298,43.539904887,3.0,34.3,21.9,30.5,20.5,2017-08-26T03:00,2017-08-26T15:14,44026.74,42947.7,,,0.0,,0.0,0.0,0.0,,25.82,9.47,60.0,13.1,9.47,43.0,0.0,1010.6,960.0,,29.1,0.148,31.1,10192X0095/P21B
604,238,2017-08-27,4.811397298,43.539904887,3.0,31.1,22.5,28.7,21.2,2017-08-27T03:00,2017-08-27T15:14,44011.55,40365.54,,,0.0,,0.0,0.0,0.0,,18.45,6.56,70.0,17.8,6.56,61.0,0.0,1011.6,960.7,,32.3,0.148,30.9,10192X0095/P21B
605,239,2017-08-28,4.811397298,43.539904887,3.0,30.8,21.8,27.6,19.0,2017-08-28T03:00,2017-08-28T15:13,43996.31,26347.97,,,0.0,,0.0,0.0,0.0,,15.24,7.08,75.0,15.2,7.08,50.0,0.0,1011.6,960.8,,30.9,0.148,30.6,10192X0095/P21B
606,240,2017-08-29,4.811397298,43.539904887,3.0,33.9,21.9,31.1,20.4,2017-08-29T03:00,2017-08-29T15:13,43981.01,31470.85,,,0.0,,0.0,0.0,0.0,,22.0,8.26,86.0,15.1,8.26,50.0,0.0,1011.0,960.3,,31.2,0.148,30.7,10192X0095/P21B
607,241,2017-08-30,4.811397298,43.539904887,3.0,33.1,22.3,30.2,20.1,2017-08-30T03:00,2017-08-30T15:12,43965.68,27597.78,,,0.0,,0.0,0.0,0.0,,20.06,8.17,85.0,15.0,8.17,48.0,0.0,1011.2,960.5,,31.0,0.148,30.6,10192X0095/P21B
608,242,2017-08-31,4.811397298,43.539904887,3.0,34.0,22.1,30.9,19.9,2017-08-31T02:59,2017-08-31T15:12,43950.33,32201.6,,,0.0,,0.0,0.0,0.0,,23.01,8.77,56.0,14.8,8.77,48.0,0.0,1011.7,960.9,,31.1,0.148,30.7,10192X0095/P21B
609,243,2017-09-01,4.811397298,43.539904887,3.0,33.1,22.3,30.3,20.6,2017-09-01T02:59,2017-09-01T15:11,43934.95,38027.28,,,0.0,,0.0,0.0,0.0,,21.56,8.37,53.0,15.0,8.37,48.0,0.0,1011.9,961.2,,29.1,0.148,30.7,10192X0095/P21B
610,244,2017-09-02,4.811397298,43.539904887,3.0,31.9,23.4,28.5,21.2,2017-09-02T02:59,2017-09-02T15:11,43919.57,32362.3,,,0.0,,0.0,0.0,0.0,,18.41,8.0,61.0,14.2,8.0,44.0,0.0,1012.1,961.4,,27.3,0.148,30.8,10192X0095/P21B
611,245,2017-09-03,4.811397298,43.539904887,3.0,31.6,23.8,29.7,22.2,2017-09-03T02:59,2017-09-03T15:11,43904.2,27532.85,,,0.0,,0.0,0.0,0.0,,16.8,7.61,74.0,15.4,7.61,48.0,0.0,1011.9,961.2,,29.3,0.148,30.8,10192X0095/P21B
612,246,2017-09-04,4.811397298,43.539904887,3.0,31.5,23.0,28.0,20.7,2017-09-04T02:59,2017-09-04T15:10,43888.83,35626.69,,,0.0,,0.0,0.0,0.0,,16.32,7.72,63.0,14.5,7.72,46.0,0.0,1013.7,962.9,,29.6,0.148,30.8,10192X0095/P21B
613,247,2017-09-05,4.811397298,43.539904887,3.0,32.6,22.9,30.3,21.4,2017-09-05T02:58,2017-09-05T15:10,43873.5,43059.24,,,0.0,,0.0,0.0,0.0,,20.93,8.34,47.0,15.2,8.34,47.0,0.0,1014.2,963.4,,28.7,0.148,30.9,10192X0095/P21B
614,248,2017-09-06,4.811397298,43.539904887,3.0,34.3,22.2,32.3,20.7,2017-09-06T02:58,2017-09-06T15:09,43858.18,39470.8,,,0.0,,0.0,0.0,0.0,,23.65,9.33,35.0,14.0,9.33,43.0,0.0,1012.9,962.3,,29.6,0.148,31.1,10192X0095/P21B
615,249,2017-09-07,4.811397298,43.539904887,51.0,33.3,22.6,31.4,21.7,2017-09-07T02:58,2017-09-07T15:09,43842.77,43082.67,,,0.2,,0.0,0.2,1.0,,23.43,8.36,29.0,16.7,8.36,52.0,0.0,1012.4,961.7,,31.2,0.148,31.1,10192X0095/P21B
616,250,2017-09-08,4.811397298,43.539904887,51.0,31.6,22.5,29.8,21.4,2017-09-08T02:58,2017-09-08T15:08,43827.27,42823.64,,,0.3,,0.0,0.3,3.0,,19.35,7.06,38.0,17.1,7.06,56.0,0.0,1012.7,961.8,,28.8,0.148,31.0,10192X0095/P21B
617,251,2017-09-09,4.811397298,43.539904887,3.0,32.7,21.1,30.6,20.0,2017-09-09T02:58,2017-09-09T15:08,43811.68,35516.61,,,0.0,,0.0,0.0,0.0,,23.32,8.31,22.0,14.6,8.31,49.0,0.0,1012.5,961.7,,28.9,0.148,30.9,10192X0095/P21B
618,252,2017-09-10,4.811397298,43.539904887,3.0,30.9,21.8,28.4,20.1,2017-09-10T02:57,2017-09-10T15:07,43796.02,31292.71,,,0.0,,0.0,0.0,0.0,,16.89,7.42,55.0,14.0,7.42,46.0,0.0,1012.0,961.2,,28.7,0.148,30.8,10192X0095/P21B
619,253,2017-09-11,4.811397298,43.539904887,2.0,34.1,21.4,31.2,18.8,2017-09-11T02:57,2017-09-11T15:07,43780.3,42043.62,,,0.0,,0.0,0.0,0.0,,25.83,9.18,12.0,14.2,9.18,46.0,0.0,1011.6,960.8,,30.5,0.148,30.8,10192X0095/P21B
620,254,2017-09-12,4.811397298,43.539904887,3.0,33.4,21.7,31.8,20.0,2017-09-12T02:57,2017-09-12T15:06,43764.53,34678.19,,,0.0,,0.0,0.0,0.0,,24.34,8.71,34.0,14.6,8.71,47.0,0.0,1011.7,960.9,,28.5,0.148,30.9,10192X0095/P21B
621,255,2017-09-13,4.811397298,43.539904887,3.0,32.6,22.1,30.8,21.5,2017-09-13T02:57,2017-09-13T15:06,43748.71,25812.41,,,0.0,,0.0,0.0,0.0,,19.1,7.55,45.0,15.4,7.55,50.0,0.0,1011.9,961.2,,26.9,0.148,30.9,10192X0095/P21B
622,256,2017-09-14,4.811397298,43.539904887,3.0,31.6,21.8,28.9,20.5,2017-09-14T02:57,2017-09-14T15:05,43732.86,36269.34,,,0.0,,0.0,0.0,0.0,,17.33,6.93,75.0,15.3,6.93,49.0,0.0,1012.3,961.6,,25.8,0.148,30.7,10192X0095/P21B
623,257,2017-09-15,4.811397298,43.539904887,3.0,33.3,21.8,33.1,21.1,2017-09-15T02:56,2017-09-15T15:05,43716.99,42738.65,,,0.0,,0.0,0.0,0.0,,24.27,8.27,56.0,15.5,8.27,48.0,0.0,1011.7,961.0,,25.1,0.148,30.8,10192X0095/P21B
624,258,2017-09-16,4.811397298,43.539904887,3.0,33.7,22.3,32.5,21.5,2017-09-16T02:56,2017-09-16T15:04,43701.12,40191.3,,,0.0,,0.0,0.0,0.0,,24.42,8.14,63.0,15.9,8.14,48.0,0.0,1010.9,960.4,,23.7,0.148,31.1,10192X0095/P21B
625,259,2017-09-17,4.811397298,43.539904887,3.0,34.5,22.3,33.5,20.8,2017-09-17T02:56,2017-09-17T15:04,43685.24,39600.0,,,0.0,,0.0,0.0,0.0,,25.28,8.82,21.0,14.4,8.82,43.0,0.0,1011.3,960.8,,24.0,0.148,31.3,10192X0095/P21B
626,260,2017-09-18,4.811397298,43.539904887,3.0,34.0,22.2,32.6,21.0,2017-09-18T02:56,2017-09-18T15:03,43669.37,43200.0,,,0.0,,0.0,0.0,0.0,,24.84,8.52,44.0,13.9,8.52,43.0,0.0,1013.1,962.4,,22.9,0.148,31.5,10192X0095/P21B
627,261,2017-09-19,4.811397298,43.539904887,3.0,33.9,22.6,33.9,21.0,2017-09-19T02:55,2017-09-19T15:03,43653.52,43197.5,,,0.0,,0.0,0.0,0.0,,23.29,7.78,41.0,15.1,7.78,45.0,0.0,1013.5,962.9,,20.4,0.148,31.5,10192X0095/P21B
628,262,2017-09-20,4.811397298,43.539904887,51.0,34.0,23.4,33.3,22.5,2017-09-20T02:55,2017-09-20T15:02,43637.7,43168.05,,,0.2,,0.0,0.2,1.0,,24.93,8.41,36.0,16.1,8.41,47.0,0.0,1013.1,962.5,,24.2,0.148,31.7,10192X0095/P21B
629,263,2017-09-21,4.811397298,43.539904887,61.0,29.2,23.3,28.3,23.9,2017-09-21T02:55,2017-09-21T15:02,43621.92,20615.33,,,4.2,,0.0,4.2,9.0,,11.92,4.34,87.0,19.2,4.34,68.0,0.0,1013.5,962.4,,23.2,0.148,31.4,10192X0095/P21B
630,264,2017-09-22,4.811397298,43.539904887,53.0,31.6,22.5,29.6,22.2,2017-09-22T02:55,2017-09-22T15:01,43606.19,39209.05,,,1.3,,0.0,1.3,2.0,,21.91,6.68,55.0,15.6,6.68,55.0,0.0,1013.5,962.4,,22.9,0.148,31.1,10192X0095/P21B
631,265,2017-09-23,4.811397298,43.539904887,1.0,33.1,21.1,30.9,20.4,2017-09-23T02:54,2017-09-23T15:01,43590.52,43081.53,,,0.0,,0.0,0.0,0.0,,26.37,8.44,12.0,13.9,8.44,47.0,0.0,1012.7,961.9,,23.8,0.147,31.0,10192X0095/P21B
632,266,2017-09-24,4.811397298,43.539904887,51.0,31.5,21.6,29.1,21.1,2017-09-24T02:54,2017-09-24T15:01,43574.91,39723.2,,,0.4,,0.0,0.4,2.0,,18.08,6.28,40.0,16.7,6.28,56.0,0.0,1013.2,962.3,,23.5,0.147,31.0,10192X0095/P21B
633,267,2017-09-25,4.811397298,43.539904887,3.0,33.8,22.2,33.2,22.0,2017-09-25T02:54,2017-09-25T15:00,43559.39,41124.65,,,0.0,,0.0,0.0,0.0,,25.58,8.08,17.0,14.4,8.08,45.0,0.0,1011.4,960.8,,19.9,0.147,31.3,10192X0095/P21B
634,268,2017-09-26,4.811397298,43.539904887,1.0,34.1,22.4,33.9,22.6,2017-09-26T02:54,2017-09-26T15:00,43543.93,42998.96,,,0.0,,0.0,0.0,0.0,,24.67,7.33,10.0,15.6,7.33,48.0,0.0,1010.4,960.0,,17.5,0.147,31.5,10192X0095/P21B
635,269,2017-09-27,4.811397298,43.539904887,3.0,34.1,22.8,34.0,22.8,2017-09-27T02:54,2017-09-27T14:59,43528.44,42971.74,,,0.0,,0.0,0.0,0.0,,23.78,7.96,22.0,15.9,7.96,47.0,0.0,1011.4,961.0,,21.1,0.147,31.7,10192X0095/P21B
636,270,2017-09-28,4.811397298,43.539904887,3.0,33.7,22.9,33.2,22.2,2017-09-28T02:53,2017-09-28T14:59,43512.9,42944.38,,,0.0,,0.0,0.0,0.0,,24.03,8.21,55.0,15.2,8.21,46.0,0.0,1011.7,961.1,,23.3,0.147,31.7,10192X0095/P21B
637,271,2017-09-29,4.811397298,43.539904887,3.0,33.0,23.6,30.8,22.7,2017-09-29T02:53,2017-09-29T14:58,43497.31,41744.67,,,0.0,,0.0,0.0,0.0,,19.48,7.59,70.0,15.6,7.59,49.0,0.0,1011.6,961.0,,25.3,0.147,31.7,10192X0095/P21B
638,272,2017-09-30,4.811397298,43.539904887,3.0,33.4,22.2,31.5,21.8,2017-09-30T02:53,2017-09-30T14:58,43481.72,42889.49,,,0.0,,0.0,0.0,0.0,,25.07,8.73,69.0,13.7,8.73,44.0,0.0,1012.4,961.8,,25.2,0.148,31.7,10192X0095/P21B
639,273,2017-10-01,4.811397298,43.539904887,3.0,33.8,22.0,32.6,21.1,2017-10-01T02:53,2017-10-01T14:57,43466.1,39600.0,,,0.0,,0.0,0.0,0.0,,25.45,8.43,71.0,14.0,8.43,43.0,0.0,1012.6,962.0,,22.0,0.148,31.8,10192X0095/P21B
640,274,2017-10-02,4.811397298,43.539904887,3.0,34.6,22.4,34.3,22.0,2017-10-02T02:53,2017-10-02T14:57,43450.48,42834.79,,,0.0,,0.0,0.0,0.0,,24.13,7.59,64.0,15.3,7.59,47.0,0.0,1010.9,960.4,,20.8,0.148,31.9,10192X0095/P21B
641,275,2017-10-03,4.811397298,43.539904887,3.0,34.3,22.7,33.4,22.6,2017-10-03T02:52,2017-10-03T14:56,43434.86,42807.67,,,0.0,,0.0,0.0,0.0,,25.35,8.39,38.0,14.9,8.39,45.0,0.0,1010.1,959.7,,22.4,0.148,32.0,10192X0095/P21B
642,276,2017-10-04,4.811397298,43.539904887,2.0,34.2,22.7,34.0,22.1,2017-10-04T02:52,2017-10-04T14:56,43419.26,42780.79,,,0.0,,0.0,0.0,0.0,,24.38,8.28,12.0,13.8,8.28,41.0,0.0,1010.8,960.4,,20.0,0.148,32.1,10192X0095/P21B
643,277,2017-10-05,4.811397298,43.539904887,51.0,33.6,22.9,32.5,22.2,2017-10-05T02:52,2017-10-05T14:56,43403.69,41735.08,,,0.2,,0.0,0.2,1.0,,23.92,7.83,47.0,16.6,7.83,50.0,0.0,1011.3,960.7,,24.4,0.148,32.0,10192X0095/P21B
644,278,2017-10-06,4.811397298,43.539904887,51.0,33.0,23.6,32.7,24.0,2017-10-06T02:52,2017-10-06T14:55,43388.16,39235.0,,,0.2,,0.0,0.2,1.0,,19.0,6.77,86.0,17.3,6.77,53.0,0.0,1011.1,960.5,,22.5,0.148,31.9,10192X0095/P21B
645,279,2017-10-07,4.811397298,43.539904887,51.0,34.5,23.1,34.5,23.6,2017-10-07T02:52,2017-10-07T14:55,43372.68,42702.2,,,0.4,,0.0,0.4,1.0,,24.85,7.71,51.0,17.5,7.71,53.0,0.0,1011.0,960.5,,22.6,0.148,32.0,10192X0095/P21B
646,280,2017-10-08,4.811397298,43.539904887,51.0,33.7,23.4,34.0,24.5,2017-10-08T02:52,2017-10-08T14:54,43357.26,40617.61,,,0.3,,0.0,0.3,2.0,,22.0,6.66,44.0,18.2,6.66,56.0,0.0,1010.5,959.9,,19.1,0.148,32.0,10192X0095/P21B
647,281,2017-10-09,4.811397298,43.539904887,3.0,33.5,23.6,34.6,25.3,2017-10-09T02:51,2017-10-09T14:54,43341.91,40865.27,,,0.0,,0.0,0.0,0.0,,22.91,6.91,72.0,17.3,6.91,53.0,0.0,1009.5,959.0,,16.0,0.148,32.2,10192X0095/P21B
648,282,2017-10-10,4.811397298,43.539904887,51.0,34.1,24.3,35.0,25.7,2017-10-10T02:51,2017-10-10T14:53,43326.64,40413.87,,,0.3,,0.0,0.3,1.0,,22.96,6.22,91.0,18.3,6.22,56.0,0.0,1009.1,958.7,,13.1,0.148,32.2,10192X0095/P21B
649,283,2017-10-11,4.811397298,43.539904887,51.0,33.0,24.5,34.8,26.5,2017-10-11T02:51,2017-10-11T14:53,43311.47,40303.16,,,0.5,,0.0,0.5,2.0,,19.28,5.47,93.0,19.6,5.47,63.0,0.0,1009.5,958.8,,15.0,0.149,32.1,10192X0095/P21B
650,284,2017-10-12,4.811397298,43.539904887,61.0,30.3,23.4,32.7,26.1,2017-10-12T02:51,2017-10-12T14:53,43296.39,38986.49,,,2.3,,0.0,2.3,4.0,,16.71,3.95,82.0,20.7,3.95,72.0,0.0,1010.5,959.7,,9.9,0.149,31.8,10192X0095/P21B
651,285,2017-10-13,4.811397298,43.539904887,3.0,33.1,22.6,36.3,25.6,2017-10-13T02:51,2017-10-13T14:52,43281.44,42559.97,,,0.0,,0.0,0.0,0.0,,23.75,6.1,60.0,19.4,6.1,62.0,0.0,1010.0,959.4,,13.6,0.149,31.8,10192X0095/P21B
652,286,2017-10-14,4.811397298,43.539904887,51.0,32.9,23.4,34.8,24.0,2017-10-14T02:51,2017-10-14T14:52,43266.61,41917.97,,,0.1,,0.0,0.1,1.0,,20.73,6.12,86.0,19.0,6.12,60.0,0.0,1010.4,959.8,,17.9,0.148,31.8,10192X0095/P21B
653,287,2017-10-15,4.811397298,43.539904887,2.0,33.4,22.6,33.4,22.5,2017-10-15T02:51,2017-10-15T14:52,43251.91,42518.84,,,0.0,,0.0,0.0,0.0,,22.17,7.0,33.0,17.4,7.0,54.0,0.0,1012.0,961.3,,21.0,0.148,31.9,10192X0095/P21B
654,288,2017-10-16,4.811397298,43.539904887,3.0,34.2,23.4,34.6,23.7,2017-10-16T02:51,2017-10-16T14:51,43237.35,42499.6,,,0.0,,0.0,0.0,0.0,,23.14,7.31,42.0,17.7,7.31,52.0,0.0,1011.5,961.0,,19.7,0.148,32.1,10192X0095/P21B
655,289,2017-10-17,4.811397298,43.539904887,2.0,34.4,24.0,34.8,24.8,2017-10-17T02:51,2017-10-17T14:51,43222.79,42480.76,,,0.0,,0.0,0.0,0.0,,20.41,6.8,48.0,17.7,6.8,51.0,0.0,1010.1,959.8,,17.7,0.148,32.2,10192X0095/P21B
656,290,2017-10-18,4.811397298,43.539904887,53.0,34.2,24.5,35.5,26.4,2017-10-18T02:51,2017-10-18T14:51,43208.24,40983.11,,,1.0,,0.0,1.0,3.0,,19.0,5.48,68.0,19.4,5.48,58.0,0.0,1010.0,959.5,,12.1,0.148,32.4,10192X0095/P21B
657,291,2017-10-19,4.811397298,43.539904887,53.0,32.1,24.5,35.6,27.7,2017-10-19T02:50,2017-10-19T14:50,43193.7,37581.68,,,1.9,,0.0,1.9,6.0,,20.31,4.67,90.0,21.1,4.67,72.0,0.0,1011.8,960.9,,9.4,0.151,32.2,10192X0095/P21B
658,292,2017-10-20,4.811397298,43.539904887,63.0,29.1,23.4,32.2,26.1,2017-10-20T02:50,2017-10-20T14:50,43179.19,32907.72,,,9.0,,0.0,9.0,7.0,,16.17,3.62,83.0,21.6,3.62,79.0,0.0,1013.2,962.1,,11.8,0.153,31.5,10192X0095/P21B
659,293,2017-10-21,4.811397298,43.539904887,51.0,28.6,22.9,31.3,25.0,2017-10-21T02:50,2017-10-21T14:50,43164.72,42292.13,,,0.2,,0.0,0.2,2.0,,17.86,3.92,69.0,21.2,3.92,79.0,0.0,1013.4,962.2,,14.5,0.153,31.0,10192X0095/P21B
660,294,2017-10-22,4.811397298,43.539904887,3.0,30.6,22.2,30.5,24.8,2017-10-22T02:50,2017-10-22T14:50,43150.3,42393.09,,,0.0,,0.0,0.0,0.0,,21.05,5.28,53.0,19.6,5.28,69.0,0.0,1012.2,961.2,,18.3,0.151,30.7,10192X0095/P21B
661,295,2017-10-23,4.811397298,43.539904887,3.0,32.0,22.2,32.5,23.6,2017-10-23T02:50,2017-10-23T14:49,43135.94,42377.17,,,0.0,,0.0,0.0,0.0,,25.32,6.61,39.0,18.1,6.61,60.0,0.0,1010.9,960.1,,17.8,0.149,30.7,10192X0095/P21B
662,296,2017-10-24,4.811397298,43.539904887,51.0,28.8,23.3,31.5,25.9,2017-10-24T02:50,2017-10-24T14:49,43121.66,40108.69,,,1.0,,0.0,1.0,5.0,,17.07,4.02,60.0,20.4,4.02,73.0,0.0,1011.9,960.9,,10.9,0.149,30.8,10192X0095/P21B
663,297,2017-10-25,4.811397298,43.539904887,51.0,31.3,21.5,34.4,24.8,2017-10-25T02:50,2017-10-25T14:49,43107.47,42347.25,,,0.3,,0.0,0.3,2.0,,21.6,5.24,34.0,19.1,5.24,66.0,0.0,1012.5,961.6,,9.2,0.149,30.9,10192X0095/P21B
664,298,2017-10-26,4.811397298,43.539904887,51.0,30.8,21.8,32.2,23.8,2017-10-26T02:50,2017-10-26T14:49,43093.38,42333.35,,,0.1,,0.0,0.1,1.0,,19.31,4.79,62.0,18.8,4.79,66.0,0.0,1012.2,961.2,,11.5,0.148,30.9,10192X0095/P21B
665,299,2017-10-27,4.811397298,43.539904887,3.0,33.0,21.0,34.0,22.8,2017-10-27T02:50,2017-10-27T14:48,43079.4,40374.26,,,0.0,,0.0,0.0,0.0,,24.07,6.7,47.0,16.8,6.7,54.0,0.0,1011.0,960.3,,14.5,0.148,31.1,10192X0095/P21B
666,300,2017-10-28,4.811397298,43.539904887,51.0,33.6,22.2,34.5,22.8,2017-10-28T02:50,2017-10-28T14:48,43065.56,41808.27,,,0.1,,0.0,0.1,1.0,,22.96,6.84,33.0,16.5,6.84,51.0,0.0,1011.3,960.7,,15.2,0.148,31.4,10192X0095/P21B
667,301,2017-10-29,4.811397298,43.539904887,51.0,32.4,22.9,34.7,23.5,2017-10-29T02:50,2017-10-29T14:48,43051.85,37131.65,,,0.6,,0.0,0.6,5.0,,19.85,5.48,63.0,18.4,5.48,60.0,0.0,1012.5,961.7,,13.2,0.149,31.4,10192X0095/P21B
668,302,2017-10-30,4.811397298,43.539904887,53.0,30.0,23.0,33.2,25.4,2017-10-30T02:50,2017-10-30T14:48,43038.3,32576.32,,,3.2,,0.0,3.2,9.0,,18.39,4.27,76.0,19.6,4.27,70.0,0.0,1013.7,962.6,,7.7,0.15,31.2,10192X0095/P21B
669,303,2017-10-31,4.811397298,43.539904887,61.0,29.4,23.8,33.3,27.4,2017-10-31T02:50,2017-10-31T14:48,43024.92,41123.95,,,3.8,,0.0,3.8,6.0,,19.68,4.09,52.0,20.2,4.09,71.0,0.0,1013.2,962.1,,3.9,0.15,31.2,10192X0095/P21B
670,304,2017-11-01,4.811397298,43.539904887,63.0,30.4,22.7,33.6,25.8,2017-11-01T02:51,2017-11-01T14:47,43011.73,39600.0,,,11.7,,0.0,11.7,9.0,,19.98,4.21,58.0,20.7,4.21,76.0,0.0,1012.7,961.6,,7.3,0.155,30.9,10192X0095/P21B
671,305,2017-11-02,4.811397298,43.539904887,61.0,26.3,22.5,30.7,25.1,2017-11-02T02:51,2017-11-02T14:47,42998.73,22122.37,,,6.4,,0.0,6.4,12.0,,13.62,2.74,97.0,21.2,2.74,84.0,0.0,1013.3,961.9,,4.2,0.168,30.3,10192X0095/P21B
672,306,2017-11-03,4.811397298,43.539904887,61.0,27.8,21.8,32.9,24.8,2017-11-03T02:51,2017-11-03T14:47,42985.93,37681.1,,,5.0,,0.0,5.0,9.0,,19.38,3.69,77.0,21.4,3.69,85.0,0.0,1012.0,960.8,,8.6,0.177,29.8,10192X0095/P21B
673,307,2017-11-04,4.811397298,43.539904887,61.0,28.0,22.1,32.4,25.1,2017-11-04T02:51,2017-11-04T14:47,42973.36,41874.81,,,3.4,,0.0,3.4,8.0,,19.84,3.83,52.0,21.4,3.83,82.0,0.0,1011.6,960.4,,8.5,0.18,29.5,10192X0095/P21B
674,308,2017-11-05,4.811397298,43.539904887,63.0,25.5,21.7,28.3,24.2,2017-11-05T02:51,2017-11-05T14:47,42961.01,0.0,,,13.7,,0.0,13.7,10.0,,8.54,1.81,98.0,21.1,1.81,88.0,0.0,1012.3,960.8,,9.5,0.198,29.0,10192X0095/P21B
675,309,2017-11-06,4.811397298,43.539904887,53.0,27.3,21.6,31.9,25.0,2017-11-06T02:51,2017-11-06T14:47,42948.75,36304.52,,,2.1,,0.0,2.1,9.0,,16.36,3.27,70.0,21.0,3.27,86.0,0.0,1012.0,960.6,,6.6,0.203,28.7,10192X0095/P21B
676,310,2017-11-07,4.811397298,43.539904887,51.0,27.0,21.1,29.8,23.8,2017-11-07T02:51,2017-11-07T14:47,42936.58,42137.33,,,0.6,,0.0,0.6,3.0,,18.75,3.55,31.0,20.9,3.55,85.0,0.0,1012.1,960.7,,10.4,0.2,28.5,10192X0095/P21B
677,311,2017-11-08,4.811397298,43.539904887,51.0,27.9,20.6,31.5,23.5,2017-11-08T02:51,2017-11-08T14:47,42924.52,42144.1,,,0.2,,0.0,0.2,2.0,,19.76,3.87,22.0,20.6,3.87,83.0,0.0,1012.3,961.0,,11.3,0.197,28.2,10192X0095/P21B
678,312,2017-11-09,4.811397298,43.539904887,51.0,28.7,21.2,31.7,23.6,2017-11-09T02:52,2017-11-09T14:47,42912.56,42150.48,,,0.3,,0.0,0.3,1.0,,21.15,4.29,28.0,20.6,4.29,79.0,0.0,1011.5,960.4,,10.6,0.195,28.0,10192X0095/P21B
679,313,2017-11-10,4.811397298,43.539904887,55.0,28.5,21.8,31.9,24.6,2017-11-10T02:52,2017-11-10T14:47,42900.74,41430.13,,,1.7,,0.0,1.7,5.0,,19.62,3.95,55.0,21.3,3.95,82.0,0.0,1011.2,960.0,,11.1,0.193,28.0,10192X0095/P21B
680,314,2017-11-11,4.811397298,43.539904887,63.0,26.8,21.3,29.8,24.7,2017-11-11T02:52,2017-11-11T14:47,42889.05,39329.06,,,10.1,,0.0,10.1,7.0,,16.46,3.23,66.0,21.1,3.23,85.0,0.0,1012.1,960.8,,9.6,0.195,27.8,10192X0095/P21B
681,315,2017-11-12,4.811397298,43.539904887,63.0,27.1,20.7,30.9,24.2,2017-11-12T02:52,2017-11-12T14:47,42877.52,41924.3,,,5.8,,0.0,5.8,4.0,,18.72,3.59,32.0,21.0,3.59,85.0,0.0,1012.7,961.3,,7.5,0.196,27.7,10192X0095/P21B
682,316,2017-11-13,4.811397298,43.539904887,51.0,28.4,21.2,31.2,23.7,2017-11-13T02:53,2017-11-13T14:47,42866.15,42240.03,,,0.1,,0.0,0.1,1.0,,21.0,4.17,15.0,20.9,4.17,82.0,0.0,1011.9,960.7,,10.2,0.193,27.6,10192X0095/P21B
683,317,2017-11-14,4.811397298,43.539904887,51.0,29.2,19.9,30.4,21.0,2017-11-14T02:53,2017-11-14T14:47,42854.98,42243.62,,,0.7,,0.0,0.7,3.0,,20.01,4.47,30.0,18.5,4.47,74.0,0.0,1011.7,960.4,,13.7,0.19,27.4,10192X0095/P21B
684,318,2017-11-15,4.811397298,43.539904887,0.0,29.2,19.0,29.7,19.7,2017-11-15T02:53,2017-11-15T14:47,42843.98,42248.07,,,0.0,,0.0,0.0,0.0,,25.21,5.43,0.0,16.4,5.43,67.0,0.0,1012.2,960.7,,12.4,0.186,27.2,10192X0095/P21B
685,319,2017-11-16,4.811397298,43.539904887,0.0,29.1,18.9,29.7,18.8,2017-11-16T02:53,2017-11-16T14:47,42833.2,42253.38,,,0.0,,0.0,0.0,0.0,,25.03,5.48,0.0,16.4,5.48,66.0,0.0,1012.0,960.6,,14.8,0.182,27.1,10192X0095/P21B
686,320,2017-11-17,4.811397298,43.539904887,3.0,29.3,19.5,29.2,19.2,2017-11-17T02:54,2017-11-17T14:47,42822.65,42259.55,,,0.0,,0.0,0.0,0.0,,24.18,5.61,70.0,15.9,5.61,63.0,0.0,1012.0,960.7,,16.1,0.18,27.1,10192X0095/P21B
687,321,2017-11-18,4.811397298,43.539904887,3.0,30.1,18.5,30.3,18.3,2017-11-18T02:54,2017-11-18T14:47,42812.33,42266.55,,,0.0,,0.0,0.0,0.0,,24.65,6.07,78.0,14.2,6.07,56.0,0.0,1012.7,961.4,,14.7,0.178,27.2,10192X0095/P21B
688,322,2017-11-19,4.811397298,43.539904887,3.0,30.8,19.7,29.9,18.3,2017-11-19T02:54,2017-11-19T14:48,42802.26,42274.4,,,0.0,,0.0,0.0,0.0,,24.84,6.6,18.0,13.3,6.6,50.0,0.0,1013.0,961.8,,17.3,0.177,27.4,10192X0095/P21B
689,323,2017-11-20,4.811397298,43.539904887,3.0,31.4,19.8,30.5,17.7,2017-11-20T02:55,2017-11-20T14:48,42792.47,42283.09,,,0.0,,0.0,0.0,0.0,,24.64,6.83,14.0,13.5,6.83,49.0,0.0,1013.0,961.9,,17.6,0.175,27.7,10192X0095/P21B
690,324,2017-11-21,4.811397298,43.539904887,0.0,32.0,20.3,32.2,19.2,2017-11-21T02:55,2017-11-21T14:48,42782.95,42292.61,,,0.0,,0.0,0.0,0.0,,24.71,7.08,1.0,13.7,7.08,47.0,0.0,1011.0,960.1,,16.3,0.174,28.0,10192X0095/P21B
691,325,2017-11-22,4.811397298,43.539904887,2.0,32.9,20.9,33.9,20.9,2017-11-22T02:55,2017-11-22T14:48,42773.73,42193.78,,,0.0,,0.0,0.0,0.0,,21.8,6.44,14.0,14.5,6.44,49.0,0.0,1009.8,959.1,,13.3,0.174,28.5,10192X0095/P21B
692,326,2017-11-23,4.811397298,43.539904887,3.0,32.1,20.9,33.6,21.5,2017-11-23T02:55,2017-11-23T14:48,42764.82,41946.8,,,0.0,,0.0,0.0,0.0,,21.14,5.54,34.0,15.5,5.54,50.0,0.0,1010.0,959.3,,9.1,0.173,29.0,10192X0095/P21B
693,327,2017-11-24,4.811397298,43.539904887,3.0,32.2,21.6,33.5,23.1,2017-11-24T02:56,2017-11-24T14:48,42756.24,42326.12,,,0.0,,0.0,0.0,0.0,,21.9,6.13,16.0,16.5,6.13,54.0,0.0,1011.2,960.5,,13.0,0.173,29.3,10192X0095/P21B
694,328,2017-11-25,4.811397298,43.539904887,1.0,33.5,22.1,32.2,23.2,2017-11-25T02:56,2017-11-25T14:49,42747.98,42327.33,,,0.0,,0.0,0.0,0.0,,23.81,7.51,5.0,15.3,7.51,48.0,0.0,1012.2,961.5,,19.3,0.173,29.5,10192X0095/P21B
695,329,2017-11-26,4.811397298,43.539904887,51.0,32.0,22.3,30.3,22.0,2017-11-26T02:57,2017-11-26T14:49,42739.95,29404.9,,,0.5,,0.0,0.5,2.0,,19.1,6.63,59.0,16.9,6.63,58.0,0.0,1014.4,963.4,,26.1,0.172,29.5,10192X0095/P21B
696,330,2017-11-27,4.811397298,43.539904887,3.0,31.0,23.2,29.4,23.7,2017-11-27T02:57,2017-11-27T14:49,42732.14,33583.6,,,0.0,,0.0,0.0,0.0,,19.07,5.96,58.0,17.3,5.96,60.0,0.0,1013.8,962.8,,22.7,0.173,29.3,10192X0095/P21B
697,331,2017-11-28,4.811397298,43.539904887,2.0,31.9,22.0,31.3,23.0,2017-11-28T02:57,2017-11-28T14:49,42724.56,42303.72,,,0.0,,0.0,0.0,0.0,,23.76,6.82,8.0,15.9,6.82,53.0,0.0,1012.8,961.9,,19.4,0.172,29.4,10192X0095/P21B
698,332,2017-11-29,4.811397298,43.539904887,1.0,32.6,21.4,32.9,22.2,2017-11-29T02:58,2017-11-29T14:50,42717.22,42296.27,,,0.0,,0.0,0.0,0.0,,23.89,6.98,5.0,15.8,6.98,52.0,0.0,1013.0,962.2,,18.9,0.171,29.6,10192X0095/P21B
699,333,2017-11-30,4.811397298,43.539904887,3.0,31.9,20.9,31.4,20.9,2017-11-30T02:58,2017-11-30T14:50,42710.13,42289.05,,,0.0,,0.0,0.0,0.0,,24.45,6.77,23.0,14.0,6.77,49.0,0.0,1013.3,962.3,,17.0,0.17,29.7,10192X0095/P21B
700,334,2017-12-01,4.811397298,43.539904887,0.0,31.6,20.4,30.7,21.2,2017-12-01T02:59,2017-12-01T14:50,42703.3,42282.06,,,0.0,,0.0,0.0,0.0,,24.48,6.63,0.0,12.9,6.63,48.0,0.0,1012.1,961.1,,15.1,0.17,29.7,10192X0095/P21B
701,335,2017-12-02,4.811397298,43.539904887,0.0,31.9,20.8,32.0,19.8,2017-12-02T02:59,2017-12-02T14:51,42696.73,42275.33,,,0.0,,0.0,0.0,0.0,,24.29,6.85,0.0,12.6,6.85,44.0,0.0,1012.0,961.1,,14.8,0.169,29.8,10192X0095/P21B
702,336,2017-12-03,4.811397298,43.539904887,0.0,32.4,20.9,31.4,21.2,2017-12-03T03:00,2017-12-03T14:51,42690.44,42268.86,,,0.0,,0.0,0.0,0.0,,24.4,6.93,0.0,12.5,6.93,45.0,0.0,1012.6,961.6,,15.9,0.169,29.9,10192X0095/P21B
703,337,2017-12-04,4.811397298,43.539904887,1.0,32.1,20.8,30.2,19.5,2017-12-04T03:00,2017-12-04T14:51,42684.44,42262.65,,,0.0,,0.0,0.0,0.0,,24.5,7.63,1.0,9.9,7.63,38.0,0.0,1012.8,961.9,,18.1,0.169,29.9,10192X0095/P21B
704,338,2017-12-05,4.811397298,43.539904887,2.0,31.8,20.6,30.5,18.5,2017-12-05T03:00,2017-12-05T14:52,42678.73,42256.73,,,0.0,,0.0,0.0,0.0,,24.29,7.15,20.0,12.1,7.15,43.0,0.0,1012.1,961.2,,18.3,0.168,29.8,10192X0095/P21B
705,339,2017-12-06,4.811397298,43.539904887,3.0,31.7,20.6,30.0,18.0,2017-12-06T03:01,2017-12-06T14:52,42673.32,42251.1,,,0.0,,0.0,0.0,0.0,,24.45,7.66,42.0,9.8,7.66,38.0,0.0,1011.3,960.4,,19.9,0.168,29.8,10192X0095/P21B
706,340,2017-12-07,4.811397298,43.539904887,3.0,32.0,20.0,29.9,16.7,2017-12-07T03:01,2017-12-07T14:53,42668.23,42245.76,,,0.0,,0.0,0.0,0.0,,24.54,7.95,18.0,10.3,7.95,38.0,0.0,1010.9,960.0,,21.7,0.168,29.7,10192X0095/P21B
707,341,2017-12-08,4.811397298,43.539904887,3.0,31.4,20.3,28.9,18.9,2017-12-08T03:02,2017-12-08T14:53,42663.46,42240.74,,,0.0,,0.0,0.0,0.0,,24.47,8.12,83.0,10.5,8.12,41.0,0.0,1011.4,960.5,,24.3,0.167,29.6,10192X0095/P21B
708,342,2017-12-09,4.811397298,43.539904887,3.0,31.1,19.9,27.7,16.5,2017-12-09T03:02,2017-12-09T14:53,42659.03,42236.05,,,0.0,,0.0,0.0,0.0,,24.17,7.98,43.0,9.5,7.98,37.0,0.0,1012.4,961.3,,22.8,0.167,29.5,10192X0095/P21B
709,343,2017-12-10,4.811397298,43.539904887,3.0,31.3,20.7,28.8,18.6,2017-12-10T03:03,2017-12-10T14:54,42654.93,42231.68,,,0.0,,0.0,0.0,0.0,,24.42,7.85,87.0,9.7,7.85,38.0,0.0,1013.1,962.0,,21.2,0.167,29.5,10192X0095/P21B
710,344,2017-12-11,4.811397298,43.539904887,3.0,30.9,19.5,27.9,16.7,2017-12-11T03:03,2017-12-11T14:54,42651.19,42227.65,,,0.0,,0.0,0.0,0.0,,24.7,7.98,37.0,7.2,7.98,34.0,0.0,1014.2,963.0,,21.7,0.167,29.4,10192X0095/P21B
711,345,2017-12-12,4.811397298,43.539904887,3.0,31.1,19.4,28.1,16.2,2017-12-12T03:04,2017-12-12T14:55,42647.81,42223.99,,,0.0,,0.0,0.0,0.0,,24.72,8.11,73.0,6.3,8.11,32.0,0.0,1014.3,963.1,,21.4,0.166,29.2,10192X0095/P21B
712,346,2017-12-13,4.811397298,43.539904887,3.0,31.0,19.4,27.9,15.5,2017-12-13T03:04,2017-12-13T14:55,42644.8,42220.69,,,0.0,,0.0,0.0,0.0,,24.55,7.86,9.0,6.7,7.86,33.0,0.0,1013.6,962.4,,20.5,0.166,29.1,10192X0095/P21B
713,347,2017-12-14,4.811397298,43.539904887,3.0,31.5,19.4,29.4,16.7,2017-12-14T03:05,2017-12-14T14:55,42642.17,42217.76,,,0.0,,0.0,0.0,0.0,,24.35,7.77,68.0,8.7,7.77,36.0,0.0,1012.5,961.4,,19.7,0.166,29.2,10192X0095/P21B
714,348,2017-12-15,4.811397298,43.539904887,3.0,33.2,20.3,31.7,18.2,2017-12-15T03:05,2017-12-15T14:56,42639.93,42215.4,,,0.0,,0.0,0.0,0.0,,23.12,7.7,57.0,10.9,7.7,39.0,0.0,1011.6,960.8,,19.2,0.166,29.4,10192X0095/P21B
715,349,2017-12-16,4.811397298,43.539904887,2.0,33.4,21.7,32.2,21.3,2017-12-16T03:06,2017-12-16T14:56,42638.03,42213.68,,,0.0,,0.0,0.0,0.0,,24.19,7.85,36.0,14.0,7.85,45.0,0.0,1011.5,960.8,,21.8,0.165,29.6,10192X0095/P21B
716,350,2017-12-17,4.811397298,43.539904887,1.0,32.6,22.2,31.6,21.5,2017-12-17T03:06,2017-12-17T14:57,42636.48,42212.3,,,0.0,,0.0,0.0,0.0,,23.44,7.27,16.0,14.9,7.27,48.0,0.0,1012.4,961.6,,21.5,0.165,29.8,10192X0095/P21B
717,351,2017-12-18,4.811397298,43.539904887,3.0,32.9,22.8,30.8,21.2,2017-12-18T03:07,2017-12-18T14:57,42635.28,42211.24,,,0.0,,0.0,0.0,0.0,,23.71,8.5,32.0,12.7,8.5,42.0,0.0,1012.8,962.1,,25.1,0.165,29.9,10192X0095/P21B
718,352,2017-12-19,4.811397298,43.539904887,0.0,32.5,21.4,28.8,18.3,2017-12-19T03:07,2017-12-19T14:58,42634.42,42210.51,,,0.0,,0.0,0.0,0.0,,24.18,9.26,0.0,9.4,9.26,35.0,0.0,1012.9,962.0,,28.5,0.165,29.9,10192X0095/P21B
719,353,2017-12-20,4.811397298,43.539904887,0.0,32.3,20.9,28.6,18.0,2017-12-20T03:08,2017-12-20T14:58,42633.9,42210.1,,,0.0,,0.0,0.0,0.0,,24.3,8.92,0.0,7.0,8.92,32.0,0.0,1014.2,963.2,,24.2,0.165,29.8,10192X0095/P21B
720,354,2017-12-21,4.811397298,43.539904887,0.0,32.0,20.9,28.3,17.3,2017-12-21T03:08,2017-12-21T14:59,42633.72,42210.02,,,0.0,,0.0,0.0,0.0,,24.16,9.15,0.0,6.5,9.15,30.0,0.0,1014.4,963.4,,24.7,0.164,29.8,10192X0095/P21B
721,355,2017-12-22,4.811397298,43.539904887,2.0,31.8,20.6,28.6,16.2,2017-12-22T03:09,2017-12-22T14:59,42633.89,42210.26,,,0.0,,0.0,0.0,0.0,,24.24,8.65,8.0,5.6,8.65,27.0,0.0,1013.6,962.6,,21.1,0.164,29.7,10192X0095/P21B
722,356,2017-12-23,4.811397298,43.539904887,0.0,32.7,21.0,28.7,18.9,2017-12-23T03:09,2017-12-23T15:00,42634.38,42210.82,,,0.0,,0.0,0.0,0.0,,24.18,8.75,0.0,8.2,8.75,34.0,0.0,1012.0,961.1,,24.9,0.164,29.7,10192X0095/P21B
723,357,2017-12-24,4.811397298,43.539904887,3.0,33.4,20.8,28.1,17.0,2017-12-24T03:10,2017-12-24T15:00,42635.22,42211.71,,,0.0,,0.0,0.0,0.0,,24.34,9.86,28.0,4.8,9.86,28.0,0.0,1011.4,960.6,,26.7,0.164,29.7,10192X0095/P21B
724,358,2017-12-25,4.811397298,43.539904887,3.0,32.5,21.1,28.8,19.2,2017-12-25T03:10,2017-12-25T15:01,42636.4,42212.9,,,0.0,,0.0,0.0,0.0,,23.82,8.94,49.0,8.6,8.94,35.0,0.0,1012.1,961.2,,25.1,0.164,29.7,10192X0095/P21B
725,359,2017-12-26,4.811397298,43.539904887,3.0,32.8,21.3,30.1,19.1,2017-12-26T03:11,2017-12-26T15:01,42637.91,42214.42,,,0.0,,0.0,0.0,0.0,,24.41,8.41,31.0,9.6,8.41,36.0,0.0,1011.7,960.9,,22.2,0.164,29.7,10192X0095/P21B
726,360,2017-12-27,4.811397298,43.539904887,3.0,32.4,21.0,29.9,19.6,2017-12-27T03:11,2017-12-27T15:02,42639.74,42216.25,,,0.0,,0.0,0.0,0.0,,24.24,7.98,57.0,11.5,7.98,41.0,0.0,1011.1,960.3,,22.2,0.163,29.8,10192X0095/P21B
727,361,2017-12-28,4.811397298,43.539904887,3.0,32.0,21.1,30.3,18.6,2017-12-28T03:12,2017-12-28T15:02,42641.92,42218.39,,,0.0,,0.0,0.0,0.0,,24.26,7.84,44.0,10.7,7.84,38.0,0.0,1011.3,960.4,,20.3,0.163,29.8,10192X0095/P21B
728,362,2017-12-29,4.811397298,43.539904887,3.0,31.4,20.6,29.4,18.8,2017-12-29T03:12,2017-12-29T15:03,42644.42,42220.84,,,0.0,,0.0,0.0,0.0,,24.38,7.75,64.0,9.7,7.75,38.0,0.0,1012.6,961.6,,20.2,0.163,29.8,10192X0095/P21B
729,363,2017-12-30,4.811397298,43.539904887,3.0,31.7,20.5,29.2,18.8,2017-12-30T03:13,2017-12-30T15:03,42647.24,42199.54,,,0.0,,0.0,0.0,0.0,,24.43,7.89,58.0,10.6,7.89,40.0,0.0,1012.4,961.5,,21.9,0.163,29.7,10192X0095/P21B
730,364,2017-12-31,4.811397298,43.539904887,3.0,30.9,20.1,28.2,18.3,2017-12-31T03:13,2017-12-31T15:04,42650.4,42172.28,,,0.0,,0.0,0.0,0.0,,24.72,8.02,24.0,8.7,8.02,37.0,0.0,1011.6,960.6,,21.9,0.163,29.7,10192X0095/P21B
731,0,2018-01-01,4.811397298,43.539904887,3.0,31.2,19.8,28.8,17.0,2018-01-01T03:14,2018-01-01T15:04,42653.87,42145.83,,,0.0,,0.0,0.0,0.0,,24.83,7.98,20.0,7.9,7.98,34.0,0.0,1010.3,959.3,,20.5,0.163,29.5,10192X0095/P21B
732,1,2018-01-02,4.811397298,43.539904887,3.0,30.7,19.5,28.8,16.4,2018-01-02T03:14,2018-01-02T15:05,42657.67,42120.28,,,0.0,,0.0,0.0,0.0,,24.88,7.7,17.0,8.8,7.7,36.0,0.0,1009.6,958.6,,19.2,0.163,29.4,10192X0095/P21B
733,2,2018-01-03,4.811397298,43.539904887,2.0,31.1,20.4,28.2,17.3,2018-01-03T03:14,2018-01-03T15:05,42661.78,42095.73,,,0.0,,0.0,0.0,0.0,,24.51,8.46,9.0,9.3,8.46,36.0,0.0,1010.4,959.5,,24.2,0.162,29.4,10192X0095/P21B
734,3,2018-01-04,4.811397298,43.539904887,2.0,31.1,20.2,28.1,18.3,2018-01-04T03:15,2018-01-04T15:06,42666.22,42072.25,,,0.0,,0.0,0.0,0.0,,24.6,8.11,19.0,9.7,8.11,38.0,0.0,1011.0,960.0,,22.6,0.162,29.4,10192X0095/P21B
735,4,2018-01-05,4.811397298,43.539904887,0.0,30.8,20.1,28.0,17.2,2018-01-05T03:15,2018-01-05T15:06,42671.03,42049.31,,,0.0,,0.0,0.0,0.0,,24.69,8.4,0.0,8.6,8.4,35.0,0.0,1010.4,959.5,,23.5,0.162,29.3,10192X0095/P21B
736,5,2018-01-06,4.811397298,43.539904887,1.0,30.8,20.0,27.6,17.0,2018-01-06T03:16,2018-01-06T15:07,42676.22,42026.64,,,0.0,,0.0,0.0,0.0,,24.57,8.34,1.0,8.2,8.34,34.0,0.0,1010.6,959.6,,22.4,0.162,29.3,10192X0095/P21B
737,6,2018-01-07,4.811397298,43.539904887,0.0,31.4,20.2,28.5,18.7,2018-01-07T03:16,2018-01-07T15:07,42681.78,42004.28,,,0.0,,0.0,0.0,0.0,,24.56,8.28,0.0,8.6,8.28,35.0,0.0,1011.3,960.3,,21.6,0.162,29.3,10192X0095/P21B
738,7,2018-01-08,4.811397298,43.539904887,3.0,32.1,20.3,29.3,17.1,2018-01-08T03:16,2018-01-08T15:08,42687.68,41982.28,,,0.0,,0.0,0.0,0.0,,24.65,8.88,49.0,9.1,8.88,35.0,0.0,1011.4,960.6,,24.8,0.162,29.3,10192X0095/P21B
739,8,2018-01-09,4.811397298,43.539904887,3.0,31.8,20.6,28.7,18.6,2018-01-09T03:17,2018-01-09T15:08,42693.92,41912.69,,,0.0,,0.0,0.0,0.0,,24.4,8.73,31.0,9.9,8.73,39.0,0.0,1012.5,961.6,,26.0,0.162,29.4,10192X0095/P21B
740,9,2018-01-10,4.811397298,43.539904887,3.0,32.1,20.1,27.6,16.2,2018-01-10T03:17,2018-01-10T15:09,42700.49,41939.58,,,0.0,,0.0,0.0,0.0,,24.58,9.59,24.0,6.8,9.59,31.0,0.0,1012.8,961.8,,28.3,0.162,29.4,10192X0095/P21B
741,10,2018-01-11,4.811397298,43.539904887,3.0,31.2,20.2,27.3,15.9,2018-01-11T03:17,2018-01-11T15:09,42707.38,40183.04,,,0.0,,0.0,0.0,0.0,,24.16,9.23,57.0,8.3,9.23,35.0,0.0,1012.7,961.6,,30.0,0.162,29.4,10192X0095/P21B
742,11,2018-01-12,4.811397298,43.539904887,3.0,29.9,19.2,24.2,15.3,2018-01-12T03:18,2018-01-12T15:10,42714.56,41898.93,,,0.0,,0.0,0.0,0.0,,24.83,9.6,28.0,0.3,9.6,25.0,0.0,1013.7,962.4,,28.4,0.161,29.2,10192X0095/P21B
743,12,2018-01-13,4.811397298,43.539904887,3.0,29.0,18.0,25.6,14.1,2018-01-13T03:18,2018-01-13T15:10,42722.05,41879.5,,,0.0,,0.0,0.0,0.0,,25.33,8.06,35.0,5.1,8.06,32.0,0.0,1013.6,962.1,,22.4,0.161,28.9,10192X0095/P21B
744,13,2018-01-14,4.811397298,43.539904887,3.0,30.2,18.9,28.2,15.8,2018-01-14T03:18,2018-01-14T15:10,42729.81,41860.74,,,0.0,,0.0,0.0,0.0,,25.31,7.68,45.0,7.6,7.68,35.0,0.0,1012.5,961.3,,19.1,0.161,28.9,10192X0095/P21B
745,14,2018-01-15,4.811397298,43.539904887,3.0,31.4,20.0,30.2,17.3,2018-01-15T03:19,2018-01-15T15:11,42737.84,41698.5,,,0.0,,0.0,0.0,0.0,,25.11,7.63,24.0,10.4,7.63,39.0,0.0,1012.3,961.3,,19.5,0.161,29.0,10192X0095/P21B
746,15,2018-01-16,4.811397298,43.539904887,2.0,32.5,20.8,31.4,18.9,2018-01-16T03:19,2018-01-16T15:11,42746.13,41702.85,,,0.0,,0.0,0.0,0.0,,25.01,7.74,21.0,12.3,7.74,42.0,0.0,1011.4,960.6,,20.0,0.161,29.2,10192X0095/P21B
747,16,2018-01-17,4.811397298,43.539904887,3.0,32.5,21.6,31.6,20.0,2018-01-17T03:19,2018-01-17T15:12,42754.67,41459.67,,,0.0,,0.0,0.0,0.0,,24.78,7.71,15.0,13.1,7.71,43.0,0.0,1010.1,959.4,,20.4,0.161,29.4,10192X0095/P21B
748,17,2018-01-18,4.811397298,43.539904887,2.0,32.9,22.1,31.7,20.9,2018-01-18T03:19,2018-01-18T15:12,42763.43,41463.38,,,0.0,,0.0,0.0,0.0,,24.93,8.44,5.0,12.4,8.44,40.0,0.0,1009.7,959.1,,22.0,0.161,29.6,10192X0095/P21B
749,18,2018-01-19,4.811397298,43.539904887,3.0,32.3,21.6,30.9,20.4,2018-01-19T03:20,2018-01-19T15:13,42772.42,41466.53,,,0.0,,0.0,0.0,0.0,,25.02,8.3,18.0,13.3,8.3,45.0,0.0,1010.9,960.2,,24.4,0.161,29.7,10192X0095/P21B
750,19,2018-01-20,4.811397298,43.539904887,0.0,32.9,21.6,30.8,19.2,2018-01-20T03:20,2018-01-20T15:13,42781.63,41469.15,,,0.0,,0.0,0.0,0.0,,25.36,8.78,0.0,12.3,8.78,41.0,0.0,1011.3,960.6,,25.5,0.161,29.8,10192X0095/P21B
751,20,2018-01-21,4.811397298,43.539904887,0.0,33.2,21.6,30.5,20.1,2018-01-21T03:20,2018-01-21T15:13,42791.04,41471.25,,,0.0,,0.0,0.0,0.0,,25.31,8.85,0.0,10.4,8.85,37.0,0.0,1011.8,961.1,,23.5,0.161,29.9,10192X0095/P21B
752,21,2018-01-22,4.811397298,43.539904887,3.0,33.5,21.0,29.2,18.7,2018-01-22T03:20,2018-01-22T15:14,42800.64,41472.79,,,0.0,,0.0,0.0,0.0,,25.57,9.33,8.0,8.2,9.33,34.0,0.0,1010.9,960.2,,25.1,0.161,29.9,10192X0095/P21B
753,22,2018-01-23,4.811397298,43.539904887,3.0,32.3,20.8,29.7,18.7,2018-01-23T03:20,2018-01-23T15:14,42810.41,41228.83,,,0.0,,0.0,0.0,0.0,,25.3,8.06,35.0,11.4,8.06,41.0,0.0,1010.5,959.7,,22.5,0.16,29.9,10192X0095/P21B
754,23,2018-01-24,4.811397298,43.539904887,0.0,31.7,20.5,30.6,19.3,2018-01-24T03:21,2018-01-24T15:14,42820.38,41229.54,,,0.0,,0.0,0.0,0.0,,25.56,7.96,1.0,9.7,7.96,38.0,0.0,1010.6,959.7,,18.8,0.16,30.0,10192X0095/P21B
755,24,2018-01-25,4.811397298,43.539904887,0.0,31.8,20.5,30.7,17.3,2018-01-25T03:21,2018-01-25T15:15,42830.64,41473.86,,,0.0,,0.0,0.0,0.0,,25.9,8.13,0.0,7.7,8.13,32.0,0.0,1010.2,959.3,,17.9,0.16,29.9,10192X0095/P21B
756,25,2018-01-26,4.811397298,43.539904887,0.0,31.9,20.5,31.0,18.0,2018-01-26T03:21,2018-01-26T15:15,42841.2,41473.08,,,0.0,,0.0,0.0,0.0,,25.98,7.89,0.0,9.8,7.89,37.0,0.0,1010.5,959.6,,17.9,0.16,29.9,10192X0095/P21B
757,26,2018-01-27,4.811397298,43.539904887,0.0,31.2,20.1,30.2,19.3,2018-01-27T03:21,2018-01-27T15:15,42852.05,41228.4,,,0.0,,0.0,0.0,0.0,,25.75,7.44,0.0,11.1,7.44,41.0,0.0,1010.8,959.9,,17.3,0.16,30.0,10192X0095/P21B
758,27,2018-01-28,4.811397298,43.539904887,0.0,31.7,20.3,31.2,19.8,2018-01-28T03:21,2018-01-28T15:15,42863.16,41227.02,,,0.0,,0.0,0.0,0.0,,25.76,7.23,0.0,11.9,7.23,44.0,0.0,1010.8,959.9,,16.3,0.16,30.0,10192X0095/P21B
759,28,2018-01-29,4.811397298,43.539904887,3.0,32.2,20.4,31.3,18.3,2018-01-29T03:21,2018-01-29T15:16,42874.53,41225.17,,,0.0,,0.0,0.0,0.0,,25.83,7.88,35.0,10.2,7.88,37.0,0.0,1010.5,959.7,,17.3,0.16,30.1,10192X0095/P21B
760,29,2018-01-30,4.811397298,43.539904887,3.0,32.0,20.0,30.5,18.6,2018-01-30T03:21,2018-01-30T15:16,42886.13,41222.85,,,0.0,,0.0,0.0,0.0,,25.96,8.08,57.0,10.8,8.08,40.0,0.0,1011.0,960.1,,20.6,0.16,30.1,10192X0095/P21B
761,30,2018-01-31,4.811397298,43.539904887,3.0,31.5,20.3,28.8,18.0,2018-01-31T03:21,2018-01-31T15:16,42897.96,41220.08,,,0.0,,0.0,0.0,0.0,,25.84,8.15,49.0,11.3,8.15,42.0,0.0,1012.0,961.0,,25.3,0.16,30.0,10192X0095/P21B
762,31,2018-02-01,4.811397298,43.539904887,3.0,32.1,20.5,29.0,18.9,2018-02-01T03:21,2018-02-01T15:16,42909.99,41216.88,,,0.0,,0.0,0.0,0.0,,25.9,8.51,27.0,10.7,8.51,41.0,0.0,1012.1,961.1,,25.4,0.16,29.9,10192X0095/P21B
763,32,2018-02-02,4.811397298,43.539904887,0.0,31.8,20.8,29.4,19.2,2018-02-02T03:21,2018-02-02T15:17,42922.22,41213.27,,,0.0,,0.0,0.0,0.0,,25.86,7.76,0.0,12.4,7.76,44.0,0.0,1012.0,961.1,,22.1,0.16,29.8,10192X0095/P21B
764,33,2018-02-03,4.811397298,43.539904887,3.0,32.9,21.4,32.3,21.3,2018-02-03T03:21,2018-02-03T15:17,42934.63,41209.27,,,0.0,,0.0,0.0,0.0,,25.78,8.15,36.0,13.3,8.15,44.0,0.0,1011.7,961.0,,21.0,0.16,29.9,10192X0095/P21B
765,34,2018-02-04,4.811397298,43.539904887,3.0,32.3,22.2,30.6,21.0,2018-02-04T03:21,2018-02-04T15:17,42947.2,40964.49,,,0.0,,0.0,0.0,0.0,,25.76,8.34,38.0,12.9,8.34,43.0,0.0,1011.7,960.9,,24.5,0.16,30.0,10192X0095/P21B
766,35,2018-02-05,4.811397298,43.539904887,2.0,32.6,21.3,29.4,17.5,2018-02-05T03:21,2018-02-05T15:17,42959.93,40960.09,,,0.0,,0.0,0.0,0.0,,25.78,9.66,13.0,9.4,9.66,34.0,0.0,1011.7,960.9,,27.7,0.159,30.0,10192X0095/P21B
767,36,2018-02-06,4.811397298,43.539904887,0.0,32.8,20.3,29.0,16.3,2018-02-06T03:21,2018-02-06T15:18,42972.79,41194.97,,,0.0,,0.0,0.0,0.0,,26.62,9.81,0.0,7.3,9.81,33.0,0.0,1012.0,961.1,,29.2,0.159,30.0,10192X0095/P21B
768,37,2018-02-07,4.811397298,43.539904887,3.0,32.3,19.5,27.7,15.5,2018-02-07T03:21,2018-02-07T15:18,42985.78,41428.75,,,0.0,,0.0,0.0,0.0,,27.1,9.86,18.0,3.2,9.86,27.0,0.0,1012.0,961.0,,27.4,0.159,29.8,10192X0095/P21B
769,38,2018-02-08,4.811397298,43.539904887,3.0,32.7,19.7,29.8,16.1,2018-02-08T03:21,2018-02-08T15:18,42998.87,41422.6,,,0.0,,0.0,0.0,0.0,,27.14,9.08,39.0,4.8,9.08,28.0,0.0,1011.3,960.4,,22.1,0.159,29.8,10192X0095/P21B
770,39,2018-02-09,4.811397298,43.539904887,3.0,32.7,20.0,31.2,18.5,2018-02-09T03:21,2018-02-09T15:18,43012.06,41177.56,,,0.0,,0.0,0.0,0.0,,26.55,8.03,68.0,10.7,8.03,41.0,0.0,1010.9,960.1,,19.8,0.159,29.9,10192X0095/P21B
771,40,2018-02-10,4.811397298,43.539904887,3.0,33.7,21.3,33.9,20.4,2018-02-10T03:21,2018-02-10T15:18,43025.34,41171.11,,,0.0,,0.0,0.0,0.0,,26.01,8.39,37.0,13.6,8.39,43.0,0.0,1010.3,959.7,,19.8,0.159,30.1,10192X0095/P21B
772,41,2018-02-11,4.811397298,43.539904887,3.0,33.2,22.9,33.2,23.5,2018-02-11T03:21,2018-02-11T15:18,43038.68,39975.12,,,0.0,,0.0,0.0,0.0,,22.31,7.29,74.0,16.3,7.29,50.0,0.0,1011.9,961.3,,19.6,0.159,30.5,10192X0095/P21B
773,42,2018-02-12,4.811397298,43.539904887,3.0,33.8,23.0,33.6,23.4,2018-02-12T03:21,2018-02-12T15:18,43052.08,40682.33,,,0.0,,0.0,0.0,0.0,,22.18,7.78,56.0,14.9,7.78,45.0,0.0,1012.9,962.3,,19.5,0.159,30.6,10192X0095/P21B
774,43,2018-02-13,4.811397298,43.539904887,1.0,34.5,23.1,33.4,23.9,2018-02-13T03:21,2018-02-13T15:18,43065.55,41150.05,,,0.0,,0.0,0.0,0.0,,26.22,8.46,5.0,13.3,8.46,41.0,0.0,1013.6,963.0,,18.2,0.159,30.9,10192X0095/P21B
775,44,2018-02-14,4.811397298,43.539904887,3.0,34.3,22.3,34.2,22.5,2018-02-14T03:21,2018-02-14T15:19,43079.21,41142.3,,,0.0,,0.0,0.0,0.0,,26.43,8.53,41.0,12.4,8.53,41.0,0.0,1013.0,962.3,,18.4,0.159,31.1,10192X0095/P21B
776,45,2018-02-15,4.811397298,43.539904887,3.0,34.5,22.2,32.9,20.5,2018-02-15T03:20,2018-02-15T15:19,43093.06,41370.6,,,0.0,,0.0,0.0,0.0,,26.74,9.3,66.0,10.9,9.3,36.0,0.0,1013.2,962.6,,21.5,0.159,31.1,10192X0095/P21B
777,46,2018-02-16,4.811397298,43.539904887,3.0,34.0,22.5,33.7,21.5,2018-02-16T03:20,2018-02-16T15:19,43107.11,41361.6,,,0.0,,0.0,0.0,0.0,,23.41,8.02,18.0,14.5,8.02,45.0,0.0,1013.2,962.6,,21.5,0.159,31.2,10192X0095/P21B
778,47,2018-02-17,4.811397298,43.539904887,3.0,34.9,24.2,36.4,24.8,2018-02-17T03:20,2018-02-17T15:19,43121.31,40880.37,,,0.0,,0.0,0.0,0.0,,21.82,7.17,30.0,16.0,7.17,45.0,0.0,1011.0,960.6,,16.0,0.159,31.5,10192X0095/P21B
779,48,2018-02-18,4.811397298,43.539904887,3.0,34.9,23.8,34.4,24.4,2018-02-18T03:20,2018-02-18T15:19,43135.69,41106.77,,,0.0,,0.0,0.0,0.0,,26.21,8.49,18.0,14.1,8.49,42.0,0.0,1009.8,959.5,,18.6,0.159,31.7,10192X0095/P21B
780,49,2018-02-19,4.811397298,43.539904887,3.0,33.6,23.1,34.7,24.5,2018-02-19T03:20,2018-02-19T15:19,43150.19,41332.21,,,0.0,,0.0,0.0,0.0,,22.86,7.15,72.0,14.8,7.15,44.0,0.0,1009.5,959.1,,13.7,0.158,31.8,10192X0095/P21B
781,50,2018-02-20,4.811397298,43.539904887,3.0,35.0,23.6,35.8,23.6,2018-02-20T03:19,2018-02-20T15:19,43164.84,38688.28,,,0.0,,0.0,0.0,0.0,,23.89,8.0,66.0,14.3,8.0,40.0,0.0,1008.5,958.3,,15.5,0.158,32.0,10192X0095/P21B
782,51,2018-02-21,4.811397298,43.539904887,3.0,33.7,24.2,34.8,25.3,2018-02-21T03:19,2018-02-21T15:19,43179.6,41310.99,,,0.0,,0.0,0.0,0.0,,22.2,7.23,57.0,15.8,7.23,45.0,0.0,1008.0,957.8,,16.2,0.158,32.1,10192X0095/P21B
783,52,2018-02-22,4.811397298,43.539904887,3.0,35.0,23.3,34.6,23.4,2018-02-22T03:19,2018-02-22T15:19,43194.47,41534.45,,,0.0,,0.0,0.0,0.0,,26.61,8.94,13.0,13.5,8.94,40.0,0.0,1007.7,957.5,,20.5,0.158,32.2,10192X0095/P21B
784,53,2018-02-23,4.811397298,43.539904887,2.0,35.3,23.1,35.1,22.6,2018-02-23T03:19,2018-02-23T15:19,43209.43,41522.93,,,0.0,,0.0,0.0,0.0,,26.78,8.79,6.0,13.6,8.79,40.0,0.0,1007.4,957.2,,19.3,0.158,32.3,10192X0095/P21B
785,54,2018-02-24,4.811397298,43.539904887,3.0,36.1,23.4,35.8,23.2,2018-02-24T03:18,2018-02-24T15:19,43224.47,41745.17,,,0.0,,0.0,0.0,0.0,,26.64,8.7,68.0,14.0,8.7,41.0,0.0,1008.2,958.0,,18.0,0.158,32.5,10192X0095/P21B
786,55,2018-02-25,4.811397298,43.539904887,3.0,34.6,23.2,38.0,25.4,2018-02-25T03:18,2018-02-25T15:19,43239.58,41499.41,,,0.0,,0.0,0.0,0.0,,25.41,6.56,21.0,17.2,6.56,51.0,0.0,1009.6,959.2,,9.2,0.158,32.8,10192X0095/P21B
787,56,2018-02-26,4.811397298,43.539904887,0.0,36.0,23.9,37.7,25.6,2018-02-26T03:18,2018-02-26T15:19,43254.74,41720.86,,,0.0,,0.0,0.0,0.0,,26.43,8.59,2.0,15.8,8.59,44.0,0.0,1008.1,958.1,,16.9,0.158,33.0,10192X0095/P21B
788,57,2018-02-27,4.811397298,43.539904887,3.0,35.1,24.4,35.0,23.9,2018-02-27T03:18,2018-02-27T15:19,43269.95,41708.57,,,0.0,,0.0,0.0,0.0,,26.44,8.87,53.0,14.8,8.87,42.0,0.0,1008.3,958.1,,22.4,0.158,33.0,10192X0095/P21B
789,58,2018-02-28,4.811397298,43.539904887,2.0,34.6,24.0,35.5,23.6,2018-02-28T03:17,2018-02-28T15:19,43285.19,41463.24,,,0.0,,0.0,0.0,0.0,,26.37,8.22,10.0,14.2,8.22,40.0,0.0,1008.4,958.2,,16.1,0.158,33.1,10192X0095/P21B
790,59,2018-03-01,4.811397298,43.539904887,3.0,35.6,23.3,37.3,23.5,2018-03-01T03:17,2018-03-01T15:19,43300.44,41916.59,,,0.0,,0.0,0.0,0.0,,25.23,8.21,33.0,14.1,8.21,40.0,0.0,1007.3,957.2,,15.5,0.158,33.2,10192X0095/P21B
791,60,2018-03-02,4.811397298,43.539904887,51.0,33.4,23.5,36.9,24.1,2018-03-02T03:17,2018-03-02T15:18,43315.7,41438.85,,,0.3,,0.0,0.3,2.0,,23.82,6.39,73.0,16.6,6.39,50.0,0.0,1009.6,959.1,,10.3,0.158,33.4,10192X0095/P21B
792,61,2018-03-03,4.811397298,43.539904887,51.0,32.2,24.4,32.8,26.7,2018-03-03T03:16,2018-03-03T15:18,43330.95,35185.88,,,0.3,,0.0,0.3,2.0,,16.88,5.12,73.0,18.1,5.12,56.0,0.0,1009.8,959.3,,11.4,0.158,33.1,10192X0095/P21B
793,62,2018-03-04,4.811397298,43.539904887,3.0,34.5,24.3,33.1,25.0,2018-03-04T03:16,2018-03-04T15:18,43346.19,41878.94,,,0.0,,0.0,0.0,0.0,,26.63,8.93,38.0,12.9,8.93,38.0,0.0,1008.8,958.6,,18.6,0.158,32.9,10192X0095/P21B
794,63,2018-03-05,4.811397298,43.539904887,53.0,33.0,22.6,33.1,25.2,2018-03-05T03:16,2018-03-05T15:18,43361.42,34440.04,,,2.1,,0.0,2.1,4.0,,23.41,6.45,90.0,16.2,6.45,53.0,0.0,1011.2,960.5,,11.5,0.159,32.8,10192X0095/P21B
795,64,2018-03-06,4.811397298,43.539904887,3.0,34.1,22.9,33.4,23.1,2018-03-06T03:15,2018-03-06T15:18,43376.76,42048.4,,,0.0,,0.0,0.0,0.0,,26.92,8.29,51.0,14.0,8.29,42.0,0.0,1010.7,960.3,,17.0,0.158,32.7,10192X0095/P21B
796,65,2018-03-07,4.811397298,43.539904887,3.0,35.1,24.1,34.1,23.3,2018-03-07T03:15,2018-03-07T15:18,43392.21,42069.6,,,0.0,,0.0,0.0,0.0,,26.08,9.22,48.0,13.1,9.22,38.0,0.0,1010.3,960.1,,21.8,0.157,32.8,10192X0095/P21B
797,66,2018-03-08,4.811397298,43.539904887,3.0,35.0,23.9,32.1,19.8,2018-03-08T03:15,2018-03-08T15:18,43407.78,42091.54,,,0.0,,0.0,0.0,0.0,,27.49,10.03,18.0,8.6,10.03,29.0,0.0,1010.2,959.9,,22.4,0.157,32.8,10192X0095/P21B
798,67,2018-03-09,4.811397298,43.539904887,3.0,34.8,21.7,31.5,19.4,2018-03-09T03:14,2018-03-09T15:18,43423.44,42114.16,,,0.0,,0.0,0.0,0.0,,27.88,9.97,45.0,5.0,9.97,26.0,0.0,1009.3,958.8,,22.1,0.157,32.6,10192X0095/P21B
799,68,2018-03-10,4.811397298,43.539904887,3.0,34.9,21.5,32.0,18.2,2018-03-10T03:14,2018-03-10T15:18,43439.19,42137.39,,,0.0,,0.0,0.0,0.0,,28.23,9.91,40.0,5.7,9.91,26.0,0.0,1009.1,958.6,,22.3,0.157,32.4,10192X0095/P21B
800,69,2018-03-11,4.811397298,43.539904887,3.0,34.8,21.8,33.2,20.4,2018-03-11T03:13,2018-03-11T15:18,43455.03,42161.15,,,0.0,,0.0,0.0,0.0,,27.9,9.11,27.0,10.1,9.11,35.0,0.0,1009.5,959.1,,19.6,0.157,32.5,10192X0095/P21B
801,70,2018-03-12,4.811397298,43.539904887,3.0,35.2,22.5,37.8,23.3,2018-03-12T03:13,2018-03-12T15:17,43470.92,42185.4,,,0.0,,0.0,0.0,0.0,,26.82,7.66,41.0,15.7,7.66,46.0,0.0,1010.2,959.8,,12.1,0.157,32.9,10192X0095/P21B
802,71,2018-03-13,4.811397298,43.539904887,51.0,35.2,24.2,38.3,25.2,2018-03-13T03:13,2018-03-13T15:17,43486.86,42210.08,,,0.2,,0.0,0.2,2.0,,24.27,6.82,54.0,18.4,6.82,53.0,0.0,1010.2,959.9,,12.9,0.157,33.3,10192X0095/P21B
803,72,2018-03-14,4.811397298,43.539904887,63.0,33.4,25.7,36.9,27.3,2018-03-14T03:12,2018-03-14T15:17,43502.85,40823.35,,,3.7,,0.0,3.7,4.0,,21.29,5.38,65.0,20.1,5.38,62.0,0.0,1010.2,959.7,,9.5,0.159,33.2,10192X0095/P21B
804,73,2018-03-15,4.811397298,43.539904887,51.0,34.1,25.0,34.0,24.9,2018-03-15T03:12,2018-03-15T15:17,43518.87,41271.88,,,0.2,,0.0,0.2,1.0,,22.04,7.34,67.0,15.4,7.34,45.0,0.0,1009.3,959.0,,16.7,0.159,32.9,10192X0095/P21B
805,74,2018-03-16,4.811397298,43.539904887,3.0,34.5,23.6,33.9,23.9,2018-03-16T03:11,2018-03-16T15:17,43534.92,42285.97,,,0.0,,0.0,0.0,0.0,,26.79,8.01,74.0,11.7,8.01,36.0,0.0,1009.2,958.9,,13.2,0.158,32.9,10192X0095/P21B
806,75,2018-03-17,4.811397298,43.539904887,3.0,35.3,23.6,36.0,23.5,2018-03-17T03:11,2018-03-17T15:17,43550.97,42311.68,,,0.0,,0.0,0.0,0.0,,27.13,8.55,36.0,12.5,8.55,36.0,0.0,1008.2,958.1,,15.0,0.157,33.1,10192X0095/P21B
807,76,2018-03-18,4.811397298,43.539904887,3.0,35.7,24.3,35.0,25.2,2018-03-18T03:10,2018-03-18T15:17,43567.03,42337.49,,,0.0,,0.0,0.0,0.0,,26.1,8.7,28.0,14.6,8.7,41.0,0.0,1007.8,957.7,,18.3,0.157,33.3,10192X0095/P21B
808,77,2018-03-19,4.811397298,43.539904887,3.0,35.5,24.6,33.0,24.8,2018-03-19T03:10,2018-03-19T15:16,43583.06,42363.34,,,0.0,,0.0,0.0,0.0,,27.03,9.59,58.0,13.4,9.59,39.0,0.0,1009.4,959.2,,23.0,0.157,33.3,10192X0095/P21B
809,78,2018-03-20,4.811397298,43.539904887,3.0,34.9,24.2,32.9,25.0,2018-03-20T03:10,2018-03-20T15:16,43599.08,42389.16,,,0.0,,0.0,0.0,0.0,,26.0,8.96,9.0,15.1,8.96,45.0,0.0,1010.9,960.6,,24.1,0.157,33.3,10192X0095/P21B
810,79,2018-03-21,4.811397298,43.539904887,2.0,35.0,23.5,35.0,24.9,2018-03-21T03:09,2018-03-21T15:16,43615.06,42414.89,,,0.0,,0.0,0.0,0.0,,23.97,7.84,21.0,15.7,7.84,46.0,0.0,1011.7,961.3,,17.9,0.157,33.3,10192X0095/P21B
811,80,2018-03-22,4.811397298,43.539904887,3.0,34.9,24.5,36.3,25.7,2018-03-22T03:09,2018-03-22T15:16,43631.0,42440.46,,,0.0,,0.0,0.0,0.0,,22.65,6.75,27.0,16.0,6.75,45.0,0.0,1011.1,960.8,,11.8,0.157,33.6,10192X0095/P21B
812,81,2018-03-23,4.811397298,43.539904887,2.0,34.1,24.8,38.3,27.6,2018-03-23T03:08,2018-03-23T15:16,43646.88,42465.82,,,0.0,,0.0,0.0,0.0,,24.75,6.62,20.0,17.9,6.62,52.0,0.0,1010.3,959.9,,9.8,0.157,33.9,10192X0095/P21B
813,82,2018-03-24,4.811397298,43.539904887,51.0,33.0,24.5,36.2,27.1,2018-03-24T03:08,2018-03-24T15:16,43662.69,36774.92,,,0.1,,0.0,0.1,1.0,,18.76,4.67,50.0,19.8,4.67,64.0,0.0,1010.4,959.8,,8.3,0.159,33.5,10192X0095/P21B
814,83,2018-03-25,4.811397298,43.539904887,51.0,32.3,23.6,32.9,24.0,2018-03-25T03:07,2018-03-25T15:15,43678.44,42515.64,,,0.6,,0.0,0.6,2.0,,21.74,5.9,30.0,18.1,5.9,59.0,0.0,1011.4,960.7,,14.4,0.159,33.0,10192X0095/P21B
815,84,2018-03-26,4.811397298,43.539904887,2.0,33.9,21.9,33.2,23.2,2018-03-26T03:07,2018-03-26T15:15,43694.24,42540.51,,,0.0,,0.0,0.0,0.0,,27.45,7.9,6.0,14.9,7.9,48.0,0.0,1012.2,961.5,,18.1,0.157,32.8,10192X0095/P21B
816,85,2018-03-27,4.811397298,43.539904887,3.0,34.6,22.8,33.1,22.8,2018-03-27T03:07,2018-03-27T15:15,43710.11,42565.75,,,0.0,,0.0,0.0,0.0,,24.88,8.17,33.0,16.2,8.17,49.0,0.0,1011.2,960.8,,21.8,0.157,32.9,10192X0095/P21B
817,86,2018-03-28,4.811397298,43.539904887,3.0,36.5,24.1,34.3,25.3,2018-03-28T03:06,2018-03-28T15:15,43726.03,42591.29,,,0.0,,0.0,0.0,0.0,,26.85,9.19,49.0,13.8,9.19,41.0,0.0,1009.9,959.7,,20.5,0.157,33.0,10192X0095/P21B
818,87,2018-03-29,4.811397298,43.539904887,3.0,36.2,23.3,35.0,24.0,2018-03-29T03:06,2018-03-29T15:15,43741.98,42617.08,,,0.0,,0.0,0.0,0.0,,27.46,8.52,28.0,14.1,8.52,43.0,0.0,1011.1,960.8,,16.0,0.157,33.3,10192X0095/P21B
819,88,2018-03-30,4.811397298,43.539904887,55.0,32.3,23.7,36.4,26.0,2018-03-30T03:05,2018-03-30T15:15,43757.97,42643.05,,,1.2,,0.0,1.2,1.0,,22.41,5.66,35.0,19.1,5.66,60.0,0.0,1012.1,961.4,,11.1,0.157,33.3,10192X0095/P21B
820,89,2018-03-31,4.811397298,43.539904887,51.0,32.4,23.1,35.2,26.3,2018-03-31T03:05,2018-03-31T15:14,43773.98,42669.14,,,0.1,,0.0,0.1,1.0,,23.11,5.57,25.0,18.0,5.57,54.0,0.0,1010.2,959.8,,6.7,0.157,33.2,10192X0095/P21B
821,90,2018-04-01,4.811397298,43.539904887,61.0,34.5,24.4,37.7,26.5,2018-04-01T03:04,2018-04-01T15:14,43789.99,42695.31,,,1.5,,0.0,1.5,1.0,,23.7,5.78,25.0,18.8,5.78,55.0,0.0,1008.6,958.2,,7.3,0.158,33.4,10192X0095/P21B
822,91,2018-04-02,4.811397298,43.539904887,53.0,31.0,24.1,35.1,25.5,2018-04-02T03:04,2018-04-02T15:14,43806.01,41895.82,,,0.8,,0.0,0.8,3.0,,20.54,4.72,43.0,20.3,4.72,65.0,0.0,1009.1,958.5,,7.3,0.159,33.3,10192X0095/P21B
823,92,2018-04-03,4.811397298,43.539904887,61.0,32.1,24.2,35.5,26.5,2018-04-03T03:04,2018-04-03T15:14,43822.02,39600.0,,,3.0,,0.0,3.0,6.0,,21.33,4.91,51.0,20.0,4.91,64.0,0.0,1009.2,958.7,,6.5,0.16,33.0,10192X0095/P21B
824,93,2018-04-04,4.811397298,43.539904887,53.0,31.4,23.9,35.7,26.1,2018-04-04T03:03,2018-04-04T15:14,43838.01,41493.3,,,3.1,,0.0,3.1,6.0,,21.66,4.71,74.0,21.1,4.71,71.0,0.0,1009.6,958.9,,6.5,0.162,32.6,10192X0095/P21B
825,94,2018-04-05,4.811397298,43.539904887,63.0,28.8,22.5,33.8,24.7,2018-04-05T03:03,2018-04-05T15:14,43853.96,26423.44,,,7.2,,0.0,7.2,7.0,,16.65,3.55,90.0,20.9,3.55,79.0,0.0,1009.8,958.7,,7.6,0.168,31.9,10192X0095/P21B
826,95,2018-04-06,4.811397298,43.539904887,61.0,28.8,22.6,33.9,26.2,2018-04-06T03:02,2018-04-06T15:13,43869.87,39475.02,,,3.0,,0.0,3.0,4.0,,20.06,4.1,68.0,21.4,4.1,80.0,0.0,1009.5,958.5,,5.8,0.172,31.5,10192X0095/P21B
827,96,2018-04-07,4.811397298,43.539904887,63.0,29.6,23.3,33.9,25.9,2018-04-07T03:02,2018-04-07T15:13,43885.72,38791.77,,,15.3,,0.0,15.3,12.0,,19.78,4.24,71.0,21.5,4.24,77.0,0.0,1009.7,958.8,,8.3,0.17,31.2,10192X0095/P21B
828,97,2018-04-08,4.811397298,43.539904887,63.0,27.5,22.1,31.0,25.6,2018-04-08T03:01,2018-04-08T15:13,43901.51,11784.54,,,6.9,,0.0,6.9,9.0,,11.68,2.45,96.0,21.5,2.45,85.0,0.0,1011.5,960.2,,6.8,0.175,30.7,10192X0095/P21B
829,98,2018-04-09,4.811397298,43.539904887,53.0,29.1,22.4,35.8,26.4,2018-04-09T03:01,2018-04-09T15:13,43917.21,35005.77,,,1.6,,0.0,1.6,5.0,,21.5,4.38,86.0,21.6,4.38,81.0,0.0,1010.6,959.6,,5.9,0.179,30.5,10192X0095/P21B
830,99,2018-04-10,4.811397298,43.539904887,53.0,29.4,22.5,35.4,26.6,2018-04-10T03:01,2018-04-10T15:13,43932.83,35360.49,,,1.0,,0.0,1.0,4.0,,20.82,4.23,86.0,21.9,4.23,82.0,0.0,1009.9,958.9,,5.6,0.18,30.2,10192X0095/P21B
831,100,2018-04-11,4.811397298,43.539904887,63.0,28.3,22.9,33.4,27.1,2018-04-11T03:00,2018-04-11T15:13,43948.35,23805.89,,,14.6,,0.0,14.6,9.0,,16.11,3.24,99.0,21.9,3.24,85.0,0.0,1010.7,959.5,,5.3,0.183,29.9,10192X0095/P21B
832,101,2018-04-12,4.811397298,43.539904887,51.0,28.5,22.4,34.1,26.3,2018-04-12T03:00,2018-04-12T15:13,43963.76,29000.61,,,1.7,,0.0,1.7,7.0,,17.29,3.55,95.0,22.1,3.55,83.0,0.0,1010.5,959.5,,4.9,0.179,29.7,10192X0095/P21B
833,102,2018-04-13,4.811397298,43.539904887,61.0,29.5,23.0,34.5,26.5,2018-04-13T02:59,2018-04-13T15:12,43979.03,27041.26,,,3.1,,0.0,3.1,9.0,,18.45,3.75,91.0,22.0,3.75,83.0,0.0,1011.4,960.3,,6.7,0.179,29.6,10192X0095/P21B
834,103,2018-04-14,4.811397298,43.539904887,63.0,27.6,22.6,30.1,26.3,2018-04-14T02:59,2018-04-14T15:12,43994.19,23260.62,,,14.6,,0.0,14.6,13.0,,14.16,2.83,99.0,21.9,2.83,87.0,0.0,1012.0,960.7,,8.8,0.186,29.2,10192X0095/P21B
835,104,2018-04-15,4.811397298,43.539904887,51.0,29.1,22.6,32.9,26.2,2018-04-15T02:59,2018-04-15T15:12,44009.34,43035.47,,,0.3,,0.0,0.3,1.0,,23.52,4.6,75.0,22.3,4.6,83.0,0.0,1011.1,960.0,,10.1,0.183,29.1,10192X0095/P21B
836,105,2018-04-16,4.811397298,43.539904887,63.0,29.1,22.9,32.5,25.6,2018-04-16T02:58,2018-04-16T15:12,44024.49,38211.48,,,7.8,,0.0,7.8,7.0,,21.26,4.19,89.0,22.2,4.19,82.0,0.0,1011.4,960.4,,13.9,0.18,29.0,10192X0095/P21B
837,106,2018-04-17,4.811397298,43.539904887,63.0,26.8,22.5,28.8,25.2,2018-04-17T02:58,2018-04-17T15:12,44039.62,22688.62,,,10.4,,0.0,10.4,15.0,,13.18,2.55,96.0,21.5,2.55,87.0,0.0,1013.3,961.9,,12.0,0.186,28.6,10192X0095/P21B
838,107,2018-04-18,4.811397298,43.539904887,63.0,29.3,22.2,35.2,25.3,2018-04-18T02:58,2018-04-18T15:12,44054.73,39498.13,,,7.7,,0.0,7.7,7.0,,22.31,4.48,70.0,21.8,4.48,82.0,0.0,1012.8,961.6,,8.9,0.182,28.6,10192X0095/P21B
839,108,2018-04-19,4.811397298,43.539904887,61.0,26.4,22.5,29.5,26.1,2018-04-19T02:57,2018-04-19T15:12,44069.8,36524.25,,,5.5,,0.0,5.5,11.0,,17.64,3.31,77.0,21.7,3.31,86.0,0.0,1013.2,961.8,,9.5,0.192,28.5,10192X0095/P21B
840,109,2018-04-20,4.811397298,43.539904887,51.0,29.0,21.7,34.7,25.4,2018-04-20T02:57,2018-04-20T15:12,44084.83,43138.65,,,0.7,,0.0,0.7,4.0,,23.05,4.53,90.0,22.1,4.53,83.0,0.0,1011.4,960.3,,5.3,0.193,28.5,10192X0095/P21B
841,110,2018-04-21,4.811397298,43.539904887,63.0,27.5,22.8,32.0,26.4,2018-04-21T02:57,2018-04-21T15:12,44099.8,31453.12,,,11.0,,0.0,11.0,5.0,,18.01,3.5,91.0,22.0,3.5,85.0,0.0,1011.2,960.1,,8.4,0.193,28.5,10192X0095/P21B
842,111,2018-04-22,4.811397298,43.539904887,61.0,27.9,22.3,32.7,26.4,2018-04-22T02:56,2018-04-22T15:12,44114.69,38718.63,,,2.7,,0.0,2.7,7.0,,17.61,3.43,86.0,22.1,3.43,86.0,0.0,1011.4,960.2,,8.2,0.192,28.3,10192X0095/P21B
843,112,2018-04-23,4.811397298,43.539904887,55.0,29.4,22.6,33.8,26.9,2018-04-23T02:56,2018-04-23T15:12,44129.51,39358.82,,,1.8,,0.0,1.8,2.0,,19.59,4.01,73.0,22.1,4.01,82.0,0.0,1011.7,960.6,,6.9,0.189,28.4,10192X0095/P21B
844,113,2018-04-24,4.811397298,43.539904887,55.0,28.8,22.1,34.0,26.1,2018-04-24T02:56,2018-04-24T15:11,44144.23,43200.0,,,4.1,,0.0,4.1,7.0,,22.17,4.42,46.0,22.1,4.42,81.0,0.0,1012.2,961.1,,8.6,0.189,28.4,10192X0095/P21B
845,114,2018-04-25,4.811397298,43.539904887,63.0,28.8,22.8,33.0,26.2,2018-04-25T02:55,2018-04-25T15:11,44158.85,41554.22,,,9.1,,0.0,9.1,7.0,,18.32,3.62,61.0,22.0,3.62,83.0,0.0,1012.0,960.9,,9.4,0.189,28.4,10192X0095/P21B
846,115,2018-04-26,4.811397298,43.539904887,55.0,27.2,22.9,30.7,25.6,2018-04-26T02:55,2018-04-26T15:11,44173.35,38706.57,,,2.5,,0.0,2.5,8.0,,17.08,3.38,91.0,21.7,3.38,84.0,0.0,1011.8,960.6,,14.7,0.191,28.2,10192X0095/P21B
847,116,2018-04-27,4.811397298,43.539904887,3.0,28.4,22.4,29.8,25.1,2018-04-27T02:55,2018-04-27T15:11,44187.71,43200.0,,,0.0,,0.0,0.0,0.0,,23.7,4.7,64.0,21.1,4.7,79.0,0.0,1012.3,961.1,,15.9,0.189,28.0,10192X0095/P21B
848,117,2018-04-28,4.811397298,43.539904887,61.0,28.8,22.1,32.0,24.4,2018-04-28T02:55,2018-04-28T15:11,44201.94,43200.0,,,1.9,,0.0,1.9,3.0,,22.5,4.59,54.0,21.6,4.59,80.0,0.0,1012.6,961.5,,17.6,0.185,28.0,10192X0095/P21B
849,118,2018-04-29,4.811397298,43.539904887,53.0,28.5,22.6,31.2,25.4,2018-04-29T02:54,2018-04-29T15:11,44216.0,43200.0,,,1.3,,0.0,1.3,4.0,,20.58,4.18,34.0,21.7,4.18,82.0,0.0,1012.8,961.6,,16.3,0.184,28.0,10192X0095/P21B
850,119,2018-04-30,4.811397298,43.539904887,61.0,29.4,22.3,30.8,24.2,2018-04-30T02:54,2018-04-30T15:11,44229.89,43200.0,,,2.1,,0.0,2.1,2.0,,20.51,4.48,53.0,21.6,4.48,79.0,0.0,1011.5,960.5,,20.1,0.183,28.0,10192X0095/P21B
851,120,2018-05-01,4.811397298,43.539904887,53.0,28.5,22.7,31.0,24.3,2018-05-01T02:54,2018-05-01T15:11,44243.6,40901.72,,,1.6,,0.0,1.6,6.0,,19.86,4.08,58.0,21.5,4.08,83.0,0.0,1012.7,961.5,,21.4,0.182,27.9,10192X0095/P21B
852,121,2018-05-02,4.811397298,43.539904887,51.0,29.0,22.3,31.3,23.6,2018-05-02T02:54,2018-05-02T15:11,44257.1,32506.78,,,0.9,,0.0,0.9,5.0,,19.08,3.97,69.0,21.4,3.97,82.0,0.0,1012.8,961.5,,20.6,0.183,27.9,10192X0095/P21B
853,122,2018-05-03,4.811397298,43.539904887,55.0,28.7,22.5,31.2,24.4,2018-05-03T02:53,2018-05-03T15:11,44270.4,43200.0,,,1.9,,0.0,1.9,3.0,,20.09,4.23,61.0,21.4,4.23,79.0,0.0,1011.5,960.4,,18.2,0.18,27.9,10192X0095/P21B
854,123,2018-05-04,4.811397298,43.539904887,61.0,27.3,22.6,30.0,26.0,2018-05-04T02:53,2018-05-04T15:11,44283.48,23262.03,,,5.9,,0.0,5.9,10.0,,13.26,2.79,87.0,21.5,2.79,84.0,0.0,1012.2,961.0,,10.3,0.182,27.9,10192X0095/P21B
855,124,2018-05-05,4.811397298,43.539904887,61.0,27.5,22.6,32.2,26.0,2018-05-05T02:53,2018-05-05T15:11,44296.46,39653.9,,,6.5,,0.0,6.5,10.0,,17.34,3.4,82.0,21.9,3.4,86.0,0.0,1012.4,961.1,,8.2,0.188,27.9,10192X0095/P21B
856,125,2018-05-06,4.811397298,43.539904887,53.0,27.3,22.3,32.5,25.7,2018-05-06T02:53,2018-05-06T15:11,44309.34,36656.62,,,1.3,,0.0,1.3,5.0,,19.55,3.7,55.0,22.0,3.7,86.0,0.0,1013.4,962.1,,11.6,0.19,27.8,10192X0095/P21B
857,126,2018-05-07,4.811397298,43.539904887,55.0,28.8,21.8,32.5,25.1,2018-05-07T02:53,2018-05-07T15:11,44322.1,43200.0,,,2.3,,0.0,2.3,6.0,,22.08,4.39,34.0,21.8,4.39,82.0,0.0,1012.6,961.5,,14.0,0.188,27.8,10192X0095/P21B
858,127,2018-05-08,4.811397298,43.539904887,51.0,28.7,22.4,31.5,25.0,2018-05-08T02:52,2018-05-08T15:11,44334.74,43200.0,,,0.8,,0.0,0.8,6.0,,22.14,4.4,49.0,21.8,4.4,82.0,0.0,1011.5,960.4,,18.7,0.185,27.8,10192X0095/P21B
859,128,2018-05-09,4.811397298,43.539904887,51.0,28.5,22.1,30.2,24.6,2018-05-09T02:52,2018-05-09T15:11,44347.25,43200.0,,,0.6,,0.0,0.6,4.0,,20.67,4.26,25.0,21.5,4.26,81.0,0.0,1011.6,960.4,,19.4,0.183,27.8,10192X0095/P21B
860,129,2018-05-10,4.811397298,43.539904887,51.0,29.3,21.5,30.5,24.0,2018-05-10T02:52,2018-05-10T15:12,44359.62,41491.25,,,0.3,,0.0,0.3,2.0,,18.4,4.23,30.0,20.9,4.23,78.0,0.0,1012.0,960.9,,18.3,0.181,27.7,10192X0095/P21B
861,130,2018-05-11,4.811397298,43.539904887,55.0,29.4,21.8,31.0,23.8,2018-05-11T02:52,2018-05-11T15:12,44371.82,42318.74,,,2.7,,0.0,2.7,6.0,,19.46,4.51,31.0,20.9,4.51,76.0,0.0,1011.6,960.6,,19.1,0.179,27.8,10192X0095/P21B
862,131,2018-05-12,4.811397298,43.539904887,51.0,30.3,22.0,31.4,24.3,2018-05-12T02:52,2018-05-12T15:12,44383.85,43200.0,,,0.1,,0.0,0.1,1.0,,22.63,5.23,20.0,20.7,5.23,73.0,0.0,1010.6,959.7,,19.4,0.177,28.0,10192X0095/P21B
863,132,2018-05-13,4.811397298,43.539904887,53.0,30.0,23.0,32.6,24.9,2018-05-13T02:52,2018-05-13T15:12,44395.7,43200.0,,,1.2,,0.0,1.2,3.0,,20.67,4.89,63.0,21.5,4.89,75.0,0.0,1010.2,959.3,,19.0,0.176,28.2,10192X0095/P21B
864,133,2018-05-14,4.811397298,43.539904887,51.0,30.7,22.6,32.8,25.2,2018-05-14T02:52,2018-05-14T15:12,44407.36,42717.36,,,0.1,,0.0,0.1,1.0,,21.61,5.22,64.0,21.5,5.22,74.0,0.0,1010.1,959.3,,20.4,0.175,28.5,10192X0095/P21B
865,134,2018-05-15,4.811397298,43.539904887,51.0,31.2,22.6,31.5,24.4,2018-05-15T02:52,2018-05-15T15:12,44418.8,39270.51,,,1.0,,0.0,1.0,4.0,,17.47,4.76,76.0,20.8,4.76,72.0,0.0,1009.8,959.0,,21.9,0.174,28.6,10192X0095/P21B
866,135,2018-05-16,4.811397298,43.539904887,51.0,30.3,23.1,28.4,23.3,2018-05-16T02:52,2018-05-16T15:12,44430.03,30516.77,,,0.3,,0.0,0.3,1.0,,13.14,4.58,74.0,20.2,4.58,72.0,0.0,1010.4,959.5,,29.2,0.174,28.7,10192X0095/P21B
867,136,2018-05-17,4.811397298,43.539904887,3.0,32.1,22.3,29.5,22.8,2018-05-17T02:52,2018-05-17T15:12,44441.02,40549.25,,,0.0,,0.0,0.0,0.0,,19.2,6.18,86.0,19.1,6.18,65.0,0.0,1010.8,960.0,,29.2,0.173,28.8,10192X0095/P21B
868,137,2018-05-18,4.811397298,43.539904887,51.0,31.9,22.6,30.1,23.1,2018-05-18T02:51,2018-05-18T15:12,44451.76,43200.0,,,0.2,,0.0,0.2,1.0,,21.02,6.28,33.0,19.2,6.28,66.0,0.0,1010.5,959.7,,28.3,0.173,29.0,10192X0095/P21B
869,138,2018-05-19,4.811397298,43.539904887,51.0,31.0,22.6,30.0,23.3,2018-05-19T02:51,2018-05-19T15:12,44462.24,39671.24,,,0.2,,0.0,0.2,2.0,,19.3,5.86,72.0,19.5,5.86,67.0,0.0,1010.5,959.6,,28.2,0.173,29.0,10192X0095/P21B
870,139,2018-05-20,4.811397298,43.539904887,51.0,29.7,22.7,28.4,22.8,2018-05-20T02:51,2018-05-20T15:13,44472.45,29224.72,,,0.5,,0.0,0.5,2.0,,13.98,4.78,83.0,19.1,4.78,67.0,0.0,1011.0,960.1,,24.8,0.172,28.9,10192X0095/P21B
871,140,2018-05-21,4.811397298,43.539904887,63.0,28.6,22.7,30.3,24.6,2018-05-21T02:51,2018-05-21T15:13,44482.37,27850.11,,,4.2,,0.0,4.2,4.0,,13.57,3.73,80.0,19.7,3.73,71.0,0.0,1012.4,961.3,,14.6,0.172,28.9,10192X0095/P21B
872,141,2018-05-22,4.811397298,43.539904887,51.0,28.8,22.2,28.5,24.0,2018-05-22T02:51,2018-05-22T15:13,44491.98,34297.78,,,0.1,,0.0,0.1,1.0,,16.78,4.47,84.0,19.7,4.47,73.0,0.0,1013.5,962.3,,20.8,0.174,28.8,10192X0095/P21B
873,142,2018-05-23,4.811397298,43.539904887,3.0,29.8,21.8,27.9,22.9,2018-05-23T02:51,2018-05-23T15:13,44501.28,35376.42,,,0.0,,0.0,0.0,0.0,,16.36,5.12,95.0,19.1,5.12,69.0,0.0,1013.3,962.2,,26.6,0.173,28.7,10192X0095/P21B
874,143,2018-05-24,4.811397298,43.539904887,3.0,31.7,21.8,29.0,22.4,2018-05-24T02:51,2018-05-24T15:13,44510.26,42418.57,,,0.0,,0.0,0.0,0.0,,23.62,7.21,92.0,17.4,7.21,61.0,0.0,1012.4,961.4,,28.6,0.172,28.8,10192X0095/P21B
875,144,2018-05-25,4.811397298,43.539904887,3.0,32.1,21.9,29.7,22.7,2018-05-25T02:51,2018-05-25T15:13,44519.0,43200.0,,,0.0,,0.0,0.0,0.0,,23.06,7.18,83.0,17.8,7.18,59.0,0.0,1011.2,960.4,,27.1,0.171,29.0,10192X0095/P21B
876,145,2018-05-26,4.811397298,43.539904887,53.0,31.7,22.4,30.9,23.4,2018-05-26T02:51,2018-05-26T15:13,44527.51,42099.31,,,1.1,,0.0,1.1,3.0,,20.63,5.99,58.0,19.7,5.99,68.0,0.0,1011.8,960.9,,27.8,0.171,29.1,10192X0095/P21B
877,146,2018-05-27,4.811397298,43.539904887,3.0,32.2,22.2,29.4,22.5,2018-05-27T02:51,2018-05-27T15:14,44535.78,40816.85,,,0.0,,0.0,0.0,0.0,,22.48,7.24,58.0,17.5,7.24,59.0,0.0,1013.0,962.1,,29.5,0.17,29.2,10192X0095/P21B
878,147,2018-05-28,4.811397298,43.539904887,3.0,32.3,22.1,29.6,21.2,2018-05-28T02:51,2018-05-28T15:14,44543.8,38506.23,,,0.0,,0.0,0.0,0.0,,22.69,7.7,35.0,16.5,7.7,54.0,0.0,1013.3,962.4,,29.2,0.17,29.4,10192X0095/P21B
879,148,2018-05-29,4.811397298,43.539904887,3.0,33.2,22.2,30.0,20.7,2018-05-29T02:52,2018-05-29T15:14,44551.55,43200.0,,,0.0,,0.0,0.0,0.0,,24.38,8.65,19.0,14.9,8.65,48.0,0.0,1012.1,961.4,,28.0,0.17,29.6,10192X0095/P21B
880,149,2018-05-30,4.811397298,43.539904887,3.0,33.6,22.9,31.7,23.1,2018-05-30T02:52,2018-05-30T15:14,44559.05,40368.63,,,0.0,,0.0,0.0,0.0,,22.28,7.68,75.0,18.0,7.68,57.0,0.0,1011.9,961.2,,28.8,0.17,29.8,10192X0095/P21B
881,150,2018-05-31,4.811397298,43.539904887,51.0,32.3,23.4,31.4,24.1,2018-05-31T02:52,2018-05-31T15:14,44566.26,42602.69,,,0.1,,0.0,0.1,1.0,,20.1,6.6,91.0,19.6,6.6,63.0,0.0,1012.5,961.7,,28.4,0.169,29.9,10192X0095/P21B
882,151,2018-06-01,4.811397298,43.539904887,3.0,31.9,23.1,31.1,23.7,2018-06-01T02:52,2018-06-01T15:15,44573.2,40649.17,,,0.0,,0.0,0.0,0.0,,20.49,6.53,42.0,18.8,6.53,63.0,0.0,1012.8,962.0,,28.2,0.17,29.8,10192X0095/P21B
883,152,2018-06-02,4.811397298,43.539904887,3.0,32.0,22.4,29.0,22.9,2018-06-02T02:52,2018-06-02T15:15,44579.84,38255.15,,,0.0,,0.0,0.0,0.0,,17.86,6.47,44.0,17.9,6.47,60.0,0.0,1013.1,962.2,,28.2,0.169,29.8,10192X0095/P21B
884,153,2018-06-03,4.811397298,43.539904887,3.0,32.7,22.3,29.7,21.2,2018-06-03T02:52,2018-06-03T15:15,44586.19,32436.51,,,0.0,,0.0,0.0,0.0,,20.98,7.44,37.0,16.5,7.44,55.0,0.0,1012.3,961.4,,29.6,0.169,29.7,10192X0095/P21B
885,154,2018-06-04,4.811397298,43.539904887,3.0,31.0,22.8,27.7,22.2,2018-06-04T02:52,2018-06-04T15:15,44592.22,33188.63,,,0.0,,0.0,0.0,0.0,,17.38,6.98,37.0,16.7,6.98,55.0,0.0,1010.9,960.0,,31.0,0.169,29.7,10192X0095/P21B
886,155,2018-06-05,4.811397298,43.539904887,3.0,32.3,22.8,28.9,20.8,2018-06-05T02:52,2018-06-05T15:16,44597.94,32968.38,,,0.0,,0.0,0.0,0.0,,20.24,8.16,37.0,15.7,8.16,51.0,0.0,1011.2,960.4,,33.9,0.163,29.9,10192X0095/P21B
887,156,2018-06-06,4.811397298,43.539904887,3.0,30.5,22.6,26.8,20.1,2018-06-06T02:52,2018-06-06T15:16,44603.33,27134.98,,,0.0,,0.0,0.0,0.0,,15.78,7.3,49.0,15.5,7.3,51.0,0.0,1013.5,962.5,,33.8,0.157,29.9,10192X0095/P21B
888,157,2018-06-07,4.811397298,43.539904887,51.0,30.3,22.1,27.5,21.1,2018-06-07T02:53,2018-06-07T15:16,44608.39,35214.66,,,0.2,,0.0,0.2,2.0,,16.55,6.0,57.0,17.8,6.0,62.0,0.0,1014.9,963.7,,30.8,0.157,29.9,10192X0095/P21B
889,158,2018-06-08,4.811397298,43.539904887,51.0,29.7,22.0,27.2,21.6,2018-06-08T02:53,2018-06-08T15:16,44613.11,33191.54,,,0.2,,0.0,0.2,2.0,,15.92,5.54,87.0,18.1,5.54,65.0,0.0,1015.1,963.9,,29.9,0.157,29.7,10192X0095/P21B
890,159,2018-06-09,4.811397298,43.539904887,3.0,32.0,21.6,29.3,20.8,2018-06-09T02:53,2018-06-09T15:16,44617.48,37589.28,,,0.0,,0.0,0.0,0.0,,21.17,7.15,86.0,16.3,7.15,56.0,0.0,1014.2,963.2,,27.7,0.157,29.7,10192X0095/P21B
891,160,2018-06-10,4.811397298,43.539904887,3.0,33.1,21.8,29.8,21.4,2018-06-10T02:53,2018-06-10T15:17,44621.49,37415.27,,,0.0,,0.0,0.0,0.0,,20.96,7.45,84.0,16.5,7.45,56.0,0.0,1014.1,963.1,,29.6,0.157,29.8,10192X0095/P21B
892,161,2018-06-11,4.811397298,43.539904887,3.0,33.0,21.8,29.5,21.0,2018-06-11T02:53,2018-06-11T15:17,44625.14,43200.0,,,0.0,,0.0,0.0,0.0,,23.86,8.39,92.0,15.0,8.39,50.0,0.0,1014.5,963.6,,28.6,0.157,29.9,10192X0095/P21B
893,162,2018-06-12,4.811397298,43.539904887,51.0,31.7,22.2,29.4,21.7,2018-06-12T02:53,2018-06-12T15:17,44628.42,41466.1,,,0.2,,0.0,0.2,2.0,,18.13,6.86,84.0,17.8,6.86,59.0,0.0,1014.5,963.6,,32.4,0.157,29.9,10192X0095/P21B
894,163,2018-06-13,4.811397298,43.539904887,51.0,31.9,22.9,27.5,22.1,2018-06-13T02:54,2018-06-13T15:17,44631.31,42686.07,,,0.1,,0.0,0.1,1.0,,21.49,7.68,38.0,15.8,7.68,54.0,0.0,1014.3,963.3,,31.7,0.157,29.9,10192X0095/P21B
895,164,2018-06-14,4.811397298,43.539904887,3.0,30.4,21.6,27.3,20.5,2018-06-14T02:54,2018-06-14T15:18,44633.86,33640.39,,,0.0,,0.0,0.0,0.0,,18.07,6.76,61.0,16.7,6.76,57.0,0.0,1014.2,963.2,,29.6,0.157,29.8,10192X0095/P21B
896,165,2018-06-15,4.811397298,43.539904887,3.0,32.5,22.1,28.9,20.4,2018-06-15T02:54,2018-06-15T15:18,44636.06,35036.38,,,0.0,,0.0,0.0,0.0,,21.36,7.99,39.0,15.1,7.99,50.0,0.0,1013.6,962.7,,29.5,0.157,29.9,10192X0095/P21B
897,166,2018-06-16,4.811397298,43.539904887,3.0,32.7,22.0,31.2,21.0,2018-06-16T02:54,2018-06-16T15:18,44637.91,29431.66,,,0.0,,0.0,0.0,0.0,,18.99,7.15,91.0,16.3,7.15,54.0,0.0,1013.8,962.9,,27.4,0.156,29.9,10192X0095/P21B
898,167,2018-06-17,4.811397298,43.539904887,51.0,31.8,22.3,30.4,21.0,2018-06-17T02:54,2018-06-17T15:18,44639.42,34038.21,,,0.1,,0.0,0.1,1.0,,18.25,6.79,42.0,16.5,6.79,54.0,0.0,1013.7,962.8,,26.5,0.156,29.9,10192X0095/P21B
899,168,2018-06-18,4.811397298,43.539904887,51.0,32.0,22.3,30.1,21.6,2018-06-18T02:54,2018-06-18T15:18,44640.57,42799.57,,,0.2,,0.0,0.2,1.0,,20.47,7.09,27.0,16.3,7.09,55.0,0.0,1012.9,962.0,,26.3,0.156,29.9,10192X0095/P21B
900,169,2018-06-19,4.811397298,43.539904887,3.0,31.5,22.0,29.1,21.6,2018-06-19T02:55,2018-06-19T15:19,44641.38,42775.24,,,0.0,,0.0,0.0,0.0,,22.5,7.31,39.0,16.8,7.31,56.0,0.0,1013.5,962.5,,27.4,0.156,30.0,10192X0095/P21B
901,170,2018-06-20,4.811397298,43.539904887,3.0,32.8,21.8,29.8,21.0,2018-06-20T02:55,2018-06-20T15:19,44641.85,43154.83,,,0.0,,0.0,0.0,0.0,,23.94,8.25,52.0,14.8,8.25,49.0,0.0,1014.3,963.4,,26.6,0.156,30.1,10192X0095/P21B
902,171,2018-06-21,4.811397298,43.539904887,3.0,32.8,22.1,29.4,22.2,2018-06-21T02:55,2018-06-21T15:19,44641.96,43200.0,,,0.0,,0.0,0.0,0.0,,23.88,8.33,40.0,15.4,8.33,50.0,0.0,1014.1,963.3,,29.0,0.156,30.2,10192X0095/P21B
903,172,2018-06-22,4.811397298,43.539904887,3.0,32.4,23.2,28.6,21.4,2018-06-22T02:55,2018-06-22T15:19,44641.74,43053.22,,,0.0,,0.0,0.0,0.0,,19.51,7.77,59.0,16.3,7.77,53.0,0.0,1012.8,962.0,,32.7,0.156,30.2,10192X0095/P21B
904,173,2018-06-23,4.811397298,43.539904887,3.0,31.1,22.5,29.4,21.6,2018-06-23T02:56,2018-06-23T15:20,44641.17,42528.5,,,0.0,,0.0,0.0,0.0,,19.03,6.72,66.0,17.8,6.72,60.0,0.0,1013.0,962.1,,32.2,0.156,30.1,10192X0095/P21B
905,174,2018-06-24,4.811397298,43.539904887,3.0,31.3,22.0,28.1,20.2,2018-06-24T02:56,2018-06-24T15:20,44640.26,31262.87,,,0.0,,0.0,0.0,0.0,,20.62,7.74,96.0,15.2,7.74,51.0,0.0,1012.6,961.7,,30.5,0.156,30.0,10192X0095/P21B
906,175,2018-06-25,4.811397298,43.539904887,3.0,32.7,21.9,29.3,20.9,2018-06-25T02:56,2018-06-25T15:20,44639.01,29973.74,,,0.0,,0.0,0.0,0.0,,20.3,7.59,84.0,15.7,7.59,52.0,0.0,1012.5,961.6,,29.7,0.156,30.0,10192X0095/P21B
907,176,2018-06-26,4.811397298,43.539904887,3.0,31.5,22.4,29.3,22.0,2018-06-26T02:56,2018-06-26T15:20,44637.42,42837.59,,,0.0,,0.0,0.0,0.0,,21.06,7.49,41.0,16.5,7.49,54.0,0.0,1012.9,962.1,,29.7,0.156,30.1,10192X0095/P21B
908,177,2018-06-27,4.811397298,43.539904887,3.0,31.7,22.2,27.7,20.9,2018-06-27T02:57,2018-06-27T15:20,44635.5,42393.02,,,0.0,,0.0,0.0,0.0,,19.72,7.62,30.0,15.1,7.62,51.0,0.0,1012.4,961.5,,30.7,0.156,30.0,10192X0095/P21B
909,178,2018-06-28,4.811397298,43.539904887,3.0,32.8,21.6,28.9,20.7,2018-06-28T02:57,2018-06-28T15:21,44633.23,43149.23,,,0.0,,0.0,0.0,0.0,,23.87,8.73,29.0,14.6,8.73,48.0,0.0,1010.9,960.2,,30.1,0.156,30.1,10192X0095/P21B
910,179,2018-06-29,4.811397298,43.539904887,3.0,32.3,22.2,29.3,21.4,2018-06-29T02:57,2018-06-29T15:21,44630.64,43103.94,,,0.0,,0.0,0.0,0.0,,22.61,7.8,28.0,16.7,7.8,54.0,0.0,1010.9,960.2,,31.6,0.156,30.1,10192X0095/P21B
911,180,2018-06-30,4.811397298,43.539904887,3.0,33.2,22.1,30.5,21.1,2018-06-30T02:57,2018-06-30T15:21,44627.71,41243.88,,,0.0,,0.0,0.0,0.0,,21.77,7.4,43.0,15.8,7.4,53.0,0.0,1011.5,960.7,,27.2,0.155,30.2,10192X0095/P21B
912,181,2018-07-01,4.811397298,43.539904887,3.0,30.4,22.1,27.7,21.3,2018-07-01T02:57,2018-07-01T15:21,44624.45,32742.96,,,0.0,,0.0,0.0,0.0,,16.33,6.24,94.0,17.1,6.24,58.0,0.0,1011.9,960.9,,28.7,0.155,30.1,10192X0095/P21B
913,182,2018-07-02,4.811397298,43.539904887,3.0,30.4,21.2,27.5,19.6,2018-07-02T02:58,2018-07-02T15:21,44620.87,29971.62,,,0.0,,0.0,0.0,0.0,,16.68,6.54,80.0,16.0,6.54,55.0,0.0,1012.4,961.4,,28.7,0.155,30.0,10192X0095/P21B
914,183,2018-07-03,4.811397298,43.539904887,51.0,30.9,21.2,28.9,20.3,2018-07-03T02:58,2018-07-03T15:21,44616.94,34093.81,,,0.5,,0.0,0.5,2.0,,16.76,6.1,66.0,16.7,6.1,59.0,0.0,1013.6,962.5,,28.2,0.155,29.8,10192X0095/P21B
915,184,2018-07-04,4.811397298,43.539904887,3.0,28.8,20.5,25.7,19.1,2018-07-04T02:58,2018-07-04T15:22,44612.65,31459.2,,,0.0,,0.0,0.0,0.0,,15.7,5.82,59.0,16.0,5.82,59.0,0.0,1014.6,963.3,,29.1,0.155,29.6,10192X0095/P21B
916,185,2018-07-05,4.811397298,43.539904887,3.0,29.0,20.7,25.0,19.3,2018-07-05T02:58,2018-07-05T15:22,44607.99,35826.65,,,0.0,,0.0,0.0,0.0,,15.51,6.06,43.0,16.2,6.06,59.0,0.0,1014.8,963.5,,32.8,0.155,29.4,10192X0095/P21B
917,186,2018-07-06,4.811397298,43.539904887,53.0,29.7,21.2,24.9,19.3,2018-07-06T02:58,2018-07-06T15:22,44602.97,31871.16,,,1.1,,0.0,1.1,2.0,,16.5,6.94,48.0,15.2,6.94,55.0,0.0,1015.2,963.9,,34.4,0.155,29.4,10192X0095/P21B
918,187,2018-07-07,4.811397298,43.539904887,61.0,29.4,21.7,25.4,20.0,2018-07-07T02:59,2018-07-07T15:22,44597.59,32240.19,,,1.3,,0.0,1.3,1.0,,15.16,6.32,64.0,16.2,6.32,58.0,0.0,1014.5,963.3,,33.8,0.156,29.3,10192X0095/P21B
919,188,2018-07-08,4.811397298,43.539904887,3.0,30.3,21.4,26.0,19.7,2018-07-08T02:59,2018-07-08T15:22,44591.88,24462.75,,,0.0,,0.0,0.0,0.0,,13.29,5.86,74.0,16.5,5.86,60.0,0.0,1014.5,963.3,,33.1,0.155,29.1,10192X0095/P21B
920,189,2018-07-09,4.811397298,43.539904887,3.0,30.2,21.6,26.1,20.0,2018-07-09T02:59,2018-07-09T15:22,44585.83,38487.18,,,0.0,,0.0,0.0,0.0,,17.18,6.54,82.0,16.8,6.54,60.0,0.0,1014.8,963.6,,34.5,0.155,29.2,10192X0095/P21B
921,190,2018-07-10,4.811397298,43.539904887,51.0,29.9,21.3,26.1,20.4,2018-07-10T02:59,2018-07-10T15:22,44579.47,40485.73,,,0.2,,0.0,0.2,2.0,,16.98,6.16,60.0,16.9,6.16,61.0,0.0,1015.1,963.9,,33.0,0.155,29.1,10192X0095/P21B
922,191,2018-07-11,4.811397298,43.539904887,3.0,31.3,21.6,27.3,19.5,2018-07-11T02:59,2018-07-11T15:22,44572.79,33769.59,,,0.0,,0.0,0.0,0.0,,18.98,7.62,59.0,14.6,7.62,51.0,0.0,1015.2,964.0,,33.0,0.155,29.2,10192X0095/P21B
923,192,2018-07-12,4.811397298,43.539904887,3.0,31.6,21.2,27.6,19.2,2018-07-12T03:00,2018-07-12T15:22,44565.81,36374.33,,,0.0,,0.0,0.0,0.0,,22.37,8.35,51.0,14.5,8.35,50.0,0.0,1014.8,963.8,,33.2,0.155,29.3,10192X0095/P21B
924,193,2018-07-13,4.811397298,43.539904887,3.0,31.5,21.7,27.9,19.0,2018-07-13T03:00,2018-07-13T15:22,44558.54,34939.76,,,0.0,,0.0,0.0,0.0,,21.09,8.2,49.0,13.8,8.2,47.0,0.0,1014.5,963.4,,31.7,0.155,29.3,10192X0095/P21B
925,194,2018-07-14,4.811397298,43.539904887,3.0,32.0,21.0,28.6,17.8,2018-07-14T03:00,2018-07-14T15:23,44550.99,31773.17,,,0.0,,0.0,0.0,0.0,,20.66,7.9,67.0,14.0,7.9,49.0,0.0,1014.2,963.1,,30.3,0.155,29.4,10192X0095/P21B
926,195,2018-07-15,4.811397298,43.539904887,3.0,30.7,21.4,27.2,20.3,2018-07-15T03:00,2018-07-15T15:23,44543.16,32111.67,,,0.0,,0.0,0.0,0.0,,17.87,6.81,48.0,16.1,6.81,57.0,0.0,1014.5,963.4,,31.8,0.155,29.3,10192X0095/P21B
927,196,2018-07-16,4.811397298,43.539904887,3.0,30.9,21.5,26.2,19.7,2018-07-16T03:00,2018-07-16T15:23,44535.08,29928.1,,,0.0,,0.0,0.0,0.0,,18.91,7.67,53.0,14.3,7.67,51.0,0.0,1015.1,963.9,,33.5,0.155,29.3,10192X0095/P21B
928,197,2018-07-17,4.811397298,43.539904887,3.0,30.8,20.6,26.5,18.1,2018-07-17T03:01,2018-07-17T15:23,44526.74,28036.64,,,0.0,,0.0,0.0,0.0,,18.72,7.8,35.0,13.6,7.8,48.0,0.0,1014.6,963.4,,32.9,0.155,29.2,10192X0095/P21B
929,198,2018-07-18,4.811397298,43.539904887,3.0,31.7,21.0,27.0,18.4,2018-07-18T03:01,2018-07-18T15:23,44518.16,31341.83,,,0.0,,0.0,0.0,0.0,,20.54,8.08,46.0,14.1,8.08,50.0,0.0,1014.0,962.9,,34.8,0.155,29.2,10192X0095/P21B
930,199,2018-07-19,4.811397298,43.539904887,51.0,29.3,21.2,25.2,18.7,2018-07-19T03:01,2018-07-19T15:23,44509.35,26025.63,,,0.1,,0.0,0.1,1.0,,15.34,6.56,91.0,15.1,6.56,55.0,0.0,1014.9,963.7,,32.8,0.155,29.0,10192X0095/P21B
931,200,2018-07-20,4.811397298,43.539904887,3.0,29.3,21.3,25.3,18.7,2018-07-20T03:01,2018-07-20T15:23,44500.31,26766.67,,,0.0,,0.0,0.0,0.0,,15.67,6.78,96.0,14.8,6.78,52.0,0.0,1015.1,963.9,,31.5,0.154,29.0,10192X0095/P21B
932,201,2018-07-21,4.811397298,43.539904887,3.0,29.7,21.5,25.2,19.9,2018-07-21T03:01,2018-07-21T15:23,44491.07,32363.31,,,0.0,,0.0,0.0,0.0,,16.25,6.46,82.0,15.7,6.46,56.0,0.0,1016.2,964.9,,30.6,0.154,29.0,10192X0095/P21B
933,202,2018-07-22,4.811397298,43.539904887,3.0,30.5,21.1,26.8,19.7,2018-07-22T03:01,2018-07-22T15:23,44481.62,24023.3,,,0.0,,0.0,0.0,0.0,,18.06,7.3,81.0,14.3,7.3,50.0,0.0,1016.0,964.9,,30.0,0.155,29.0,10192X0095/P21B
934,203,2018-07-23,4.811397298,43.539904887,3.0,30.9,21.5,26.6,19.3,2018-07-23T03:01,2018-07-23T15:23,44471.96,36114.57,,,0.0,,0.0,0.0,0.0,,20.19,7.56,64.0,14.8,7.56,52.0,0.0,1015.4,964.2,,31.8,0.155,29.1,10192X0095/P21B
935,204,2018-07-24,4.811397298,43.539904887,3.0,30.1,21.3,25.5,19.2,2018-07-24T03:01,2018-07-24T15:22,44462.0,36830.65,,,0.0,,0.0,0.0,0.0,,18.8,7.15,42.0,14.9,7.15,53.0,0.0,1015.2,964.0,,31.5,0.155,29.1,10192X0095/P21B
936,205,2018-07-25,4.811397298,43.539904887,3.0,30.8,21.2,26.6,19.1,2018-07-25T03:01,2018-07-25T15:22,44451.75,27729.87,,,0.0,,0.0,0.0,0.0,,18.19,7.64,62.0,13.8,7.64,49.0,0.0,1014.7,963.6,,31.9,0.155,29.0,10192X0095/P21B
937,206,2018-07-26,4.811397298,43.539904887,3.0,31.5,21.4,28.4,19.2,2018-07-26T03:02,2018-07-26T15:22,44441.21,28067.38,,,0.0,,0.0,0.0,0.0,,18.7,7.53,74.0,13.7,7.53,48.0,0.0,1015.2,964.1,,29.0,0.154,29.1,10192X0095/P21B
938,207,2018-07-27,4.811397298,43.539904887,3.0,33.2,21.9,28.9,20.4,2018-07-27T03:02,2018-07-27T15:22,44430.42,41103.01,,,0.0,,0.0,0.0,0.0,,23.13,8.68,21.0,14.2,8.68,47.0,0.0,1014.5,963.7,,30.2,0.154,29.2,10192X0095/P21B
939,208,2018-07-28,4.811397298,43.539904887,1.0,33.0,22.0,29.8,21.5,2018-07-28T03:02,2018-07-28T15:22,44419.36,42607.54,,,0.0,,0.0,0.0,0.0,,24.79,8.56,3.0,15.8,8.56,51.0,0.0,1013.2,962.4,,30.1,0.154,29.5,10192X0095/P21B
940,209,2018-07-29,4.811397298,43.539904887,1.0,32.5,22.2,29.0,21.1,2018-07-29T03:02,2018-07-29T15:22,44408.06,42602.89,,,0.0,,0.0,0.0,0.0,,24.28,8.15,5.0,15.8,8.15,53.0,0.0,1013.2,962.3,,30.8,0.154,29.5,10192X0095/P21B
941,210,2018-07-30,4.811397298,43.539904887,3.0,32.1,21.6,29.7,20.3,2018-07-30T03:02,2018-07-30T15:22,44396.55,35082.67,,,0.0,,0.0,0.0,0.0,,22.52,7.83,19.0,15.4,7.83,51.0,0.0,1013.1,962.2,,28.0,0.154,29.6,10192X0095/P21B
942,211,2018-07-31,4.811397298,43.539904887,0.0,32.7,21.1,30.2,20.4,2018-07-31T03:02,2018-07-31T15:22,44384.81,42592.77,,,0.0,,0.0,0.0,0.0,,24.62,8.14,2.0,15.0,8.14,50.0,0.0,1012.7,961.9,,26.7,0.154,29.7,10192X0095/P21B
943,212,2018-08-01,4.811397298,43.539904887,3.0,33.6,21.3,30.7,20.2,2018-08-01T03:02,2018-08-01T15:22,44372.88,42829.92,,,0.0,,0.0,0.0,0.0,,23.53,8.3,22.0,14.7,8.3,49.0,0.0,1012.5,961.7,,27.2,0.154,29.8,10192X0095/P21B
944,213,2018-08-02,4.811397298,43.539904887,1.0,33.6,21.4,30.8,19.8,2018-08-02T03:02,2018-08-02T15:21,44360.76,42823.89,,,0.0,,0.0,0.0,0.0,,24.89,8.6,4.0,14.7,8.6,48.0,0.0,1012.4,961.7,,28.0,0.154,29.9,10192X0095/P21B
945,214,2018-08-03,4.811397298,43.539904887,3.0,32.6,21.3,29.0,20.0,2018-08-03T03:02,2018-08-03T15:21,44348.46,42333.89,,,0.0,,0.0,0.0,0.0,,22.17,8.17,33.0,14.0,8.17,47.0,0.0,1013.5,962.6,,27.3,0.154,30.0,10192X0095/P21B
946,215,2018-08-04,4.811397298,43.539904887,3.0,32.7,21.9,30.5,20.4,2018-08-04T03:02,2018-08-04T15:21,44336.01,42328.08,,,0.0,,0.0,0.0,0.0,,23.58,7.93,52.0,15.7,7.93,53.0,0.0,1014.8,963.8,,27.6,0.154,30.0,10192X0095/P21B
947,216,2018-08-05,4.811397298,43.539904887,3.0,32.3,21.3,30.3,20.7,2018-08-05T03:02,2018-08-05T15:21,44323.4,39437.52,,,0.0,,0.0,0.0,0.0,,22.96,7.7,30.0,15.4,7.7,52.0,0.0,1015.4,964.3,,26.7,0.154,30.1,10192X0095/P21B
948,217,2018-08-06,4.811397298,43.539904887,3.0,32.0,21.3,29.3,20.8,2018-08-06T03:02,2018-08-06T15:21,44310.66,33262.88,,,0.0,,0.0,0.0,0.0,,20.88,7.55,32.0,15.1,7.55,52.0,0.0,1015.0,964.0,,27.3,0.154,30.1,10192X0095/P21B
949,218,2018-08-07,4.811397298,43.539904887,3.0,33.1,21.3,29.5,20.8,2018-08-07T03:02,2018-08-07T15:20,44297.8,42839.27,,,0.0,,0.0,0.0,0.0,,25.32,8.83,49.0,13.8,8.83,47.0,0.0,1013.8,962.9,,28.9,0.154,30.2,10192X0095/P21B
950,219,2018-08-08,4.811397298,43.539904887,3.0,33.1,21.6,29.9,20.9,2018-08-08T03:02,2018-08-08T15:20,44284.81,41582.35,,,0.0,,0.0,0.0,0.0,,24.68,8.31,51.0,16.1,8.31,54.0,0.0,1012.9,962.1,,31.0,0.154,30.2,10192X0095/P21B
951,220,2018-08-09,4.811397298,43.539904887,3.0,30.6,21.9,27.5,20.5,2018-08-09T03:02,2018-08-09T15:20,44271.73,36062.23,,,0.0,,0.0,0.0,0.0,,17.53,6.75,51.0,16.8,6.75,58.0,0.0,1014.3,963.2,,32.7,0.154,30.0,10192X0095/P21B
952,221,2018-08-10,4.811397298,43.539904887,3.0,29.6,20.1,26.7,18.1,2018-08-10T03:02,2018-08-10T15:20,44258.56,41091.61,,,0.0,,0.0,0.0,0.0,,18.39,6.55,39.0,14.0,6.55,52.0,0.0,1015.8,964.4,,27.1,0.154,29.8,10192X0095/P21B
953,222,2018-08-11,4.811397298,43.539904887,2.0,32.1,20.8,28.8,18.8,2018-08-11T03:02,2018-08-11T15:19,44245.31,42281.98,,,0.0,,0.0,0.0,0.0,,22.96,8.04,31.0,14.1,8.04,49.0,0.0,1016.0,964.8,,28.1,0.154,29.8,10192X0095/P21B
954,223,2018-08-12,4.811397298,43.539904887,51.0,30.0,20.7,27.3,19.3,2018-08-12T03:02,2018-08-12T15:19,44231.98,25324.16,,,0.2,,0.0,0.2,1.0,,18.09,6.2,57.0,16.2,6.2,59.0,0.0,1016.4,965.1,,27.4,0.154,29.7,10192X0095/P21B
955,224,2018-08-13,4.811397298,43.539904887,3.0,31.7,21.3,27.9,19.7,2018-08-13T03:02,2018-08-13T15:19,44218.46,42852.8,,,0.0,,0.0,0.0,0.0,,24.91,8.06,90.0,15.1,8.06,55.0,0.0,1015.6,964.4,,33.2,0.154,29.7,10192X0095/P21B
956,225,2018-08-14,4.811397298,43.539904887,3.0,31.4,20.0,27.4,18.0,2018-08-14T03:02,2018-08-14T15:19,44204.75,35657.03,,,0.0,,0.0,0.0,0.0,,23.43,7.82,47.0,14.8,7.82,53.0,0.0,1015.3,964.1,,31.4,0.154,29.6,10192X0095/P21B
957,226,2018-08-15,4.811397298,43.539904887,53.0,29.2,21.7,26.2,18.9,2018-08-15T03:02,2018-08-15T15:18,44190.85,41605.86,,,1.3,,0.0,1.3,5.0,,20.09,6.76,39.0,16.6,6.76,59.0,0.0,1015.3,964.0,,32.9,0.155,29.6,10192X0095/P21B
958,227,2018-08-16,4.811397298,43.539904887,3.0,32.0,20.7,27.7,19.3,2018-08-16T03:02,2018-08-16T15:18,44176.8,36210.28,,,0.0,,0.0,0.0,0.0,,22.32,7.66,51.0,15.4,7.66,54.0,0.0,1015.2,964.1,,31.3,0.155,29.6,10192X0095/P21B
959,228,2018-08-17,4.811397298,43.539904887,3.0,30.1,21.1,25.9,19.5,2018-08-17T03:01,2018-08-17T15:18,44162.59,32945.49,,,0.0,,0.0,0.0,0.0,,16.46,6.91,49.0,15.2,6.91,54.0,0.0,1013.9,962.8,,32.2,0.154,29.5,10192X0095/P21B
960,229,2018-08-18,4.811397298,43.539904887,3.0,32.1,20.8,29.3,19.1,2018-08-18T03:01,2018-08-18T15:17,44148.24,32575.21,,,0.0,,0.0,0.0,0.0,,21.43,7.93,45.0,14.5,7.93,51.0,0.0,1013.3,962.3,,30.8,0.154,29.5,10192X0095/P21B
961,230,2018-08-19,4.811397298,43.539904887,3.0,33.1,21.3,30.0,18.9,2018-08-19T03:01,2018-08-19T15:17,44133.77,35035.41,,,0.0,,0.0,0.0,0.0,,22.73,8.68,26.0,13.4,8.68,46.0,0.0,1012.9,962.0,,30.0,0.154,29.7,10192X0095/P21B
962,231,2018-08-20,4.811397298,43.539904887,3.0,31.8,21.1,28.1,19.4,2018-08-20T03:01,2018-08-20T15:16,44119.18,38965.62,,,0.0,,0.0,0.0,0.0,,18.78,7.66,64.0,15.1,7.66,52.0,0.0,1013.4,962.4,,32.5,0.154,29.7,10192X0095/P21B
963,232,2018-08-21,4.811397298,43.539904887,3.0,32.5,21.4,29.4,19.9,2018-08-21T03:01,2018-08-21T15:16,44104.48,33579.68,,,0.0,,0.0,0.0,0.0,,21.52,8.18,82.0,15.1,8.18,51.0,0.0,1013.4,962.4,,32.0,0.154,29.7,10192X0095/P21B
964,233,2018-08-22,4.811397298,43.539904887,3.0,32.0,21.6,29.1,19.7,2018-08-22T03:01,2018-08-22T15:16,44089.7,29454.78,,,0.0,,0.0,0.0,0.0,,20.11,7.88,65.0,14.7,7.88,49.0,0.0,1013.1,962.2,,30.8,0.154,29.7,10192X0095/P21B
965,234,2018-08-23,4.811397298,43.539904887,3.0,33.3,21.4,30.1,18.1,2018-08-23T03:01,2018-08-23T15:15,44074.84,32119.02,,,0.0,,0.0,0.0,0.0,,22.36,8.89,28.0,12.7,8.89,42.0,0.0,1012.5,961.7,,29.8,0.153,29.8,10192X0095/P21B
966,235,2018-08-24,4.811397298,43.539904887,3.0,33.9,21.4,31.5,19.5,2018-08-24T03:01,2018-08-24T15:15,44059.9,38042.17,,,0.0,,0.0,0.0,0.0,,23.4,8.59,45.0,14.7,8.59,48.0,0.0,1012.4,961.6,,29.8,0.153,29.8,10192X0095/P21B
967,236,2018-08-25,4.811397298,43.539904887,3.0,34.2,21.5,29.9,19.9,2018-08-25T03:00,2018-08-25T15:15,44044.92,42937.26,,,0.0,,0.0,0.0,0.0,,25.51,9.26,54.0,14.5,9.26,48.0,0.0,1013.0,962.2,,32.1,0.153,30.0,10192X0095/P21B
968,237,2018-08-26,4.811397298,43.539904887,3.0,32.7,21.8,29.1,20.4,2018-08-26T03:00,2018-08-26T15:14,44029.89,39702.04,,,0.0,,0.0,0.0,0.0,,20.38,7.91,45.0,15.5,7.91,51.0,0.0,1012.3,961.5,,31.2,0.153,30.0,10192X0095/P21B
969,238,2018-08-27,4.811397298,43.539904887,3.0,33.0,21.7,30.5,19.9,2018-08-27T03:00,2018-08-27T15:14,44014.82,31252.85,,,0.0,,0.0,0.0,0.0,,21.32,8.3,35.0,14.4,8.3,47.0,0.0,1011.6,960.9,,29.6,0.153,30.1,10192X0095/P21B
970,239,2018-08-28,4.811397298,43.539904887,51.0,33.6,21.4,31.2,19.3,2018-08-28T03:00,2018-08-28T15:13,43999.73,32454.33,,,0.1,,0.0,0.1,1.0,,20.79,8.56,55.0,14.1,8.56,45.0,0.0,1011.5,960.8,,30.0,0.153,30.1,10192X0095/P21B
971,240,2018-08-29,4.811397298,43.539904887,3.0,31.5,22.3,27.3,19.3,2018-08-29T03:00,2018-08-29T15:13,43984.63,26852.91,,,0.0,,0.0,0.0,0.0,,17.89,7.66,57.0,14.8,7.66,50.0,0.0,1013.0,962.0,,33.3,0.152,30.0,10192X0095/P21B
972,241,2018-08-30,4.811397298,43.539904887,3.0,30.5,21.7,27.1,19.3,2018-08-30T03:00,2018-08-30T15:12,43969.52,27697.91,,,0.0,,0.0,0.0,0.0,,16.66,7.21,56.0,14.7,7.21,51.0,0.0,1012.9,961.9,,31.3,0.152,29.9,10192X0095/P21B
973,242,2018-08-31,4.811397298,43.539904887,3.0,32.5,20.6,29.2,18.6,2018-08-31T02:59,2018-08-31T15:12,43954.42,35797.27,,,0.0,,0.0,0.0,0.0,,21.41,7.95,37.0,13.9,7.95,48.0,0.0,1012.4,961.4,,28.6,0.151,29.9,10192X0095/P21B
974,243,2018-09-01,4.811397298,43.539904887,3.0,31.8,20.8,28.9,19.1,2018-09-01T02:59,2018-09-01T15:12,43939.33,33687.74,,,0.0,,0.0,0.0,0.0,,21.37,7.9,41.0,14.8,7.9,50.0,0.0,1012.6,961.6,,29.8,0.151,30.0,10192X0095/P21B
975,244,2018-09-02,4.811397298,43.539904887,3.0,34.2,21.5,31.4,18.9,2018-09-02T02:59,2018-09-02T15:11,43924.12,35818.55,,,0.0,,0.0,0.0,0.0,,24.69,9.42,51.0,12.3,9.42,41.0,0.0,1011.6,960.9,,28.8,0.151,30.1,10192X0095/P21B
976,245,2018-09-03,4.811397298,43.539904887,3.0,33.4,21.3,32.1,20.2,2018-09-03T02:59,2018-09-03T15:11,43908.81,36068.84,,,0.0,,0.0,0.0,0.0,,23.86,8.54,41.0,14.0,8.54,46.0,0.0,1010.9,960.3,,26.4,0.151,30.3,10192X0095/P21B
977,246,2018-09-04,4.811397298,43.539904887,51.0,33.4,22.2,31.6,21.5,2018-09-04T02:59,2018-09-04T15:10,43893.39,43041.76,,,0.2,,0.0,0.2,2.0,,23.4,7.3,58.0,16.9,7.3,57.0,0.0,1013.2,962.3,,24.9,0.151,30.3,10192X0095/P21B
978,247,2018-09-05,4.811397298,43.539904887,3.0,32.7,21.8,31.8,22.7,2018-09-05T02:59,2018-09-05T15:10,43877.89,39929.54,,,0.0,,0.0,0.0,0.0,,24.34,7.56,17.0,15.9,7.56,53.0,0.0,1013.9,963.1,,21.2,0.152,30.4,10192X0095/P21B
979,248,2018-09-06,4.811397298,43.539904887,2.0,32.3,21.3,30.9,21.6,2018-09-06T02:58,2018-09-06T15:09,43862.31,43066.68,,,0.0,,0.0,0.0,0.0,,24.11,7.48,19.0,16.1,7.48,54.0,0.0,1013.5,962.6,,24.0,0.152,30.5,10192X0095/P21B
980,249,2018-09-07,4.811397298,43.539904887,3.0,32.1,20.9,30.3,20.3,2018-09-07T02:58,2018-09-07T15:09,43846.66,43079.66,,,0.0,,0.0,0.0,0.0,,25.84,8.03,30.0,13.5,8.03,46.0,0.0,1013.1,962.2,,22.9,0.152,30.5,10192X0095/P21B
981,250,2018-09-08,4.811397298,43.539904887,3.0,33.8,21.1,31.5,20.7,2018-09-08T02:58,2018-09-08T15:08,43830.96,43092.92,,,0.0,,0.0,0.0,0.0,,26.64,8.64,69.0,14.2,8.64,46.0,0.0,1012.2,961.5,,23.6,0.152,30.6,10192X0095/P21B
982,251,2018-09-09,4.811397298,43.539904887,1.0,34.6,22.2,31.9,22.2,2018-09-09T02:58,2018-09-09T15:08,43815.2,43106.41,,,0.0,,0.0,0.0,0.0,,26.37,8.8,12.0,16.2,8.8,51.0,0.0,1011.8,961.2,,27.5,0.152,30.8,10192X0095/P21B
983,252,2018-09-10,4.811397298,43.539904887,0.0,34.2,22.1,33.3,22.1,2018-09-10T02:57,2018-09-10T15:07,43799.42,43120.08,,,0.0,,0.0,0.0,0.0,,26.25,8.66,2.0,15.7,8.66,49.0,0.0,1011.6,961.0,,25.3,0.151,30.9,10192X0095/P21B
984,253,2018-09-11,4.811397298,43.539904887,1.0,34.3,22.0,32.1,21.5,2018-09-11T02:57,2018-09-11T15:07,43783.61,43133.88,,,0.0,,0.0,0.0,0.0,,26.25,8.78,8.0,14.7,8.78,47.0,0.0,1012.9,962.2,,25.0,0.151,31.0,10192X0095/P21B
985,254,2018-09-12,4.811397298,43.539904887,1.0,33.7,21.9,32.3,21.2,2018-09-12T02:57,2018-09-12T15:06,43767.79,43147.76,,,0.0,,0.0,0.0,0.0,,26.2,8.58,8.0,14.3,8.58,45.0,0.0,1012.6,961.9,,22.8,0.151,31.1,10192X0095/P21B
986,255,2018-09-13,4.811397298,43.539904887,3.0,34.1,22.6,33.0,21.7,2018-09-13T02:57,2018-09-13T15:06,43751.97,43161.67,,,0.0,,0.0,0.0,0.0,,25.46,8.73,11.0,15.4,8.73,46.0,0.0,1011.5,961.0,,24.5,0.152,31.2,10192X0095/P21B
987,256,2018-09-14,4.811397298,43.539904887,1.0,33.2,23.3,31.9,22.1,2018-09-14T02:57,2018-09-14T15:05,43736.15,43175.56,,,0.0,,0.0,0.0,0.0,,24.89,8.04,12.0,17.6,8.04,55.0,0.0,1011.9,961.3,,28.1,0.151,31.3,10192X0095/P21B
988,257,2018-09-15,4.811397298,43.539904887,1.0,33.3,22.6,32.5,22.8,2018-09-15T02:56,2018-09-15T15:05,43720.34,43189.37,,,0.0,,0.0,0.0,0.0,,24.58,8.21,17.0,16.0,8.21,50.0,0.0,1012.1,961.5,,24.4,0.151,31.3,10192X0095/P21B
989,258,2018-09-16,4.811397298,43.539904887,0.0,34.1,22.1,32.0,20.9,2018-09-16T02:56,2018-09-16T15:04,43704.56,43200.0,,,0.0,,0.0,0.0,0.0,,26.28,9.33,3.0,13.3,9.33,42.0,0.0,1011.1,960.5,,25.8,0.151,31.4,10192X0095/P21B
990,259,2018-09-17,4.811397298,43.539904887,3.0,33.6,21.2,31.2,19.3,2018-09-17T02:56,2018-09-17T15:04,43688.83,43200.0,,,0.0,,0.0,0.0,0.0,,26.52,9.12,12.0,13.4,9.12,44.0,0.0,1010.8,960.2,,27.5,0.151,31.4,10192X0095/P21B
991,260,2018-09-18,4.811397298,43.539904887,2.0,33.4,21.3,30.9,20.8,2018-09-18T02:56,2018-09-18T15:04,43673.13,43200.0,,,0.0,,0.0,0.0,0.0,,26.51,8.84,9.0,13.2,8.84,45.0,0.0,1011.7,961.0,,25.5,0.151,31.4,10192X0095/P21B
992,261,2018-09-19,4.811397298,43.539904887,3.0,33.6,21.3,32.8,19.6,2018-09-19T02:55,2018-09-19T15:03,43657.49,43200.0,,,0.0,,0.0,0.0,0.0,,26.51,8.76,41.0,13.8,8.76,43.0,0.0,1011.6,960.9,,23.8,0.151,31.4,10192X0095/P21B
993,262,2018-09-20,4.811397298,43.539904887,1.0,33.6,22.0,30.5,20.7,2018-09-20T02:55,2018-09-20T15:03,43641.91,43177.17,,,0.0,,0.0,0.0,0.0,,25.37,9.16,9.0,13.0,9.16,42.0,0.0,1011.2,960.6,,26.0,0.151,31.5,10192X0095/P21B
994,263,2018-09-21,4.811397298,43.539904887,2.0,33.8,22.2,32.0,21.4,2018-09-21T02:55,2018-09-21T15:02,43626.4,43149.4,,,0.0,,0.0,0.0,0.0,,25.92,8.5,10.0,15.9,8.5,50.0,0.0,1011.5,960.9,,27.5,0.151,31.5,10192X0095/P21B
995,264,2018-09-22,4.811397298,43.539904887,2.0,32.8,22.2,32.3,21.9,2018-09-22T02:55,2018-09-22T15:02,43610.83,43121.38,,,0.0,,0.0,0.0,0.0,,24.23,7.81,15.0,15.7,7.81,49.0,0.0,1012.0,961.3,,24.2,0.151,31.5,10192X0095/P21B
996,265,2018-09-23,4.811397298,43.539904887,2.0,33.4,22.4,32.8,21.5,2018-09-23T02:55,2018-09-23T15:01,43595.2,43093.09,,,0.0,,0.0,0.0,0.0,,25.62,8.2,14.0,15.9,8.2,50.0,0.0,1012.1,961.5,,25.2,0.151,31.6,10192X0095/P21B
997,266,2018-09-24,4.811397298,43.539904887,2.0,31.9,22.6,31.3,22.7,2018-09-24T02:54,2018-09-24T15:01,43579.52,43064.62,,,0.0,,0.0,0.0,0.0,,20.94,6.96,34.0,17.7,6.96,57.0,0.0,1012.4,961.6,,25.2,0.151,31.5,10192X0095/P21B
998,267,2018-09-25,4.811397298,43.539904887,3.0,31.6,22.8,31.5,22.8,2018-09-25T02:54,2018-09-25T15:00,43563.81,43036.01,,,0.0,,0.0,0.0,0.0,,21.61,6.86,37.0,17.5,6.86,56.0,0.0,1012.9,962.1,,23.0,0.152,31.4,10192X0095/P21B
999,268,2018-09-26,4.811397298,43.539904887,2.0,33.7,22.4,33.6,22.8,2018-09-26T02:54,2018-09-26T15:00,43548.07,43007.34,,,0.0,,0.0,0.0,0.0,,25.55,8.12,22.0,15.7,8.12,47.0,0.0,1011.7,961.2,,20.5,0.152,31.5,10192X0095/P21B
1000,269,2018-09-27,4.811397298,43.539904887,3.0,33.4,23.3,32.9,23.1,2018-09-27T02:54,2018-09-27T14:59,43532.31,42978.66,,,0.0,,0.0,0.0,0.0,,24.65,7.88,42.0,17.6,7.88,53.0,0.0,1011.4,960.9,,24.8,0.152,31.7,10192X0095/P21B
1001,270,2018-09-28,4.811397298,43.539904887,51.0,32.7,23.3,33.4,23.9,2018-09-28T02:53,2018-09-28T14:59,43516.55,42950.06,,,0.3,,0.0,0.3,3.0,,22.34,6.77,43.0,19.1,6.77,61.0,0.0,1011.2,960.6,,23.9,0.152,31.7,10192X0095/P21B
1002,271,2018-09-29,4.811397298,43.539904887,55.0,31.5,22.7,32.1,23.9,2018-09-29T02:53,2018-09-29T14:58,43500.8,39022.41,,,3.3,,0.0,3.3,6.0,,19.11,5.07,87.0,19.6,5.07,70.0,0.0,1013.0,962.0,,18.9,0.152,31.5,10192X0095/P21B
1003,272,2018-09-30,4.811397298,43.539904887,51.0,28.1,22.2,29.3,23.3,2018-09-30T02:53,2018-09-30T14:58,43485.06,32810.48,,,0.1,,0.0,0.1,1.0,,16.59,4.08,55.0,19.9,4.08,74.0,0.0,1014.0,962.8,,18.7,0.158,30.9,10192X0095/P21B
1004,273,2018-10-01,4.811397298,43.539904887,3.0,29.7,21.2,29.1,21.5,2018-10-01T02:53,2018-10-01T14:57,43469.34,42865.25,,,0.0,,0.0,0.0,0.0,,21.16,5.6,28.0,17.9,5.6,65.0,0.0,1012.7,961.5,,20.1,0.155,30.4,10192X0095/P21B
1005,274,2018-10-02,4.811397298,43.539904887,2.0,31.2,20.8,31.0,21.4,2018-10-02T02:53,2018-10-02T14:57,43453.66,42837.54,,,0.0,,0.0,0.0,0.0,,23.62,6.39,28.0,16.8,6.39,59.0,0.0,1013.2,962.1,,19.8,0.153,30.3,10192X0095/P21B
1006,275,2018-10-03,4.811397298,43.539904887,51.0,32.4,21.6,33.0,21.5,2018-10-03T02:52,2018-10-03T14:56,43438.03,41471.16,,,0.4,,0.0,0.4,2.0,,24.12,6.97,37.0,16.3,6.97,53.0,0.0,1013.0,962.1,,18.7,0.152,30.5,10192X0095/P21B
1007,276,2018-10-04,4.811397298,43.539904887,3.0,33.2,22.8,32.9,22.3,2018-10-04T02:52,2018-10-04T14:56,43422.45,42783.33,,,0.0,,0.0,0.0,0.0,,21.96,6.81,47.0,16.3,6.81,50.0,0.0,1012.6,961.9,,19.2,0.152,30.8,10192X0095/P21B
1008,277,2018-10-05,4.811397298,43.539904887,1.0,33.7,22.4,33.7,21.8,2018-10-05T02:52,2018-10-05T14:56,43406.94,42756.97,,,0.0,,0.0,0.0,0.0,,25.02,7.67,14.0,16.3,7.67,50.0,0.0,1012.6,961.9,,21.8,0.152,31.0,10192X0095/P21B
1009,278,2018-10-06,4.811397298,43.539904887,53.0,32.8,22.1,32.9,22.0,2018-10-06T02:52,2018-10-06T14:55,43391.51,42731.18,,,0.7,,0.0,0.7,2.0,,23.26,7.13,18.0,17.1,7.13,54.0,0.0,1012.3,961.6,,22.6,0.151,30.9,10192X0095/P21B
1010,279,2018-10-07,4.811397298,43.539904887,2.0,32.7,22.1,32.1,22.3,2018-10-07T02:52,2018-10-07T14:55,43376.17,42706.03,,,0.0,,0.0,0.0,0.0,,24.66,7.44,16.0,16.7,7.44,52.0,0.0,1011.4,960.8,,21.3,0.151,31.0,10192X0095/P21B
1011,280,2018-10-08,4.811397298,43.539904887,3.0,33.5,22.3,33.2,21.5,2018-10-08T02:52,2018-10-08T14:54,43360.92,42681.6,,,0.0,,0.0,0.0,0.0,,25.09,7.84,23.0,15.9,7.84,49.0,0.0,1010.6,960.0,,22.1,0.151,31.1,10192X0095/P21B
1012,281,2018-10-09,4.811397298,43.539904887,3.0,33.3,22.2,32.4,21.7,2018-10-09T02:51,2018-10-09T14:54,43345.78,42657.93,,,0.0,,0.0,0.0,0.0,,23.67,7.61,43.0,16.7,7.61,52.0,0.0,1010.8,960.2,,23.9,0.151,31.2,10192X0095/P21B
1013,282,2018-10-10,4.811397298,43.539904887,3.0,32.7,23.1,32.2,23.5,2018-10-10T02:51,2018-10-10T14:54,43330.77,42635.1,,,0.0,,0.0,0.0,0.0,,23.58,7.45,56.0,16.7,7.45,51.0,0.0,1011.6,961.0,,21.5,0.151,31.3,10192X0095/P21B
1014,283,2018-10-11,4.811397298,43.539904887,3.0,33.7,22.5,33.1,21.4,2018-10-11T02:51,2018-10-11T14:53,43315.86,42613.02,,,0.0,,0.0,0.0,0.0,,25.22,7.98,25.0,16.2,7.98,48.0,0.0,1011.2,960.7,,21.6,0.151,31.4,10192X0095/P21B
1015,284,2018-10-12,4.811397298,43.539904887,3.0,34.0,22.2,33.1,21.7,2018-10-12T02:51,2018-10-12T14:53,43300.95,42591.18,,,0.0,,0.0,0.0,0.0,,25.11,8.14,75.0,16.0,8.14,48.0,0.0,1010.4,959.9,,23.6,0.151,31.5,10192X0095/P21B
1016,285,2018-10-13,4.811397298,43.539904887,3.0,33.1,22.8,32.8,23.0,2018-10-13T02:51,2018-10-13T14:52,43286.03,41848.17,,,0.0,,0.0,0.0,0.0,,24.16,7.57,81.0,17.6,7.57,53.0,0.0,1010.7,960.2,,23.0,0.151,31.5,10192X0095/P21B
1017,286,2018-10-14,4.811397298,43.539904887,3.0,34.3,22.9,34.2,22.5,2018-10-14T02:51,2018-10-14T14:52,43271.1,41161.65,,,0.0,,0.0,0.0,0.0,,25.41,8.12,85.0,16.6,8.12,49.0,0.0,1011.0,960.5,,22.1,0.151,31.6,10192X0095/P21B
1018,287,2018-10-15,4.811397298,43.539904887,3.0,34.1,23.2,35.4,23.3,2018-10-15T02:51,2018-10-15T14:52,43256.19,38953.2,,,0.0,,0.0,0.0,0.0,,22.86,6.96,33.0,16.9,6.96,50.0,0.0,1011.7,961.2,,16.4,0.151,31.7,10192X0095/P21B
1019,288,2018-10-16,4.811397298,43.539904887,51.0,31.6,23.8,33.5,25.6,2018-10-16T02:51,2018-10-16T14:51,43241.3,40720.38,,,0.8,,0.0,0.8,5.0,,18.02,4.89,48.0,19.0,4.89,62.0,0.0,1012.9,962.1,,11.1,0.151,31.8,10192X0095/P21B
1020,289,2018-10-17,4.811397298,43.539904887,63.0,27.0,22.5,30.6,25.5,2018-10-17T02:51,2018-10-17T14:51,43226.44,24833.98,,,5.7,,0.0,5.7,9.0,,13.16,2.75,73.0,21.3,2.75,81.0,0.0,1012.3,961.1,,5.9,0.159,31.2,10192X0095/P21B
1021,290,2018-10-18,4.811397298,43.539904887,51.0,29.8,22.2,33.2,24.8,2018-10-18T02:51,2018-10-18T14:51,43211.64,42466.79,,,0.1,,0.0,0.1,1.0,,22.6,4.67,61.0,20.2,4.67,73.0,0.0,1011.3,960.3,,8.2,0.159,30.7,10192X0095/P21B
1022,291,2018-10-19,4.811397298,43.539904887,3.0,30.7,20.7,34.4,23.2,2018-10-19T02:50,2018-10-19T14:50,43196.89,42447.64,,,0.0,,0.0,0.0,0.0,,24.56,5.11,71.0,19.5,5.11,69.0,0.0,1012.1,961.1,,5.8,0.156,30.5,10192X0095/P21B
1023,292,2018-10-20,4.811397298,43.539904887,1.0,31.8,20.8,35.3,23.1,2018-10-20T02:50,2018-10-20T14:50,43182.21,42429.08,,,0.0,,0.0,0.0,0.0,,24.47,5.4,13.0,18.1,5.4,60.0,0.0,1012.4,961.5,,5.8,0.153,30.6,10192X0095/P21B
1024,293,2018-10-21,4.811397298,43.539904887,1.0,32.4,21.6,36.3,24.1,2018-10-21T02:50,2018-10-21T14:50,43167.62,42411.15,,,0.0,,0.0,0.0,0.0,,23.08,5.59,17.0,17.1,5.59,54.0,0.0,1012.5,961.8,,6.9,0.151,31.0,10192X0095/P21B
1025,294,2018-10-22,4.811397298,43.539904887,51.0,31.8,22.7,35.1,24.3,2018-10-22T02:50,2018-10-22T14:50,43153.12,42207.39,,,0.5,,0.0,0.5,5.0,,21.41,5.13,31.0,17.3,5.13,54.0,0.0,1013.5,962.8,,7.5,0.151,31.4,10192X0095/P21B
1026,295,2018-10-23,4.811397298,43.539904887,51.0,31.5,23.3,32.4,24.8,2018-10-23T02:50,2018-10-23T14:49,43138.72,41513.08,,,0.9,,0.0,0.9,5.0,,21.38,5.68,38.0,18.1,5.68,57.0,0.0,1014.3,963.4,,13.7,0.151,31.5,10192X0095/P21B
1027,296,2018-10-24,4.811397298,43.539904887,53.0,27.8,22.0,28.9,24.7,2018-10-24T02:50,2018-10-24T14:49,43124.45,39923.48,,,3.0,,0.0,3.0,8.0,,17.54,3.89,51.0,19.6,3.89,73.0,0.0,1014.4,963.1,,12.3,0.152,31.0,10192X0095/P21B
1028,297,2018-10-25,4.811397298,43.539904887,51.0,29.2,21.8,33.6,24.1,2018-10-25T02:50,2018-10-25T14:49,43110.31,42346.84,,,1.4,,0.0,1.4,10.0,,19.24,4.31,71.0,19.7,4.31,70.0,0.0,1013.3,962.2,,8.6,0.152,30.8,10192X0095/P21B
1029,298,2018-10-26,4.811397298,43.539904887,61.0,28.9,22.5,32.4,25.6,2018-10-26T02:50,2018-10-26T14:49,43096.31,37978.29,,,10.0,,0.0,10.0,19.0,,16.02,3.46,82.0,20.7,3.46,78.0,0.0,1014.4,963.1,,7.3,0.154,30.6,10192X0095/P21B
1030,299,2018-10-27,4.811397298,43.539904887,61.0,28.0,21.8,32.0,25.3,2018-10-27T02:50,2018-10-27T14:48,43082.48,36515.7,,,6.8,,0.0,6.8,17.0,,18.68,3.64,66.0,21.2,3.64,85.0,0.0,1015.3,963.8,,6.1,0.172,30.1,10192X0095/P21B
1031,300,2018-10-28,4.811397298,43.539904887,51.0,28.3,21.0,33.3,24.0,2018-10-28T02:50,2018-10-28T14:48,43068.81,42307.78,,,0.7,,0.0,0.7,7.0,,21.62,4.22,17.0,20.2,4.22,77.0,0.0,1014.3,963.0,,4.9,0.18,29.7,10192X0095/P21B
1032,301,2018-10-29,4.811397298,43.539904887,51.0,28.4,21.5,33.8,24.0,2018-10-29T02:50,2018-10-29T14:48,43055.33,42296.79,,,0.5,,0.0,0.5,5.0,,21.4,4.43,16.0,20.3,4.43,78.0,0.0,1013.2,962.0,,8.6,0.177,29.5,10192X0095/P21B
1033,302,2018-10-30,4.811397298,43.539904887,51.0,29.2,20.6,32.4,23.6,2018-10-30T02:50,2018-10-30T14:48,43042.05,42286.89,,,0.2,,0.0,0.2,2.0,,23.11,4.93,12.0,19.9,4.93,76.0,0.0,1012.4,961.2,,10.0,0.173,29.3,10192X0095/P21B
1034,303,2018-10-31,4.811397298,43.539904887,51.0,29.3,21.2,31.2,23.3,2018-10-31T02:50,2018-10-31T14:48,43028.95,42278.06,,,0.5,,0.0,0.5,3.0,,22.15,5.06,12.0,19.1,5.06,71.0,0.0,1012.0,960.8,,15.2,0.169,29.1,10192X0095/P21B
1035,304,2018-11-01,4.811397298,43.539904887,2.0,31.0,20.4,31.4,21.3,2018-11-01T02:51,2018-11-01T14:47,43015.93,42270.03,,,0.0,,0.0,0.0,0.0,,25.16,6.37,12.0,16.3,6.37,60.0,0.0,1012.2,961.1,,15.8,0.165,28.9,10192X0095/P21B
1036,305,2018-11-02,4.811397298,43.539904887,3.0,32.1,19.9,32.1,20.4,2018-11-02T02:51,2018-11-02T14:47,43002.96,42262.79,,,0.0,,0.0,0.0,0.0,,25.16,6.81,32.0,15.3,6.81,54.0,0.0,1011.7,960.8,,16.0,0.162,29.0,10192X0095/P21B
1037,306,2018-11-03,4.811397298,43.539904887,3.0,32.7,20.0,34.3,21.1,2018-11-03T02:51,2018-11-03T14:47,42990.07,42256.34,,,0.0,,0.0,0.0,0.0,,24.87,6.7,42.0,14.7,6.7,49.0,0.0,1011.3,960.5,,11.7,0.161,29.5,10192X0095/P21B
1038,307,2018-11-04,4.811397298,43.539904887,3.0,32.8,21.8,34.9,23.9,2018-11-04T02:51,2018-11-04T14:47,42977.27,39713.43,,,0.0,,0.0,0.0,0.0,,23.75,6.32,51.0,16.9,6.32,53.0,0.0,1011.3,960.7,,11.6,0.16,30.0,10192X0095/P21B
1039,308,2018-11-05,4.811397298,43.539904887,51.0,32.5,22.8,35.5,24.6,2018-11-05T02:51,2018-11-05T14:47,42964.56,42245.84,,,0.1,,0.0,0.1,1.0,,22.08,5.57,43.0,17.3,5.57,54.0,0.0,1011.1,960.5,,10.3,0.16,30.5,10192X0095/P21B
1040,309,2018-11-06,4.811397298,43.539904887,3.0,34.0,23.0,35.6,25.3,2018-11-06T02:51,2018-11-06T14:47,42951.97,42241.82,,,0.0,,0.0,0.0,0.0,,23.08,6.42,21.0,16.3,6.42,49.0,0.0,1011.0,960.5,,10.4,0.16,30.9,10192X0095/P21B
1041,310,2018-11-07,4.811397298,43.539904887,51.0,33.4,23.3,35.6,25.8,2018-11-07T02:51,2018-11-07T14:47,42939.51,41412.4,,,0.3,,0.0,0.3,3.0,,22.05,6.18,39.0,17.2,6.18,52.0,0.0,1012.0,961.4,,11.0,0.16,31.2,10192X0095/P21B
1042,311,2018-11-08,4.811397298,43.539904887,51.0,33.4,24.2,35.6,25.3,2018-11-08T02:51,2018-11-08T14:47,42927.19,41659.72,,,0.5,,0.0,0.5,2.0,,21.27,6.01,50.0,17.5,6.01,52.0,0.0,1011.8,961.3,,11.0,0.16,31.3,10192X0095/P21B
1043,312,2018-11-09,4.811397298,43.539904887,51.0,33.6,23.6,36.4,26.1,2018-11-09T02:52,2018-11-09T14:47,42915.01,41665.77,,,0.3,,0.0,0.3,3.0,,21.88,5.83,42.0,17.6,5.83,53.0,0.0,1011.4,960.9,,9.9,0.16,31.5,10192X0095/P21B
1044,313,2018-11-10,4.811397298,43.539904887,61.0,30.4,23.4,33.8,26.3,2018-11-10T02:52,2018-11-10T14:47,42903.01,41671.42,,,6.6,,0.0,6.6,12.0,,18.18,4.4,47.0,20.1,4.4,68.0,0.0,1012.6,961.7,,10.0,0.161,31.5,10192X0095/P21B
1045,314,2018-11-11,4.811397298,43.539904887,55.0,28.1,22.8,32.0,25.9,2018-11-11T02:52,2018-11-11T14:47,42891.19,41919.06,,,2.9,,0.0,2.9,7.0,,19.57,3.87,59.0,21.8,3.87,82.0,0.0,1013.9,962.6,,7.8,0.18,30.8,10192X0095/P21B
1046,315,2018-11-12,4.811397298,43.539904887,51.0,29.1,22.1,32.0,25.0,2018-11-12T02:52,2018-11-12T14:47,42879.56,42167.02,,,1.0,,0.0,1.0,9.0,,19.77,4.26,40.0,20.8,4.26,77.0,0.0,1013.0,961.8,,11.4,0.179,30.1,10192X0095/P21B
1047,316,2018-11-13,4.811397298,43.539904887,51.0,29.7,21.3,30.9,24.4,2018-11-13T02:52,2018-11-13T14:47,42868.15,42172.13,,,0.7,,0.0,0.7,5.0,,19.4,4.38,52.0,20.2,4.38,75.0,0.0,1011.6,960.5,,12.7,0.175,29.7,10192X0095/P21B
1048,317,2018-11-14,4.811397298,43.539904887,53.0,29.1,21.3,33.7,24.5,2018-11-14T02:53,2018-11-14T14:47,42856.96,41966.87,,,0.9,,0.0,0.9,4.0,,18.68,3.83,28.0,21.0,3.83,79.0,0.0,1010.8,959.7,,7.6,0.172,29.5,10192X0095/P21B
1049,318,2018-11-15,4.811397298,43.539904887,55.0,29.1,21.9,32.9,24.2,2018-11-15T02:53,2018-11-15T14:47,42846.02,41449.13,,,4.1,,0.0,4.1,9.0,,19.52,4.04,46.0,21.1,4.04,77.0,0.0,1011.8,960.8,,8.3,0.171,29.5,10192X0095/P21B
1050,319,2018-11-16,4.811397298,43.539904887,63.0,28.1,22.4,31.6,25.4,2018-11-16T02:53,2018-11-16T14:47,42835.33,31803.15,,,16.5,,0.0,16.5,20.0,,12.36,2.6,84.0,21.4,2.6,84.0,0.0,1013.6,962.3,,7.3,0.174,29.3,10192X0095/P21B
1051,320,2018-11-17,4.811397298,43.539904887,51.0,28.2,22.1,31.0,26.0,2018-11-17T02:53,2018-11-17T14:47,42824.91,31143.01,,,0.4,,0.0,0.4,3.0,,14.46,3.02,51.0,21.4,3.02,84.0,0.0,1014.0,962.6,,6.8,0.179,29.0,10192X0095/P21B
1052,321,2018-11-18,4.811397298,43.539904887,51.0,29.1,21.9,32.5,24.4,2018-11-18T02:54,2018-11-18T14:47,42814.77,42260.74,,,0.7,,0.0,0.7,7.0,,21.16,4.18,20.0,21.4,4.18,81.0,0.0,1012.6,961.4,,12.1,0.177,28.8,10192X0095/P21B
1053,322,2018-11-19,4.811397298,43.539904887,51.0,29.0,21.1,31.1,21.6,2018-11-19T02:54,2018-11-19T14:47,42804.94,42075.33,,,0.2,,0.0,0.2,2.0,,21.62,4.64,15.0,19.2,4.64,75.0,0.0,1013.1,961.8,,15.1,0.174,28.5,10192X0095/P21B
1054,323,2018-11-20,4.811397298,43.539904887,2.0,29.4,20.1,30.9,20.1,2018-11-20T02:54,2018-11-20T14:48,42795.4,42276.7,,,0.0,,0.0,0.0,0.0,,24.91,5.39,12.0,17.5,5.39,68.0,0.0,1013.4,962.0,,14.3,0.171,28.2,10192X0095/P21B
1055,324,2018-11-21,4.811397298,43.539904887,0.0,30.7,19.1,30.6,18.7,2018-11-21T02:55,2018-11-21T14:48,42786.06,42286.38,,,0.0,,0.0,0.0,0.0,,24.92,5.52,0.0,16.6,5.52,65.0,0.0,1012.9,961.5,,14.6,0.167,28.0,10192X0095/P21B
1056,325,2018-11-22,4.811397298,43.539904887,2.0,32.1,18.8,31.5,18.8,2018-11-22T02:55,2018-11-22T14:48,42776.89,42297.21,,,0.0,,0.0,0.0,0.0,,24.86,6.12,6.0,16.1,6.12,59.0,0.0,1012.2,961.1,,14.9,0.165,28.1,10192X0095/P21B
1057,326,2018-11-23,4.811397298,43.539904887,2.0,32.7,20.2,32.5,20.8,2018-11-23T02:55,2018-11-23T14:48,42767.93,42309.15,,,0.0,,0.0,0.0,0.0,,22.1,6.13,30.0,17.3,6.13,58.0,0.0,1012.4,961.6,,17.3,0.163,28.4,10192X0095/P21B
1058,327,2018-11-24,4.811397298,43.539904887,51.0,33.2,22.9,32.8,24.8,2018-11-24T02:56,2018-11-24T14:48,42759.16,41946.12,,,0.4,,0.0,0.4,4.0,,20.12,6.02,35.0,19.9,6.02,65.0,0.0,1013.3,962.5,,22.5,0.163,28.8,10192X0095/P21B
1059,328,2018-11-25,4.811397298,43.539904887,3.0,33.1,22.6,33.5,24.9,2018-11-25T02:56,2018-11-25T14:49,42750.61,42330.73,,,0.0,,0.0,0.0,0.0,,22.93,6.76,39.0,16.8,6.76,54.0,0.0,1013.2,962.5,,15.9,0.162,29.3,10192X0095/P21B
1060,329,2018-11-26,4.811397298,43.539904887,51.0,33.6,21.9,35.7,23.2,2018-11-26T02:56,2018-11-26T14:49,42742.3,40178.1,,,0.1,,0.0,0.1,1.0,,22.69,5.64,79.0,17.0,5.64,52.0,0.0,1011.8,961.2,,7.4,0.162,29.8,10192X0095/P21B
1061,330,2018-11-27,4.811397298,43.539904887,51.0,32.2,23.9,33.6,26.0,2018-11-27T02:57,2018-11-27T14:49,42734.21,41885.67,,,0.4,,0.0,0.4,3.0,,19.49,5.41,43.0,18.4,5.41,57.0,0.0,1011.6,961.0,,11.3,0.162,30.0,10192X0095/P21B
1062,331,2018-11-28,4.811397298,43.539904887,51.0,31.4,23.0,31.4,24.1,2018-11-28T02:57,2018-11-28T14:49,42726.37,41360.43,,,0.2,,0.0,0.2,1.0,,20.17,5.65,55.0,19.4,5.65,65.0,0.0,1012.7,961.8,,21.3,0.162,29.8,10192X0095/P21B
1063,332,2018-11-29,4.811397298,43.539904887,3.0,31.4,22.2,29.8,23.1,2018-11-29T02:58,2018-11-29T14:50,42718.8,42298.03,,,0.0,,0.0,0.0,0.0,,23.96,6.97,17.0,15.9,6.97,54.0,0.0,1012.8,961.9,,21.9,0.162,29.7,10192X0095/P21B
1064,333,2018-11-30,4.811397298,43.539904887,3.0,31.9,21.9,30.4,21.8,2018-11-30T02:58,2018-11-30T14:50,42711.49,42290.47,,,0.0,,0.0,0.0,0.0,,20.12,6.49,35.0,17.3,6.49,57.0,0.0,1012.6,961.7,,23.5,0.161,29.7,10192X0095/P21B
1065,334,2018-12-01,4.811397298,43.539904887,3.0,32.0,23.6,31.0,24.0,2018-12-01T02:59,2018-12-01T14:50,42704.48,42283.18,,,0.0,,0.0,0.0,0.0,,18.79,6.06,87.0,18.8,6.06,61.0,0.0,1010.8,960.1,,23.6,0.161,29.8,10192X0095/P21B
1066,335,2018-12-02,4.811397298,43.539904887,51.0,31.6,23.1,32.3,25.3,2018-12-02T02:59,2018-12-02T14:51,42697.75,32779.4,,,0.7,,0.0,0.7,7.0,,17.6,4.81,91.0,19.7,4.81,67.0,0.0,1010.6,959.8,,15.4,0.162,29.9,10192X0095/P21B
1067,336,2018-12-03,4.811397298,43.539904887,51.0,32.1,22.2,33.0,24.1,2018-12-03T02:59,2018-12-03T14:51,42691.33,36774.26,,,0.9,,0.0,0.9,4.0,,18.32,4.96,56.0,18.1,4.96,62.0,0.0,1010.1,959.4,,12.2,0.162,29.9,10192X0095/P21B
1068,337,2018-12-04,4.811397298,43.539904887,3.0,32.8,22.0,32.7,23.4,2018-12-04T03:00,2018-12-04T14:51,42685.23,42263.06,,,0.0,,0.0,0.0,0.0,,22.6,6.33,44.0,15.9,6.33,52.0,0.0,1011.0,960.3,,15.6,0.161,30.0,10192X0095/P21B
1069,338,2018-12-05,4.811397298,43.539904887,3.0,33.0,22.2,33.8,23.5,2018-12-05T03:00,2018-12-05T14:52,42679.46,41383.2,,,0.0,,0.0,0.0,0.0,,21.32,6.24,57.0,18.0,6.24,57.0,0.0,1011.2,960.6,,17.3,0.161,30.2,10192X0095/P21B
1070,339,2018-12-06,4.811397298,43.539904887,3.0,32.8,23.0,33.7,26.0,2018-12-06T03:01,2018-12-06T14:52,42674.03,42251.25,,,0.0,,0.0,0.0,0.0,,21.24,5.89,58.0,18.2,5.89,58.0,0.0,1011.1,960.4,,14.3,0.161,30.4,10192X0095/P21B
1071,340,2018-12-07,4.811397298,43.539904887,1.0,34.1,22.2,34.1,25.6,2018-12-07T03:01,2018-12-07T14:52,42668.95,42245.85,,,0.0,,0.0,0.0,0.0,,22.59,6.83,5.0,17.0,6.83,53.0,0.0,1009.9,959.4,,14.1,0.161,30.6,10192X0095/P21B
1072,341,2018-12-08,4.811397298,43.539904887,3.0,32.7,22.7,32.3,25.1,2018-12-08T03:02,2018-12-08T14:53,42664.23,42240.82,,,0.0,,0.0,0.0,0.0,,20.25,6.16,66.0,17.2,6.16,54.0,0.0,1010.9,960.3,,16.6,0.161,30.7,10192X0095/P21B
1073,342,2018-12-09,4.811397298,43.539904887,3.0,33.2,23.0,32.4,24.0,2018-12-09T03:02,2018-12-09T14:53,42659.89,42236.16,,,0.0,,0.0,0.0,0.0,,23.39,7.0,72.0,15.5,7.0,48.0,0.0,1011.8,961.2,,18.2,0.161,30.7,10192X0095/P21B
1074,343,2018-12-10,4.811397298,43.539904887,3.0,33.7,22.9,32.7,24.7,2018-12-10T03:03,2018-12-10T14:54,42655.93,42232.06,,,0.0,,0.0,0.0,0.0,,23.81,7.29,56.0,14.3,7.29,45.0,0.0,1012.4,961.8,,16.2,0.16,30.9,10192X0095/P21B
1075,344,2018-12-11,4.811397298,43.539904887,3.0,32.9,23.0,33.0,23.7,2018-12-11T03:03,2018-12-11T14:54,42652.29,42228.55,,,0.0,,0.0,0.0,0.0,,20.65,6.1,48.0,16.5,6.1,51.0,0.0,1012.9,962.2,,14.4,0.16,31.0,10192X0095/P21B
1076,345,2018-12-12,4.811397298,43.539904887,3.0,33.3,23.7,32.6,24.5,2018-12-12T03:04,2018-12-12T14:54,42648.98,40372.84,,,0.0,,0.0,0.0,0.0,,18.04,6.05,56.0,17.9,6.05,54.0,0.0,1013.6,963.0,,16.2,0.16,31.1,10192X0095/P21B
1077,346,2018-12-13,4.811397298,43.539904887,3.0,33.4,23.1,32.8,24.5,2018-12-13T03:04,2018-12-13T14:55,42645.98,41331.93,,,0.0,,0.0,0.0,0.0,,21.81,7.06,20.0,16.1,7.06,50.0,0.0,1013.9,963.2,,19.0,0.16,31.2,10192X0095/P21B
1078,347,2018-12-14,4.811397298,43.539904887,3.0,32.6,22.3,31.4,22.0,2018-12-14T03:05,2018-12-14T14:55,42643.31,42219.83,,,0.0,,0.0,0.0,0.0,,23.82,7.63,27.0,12.4,7.63,41.0,0.0,1014.5,963.6,,19.8,0.16,31.1,10192X0095/P21B
1079,348,2018-12-15,4.811397298,43.539904887,3.0,33.4,21.6,31.2,21.1,2018-12-15T03:05,2018-12-15T14:56,42640.96,42217.53,,,0.0,,0.0,0.0,0.0,,24.19,8.34,43.0,11.2,8.34,39.0,0.0,1013.7,963.0,,21.3,0.16,31.1,10192X0095/P21B
1080,349,2018-12-16,4.811397298,43.539904887,3.0,33.1,21.6,31.3,21.2,2018-12-16T03:06,2018-12-16T14:56,42638.94,42215.53,,,0.0,,0.0,0.0,0.0,,24.0,7.64,48.0,11.8,7.64,39.0,0.0,1013.6,962.8,,18.1,0.16,31.0,10192X0095/P21B
1081,350,2018-12-17,4.811397298,43.539904887,3.0,32.5,22.0,29.8,19.3,2018-12-17T03:06,2018-12-17T14:57,42637.24,42213.86,,,0.0,,0.0,0.0,0.0,,24.15,8.16,9.0,8.3,8.16,32.0,0.0,1013.3,962.5,,19.4,0.159,31.0,10192X0095/P21B
1082,351,2018-12-18,4.811397298,43.539904887,0.0,32.5,21.4,29.6,17.5,2018-12-18T03:07,2018-12-18T14:57,42635.89,42212.49,,,0.0,,0.0,0.0,0.0,,24.36,8.37,0.0,6.9,8.37,29.0,0.0,1012.8,961.9,,19.3,0.159,30.8,10192X0095/P21B
1083,352,2018-12-19,4.811397298,43.539904887,0.0,32.5,21.0,30.0,17.1,2018-12-19T03:07,2018-12-19T14:58,42634.86,42211.43,,,0.0,,0.0,0.0,0.0,,24.55,7.89,0.0,4.5,7.89,25.0,0.0,1012.4,961.5,,15.3,0.159,30.7,10192X0095/P21B
1084,353,2018-12-20,4.811397298,43.539904887,1.0,33.1,21.5,31.4,17.6,2018-12-20T03:08,2018-12-20T14:58,42634.17,42210.7,,,0.0,,0.0,0.0,0.0,,23.44,7.86,6.0,12.8,7.86,42.0,0.0,1012.2,961.4,,22.4,0.159,30.6,10192X0095/P21B
1085,354,2018-12-21,4.811397298,43.539904887,2.0,32.9,23.1,31.9,21.7,2018-12-21T03:08,2018-12-21T14:59,42633.81,42210.28,,,0.0,,0.0,0.0,0.0,,22.58,7.45,13.0,13.6,7.45,42.0,0.0,1011.1,960.6,,19.8,0.159,30.8,10192X0095/P21B
1086,355,2018-12-22,4.811397298,43.539904887,3.0,32.2,22.2,29.4,19.9,2018-12-22T03:09,2018-12-22T14:59,42633.79,42210.19,,,0.0,,0.0,0.0,0.0,,24.18,8.48,12.0,9.1,8.48,34.0,0.0,1010.8,960.1,,21.8,0.159,30.8,10192X0095/P21B
1087,356,2018-12-23,4.811397298,43.539904887,3.0,32.5,20.9,30.4,18.3,2018-12-23T03:09,2018-12-23T15:00,42634.11,42210.41,,,0.0,,0.0,0.0,0.0,,23.86,7.98,37.0,12.4,7.98,41.0,0.0,1011.5,960.8,,22.5,0.159,30.7,10192X0095/P21B
1088,357,2018-12-24,4.811397298,43.539904887,1.0,31.6,22.1,29.6,20.5,2018-12-24T03:10,2018-12-24T15:00,42634.77,42210.96,,,0.0,,0.0,0.0,0.0,,23.57,7.67,7.0,12.9,7.67,43.0,0.0,1012.3,961.5,,23.0,0.159,30.7,10192X0095/P21B
1089,358,2018-12-25,4.811397298,43.539904887,3.0,30.7,22.3,28.0,20.2,2018-12-25T03:10,2018-12-25T15:01,42635.78,34746.18,,,0.0,,0.0,0.0,0.0,,17.56,7.06,73.0,11.2,7.06,39.0,0.0,1013.0,962.1,,21.1,0.159,30.6,10192X0095/P21B
1090,359,2018-12-26,4.811397298,43.539904887,3.0,29.5,22.5,27.4,21.1,2018-12-26T03:11,2018-12-26T15:01,42637.12,37531.95,,,0.0,,0.0,0.0,0.0,,17.56,6.54,69.0,13.8,6.54,48.0,0.0,1013.9,962.8,,23.3,0.158,30.4,10192X0095/P21B
1091,360,2018-12-27,4.811397298,43.539904887,3.0,33.0,21.3,33.1,20.1,2018-12-27T03:11,2018-12-27T15:02,42638.81,42214.55,,,0.0,,0.0,0.0,0.0,,22.04,7.1,18.0,14.6,7.1,47.0,0.0,1012.6,961.8,,19.4,0.158,30.4,10192X0095/P21B
1092,361,2018-12-28,4.811397298,43.539904887,2.0,32.5,22.5,33.0,23.5,2018-12-28T03:12,2018-12-28T15:02,42640.84,42216.41,,,0.0,,0.0,0.0,0.0,,22.5,6.47,14.0,16.7,6.47,52.0,0.0,1011.5,960.8,,16.4,0.158,30.7,10192X0095/P21B
1093,362,2018-12-29,4.811397298,43.539904887,1.0,33.7,23.0,34.4,23.5,2018-12-29T03:12,2018-12-29T15:03,42643.22,42218.58,,,0.0,,0.0,0.0,0.0,,23.39,7.21,4.0,15.5,7.21,47.0,0.0,1011.4,960.9,,16.2,0.158,30.9,10192X0095/P21B
1094,363,2018-12-30,4.811397298,43.539904887,0.0,32.9,22.1,33.0,23.6,2018-12-30T03:12,2018-12-30T15:03,42645.95,42210.19,,,0.0,,0.0,0.0,0.0,,24.0,6.87,0.0,15.7,6.87,50.0,0.0,1012.6,961.9,,16.0,0.158,30.9,10192X0095/P21B
1095,364,2018-12-31,4.811397298,43.539904887,2.0,31.8,22.0,31.0,21.2,2018-12-31T03:13,2018-12-31T15:04,42649.06,42184.7,,,0.0,,0.0,0.0,0.0,,24.07,7.24,6.0,14.1,7.24,46.0,0.0,1013.5,962.6,,19.6,0.158,30.9,10192X0095/P21B
1096,0,2019-01-01,4.811397298,43.539904887,0.0,32.0,21.8,31.1,20.9,2019-01-01T03:13,2019-01-01T15:04,42652.55,42159.24,,,0.0,,0.0,0.0,0.0,,23.79,7.19,1.0,14.1,7.19,46.0,0.0,1014.0,963.1,,18.6,0.158,30.8,10192X0095/P21B
1097,1,2019-01-02,4.811397298,43.539904887,3.0,30.7,22.3,30.2,22.2,2019-01-02T03:14,2019-01-02T15:05,42656.41,28069.45,,,0.0,,0.0,0.0,0.0,,17.63,5.76,59.0,17.2,5.76,58.0,0.0,1014.2,963.2,,21.8,0.158,30.7,10192X0095/P21B
1098,2,2019-01-03,4.811397298,43.539904887,2.0,32.4,22.7,30.0,21.7,2019-01-03T03:14,2019-01-03T15:05,42660.63,41608.36,,,0.0,,0.0,0.0,0.0,,22.2,8.03,26.0,15.0,8.03,49.0,0.0,1013.7,962.9,,27.8,0.158,30.7,10192X0095/P21B
1099,3,2019-01-04,4.811397298,43.539904887,3.0,31.9,22.9,29.1,21.0,2019-01-04T03:15,2019-01-04T15:06,42665.21,31625.12,,,0.0,,0.0,0.0,0.0,,12.32,6.17,66.0,12.8,6.17,45.0,0.0,1014.3,963.3,,23.4,0.157,30.5,10192X0095/P21B
1100,4,2019-01-05,4.811397298,43.539904887,3.0,31.7,20.5,28.5,19.4,2019-01-05T03:15,2019-01-05T15:06,42670.12,42059.07,,,0.0,,0.0,0.0,0.0,,23.94,8.23,22.0,10.0,8.23,39.0,0.0,1013.5,962.5,,23.4,0.157,30.4,10192X0095/P21B
1101,5,2019-01-06,4.811397298,43.539904887,3.0,31.6,21.1,27.8,19.1,2019-01-06T03:15,2019-01-06T15:07,42675.36,39410.21,,,0.0,,0.0,0.0,0.0,,21.0,7.75,50.0,10.5,7.75,39.0,0.0,1012.2,961.3,,23.3,0.158,30.4,10192X0095/P21B
1102,6,2019-01-07,4.811397298,43.539904887,2.0,32.8,22.3,29.4,20.0,2019-01-07T03:16,2019-01-07T15:07,42680.92,41395.36,,,0.0,,0.0,0.0,0.0,,22.23,8.43,17.0,9.1,8.43,35.0,0.0,1011.5,960.7,,24.0,0.157,30.4,10192X0095/P21B
1103,7,2019-01-08,4.811397298,43.539904887,2.0,32.3,20.7,29.3,16.6,2019-01-08T03:16,2019-01-08T15:08,42686.81,41903.61,,,0.0,,0.0,0.0,0.0,,23.46,8.54,36.0,8.6,8.54,33.0,0.0,1011.8,961.0,,21.6,0.157,30.3,10192X0095/P21B
1104,8,2019-01-09,4.811397298,43.539904887,3.0,32.4,21.0,30.1,18.5,2019-01-09T03:17,2019-01-09T15:08,42692.99,41911.29,,,0.0,,0.0,0.0,0.0,,23.77,7.85,36.0,11.7,7.85,40.0,0.0,1012.3,961.4,,21.6,0.157,30.4,10192X0095/P21B
1105,9,2019-01-10,4.811397298,43.539904887,3.0,33.3,21.2,30.2,20.2,2019-01-10T03:17,2019-01-10T15:09,42699.46,41918.51,,,0.0,,0.0,0.0,0.0,,24.67,8.39,5.0,10.4,8.39,38.0,0.0,1012.1,961.3,,21.9,0.157,30.5,10192X0095/P21B
1106,10,2019-01-11,4.811397298,43.539904887,1.0,32.6,20.4,28.5,17.5,2019-01-11T03:17,2019-01-11T15:09,42706.22,41920.93,,,0.0,,0.0,0.0,0.0,,25.03,9.14,2.0,9.3,9.14,36.0,0.0,1012.3,961.4,,27.2,0.157,30.4,10192X0095/P21B
1107,11,2019-01-12,4.811397298,43.539904887,3.0,32.9,20.2,27.9,17.3,2019-01-12T03:18,2019-01-12T15:10,42713.25,41900.18,,,0.0,,0.0,0.0,0.0,,25.16,9.35,51.0,7.8,9.35,34.0,0.0,1011.8,960.9,,27.7,0.157,30.2,10192X0095/P21B
1108,12,2019-01-13,4.811397298,43.539904887,3.0,32.1,20.1,28.9,17.7,2019-01-13T03:18,2019-01-13T15:10,42720.55,41688.85,,,0.0,,0.0,0.0,0.0,,24.63,8.12,77.0,10.9,8.12,40.0,0.0,1012.7,961.7,,24.1,0.157,30.2,10192X0095/P21B
1109,13,2019-01-14,4.811397298,43.539904887,3.0,33.4,20.7,30.7,18.2,2019-01-14T03:18,2019-01-14T15:10,42728.1,41861.18,,,0.0,,0.0,0.0,0.0,,24.9,8.68,37.0,8.1,8.68,33.0,0.0,1012.0,961.2,,21.3,0.157,30.2,10192X0095/P21B
1110,14,2019-01-15,4.811397298,43.539904887,3.0,33.1,20.9,30.7,17.5,2019-01-15T03:19,2019-01-15T15:11,42735.9,41699.27,,,0.0,,0.0,0.0,0.0,,23.41,8.39,59.0,9.9,8.39,35.0,0.0,1012.2,961.4,,21.6,0.157,30.3,10192X0095/P21B
1111,15,2019-01-16,4.811397298,43.539904887,3.0,32.5,22.1,31.3,21.3,2019-01-16T03:19,2019-01-16T15:11,42743.93,40713.9,,,0.0,,0.0,0.0,0.0,,24.55,7.36,13.0,12.7,7.36,43.0,0.0,1012.5,961.7,,17.9,0.156,30.5,10192X0095/P21B
1112,16,2019-01-17,4.811397298,43.539904887,3.0,33.5,20.5,31.7,19.9,2019-01-17T03:19,2019-01-17T15:12,42752.19,41707.37,,,0.0,,0.0,0.0,0.0,,25.14,7.95,18.0,12.4,7.95,42.0,0.0,1011.6,960.8,,19.1,0.157,30.5,10192X0095/P21B
1113,17,2019-01-18,4.811397298,43.539904887,3.0,33.3,21.2,31.5,20.5,2019-01-18T03:19,2019-01-18T15:12,42760.67,41463.71,,,0.0,,0.0,0.0,0.0,,25.25,8.21,54.0,12.8,8.21,42.0,0.0,1010.8,960.1,,21.6,0.157,30.6,10192X0095/P21B
1114,18,2019-01-19,4.811397298,43.539904887,3.0,33.2,21.1,31.3,20.1,2019-01-19T03:20,2019-01-19T15:12,42769.37,41466.49,,,0.0,,0.0,0.0,0.0,,24.89,7.97,59.0,12.4,7.97,43.0,0.0,1012.1,961.3,,20.6,0.156,30.6,10192X0095/P21B
1115,19,2019-01-20,4.811397298,43.539904887,2.0,34.1,21.1,31.6,18.0,2019-01-20T03:20,2019-01-20T15:13,42778.4,41714.78,,,0.0,,0.0,0.0,0.0,,25.51,9.02,26.0,10.4,9.02,35.0,0.0,1012.1,961.4,,23.1,0.156,30.6,10192X0095/P21B
1116,20,2019-01-21,4.811397298,43.539904887,3.0,33.3,21.2,30.8,19.3,2019-01-21T03:20,2019-01-21T15:13,42787.75,41470.44,,,0.0,,0.0,0.0,0.0,,25.41,8.49,69.0,12.2,8.49,42.0,0.0,1012.4,961.7,,25.0,0.156,30.5,10192X0095/P21B
1117,21,2019-01-22,4.811397298,43.539904887,3.0,33.3,20.7,30.5,19.1,2019-01-22T03:20,2019-01-22T15:13,42797.42,41471.68,,,0.0,,0.0,0.0,0.0,,25.54,8.79,40.0,11.4,8.79,40.0,0.0,1011.8,961.1,,25.6,0.156,30.5,10192X0095/P21B
1118,22,2019-01-23,4.811397298,43.539904887,3.0,33.2,20.5,31.7,19.0,2019-01-23T03:20,2019-01-23T15:14,42807.37,41472.42,,,0.0,,0.0,0.0,0.0,,25.5,8.22,28.0,12.2,8.22,42.0,0.0,1012.3,961.5,,21.2,0.156,30.6,10192X0095/P21B
1119,23,2019-01-24,4.811397298,43.539904887,3.0,33.7,21.5,32.6,20.1,2019-01-24T03:21,2019-01-24T15:14,42817.61,41228.07,,,0.0,,0.0,0.0,0.0,,25.41,8.3,8.0,11.4,8.3,39.0,0.0,1012.5,961.8,,20.6,0.156,30.7,10192X0095/P21B
1120,24,2019-01-25,4.811397298,43.539904887,3.0,33.5,21.5,31.8,20.4,2019-01-25T03:21,2019-01-25T15:14,42828.11,41228.26,,,0.0,,0.0,0.0,0.0,,25.57,8.92,70.0,11.9,8.92,39.0,0.0,1012.2,961.6,,23.5,0.156,30.7,10192X0095/P21B
1121,25,2019-01-26,4.811397298,43.539904887,3.0,32.0,21.5,31.3,20.4,2019-01-26T03:21,2019-01-26T15:15,42838.86,40740.25,,,0.0,,0.0,0.0,0.0,,22.45,7.04,79.0,14.5,7.04,49.0,0.0,1013.8,962.8,,21.6,0.156,30.7,10192X0095/P21B
1122,26,2019-01-27,4.811397298,43.539904887,3.0,31.7,20.9,29.8,19.1,2019-01-27T03:21,2019-01-27T15:15,42849.85,40983.84,,,0.0,,0.0,0.0,0.0,,25.38,7.89,67.0,12.1,7.89,44.0,0.0,1013.4,962.4,,23.2,0.156,30.6,10192X0095/P21B
1123,27,2019-01-28,4.811397298,43.539904887,3.0,32.8,20.4,30.3,18.3,2019-01-28T03:21,2019-01-28T15:15,42861.05,41226.21,,,0.0,,0.0,0.0,0.0,,25.69,8.47,22.0,12.1,8.47,42.0,0.0,1013.3,962.4,,24.3,0.156,30.5,10192X0095/P21B
1124,28,2019-01-29,4.811397298,43.539904887,0.0,32.0,20.8,30.6,19.2,2019-01-29T03:21,2019-01-29T15:16,42872.47,41224.68,,,0.0,,0.0,0.0,0.0,,25.82,7.81,0.0,12.0,7.81,43.0,0.0,1013.3,962.4,,21.2,0.156,30.6,10192X0095/P21B
1125,29,2019-01-30,4.811397298,43.539904887,3.0,33.2,21.3,32.4,20.4,2019-01-30T03:21,2019-01-30T15:16,42884.08,41222.77,,,0.0,,0.0,0.0,0.0,,25.78,7.85,16.0,12.9,7.85,43.0,0.0,1012.5,961.8,,19.1,0.156,30.7,10192X0095/P21B
1126,30,2019-01-31,4.811397298,43.539904887,3.0,34.0,22.5,32.1,21.1,2019-01-31T03:21,2019-01-31T15:16,42895.86,41220.38,,,0.0,,0.0,0.0,0.0,,26.0,8.82,40.0,11.6,8.82,38.0,0.0,1012.2,961.6,,22.2,0.156,30.8,10192X0095/P21B
1127,31,2019-02-01,4.811397298,43.539904887,3.0,33.6,21.1,30.7,19.3,2019-02-01T03:21,2019-02-01T15:16,42907.8,41217.6,,,0.0,,0.0,0.0,0.0,,26.19,9.13,64.0,10.0,9.13,35.0,0.0,1012.8,962.1,,23.7,0.155,30.8,10192X0095/P21B
1128,32,2019-02-02,4.811397298,43.539904887,3.0,34.9,21.8,31.8,19.7,2019-02-02T03:21,2019-02-02T15:17,42919.9,40973.2,,,0.0,,0.0,0.0,0.0,,26.09,9.63,60.0,9.5,9.63,33.0,0.0,1011.0,960.5,,23.9,0.155,30.9,10192X0095/P21B
1129,33,2019-02-03,4.811397298,43.539904887,3.0,34.4,21.9,31.2,20.1,2019-02-03T03:21,2019-02-03T15:17,42932.14,40970.03,,,0.0,,0.0,0.0,0.0,,26.13,9.45,70.0,9.7,9.45,34.0,0.0,1010.8,960.2,,24.9,0.155,30.9,10192X0095/P21B
1130,34,2019-02-04,4.811397298,43.539904887,3.0,33.7,21.2,30.4,18.3,2019-02-04T03:21,2019-02-04T15:17,42944.5,41206.92,,,0.0,,0.0,0.0,0.0,,26.28,9.68,59.0,10.2,9.68,36.0,0.0,1011.6,960.9,,27.8,0.155,30.8,10192X0095/P21B
1131,35,2019-02-05,4.811397298,43.539904887,3.0,33.0,20.3,29.9,17.3,2019-02-05T03:21,2019-02-05T15:17,42956.97,41202.57,,,0.0,,0.0,0.0,0.0,,26.31,8.76,74.0,11.3,8.76,41.0,0.0,1013.0,962.1,,26.7,0.156,30.7,10192X0095/P21B
1132,36,2019-02-06,4.811397298,43.539904887,3.0,34.4,21.0,31.0,20.3,2019-02-06T03:21,2019-02-06T15:18,42969.53,40958.13,,,0.0,,0.0,0.0,0.0,,26.22,8.69,74.0,13.2,8.69,45.0,0.0,1012.2,961.5,,24.4,0.155,30.8,10192X0095/P21B
1133,37,2019-02-07,4.811397298,43.539904887,3.0,33.4,22.0,30.8,21.0,2019-02-07T03:21,2019-02-07T15:18,42982.18,40953.4,,,0.0,,0.0,0.0,0.0,,25.96,8.61,21.0,13.1,8.61,44.0,0.0,1012.5,961.8,,25.2,0.155,30.9,10192X0095/P21B
1134,38,2019-02-08,4.811397298,43.539904887,3.0,33.4,21.5,30.5,19.2,2019-02-08T03:21,2019-02-08T15:18,42994.92,40948.27,,,0.0,,0.0,0.0,0.0,,26.04,9.24,89.0,12.4,9.24,41.0,0.0,1012.2,961.4,,28.2,0.155,30.9,10192X0095/P21B
1135,39,2019-02-09,4.811397298,43.539904887,2.0,32.8,21.0,30.0,17.9,2019-02-09T03:21,2019-02-09T15:18,43007.89,41181.31,,,0.0,,0.0,0.0,0.0,,26.55,8.85,7.0,12.1,8.85,41.0,0.0,1012.2,961.4,,25.9,0.155,30.8,10192X0095/P21B
1136,40,2019-02-10,4.811397298,43.539904887,0.0,33.2,21.4,32.6,20.2,2019-02-10T03:21,2019-02-10T15:18,43021.06,41174.86,,,0.0,,0.0,0.0,0.0,,26.28,8.28,0.0,13.3,8.28,44.0,0.0,1012.2,961.5,,21.0,0.155,30.9,10192X0095/P21B
1137,41,2019-02-11,4.811397298,43.539904887,3.0,35.9,22.0,36.5,21.9,2019-02-11T03:21,2019-02-11T15:18,43034.46,41167.87,,,0.0,,0.0,0.0,0.0,,25.9,7.8,81.0,13.8,7.8,42.0,0.0,1011.5,961.1,,16.0,0.155,31.3,10192X0095/P21B
1138,42,2019-02-12,4.811397298,43.539904887,3.0,35.6,22.8,36.5,24.1,2019-02-12T03:21,2019-02-12T15:18,43048.05,41160.45,,,0.0,,0.0,0.0,0.0,,24.31,8.19,53.0,14.6,8.19,42.0,0.0,1011.3,961.0,,16.2,0.155,31.6,10192X0095/P21B
1139,43,2019-02-13,4.811397298,43.539904887,1.0,35.0,24.4,33.9,23.9,2019-02-13T03:21,2019-02-13T15:18,43061.8,41152.61,,,0.0,,0.0,0.0,0.0,,24.55,9.08,8.0,15.1,9.08,42.0,0.0,1012.0,961.7,,23.1,0.155,31.8,10192X0095/P21B
1140,44,2019-02-14,4.811397298,43.539904887,3.0,34.4,23.5,33.1,22.2,2019-02-14T03:21,2019-02-14T15:19,43075.74,41144.37,,,0.0,,0.0,0.0,0.0,,26.2,8.78,35.0,13.1,8.78,39.0,0.0,1013.0,962.5,,21.7,0.155,31.8,10192X0095/P21B
1141,45,2019-02-15,4.811397298,43.539904887,3.0,35.3,24.0,34.2,23.5,2019-02-15T03:20,2019-02-15T15:19,43089.82,41135.74,,,0.0,,0.0,0.0,0.0,,26.31,8.96,19.0,13.0,8.96,38.0,0.0,1012.4,962.1,,20.5,0.155,31.9,10192X0095/P21B
1142,46,2019-02-16,4.811397298,43.539904887,3.0,34.8,22.5,33.8,23.6,2019-02-16T03:20,2019-02-16T15:19,43104.05,41126.75,,,0.0,,0.0,0.0,0.0,,26.36,8.39,25.0,14.0,8.39,44.0,0.0,1013.4,962.8,,18.4,0.155,32.0,10192X0095/P21B
1143,47,2019-02-17,4.811397298,43.539904887,2.0,35.5,23.0,34.5,22.3,2019-02-17T03:20,2019-02-17T15:19,43118.4,41353.46,,,0.0,,0.0,0.0,0.0,,26.77,9.07,9.0,11.1,9.07,35.0,0.0,1011.2,960.9,,19.1,0.155,32.1,10192X0095/P21B
1144,48,2019-02-18,4.811397298,43.539904887,3.0,36.3,24.3,35.8,23.5,2019-02-18T03:20,2019-02-18T15:19,43132.86,40872.26,,,0.0,,0.0,0.0,0.0,,25.12,9.11,33.0,12.8,9.11,35.0,0.0,1008.8,958.8,,18.0,0.155,32.2,10192X0095/P21B
1145,49,2019-02-19,4.811397298,43.539904887,3.0,35.8,24.9,36.3,25.0,2019-02-19T03:20,2019-02-19T15:19,43147.42,40392.02,,,0.0,,0.0,0.0,0.0,,25.26,8.82,41.0,14.6,8.82,40.0,0.0,1008.9,958.8,,18.9,0.155,32.5,10192X0095/P21B
1146,50,2019-02-20,4.811397298,43.539904887,3.0,36.4,25.0,36.1,24.1,2019-02-20T03:19,2019-02-20T15:19,43162.07,41323.1,,,0.0,,0.0,0.0,0.0,,24.21,9.28,58.0,14.5,9.28,38.0,0.0,1010.3,960.2,,21.4,0.155,32.6,10192X0095/P21B
1147,51,2019-02-21,4.811397298,43.539904887,3.0,35.4,24.0,34.0,23.9,2019-02-21T03:19,2019-02-21T15:19,43176.8,41312.56,,,0.0,,0.0,0.0,0.0,,26.0,9.32,87.0,14.2,9.32,42.0,0.0,1012.3,961.9,,23.8,0.155,32.6,10192X0095/P21B
1148,52,2019-02-22,4.811397298,43.539904887,3.0,34.8,23.5,33.2,22.2,2019-02-22T03:19,2019-02-22T15:19,43191.57,41536.33,,,0.0,,0.0,0.0,0.0,,26.64,9.25,35.0,12.5,9.25,36.0,0.0,1010.9,960.6,,21.7,0.154,32.6,10192X0095/P21B
1149,53,2019-02-23,4.811397298,43.539904887,2.0,34.6,24.7,32.9,23.0,2019-02-23T03:19,2019-02-23T15:19,43206.4,41290.97,,,0.0,,0.0,0.0,0.0,,25.19,9.35,18.0,13.3,9.35,37.0,0.0,1009.9,959.7,,24.2,0.154,32.6,10192X0095/P21B
1150,54,2019-02-24,4.811397298,43.539904887,3.0,35.2,23.9,33.3,23.2,2019-02-24T03:18,2019-02-24T15:19,43221.27,41513.99,,,0.0,,0.0,0.0,0.0,,26.88,9.53,37.0,12.8,9.53,39.0,0.0,1010.3,960.0,,24.1,0.154,32.6,10192X0095/P21B
1151,55,2019-02-25,4.811397298,43.539904887,3.0,34.3,22.2,33.0,21.4,2019-02-25T03:18,2019-02-25T15:19,43236.16,41736.36,,,0.0,,0.0,0.0,0.0,,27.09,9.14,17.0,12.7,9.14,40.0,0.0,1010.9,960.5,,22.6,0.154,32.6,10192X0095/P21B
1152,56,2019-02-26,4.811397298,43.539904887,3.0,35.0,22.6,32.7,22.2,2019-02-26T03:18,2019-02-26T15:19,43251.06,41724.75,,,0.0,,0.0,0.0,0.0,,27.1,9.34,23.0,12.9,9.34,40.0,0.0,1010.1,959.7,,24.4,0.155,32.5,10192X0095/P21B
1153,57,2019-02-27,4.811397298,43.539904887,1.0,35.6,23.2,32.8,23.3,2019-02-27T03:18,2019-02-27T15:19,43265.96,41713.12,,,0.0,,0.0,0.0,0.0,,27.41,9.44,3.0,10.8,9.44,35.0,0.0,1009.9,959.6,,20.8,0.154,32.6,10192X0095/P21B
1154,58,2019-02-28,4.811397298,43.539904887,3.0,37.0,23.0,33.8,20.8,2019-02-28T03:17,2019-02-28T15:19,43280.86,41922.13,,,0.0,,0.0,0.0,0.0,,27.68,10.5,49.0,5.4,10.5,25.0,0.0,1009.5,959.3,,21.1,0.154,32.7,10192X0095/P21B
1155,59,2019-03-01,4.811397298,43.539904887,0.0,38.0,23.7,37.0,20.4,2019-03-01T03:17,2019-03-01T15:19,43295.89,41940.02,,,0.0,,0.0,0.0,0.0,,27.55,9.63,0.0,7.2,9.63,26.0,0.0,1007.9,958.0,,16.3,0.154,32.9,10192X0095/P21B
1156,60,2019-03-02,4.811397298,43.539904887,2.0,36.1,22.4,37.8,22.3,2019-03-02T03:17,2019-03-02T15:19,43311.06,41958.81,,,0.0,,0.0,0.0,0.0,,26.45,7.23,4.0,14.0,7.23,41.0,0.0,1008.9,958.7,,10.5,0.154,33.2,10192X0095/P21B
1157,61,2019-03-03,4.811397298,43.539904887,3.0,37.3,24.9,38.1,23.8,2019-03-03T03:16,2019-03-03T15:18,43326.35,41978.43,,,0.0,,0.0,0.0,0.0,,24.21,8.5,39.0,12.8,8.5,33.0,0.0,1008.9,959.0,,14.7,0.154,33.5,10192X0095/P21B
1158,62,2019-03-04,4.811397298,43.539904887,3.0,34.9,24.3,36.7,25.1,2019-03-04T03:16,2019-03-04T15:18,43341.77,41998.83,,,0.0,,0.0,0.0,0.0,,24.51,7.78,37.0,17.0,7.78,48.0,0.0,1010.0,959.7,,18.3,0.154,33.4,10192X0095/P21B
1159,63,2019-03-05,4.811397298,43.539904887,2.0,35.5,23.6,35.7,24.7,2019-03-05T03:16,2019-03-05T15:18,43357.28,42019.93,,,0.0,,0.0,0.0,0.0,,26.41,8.83,23.0,15.6,8.83,43.0,0.0,1010.1,959.9,,19.7,0.154,33.4,10192X0095/P21B
1160,64,2019-03-06,4.811397298,43.539904887,3.0,35.7,23.5,34.7,23.3,2019-03-06T03:15,2019-03-06T15:18,43372.89,42041.68,,,0.0,,0.0,0.0,0.0,,27.15,9.21,22.0,14.9,9.21,42.0,0.0,1010.2,960.0,,22.9,0.154,33.4,10192X0095/P21B
1161,65,2019-03-07,4.811397298,43.539904887,2.0,36.2,23.5,34.3,22.0,2019-03-07T03:15,2019-03-07T15:18,43388.57,42064.01,,,0.0,,0.0,0.0,0.0,,27.49,10.09,19.0,13.0,10.09,36.0,0.0,1009.3,959.1,,24.2,0.154,33.4,10192X0095/P21B
1162,66,2019-03-08,4.811397298,43.539904887,3.0,36.3,23.3,33.7,22.9,2019-03-08T03:15,2019-03-08T15:18,43404.33,42086.85,,,0.0,,0.0,0.0,0.0,,27.58,9.86,42.0,12.5,9.86,37.0,0.0,1010.2,960.0,,23.6,0.154,33.3,10192X0095/P21B
1163,67,2019-03-09,4.811397298,43.539904887,2.0,36.2,22.2,33.1,21.4,2019-03-09T03:14,2019-03-09T15:18,43420.14,42110.16,,,0.0,,0.0,0.0,0.0,,28.03,9.71,16.0,10.2,9.71,35.0,0.0,1011.9,961.5,,22.7,0.154,33.2,10192X0095/P21B
1164,68,2019-03-10,4.811397298,43.539904887,3.0,35.9,23.8,32.7,22.4,2019-03-10T03:14,2019-03-10T15:18,43436.0,42133.86,,,0.0,,0.0,0.0,0.0,,27.93,10.16,16.0,10.3,10.16,33.0,0.0,1012.1,961.7,,23.5,0.154,33.2,10192X0095/P21B
1165,69,2019-03-11,4.811397298,43.539904887,1.0,36.8,23.2,33.6,20.3,2019-03-11T03:13,2019-03-11T15:18,43451.89,42157.89,,,0.0,,0.0,0.0,0.0,,27.9,10.61,5.0,9.3,10.61,31.0,0.0,1011.4,961.1,,25.3,0.154,33.2,10192X0095/P21B
1166,70,2019-03-12,4.811397298,43.539904887,3.0,36.8,22.5,33.1,21.8,2019-03-12T03:13,2019-03-12T15:17,43467.81,42182.19,,,0.0,,0.0,0.0,0.0,,28.04,10.17,18.0,11.6,10.17,37.0,0.0,1011.2,960.9,,25.0,0.154,33.1,10192X0095/P21B
1167,71,2019-03-13,4.811397298,43.539904887,0.0,36.2,23.4,34.9,22.1,2019-03-13T03:13,2019-03-13T15:17,43483.74,42206.71,,,0.0,,0.0,0.0,0.0,,27.39,9.64,0.0,13.2,9.64,39.0,0.0,1012.0,961.7,,23.0,0.154,33.2,10192X0095/P21B
1168,72,2019-03-14,4.811397298,43.539904887,0.0,35.7,23.6,34.0,22.9,2019-03-14T03:12,2019-03-14T15:17,43499.67,42231.36,,,0.0,,0.0,0.0,0.0,,27.55,9.46,0.0,13.3,9.46,39.0,0.0,1012.0,961.6,,22.1,0.154,33.2,10192X0095/P21B
1169,73,2019-03-15,4.811397298,43.539904887,0.0,35.8,23.5,33.8,23.1,2019-03-15T03:12,2019-03-15T15:17,43515.59,42256.1,,,0.0,,0.0,0.0,0.0,,27.63,9.61,0.0,12.5,9.61,37.0,0.0,1011.1,960.8,,21.5,0.154,33.3,10192X0095/P21B
1170,74,2019-03-16,4.811397298,43.539904887,0.0,36.1,23.5,34.9,22.5,2019-03-16T03:11,2019-03-16T15:17,43531.49,42280.86,,,0.0,,0.0,0.0,0.0,,27.67,9.51,0.0,12.2,9.51,37.0,0.0,1010.6,960.4,,21.3,0.154,33.4,10192X0095/P21B
1171,75,2019-03-17,4.811397298,43.539904887,3.0,35.9,23.3,34.7,22.8,2019-03-17T03:11,2019-03-17T15:17,43547.35,42305.58,,,0.0,,0.0,0.0,0.0,,27.65,9.14,22.0,13.8,9.14,40.0,0.0,1010.9,960.6,,21.6,0.153,33.4,10192X0095/P21B
1172,76,2019-03-18,4.811397298,43.539904887,0.0,35.9,23.4,35.0,22.8,2019-03-18T03:11,2019-03-18T15:17,43563.18,42330.19,,,0.0,,0.0,0.0,0.0,,27.58,9.14,0.0,14.3,9.14,41.0,0.0,1010.9,960.6,,20.9,0.153,33.5,10192X0095/P21B
1173,77,2019-03-19,4.811397298,43.539904887,0.0,36.2,24.0,34.1,23.0,2019-03-19T03:10,2019-03-19T15:16,43578.95,42354.64,,,0.0,,0.0,0.0,0.0,,27.71,9.64,0.0,13.1,9.64,39.0,0.0,1009.7,959.5,,24.2,0.153,33.5,10192X0095/P21B
1174,78,2019-03-20,4.811397298,43.539904887,0.0,36.2,23.4,34.3,22.1,2019-03-20T03:10,2019-03-20T15:16,43594.67,42378.87,,,0.0,,0.0,0.0,0.0,,27.89,9.87,0.0,11.7,9.87,35.0,0.0,1008.9,958.8,,22.8,0.152,33.5,10192X0095/P21B
1175,79,2019-03-21,4.811397298,43.539904887,0.0,37.1,23.5,35.3,22.7,2019-03-21T03:09,2019-03-21T15:16,43610.45,42403.35,,,0.0,,0.0,0.0,0.0,,27.77,9.5,0.0,13.1,9.5,39.0,0.0,1009.5,959.4,,21.1,0.152,33.5,10192X0095/P21B
1176,80,2019-03-22,4.811397298,43.539904887,0.0,37.0,23.6,35.3,22.3,2019-03-22T03:09,2019-03-22T15:16,43626.31,42428.31,,,0.0,,0.0,0.0,0.0,,27.88,9.9,0.0,11.2,9.9,35.0,0.0,1010.0,959.8,,22.0,0.152,33.6,10192X0095/P21B
1177,81,2019-03-23,4.811397298,43.539904887,3.0,36.4,23.1,35.7,22.1,2019-03-23T03:09,2019-03-23T15:16,43642.24,42453.71,,,0.0,,0.0,0.0,0.0,,27.95,9.89,20.0,13.6,9.89,40.0,0.0,1009.4,959.3,,23.7,0.152,33.6,10192X0095/P21B
1178,82,2019-03-24,4.811397298,43.539904887,3.0,36.6,24.1,36.8,23.4,2019-03-24T03:08,2019-03-24T15:16,43658.23,42479.46,,,0.0,,0.0,0.0,0.0,,27.08,9.38,27.0,14.6,9.38,41.0,0.0,1008.6,958.6,,21.3,0.152,33.7,10192X0095/P21B
1179,83,2019-03-25,4.811397298,43.539904887,3.0,36.3,24.7,37.2,26.0,2019-03-25T03:08,2019-03-25T15:16,43674.26,42505.51,,,0.0,,0.0,0.0,0.0,,25.22,8.25,30.0,15.3,8.25,43.0,0.0,1009.4,959.3,,15.2,0.152,33.9,10192X0095/P21B
1180,84,2019-03-26,4.811397298,43.539904887,3.0,35.3,25.9,35.3,28.3,2019-03-26T03:07,2019-03-26T15:15,43690.32,35163.82,,,0.0,,0.0,0.0,0.0,,20.4,7.05,62.0,18.8,7.05,53.0,0.0,1011.5,961.2,,18.7,0.152,33.9,10192X0095/P21B
1181,85,2019-03-27,4.811397298,43.539904887,2.0,36.6,25.9,36.3,27.5,2019-03-27T03:07,2019-03-27T15:15,43706.41,42558.27,,,0.0,,0.0,0.0,0.0,,22.37,7.79,32.0,17.9,7.79,49.0,0.0,1012.8,962.6,,19.1,0.153,33.9,10192X0095/P21B
1182,86,2019-03-28,4.811397298,43.539904887,0.0,36.9,24.5,35.8,25.9,2019-03-28T03:06,2019-03-28T15:15,43722.51,42584.85,,,0.0,,0.0,0.0,0.0,,27.49,8.72,1.0,14.0,8.72,41.0,0.0,1012.3,962.1,,15.4,0.152,34.0,10192X0095/P21B
1183,87,2019-03-29,4.811397298,43.539904887,3.0,36.2,24.1,36.1,24.6,2019-03-29T03:06,2019-03-29T15:15,43738.62,42611.48,,,0.0,,0.0,0.0,0.0,,26.98,8.43,26.0,14.0,8.43,39.0,0.0,1011.0,960.9,,15.9,0.152,34.1,10192X0095/P21B
1184,88,2019-03-30,4.811397298,43.539904887,3.0,37.1,24.1,34.9,24.1,2019-03-30T03:05,2019-03-30T15:15,43754.72,42638.1,,,0.0,,0.0,0.0,0.0,,27.72,9.98,15.0,12.7,9.98,36.0,0.0,1010.0,959.9,,21.6,0.152,34.1,10192X0095/P21B
1185,89,2019-03-31,4.811397298,43.539904887,3.0,36.5,24.1,36.5,23.1,2019-03-31T03:05,2019-03-31T15:14,43770.81,42664.65,,,0.0,,0.0,0.0,0.0,,27.32,9.26,64.0,13.6,9.26,38.0,0.0,1010.1,959.9,,19.4,0.152,34.2,10192X0095/P21B
1186,90,2019-04-01,4.811397298,43.539904887,1.0,35.6,23.9,36.5,25.5,2019-04-01T03:05,2019-04-01T15:14,43786.86,42691.07,,,0.0,,0.0,0.0,0.0,,25.37,8.0,9.0,14.7,8.0,43.0,0.0,1011.0,960.7,,15.1,0.152,34.2,10192X0095/P21B
1187,91,2019-04-02,4.811397298,43.539904887,2.0,36.6,24.0,37.0,25.5,2019-04-02T03:04,2019-04-02T15:14,43802.88,41550.46,,,0.0,,0.0,0.0,0.0,,25.38,8.37,9.0,14.6,8.37,41.0,0.0,1010.0,959.9,,15.6,0.152,34.3,10192X0095/P21B
1188,92,2019-04-03,4.811397298,43.539904887,1.0,36.8,24.5,38.3,26.0,2019-04-03T03:04,2019-04-03T15:14,43818.84,42743.27,,,0.0,,0.0,0.0,0.0,,25.44,8.09,9.0,15.5,8.09,43.0,0.0,1009.8,959.8,,15.0,0.152,34.6,10192X0095/P21B
1189,93,2019-04-04,4.811397298,43.539904887,2.0,36.8,24.8,37.0,26.6,2019-04-04T03:03,2019-04-04T15:14,43834.74,42768.91,,,0.0,,0.0,0.0,0.0,,25.91,8.66,24.0,15.2,8.66,42.0,0.0,1010.1,960.1,,16.8,0.152,34.6,10192X0095/P21B
1190,94,2019-04-05,4.811397298,43.539904887,1.0,36.4,24.4,36.9,25.6,2019-04-05T03:03,2019-04-05T15:14,43850.57,42794.18,,,0.0,,0.0,0.0,0.0,,25.43,8.31,8.0,16.0,8.31,45.0,0.0,1010.9,960.7,,16.7,0.152,34.6,10192X0095/P21B
1191,95,2019-04-06,4.811397298,43.539904887,2.0,36.7,24.1,36.0,25.2,2019-04-06T03:02,2019-04-06T15:13,43866.31,42819.0,,,0.0,,0.0,0.0,0.0,,27.38,9.45,32.0,13.3,9.45,39.0,0.0,1011.1,961.0,,19.0,0.152,34.6,10192X0095/P21B
1192,96,2019-04-07,4.811397298,43.539904887,2.0,37.0,23.8,35.9,24.9,2019-04-07T03:02,2019-04-07T15:13,43881.96,42843.32,,,0.0,,0.0,0.0,0.0,,27.73,9.34,25.0,11.1,9.34,33.0,0.0,1010.2,960.1,,16.5,0.152,34.6,10192X0095/P21B
1193,97,2019-04-08,4.811397298,43.539904887,3.0,36.6,23.0,39.0,25.4,2019-04-08T03:02,2019-04-08T15:13,43897.5,42867.08,,,0.0,,0.0,0.0,0.0,,26.95,7.82,48.0,14.7,7.82,41.0,0.0,1008.8,958.8,,11.5,0.152,34.9,10192X0095/P21B
1194,98,2019-04-09,4.811397298,43.539904887,3.0,35.6,24.1,39.0,25.3,2019-04-09T03:01,2019-04-09T15:13,43912.93,42890.21,,,0.0,,0.0,0.0,0.0,,24.93,6.89,87.0,16.4,6.89,45.0,0.0,1008.6,958.6,,11.1,0.152,35.2,10192X0095/P21B
1195,99,2019-04-10,4.811397298,43.539904887,3.0,37.3,24.4,38.4,25.2,2019-04-10T03:01,2019-04-10T15:13,43928.37,42913.12,,,0.0,,0.0,0.0,0.0,,24.98,7.86,68.0,15.8,7.86,43.0,0.0,1009.2,959.2,,13.3,0.152,35.4,10192X0095/P21B
1196,100,2019-04-11,4.811397298,43.539904887,3.0,37.1,24.7,38.5,25.6,2019-04-11T03:00,2019-04-11T15:13,43943.83,42936.03,,,0.0,,0.0,0.0,0.0,,25.18,8.05,47.0,15.1,8.05,41.0,0.0,1009.0,959.0,,14.5,0.152,35.4,10192X0095/P21B
1197,101,2019-04-12,4.811397298,43.539904887,2.0,37.6,24.5,38.2,26.4,2019-04-12T03:00,2019-04-12T15:13,43959.3,42958.87,,,0.0,,0.0,0.0,0.0,,25.68,8.55,31.0,14.6,8.55,41.0,0.0,1009.1,959.1,,15.8,0.153,35.5,10192X0095/P21B
1198,102,2019-04-13,4.811397298,43.539904887,3.0,36.7,24.9,39.3,27.3,2019-04-13T03:00,2019-04-13T15:13,43974.76,42981.61,,,0.0,,0.0,0.0,0.0,,24.44,7.48,34.0,15.9,7.48,44.0,0.0,1009.1,959.1,,12.2,0.153,35.6,10192X0095/P21B
1199,103,2019-04-14,4.811397298,43.539904887,3.0,37.0,24.4,39.4,26.1,2019-04-14T02:59,2019-04-14T15:12,43990.21,43004.21,,,0.0,,0.0,0.0,0.0,,24.95,6.83,38.0,14.3,6.83,39.0,0.0,1009.4,959.4,,8.5,0.152,35.8,10192X0095/P21B
1200,104,2019-04-15,4.811397298,43.539904887,3.0,37.9,24.3,39.0,24.5,2019-04-15T02:59,2019-04-15T15:12,44005.62,43026.61,,,0.0,,0.0,0.0,0.0,,24.69,8.17,68.0,14.9,8.17,40.0,0.0,1010.0,960.0,,14.4,0.151,35.8,10192X0095/P21B
1201,105,2019-04-16,4.811397298,43.539904887,51.0,35.0,25.1,38.6,27.8,2019-04-16T02:59,2019-04-16T15:12,44021.01,43048.77,,,0.1,,0.0,0.1,1.0,,24.81,6.59,39.0,18.1,6.59,50.0,0.0,1011.4,961.1,,9.0,0.151,35.9,10192X0095/P21B
1202,106,2019-04-17,4.811397298,43.539904887,2.0,33.7,26.2,38.3,28.3,2019-04-17T02:58,2019-04-17T15:12,44036.34,43070.65,,,0.0,,0.0,0.0,0.0,,22.03,6.16,33.0,19.1,6.16,52.0,0.0,1011.0,960.8,,10.8,0.152,35.9,10192X0095/P21B
1203,107,2019-04-18,4.811397298,43.539904887,51.0,36.4,26.3,39.4,27.9,2019-04-18T02:58,2019-04-18T15:12,44051.61,43092.2,,,0.4,,0.0,0.4,3.0,,23.59,7.16,33.0,18.4,7.16,47.0,0.0,1010.4,960.4,,12.4,0.152,36.0,10192X0095/P21B
1204,108,2019-04-19,4.811397298,43.539904887,51.0,34.6,26.1,37.5,27.6,2019-04-19T02:57,2019-04-19T15:12,44066.81,43113.38,,,0.3,,0.0,0.3,3.0,,22.6,6.31,32.0,19.0,6.31,50.0,0.0,1010.3,960.2,,10.4,0.152,36.0,10192X0095/P21B
1205,109,2019-04-20,4.811397298,43.539904887,51.0,36.0,26.8,38.9,28.1,2019-04-20T02:57,2019-04-20T15:12,44081.92,43134.14,,,0.1,,0.0,0.1,1.0,,23.91,7.16,32.0,17.9,7.16,44.0,0.0,1008.2,958.4,,12.6,0.152,36.1,10192X0095/P21B
1206,110,2019-04-21,4.811397298,43.539904887,53.0,35.7,26.3,37.7,29.1,2019-04-21T02:57,2019-04-21T15:12,44096.94,43154.42,,,2.5,,0.0,2.5,5.0,,22.43,6.76,52.0,20.3,6.76,55.0,0.0,1007.8,957.7,,15.1,0.153,36.0,10192X0095/P21B
1207,111,2019-04-22,4.811397298,43.539904887,55.0,32.2,25.1,35.8,27.5,2019-04-22T02:56,2019-04-22T15:12,44111.85,40883.6,,,2.6,,0.0,2.6,7.0,,19.58,5.11,87.0,21.6,5.11,68.0,0.0,1008.4,958.0,,13.3,0.155,35.4,10192X0095/P21B
1208,112,2019-04-23,4.811397298,43.539904887,63.0,30.4,24.2,35.4,27.6,2019-04-23T02:56,2019-04-23T15:12,44126.64,43193.43,,,10.0,,0.0,10.0,11.0,,19.4,4.09,87.0,22.9,4.09,79.0,0.0,1010.6,959.9,,10.3,0.161,34.6,10192X0095/P21B
1209,113,2019-04-24,4.811397298,43.539904887,63.0,28.0,24.1,32.1,28.3,2019-04-24T02:56,2019-04-24T15:11,44141.3,37898.52,,,11.1,,0.0,11.1,11.0,,16.08,3.28,93.0,22.9,3.28,84.0,0.0,1012.2,961.1,,7.0,0.167,33.7,10192X0095/P21B
1210,114,2019-04-25,4.811397298,43.539904887,53.0,29.8,23.9,35.1,27.1,2019-04-25T02:56,2019-04-25T15:11,44155.8,43200.0,,,1.5,,0.0,1.5,5.0,,21.63,4.52,63.0,23.0,4.52,82.0,0.0,1011.5,960.6,,12.7,0.166,33.2,10192X0095/P21B
1211,115,2019-04-26,4.811397298,43.539904887,63.0,31.1,23.4,35.6,27.4,2019-04-26T02:55,2019-04-26T15:11,44170.15,43200.0,,,4.9,,0.0,4.9,12.0,,21.56,4.68,30.0,22.5,4.68,79.0,0.0,1010.9,960.1,,13.5,0.165,32.7,10192X0095/P21B
1212,116,2019-04-27,4.811397298,43.539904887,61.0,29.9,23.3,35.6,27.9,2019-04-27T02:55,2019-04-27T15:11,44184.32,43200.0,,,3.0,,0.0,3.0,3.0,,21.14,4.45,35.0,22.5,4.45,80.0,0.0,1011.7,960.7,,7.6,0.163,32.4,10192X0095/P21B
1213,117,2019-04-28,4.811397298,43.539904887,51.0,30.4,22.9,35.6,27.4,2019-04-28T02:55,2019-04-28T15:11,44198.31,43200.0,,,1.1,,0.0,1.1,8.0,,21.79,4.6,22.0,22.4,4.6,79.0,0.0,1012.1,961.2,,6.6,0.162,32.2,10192X0095/P21B
1214,118,2019-04-29,4.811397298,43.539904887,51.0,34.0,23.5,38.5,26.8,2019-04-29T02:54,2019-04-29T15:11,44212.11,43200.0,,,0.1,,0.0,0.1,1.0,,24.66,5.67,8.0,21.3,5.67,70.0,0.0,1011.6,960.9,,7.9,0.159,32.2,10192X0095/P21B
1215,119,2019-04-30,4.811397298,43.539904887,2.0,31.5,22.9,36.6,26.3,2019-04-30T02:54,2019-04-30T15:11,44225.84,43200.0,,,0.0,,0.0,0.0,0.0,,23.78,5.24,16.0,21.0,5.24,70.0,0.0,1011.8,961.1,,9.2,0.155,32.2,10192X0095/P21B
1216,120,2019-05-01,4.811397298,43.539904887,3.0,32.5,24.0,36.0,26.1,2019-05-01T02:54,2019-05-01T15:11,44239.49,43200.0,,,0.0,,0.0,0.0,0.0,,21.66,5.53,55.0,20.4,5.53,62.0,0.0,1010.9,960.4,,12.7,0.153,32.4,10192X0095/P21B
1217,121,2019-05-02,4.811397298,43.539904887,61.0,33.9,24.3,36.5,26.5,2019-05-02T02:54,2019-05-02T15:11,44253.07,43200.0,,,1.4,,0.0,1.4,1.0,,21.79,5.99,65.0,20.8,5.99,65.0,0.0,1011.2,960.6,,17.3,0.152,32.5,10192X0095/P21B
1218,122,2019-05-03,4.811397298,43.539904887,51.0,33.8,24.6,35.6,26.0,2019-05-03T02:54,2019-05-03T15:11,44266.55,43200.0,,,0.4,,0.0,0.4,3.0,,22.85,6.42,34.0,20.6,6.42,63.0,0.0,1011.3,960.8,,19.1,0.152,32.6,10192X0095/P21B
1219,123,2019-05-04,4.811397298,43.539904887,51.0,33.5,24.3,34.8,26.6,2019-05-04T02:53,2019-05-04T15:11,44279.93,43200.0,,,0.9,,0.0,0.9,4.0,,22.83,6.55,38.0,19.8,6.55,60.0,0.0,1011.1,960.7,,17.8,0.153,32.7,10192X0095/P21B
1220,124,2019-05-05,4.811397298,43.539904887,51.0,34.1,24.7,35.7,27.6,2019-05-05T02:53,2019-05-05T15:11,44293.18,43200.0,,,0.3,,0.0,0.3,2.0,,21.49,6.03,33.0,20.4,6.03,60.0,0.0,1011.8,961.4,,14.6,0.152,32.9,10192X0095/P21B
1221,125,2019-05-06,4.811397298,43.539904887,51.0,34.5,25.5,37.5,27.8,2019-05-06T02:53,2019-05-06T15:11,44306.32,43200.0,,,0.2,,0.0,0.2,2.0,,23.1,6.71,35.0,19.5,6.71,54.0,0.0,1010.9,960.7,,14.9,0.152,33.2,10192X0095/P21B
1222,126,2019-05-07,4.811397298,43.539904887,51.0,33.8,24.8,35.6,26.8,2019-05-07T02:53,2019-05-07T15:11,44319.3,43200.0,,,0.4,,0.0,0.4,4.0,,20.44,5.68,52.0,20.7,5.68,65.0,0.0,1011.7,961.0,,16.9,0.154,33.1,10192X0095/P21B
1223,127,2019-05-08,4.811397298,43.539904887,61.0,30.6,24.1,32.8,26.2,2019-05-08T02:53,2019-05-08T15:11,44332.14,43200.0,,,4.3,,0.0,4.3,9.0,,20.01,4.85,52.0,21.5,4.85,74.0,0.0,1011.6,960.7,,17.2,0.156,32.5,10192X0095/P21B
1224,128,2019-05-09,4.811397298,43.539904887,53.0,31.7,23.3,33.5,26.0,2019-05-09T02:52,2019-05-09T15:11,44344.81,43200.0,,,1.5,,0.0,1.5,8.0,,21.72,5.35,37.0,21.2,5.35,72.0,0.0,1010.7,959.9,,17.7,0.154,32.3,10192X0095/P21B
1225,129,2019-05-10,4.811397298,43.539904887,51.0,32.9,23.6,35.0,26.7,2019-05-10T02:52,2019-05-10T15:12,44357.3,43200.0,,,0.4,,0.0,0.4,2.0,,22.14,5.87,44.0,20.8,5.87,67.0,0.0,1011.0,960.4,,17.1,0.152,32.4,10192X0095/P21B
1226,130,2019-05-11,4.811397298,43.539904887,61.0,33.7,23.8,35.9,27.3,2019-05-11T02:52,2019-05-11T15:12,44369.59,43200.0,,,7.4,,0.0,7.4,10.0,,21.83,5.5,51.0,20.9,5.5,68.0,0.0,1011.3,960.7,,13.5,0.154,32.6,10192X0095/P21B
1227,131,2019-05-12,4.811397298,43.539904887,63.0,29.4,23.0,32.6,26.2,2019-05-12T02:52,2019-05-12T15:12,44381.69,39469.95,,,14.4,,0.0,14.4,14.0,,15.98,3.3,97.0,22.5,3.3,83.0,0.0,1011.8,960.8,,10.2,0.165,32.0,10192X0095/P21B
1228,132,2019-05-13,4.811397298,43.539904887,61.0,28.0,22.8,32.4,26.4,2019-05-13T02:52,2019-05-13T15:12,44393.55,28592.32,,,8.7,,0.0,8.7,19.0,,16.67,3.34,96.0,22.4,3.34,85.0,0.0,1012.0,960.9,,9.4,0.172,31.4,10192X0095/P21B
1229,133,2019-05-14,4.811397298,43.539904887,51.0,29.6,23.0,33.4,26.1,2019-05-14T02:52,2019-05-14T15:12,44405.19,43200.0,,,1.0,,0.0,1.0,9.0,,21.4,4.4,52.0,22.3,4.4,81.0,0.0,1011.6,960.6,,10.2,0.168,31.0,10192X0095/P21B
1230,134,2019-05-15,4.811397298,43.539904887,55.0,29.5,23.0,33.5,26.5,2019-05-15T02:52,2019-05-15T15:12,44416.57,43200.0,,,4.6,,0.0,4.6,15.0,,21.41,4.35,49.0,22.3,4.35,80.0,0.0,1011.9,961.0,,11.3,0.167,30.8,10192X0095/P21B
1231,135,2019-05-16,4.811397298,43.539904887,51.0,29.6,23.0,32.5,26.1,2019-05-16T02:52,2019-05-16T15:12,44427.7,43200.0,,,1.2,,0.0,1.2,7.0,,20.74,4.37,65.0,21.8,4.37,79.0,0.0,1012.5,961.5,,13.5,0.167,30.6,10192X0095/P21B
1232,136,2019-05-17,4.811397298,43.539904887,51.0,30.2,22.8,33.5,25.0,2019-05-17T02:52,2019-05-17T15:12,44438.55,43200.0,,,0.3,,0.0,0.3,3.0,,23.32,4.99,52.0,21.3,4.99,75.0,0.0,1012.0,961.1,,13.0,0.164,30.4,10192X0095/P21B
1233,137,2019-05-18,4.811397298,43.539904887,51.0,30.3,23.0,33.2,25.7,2019-05-18T02:51,2019-05-18T15:12,44449.11,43200.0,,,0.1,,0.0,0.1,1.0,,21.96,4.83,19.0,21.6,4.83,76.0,0.0,1011.6,960.7,,15.2,0.16,30.3,10192X0095/P21B
1234,138,2019-05-19,4.811397298,43.539904887,53.0,30.2,23.1,31.7,25.6,2019-05-19T02:51,2019-05-19T15:12,44459.38,43200.0,,,2.6,,0.0,2.6,11.0,,18.88,4.31,73.0,21.4,4.31,76.0,0.0,1012.4,961.4,,15.5,0.157,30.3,10192X0095/P21B
1235,139,2019-05-20,4.811397298,43.539904887,51.0,29.8,22.9,31.9,25.2,2019-05-20T02:51,2019-05-20T15:13,44469.44,43200.0,,,0.6,,0.0,0.6,5.0,,21.12,4.72,72.0,21.2,4.72,75.0,0.0,1013.3,962.3,,15.8,0.156,30.2,10192X0095/P21B
1236,140,2019-05-21,4.811397298,43.539904887,51.0,31.6,22.9,33.6,25.6,2019-05-21T02:51,2019-05-21T15:13,44479.31,36496.7,,,0.2,,0.0,0.2,2.0,,21.07,5.01,77.0,20.8,5.01,70.0,0.0,1012.7,961.8,,12.9,0.155,30.3,10192X0095/P21B
1237,141,2019-05-22,4.811397298,43.539904887,55.0,31.9,22.9,35.1,26.5,2019-05-22T02:51,2019-05-22T15:13,44488.98,42265.33,,,3.3,,0.0,3.3,10.0,,21.0,4.89,51.0,20.7,4.89,70.0,0.0,1012.5,961.6,,10.1,0.154,30.6,10192X0095/P21B
1238,142,2019-05-23,4.811397298,43.539904887,53.0,29.5,22.9,33.8,26.5,2019-05-23T02:51,2019-05-23T15:13,44498.42,43200.0,,,3.3,,0.0,3.3,11.0,,19.29,4.02,47.0,21.7,4.02,79.0,0.0,1012.8,961.7,,6.9,0.158,30.6,10192X0095/P21B
1239,143,2019-05-24,4.811397298,43.539904887,63.0,29.3,22.3,34.2,26.3,2019-05-24T02:51,2019-05-24T15:13,44507.64,39600.0,,,4.8,,0.0,4.8,7.0,,21.28,4.24,54.0,22.0,4.24,83.0,0.0,1013.4,962.2,,8.7,0.165,30.3,10192X0095/P21B
1240,144,2019-05-25,4.811397298,43.539904887,51.0,28.9,22.6,32.2,25.0,2019-05-25T02:51,2019-05-25T15:13,44516.63,43200.0,,,0.4,,0.0,0.4,3.0,,21.44,4.33,20.0,22.0,4.33,81.0,0.0,1013.0,961.9,,15.3,0.167,29.9,10192X0095/P21B
1241,145,2019-05-26,4.811397298,43.539904887,51.0,29.0,23.1,31.5,25.0,2019-05-26T02:51,2019-05-26T15:13,44525.37,43200.0,,,0.4,,0.0,0.4,3.0,,21.31,4.42,29.0,22.0,4.42,80.0,0.0,1011.8,960.7,,18.9,0.163,29.8,10192X0095/P21B
1242,146,2019-05-27,4.811397298,43.539904887,51.0,30.1,22.6,31.7,24.5,2019-05-27T02:51,2019-05-27T15:14,44533.85,41205.86,,,0.3,,0.0,0.3,3.0,,20.54,4.84,35.0,21.0,4.84,76.0,0.0,1011.4,960.4,,21.4,0.16,29.7,10192X0095/P21B
1243,147,2019-05-28,4.811397298,43.539904887,3.0,30.9,22.1,31.5,24.0,2019-05-28T02:52,2019-05-28T15:14,44542.07,43200.0,,,0.0,,0.0,0.0,0.0,,21.68,5.54,52.0,20.1,5.54,70.0,0.0,1012.0,961.1,,22.2,0.158,29.7,10192X0095/P21B
1244,148,2019-05-29,4.811397298,43.539904887,3.0,31.2,22.6,31.1,23.7,2019-05-29T02:52,2019-05-29T15:14,44550.01,43200.0,,,0.0,,0.0,0.0,0.0,,22.43,6.26,72.0,19.8,6.26,67.0,0.0,1012.1,961.2,,26.3,0.156,29.8,10192X0095/P21B
1245,149,2019-05-30,4.811397298,43.539904887,3.0,32.5,22.8,31.8,23.8,2019-05-30T02:52,2019-05-30T15:14,44557.67,43200.0,,,0.0,,0.0,0.0,0.0,,22.5,6.89,39.0,19.1,6.89,62.0,0.0,1011.0,960.3,,27.1,0.155,30.1,10192X0095/P21B
1246,150,2019-05-31,4.811397298,43.539904887,3.0,32.2,22.9,30.3,23.0,2019-05-31T02:52,2019-05-31T15:14,44565.03,43200.0,,,0.0,,0.0,0.0,0.0,,22.05,7.1,43.0,18.4,7.1,60.0,0.0,1010.2,959.6,,28.2,0.155,30.3,10192X0095/P21B
1247,151,2019-06-01,4.811397298,43.539904887,3.0,32.8,22.9,30.8,23.1,2019-06-01T02:52,2019-06-01T15:15,44572.08,43200.0,,,0.0,,0.0,0.0,0.0,,21.26,7.0,52.0,18.4,7.0,60.0,0.0,1010.3,959.7,,27.1,0.154,30.4,10192X0095/P21B
1248,152,2019-06-02,4.811397298,43.539904887,51.0,32.0,23.2,31.9,23.0,2019-06-02T02:52,2019-06-02T15:15,44578.82,41459.15,,,0.2,,0.0,0.2,2.0,,18.41,6.16,36.0,18.9,6.16,61.0,0.0,1011.3,960.6,,24.2,0.154,30.6,10192X0095/P21B
1249,153,2019-06-03,4.811397298,43.539904887,3.0,32.8,23.2,31.1,22.7,2019-06-03T02:52,2019-06-03T15:15,44585.23,32634.86,,,0.0,,0.0,0.0,0.0,,19.58,7.59,51.0,16.1,7.59,50.0,0.0,1011.5,960.9,,26.1,0.154,30.7,10192X0095/P21B
1250,154,2019-06-04,4.811397298,43.539904887,3.0,29.7,22.8,28.4,21.4,2019-06-04T02:52,2019-06-04T15:15,44591.3,37040.54,,,0.0,,0.0,0.0,0.0,,20.39,6.08,73.0,16.6,6.08,55.0,0.0,1012.2,961.2,,22.1,0.154,30.6,10192X0095/P21B
1251,155,2019-06-05,4.811397298,43.539904887,3.0,31.4,23.3,29.1,22.3,2019-06-05T02:52,2019-06-05T15:16,44597.03,33595.39,,,0.0,,0.0,0.0,0.0,,18.0,7.07,69.0,17.0,7.07,54.0,0.0,1011.2,960.5,,28.8,0.154,30.6,10192X0095/P21B
1252,156,2019-06-06,4.811397298,43.539904887,3.0,33.8,23.0,31.4,22.8,2019-06-06T02:52,2019-06-06T15:16,44602.4,40328.67,,,0.0,,0.0,0.0,0.0,,21.55,7.76,27.0,17.0,7.76,53.0,0.0,1011.3,960.6,,27.6,0.154,30.7,10192X0095/P21B
1253,157,2019-06-07,4.811397298,43.539904887,3.0,33.7,23.2,32.1,22.8,2019-06-07T02:53,2019-06-07T15:16,44607.41,43200.0,,,0.0,,0.0,0.0,0.0,,22.94,7.66,48.0,18.3,7.66,57.0,0.0,1012.3,961.7,,29.0,0.155,30.9,10192X0095/P21B
1254,158,2019-06-08,4.811397298,43.539904887,3.0,33.8,23.8,31.0,23.3,2019-06-08T02:53,2019-06-08T15:16,44612.04,43200.0,,,0.0,,0.0,0.0,0.0,,23.13,8.59,60.0,17.4,8.59,52.0,0.0,1012.4,961.9,,30.8,0.155,31.1,10192X0095/P21B
1255,159,2019-06-09,4.811397298,43.539904887,3.0,32.6,23.8,30.2,22.6,2019-06-09T02:53,2019-06-09T15:16,44616.35,43192.46,,,0.0,,0.0,0.0,0.0,,21.81,7.95,46.0,18.0,7.95,56.0,0.0,1012.7,962.0,,34.8,0.155,31.1,10192X0095/P21B
1256,160,2019-06-10,4.811397298,43.539904887,3.0,31.1,23.7,26.8,22.0,2019-06-10T02:53,2019-06-10T15:17,44620.33,35771.95,,,0.0,,0.0,0.0,0.0,,14.65,6.84,73.0,17.3,6.84,56.0,0.0,1012.8,962.0,,34.6,0.155,31.0,10192X0095/P21B
1257,161,2019-06-11,4.811397298,43.539904887,51.0,30.7,23.3,27.7,22.4,2019-06-11T02:53,2019-06-11T15:17,44623.98,34047.78,,,0.7,,0.0,0.7,4.0,,16.52,6.43,60.0,18.0,6.43,60.0,0.0,1013.4,962.4,,32.1,0.155,30.8,10192X0095/P21B
1258,162,2019-06-12,4.811397298,43.539904887,3.0,32.4,22.7,30.4,22.0,2019-06-12T02:53,2019-06-12T15:17,44627.3,43200.0,,,0.0,,0.0,0.0,0.0,,20.88,7.33,37.0,18.1,7.33,58.0,0.0,1013.2,962.4,,31.9,0.154,30.8,10192X0095/P21B
1259,163,2019-06-13,4.811397298,43.539904887,3.0,30.8,23.2,28.6,22.1,2019-06-13T02:53,2019-06-13T15:17,44630.3,31056.66,,,0.0,,0.0,0.0,0.0,,16.06,6.75,58.0,17.6,6.75,56.0,0.0,1013.5,962.7,,31.3,0.154,30.8,10192X0095/P21B
1260,164,2019-06-14,4.811397298,43.539904887,3.0,31.5,23.0,27.9,22.2,2019-06-14T02:54,2019-06-14T15:18,44632.96,38876.15,,,0.0,,0.0,0.0,0.0,,18.69,7.14,42.0,17.7,7.14,58.0,0.0,1013.3,962.4,,32.0,0.154,30.8,10192X0095/P21B
1261,165,2019-06-15,4.811397298,43.539904887,3.0,31.8,22.9,27.8,21.8,2019-06-15T02:54,2019-06-15T15:18,44635.28,32818.08,,,0.0,,0.0,0.0,0.0,,18.01,7.62,47.0,16.1,7.62,52.0,0.0,1013.2,962.3,,32.4,0.154,30.8,10192X0095/P21B
1262,166,2019-06-16,4.811397298,43.539904887,3.0,32.1,22.9,29.5,19.8,2019-06-16T02:54,2019-06-16T15:18,44637.26,24774.77,,,0.0,,0.0,0.0,0.0,,17.12,7.67,81.0,15.2,7.67,48.0,0.0,1013.7,962.9,,30.1,0.154,30.7,10192X0095/P21B
1263,167,2019-06-17,4.811397298,43.539904887,3.0,32.7,22.4,30.2,20.1,2019-06-17T02:54,2019-06-17T15:18,44638.91,35581.92,,,0.0,,0.0,0.0,0.0,,21.51,7.5,37.0,16.2,7.5,53.0,0.0,1015.1,964.1,,28.0,0.154,30.7,10192X0095/P21B
1264,168,2019-06-18,4.811397298,43.539904887,3.0,33.3,23.0,31.3,22.0,2019-06-18T02:54,2019-06-18T15:18,44640.22,43200.0,,,0.0,,0.0,0.0,0.0,,23.24,8.03,30.0,17.0,8.03,53.0,0.0,1014.4,963.7,,28.8,0.154,30.9,10192X0095/P21B
1265,169,2019-06-19,4.811397298,43.539904887,3.0,33.1,23.3,30.5,22.0,2019-06-19T02:55,2019-06-19T15:19,44641.18,43200.0,,,0.0,,0.0,0.0,0.0,,22.76,8.26,32.0,17.1,8.26,53.0,0.0,1013.3,962.6,,31.3,0.154,31.0,10192X0095/P21B
1266,170,2019-06-20,4.811397298,43.539904887,3.0,31.6,23.2,28.8,21.3,2019-06-20T02:55,2019-06-20T15:19,44641.8,33485.58,,,0.0,,0.0,0.0,0.0,,18.26,7.41,43.0,16.5,7.41,52.0,0.0,1013.0,962.2,,30.8,0.153,31.0,10192X0095/P21B
1267,171,2019-06-21,4.811397298,43.539904887,3.0,31.4,23.5,29.1,21.6,2019-06-21T02:55,2019-06-21T15:19,44642.08,28402.59,,,0.0,,0.0,0.0,0.0,,16.14,6.67,41.0,17.2,6.67,56.0,0.0,1013.1,962.2,,30.7,0.153,30.8,10192X0095/P21B
1268,172,2019-06-22,4.811397298,43.539904887,3.0,31.0,22.8,28.6,22.3,2019-06-22T02:55,2019-06-22T15:19,44642.01,28205.97,,,0.0,,0.0,0.0,0.0,,17.03,6.49,40.0,16.9,6.49,55.0,0.0,1012.4,961.6,,26.4,0.153,30.8,10192X0095/P21B
1269,173,2019-06-23,4.811397298,43.539904887,3.0,33.0,22.9,29.7,22.6,2019-06-23T02:56,2019-06-23T15:20,44641.59,40230.9,,,0.0,,0.0,0.0,0.0,,19.06,7.43,38.0,16.2,7.43,50.0,0.0,1011.0,960.4,,25.7,0.153,30.8,10192X0095/P21B
1270,174,2019-06-24,4.811397298,43.539904887,2.0,32.9,23.2,31.7,23.6,2019-06-24T02:56,2019-06-24T15:20,44640.82,43200.0,,,0.0,,0.0,0.0,0.0,,23.03,7.55,26.0,18.2,7.55,56.0,0.0,1010.8,960.2,,26.2,0.153,31.0,10192X0095/P21B
1271,175,2019-06-25,4.811397298,43.539904887,2.0,33.5,23.2,32.7,22.8,2019-06-25T02:56,2019-06-25T15:20,44639.71,43191.4,,,0.0,,0.0,0.0,0.0,,22.53,7.45,21.0,18.1,7.45,56.0,0.0,1011.6,961.0,,26.2,0.153,31.1,10192X0095/P21B
1272,176,2019-06-26,4.811397298,43.539904887,3.0,33.7,23.1,32.1,22.3,2019-06-26T02:56,2019-06-26T15:20,44638.24,37843.33,,,0.0,,0.0,0.0,0.0,,21.29,8.02,23.0,16.2,8.02,50.0,0.0,1012.4,961.8,,27.9,0.153,31.2,10192X0095/P21B
1273,177,2019-06-27,4.811397298,43.539904887,3.0,31.9,23.1,28.8,21.0,2019-06-27T02:56,2019-06-27T15:20,44636.42,36443.59,,,0.0,,0.0,0.0,0.0,,18.55,7.62,34.0,16.5,7.62,53.0,0.0,1012.6,961.8,,32.5,0.154,31.1,10192X0095/P21B
1274,178,2019-06-28,4.811397298,43.539904887,3.0,31.0,22.8,28.2,21.7,2019-06-28T02:57,2019-06-28T15:21,44634.25,37159.63,,,0.0,,0.0,0.0,0.0,,16.0,6.68,52.0,17.2,6.68,57.0,0.0,1012.7,961.8,,32.7,0.153,31.0,10192X0095/P21B
1275,179,2019-06-29,4.811397298,43.539904887,3.0,32.7,21.9,29.0,20.3,2019-06-29T02:57,2019-06-29T15:21,44631.71,32629.46,,,0.0,,0.0,0.0,0.0,,21.51,8.67,42.0,14.7,8.67,47.0,0.0,1012.3,961.6,,31.5,0.153,31.0,10192X0095/P21B
1276,180,2019-06-30,4.811397298,43.539904887,3.0,34.4,23.3,30.4,21.4,2019-06-30T02:57,2019-06-30T15:21,44628.78,38681.12,,,0.0,,0.0,0.0,0.0,,22.38,9.07,87.0,15.8,9.07,48.0,0.0,1012.5,961.9,,33.9,0.153,31.1,10192X0095/P21B
1277,181,2019-07-01,4.811397298,43.539904887,3.0,33.1,23.7,30.4,23.0,2019-07-01T02:57,2019-07-01T15:21,44625.49,42105.99,,,0.0,,0.0,0.0,0.0,,23.28,8.0,70.0,18.3,8.0,57.0,0.0,1012.0,961.4,,33.1,0.153,31.2,10192X0095/P21B
1278,182,2019-07-02,4.811397298,43.539904887,3.0,33.2,22.9,30.5,22.2,2019-07-02T02:58,2019-07-02T15:21,44621.84,41322.21,,,0.0,,0.0,0.0,0.0,,21.95,8.45,51.0,15.9,8.45,50.0,0.0,1011.1,960.5,,31.0,0.153,31.3,10192X0095/P21B
1279,183,2019-07-03,4.811397298,43.539904887,3.0,31.3,22.1,28.3,20.8,2019-07-03T02:58,2019-07-03T15:21,44617.84,40196.39,,,0.0,,0.0,0.0,0.0,,17.63,7.22,59.0,15.5,7.22,51.0,0.0,1012.2,961.3,,28.7,0.153,31.1,10192X0095/P21B
1280,184,2019-07-04,4.811397298,43.539904887,3.0,33.5,23.1,30.2,21.1,2019-07-04T02:58,2019-07-04T15:22,44613.49,35806.86,,,0.0,,0.0,0.0,0.0,,22.49,9.14,79.0,13.8,9.14,43.0,0.0,1012.1,961.5,,30.5,0.153,31.2,10192X0095/P21B
1281,185,2019-07-05,4.811397298,43.539904887,3.0,32.5,23.0,29.7,21.4,2019-07-05T02:58,2019-07-05T15:22,44608.81,37476.95,,,0.0,,0.0,0.0,0.0,,20.1,7.87,75.0,16.3,7.87,51.0,0.0,1011.6,960.9,,30.4,0.153,31.2,10192X0095/P21B
1282,186,2019-07-06,4.811397298,43.539904887,3.0,33.5,23.2,30.2,22.0,2019-07-06T02:58,2019-07-06T15:22,44603.8,40067.16,,,0.0,,0.0,0.0,0.0,,23.04,8.51,83.0,16.0,8.51,49.0,0.0,1011.7,961.1,,29.8,0.153,31.2,10192X0095/P21B
1283,187,2019-07-07,4.811397298,43.539904887,3.0,33.0,22.9,30.5,22.3,2019-07-07T02:59,2019-07-07T15:22,44598.46,42627.83,,,0.0,,0.0,0.0,0.0,,22.75,7.8,74.0,17.4,7.8,55.0,0.0,1012.6,961.9,,29.8,0.153,31.3,10192X0095/P21B
1284,188,2019-07-08,4.811397298,43.539904887,3.0,33.6,23.2,30.8,22.9,2019-07-08T02:59,2019-07-08T15:22,44592.81,42630.35,,,0.0,,0.0,0.0,0.0,,22.21,7.84,60.0,17.1,7.84,54.0,0.0,1013.3,962.6,,28.8,0.153,31.3,10192X0095/P21B
1285,189,2019-07-09,4.811397298,43.539904887,3.0,33.5,23.0,31.1,21.5,2019-07-09T02:59,2019-07-09T15:22,44586.87,42632.58,,,0.0,,0.0,0.0,0.0,,23.89,8.59,35.0,16.3,8.59,50.0,0.0,1012.3,961.7,,29.8,0.153,31.3,10192X0095/P21B
1286,190,2019-07-10,4.811397298,43.539904887,3.0,33.7,23.3,31.0,22.0,2019-07-10T02:59,2019-07-10T15:22,44580.62,39901.15,,,0.0,,0.0,0.0,0.0,,22.42,8.05,55.0,17.2,8.05,55.0,0.0,1011.7,961.0,,31.4,0.153,31.3,10192X0095/P21B
1287,191,2019-07-11,4.811397298,43.539904887,51.0,32.0,22.9,30.5,22.2,2019-07-11T02:59,2019-07-11T15:22,44574.08,34117.36,,,0.1,,0.0,0.1,1.0,,18.27,6.63,83.0,18.3,6.63,59.0,0.0,1012.8,962.0,,28.9,0.153,31.2,10192X0095/P21B
1288,192,2019-07-12,4.811397298,43.539904887,3.0,33.4,23.0,30.9,22.4,2019-07-12T03:00,2019-07-12T15:22,44567.26,42139.87,,,0.0,,0.0,0.0,0.0,,23.15,7.93,80.0,17.0,7.93,54.0,0.0,1012.7,962.0,,28.7,0.153,31.3,10192X0095/P21B
1289,193,2019-07-13,4.811397298,43.539904887,51.0,32.3,23.1,29.2,21.5,2019-07-13T03:00,2019-07-13T15:23,44560.18,36927.99,,,0.1,,0.0,0.1,1.0,,19.98,7.61,89.0,17.1,7.61,55.0,0.0,1013.5,962.7,,32.8,0.153,31.2,10192X0095/P21B
1290,194,2019-07-14,4.811397298,43.539904887,51.0,30.6,22.5,29.1,21.0,2019-07-14T03:00,2019-07-14T15:23,44552.83,37762.93,,,0.2,,0.0,0.2,2.0,,16.7,6.05,59.0,17.5,6.05,60.0,0.0,1014.6,963.5,,27.8,0.152,31.0,10192X0095/P21B
1291,195,2019-07-15,4.811397298,43.539904887,51.0,31.2,21.6,29.3,22.2,2019-07-15T03:00,2019-07-15T15:23,44545.22,32917.58,,,0.1,,0.0,0.1,1.0,,18.19,6.26,50.0,17.1,6.26,59.0,0.0,1014.4,963.3,,25.4,0.152,30.9,10192X0095/P21B
1292,196,2019-07-16,4.811397298,43.539904887,51.0,29.8,21.8,27.1,20.1,2019-07-16T03:00,2019-07-16T15:23,44537.36,34866.95,,,0.3,,0.0,0.3,1.0,,15.36,5.92,60.0,16.8,5.92,60.0,0.0,1015.2,964.0,,30.1,0.152,30.7,10192X0095/P21B
1293,197,2019-07-17,4.811397298,43.539904887,51.0,28.3,21.6,25.5,20.9,2019-07-17T03:00,2019-07-17T15:23,44529.27,33436.27,,,0.9,,0.0,0.9,7.0,,15.02,4.98,70.0,18.0,4.98,68.0,0.0,1016.1,964.7,,30.1,0.152,30.4,10192X0095/P21B
1294,198,2019-07-18,4.811397298,43.539904887,3.0,29.4,20.8,26.4,19.2,2019-07-18T03:01,2019-07-18T15:23,44520.93,27900.38,,,0.0,,0.0,0.0,0.0,,15.63,6.02,52.0,16.1,6.02,58.0,0.0,1015.1,963.9,,30.3,0.152,30.3,10192X0095/P21B
1295,199,2019-07-19,4.811397298,43.539904887,3.0,29.9,21.6,26.8,20.7,2019-07-19T03:01,2019-07-19T15:23,44512.26,28845.49,,,0.0,,0.0,0.0,0.0,,15.61,6.34,57.0,16.4,6.34,56.0,0.0,1013.3,962.3,,29.8,0.152,30.2,10192X0095/P21B
1296,200,2019-07-20,4.811397298,43.539904887,3.0,30.5,21.5,26.3,20.0,2019-07-20T03:01,2019-07-20T15:23,44503.28,30932.97,,,0.0,,0.0,0.0,0.0,,16.37,6.83,47.0,16.0,6.83,54.0,0.0,1012.5,961.6,,32.0,0.152,30.2,10192X0095/P21B
1297,201,2019-07-21,4.811397298,43.539904887,3.0,33.1,21.7,29.0,20.3,2019-07-21T03:01,2019-07-21T15:23,44493.99,36300.87,,,0.0,,0.0,0.0,0.0,,22.42,8.71,91.0,14.6,8.71,47.0,0.0,1011.6,960.9,,30.9,0.151,30.4,10192X0095/P21B
1298,202,2019-07-22,4.811397298,43.539904887,3.0,31.5,22.7,26.7,19.0,2019-07-22T03:01,2019-07-22T15:23,44484.41,28578.68,,,0.0,,0.0,0.0,0.0,,19.27,8.78,70.0,13.3,8.78,44.0,0.0,1011.9,961.0,,36.6,0.152,30.4,10192X0095/P21B
1299,203,2019-07-23,4.811397298,43.539904887,3.0,30.6,22.0,25.4,18.5,2019-07-23T03:01,2019-07-23T15:23,44474.55,28905.94,,,0.0,,0.0,0.0,0.0,,17.38,7.91,90.0,14.4,7.91,49.0,0.0,1011.1,960.1,,37.6,0.151,30.2,10192X0095/P21B
1300,204,2019-07-24,4.811397298,43.539904887,3.0,28.9,21.5,25.9,19.4,2019-07-24T03:01,2019-07-24T15:22,44464.41,24156.87,,,0.0,,0.0,0.0,0.0,,14.19,6.49,68.0,14.9,6.49,53.0,0.0,1011.7,960.7,,32.1,0.151,30.0,10192X0095/P21B
1301,205,2019-07-25,4.811397298,43.539904887,3.0,31.3,21.2,27.1,19.1,2019-07-25T03:01,2019-07-25T15:22,44454.02,34597.28,,,0.0,,0.0,0.0,0.0,,17.76,7.4,53.0,15.0,7.4,52.0,0.0,1011.9,960.9,,33.2,0.151,30.0,10192X0095/P21B
1302,206,2019-07-26,4.811397298,43.539904887,61.0,25.0,20.9,23.0,18.3,2019-07-26T03:02,2019-07-26T15:22,44443.39,27722.59,,,7.4,,0.0,7.4,19.0,,14.58,4.32,67.0,15.8,4.32,67.0,0.0,1013.3,961.6,,26.0,0.154,29.6,10192X0095/P21B
1303,207,2019-07-27,4.811397298,43.539904887,51.0,28.9,20.5,25.5,17.7,2019-07-27T03:02,2019-07-27T15:22,44432.54,23807.65,,,0.1,,0.0,0.1,1.0,,16.23,6.24,65.0,15.1,6.24,56.0,0.0,1012.2,961.0,,29.9,0.153,29.5,10192X0095/P21B
1304,208,2019-07-28,4.811397298,43.539904887,3.0,31.1,21.1,28.0,19.3,2019-07-28T03:02,2019-07-28T15:22,44421.47,28755.79,,,0.0,,0.0,0.0,0.0,,18.85,7.02,87.0,15.1,7.02,52.0,0.0,1011.9,960.9,,28.1,0.153,29.5,10192X0095/P21B
1305,209,2019-07-29,4.811397298,43.539904887,3.0,31.2,22.3,27.7,21.1,2019-07-29T03:02,2019-07-29T15:22,44410.19,32334.17,,,0.0,,0.0,0.0,0.0,,17.0,6.7,67.0,16.3,6.7,55.0,0.0,1012.0,961.1,,29.3,0.153,29.6,10192X0095/P21B
1306,210,2019-07-30,4.811397298,43.539904887,3.0,31.3,22.1,28.8,21.3,2019-07-30T03:02,2019-07-30T15:22,44398.73,32049.85,,,0.0,,0.0,0.0,0.0,,16.67,6.1,65.0,17.2,6.1,59.0,0.0,1012.2,961.2,,27.0,0.153,29.6,10192X0095/P21B
1307,211,2019-07-31,4.811397298,43.539904887,51.0,32.4,22.2,30.9,21.0,2019-07-31T03:02,2019-07-31T15:22,44387.08,34754.97,,,0.1,,0.0,0.1,1.0,,20.76,7.25,85.0,15.7,7.25,52.0,0.0,1013.2,962.3,,25.1,0.153,29.7,10192X0095/P21B
1308,212,2019-08-01,4.811397298,43.539904887,3.0,32.8,21.8,31.4,21.1,2019-08-01T03:02,2019-08-01T15:22,44375.28,41375.97,,,0.0,,0.0,0.0,0.0,,24.03,8.14,84.0,15.1,8.14,48.0,0.0,1013.0,962.2,,25.4,0.152,29.9,10192X0095/P21B
1309,213,2019-08-02,4.811397298,43.539904887,3.0,33.1,22.1,30.1,21.3,2019-08-02T03:02,2019-08-02T15:21,44363.31,42839.67,,,0.0,,0.0,0.0,0.0,,23.89,8.43,29.0,15.7,8.43,50.0,0.0,1012.7,961.9,,29.2,0.152,30.1,10192X0095/P21B
1310,214,2019-08-03,4.811397298,43.539904887,3.0,30.7,22.5,28.4,22.0,2019-08-03T03:02,2019-08-03T15:21,44351.21,33815.04,,,0.0,,0.0,0.0,0.0,,16.82,6.91,70.0,16.7,6.91,55.0,0.0,1013.4,962.5,,31.3,0.152,30.1,10192X0095/P21B
1311,215,2019-08-04,4.811397298,43.539904887,3.0,32.8,23.0,29.8,21.4,2019-08-04T03:02,2019-08-04T15:21,44338.98,39331.49,,,0.0,,0.0,0.0,0.0,,21.91,8.04,88.0,15.5,8.04,50.0,0.0,1014.0,963.1,,29.9,0.152,30.2,10192X0095/P21B
1312,216,2019-08-05,4.811397298,43.539904887,2.0,34.2,22.5,29.9,20.7,2019-08-05T03:02,2019-08-05T15:21,44326.62,42807.39,,,0.0,,0.0,0.0,0.0,,24.97,9.26,20.0,13.8,9.26,44.0,0.0,1013.2,962.5,,29.2,0.152,30.3,10192X0095/P21B
1313,217,2019-08-06,4.811397298,43.539904887,3.0,34.6,23.1,32.1,22.3,2019-08-06T03:02,2019-08-06T15:21,44314.16,42836.06,,,0.0,,0.0,0.0,0.0,,24.78,8.65,38.0,17.0,8.65,53.0,0.0,1013.0,962.3,,31.5,0.152,30.5,10192X0095/P21B
1314,218,2019-08-07,4.811397298,43.539904887,51.0,31.7,23.4,30.5,23.0,2019-08-07T03:02,2019-08-07T15:20,44301.58,27276.87,,,0.3,,0.0,0.3,3.0,,16.98,6.58,56.0,18.0,6.58,58.0,0.0,1013.8,962.9,,28.9,0.152,30.5,10192X0095/P21B
1315,219,2019-08-08,4.811397298,43.539904887,3.0,33.7,21.6,31.0,19.6,2019-08-08T03:02,2019-08-08T15:20,44288.79,42837.72,,,0.0,,0.0,0.0,0.0,,24.92,8.72,27.0,14.0,8.72,47.0,0.0,1013.5,962.6,,29.0,0.152,30.6,10192X0095/P21B
1316,220,2019-08-09,4.811397298,43.539904887,2.0,33.0,21.7,29.0,18.5,2019-08-09T03:02,2019-08-09T15:20,44275.78,42839.48,,,0.0,,0.0,0.0,0.0,,25.56,9.71,7.0,12.4,9.71,41.0,0.0,1013.6,962.8,,31.4,0.152,30.6,10192X0095/P21B
1317,221,2019-08-10,4.811397298,43.539904887,3.0,32.9,21.6,29.1,19.5,2019-08-10T03:02,2019-08-10T15:20,44262.57,41320.11,,,0.0,,0.0,0.0,0.0,,23.61,8.55,27.0,15.2,8.55,50.0,0.0,1014.4,963.4,,32.9,0.152,30.5,10192X0095/P21B
1318,222,2019-08-11,4.811397298,43.539904887,3.0,32.2,21.8,28.6,20.0,2019-08-11T03:02,2019-08-11T15:19,44249.17,31877.16,,,0.0,,0.0,0.0,0.0,,19.92,7.62,64.0,15.6,7.62,53.0,0.0,1014.1,963.1,,32.7,0.152,30.4,10192X0095/P21B
1319,223,2019-08-12,4.811397298,43.539904887,3.0,32.3,21.8,28.9,19.4,2019-08-12T03:02,2019-08-12T15:19,44235.59,31461.82,,,0.0,,0.0,0.0,0.0,,20.04,8.08,48.0,14.5,8.08,48.0,0.0,1013.6,962.6,,31.5,0.152,30.4,10192X0095/P21B
1320,224,2019-08-13,4.811397298,43.539904887,3.0,31.3,22.1,28.6,20.6,2019-08-13T03:02,2019-08-13T15:19,44221.85,34683.99,,,0.0,,0.0,0.0,0.0,,19.02,7.65,74.0,15.7,7.65,52.0,0.0,1014.2,963.3,,31.1,0.152,30.4,10192X0095/P21B
1321,225,2019-08-14,4.811397298,43.539904887,3.0,31.1,21.9,28.0,19.8,2019-08-14T03:02,2019-08-14T15:19,44207.95,24508.94,,,0.0,,0.0,0.0,0.0,,17.23,7.62,75.0,14.4,7.62,47.0,0.0,1014.8,963.9,,29.4,0.152,30.3,10192X0095/P21B
1322,226,2019-08-15,4.811397298,43.539904887,3.0,32.7,21.9,29.4,19.0,2019-08-15T03:02,2019-08-15T15:18,44193.92,32359.35,,,0.0,,0.0,0.0,0.0,,22.4,8.57,54.0,14.2,8.57,47.0,0.0,1015.0,964.0,,32.2,0.152,30.4,10192X0095/P21B
1323,227,2019-08-16,4.811397298,43.539904887,3.0,32.2,22.0,28.5,19.9,2019-08-16T03:02,2019-08-16T15:18,44179.76,38656.83,,,0.0,,0.0,0.0,0.0,,24.27,8.99,25.0,13.9,8.99,47.0,0.0,1013.9,963.0,,32.6,0.152,30.4,10192X0095/P21B
1324,228,2019-08-17,4.811397298,43.539904887,3.0,31.2,22.1,27.3,19.3,2019-08-17T03:01,2019-08-17T15:18,44165.49,30500.98,,,0.0,,0.0,0.0,0.0,,18.98,8.07,48.0,14.4,8.07,47.0,0.0,1012.4,961.6,,32.3,0.152,30.4,10192X0095/P21B
1325,229,2019-08-18,4.811397298,43.539904887,3.0,30.7,22.4,27.0,20.2,2019-08-18T03:01,2019-08-18T15:17,44151.12,33790.27,,,0.0,,0.0,0.0,0.0,,18.24,7.56,70.0,14.7,7.56,48.0,0.0,1012.8,961.9,,30.0,0.152,30.4,10192X0095/P21B
1326,230,2019-08-19,4.811397298,43.539904887,3.0,34.6,22.0,31.2,20.0,2019-08-19T03:01,2019-08-19T15:17,44136.65,38460.38,,,0.0,,0.0,0.0,0.0,,24.78,9.47,39.0,13.3,9.47,43.0,0.0,1012.4,961.8,,30.9,0.152,30.5,10192X0095/P21B
1327,231,2019-08-20,4.811397298,43.539904887,3.0,33.4,21.8,30.9,19.6,2019-08-20T03:01,2019-08-20T15:17,44122.12,38469.09,,,0.0,,0.0,0.0,0.0,,22.93,8.2,57.0,15.1,8.2,49.0,0.0,1013.2,962.4,,29.3,0.152,30.5,10192X0095/P21B
1328,232,2019-08-21,4.811397298,43.539904887,3.0,32.4,22.9,29.6,20.8,2019-08-21T03:01,2019-08-21T15:16,44107.51,42901.08,,,0.0,,0.0,0.0,0.0,,22.82,8.57,54.0,15.9,8.57,50.0,0.0,1013.4,962.7,,32.3,0.152,30.6,10192X0095/P21B
1329,233,2019-08-22,4.811397298,43.539904887,3.0,33.3,23.1,29.8,21.3,2019-08-22T03:01,2019-08-22T15:16,44092.85,42662.92,,,0.0,,0.0,0.0,0.0,,22.16,8.76,76.0,15.5,8.76,48.0,0.0,1013.0,962.4,,33.0,0.152,30.7,10192X0095/P21B
1330,234,2019-08-23,4.811397298,43.539904887,3.0,33.8,23.5,30.3,20.9,2019-08-23T03:01,2019-08-23T15:15,44078.15,35716.87,,,0.0,,0.0,0.0,0.0,,23.12,9.32,25.0,15.3,9.32,47.0,0.0,1013.2,962.6,,34.7,0.152,30.9,10192X0095/P21B
1331,235,2019-08-24,4.811397298,43.539904887,3.0,33.6,22.9,31.8,21.7,2019-08-24T03:01,2019-08-24T15:15,44063.42,42925.17,,,0.0,,0.0,0.0,0.0,,23.06,8.1,50.0,17.8,8.1,56.0,0.0,1014.0,963.2,,33.3,0.152,30.9,10192X0095/P21B
1332,236,2019-08-25,4.811397298,43.539904887,51.0,31.9,22.6,30.3,21.5,2019-08-25T03:01,2019-08-25T15:15,44048.66,37041.29,,,0.4,,0.0,0.4,3.0,,17.91,6.52,53.0,17.8,6.52,60.0,0.0,1014.0,963.0,,30.0,0.152,30.8,10192X0095/P21B
1333,237,2019-08-26,4.811397298,43.539904887,3.0,32.3,21.9,28.9,20.9,2019-08-26T03:00,2019-08-26T15:14,44033.9,38189.44,,,0.0,,0.0,0.0,0.0,,20.89,7.95,45.0,15.2,7.95,50.0,0.0,1014.1,963.2,,30.0,0.153,30.8,10192X0095/P21B
1334,238,2019-08-27,4.811397298,43.539904887,3.0,33.3,21.4,29.1,19.7,2019-08-27T03:00,2019-08-27T15:14,44019.1,42951.4,,,0.0,,0.0,0.0,0.0,,26.19,9.4,45.0,13.6,9.4,45.0,0.0,1013.1,962.3,,31.7,0.153,30.8,10192X0095/P21B
1335,239,2019-08-28,4.811397298,43.539904887,3.0,33.4,21.8,30.5,20.4,2019-08-28T03:00,2019-08-28T15:13,44004.19,40518.83,,,0.0,,0.0,0.0,0.0,,24.78,9.03,54.0,15.3,9.03,48.0,0.0,1012.0,961.4,,31.3,0.153,30.9,10192X0095/P21B
1336,240,2019-08-29,4.811397298,43.539904887,3.0,33.6,22.4,31.2,20.5,2019-08-29T03:00,2019-08-29T15:13,43989.16,39853.77,,,0.0,,0.0,0.0,0.0,,24.32,8.93,41.0,15.4,8.93,48.0,0.0,1012.3,961.7,,30.1,0.153,31.0,10192X0095/P21B
1337,241,2019-08-30,4.811397298,43.539904887,3.0,34.2,23.0,32.9,21.7,2019-08-30T03:00,2019-08-30T15:13,43974.0,42981.35,,,0.0,,0.0,0.0,0.0,,23.73,8.74,21.0,16.0,8.74,49.0,0.0,1010.9,960.4,,29.5,0.153,31.2,10192X0095/P21B
1338,242,2019-08-31,4.811397298,43.539904887,3.0,33.8,22.5,32.7,22.0,2019-08-31T03:00,2019-08-31T15:12,43958.74,38535.56,,,0.0,,0.0,0.0,0.0,,22.36,8.39,41.0,16.4,8.39,50.0,0.0,1009.7,959.2,,29.3,0.152,31.2,10192X0095/P21B
1339,243,2019-09-01,4.811397298,43.539904887,3.0,33.2,22.9,31.2,22.2,2019-09-01T02:59,2019-09-01T15:12,43943.38,42179.85,,,0.0,,0.0,0.0,0.0,,19.74,7.87,37.0,16.5,7.87,50.0,0.0,1010.0,959.5,,28.1,0.152,31.2,10192X0095/P21B
1340,244,2019-09-02,4.811397298,43.539904887,3.0,33.9,22.6,32.6,21.5,2019-09-02T02:59,2019-09-02T15:11,43927.94,33962.15,,,0.0,,0.0,0.0,0.0,,22.36,8.28,44.0,16.4,8.28,50.0,0.0,1011.6,961.0,,28.2,0.152,31.3,10192X0095/P21B
1341,245,2019-09-03,4.811397298,43.539904887,3.0,33.4,22.9,30.7,21.1,2019-09-03T02:59,2019-09-03T15:11,43912.43,38501.92,,,0.0,,0.0,0.0,0.0,,23.78,9.02,60.0,15.4,9.02,47.0,0.0,1012.2,961.7,,30.9,0.152,31.4,10192X0095/P21B
1342,246,2019-09-04,4.811397298,43.539904887,3.0,34.3,22.7,31.9,21.0,2019-09-04T02:59,2019-09-04T15:10,43896.86,39996.35,,,0.0,,0.0,0.0,0.0,,24.24,9.2,74.0,15.8,9.2,49.0,0.0,1011.6,961.0,,32.5,0.152,31.4,10192X0095/P21B
1343,247,2019-09-05,4.811397298,43.539904887,3.0,33.9,22.6,31.8,20.7,2019-09-05T02:59,2019-09-05T15:10,43881.24,35853.31,,,0.0,,0.0,0.0,0.0,,22.55,8.78,79.0,14.9,8.78,46.0,0.0,1012.0,961.4,,29.8,0.152,31.5,10192X0095/P21B
1344,248,2019-09-06,4.811397298,43.539904887,3.0,34.1,22.4,32.3,21.6,2019-09-06T02:58,2019-09-06T15:09,43865.58,43066.33,,,0.0,,0.0,0.0,0.0,,23.76,8.76,73.0,15.9,8.76,49.0,0.0,1012.7,962.1,,29.3,0.152,31.5,10192X0095/P21B
1345,249,2019-09-07,4.811397298,43.539904887,3.0,33.8,22.7,31.0,20.5,2019-09-07T02:58,2019-09-07T15:09,43849.89,42918.4,,,0.0,,0.0,0.0,0.0,,24.63,9.63,87.0,14.8,9.63,46.0,0.0,1013.0,962.3,,34.1,0.152,31.5,10192X0095/P21B
1346,250,2019-09-08,4.811397298,43.539904887,3.0,34.1,22.5,30.7,19.9,2019-09-08T02:58,2019-09-08T15:08,43834.18,43092.8,,,0.0,,0.0,0.0,0.0,,24.9,9.69,81.0,14.5,9.69,45.0,0.0,1013.4,962.7,,33.6,0.152,31.6,10192X0095/P21B
1347,251,2019-09-09,4.811397298,43.539904887,51.0,32.9,22.8,30.0,21.0,2019-09-09T02:58,2019-09-09T15:08,43818.46,42536.22,,,0.1,,0.0,0.1,1.0,,22.87,7.83,60.0,16.8,7.83,57.0,0.0,1013.6,962.6,,31.4,0.152,31.5,10192X0095/P21B
1348,252,2019-09-10,4.811397298,43.539904887,53.0,31.1,22.8,29.3,23.7,2019-09-10T02:57,2019-09-10T15:08,43802.75,19435.74,,,1.9,,0.0,1.9,6.0,,12.42,5.31,69.0,18.3,5.31,62.0,0.0,1012.8,961.9,,24.7,0.153,31.2,10192X0095/P21B
1349,253,2019-09-11,4.811397298,43.539904887,2.0,32.9,22.8,30.1,22.0,2019-09-11T02:57,2019-09-11T15:07,43787.05,43132.91,,,0.0,,0.0,0.0,0.0,,24.63,8.19,20.0,16.4,8.19,53.0,0.0,1012.8,962.0,,29.5,0.152,31.3,10192X0095/P21B
1350,254,2019-09-12,4.811397298,43.539904887,51.0,33.8,22.5,31.5,20.9,2019-09-12T02:57,2019-09-12T15:07,43771.37,43146.2,,,0.1,,0.0,0.1,1.0,,23.36,8.55,30.0,15.2,8.55,48.0,0.0,1013.2,962.5,,28.0,0.152,31.3,10192X0095/P21B
1351,255,2019-09-13,4.811397298,43.539904887,3.0,34.6,23.2,32.9,22.5,2019-09-13T02:57,2019-09-13T15:06,43755.73,43159.36,,,0.0,,0.0,0.0,0.0,,26.32,9.19,18.0,15.3,9.19,47.0,0.0,1012.3,961.8,,27.1,0.152,31.5,10192X0095/P21B
1352,256,2019-09-14,4.811397298,43.539904887,3.0,33.6,22.6,33.7,22.9,2019-09-14T02:57,2019-09-14T15:06,43740.12,43172.36,,,0.0,,0.0,0.0,0.0,,22.19,7.23,24.0,18.8,7.23,59.0,0.0,1012.4,961.7,,26.2,0.151,31.5,10192X0095/P21B
1353,257,2019-09-15,4.811397298,43.539904887,3.0,33.0,22.6,31.0,22.7,2019-09-15T02:56,2019-09-15T15:05,43724.56,43185.15,,,0.0,,0.0,0.0,0.0,,22.05,7.34,31.0,17.7,7.34,57.0,0.0,1012.4,961.7,,26.6,0.151,31.5,10192X0095/P21B
1354,258,2019-09-16,4.811397298,43.539904887,3.0,33.7,22.3,32.0,22.2,2019-09-16T02:56,2019-09-16T15:05,43709.05,43197.67,,,0.0,,0.0,0.0,0.0,,25.57,8.46,31.0,15.3,8.46,48.0,0.0,1011.7,961.1,,25.1,0.151,31.6,10192X0095/P21B
1355,259,2019-09-17,4.811397298,43.539904887,2.0,34.4,21.3,30.1,19.7,2019-09-17T02:56,2019-09-17T15:04,43693.48,43200.0,,,0.0,,0.0,0.0,0.0,,26.22,9.51,25.0,12.1,9.51,42.0,0.0,1011.4,960.7,,29.0,0.151,31.6,10192X0095/P21B
1356,260,2019-09-18,4.811397298,43.539904887,2.0,34.3,21.7,31.3,20.4,2019-09-18T02:56,2019-09-18T15:04,43677.83,43200.0,,,0.0,,0.0,0.0,0.0,,26.61,9.22,9.0,14.3,9.22,46.0,0.0,1011.6,961.0,,28.5,0.151,31.6,10192X0095/P21B
1357,261,2019-09-19,4.811397298,43.539904887,3.0,33.9,22.3,31.6,21.6,2019-09-19T02:55,2019-09-19T15:03,43662.12,43200.0,,,0.0,,0.0,0.0,0.0,,25.66,8.86,61.0,15.7,8.86,50.0,0.0,1011.8,961.2,,29.6,0.151,31.6,10192X0095/P21B
1358,262,2019-09-20,4.811397298,43.539904887,3.0,33.4,22.2,30.8,21.3,2019-09-20T02:55,2019-09-20T15:03,43646.36,43186.83,,,0.0,,0.0,0.0,0.0,,23.52,8.48,78.0,15.5,8.48,49.0,0.0,1011.7,961.0,,29.3,0.151,31.6,10192X0095/P21B
1359,263,2019-09-21,4.811397298,43.539904887,3.0,33.6,22.3,30.4,19.8,2019-09-21T02:55,2019-09-21T15:02,43630.56,43157.48,,,0.0,,0.0,0.0,0.0,,25.34,9.47,77.0,13.3,9.47,42.0,0.0,1011.3,960.7,,29.5,0.151,31.6,10192X0095/P21B
1360,264,2019-09-22,4.811397298,43.539904887,3.0,34.4,21.6,31.6,20.3,2019-09-22T02:55,2019-09-22T15:02,43614.74,43128.04,,,0.0,,0.0,0.0,0.0,,26.49,9.4,31.0,14.1,9.4,45.0,0.0,1011.8,961.2,,29.2,0.151,31.7,10192X0095/P21B
1361,265,2019-09-23,4.811397298,43.539904887,0.0,33.5,22.0,31.2,20.7,2019-09-23T02:55,2019-09-23T15:01,43598.9,43098.55,,,0.0,,0.0,0.0,0.0,,26.11,8.87,4.0,14.8,8.87,46.0,0.0,1011.9,961.3,,27.6,0.151,31.7,10192X0095/P21B
1362,266,2019-09-24,4.811397298,43.539904887,2.0,34.3,22.6,32.7,21.2,2019-09-24T02:54,2019-09-24T15:01,43583.05,43069.08,,,0.0,,0.0,0.0,0.0,,26.28,9.04,7.0,15.0,9.04,45.0,0.0,1010.9,960.5,,26.3,0.151,31.8,10192X0095/P21B
1363,267,2019-09-25,4.811397298,43.539904887,2.0,35.4,23.8,33.8,22.7,2019-09-25T02:54,2019-09-25T15:00,43567.2,43039.69,,,0.0,,0.0,0.0,0.0,,25.25,9.02,16.0,14.7,9.02,42.0,0.0,1010.1,959.8,,24.8,0.151,32.0,10192X0095/P21B
1364,268,2019-09-26,4.811397298,43.539904887,51.0,33.5,23.6,32.9,23.8,2019-09-26T02:54,2019-09-26T15:00,43551.37,42108.67,,,0.2,,0.0,0.2,2.0,,20.51,6.97,47.0,18.8,6.97,61.0,0.0,1012.1,961.4,,29.5,0.151,31.9,10192X0095/P21B
1365,269,2019-09-27,4.811397298,43.539904887,53.0,31.3,22.8,30.9,22.3,2019-09-27T02:54,2019-09-27T14:59,43535.56,41067.81,,,1.0,,0.0,1.0,4.0,,17.65,5.93,79.0,18.1,5.93,61.0,0.0,1014.1,963.1,,24.4,0.151,31.7,10192X0095/P21B
1366,270,2019-09-28,4.811397298,43.539904887,3.0,32.6,23.6,31.9,24.2,2019-09-28T02:53,2019-09-28T14:59,43519.78,39496.86,,,0.0,,0.0,0.0,0.0,,19.19,6.89,62.0,16.4,6.89,50.0,0.0,1011.5,960.9,,21.4,0.151,31.7,10192X0095/P21B
1367,271,2019-09-29,4.811397298,43.539904887,2.0,34.5,23.3,34.7,22.7,2019-09-29T02:53,2019-09-29T14:58,43504.04,42924.29,,,0.0,,0.0,0.0,0.0,,25.27,8.13,26.0,15.6,8.13,44.0,0.0,1009.9,959.6,,19.2,0.15,31.9,10192X0095/P21B
1368,272,2019-09-30,4.811397298,43.539904887,55.0,34.5,24.2,36.0,25.2,2019-09-30T02:53,2019-09-30T14:58,43488.36,41684.68,,,1.7,,0.0,1.7,4.0,,22.1,6.44,41.0,18.9,6.44,57.0,0.0,1010.0,959.5,,16.7,0.151,32.1,10192X0095/P21B
1369,273,2019-10-01,4.811397298,43.539904887,51.0,33.1,24.1,36.8,25.8,2019-10-01T02:53,2019-10-01T14:57,43472.74,42828.01,,,0.2,,0.0,0.2,2.0,,23.09,6.06,64.0,17.1,6.06,50.0,0.0,1010.7,960.2,,8.7,0.15,32.6,10192X0095/P21B
1370,274,2019-10-02,4.811397298,43.539904887,53.0,31.9,24.6,34.5,26.7,2019-10-02T02:53,2019-10-02T14:57,43457.2,39209.43,,,1.9,,0.0,1.9,6.0,,20.1,5.1,68.0,19.5,5.1,63.0,0.0,1012.3,961.5,,10.1,0.153,32.5,10192X0095/P21B
1371,275,2019-10-03,4.811397298,43.539904887,63.0,31.3,23.4,33.5,25.6,2019-10-03T02:52,2019-10-03T14:57,43441.74,37341.59,,,11.9,,0.0,11.9,14.0,,17.25,3.98,75.0,20.4,3.98,72.0,0.0,1012.5,961.5,,9.0,0.156,32.1,10192X0095/P21B
1372,276,2019-10-04,4.811397298,43.539904887,53.0,29.4,22.9,34.9,26.1,2019-10-04T02:52,2019-10-04T14:56,43426.37,40549.49,,,2.0,,0.0,2.0,5.0,,22.07,4.58,53.0,20.8,4.58,76.0,0.0,1012.3,961.2,,6.0,0.16,31.5,10192X0095/P21B
1373,277,2019-10-05,4.811397298,43.539904887,63.0,29.5,22.2,33.6,24.9,2019-10-05T02:52,2019-10-05T14:56,43411.11,32400.0,,,11.9,,0.0,11.9,10.0,,18.53,3.75,74.0,21.4,3.75,83.0,0.0,1012.4,961.2,,9.7,0.164,31.0,10192X0095/P21B
1374,278,2019-10-06,4.811397298,43.539904887,63.0,26.7,21.7,29.0,23.9,2019-10-06T02:52,2019-10-06T14:55,43395.94,15936.67,,,13.7,,0.0,13.7,15.0,,13.05,2.61,95.0,21.1,2.61,86.0,0.0,1012.6,961.2,,12.7,0.19,30.2,10192X0095/P21B
1375,279,2019-10-07,4.811397298,43.539904887,65.0,27.3,21.6,33.1,24.1,2019-10-07T02:52,2019-10-07T14:55,43380.76,21875.95,,,13.4,,0.0,13.4,14.0,,17.45,3.28,94.0,21.4,3.28,87.0,0.0,1012.0,960.7,,12.7,0.193,29.8,10192X0095/P21B
1376,280,2019-10-08,4.811397298,43.539904887,53.0,26.8,22.2,30.4,25.1,2019-10-08T02:52,2019-10-08T14:54,43365.55,42691.82,,,2.3,,0.0,2.3,7.0,,20.84,3.92,68.0,21.4,3.92,84.0,0.0,1011.8,960.5,,9.6,0.194,29.6,10192X0095/P21B
1377,281,2019-10-09,4.811397298,43.539904887,61.0,27.0,21.8,31.2,24.9,2019-10-09T02:52,2019-10-09T14:54,43350.32,40112.28,,,4.1,,0.0,4.1,11.0,,18.24,3.61,61.0,21.3,3.61,84.0,0.0,1012.3,961.0,,5.5,0.2,29.4,10192X0095/P21B
1378,282,2019-10-10,4.811397298,43.539904887,63.0,27.9,21.3,32.9,24.7,2019-10-10T02:51,2019-10-10T14:54,43335.09,28975.13,,,9.6,,0.0,9.6,16.0,,18.19,3.59,79.0,21.3,3.59,86.0,0.0,1012.6,961.2,,6.0,0.207,29.2,10192X0095/P21B
1379,283,2019-10-11,4.811397298,43.539904887,61.0,27.9,21.8,34.0,24.9,2019-10-11T02:51,2019-10-11T14:53,43319.88,34127.71,,,9.5,,0.0,9.5,14.0,,18.7,3.67,86.0,21.6,3.67,86.0,0.0,1012.0,960.6,,5.4,0.214,29.0,10192X0095/P21B
1380,284,2019-10-12,4.811397298,43.539904887,55.0,28.0,22.1,31.3,25.5,2019-10-12T02:51,2019-10-12T14:53,43304.68,39002.09,,,7.1,,0.0,7.1,16.0,,17.83,3.45,55.0,21.6,3.45,85.0,0.0,1011.2,960.0,,9.0,0.218,28.8,10192X0095/P21B
1381,285,2019-10-13,4.811397298,43.539904887,61.0,27.4,21.7,32.1,25.0,2019-10-13T02:51,2019-10-13T14:53,43289.51,39072.94,,,4.7,,0.0,4.7,12.0,,18.85,3.58,62.0,21.6,3.58,86.0,0.0,1011.7,960.4,,8.6,0.22,28.5,10192X0095/P21B
1382,286,2019-10-14,4.811397298,43.539904887,53.0,27.4,21.7,32.1,24.9,2019-10-14T02:51,2019-10-14T14:52,43274.39,42551.89,,,2.1,,0.0,2.1,13.0,,19.69,3.79,61.0,21.8,3.79,86.0,0.0,1012.5,961.2,,9.6,0.221,28.3,10192X0095/P21B
1383,287,2019-10-15,4.811397298,43.539904887,55.0,28.7,21.8,32.6,24.6,2019-10-15T02:51,2019-10-15T14:52,43259.31,42529.94,,,3.2,,0.0,3.2,11.0,,21.29,4.01,35.0,22.0,4.01,85.0,0.0,1011.6,960.4,,10.8,0.218,28.2,10192X0095/P21B
1384,288,2019-10-16,4.811397298,43.539904887,55.0,28.3,21.9,33.6,24.5,2019-10-16T02:51,2019-10-16T14:51,43244.31,36000.0,,,4.5,,0.0,4.5,10.0,,22.05,4.19,60.0,21.8,4.19,85.0,0.0,1011.5,960.3,,9.5,0.217,28.2,10192X0095/P21B
1385,289,2019-10-17,4.811397298,43.539904887,61.0,27.8,21.7,32.5,24.6,2019-10-17T02:51,2019-10-17T14:51,43229.39,40029.42,,,2.5,,0.0,2.5,6.0,,19.32,3.79,66.0,21.5,3.79,83.0,0.0,1011.9,960.7,,8.2,0.215,28.2,10192X0095/P21B
1386,290,2019-10-18,4.811397298,43.539904887,53.0,27.5,21.9,31.7,25.2,2019-10-18T02:50,2019-10-18T14:51,43214.55,36169.73,,,2.5,,0.0,2.5,11.0,,19.61,3.58,70.0,21.9,3.58,86.0,0.0,1011.6,960.3,,10.7,0.213,28.1,10192X0095/P21B
1387,291,2019-10-19,4.811397298,43.539904887,63.0,26.5,22.0,30.6,25.3,2019-10-19T02:50,2019-10-19T14:50,43199.8,13710.96,,,16.2,,0.0,16.2,17.0,,10.89,2.21,98.0,21.2,2.21,88.0,0.0,1012.8,961.3,,6.5,0.223,27.9,10192X0095/P21B
1388,292,2019-10-20,4.811397298,43.539904887,61.0,27.2,22.3,32.1,25.5,2019-10-20T02:50,2019-10-20T14:50,43185.18,29270.14,,,2.8,,0.0,2.8,5.0,,16.05,3.13,89.0,21.9,3.13,87.0,0.0,1012.3,961.0,,9.9,0.227,27.7,10192X0095/P21B
1389,293,2019-10-21,4.811397298,43.539904887,55.0,27.4,22.3,31.5,25.4,2019-10-21T02:50,2019-10-21T14:50,43170.68,40781.38,,,3.3,,0.0,3.3,9.0,,19.66,3.74,62.0,22.0,3.74,86.0,0.0,1011.0,959.8,,10.5,0.226,27.7,10192X0095/P21B
1390,294,2019-10-22,4.811397298,43.539904887,51.0,29.1,22.3,34.2,26.1,2019-10-22T02:50,2019-10-22T14:50,43156.32,42205.81,,,0.3,,0.0,0.3,3.0,,20.91,4.17,68.0,22.1,4.17,83.0,0.0,1010.1,959.1,,6.1,0.222,27.8,10192X0095/P21B
1391,295,2019-10-23,4.811397298,43.539904887,53.0,28.5,22.3,34.0,25.7,2019-10-23T02:50,2019-10-23T14:49,43142.1,40096.75,,,1.1,,0.0,1.1,3.0,,18.33,3.72,60.0,21.6,3.72,82.0,0.0,1010.7,959.6,,7.6,0.22,27.9,10192X0095/P21B
1392,296,2019-10-24,4.811397298,43.539904887,51.0,29.1,22.5,33.7,25.7,2019-10-24T02:50,2019-10-24T14:49,43128.06,36194.01,,,0.4,,0.0,0.4,2.0,,19.97,4.13,59.0,21.6,4.13,80.0,0.0,1011.9,960.8,,7.6,0.217,27.9,10192X0095/P21B
1393,297,2019-10-25,4.811397298,43.539904887,2.0,29.1,21.5,35.2,25.2,2019-10-25T02:50,2019-10-25T14:49,43114.17,42349.92,,,0.0,,0.0,0.0,0.0,,21.06,4.26,23.0,21.8,4.26,80.0,0.0,1011.6,960.6,,6.3,0.213,28.0,10192X0095/P21B
1394,298,2019-10-26,4.811397298,43.539904887,51.0,29.2,22.3,35.3,25.2,2019-10-26T02:50,2019-10-26T14:49,43100.46,42336.99,,,1.4,,0.0,1.4,11.0,,21.06,4.33,28.0,21.9,4.33,81.0,0.0,1011.0,960.0,,9.1,0.21,28.1,10192X0095/P21B
1395,299,2019-10-27,4.811397298,43.539904887,53.0,27.5,22.4,31.5,25.5,2019-10-27T02:50,2019-10-27T14:48,43086.8,41318.33,,,3.9,,0.0,3.9,16.0,,18.62,3.57,88.0,21.9,3.57,85.0,0.0,1010.7,959.5,,9.9,0.21,28.0,10192X0095/P21B
1396,300,2019-10-28,4.811397298,43.539904887,63.0,27.6,21.8,33.8,24.9,2019-10-28T02:50,2019-10-28T14:48,43073.17,41342.21,,,6.8,,0.0,6.8,11.0,,18.94,3.61,55.0,21.9,3.61,87.0,0.0,1010.5,959.3,,7.5,0.217,27.9,10192X0095/P21B
1397,301,2019-10-29,4.811397298,43.539904887,51.0,29.2,21.7,34.3,25.0,2019-10-29T02:50,2019-10-29T14:48,43059.59,42302.14,,,0.3,,0.0,0.3,2.0,,22.51,4.45,18.0,21.7,4.45,82.0,0.0,1010.5,959.4,,8.6,0.216,27.8,10192X0095/P21B
1398,302,2019-10-30,4.811397298,43.539904887,61.0,28.7,22.0,32.9,25.1,2019-10-30T02:50,2019-10-30T14:48,43046.07,42061.4,,,2.5,,0.0,2.5,6.0,,18.16,3.62,51.0,21.8,3.62,83.0,0.0,1011.3,960.2,,6.3,0.213,28.0,10192X0095/P21B
1399,303,2019-10-31,4.811397298,43.539904887,51.0,28.4,22.4,32.2,25.1,2019-10-31T02:50,2019-10-31T14:48,43032.63,41833.36,,,0.3,,0.0,0.3,3.0,,18.68,3.73,44.0,21.9,3.73,83.0,0.0,1012.1,960.9,,11.0,0.21,27.9,10192X0095/P21B
1400,304,2019-11-01,4.811397298,43.539904887,51.0,29.3,21.9,32.6,24.4,2019-11-01T02:51,2019-11-01T14:48,43019.27,42273.45,,,0.4,,0.0,0.4,4.0,,22.01,4.56,18.0,21.5,4.56,80.0,0.0,1011.4,960.3,,15.7,0.208,27.8,10192X0095/P21B
1401,305,2019-11-02,4.811397298,43.539904887,51.0,28.7,22.0,30.9,23.2,2019-11-02T02:51,2019-11-02T14:47,43006.02,42091.32,,,0.2,,0.0,0.2,2.0,,20.87,4.36,44.0,20.8,4.36,79.0,0.0,1011.5,960.3,,17.4,0.204,27.7,10192X0095/P21B
1402,306,2019-11-03,4.811397298,43.539904887,3.0,28.7,20.8,31.0,22.8,2019-11-03T02:51,2019-11-03T14:47,42992.89,41382.63,,,0.0,,0.0,0.0,0.0,,20.5,4.33,72.0,20.5,4.33,77.0,0.0,1012.6,961.4,,14.9,0.2,27.6,10192X0095/P21B
1403,307,2019-11-04,4.811397298,43.539904887,63.0,27.6,21.6,30.3,24.0,2019-11-04T02:51,2019-11-04T14:47,42979.88,40911.17,,,6.1,,0.0,6.1,7.0,,18.82,3.76,63.0,21.1,3.76,81.0,0.0,1013.1,961.9,,12.0,0.198,27.6,10192X0095/P21B
1404,308,2019-11-05,4.811397298,43.539904887,51.0,27.8,21.8,32.7,25.4,2019-11-05T02:51,2019-11-05T14:47,42967.02,36727.71,,,2.0,,0.0,2.0,10.0,,17.23,3.48,86.0,21.3,3.48,85.0,0.0,1012.7,961.3,,8.2,0.198,27.6,10192X0095/P21B
1405,309,2019-11-06,4.811397298,43.539904887,63.0,25.9,21.5,29.0,24.7,2019-11-06T02:51,2019-11-06T14:47,42954.31,23214.12,,,17.1,,0.0,17.1,18.0,,12.96,2.52,86.0,21.2,2.52,87.0,0.0,1012.4,961.0,,8.4,0.206,27.4,10192X0095/P21B
1406,310,2019-11-07,4.811397298,43.539904887,63.0,28.0,21.9,34.3,25.2,2019-11-07T02:51,2019-11-07T14:47,42941.77,39600.0,,,7.3,,0.0,7.3,12.0,,19.01,3.8,69.0,21.4,3.8,84.0,0.0,1012.9,961.6,,4.8,0.214,27.5,10192X0095/P21B
1407,311,2019-11-08,4.811397298,43.539904887,51.0,28.5,22.0,34.6,25.8,2019-11-08T02:51,2019-11-08T14:47,42929.42,41901.07,,,1.2,,0.0,1.2,7.0,,21.3,4.21,30.0,21.6,4.21,84.0,0.0,1013.1,961.8,,5.6,0.216,27.6,10192X0095/P21B
1408,312,2019-11-09,4.811397298,43.539904887,63.0,28.0,22.2,32.9,25.4,2019-11-09T02:52,2019-11-09T14:47,42917.26,35752.19,,,5.7,,0.0,5.7,12.0,,18.06,3.51,71.0,21.9,3.51,87.0,0.0,1012.7,961.3,,6.0,0.224,27.5,10192X0095/P21B
1409,313,2019-11-10,4.811397298,43.539904887,63.0,27.9,21.8,34.8,25.1,2019-11-10T02:52,2019-11-10T14:47,42905.33,35329.2,,,5.5,,0.0,5.5,9.0,,16.21,3.33,68.0,21.6,3.33,85.0,0.0,1010.9,959.7,,7.3,0.232,27.4,10192X0095/P21B
1410,314,2019-11-11,4.811397298,43.539904887,51.0,28.3,21.7,31.5,22.7,2019-11-11T02:52,2019-11-11T14:47,42893.62,42230.36,,,0.1,,0.0,0.1,1.0,,22.84,4.77,65.0,20.2,4.77,78.0,0.0,1009.9,958.7,,14.6,0.229,27.2,10192X0095/P21B
1411,315,2019-11-12,4.811397298,43.539904887,3.0,28.4,20.8,31.1,21.6,2019-11-12T02:52,2019-11-12T14:47,42882.15,42231.11,,,0.0,,0.0,0.0,0.0,,23.66,4.79,55.0,19.5,4.79,77.0,0.0,1010.5,959.2,,15.7,0.225,27.0,10192X0095/P21B
1412,316,2019-11-13,4.811397298,43.539904887,3.0,29.1,19.9,30.1,20.7,2019-11-13T02:52,2019-11-13T14:47,42870.94,41443.59,,,0.0,,0.0,0.0,0.0,,24.18,5.16,54.0,18.9,5.16,72.0,0.0,1011.4,960.1,,16.6,0.222,26.8,10192X0095/P21B
1413,317,2019-11-14,4.811397298,43.539904887,3.0,28.7,19.7,30.9,19.9,2019-11-14T02:53,2019-11-14T14:47,42860.0,42235.67,,,0.0,,0.0,0.0,0.0,,24.14,5.11,44.0,19.0,5.11,73.0,0.0,1012.2,960.9,,15.5,0.218,26.8,10192X0095/P21B
1414,318,2019-11-15,4.811397298,43.539904887,3.0,28.9,21.0,30.6,21.3,2019-11-15T02:53,2019-11-15T14:47,42849.33,42239.54,,,0.0,,0.0,0.0,0.0,,24.16,5.13,41.0,19.1,5.13,73.0,0.0,1011.5,960.2,,15.6,0.214,26.7,10192X0095/P21B
1415,319,2019-11-16,4.811397298,43.539904887,0.0,30.0,20.6,30.6,21.1,2019-11-16T02:53,2019-11-16T14:47,42838.82,42244.55,,,0.0,,0.0,0.0,0.0,,24.89,5.73,1.0,18.2,5.73,68.0,0.0,1010.0,958.9,,19.2,0.209,26.7,10192X0095/P21B
1416,320,2019-11-17,4.811397298,43.539904887,3.0,30.0,20.5,30.2,20.9,2019-11-17T02:53,2019-11-17T14:47,42828.45,42250.65,,,0.0,,0.0,0.0,0.0,,24.77,5.79,40.0,18.1,5.79,67.0,0.0,1010.6,959.5,,19.3,0.204,26.8,10192X0095/P21B
1417,321,2019-11-18,4.811397298,43.539904887,3.0,31.7,22.0,31.2,23.4,2019-11-18T02:54,2019-11-18T14:47,42818.24,38594.06,,,0.0,,0.0,0.0,0.0,,20.07,5.25,61.0,19.7,5.25,69.0,0.0,1011.6,960.7,,18.3,0.2,27.0,10192X0095/P21B
1418,322,2019-11-19,4.811397298,43.539904887,51.0,30.3,22.0,32.4,25.0,2019-11-19T02:54,2019-11-19T14:47,42808.21,37748.32,,,2.0,,0.0,2.0,13.0,,18.46,4.26,79.0,21.0,4.26,77.0,0.0,1011.7,960.6,,14.1,0.197,27.3,10192X0095/P21B
1419,323,2019-11-20,4.811397298,43.539904887,61.0,30.4,21.6,33.8,25.6,2019-11-20T02:54,2019-11-20T14:48,42798.35,42192.74,,,4.6,,0.0,4.6,8.0,,21.34,4.75,41.0,20.3,4.75,73.0,0.0,1010.5,959.5,,8.2,0.195,27.5,10192X0095/P21B
1420,324,2019-11-21,4.811397298,43.539904887,53.0,29.1,22.5,32.1,26.1,2019-11-21T02:55,2019-11-21T14:48,42788.69,41209.42,,,3.4,,0.0,3.4,14.0,,18.23,3.87,52.0,21.1,3.87,79.0,0.0,1010.5,959.5,,8.2,0.195,27.6,10192X0095/P21B
1421,325,2019-11-22,4.811397298,43.539904887,61.0,29.2,22.3,31.5,25.2,2019-11-22T02:55,2019-11-22T14:48,42779.23,41208.2,,,2.5,,0.0,2.5,5.0,,17.49,3.74,49.0,21.5,3.74,81.0,0.0,1011.1,960.0,,12.5,0.199,27.4,10192X0095/P21B
1422,326,2019-11-23,4.811397298,43.539904887,51.0,28.9,22.4,30.1,24.1,2019-11-23T02:55,2019-11-23T14:48,42769.99,42308.4,,,0.3,,0.0,0.3,2.0,,19.51,4.34,35.0,20.5,4.34,77.0,0.0,1011.2,960.1,,18.4,0.196,27.2,10192X0095/P21B
1423,327,2019-11-24,4.811397298,43.539904887,55.0,29.1,22.1,31.2,23.4,2019-11-24T02:56,2019-11-24T14:48,42760.99,36309.92,,,2.2,,0.0,2.2,11.0,,19.59,4.23,81.0,21.1,4.23,80.0,0.0,1011.6,960.4,,19.3,0.193,27.2,10192X0095/P21B
1424,328,2019-11-25,4.811397298,43.539904887,53.0,26.4,22.4,29.6,24.7,2019-11-25T02:56,2019-11-25T14:49,42752.23,9039.91,,,4.9,,0.0,4.9,16.0,,9.93,2.16,100.0,21.5,2.16,86.0,0.0,1012.0,960.7,,11.8,0.194,26.9,10192X0095/P21B
1425,329,2019-11-26,4.811397298,43.539904887,55.0,26.5,21.8,28.8,25.6,2019-11-26T02:56,2019-11-26T14:49,42743.74,4244.9,,,2.5,,0.0,2.5,9.0,,8.36,1.89,100.0,21.3,1.89,87.0,0.0,1012.4,961.0,,7.2,0.192,26.8,10192X0095/P21B
1426,330,2019-11-27,4.811397298,43.539904887,51.0,29.3,21.0,30.7,22.7,2019-11-27T02:57,2019-11-27T14:49,42735.51,28220.71,,,0.1,,0.0,0.1,1.0,,17.57,4.23,91.0,19.9,4.23,77.0,0.0,1011.7,960.4,,15.1,0.189,26.9,10192X0095/P21B
1427,331,2019-11-28,4.811397298,43.539904887,3.0,29.8,21.4,30.8,21.0,2019-11-28T02:57,2019-11-28T14:49,42727.56,42306.75,,,0.0,,0.0,0.0,0.0,,21.88,5.5,48.0,17.8,5.5,65.0,0.0,1012.1,960.9,,18.2,0.186,27.0,10192X0095/P21B
1428,332,2019-11-29,4.811397298,43.539904887,3.0,30.6,18.9,31.0,20.0,2019-11-29T02:58,2019-11-29T14:50,42719.92,42298.79,,,0.0,,0.0,0.0,0.0,,23.88,5.94,60.0,15.3,5.94,56.0,0.0,1012.1,961.0,,12.6,0.183,27.2,10192X0095/P21B
1429,333,2019-11-30,4.811397298,43.539904887,3.0,31.6,21.3,31.5,21.5,2019-11-30T02:58,2019-11-30T14:50,42712.58,42291.13,,,0.0,,0.0,0.0,0.0,,24.16,6.5,44.0,14.4,6.5,52.0,0.0,1011.8,960.8,,14.2,0.18,27.6,10192X0095/P21B
1430,334,2019-12-01,4.811397298,43.539904887,3.0,32.0,19.8,32.0,19.7,2019-12-01T02:58,2019-12-01T14:50,42705.57,42283.8,,,0.0,,0.0,0.0,0.0,,24.23,6.35,22.0,13.1,6.35,48.0,0.0,1011.3,960.3,,12.7,0.179,27.9,10192X0095/P21B
1431,335,2019-12-02,4.811397298,43.539904887,3.0,32.7,20.1,34.4,21.9,2019-12-02T02:59,2019-12-02T14:51,42698.9,42276.79,,,0.0,,0.0,0.0,0.0,,22.52,5.46,55.0,15.5,5.46,53.0,0.0,1010.3,959.5,,8.6,0.178,28.4,10192X0095/P21B
1432,336,2019-12-03,4.811397298,43.539904887,3.0,32.8,22.0,34.4,23.3,2019-12-03T02:59,2019-12-03T14:51,42692.57,42270.14,,,0.0,,0.0,0.0,0.0,,21.04,5.3,70.0,16.5,5.3,52.0,0.0,1009.5,959.0,,8.7,0.178,28.9,10192X0095/P21B
1433,337,2019-12-04,4.811397298,43.539904887,51.0,32.9,22.1,33.7,24.8,2019-12-04T03:00,2019-12-04T14:51,42686.61,42263.86,,,0.1,,0.0,0.1,1.0,,20.62,5.42,73.0,16.7,5.42,54.0,0.0,1009.8,959.2,,9.8,0.177,29.1,10192X0095/P21B
1434,338,2019-12-05,4.811397298,43.539904887,3.0,33.6,21.7,31.4,22.2,2019-12-05T03:00,2019-12-05T14:52,42681.01,42258.1,,,0.0,,0.0,0.0,0.0,,24.17,7.14,88.0,12.2,7.14,43.0,0.0,1010.3,959.6,,14.3,0.176,29.3,10192X0095/P21B
1435,339,2019-12-06,4.811397298,43.539904887,3.0,34.1,20.7,32.4,22.5,2019-12-06T03:01,2019-12-06T14:52,42675.71,42252.87,,,0.0,,0.0,0.0,0.0,,24.15,6.93,69.0,11.8,6.93,42.0,0.0,1009.5,958.9,,11.7,0.176,29.4,10192X0095/P21B
1436,340,2019-12-07,4.811397298,43.539904887,3.0,33.7,22.3,33.8,24.5,2019-12-07T03:01,2019-12-07T14:52,42670.7,41081.04,,,0.0,,0.0,0.0,0.0,,23.6,7.41,71.0,16.1,7.41,49.0,0.0,1009.4,958.9,,16.8,0.177,29.7,10192X0095/P21B
1437,341,2019-12-08,4.811397298,43.539904887,53.0,29.0,23.3,31.3,25.6,2019-12-08T03:02,2019-12-08T14:53,42665.98,30191.29,,,2.4,,0.0,2.4,8.0,,14.36,3.78,97.0,19.5,3.78,68.0,0.0,1010.8,959.9,,11.0,0.177,29.6,10192X0095/P21B
1438,342,2019-12-09,4.811397298,43.539904887,51.0,31.7,22.7,31.1,24.4,2019-12-09T03:02,2019-12-09T14:53,42661.56,42238.78,,,0.6,,0.0,0.6,2.0,,21.16,5.91,50.0,18.5,5.91,63.0,0.0,1011.1,960.3,,18.9,0.177,29.5,10192X0095/P21B
1439,343,2019-12-10,4.811397298,43.539904887,51.0,31.8,22.7,32.7,24.5,2019-12-10T03:02,2019-12-10T14:53,42657.43,42234.64,,,1.1,,0.0,1.1,8.0,,19.9,5.17,51.0,19.8,5.17,68.0,0.0,1011.4,960.5,,16.5,0.176,29.5,10192X0095/P21B
1440,344,2019-12-11,4.811397298,43.539904887,3.0,31.6,21.9,32.4,24.0,2019-12-11T03:03,2019-12-11T14:54,42653.62,41932.76,,,0.0,,0.0,0.0,0.0,,21.32,5.48,61.0,18.7,5.48,64.0,0.0,1011.2,960.4,,13.6,0.176,29.5,10192X0095/P21B
1441,345,2019-12-12,4.811397298,43.539904887,61.0,31.2,21.6,33.2,24.3,2019-12-12T03:03,2019-12-12T14:54,42650.11,42227.23,,,1.5,,0.0,1.5,2.0,,19.32,4.68,25.0,19.7,4.68,68.0,0.0,1011.2,960.3,,10.6,0.176,29.7,10192X0095/P21B
1442,346,2019-12-13,4.811397298,43.539904887,55.0,30.8,22.0,33.3,25.4,2019-12-13T03:04,2019-12-13T14:55,42646.92,41346.51,,,3.7,,0.0,3.7,11.0,,19.91,4.45,26.0,20.6,4.45,75.0,0.0,1012.5,961.4,,10.0,0.178,29.7,10192X0095/P21B
1443,347,2019-12-14,4.811397298,43.539904887,0.0,31.4,21.1,32.0,24.1,2019-12-14T03:05,2019-12-14T14:55,42644.06,42221.0,,,0.0,,0.0,0.0,0.0,,22.87,5.7,3.0,18.4,5.7,65.0,0.0,1013.3,962.2,,12.9,0.179,29.6,10192X0095/P21B
1444,348,2019-12-15,4.811397298,43.539904887,1.0,32.2,20.7,31.4,21.6,2019-12-15T03:05,2019-12-15T14:56,42641.51,42218.35,,,0.0,,0.0,0.0,0.0,,21.71,6.01,9.0,17.0,6.01,59.0,0.0,1012.4,961.4,,16.6,0.178,29.5,10192X0095/P21B
1445,349,2019-12-16,4.811397298,43.539904887,3.0,31.3,20.7,31.1,21.0,2019-12-16T03:06,2019-12-16T14:56,42639.31,42216.02,,,0.0,,0.0,0.0,0.0,,22.55,6.51,19.0,16.2,6.51,56.0,0.0,1011.5,960.6,,18.7,0.178,29.6,10192X0095/P21B
1446,350,2019-12-17,4.811397298,43.539904887,0.0,32.2,21.0,30.3,20.5,2019-12-17T03:06,2019-12-17T14:57,42637.43,42214.0,,,0.0,,0.0,0.0,0.0,,24.3,7.63,0.0,13.7,7.63,47.0,0.0,1011.2,960.4,,21.9,0.177,29.6,10192X0095/P21B
1447,351,2019-12-18,4.811397298,43.539904887,1.0,32.0,20.5,29.9,18.6,2019-12-18T03:07,2019-12-18T14:57,42635.9,42212.31,,,0.0,,0.0,0.0,0.0,,24.45,7.66,4.0,13.3,7.66,46.0,0.0,1012.4,961.4,,21.8,0.177,29.6,10192X0095/P21B
1448,352,2019-12-19,4.811397298,43.539904887,3.0,32.3,22.1,30.8,21.3,2019-12-19T03:07,2019-12-19T14:58,42634.71,37721.79,,,0.0,,0.0,0.0,0.0,,18.55,6.44,51.0,16.8,6.44,54.0,0.0,1012.1,961.3,,21.8,0.177,29.6,10192X0095/P21B
1449,353,2019-12-20,4.811397298,43.539904887,51.0,31.8,23.5,30.5,23.9,2019-12-20T03:08,2019-12-20T14:58,42633.87,35706.64,,,0.1,,0.0,0.1,1.0,,19.41,6.26,59.0,16.6,6.26,54.0,0.0,1012.1,961.3,,19.1,0.177,29.8,10192X0095/P21B
1450,354,2019-12-21,4.811397298,43.539904887,2.0,32.0,21.7,30.5,20.5,2019-12-21T03:08,2019-12-21T14:59,42633.39,42209.22,,,0.0,,0.0,0.0,0.0,,22.82,7.68,14.0,14.3,7.68,47.0,0.0,1011.8,961.0,,24.1,0.177,29.8,10192X0095/P21B
1451,355,2019-12-22,4.811397298,43.539904887,3.0,31.6,21.9,31.3,21.4,2019-12-22T03:09,2019-12-22T14:59,42633.26,42208.88,,,0.0,,0.0,0.0,0.0,,23.25,6.96,21.0,15.1,6.96,50.0,0.0,1012.9,962.0,,19.7,0.178,29.9,10192X0095/P21B
1452,356,2019-12-23,4.811397298,43.539904887,0.0,31.7,21.4,31.0,20.2,2019-12-23T03:09,2019-12-23T15:00,42633.49,42208.87,,,0.0,,0.0,0.0,0.0,,23.9,7.36,0.0,13.0,7.36,44.0,0.0,1012.5,961.6,,19.1,0.177,29.9,10192X0095/P21B
1453,357,2019-12-24,4.811397298,43.539904887,3.0,32.0,21.6,31.1,19.6,2019-12-24T03:10,2019-12-24T15:00,42634.08,42209.22,,,0.0,,0.0,0.0,0.0,,24.07,7.38,19.0,13.1,7.38,44.0,0.0,1012.1,961.2,,18.5,0.177,29.9,10192X0095/P21B
1454,358,2019-12-25,4.811397298,43.539904887,3.0,32.4,20.5,30.6,19.5,2019-12-25T03:10,2019-12-25T15:01,42635.05,42210.14,,,0.0,,0.0,0.0,0.0,,24.31,7.67,18.0,11.9,7.67,42.0,0.0,1011.1,960.2,,19.5,0.177,29.9,10192X0095/P21B
1455,359,2019-12-26,4.811397298,43.539904887,0.0,31.8,20.4,30.0,18.3,2019-12-26T03:10,2019-12-26T15:01,42636.4,42211.73,,,0.0,,0.0,0.0,0.0,,24.05,7.4,0.0,12.3,7.4,43.0,0.0,1010.9,960.0,,19.7,0.177,29.8,10192X0095/P21B
1456,360,2019-12-27,4.811397298,43.539904887,0.0,32.9,20.9,29.6,18.9,2019-12-27T03:11,2019-12-27T15:02,42638.12,42213.69,,,0.0,,0.0,0.0,0.0,,24.24,8.2,0.0,9.8,8.2,36.0,0.0,1009.6,958.8,,20.3,0.176,29.8,10192X0095/P21B
1457,361,2019-12-28,4.811397298,43.539904887,3.0,32.6,20.6,30.3,17.4,2019-12-28T03:11,2019-12-28T15:02,42640.21,42216.01,,,0.0,,0.0,0.0,0.0,,24.27,7.92,56.0,11.6,7.92,39.0,0.0,1009.6,958.9,,19.8,0.176,29.8,10192X0095/P21B
1458,362,2019-12-29,4.811397298,43.539904887,3.0,32.5,22.0,31.1,22.5,2019-12-29T03:12,2019-12-29T15:02,42642.65,42218.68,,,0.0,,0.0,0.0,0.0,,23.5,7.18,94.0,16.5,7.18,53.0,0.0,1010.2,959.6,,23.4,0.176,29.9,10192X0095/P21B
1459,363,2019-12-30,4.811397298,43.539904887,3.0,33.6,22.8,30.8,24.2,2019-12-30T03:12,2019-12-30T15:03,42645.46,41888.21,,,0.0,,0.0,0.0,0.0,,20.05,7.1,52.0,16.3,7.1,52.0,0.0,1011.5,960.8,,23.4,0.176,30.0,10192X0095/P21B
1460,364,2019-12-31,4.811397298,43.539904887,3.0,33.4,23.1,32.4,22.1,2019-12-31T03:13,2019-12-31T15:04,42648.62,42194.84,,,0.0,,0.0,0.0,0.0,,23.81,7.86,6.0,15.2,7.86,46.0,0.0,1011.5,961.0,,21.5,0.176,30.1,10192X0095/P21B
1461,0,2020-01-01,4.811397298,43.539904887,3.0,32.1,23.8,31.0,23.7,2020-01-01T03:13,2020-01-01T15:04,42652.11,42167.6,,,0.0,,0.0,0.0,0.0,,21.95,7.39,9.0,16.6,7.39,50.0,0.0,1011.5,960.9,,22.6,0.175,30.3,10192X0095/P21B
1462,1,2020-01-02,4.811397298,43.539904887,3.0,33.0,22.8,31.3,23.3,2020-01-02T03:14,2020-01-02T15:05,42655.94,42140.64,,,0.0,,0.0,0.0,0.0,,21.11,7.42,48.0,15.5,7.42,47.0,0.0,1012.5,961.9,,21.3,0.175,30.3,10192X0095/P21B
1463,2,2020-01-03,4.811397298,43.539904887,3.0,32.8,25.0,30.2,24.3,2020-01-03T03:14,2020-01-03T15:05,42660.1,37086.38,,,0.0,,0.0,0.0,0.0,,17.88,7.43,70.0,13.6,7.43,41.0,0.0,1013.2,962.6,,21.0,0.175,30.4,10192X0095/P21B
1464,3,2020-01-04,4.811397298,43.539904887,3.0,33.3,22.8,31.9,22.6,2020-01-04T03:14,2020-01-04T15:06,42664.57,42087.87,,,0.0,,0.0,0.0,0.0,,22.42,7.57,46.0,12.8,7.57,39.0,0.0,1011.9,961.3,,17.5,0.175,30.5,10192X0095/P21B
1465,4,2020-01-05,4.811397298,43.539904887,1.0,33.7,23.2,34.4,23.8,2020-01-05T03:15,2020-01-05T15:06,42669.36,41877.01,,,0.0,,0.0,0.0,0.0,,23.79,7.38,5.0,15.1,7.38,45.0,0.0,1010.3,959.9,,15.8,0.175,30.8,10192X0095/P21B
1466,5,2020-01-06,4.811397298,43.539904887,0.0,33.9,23.2,33.5,24.7,2020-01-06T03:15,2020-01-06T15:07,42674.46,42037.12,,,0.0,,0.0,0.0,0.0,,23.02,7.45,4.0,16.4,7.45,49.0,0.0,1010.8,960.4,,18.4,0.175,31.0,10192X0095/P21B
1467,6,2020-01-07,4.811397298,43.539904887,51.0,32.6,23.9,32.5,25.5,2020-01-07T03:16,2020-01-07T15:07,42679.85,42012.71,,,0.3,,0.0,0.3,3.0,,21.95,7.04,67.0,17.9,7.04,54.0,0.0,1011.9,961.3,,21.2,0.175,31.0,10192X0095/P21B
1468,7,2020-01-08,4.811397298,43.539904887,3.0,32.6,23.7,30.6,23.4,2020-01-08T03:16,2020-01-08T15:08,42685.54,39654.8,,,0.0,,0.0,0.0,0.0,,21.34,7.12,88.0,15.5,7.12,49.0,0.0,1011.6,960.9,,21.6,0.174,30.9,10192X0095/P21B
1469,8,2020-01-09,4.811397298,43.539904887,3.0,32.8,21.7,31.6,20.6,2020-01-09T03:17,2020-01-09T15:08,42691.51,41966.19,,,0.0,,0.0,0.0,0.0,,24.69,7.65,13.0,13.2,7.65,43.0,0.0,1011.0,960.3,,19.9,0.174,30.8,10192X0095/P21B
1470,9,2020-01-10,4.811397298,43.539904887,0.0,33.7,22.4,33.0,20.4,2020-01-10T03:17,2020-01-10T15:09,42697.75,41944.23,,,0.0,,0.0,0.0,0.0,,24.64,7.9,0.0,12.0,7.9,39.0,0.0,1010.5,959.9,,17.3,0.174,30.9,10192X0095/P21B
1471,10,2020-01-11,4.811397298,43.539904887,3.0,35.0,22.5,35.6,23.0,2020-01-11T03:17,2020-01-11T15:09,42704.27,40679.89,,,0.0,,0.0,0.0,0.0,,23.53,7.65,61.0,14.1,7.65,41.0,0.0,1010.0,959.7,,14.3,0.174,31.2,10192X0095/P21B
1472,11,2020-01-12,4.811397298,43.539904887,51.0,33.2,23.6,33.5,24.6,2020-01-12T03:18,2020-01-12T15:09,42711.05,41903.32,,,0.2,,0.0,0.2,2.0,,22.57,6.94,17.0,17.9,6.94,53.0,0.0,1011.1,960.6,,18.5,0.174,31.3,10192X0095/P21B
1473,12,2020-01-13,4.811397298,43.539904887,51.0,32.6,24.3,32.3,23.4,2020-01-13T03:18,2020-01-13T15:10,42718.09,38995.84,,,0.2,,0.0,0.2,2.0,,20.23,6.93,23.0,17.1,6.93,52.0,0.0,1011.8,961.2,,22.2,0.174,31.1,10192X0095/P21B
1474,13,2020-01-14,4.811397298,43.539904887,3.0,31.1,23.0,29.5,23.1,2020-01-14T03:18,2020-01-14T15:10,42725.39,39340.06,,,0.0,,0.0,0.0,0.0,,17.23,6.2,33.0,16.0,6.2,51.0,0.0,1011.5,960.7,,21.6,0.174,30.9,10192X0095/P21B
1475,14,2020-01-15,4.811397298,43.539904887,2.0,32.3,21.9,30.7,19.6,2020-01-15T03:18,2020-01-15T15:11,42733.04,41697.25,,,0.0,,0.0,0.0,0.0,,24.51,8.33,4.0,12.2,8.33,42.0,0.0,1011.9,961.1,,24.0,0.173,30.8,10192X0095/P21B
1476,15,2020-01-16,4.811397298,43.539904887,0.0,31.8,20.3,28.8,16.9,2020-01-16T03:19,2020-01-16T15:11,42741.03,41834.01,,,0.0,,0.0,0.0,0.0,,24.85,9.13,0.0,7.4,9.13,33.0,0.0,1012.6,961.6,,26.3,0.173,30.6,10192X0095/P21B
1477,16,2020-01-17,4.811397298,43.539904887,2.0,31.2,19.8,27.3,15.4,2020-01-17T03:19,2020-01-17T15:11,42749.37,41818.53,,,0.0,,0.0,0.0,0.0,,25.15,9.42,8.0,5.2,9.42,28.0,0.0,1011.9,960.9,,25.5,0.173,30.4,10192X0095/P21B
1478,17,2020-01-18,4.811397298,43.539904887,3.0,32.2,19.9,29.4,16.9,2020-01-18T03:19,2020-01-18T15:12,42758.01,41707.62,,,0.0,,0.0,0.0,0.0,,25.2,8.66,37.0,10.5,8.66,39.0,0.0,1011.2,960.4,,26.2,0.173,30.3,10192X0095/P21B
1479,18,2020-01-19,4.811397298,43.539904887,3.0,32.2,21.0,30.3,19.6,2020-01-19T03:19,2020-01-19T15:12,42766.96,41710.2,,,0.0,,0.0,0.0,0.0,,25.05,8.15,33.0,12.1,8.15,41.0,0.0,1011.6,960.8,,22.2,0.173,30.4,10192X0095/P21B
1480,19,2020-01-20,4.811397298,43.539904887,3.0,33.4,21.3,30.6,19.0,2020-01-20T03:20,2020-01-20T15:13,42776.21,41712.27,,,0.0,,0.0,0.0,0.0,,25.2,8.69,48.0,10.7,8.69,37.0,0.0,1011.3,960.6,,23.1,0.173,30.4,10192X0095/P21B
1481,20,2020-01-21,4.811397298,43.539904887,3.0,33.6,21.6,29.8,18.7,2020-01-21T03:20,2020-01-21T15:13,42785.72,41468.13,,,0.0,,0.0,0.0,0.0,,25.39,8.98,33.0,9.3,8.98,34.0,0.0,1010.1,959.5,,23.1,0.172,30.4,10192X0095/P21B
1482,21,2020-01-22,4.811397298,43.539904887,3.0,33.2,21.3,30.8,19.3,2020-01-22T03:20,2020-01-22T15:13,42795.5,41469.71,,,0.0,,0.0,0.0,0.0,,25.27,8.61,50.0,11.7,8.61,39.0,0.0,1010.3,959.6,,23.8,0.172,30.4,10192X0095/P21B
1483,22,2020-01-23,4.811397298,43.539904887,3.0,34.3,23.0,32.7,21.7,2020-01-23T03:20,2020-01-23T15:14,42805.53,41470.86,,,0.0,,0.0,0.0,0.0,,24.8,8.35,50.0,15.1,8.35,44.0,0.0,1010.4,960.0,,23.4,0.172,30.6,10192X0095/P21B
1484,23,2020-01-24,4.811397298,43.539904887,3.0,34.9,24.1,34.6,24.2,2020-01-24T03:20,2020-01-24T15:14,42815.78,40247.99,,,0.0,,0.0,0.0,0.0,,22.89,7.99,88.0,16.6,7.99,47.0,0.0,1011.6,961.2,,22.0,0.172,30.8,10192X0095/P21B
1485,24,2020-01-25,4.811397298,43.539904887,3.0,33.2,24.6,32.0,24.6,2020-01-25T03:21,2020-01-25T15:14,42826.26,40983.15,,,0.0,,0.0,0.0,0.0,,19.22,7.04,68.0,17.6,7.04,51.0,0.0,1012.4,961.9,,24.2,0.171,30.9,10192X0095/P21B
1486,25,2020-01-26,4.811397298,43.539904887,3.0,33.5,24.6,31.8,24.9,2020-01-26T03:21,2020-01-26T15:15,42836.95,40983.74,,,0.0,,0.0,0.0,0.0,,20.44,7.37,37.0,17.0,7.37,49.0,0.0,1012.1,961.6,,23.5,0.171,30.9,10192X0095/P21B
1487,26,2020-01-27,4.811397298,43.539904887,51.0,33.1,24.2,31.9,24.0,2020-01-27T03:21,2020-01-27T15:15,42847.83,40983.87,,,0.3,,0.0,0.3,2.0,,22.05,7.47,78.0,16.5,7.47,49.0,0.0,1012.3,961.7,,22.1,0.171,30.9,10192X0095/P21B
1488,27,2020-01-28,4.811397298,43.539904887,3.0,32.8,23.1,31.8,22.0,2020-01-28T03:21,2020-01-28T15:15,42858.89,40497.18,,,0.0,,0.0,0.0,0.0,,24.57,7.98,73.0,14.4,7.98,45.0,0.0,1012.1,961.4,,23.1,0.171,31.0,10192X0095/P21B
1489,28,2020-01-29,4.811397298,43.539904887,3.0,32.7,21.5,31.1,19.8,2020-01-29T03:21,2020-01-29T15:16,42870.12,40982.84,,,0.0,,0.0,0.0,0.0,,25.03,7.86,51.0,12.9,7.86,43.0,0.0,1012.6,961.8,,21.4,0.171,31.0,10192X0095/P21B
1490,29,2020-01-30,4.811397298,43.539904887,3.0,32.7,21.2,32.0,19.8,2020-01-30T03:21,2020-01-30T15:16,42881.49,41224.07,,,0.0,,0.0,0.0,0.0,,25.54,8.02,72.0,12.1,8.02,41.0,0.0,1012.8,962.0,,20.2,0.171,31.0,10192X0095/P21B
1491,30,2020-01-31,4.811397298,43.539904887,3.0,33.1,21.3,31.7,19.3,2020-01-31T03:21,2020-01-31T15:16,42893.02,40979.98,,,0.0,,0.0,0.0,0.0,,24.6,8.06,78.0,12.3,8.06,41.0,0.0,1011.7,961.0,,21.9,0.171,30.9,10192X0095/P21B
1492,31,2020-02-01,4.811397298,43.539904887,3.0,33.3,21.3,32.6,19.8,2020-02-01T03:21,2020-02-01T15:16,42904.66,41219.55,,,0.0,,0.0,0.0,0.0,,24.26,7.81,60.0,12.0,7.81,39.0,0.0,1012.0,961.3,,19.5,0.171,31.0,10192X0095/P21B
1493,32,2020-02-02,4.811397298,43.539904887,3.0,33.3,22.1,33.1,20.3,2020-02-02T03:21,2020-02-02T15:17,42916.42,40251.36,,,0.0,,0.0,0.0,0.0,,25.12,8.46,43.0,12.9,8.46,40.0,0.0,1012.2,961.5,,21.2,0.171,31.1,10192X0095/P21B
1494,33,2020-02-03,4.811397298,43.539904887,0.0,32.1,21.2,30.9,19.5,2020-02-03T03:21,2020-02-03T15:17,42928.31,41213.23,,,0.0,,0.0,0.0,0.0,,25.68,8.03,1.0,12.9,8.03,43.0,0.0,1013.0,962.1,,22.3,0.171,31.0,10192X0095/P21B
1495,34,2020-02-04,4.811397298,43.539904887,3.0,32.6,21.4,30.7,20.5,2020-02-04T03:21,2020-02-04T15:17,42940.44,41209.28,,,0.0,,0.0,0.0,0.0,,25.78,8.61,55.0,11.8,8.61,40.0,0.0,1012.4,961.6,,23.0,0.171,31.0,10192X0095/P21B
1496,35,2020-02-05,4.811397298,43.539904887,3.0,33.6,21.3,31.8,20.1,2020-02-05T03:21,2020-02-05T15:17,42952.82,41204.82,,,0.0,,0.0,0.0,0.0,,25.89,8.56,28.0,11.9,8.56,39.0,0.0,1012.4,961.7,,21.6,0.171,31.0,10192X0095/P21B
1497,36,2020-02-06,4.811397298,43.539904887,3.0,33.3,22.1,31.8,20.5,2020-02-06T03:21,2020-02-06T15:17,42965.44,40959.99,,,0.0,,0.0,0.0,0.0,,25.42,8.95,82.0,10.8,8.95,35.0,0.0,1013.2,962.5,,21.9,0.171,31.1,10192X0095/P21B
1498,37,2020-02-07,4.811397298,43.539904887,3.0,33.6,21.7,31.4,20.5,2020-02-07T03:21,2020-02-07T15:18,42978.28,39996.99,,,0.0,,0.0,0.0,0.0,,25.83,9.3,49.0,11.2,9.3,37.0,0.0,1013.2,962.5,,23.8,0.17,31.1,10192X0095/P21B
1499,38,2020-02-08,4.811397298,43.539904887,3.0,33.9,21.5,31.4,19.4,2020-02-08T03:21,2020-02-08T15:18,42991.31,41188.45,,,0.0,,0.0,0.0,0.0,,26.04,8.84,63.0,11.7,8.84,40.0,0.0,1013.4,962.6,,25.7,0.17,31.1,10192X0095/P21B
1500,39,2020-02-09,4.811397298,43.539904887,3.0,34.8,21.1,34.0,20.7,2020-02-09T03:21,2020-02-09T15:18,43004.55,41182.11,,,0.0,,0.0,0.0,0.0,,26.23,8.3,84.0,12.9,8.3,40.0,0.0,1012.5,962.0,,18.6,0.17,31.2,10192X0095/P21B
1501,40,2020-02-10,4.811397298,43.539904887,3.0,35.3,22.6,35.6,23.4,2020-02-10T03:21,2020-02-10T15:18,43017.95,41413.77,,,0.0,,0.0,0.0,0.0,,25.55,7.51,52.0,14.4,7.51,44.0,0.0,1010.7,960.3,,13.8,0.17,31.4,10192X0095/P21B
1502,41,2020-02-11,4.811397298,43.539904887,3.0,34.2,22.2,37.7,24.2,2020-02-11T03:21,2020-02-11T15:18,43031.52,41168.2,,,0.0,,0.0,0.0,0.0,,25.21,6.56,12.0,15.9,6.56,48.0,0.0,1010.1,959.7,,10.6,0.17,31.8,10192X0095/P21B
1503,42,2020-02-12,4.811397298,43.539904887,2.0,34.6,24.5,35.0,23.8,2020-02-12T03:21,2020-02-12T15:18,43045.24,41160.74,,,0.0,,0.0,0.0,0.0,,25.43,8.04,17.0,15.8,8.04,45.0,0.0,1010.4,960.1,,20.4,0.17,31.9,10192X0095/P21B
1504,43,2020-02-13,4.811397298,43.539904887,2.0,34.7,24.6,32.6,23.1,2020-02-13T03:21,2020-02-13T15:18,43059.1,41152.89,,,0.0,,0.0,0.0,0.0,,26.04,10.06,13.0,13.9,10.06,39.0,0.0,1011.8,961.5,,27.9,0.17,32.0,10192X0095/P21B
1505,44,2020-02-14,4.811397298,43.539904887,3.0,32.9,23.7,30.0,21.7,2020-02-14T03:21,2020-02-14T15:18,43073.07,28405.55,,,0.0,,0.0,0.0,0.0,,19.4,8.13,27.0,15.0,8.13,45.0,0.0,1012.1,961.5,,28.5,0.17,31.8,10192X0095/P21B
1506,45,2020-02-15,4.811397298,43.539904887,3.0,32.2,23.2,31.6,21.6,2020-02-15T03:20,2020-02-15T15:19,43087.15,41136.32,,,0.0,,0.0,0.0,0.0,,21.7,7.22,26.0,16.1,7.22,49.0,0.0,1013.0,962.2,,23.4,0.17,31.6,10192X0095/P21B
1507,46,2020-02-16,4.811397298,43.539904887,1.0,35.1,23.7,34.4,23.2,2020-02-16T03:20,2020-02-16T15:19,43101.32,41363.99,,,0.0,,0.0,0.0,0.0,,24.89,8.54,5.0,14.6,8.54,41.0,0.0,1011.3,961.0,,20.0,0.17,31.8,10192X0095/P21B
1508,47,2020-02-17,4.811397298,43.539904887,0.0,35.2,23.7,34.8,23.2,2020-02-17T03:20,2020-02-17T15:19,43115.58,41354.75,,,0.0,,0.0,0.0,0.0,,26.06,8.83,0.0,13.7,8.83,40.0,0.0,1010.9,960.5,,21.0,0.17,32.0,10192X0095/P21B
1509,48,2020-02-18,4.811397298,43.539904887,0.0,34.7,23.3,33.7,22.6,2020-02-18T03:20,2020-02-18T15:19,43129.9,41345.27,,,0.0,,0.0,0.0,0.0,,26.42,8.7,0.0,13.7,8.7,41.0,0.0,1011.6,961.1,,20.7,0.17,32.1,10192X0095/P21B
1510,49,2020-02-19,4.811397298,43.539904887,0.0,34.9,23.0,35.3,23.0,2020-02-19T03:20,2020-02-19T15:19,43144.28,41571.04,,,0.0,,0.0,0.0,0.0,,25.78,8.33,1.0,14.3,8.33,41.0,0.0,1010.7,960.3,,17.8,0.17,32.2,10192X0095/P21B
1511,50,2020-02-20,4.811397298,43.539904887,3.0,36.1,23.4,37.6,24.8,2020-02-20T03:20,2020-02-20T15:19,43158.7,41560.93,,,0.0,,0.0,0.0,0.0,,25.82,8.11,44.0,15.7,8.11,44.0,0.0,1009.5,959.3,,14.1,0.17,32.5,10192X0095/P21B
1512,51,2020-02-21,4.811397298,43.539904887,3.0,35.9,24.7,35.1,25.0,2020-02-21T03:19,2020-02-21T15:19,43173.14,41550.68,,,0.0,,0.0,0.0,0.0,,25.29,8.87,30.0,16.2,8.87,43.0,0.0,1009.8,959.7,,20.9,0.17,32.6,10192X0095/P21B
1513,52,2020-02-22,4.811397298,43.539904887,3.0,35.6,24.4,32.5,23.6,2020-02-22T03:19,2020-02-22T15:19,43187.61,41540.31,,,0.0,,0.0,0.0,0.0,,26.72,9.66,28.0,12.2,9.66,39.0,0.0,1010.9,960.6,,25.9,0.17,32.5,10192X0095/P21B
1514,53,2020-02-23,4.811397298,43.539904887,3.0,34.2,22.3,30.7,20.3,2020-02-23T03:19,2020-02-23T15:19,43202.1,41832.25,,,0.0,,0.0,0.0,0.0,,27.78,9.48,9.0,11.0,9.48,39.0,0.0,1011.2,960.6,,26.2,0.169,32.3,10192X0095/P21B
1515,54,2020-02-24,4.811397298,43.539904887,3.0,35.0,23.2,32.9,21.5,2020-02-24T03:19,2020-02-24T15:19,43216.73,41753.11,,,0.0,,0.0,0.0,0.0,,26.49,9.47,67.0,11.7,9.47,35.0,0.0,1010.5,960.1,,22.5,0.169,32.3,10192X0095/P21B
1516,55,2020-02-25,4.811397298,43.539904887,3.0,35.8,24.3,34.6,24.2,2020-02-25T03:18,2020-02-25T15:19,43231.52,41274.06,,,0.0,,0.0,0.0,0.0,,23.73,8.56,78.0,15.2,8.56,42.0,0.0,1009.4,959.2,,21.1,0.169,32.4,10192X0095/P21B
1517,56,2020-02-26,4.811397298,43.539904887,3.0,35.9,26.6,34.4,24.5,2020-02-26T03:18,2020-02-26T15:19,43246.46,33789.83,,,0.0,,0.0,0.0,0.0,,19.79,8.7,64.0,12.7,8.7,37.0,0.0,1009.9,959.7,,22.7,0.169,32.5,10192X0095/P21B
1518,57,2020-02-27,4.811397298,43.539904887,3.0,35.8,23.7,32.5,23.1,2020-02-27T03:18,2020-02-27T15:19,43261.54,40084.53,,,0.0,,0.0,0.0,0.0,,25.83,10.03,73.0,10.0,10.03,34.0,0.0,1010.6,960.3,,24.4,0.169,32.5,10192X0095/P21B
1519,58,2020-02-28,4.811397298,43.539904887,3.0,35.9,22.5,32.5,22.1,2020-02-28T03:17,2020-02-28T15:19,43276.73,41915.88,,,0.0,,0.0,0.0,0.0,,27.33,9.61,42.0,9.5,9.61,34.0,0.0,1010.3,960.0,,22.0,0.169,32.4,10192X0095/P21B
1520,59,2020-02-29,4.811397298,43.539904887,3.0,35.4,22.3,34.2,21.8,2020-02-29T03:17,2020-02-29T15:19,43292.02,41935.06,,,0.0,,0.0,0.0,0.0,,27.53,9.12,18.0,9.8,9.12,34.0,0.0,1009.5,959.2,,18.0,0.169,32.5,10192X0095/P21B
1521,60,2020-03-01,4.811397298,43.539904887,3.0,35.9,22.6,34.7,22.1,2020-03-01T03:17,2020-03-01T15:19,43307.42,41954.92,,,0.0,,0.0,0.0,0.0,,27.4,9.07,32.0,11.2,9.07,35.0,0.0,1008.7,958.4,,19.1,0.169,32.6,10192X0095/P21B
1522,61,2020-03-02,4.811397298,43.539904887,3.0,36.2,22.6,34.2,22.3,2020-03-02T03:16,2020-03-02T15:18,43322.9,41975.39,,,0.0,,0.0,0.0,0.0,,27.42,9.54,40.0,10.9,9.54,35.0,0.0,1010.3,960.0,,20.8,0.169,32.6,10192X0095/P21B
1523,62,2020-03-03,4.811397298,43.539904887,3.0,36.1,22.6,35.2,22.5,2020-03-03T03:16,2020-03-03T15:18,43338.46,41996.42,,,0.0,,0.0,0.0,0.0,,27.37,9.24,55.0,13.3,9.24,40.0,0.0,1011.3,961.0,,21.1,0.169,32.7,10192X0095/P21B
1524,63,2020-03-04,4.811397298,43.539904887,3.0,35.5,22.4,35.3,23.3,2020-03-04T03:16,2020-03-04T15:18,43354.07,42017.96,,,0.0,,0.0,0.0,0.0,,27.0,8.51,96.0,13.8,8.51,41.0,0.0,1011.6,961.3,,16.2,0.169,32.8,10192X0095/P21B
1525,64,2020-03-05,4.811397298,43.539904887,3.0,35.8,23.7,37.3,24.5,2020-03-05T03:15,2020-03-05T15:18,43369.74,42039.92,,,0.0,,0.0,0.0,0.0,,26.04,8.0,43.0,14.0,8.0,40.0,0.0,1010.8,960.6,,12.2,0.169,33.2,10192X0095/P21B
1526,65,2020-03-06,4.811397298,43.539904887,3.0,37.2,24.0,37.3,24.3,2020-03-06T03:15,2020-03-06T15:18,43385.44,42062.25,,,0.0,,0.0,0.0,0.0,,26.92,8.91,76.0,13.6,8.91,38.0,0.0,1009.4,959.4,,16.1,0.168,33.3,10192X0095/P21B
1527,66,2020-03-07,4.811397298,43.539904887,3.0,35.5,24.3,38.0,26.6,2020-03-07T03:15,2020-03-07T15:18,43401.17,42084.9,,,0.0,,0.0,0.0,0.0,,24.33,7.6,17.0,16.5,7.6,45.0,0.0,1009.8,959.6,,13.2,0.168,33.5,10192X0095/P21B
1528,67,2020-03-08,4.811397298,43.539904887,3.0,36.2,24.5,36.8,25.9,2020-03-08T03:14,2020-03-08T15:18,43416.92,42107.81,,,0.0,,0.0,0.0,0.0,,26.53,8.92,71.0,15.8,8.92,43.0,0.0,1008.9,958.9,,18.5,0.168,33.6,10192X0095/P21B
1529,68,2020-03-09,4.811397298,43.539904887,3.0,35.9,24.1,37.9,25.2,2020-03-09T03:14,2020-03-09T15:18,43432.67,42130.9,,,0.0,,0.0,0.0,0.0,,25.69,8.25,81.0,15.7,8.25,43.0,0.0,1008.8,958.7,,15.8,0.168,33.7,10192X0095/P21B
1530,69,2020-03-10,4.811397298,43.539904887,3.0,35.4,24.4,35.6,24.7,2020-03-10T03:13,2020-03-10T15:18,43448.41,42154.14,,,0.0,,0.0,0.0,0.0,,25.95,8.4,68.0,16.4,8.4,46.0,0.0,1008.9,958.7,,20.1,0.168,33.7,10192X0095/P21B
1531,70,2020-03-11,4.811397298,43.539904887,3.0,35.1,23.8,33.3,21.4,2020-03-11T03:13,2020-03-11T15:17,43464.13,42177.44,,,0.0,,0.0,0.0,0.0,,27.15,9.87,40.0,13.1,9.87,38.0,0.0,1009.2,959.0,,26.6,0.168,33.6,10192X0095/P21B
1532,71,2020-03-12,4.811397298,43.539904887,3.0,35.3,23.6,33.6,22.0,2020-03-12T03:13,2020-03-12T15:17,43479.82,42200.76,,,0.0,,0.0,0.0,0.0,,27.36,9.43,39.0,13.5,9.43,40.0,0.0,1009.9,959.6,,24.7,0.168,33.4,10192X0095/P21B
1533,72,2020-03-13,4.811397298,43.539904887,3.0,35.5,23.8,34.5,23.1,2020-03-13T03:12,2020-03-13T15:17,43495.47,42224.02,,,0.0,,0.0,0.0,0.0,,27.25,9.05,65.0,14.6,9.05,43.0,0.0,1010.1,959.9,,23.3,0.168,33.4,10192X0095/P21B
1534,73,2020-03-14,4.811397298,43.539904887,3.0,36.8,24.5,36.7,23.7,2020-03-14T03:12,2020-03-14T15:17,43511.08,42247.19,,,0.0,,0.0,0.0,0.0,,26.75,9.06,53.0,15.6,9.06,42.0,0.0,1009.7,959.7,,21.5,0.168,33.6,10192X0095/P21B
1535,74,2020-03-15,4.811397298,43.539904887,51.0,35.8,24.6,37.7,25.6,2020-03-15T03:12,2020-03-15T15:17,43526.78,42270.74,,,0.2,,0.0,0.2,2.0,,24.83,8.02,24.0,17.0,8.02,46.0,0.0,1008.7,958.6,,16.6,0.168,33.7,10192X0095/P21B
1536,75,2020-03-16,4.811397298,43.539904887,51.0,36.4,24.8,36.5,25.4,2020-03-16T03:11,2020-03-16T15:17,43542.56,42294.89,,,0.1,,0.0,0.1,1.0,,25.62,8.8,17.0,16.8,8.8,45.0,0.0,1008.3,958.3,,20.6,0.168,33.8,10192X0095/P21B
1537,76,2020-03-17,4.811397298,43.539904887,51.0,35.3,25.3,36.3,26.5,2020-03-17T03:11,2020-03-17T15:17,43558.43,42319.58,,,0.1,,0.0,0.1,1.0,,25.32,8.37,33.0,17.3,8.37,46.0,0.0,1009.1,959.0,,20.0,0.168,33.9,10192X0095/P21B
1538,77,2020-03-18,4.811397298,43.539904887,3.0,36.8,25.2,36.0,23.2,2020-03-18T03:10,2020-03-18T15:17,43574.37,42344.73,,,0.0,,0.0,0.0,0.0,,27.37,10.0,85.0,13.7,10.0,38.0,0.0,1010.1,960.1,,22.8,0.168,33.9,10192X0095/P21B
1539,78,2020-03-19,4.811397298,43.539904887,3.0,36.6,25.1,36.7,26.5,2020-03-19T03:10,2020-03-19T15:16,43590.37,42370.31,,,0.0,,0.0,0.0,0.0,,23.53,8.15,58.0,17.5,8.15,48.0,0.0,1010.6,960.5,,19.4,0.168,34.0,10192X0095/P21B
1540,79,2020-03-20,4.811397298,43.539904887,51.0,36.5,25.2,38.3,28.1,2020-03-20T03:09,2020-03-20T15:16,43606.42,42396.23,,,0.1,,0.0,0.1,1.0,,23.46,6.59,51.0,19.5,6.59,57.0,0.0,1010.9,960.5,,13.4,0.168,34.0,10192X0095/P21B
1541,80,2020-03-21,4.811397298,43.539904887,51.0,35.2,24.6,38.0,27.2,2020-03-21T03:09,2020-03-21T15:16,43622.51,42422.43,,,0.2,,0.0,0.2,2.0,,24.12,6.76,55.0,16.8,6.76,46.0,0.0,1010.1,959.9,,9.0,0.168,34.1,10192X0095/P21B
1542,81,2020-03-22,4.811397298,43.539904887,3.0,36.3,25.1,38.1,26.2,2020-03-22T03:09,2020-03-22T15:16,43638.62,42448.86,,,0.0,,0.0,0.0,0.0,,25.06,6.91,65.0,15.8,6.91,41.0,0.0,1010.2,960.2,,8.7,0.166,34.5,10192X0095/P21B
1543,82,2020-03-23,4.811397298,43.539904887,51.0,35.5,25.8,38.8,27.7,2020-03-23T03:08,2020-03-23T15:16,43654.76,42475.45,,,0.1,,0.0,0.1,1.0,,24.33,6.37,60.0,18.1,6.37,50.0,0.0,1010.8,960.6,,9.2,0.166,34.8,10192X0095/P21B
1544,83,2020-03-24,4.811397298,43.539904887,53.0,32.4,25.1,36.7,27.9,2020-03-24T03:08,2020-03-24T15:16,43670.9,36913.78,,,1.6,,0.0,1.6,8.0,,19.21,5.36,85.0,20.1,5.36,63.0,0.0,1010.1,959.6,,11.9,0.167,34.6,10192X0095/P21B
1545,84,2020-03-25,4.811397298,43.539904887,63.0,32.7,24.3,34.5,25.9,2020-03-25T03:07,2020-03-25T15:15,43687.04,42528.85,,,8.7,,0.0,8.7,8.0,,21.78,5.58,60.0,19.9,5.58,63.0,0.0,1008.7,958.2,,12.0,0.17,34.3,10192X0095/P21B
1546,85,2020-03-26,4.811397298,43.539904887,63.0,29.8,23.6,34.1,27.5,2020-03-26T03:07,2020-03-26T15:15,43703.16,25483.84,,,5.3,,0.0,5.3,6.0,,17.51,3.85,86.0,21.9,3.85,78.0,0.0,1009.7,958.8,,9.5,0.173,33.6,10192X0095/P21B
1547,86,2020-03-27,4.811397298,43.539904887,63.0,30.2,23.1,32.9,25.9,2020-03-27T03:06,2020-03-27T15:15,43719.26,35929.92,,,4.4,,0.0,4.4,8.0,,20.01,4.49,92.0,21.6,4.49,77.0,0.0,1011.8,960.8,,13.9,0.171,33.0,10192X0095/P21B
1548,87,2020-03-28,4.811397298,43.539904887,55.0,30.2,23.2,34.1,26.5,2020-03-28T03:06,2020-03-28T15:15,43735.32,40616.2,,,2.1,,0.0,2.1,6.0,,20.13,4.57,56.0,21.7,4.57,76.0,0.0,1012.3,961.4,,12.8,0.17,32.6,10192X0095/P21B
1549,88,2020-03-29,4.811397298,43.539904887,51.0,31.7,22.9,34.5,26.7,2020-03-29T03:05,2020-03-29T15:15,43751.33,42634.77,,,0.9,,0.0,0.9,7.0,,22.22,5.06,29.0,21.0,5.06,71.0,0.0,1011.3,960.5,,8.1,0.168,32.6,10192X0095/P21B
1550,89,2020-03-30,4.811397298,43.539904887,1.0,33.3,22.8,37.4,27.0,2020-03-30T03:05,2020-03-30T15:14,43767.29,42660.7,,,0.0,,0.0,0.0,0.0,,23.79,5.77,11.0,21.0,5.77,68.0,0.0,1010.3,959.7,,9.2,0.165,32.8,10192X0095/P21B
1551,90,2020-03-31,4.811397298,43.539904887,3.0,34.7,24.4,36.7,27.2,2020-03-31T03:05,2020-03-31T15:14,43783.17,42686.28,,,0.0,,0.0,0.0,0.0,,24.52,6.88,35.0,19.9,6.88,59.0,0.0,1011.1,960.7,,14.6,0.163,33.2,10192X0095/P21B
1552,91,2020-04-01,4.811397298,43.539904887,51.0,34.2,24.6,36.3,26.7,2020-04-01T03:04,2020-04-01T15:14,43798.98,42711.46,,,0.5,,0.0,0.5,3.0,,22.93,6.73,24.0,20.1,6.73,59.0,0.0,1011.2,960.8,,16.9,0.16,33.3,10192X0095/P21B
1553,92,2020-04-02,4.811397298,43.539904887,1.0,35.2,24.1,36.0,25.9,2020-04-02T03:04,2020-04-02T15:14,43814.68,42736.16,,,0.0,,0.0,0.0,0.0,,24.56,7.45,11.0,18.4,7.45,52.0,0.0,1009.9,959.6,,16.5,0.159,33.4,10192X0095/P21B
1554,93,2020-04-03,4.811397298,43.539904887,2.0,35.5,23.6,35.8,25.8,2020-04-03T03:03,2020-04-03T15:14,43830.31,42760.33,,,0.0,,0.0,0.0,0.0,,25.87,7.98,13.0,17.1,7.98,50.0,0.0,1010.3,960.0,,17.0,0.159,33.5,10192X0095/P21B
1555,94,2020-04-04,4.811397298,43.539904887,1.0,35.3,22.9,35.3,23.8,2020-04-04T03:03,2020-04-04T15:14,43845.96,42784.42,,,0.0,,0.0,0.0,0.0,,26.57,8.6,5.0,15.9,8.6,47.0,0.0,1011.2,960.9,,19.9,0.159,33.5,10192X0095/P21B
1556,95,2020-04-05,4.811397298,43.539904887,51.0,34.6,24.1,35.5,24.8,2020-04-05T03:03,2020-04-05T15:14,43861.64,42808.61,,,0.1,,0.0,0.1,1.0,,21.84,7.38,59.0,17.1,7.38,48.0,0.0,1012.0,961.7,,17.8,0.159,33.5,10192X0095/P21B
1557,96,2020-04-06,4.811397298,43.539904887,3.0,35.9,23.9,35.1,25.5,2020-04-06T03:02,2020-04-06T15:13,43877.34,42832.89,,,0.0,,0.0,0.0,0.0,,26.31,8.76,49.0,14.8,8.76,42.0,0.0,1011.7,961.5,,18.2,0.159,33.6,10192X0095/P21B
1558,97,2020-04-07,4.811397298,43.539904887,3.0,36.3,24.0,35.9,25.6,2020-04-07T03:02,2020-04-07T15:13,43893.06,42857.17,,,0.0,,0.0,0.0,0.0,,24.92,8.37,61.0,15.2,8.37,42.0,0.0,1011.1,960.9,,16.6,0.159,33.7,10192X0095/P21B
1559,98,2020-04-08,4.811397298,43.539904887,2.0,36.8,24.5,38.0,25.7,2020-04-08T03:01,2020-04-08T15:13,43908.78,42881.43,,,0.0,,0.0,0.0,0.0,,25.38,7.87,12.0,16.9,7.87,47.0,0.0,1011.0,960.8,,14.4,0.159,34.0,10192X0095/P21B
1560,99,2020-04-09,4.811397298,43.539904887,2.0,35.7,24.1,37.7,24.4,2020-04-09T03:01,2020-04-09T15:13,43924.49,42905.6,,,0.0,,0.0,0.0,0.0,,23.4,6.81,18.0,16.1,6.81,43.0,0.0,1010.4,960.3,,11.2,0.159,34.2,10192X0095/P21B
1561,100,2020-04-10,4.811397298,43.539904887,51.0,36.1,25.8,38.8,25.0,2020-04-10T03:01,2020-04-10T15:13,43940.18,42929.65,,,0.1,,0.0,0.1,1.0,,24.15,7.71,55.0,16.8,7.71,44.0,0.0,1010.3,960.2,,14.9,0.159,34.4,10192X0095/P21B
1562,101,2020-04-11,4.811397298,43.539904887,51.0,34.4,25.8,37.5,28.3,2020-04-11T03:00,2020-04-11T15:13,43955.84,42953.5,,,1.0,,0.0,1.0,6.0,,20.63,5.92,60.0,20.6,5.92,60.0,0.0,1010.4,960.0,,13.4,0.16,34.4,10192X0095/P21B
1563,102,2020-04-12,4.811397298,43.539904887,53.0,31.3,25.0,35.5,27.1,2020-04-12T03:00,2020-04-12T15:13,43971.46,42977.12,,,2.3,,0.0,2.3,10.0,,18.27,4.63,56.0,21.1,4.63,67.0,0.0,1010.3,959.7,,10.8,0.161,34.0,10192X0095/P21B
1564,103,2020-04-13,4.811397298,43.539904887,3.0,35.3,23.7,37.7,27.5,2020-04-13T02:59,2020-04-13T15:12,43987.03,43000.46,,,0.0,,0.0,0.0,0.0,,24.5,6.4,84.0,18.9,6.4,55.0,0.0,1010.3,960.0,,9.0,0.161,33.9,10192X0095/P21B
1565,104,2020-04-14,4.811397298,43.539904887,55.0,34.1,25.4,37.5,28.1,2020-04-14T02:59,2020-04-14T15:12,44002.53,43023.45,,,2.2,,0.0,2.2,7.0,,20.68,5.52,70.0,20.2,5.52,59.0,0.0,1010.6,960.3,,11.0,0.16,34.1,10192X0095/P21B
1566,105,2020-04-15,4.811397298,43.539904887,61.0,30.2,24.4,35.6,28.6,2020-04-15T02:59,2020-04-15T15:12,44017.96,34440.65,,,10.6,,0.0,10.6,15.0,,20.36,4.4,94.0,22.1,4.4,75.0,0.0,1012.0,961.1,,6.8,0.165,33.7,10192X0095/P21B
1567,106,2020-04-16,4.811397298,43.539904887,53.0,31.9,24.0,35.9,27.7,2020-04-16T02:58,2020-04-16T15:12,44033.3,41023.83,,,2.1,,0.0,2.1,6.0,,18.92,4.35,68.0,21.8,4.35,73.0,0.0,1010.4,959.6,,8.0,0.166,33.1,10192X0095/P21B
1568,107,2020-04-17,4.811397298,43.539904887,63.0,29.4,23.8,33.9,27.3,2020-04-17T02:58,2020-04-17T15:12,44048.53,24325.58,,,13.5,,0.0,13.5,20.0,,13.89,2.97,97.0,22.4,2.97,81.0,0.0,1010.2,959.3,,5.3,0.173,32.6,10192X0095/P21B
1569,108,2020-04-18,4.811397298,43.539904887,61.0,29.8,23.0,35.0,26.3,2020-04-18T02:58,2020-04-18T15:12,44063.67,41381.42,,,4.8,,0.0,4.8,11.0,,20.71,4.23,94.0,22.5,4.23,82.0,0.0,1010.7,959.7,,7.7,0.19,32.0,10192X0095/P21B
1570,109,2020-04-19,4.811397298,43.539904887,63.0,28.0,23.3,33.4,27.7,2020-04-19T02:57,2020-04-19T15:12,44078.67,20594.4,,,9.2,,0.0,9.2,18.0,,14.38,3.01,99.0,22.6,3.01,85.0,0.0,1011.5,960.4,,6.4,0.197,31.6,10192X0095/P21B
1571,110,2020-04-20,4.811397298,43.539904887,53.0,27.5,23.1,31.8,26.7,2020-04-20T02:57,2020-04-20T15:12,44093.53,37611.7,,,4.0,,0.0,4.0,11.0,,18.44,3.56,95.0,22.4,3.56,86.0,0.0,1011.5,960.4,,10.2,0.21,31.1,10192X0095/P21B
1572,111,2020-04-21,4.811397298,43.539904887,61.0,27.1,22.8,31.4,25.7,2020-04-21T02:57,2020-04-21T15:12,44108.24,36024.52,,,5.3,,0.0,5.3,15.0,,15.53,3.04,84.0,22.4,3.04,85.0,0.0,1012.0,960.9,,10.0,0.213,30.6,10192X0095/P21B
1573,112,2020-04-22,4.811397298,43.539904887,63.0,27.5,23.0,31.1,26.9,2020-04-22T02:56,2020-04-22T15:12,44122.79,18684.34,,,6.7,,0.0,6.7,9.0,,14.0,2.89,98.0,22.1,2.89,86.0,0.0,1012.1,960.9,,6.4,0.217,30.3,10192X0095/P21B
1574,113,2020-04-23,4.811397298,43.539904887,63.0,29.7,22.5,35.8,26.3,2020-04-23T02:56,2020-04-23T15:11,44137.19,34696.4,,,19.8,,0.0,19.8,13.0,,21.01,4.26,74.0,22.1,4.26,85.0,0.0,1012.0,960.8,,5.6,0.217,30.1,10192X0095/P21B
1575,114,2020-04-24,4.811397298,43.539904887,63.0,26.5,22.0,30.5,26.0,2020-04-24T02:56,2020-04-24T15:11,44151.53,24145.21,,,14.8,,0.0,14.8,13.0,,12.74,2.61,87.0,21.8,2.61,87.0,0.0,1012.6,961.2,,6.5,0.25,29.6,10192X0095/P21B
1576,115,2020-04-25,4.811397298,43.539904887,55.0,29.7,21.5,34.2,24.9,2020-04-25T02:55,2020-04-25T15:11,44165.82,37317.24,,,1.4,,0.0,1.4,3.0,,24.38,4.98,92.0,21.6,4.98,81.0,0.0,1011.7,960.6,,8.7,0.25,29.4,10192X0095/P21B
1577,116,2020-04-26,4.811397298,43.539904887,61.0,28.7,22.5,32.9,26.5,2020-04-26T02:55,2020-04-26T15:11,44180.06,41176.48,,,4.3,,0.0,4.3,12.0,,20.81,3.98,77.0,22.6,3.98,85.0,0.0,1012.4,961.3,,11.7,0.25,29.3,10192X0095/P21B
1578,117,2020-04-27,4.811397298,43.539904887,65.0,28.6,23.0,34.0,26.0,2020-04-27T02:55,2020-04-27T15:11,44194.24,27049.18,,,16.8,,0.0,16.8,17.0,,18.86,3.69,89.0,22.6,3.69,85.0,0.0,1013.0,961.9,,10.5,0.254,29.1,10192X0095/P21B
1579,118,2020-04-28,4.811397298,43.539904887,61.0,28.6,22.8,33.8,26.6,2020-04-28T02:55,2020-04-28T15:11,44208.33,39209.97,,,2.5,,0.0,2.5,9.0,,20.94,4.02,70.0,22.9,4.02,87.0,0.0,1013.2,962.0,,10.8,0.257,29.0,10192X0095/P21B
1580,119,2020-04-29,4.811397298,43.539904887,53.0,29.3,22.9,32.3,25.8,2020-04-29T02:54,2020-04-29T15:11,44222.34,41169.81,,,1.8,,0.0,1.8,7.0,,20.61,4.05,81.0,22.6,4.05,84.0,0.0,1012.9,961.8,,16.7,0.255,28.8,10192X0095/P21B
1581,120,2020-04-30,4.811397298,43.539904887,61.0,28.0,23.2,31.9,25.9,2020-04-30T02:54,2020-04-30T15:11,44236.25,37700.56,,,4.1,,0.0,4.1,7.0,,19.13,3.67,87.0,22.6,3.67,86.0,0.0,1013.8,962.5,,17.7,0.255,28.6,10192X0095/P21B
1582,121,2020-05-01,4.811397298,43.539904887,53.0,28.6,22.9,30.8,25.3,2020-05-01T02:54,2020-05-01T15:11,44250.04,34481.49,,,2.2,,0.0,2.2,10.0,,20.28,3.87,78.0,22.6,3.87,86.0,0.0,1013.6,962.4,,20.2,0.255,28.5,10192X0095/P21B
1583,122,2020-05-02,4.811397298,43.539904887,51.0,28.4,22.2,30.5,24.9,2020-05-02T02:54,2020-05-02T15:11,44263.71,43200.0,,,0.6,,0.0,0.6,5.0,,20.14,3.99,25.0,22.1,3.99,83.0,0.0,1012.5,961.4,,16.8,0.255,28.3,10192X0095/P21B
1584,123,2020-05-03,4.811397298,43.539904887,51.0,29.2,23.1,31.6,24.7,2020-05-03T02:53,2020-05-03T15:11,44277.23,43200.0,,,0.4,,0.0,0.4,3.0,,22.9,4.58,41.0,22.2,4.58,81.0,0.0,1011.9,960.9,,20.3,0.251,28.2,10192X0095/P21B
1585,124,2020-05-04,4.811397298,43.539904887,51.0,29.6,23.1,32.8,25.1,2020-05-04T02:53,2020-05-04T15:11,44290.6,43200.0,,,0.2,,0.0,0.2,2.0,,23.24,4.77,59.0,22.3,4.77,80.0,0.0,1012.2,961.3,,18.2,0.247,28.2,10192X0095/P21B
1586,125,2020-05-05,4.811397298,43.539904887,55.0,29.4,22.9,33.1,26.1,2020-05-05T02:53,2020-05-05T15:11,44303.81,42526.2,,,2.4,,0.0,2.4,6.0,,21.31,4.11,74.0,22.7,4.11,84.0,0.0,1012.5,961.4,,13.9,0.244,28.2,10192X0095/P21B
1587,126,2020-05-06,4.811397298,43.539904887,63.0,28.6,22.9,32.7,25.7,2020-05-06T02:53,2020-05-06T15:11,44316.84,39121.69,,,8.2,,0.0,8.2,12.0,,18.32,3.63,79.0,22.6,3.63,85.0,0.0,1012.1,961.0,,14.2,0.242,28.2,10192X0095/P21B
1588,127,2020-05-07,4.811397298,43.539904887,63.0,28.3,22.8,31.8,25.1,2020-05-07T02:53,2020-05-07T15:11,44329.68,35105.83,,,10.1,,0.0,10.1,12.0,,19.11,3.62,95.0,22.5,3.62,87.0,0.0,1012.6,961.4,,13.7,0.242,28.1,10192X0095/P21B
1589,128,2020-05-08,4.811397298,43.539904887,51.0,28.4,22.8,32.1,26.1,2020-05-08T02:52,2020-05-08T15:11,44342.31,41043.43,,,1.2,,0.0,1.2,9.0,,19.29,3.75,53.0,22.6,3.75,85.0,0.0,1012.1,961.0,,13.9,0.241,28.1,10192X0095/P21B
1590,129,2020-05-09,4.811397298,43.539904887,53.0,29.1,22.9,33.2,25.9,2020-05-09T02:52,2020-05-09T15:11,44354.72,43200.0,,,1.5,,0.0,1.5,7.0,,20.9,4.03,56.0,22.6,4.03,84.0,0.0,1012.3,961.2,,13.6,0.239,28.1,10192X0095/P21B
1591,130,2020-05-10,4.811397298,43.539904887,51.0,29.2,23.2,32.2,26.4,2020-05-10T02:52,2020-05-10T15:12,44366.9,43200.0,,,0.2,,0.0,0.2,2.0,,21.29,4.21,53.0,22.5,4.21,82.0,0.0,1012.9,961.8,,14.8,0.236,28.1,10192X0095/P21B
1592,131,2020-05-11,4.811397298,43.539904887,51.0,30.1,22.9,33.4,25.5,2020-05-11T02:52,2020-05-11T15:12,44378.83,43200.0,,,0.3,,0.0,0.3,3.0,,23.49,4.84,50.0,21.7,4.84,78.0,0.0,1012.6,961.6,,14.2,0.232,28.1,10192X0095/P21B
1593,132,2020-05-12,4.811397298,43.539904887,3.0,30.0,22.9,32.1,25.2,2020-05-12T02:52,2020-05-12T15:12,44390.49,43200.0,,,0.0,,0.0,0.0,0.0,,22.48,4.9,61.0,21.4,4.9,77.0,0.0,1012.3,961.2,,19.0,0.229,28.1,10192X0095/P21B
1594,133,2020-05-13,4.811397298,43.539904887,3.0,30.4,22.8,32.1,24.6,2020-05-13T02:52,2020-05-13T15:12,44401.9,42384.93,,,0.0,,0.0,0.0,0.0,,19.89,4.7,50.0,21.5,4.7,76.0,0.0,1012.2,961.2,,19.8,0.225,28.1,10192X0095/P21B
1595,134,2020-05-14,4.811397298,43.539904887,3.0,31.3,22.9,33.8,25.0,2020-05-14T02:52,2020-05-14T15:12,44413.14,42069.16,,,0.0,,0.0,0.0,0.0,,21.52,5.02,53.0,21.4,5.02,74.0,0.0,1012.3,961.4,,18.2,0.222,28.2,10192X0095/P21B
1596,135,2020-05-15,4.811397298,43.539904887,2.0,31.6,23.0,33.7,24.7,2020-05-15T02:52,2020-05-15T15:12,44424.22,43200.0,,,0.0,,0.0,0.0,0.0,,23.98,5.72,24.0,21.2,5.72,71.0,0.0,1012.1,961.3,,19.4,0.22,28.5,10192X0095/P21B
1597,136,2020-05-16,4.811397298,43.539904887,1.0,31.4,22.9,31.9,24.5,2020-05-16T02:52,2020-05-16T15:12,44435.13,43200.0,,,0.0,,0.0,0.0,0.0,,23.52,6.0,13.0,20.2,6.0,68.0,0.0,1012.4,961.5,,23.2,0.218,28.7,10192X0095/P21B
1598,137,2020-05-17,4.811397298,43.539904887,2.0,32.4,21.9,31.7,22.0,2020-05-17T02:51,2020-05-17T15:12,44445.85,43200.0,,,0.0,,0.0,0.0,0.0,,25.41,6.94,11.0,18.5,6.94,62.0,0.0,1013.8,962.9,,25.0,0.216,28.8,10192X0095/P21B
1599,138,2020-05-18,4.811397298,43.539904887,0.0,32.7,22.0,31.4,22.3,2020-05-18T02:51,2020-05-18T15:12,44456.39,43200.0,,,0.0,,0.0,0.0,0.0,,25.65,7.37,2.0,17.5,7.37,58.0,0.0,1013.3,962.4,,23.1,0.215,29.1,10192X0095/P21B
1600,139,2020-05-19,4.811397298,43.539904887,3.0,33.7,22.0,33.0,23.6,2020-05-19T02:51,2020-05-19T15:12,44466.72,43200.0,,,0.0,,0.0,0.0,0.0,,25.48,7.09,49.0,18.6,7.09,60.0,0.0,1012.5,961.8,,21.7,0.215,29.3,10192X0095/P21B
1601,140,2020-05-20,4.811397298,43.539904887,3.0,32.7,23.8,32.3,24.3,2020-05-20T02:51,2020-05-20T15:13,44476.83,36749.51,,,0.0,,0.0,0.0,0.0,,22.23,6.67,27.0,19.8,6.67,65.0,0.0,1013.3,962.5,,28.1,0.214,29.5,10192X0095/P21B
1602,141,2020-05-21,4.811397298,43.539904887,3.0,31.7,22.7,31.0,23.4,2020-05-21T02:51,2020-05-21T15:13,44486.72,42612.28,,,0.0,,0.0,0.0,0.0,,20.26,6.28,58.0,18.9,6.28,63.0,0.0,1014.3,963.4,,26.2,0.214,29.5,10192X0095/P21B
1603,142,2020-05-22,4.811397298,43.539904887,51.0,31.3,22.5,30.7,23.4,2020-05-22T02:51,2020-05-22T15:13,44496.37,40849.03,,,0.5,,0.0,0.5,4.0,,19.82,6.05,32.0,19.1,6.05,65.0,0.0,1015.0,963.9,,27.1,0.212,29.5,10192X0095/P21B
1604,143,2020-05-23,4.811397298,43.539904887,3.0,32.8,22.0,30.7,22.1,2020-05-23T02:51,2020-05-23T15:13,44505.78,43200.0,,,0.0,,0.0,0.0,0.0,,22.98,7.06,44.0,17.9,7.06,60.0,0.0,1014.2,963.3,,26.3,0.212,29.7,10192X0095/P21B
1605,144,2020-05-24,4.811397298,43.539904887,2.0,34.0,22.5,32.0,23.0,2020-05-24T02:51,2020-05-24T15:13,44514.92,43200.0,,,0.0,,0.0,0.0,0.0,,25.01,7.95,10.0,17.4,7.95,55.0,0.0,1012.5,961.8,,26.6,0.211,29.9,10192X0095/P21B
1606,145,2020-05-25,4.811397298,43.539904887,2.0,33.9,22.8,32.9,23.3,2020-05-25T02:51,2020-05-25T15:13,44523.79,43200.0,,,0.0,,0.0,0.0,0.0,,24.55,7.82,26.0,18.6,7.82,58.0,0.0,1012.3,961.7,,27.4,0.209,30.1,10192X0095/P21B
1607,146,2020-05-26,4.811397298,43.539904887,3.0,32.9,23.8,33.5,25.1,2020-05-26T02:51,2020-05-26T15:14,44532.38,43200.0,,,0.0,,0.0,0.0,0.0,,22.17,6.79,38.0,19.7,6.79,61.0,0.0,1012.5,961.8,,24.5,0.209,30.3,10192X0095/P21B
1608,147,2020-05-27,4.811397298,43.539904887,2.0,34.3,23.4,32.5,23.4,2020-05-27T02:52,2020-05-27T15:14,44540.67,43200.0,,,0.0,,0.0,0.0,0.0,,24.58,8.12,22.0,17.0,8.12,51.0,0.0,1012.7,962.1,,24.3,0.208,30.5,10192X0095/P21B
1609,148,2020-05-28,4.811397298,43.539904887,3.0,33.5,23.7,33.5,25.4,2020-05-28T02:52,2020-05-28T15:14,44548.65,43200.0,,,0.0,,0.0,0.0,0.0,,22.79,6.77,46.0,20.4,6.77,64.0,0.0,1012.5,961.9,,24.1,0.208,30.7,10192X0095/P21B
1610,149,2020-05-29,4.811397298,43.539904887,3.0,33.2,23.4,33.0,24.6,2020-05-29T02:52,2020-05-29T15:14,44556.33,41652.7,,,0.0,,0.0,0.0,0.0,,20.97,7.03,76.0,18.5,7.03,57.0,0.0,1011.8,961.2,,25.1,0.207,30.7,10192X0095/P21B
1611,150,2020-05-30,4.811397298,43.539904887,3.0,33.4,22.9,31.3,22.3,2020-05-30T02:52,2020-05-30T15:14,44563.67,43200.0,,,0.0,,0.0,0.0,0.0,,23.86,8.28,66.0,16.5,8.28,50.0,0.0,1011.7,961.2,,27.4,0.207,30.7,10192X0095/P21B
1612,151,2020-05-31,4.811397298,43.539904887,3.0,34.4,23.4,31.9,23.1,2020-05-31T02:52,2020-05-31T15:15,44570.66,43200.0,,,0.0,,0.0,0.0,0.0,,23.97,8.6,76.0,17.7,8.6,53.0,0.0,1012.4,961.9,,30.9,0.207,30.9,10192X0095/P21B
1613,152,2020-06-01,4.811397298,43.539904887,3.0,33.3,23.8,32.1,23.3,2020-06-01T02:52,2020-06-01T15:15,44577.3,43200.0,,,0.0,,0.0,0.0,0.0,,20.85,7.48,39.0,18.8,7.48,57.0,0.0,1012.9,962.3,,31.3,0.206,30.9,10192X0095/P21B
1614,153,2020-06-02,4.811397298,43.539904887,3.0,32.8,24.0,31.4,23.5,2020-06-02T02:52,2020-06-02T15:15,44583.59,43200.0,,,0.0,,0.0,0.0,0.0,,23.01,7.48,37.0,19.4,7.48,60.0,0.0,1012.6,961.9,,31.1,0.206,31.0,10192X0095/P21B
1615,154,2020-06-03,4.811397298,43.539904887,51.0,32.0,23.3,29.8,22.8,2020-06-03T02:52,2020-06-03T15:15,44589.58,39600.0,,,0.4,,0.0,0.4,2.0,,17.03,6.25,69.0,18.9,6.25,62.0,0.0,1012.6,961.8,,30.7,0.206,30.8,10192X0095/P21B
1616,155,2020-06-04,4.811397298,43.539904887,3.0,31.5,23.0,29.0,21.9,2020-06-04T02:52,2020-06-04T15:15,44595.27,35720.68,,,0.0,,0.0,0.0,0.0,,17.23,6.71,76.0,17.6,6.71,56.0,0.0,1012.8,962.0,,29.4,0.206,30.6,10192X0095/P21B
1617,156,2020-06-05,4.811397298,43.539904887,3.0,34.1,23.5,31.9,23.6,2020-06-05T02:52,2020-06-05T15:16,44600.66,43200.0,,,0.0,,0.0,0.0,0.0,,24.16,8.48,76.0,17.6,8.48,53.0,0.0,1012.6,962.0,,30.7,0.205,30.7,10192X0095/P21B
1618,157,2020-06-06,4.811397298,43.539904887,3.0,34.2,24.0,31.9,24.0,2020-06-06T02:52,2020-06-06T15:16,44605.74,43200.0,,,0.0,,0.0,0.0,0.0,,23.99,8.48,62.0,17.8,8.48,53.0,0.0,1011.8,961.3,,29.4,0.205,30.9,10192X0095/P21B
1619,158,2020-06-07,4.811397298,43.539904887,3.0,32.8,24.2,32.0,23.8,2020-06-07T02:53,2020-06-07T15:16,44610.52,40417.0,,,0.0,,0.0,0.0,0.0,,20.51,7.12,40.0,19.6,7.12,61.0,0.0,1011.6,961.0,,32.8,0.205,30.9,10192X0095/P21B
1620,159,2020-06-08,4.811397298,43.539904887,3.0,30.8,23.2,28.9,22.6,2020-06-08T02:53,2020-06-08T15:16,44614.98,38499.84,,,0.0,,0.0,0.0,0.0,,15.3,5.66,71.0,19.0,5.66,65.0,0.0,1012.5,961.6,,31.5,0.204,30.7,10192X0095/P21B
1621,160,2020-06-09,4.811397298,43.539904887,3.0,31.8,22.3,29.5,21.4,2020-06-09T02:53,2020-06-09T15:17,44619.12,31676.18,,,0.0,,0.0,0.0,0.0,,16.98,6.57,65.0,16.9,6.57,56.0,0.0,1012.5,961.7,,27.3,0.204,30.5,10192X0095/P21B
1622,161,2020-06-10,4.811397298,43.539904887,3.0,33.0,22.0,30.4,21.5,2020-06-10T02:53,2020-06-10T15:17,44622.94,38906.65,,,0.0,,0.0,0.0,0.0,,21.39,7.5,63.0,16.7,7.5,55.0,0.0,1012.4,961.6,,28.3,0.203,30.5,10192X0095/P21B
1623,162,2020-06-11,4.811397298,43.539904887,3.0,33.2,22.7,30.7,21.0,2020-06-11T02:53,2020-06-11T15:17,44626.43,40051.05,,,0.0,,0.0,0.0,0.0,,21.22,7.68,81.0,16.5,7.68,54.0,0.0,1011.6,960.8,,30.0,0.203,30.5,10192X0095/P21B
1624,163,2020-06-12,4.811397298,43.539904887,3.0,32.5,22.1,30.0,20.7,2020-06-12T02:53,2020-06-12T15:17,44629.6,43200.0,,,0.0,,0.0,0.0,0.0,,23.36,7.97,56.0,16.8,7.97,54.0,0.0,1011.2,960.5,,30.6,0.203,30.6,10192X0095/P21B
1625,164,2020-06-13,4.811397298,43.539904887,3.0,31.3,22.7,28.6,21.5,2020-06-13T02:54,2020-06-13T15:18,44632.42,28448.48,,,0.0,,0.0,0.0,0.0,,17.12,7.02,65.0,16.8,7.02,55.0,0.0,1011.9,961.1,,31.5,0.202,30.5,10192X0095/P21B
1626,165,2020-06-14,4.811397298,43.539904887,3.0,32.0,23.3,28.4,20.4,2020-06-14T02:54,2020-06-14T15:18,44634.9,37267.73,,,0.0,,0.0,0.0,0.0,,18.64,7.95,60.0,15.3,7.95,49.0,0.0,1013.2,962.4,,32.7,0.202,30.4,10192X0095/P21B
1627,166,2020-06-15,4.811397298,43.539904887,3.0,31.8,23.2,29.2,21.3,2020-06-15T02:54,2020-06-15T15:18,44637.04,30911.88,,,0.0,,0.0,0.0,0.0,,18.98,7.75,79.0,16.2,7.75,51.0,0.0,1013.2,962.4,,32.1,0.202,30.4,10192X0095/P21B
1628,167,2020-06-16,4.811397298,43.539904887,3.0,31.9,22.9,29.0,21.0,2020-06-16T02:54,2020-06-16T15:18,44638.83,25762.04,,,0.0,,0.0,0.0,0.0,,18.33,7.38,82.0,16.4,7.38,53.0,0.0,1012.9,962.1,,31.2,0.202,30.4,10192X0095/P21B
1629,168,2020-06-17,4.811397298,43.539904887,3.0,32.7,22.6,30.2,20.9,2020-06-17T02:54,2020-06-17T15:18,44640.27,33001.45,,,0.0,,0.0,0.0,0.0,,20.24,8.33,78.0,14.6,8.33,47.0,0.0,1012.7,961.9,,32.0,0.202,30.4,10192X0095/P21B
1630,169,2020-06-18,4.811397298,43.539904887,3.0,32.0,22.7,28.9,19.5,2020-06-18T02:55,2020-06-18T15:19,44641.36,31269.95,,,0.0,,0.0,0.0,0.0,,18.99,8.09,62.0,15.0,8.09,47.0,0.0,1012.7,962.0,,31.8,0.201,30.4,10192X0095/P21B
1631,170,2020-06-19,4.811397298,43.539904887,3.0,30.9,22.6,27.5,21.9,2020-06-19T02:55,2020-06-19T15:19,44642.08,32698.67,,,0.0,,0.0,0.0,0.0,,16.19,6.91,77.0,17.1,6.91,56.0,0.0,1012.6,961.8,,32.5,0.201,30.3,10192X0095/P21B
1632,171,2020-06-20,4.811397298,43.539904887,3.0,32.9,23.1,29.1,21.1,2020-06-20T02:55,2020-06-20T15:19,44642.45,42632.12,,,0.0,,0.0,0.0,0.0,,22.79,8.87,28.0,15.3,8.87,47.0,0.0,1012.0,961.4,,32.9,0.201,30.4,10192X0095/P21B
1633,172,2020-06-21,4.811397298,43.539904887,3.0,34.6,23.0,32.6,20.6,2020-06-21T02:55,2020-06-21T15:19,44642.45,43200.0,,,0.0,,0.0,0.0,0.0,,23.82,9.05,48.0,14.2,9.05,44.0,0.0,1011.1,960.6,,30.7,0.201,30.5,10192X0095/P21B
1634,173,2020-06-22,4.811397298,43.539904887,3.0,34.2,23.3,31.1,20.6,2020-06-22T02:55,2020-06-22T15:20,44642.08,39918.74,,,0.0,,0.0,0.0,0.0,,23.07,9.24,73.0,14.9,9.24,44.0,0.0,1010.4,959.9,,31.2,0.2,30.6,10192X0095/P21B
1635,174,2020-06-23,4.811397298,43.539904887,3.0,32.6,23.9,30.0,23.0,2020-06-23T02:56,2020-06-23T15:20,44641.33,42085.82,,,0.0,,0.0,0.0,0.0,,18.49,7.77,54.0,17.3,7.77,51.0,0.0,1010.8,960.3,,30.8,0.2,30.8,10192X0095/P21B
1636,175,2020-06-24,4.811397298,43.539904887,51.0,31.9,23.7,30.6,23.1,2020-06-24T02:56,2020-06-24T15:20,44640.21,38284.13,,,0.3,,0.0,0.3,3.0,,19.19,6.97,28.0,18.8,6.97,58.0,0.0,1011.7,961.0,,31.1,0.2,30.8,10192X0095/P21B
1637,176,2020-06-25,4.811397298,43.539904887,3.0,30.6,23.4,28.3,22.4,2020-06-25T02:56,2020-06-25T15:20,44638.73,36096.01,,,0.0,,0.0,0.0,0.0,,16.25,6.82,48.0,17.3,6.82,55.0,0.0,1011.0,960.3,,31.7,0.2,30.6,10192X0095/P21B
1638,177,2020-06-26,4.811397298,43.539904887,51.0,31.9,22.7,28.2,21.3,2020-06-26T02:56,2020-06-26T15:20,44636.87,39264.84,,,0.1,,0.0,0.1,1.0,,19.3,7.26,54.0,17.7,7.26,57.0,0.0,1010.7,959.9,,33.2,0.199,30.5,10192X0095/P21B
1639,178,2020-06-27,4.811397298,43.539904887,3.0,31.5,22.9,28.4,21.3,2020-06-27T02:57,2020-06-27T15:20,44634.67,36795.2,,,0.0,,0.0,0.0,0.0,,18.47,6.95,42.0,17.7,6.95,58.0,0.0,1011.6,960.8,,32.8,0.199,30.5,10192X0095/P21B
1640,179,2020-06-28,4.811397298,43.539904887,3.0,32.2,22.8,29.5,22.4,2020-06-28T02:57,2020-06-28T15:21,44632.11,36866.68,,,0.0,,0.0,0.0,0.0,,18.89,6.68,44.0,18.6,6.68,62.0,0.0,1011.7,960.9,,30.9,0.199,30.4,10192X0095/P21B
1641,180,2020-06-29,4.811397298,43.539904887,51.0,31.7,23.0,29.9,23.6,2020-06-29T02:57,2020-06-29T15:21,44629.21,37790.41,,,0.2,,0.0,0.2,2.0,,19.66,6.2,38.0,19.7,6.2,66.0,0.0,1011.5,960.7,,30.4,0.199,30.4,10192X0095/P21B
1642,181,2020-06-30,4.811397298,43.539904887,51.0,31.9,23.0,29.7,22.9,2020-06-30T02:57,2020-06-30T15:21,44625.96,41496.18,,,0.3,,0.0,0.3,2.0,,17.72,6.14,78.0,19.3,6.14,64.0,0.0,1011.3,960.4,,31.7,0.189,30.6,10192X0095/P21B
1643,182,2020-07-01,4.811397298,43.539904887,3.0,31.0,22.7,26.4,21.0,2020-07-01T02:57,2020-07-01T15:21,44622.39,34273.72,,,0.0,,0.0,0.0,0.0,,17.43,7.2,83.0,16.7,7.2,56.0,0.0,1011.9,961.0,,35.6,0.178,30.6,10192X0095/P21B
1644,183,2020-07-02,4.811397298,43.539904887,3.0,31.6,21.7,27.1,19.8,2020-07-02T02:58,2020-07-02T15:21,44618.47,33749.11,,,0.0,,0.0,0.0,0.0,,19.03,7.8,79.0,15.3,7.8,52.0,0.0,1012.2,961.2,,35.7,0.179,30.5,10192X0095/P21B
1645,184,2020-07-03,4.811397298,43.539904887,3.0,31.2,21.7,27.6,19.6,2020-07-03T02:58,2020-07-03T15:22,44614.24,31166.44,,,0.0,,0.0,0.0,0.0,,18.27,7.55,70.0,14.8,7.55,50.0,0.0,1012.4,961.4,,31.8,0.178,30.3,10192X0095/P21B
1646,185,2020-07-04,4.811397298,43.539904887,3.0,32.1,21.7,28.6,18.4,2020-07-04T02:58,2020-07-04T15:22,44609.69,38181.29,,,0.0,,0.0,0.0,0.0,,22.5,8.54,62.0,14.7,8.54,48.0,0.0,1012.0,961.1,,33.1,0.179,30.4,10192X0095/P21B
1647,186,2020-07-05,4.811397298,43.539904887,3.0,32.0,22.5,27.4,20.2,2020-07-05T02:58,2020-07-05T15:22,44604.83,35945.61,,,0.0,,0.0,0.0,0.0,,19.31,8.05,76.0,15.7,8.05,51.0,0.0,1010.5,959.8,,35.1,0.178,30.4,10192X0095/P21B
1648,187,2020-07-06,4.811397298,43.539904887,3.0,31.7,22.8,27.7,20.3,2020-07-06T02:59,2020-07-06T15:22,44599.66,35075.85,,,0.0,,0.0,0.0,0.0,,18.55,7.7,65.0,15.6,7.7,51.0,0.0,1010.7,959.9,,33.5,0.178,30.4,10192X0095/P21B
1649,188,2020-07-07,4.811397298,43.539904887,3.0,32.3,22.9,29.0,19.9,2020-07-07T02:59,2020-07-07T15:22,44594.2,37575.62,,,0.0,,0.0,0.0,0.0,,21.41,8.81,64.0,14.0,8.81,44.0,0.0,1011.4,960.7,,31.5,0.178,30.5,10192X0095/P21B
1650,189,2020-07-08,4.811397298,43.539904887,61.0,31.4,23.7,29.0,23.1,2020-07-08T02:59,2020-07-08T15:22,44588.44,37167.35,,,1.8,,0.0,1.8,4.0,,19.7,7.04,76.0,17.1,7.04,54.0,0.0,1012.0,961.2,,27.2,0.179,30.4,10192X0095/P21B
1651,190,2020-07-09,4.811397298,43.539904887,3.0,33.2,22.7,31.2,22.5,2020-07-09T02:59,2020-07-09T15:22,44582.39,40858.64,,,0.0,,0.0,0.0,0.0,,22.71,7.88,50.0,17.3,7.88,53.0,0.0,1011.3,960.7,,27.3,0.178,30.4,10192X0095/P21B
1652,191,2020-07-10,4.811397298,43.539904887,3.0,32.7,22.6,30.0,21.8,2020-07-10T02:59,2020-07-10T15:22,44576.07,31200.53,,,0.0,,0.0,0.0,0.0,,17.6,6.79,92.0,17.6,6.79,57.0,0.0,1011.4,960.7,,29.0,0.178,30.4,10192X0095/P21B
1653,192,2020-07-11,4.811397298,43.539904887,3.0,32.9,22.1,29.4,20.8,2020-07-11T03:00,2020-07-11T15:22,44569.47,39681.54,,,0.0,,0.0,0.0,0.0,,23.0,8.39,39.0,16.0,8.39,52.0,0.0,1011.4,960.7,,32.8,0.178,30.5,10192X0095/P21B
1654,193,2020-07-12,4.811397298,43.539904887,3.0,30.2,22.9,27.0,21.3,2020-07-12T03:00,2020-07-12T15:22,44562.6,32194.14,,,0.0,,0.0,0.0,0.0,,15.02,6.25,55.0,17.8,6.25,61.0,0.0,1011.6,960.7,,33.5,0.178,30.3,10192X0095/P21B
1655,194,2020-07-13,4.811397298,43.539904887,3.0,31.2,22.5,27.9,21.5,2020-07-13T03:00,2020-07-13T15:23,44555.37,36894.33,,,0.0,,0.0,0.0,0.0,,14.96,6.39,57.0,17.3,6.39,59.0,0.0,1010.4,959.6,,31.8,0.177,30.2,10192X0095/P21B
1656,195,2020-07-14,4.811397298,43.539904887,51.0,31.0,22.2,28.5,20.6,2020-07-14T03:00,2020-07-14T15:23,44547.8,40207.73,,,0.2,,0.0,0.2,2.0,,16.85,6.13,70.0,17.7,6.13,61.0,0.0,1011.4,960.5,,30.7,0.177,30.1,10192X0095/P21B
1657,196,2020-07-15,4.811397298,43.539904887,3.0,32.3,22.1,28.4,20.4,2020-07-15T03:00,2020-07-15T15:23,44539.9,32721.11,,,0.0,,0.0,0.0,0.0,,19.64,7.95,98.0,14.9,7.95,49.0,0.0,1013.0,962.1,,30.2,0.177,30.1,10192X0095/P21B
1658,197,2020-07-16,4.811397298,43.539904887,53.0,30.1,22.1,26.4,19.4,2020-07-16T03:00,2020-07-16T15:23,44531.69,27139.08,,,1.2,,0.0,1.2,5.0,,14.11,5.8,97.0,17.1,5.8,61.0,0.0,1013.8,962.6,,30.7,0.178,30.1,10192X0095/P21B
1659,198,2020-07-17,4.811397298,43.539904887,3.0,32.6,21.3,27.7,18.6,2020-07-17T03:01,2020-07-17T15:23,44523.17,36524.25,,,0.0,,0.0,0.0,0.0,,22.99,8.94,78.0,13.4,8.94,47.0,0.0,1012.3,961.3,,36.7,0.177,30.0,10192X0095/P21B
1660,199,2020-07-18,4.811397298,43.539904887,3.0,30.6,21.6,26.1,18.3,2020-07-18T03:01,2020-07-18T15:23,44514.35,28272.07,,,0.0,,0.0,0.0,0.0,,14.1,7.12,79.0,14.9,7.12,53.0,0.0,1011.8,960.8,,38.3,0.177,29.9,10192X0095/P21B
1661,200,2020-07-19,4.811397298,43.539904887,51.0,27.6,21.5,24.4,19.2,2020-07-19T03:01,2020-07-19T15:23,44505.26,25383.29,,,1.1,,0.0,1.1,8.0,,12.62,4.41,86.0,17.8,4.41,70.0,0.0,1013.3,961.9,,31.0,0.178,29.5,10192X0095/P21B
1662,201,2020-07-20,4.811397298,43.539904887,3.0,29.3,21.1,25.9,19.5,2020-07-20T03:01,2020-07-20T15:23,44495.9,35881.33,,,0.0,,0.0,0.0,0.0,,19.12,6.73,70.0,15.4,6.73,56.0,0.0,1012.5,961.3,,31.6,0.178,29.3,10192X0095/P21B
1663,202,2020-07-21,4.811397298,43.539904887,3.0,30.3,21.3,26.1,18.9,2020-07-21T03:01,2020-07-21T15:23,44486.28,37825.13,,,0.0,,0.0,0.0,0.0,,16.47,6.71,65.0,15.9,6.71,57.0,0.0,1011.3,960.2,,34.6,0.177,29.3,10192X0095/P21B
1664,203,2020-07-22,4.811397298,43.539904887,3.0,28.7,21.2,24.9,19.4,2020-07-22T03:01,2020-07-22T15:23,44476.42,24802.89,,,0.0,,0.0,0.0,0.0,,13.85,5.91,77.0,16.5,5.91,60.0,0.0,1010.8,959.7,,34.2,0.177,29.2,10192X0095/P21B
1665,204,2020-07-23,4.811397298,43.539904887,3.0,30.0,21.3,25.3,19.3,2020-07-23T03:01,2020-07-23T15:22,44466.32,13704.13,,,0.0,,0.0,0.0,0.0,,10.82,6.28,70.0,15.3,6.28,55.0,0.0,1010.6,959.6,,34.8,0.177,29.1,10192X0095/P21B
1666,205,2020-07-24,4.811397298,43.539904887,3.0,30.8,21.4,26.0,18.4,2020-07-24T03:01,2020-07-24T15:22,44456.0,33277.45,,,0.0,,0.0,0.0,0.0,,19.84,8.06,71.0,14.3,8.06,50.0,0.0,1010.5,959.6,,36.8,0.176,29.2,10192X0095/P21B
1667,206,2020-07-25,4.811397298,43.539904887,53.0,30.9,21.1,26.4,18.3,2020-07-25T03:02,2020-07-25T15:22,44445.48,27979.88,,,1.4,,0.0,1.4,6.0,,17.18,7.53,65.0,14.6,7.53,51.0,0.0,1011.3,960.3,,35.6,0.177,29.2,10192X0095/P21B
1668,207,2020-07-26,4.811397298,43.539904887,3.0,28.3,21.8,26.3,19.7,2020-07-26T03:02,2020-07-26T15:22,44434.76,29247.9,,,0.0,,0.0,0.0,0.0,,15.02,6.17,58.0,16.3,6.17,57.0,0.0,1012.1,961.0,,31.9,0.176,29.2,10192X0095/P21B
1669,208,2020-07-27,4.811397298,43.539904887,3.0,32.6,22.1,28.9,21.0,2020-07-27T03:02,2020-07-27T15:22,44423.86,35912.36,,,0.0,,0.0,0.0,0.0,,20.33,7.74,38.0,16.3,7.74,54.0,0.0,1010.9,960.1,,32.5,0.175,29.4,10192X0095/P21B
1670,209,2020-07-28,4.811397298,43.539904887,53.0,29.2,22.3,27.0,21.5,2020-07-28T03:02,2020-07-28T15:22,44412.78,36373.22,,,1.8,,0.0,1.8,10.0,,16.76,5.46,54.0,18.3,5.46,66.0,0.0,1012.4,961.3,,29.4,0.176,29.4,10192X0095/P21B
1671,210,2020-07-29,4.811397298,43.539904887,51.0,29.5,22.1,27.4,21.8,2020-07-29T03:02,2020-07-29T15:22,44401.54,33449.32,,,0.2,,0.0,0.2,1.0,,13.75,5.26,67.0,17.5,5.26,60.0,0.0,1013.1,962.0,,25.3,0.177,29.3,10192X0095/P21B
1672,211,2020-07-30,4.811397298,43.539904887,2.0,32.7,22.5,31.5,22.6,2020-07-30T03:02,2020-07-30T15:22,44390.14,42596.48,,,0.0,,0.0,0.0,0.0,,22.79,7.32,21.0,18.3,7.32,59.0,0.0,1013.2,962.4,,29.0,0.177,29.5,10192X0095/P21B
1673,212,2020-07-31,4.811397298,43.539904887,3.0,32.4,22.4,30.7,21.3,2020-07-31T03:02,2020-07-31T15:22,44378.62,42471.74,,,0.0,,0.0,0.0,0.0,,19.83,6.85,28.0,18.4,6.85,61.0,0.0,1013.2,962.3,,33.0,0.176,29.6,10192X0095/P21B
1674,213,2020-08-01,4.811397298,43.539904887,51.0,30.6,21.9,27.6,20.0,2020-08-01T03:02,2020-08-01T15:21,44366.93,39225.93,,,0.4,,0.0,0.4,4.0,,18.3,6.51,46.0,17.5,6.51,61.0,0.0,1013.8,962.7,,34.3,0.176,29.5,10192X0095/P21B
1675,214,2020-08-02,4.811397298,43.539904887,3.0,30.1,20.6,26.3,18.2,2020-08-02T03:02,2020-08-02T15:21,44355.01,38514.55,,,0.0,,0.0,0.0,0.0,,19.89,7.23,69.0,15.5,7.23,55.0,0.0,1014.9,963.7,,32.9,0.176,29.5,10192X0095/P21B
1676,215,2020-08-03,4.811397298,43.539904887,3.0,30.3,21.5,25.5,19.1,2020-08-03T03:02,2020-08-03T15:21,44342.85,25272.53,,,0.0,,0.0,0.0,0.0,,16.67,6.77,90.0,15.7,6.77,56.0,0.0,1015.1,963.9,,34.5,0.176,29.3,10192X0095/P21B
1677,216,2020-08-04,4.811397298,43.539904887,53.0,28.0,21.5,24.7,19.9,2020-08-04T03:02,2020-08-04T15:21,44330.45,24812.32,,,0.6,,0.0,0.6,2.0,,13.6,5.57,85.0,16.4,5.57,60.0,0.0,1014.4,963.1,,32.1,0.176,29.1,10192X0095/P21B
1678,217,2020-08-05,4.811397298,43.539904887,53.0,30.8,21.8,28.0,21.5,2020-08-05T03:02,2020-08-05T15:21,44317.83,40081.15,,,2.0,,0.0,2.0,10.0,,19.68,6.31,63.0,18.3,6.31,65.0,0.0,1013.6,962.5,,32.0,0.177,29.1,10192X0095/P21B
1679,218,2020-08-06,4.811397298,43.539904887,51.0,32.6,21.3,30.0,20.6,2020-08-06T03:02,2020-08-06T15:20,44305.01,41343.9,,,0.1,,0.0,0.1,1.0,,24.07,8.14,76.0,15.5,8.14,52.0,0.0,1013.0,962.1,,30.3,0.177,29.3,10192X0095/P21B
1680,219,2020-08-07,4.811397298,43.539904887,3.0,32.5,21.1,28.5,19.3,2020-08-07T03:02,2020-08-07T15:20,44292.0,38746.65,,,0.0,,0.0,0.0,0.0,,23.23,8.93,66.0,14.2,8.93,47.0,0.0,1012.8,961.9,,33.0,0.176,29.5,10192X0095/P21B
1681,220,2020-08-08,4.811397298,43.539904887,51.0,29.1,21.9,24.7,18.9,2020-08-08T03:02,2020-08-08T15:20,44278.82,16991.0,,,0.2,,0.0,0.2,2.0,,12.8,6.6,83.0,14.6,6.6,53.0,0.0,1014.0,962.7,,34.9,0.176,29.2,10192X0095/P21B
1682,221,2020-08-09,4.811397298,43.539904887,3.0,30.2,21.5,26.2,19.1,2020-08-09T03:02,2020-08-09T15:20,44265.47,31835.77,,,0.0,,0.0,0.0,0.0,,17.5,7.09,65.0,14.6,7.09,52.0,0.0,1013.4,962.2,,31.6,0.176,29.1,10192X0095/P21B
1683,222,2020-08-10,4.811397298,43.539904887,3.0,33.6,20.6,30.2,18.4,2020-08-10T03:02,2020-08-10T15:19,44251.97,39245.91,,,0.0,,0.0,0.0,0.0,,23.98,8.79,49.0,14.1,8.79,48.0,0.0,1011.8,960.9,,31.8,0.176,29.3,10192X0095/P21B
1684,223,2020-08-11,4.811397298,43.539904887,3.0,32.4,21.8,29.3,18.4,2020-08-11T03:02,2020-08-11T15:19,44238.33,34237.61,,,0.0,,0.0,0.0,0.0,,20.43,8.15,74.0,14.7,8.15,49.0,0.0,1011.9,961.1,,32.3,0.176,29.5,10192X0095/P21B
1685,224,2020-08-12,4.811397298,43.539904887,51.0,31.0,21.7,28.4,20.5,2020-08-12T03:02,2020-08-12T15:19,44224.57,23528.51,,,0.1,,0.0,0.1,1.0,,16.3,6.55,65.0,16.0,6.55,54.0,0.0,1013.3,962.3,,27.8,0.176,29.5,10192X0095/P21B
1686,225,2020-08-13,4.811397298,43.539904887,3.0,32.2,21.7,29.7,20.0,2020-08-13T03:02,2020-08-13T15:19,44210.7,32080.68,,,0.0,,0.0,0.0,0.0,,20.29,7.77,79.0,14.9,7.77,48.0,0.0,1011.7,960.9,,27.6,0.176,29.6,10192X0095/P21B
1687,226,2020-08-14,4.811397298,43.539904887,3.0,32.8,22.2,30.2,19.3,2020-08-14T03:02,2020-08-14T15:18,44196.72,38179.26,,,0.0,,0.0,0.0,0.0,,23.26,8.54,90.0,15.3,8.54,49.0,0.0,1010.1,959.5,,32.1,0.176,29.7,10192X0095/P21B
1688,227,2020-08-15,4.811397298,43.539904887,3.0,31.8,21.7,28.6,20.0,2020-08-15T03:02,2020-08-15T15:18,44182.66,33237.71,,,0.0,,0.0,0.0,0.0,,19.59,7.57,96.0,15.6,7.57,52.0,0.0,1010.4,959.6,,31.2,0.176,29.8,10192X0095/P21B
1689,228,2020-08-16,4.811397298,43.539904887,3.0,31.5,21.5,28.7,19.4,2020-08-16T03:02,2020-08-16T15:18,44168.51,35269.46,,,0.0,,0.0,0.0,0.0,,20.02,7.39,90.0,15.7,7.39,52.0,0.0,1011.2,960.4,,28.9,0.176,29.8,10192X0095/P21B
1690,229,2020-08-17,4.811397298,43.539904887,3.0,31.7,22.0,29.4,21.4,2020-08-17T03:01,2020-08-17T15:17,44154.31,35186.52,,,0.0,,0.0,0.0,0.0,,19.1,7.43,72.0,16.6,7.43,54.0,0.0,1010.6,959.9,,29.8,0.176,29.8,10192X0095/P21B
1691,230,2020-08-18,4.811397298,43.539904887,3.0,33.5,23.0,29.9,20.9,2020-08-18T03:01,2020-08-18T15:17,44140.05,35922.92,,,0.0,,0.0,0.0,0.0,,22.81,9.06,47.0,14.9,9.06,47.0,0.0,1009.9,959.4,,31.9,0.176,30.0,10192X0095/P21B
1692,231,2020-08-19,4.811397298,43.539904887,51.0,30.9,22.9,29.3,22.6,2020-08-19T03:01,2020-08-19T15:17,44125.74,38889.28,,,0.8,,0.0,0.8,4.0,,16.04,5.41,81.0,18.8,5.41,65.0,0.0,1011.0,960.1,,26.2,0.176,30.0,10192X0095/P21B
1693,232,2020-08-20,4.811397298,43.539904887,51.0,30.5,22.4,31.0,23.0,2020-08-20T03:01,2020-08-20T15:16,44111.4,37614.33,,,0.9,,0.0,0.9,6.0,,19.28,5.59,43.0,18.9,5.59,66.0,0.0,1011.3,960.4,,22.6,0.177,29.9,10192X0095/P21B
1694,233,2020-08-21,4.811397298,43.539904887,3.0,32.9,21.5,30.6,20.8,2020-08-21T03:01,2020-08-21T15:16,44097.03,36102.14,,,0.0,,0.0,0.0,0.0,,22.35,7.77,57.0,15.5,7.77,52.0,0.0,1012.5,961.7,,28.1,0.176,29.9,10192X0095/P21B
1695,234,2020-08-22,4.811397298,43.539904887,3.0,32.7,21.4,29.2,20.4,2020-08-22T03:01,2020-08-22T15:16,44082.51,34450.73,,,0.0,,0.0,0.0,0.0,,22.86,8.34,82.0,14.8,8.34,50.0,0.0,1012.3,961.4,,30.0,0.175,30.0,10192X0095/P21B
1696,235,2020-08-23,4.811397298,43.539904887,3.0,32.1,21.2,29.2,19.6,2020-08-23T03:01,2020-08-23T15:15,44067.84,36047.11,,,0.0,,0.0,0.0,0.0,,19.21,7.09,75.0,16.0,7.09,56.0,0.0,1012.2,961.2,,30.6,0.175,29.9,10192X0095/P21B
1697,236,2020-08-24,4.811397298,43.539904887,3.0,30.6,20.7,27.5,19.6,2020-08-24T03:01,2020-08-24T15:15,44053.03,32922.34,,,0.0,,0.0,0.0,0.0,,17.11,6.97,86.0,15.3,6.97,52.0,0.0,1012.1,961.1,,29.1,0.175,29.8,10192X0095/P21B
1698,237,2020-08-25,4.811397298,43.539904887,3.0,32.9,21.3,30.8,20.0,2020-08-25T03:00,2020-08-25T15:14,44038.1,35737.82,,,0.0,,0.0,0.0,0.0,,22.45,7.84,76.0,16.4,7.84,54.0,0.0,1012.9,962.1,,29.3,0.175,30.0,10192X0095/P21B
1699,238,2020-08-26,4.811397298,43.539904887,3.0,33.2,21.6,31.3,21.4,2020-08-26T03:00,2020-08-26T15:14,44023.06,42947.68,,,0.0,,0.0,0.0,0.0,,23.29,8.08,66.0,16.6,8.08,54.0,0.0,1012.8,962.0,,28.8,0.175,30.1,10192X0095/P21B
1700,239,2020-08-27,4.811397298,43.539904887,3.0,33.3,22.1,32.0,21.9,2020-08-27T03:00,2020-08-27T15:14,44007.92,42958.0,,,0.0,,0.0,0.0,0.0,,24.75,7.96,48.0,17.5,7.96,56.0,0.0,1012.0,961.3,,28.5,0.175,30.3,10192X0095/P21B
1701,240,2020-08-28,4.811397298,43.539904887,3.0,33.7,21.6,30.6,20.4,2020-08-28T03:00,2020-08-28T15:13,43992.68,42968.74,,,0.0,,0.0,0.0,0.0,,24.59,8.79,16.0,15.0,8.79,49.0,0.0,1010.3,959.6,,30.2,0.174,30.4,10192X0095/P21B
1702,241,2020-08-29,4.811397298,43.539904887,3.0,32.9,21.5,31.4,20.9,2020-08-29T03:00,2020-08-29T15:13,43977.37,42979.85,,,0.0,,0.0,0.0,0.0,,23.03,7.89,25.0,16.3,7.89,53.0,0.0,1010.5,959.9,,28.1,0.174,30.5,10192X0095/P21B
1703,242,2020-08-30,4.811397298,43.539904887,3.0,33.6,22.0,32.8,22.4,2020-08-30T03:00,2020-08-30T15:12,43961.99,42991.3,,,0.0,,0.0,0.0,0.0,,25.17,8.11,48.0,17.4,8.11,56.0,0.0,1010.8,960.2,,27.6,0.174,30.6,10192X0095/P21B
1704,243,2020-08-31,4.811397298,43.539904887,3.0,32.5,21.9,30.2,21.6,2020-08-31T02:59,2020-08-31T15:12,43946.56,43003.04,,,0.0,,0.0,0.0,0.0,,21.15,7.46,34.0,17.3,7.46,56.0,0.0,1011.3,960.6,,28.9,0.174,30.7,10192X0095/P21B
1705,244,2020-09-01,4.811397298,43.539904887,3.0,33.7,21.9,31.6,20.8,2020-09-01T02:59,2020-09-01T15:11,43931.08,42947.22,,,0.0,,0.0,0.0,0.0,,24.94,8.26,28.0,16.4,8.26,53.0,0.0,1012.0,961.3,,28.9,0.174,30.8,10192X0095/P21B
1706,245,2020-09-02,4.811397298,43.539904887,3.0,33.4,21.8,31.4,21.0,2020-09-02T02:59,2020-09-02T15:11,43915.57,42059.77,,,0.0,,0.0,0.0,0.0,,24.0,8.13,47.0,14.6,8.13,48.0,0.0,1012.2,961.5,,25.9,0.174,30.8,10192X0095/P21B
1707,246,2020-09-03,4.811397298,43.539904887,3.0,33.5,20.8,29.8,19.7,2020-09-03T02:59,2020-09-03T15:10,43900.03,43039.53,,,0.0,,0.0,0.0,0.0,,26.23,9.19,58.0,13.4,9.19,46.0,0.0,1011.9,961.2,,30.0,0.174,30.8,10192X0095/P21B
1708,247,2020-09-04,4.811397298,43.539904887,3.0,33.6,21.7,31.0,19.0,2020-09-04T02:59,2020-09-04T15:10,43884.49,41809.12,,,0.0,,0.0,0.0,0.0,,24.33,8.74,53.0,14.7,8.74,47.0,0.0,1011.7,961.0,,30.2,0.174,30.8,10192X0095/P21B
1709,248,2020-09-05,4.811397298,43.539904887,3.0,33.5,21.6,31.2,20.1,2020-09-05T02:58,2020-09-05T15:10,43868.94,43064.5,,,0.0,,0.0,0.0,0.0,,25.22,8.86,54.0,14.7,8.86,48.0,0.0,1010.5,959.8,,29.4,0.174,30.9,10192X0095/P21B
1710,249,2020-09-06,4.811397298,43.539904887,3.0,32.0,21.7,29.8,19.7,2020-09-06T02:58,2020-09-06T15:09,43853.39,37156.65,,,0.0,,0.0,0.0,0.0,,21.12,7.54,60.0,15.7,7.54,52.0,0.0,1010.2,959.4,,28.3,0.174,30.8,10192X0095/P21B
1711,250,2020-09-07,4.811397298,43.539904887,3.0,32.2,21.4,30.9,19.5,2020-09-07T02:58,2020-09-07T15:09,43837.86,30550.58,,,0.0,,0.0,0.0,0.0,,20.58,7.56,53.0,15.2,7.56,51.0,0.0,1011.8,960.9,,27.7,0.174,30.7,10192X0095/P21B
1712,251,2020-09-08,4.811397298,43.539904887,3.0,32.6,22.4,30.5,20.9,2020-09-08T02:58,2020-09-08T15:08,43822.36,42729.58,,,0.0,,0.0,0.0,0.0,,23.27,8.29,49.0,14.9,8.29,49.0,0.0,1013.2,962.3,,28.1,0.174,30.8,10192X0095/P21B
1713,252,2020-09-09,4.811397298,43.539904887,3.0,33.3,21.8,31.1,19.3,2020-09-09T02:58,2020-09-09T15:08,43806.89,41029.58,,,0.0,,0.0,0.0,0.0,,25.28,9.05,39.0,13.5,9.05,43.0,0.0,1012.6,961.9,,27.8,0.174,30.9,10192X0095/P21B
1714,253,2020-09-10,4.811397298,43.539904887,3.0,33.4,21.3,30.4,19.3,2020-09-10T02:57,2020-09-10T15:07,43791.46,41997.36,,,0.0,,0.0,0.0,0.0,,26.34,9.07,12.0,14.7,9.07,48.0,0.0,1011.3,960.6,,30.1,0.174,30.9,10192X0095/P21B
1715,254,2020-09-11,4.811397298,43.539904887,51.0,33.5,22.6,31.4,21.4,2020-09-11T02:57,2020-09-11T15:07,43775.94,43139.07,,,0.1,,0.0,0.1,1.0,,25.27,8.6,53.0,16.9,8.6,53.0,0.0,1010.8,960.2,,30.4,0.174,31.0,10192X0095/P21B
1716,255,2020-09-12,4.811397298,43.539904887,3.0,33.4,22.9,31.4,21.9,2020-09-12T02:57,2020-09-12T15:06,43760.34,43151.9,,,0.0,,0.0,0.0,0.0,,25.5,8.51,39.0,17.5,8.51,55.0,0.0,1012.1,961.5,,31.6,0.174,31.1,10192X0095/P21B
1717,256,2020-09-13,4.811397298,43.539904887,3.0,31.9,22.2,29.5,21.1,2020-09-13T02:57,2020-09-13T15:06,43744.67,41689.73,,,0.0,,0.0,0.0,0.0,,19.55,6.78,59.0,17.6,6.78,58.0,0.0,1013.5,962.6,,28.3,0.174,31.0,10192X0095/P21B
1718,257,2020-09-14,4.811397298,43.539904887,2.0,34.2,23.0,32.9,22.8,2020-09-14T02:56,2020-09-14T15:05,43728.94,43178.54,,,0.0,,0.0,0.0,0.0,,24.89,8.15,24.0,18.3,8.15,56.0,0.0,1012.3,961.7,,28.2,0.174,31.1,10192X0095/P21B
1719,258,2020-09-15,4.811397298,43.539904887,3.0,32.6,22.6,32.1,22.2,2020-09-15T02:56,2020-09-15T15:05,43713.15,41954.42,,,0.0,,0.0,0.0,0.0,,20.35,6.93,28.0,18.1,6.93,58.0,0.0,1012.1,961.4,,27.1,0.174,31.0,10192X0095/P21B
1720,259,2020-09-16,4.811397298,43.539904887,2.0,34.2,22.3,32.8,22.5,2020-09-16T02:56,2020-09-16T15:04,43697.33,43200.0,,,0.0,,0.0,0.0,0.0,,25.14,8.36,11.0,16.8,8.36,52.0,0.0,1010.9,960.3,,26.5,0.173,31.2,10192X0095/P21B
1721,260,2020-09-17,4.811397298,43.539904887,0.0,34.3,22.2,32.6,21.4,2020-09-17T02:56,2020-09-17T15:04,43681.48,43200.0,,,0.0,,0.0,0.0,0.0,,26.33,8.64,2.0,15.1,8.64,48.0,0.0,1011.8,961.2,,24.5,0.173,31.3,10192X0095/P21B
1722,261,2020-09-18,4.811397298,43.539904887,0.0,33.9,21.8,32.9,21.4,2020-09-18T02:56,2020-09-18T15:03,43665.6,43200.0,,,0.0,,0.0,0.0,0.0,,26.43,8.57,7.0,16.0,8.57,51.0,0.0,1011.8,961.1,,26.1,0.173,31.3,10192X0095/P21B
1723,262,2020-09-19,4.811397298,43.539904887,51.0,33.4,21.8,31.6,20.9,2020-09-19T02:55,2020-09-19T15:03,43649.71,42661.95,,,0.1,,0.0,0.1,1.0,,23.36,7.84,19.0,17.1,7.84,56.0,0.0,1011.6,960.9,,29.0,0.173,31.3,10192X0095/P21B
1724,263,2020-09-20,4.811397298,43.539904887,3.0,33.1,21.7,30.9,21.2,2020-09-20T02:55,2020-09-20T15:02,43633.82,39652.2,,,0.0,,0.0,0.0,0.0,,24.39,7.92,44.0,15.9,7.92,52.0,0.0,1012.0,961.2,,27.1,0.173,31.2,10192X0095/P21B
1725,264,2020-09-21,4.811397298,43.539904887,3.0,34.1,21.7,32.6,20.3,2020-09-21T02:55,2020-09-21T15:02,43617.95,43131.93,,,0.0,,0.0,0.0,0.0,,26.42,9.03,63.0,13.9,9.03,44.0,0.0,1011.5,960.9,,25.2,0.173,31.3,10192X0095/P21B
1726,265,2020-09-22,4.811397298,43.539904887,3.0,34.4,21.9,32.1,20.1,2020-09-22T02:55,2020-09-22T15:01,43602.09,43102.36,,,0.0,,0.0,0.0,0.0,,26.12,9.27,93.0,14.6,9.27,45.0,0.0,1011.8,961.2,,28.3,0.173,31.4,10192X0095/P21B
1727,266,2020-09-23,4.811397298,43.539904887,3.0,32.9,22.7,32.0,22.2,2020-09-23T02:54,2020-09-23T15:01,43586.26,42554.9,,,0.0,,0.0,0.0,0.0,,21.24,7.48,60.0,17.9,7.48,56.0,0.0,1012.1,961.5,,28.7,0.173,31.4,10192X0095/P21B
1728,267,2020-09-24,4.811397298,43.539904887,3.0,31.7,22.8,29.2,22.2,2020-09-24T02:54,2020-09-24T15:00,43570.48,40015.98,,,0.0,,0.0,0.0,0.0,,18.3,6.75,52.0,17.5,6.75,57.0,0.0,1012.2,961.4,,27.9,0.173,31.3,10192X0095/P21B
1729,268,2020-09-25,4.811397298,43.539904887,3.0,33.9,22.3,32.6,20.1,2020-09-25T02:54,2020-09-25T15:00,43554.74,43015.28,,,0.0,,0.0,0.0,0.0,,24.5,8.97,33.0,15.1,8.97,47.0,0.0,1011.4,960.7,,29.4,0.173,31.3,10192X0095/P21B
1730,269,2020-09-26,4.811397298,43.539904887,3.0,34.3,22.2,32.9,21.0,2020-09-26T02:54,2020-09-26T14:59,43539.06,42987.03,,,0.0,,0.0,0.0,0.0,,25.14,8.3,47.0,16.1,8.3,50.0,0.0,1010.4,959.9,,25.4,0.173,31.4,10192X0095/P21B
1731,270,2020-09-27,4.811397298,43.539904887,3.0,34.0,23.1,34.2,23.2,2020-09-27T02:54,2020-09-27T14:59,43523.46,42959.26,,,0.0,,0.0,0.0,0.0,,24.11,7.58,50.0,16.3,7.58,47.0,0.0,1009.6,959.2,,17.8,0.173,31.7,10192X0095/P21B
1732,271,2020-09-28,4.811397298,43.539904887,51.0,34.6,23.7,35.6,23.8,2020-09-28T02:53,2020-09-28T14:58,43507.93,42932.04,,,0.1,,0.0,0.1,1.0,,23.43,7.2,37.0,18.1,7.2,53.0,0.0,1010.3,959.8,,18.2,0.173,31.9,10192X0095/P21B
1733,272,2020-09-29,4.811397298,43.539904887,51.0,34.3,23.0,35.3,23.9,2020-09-29T02:53,2020-09-29T14:58,43492.49,42344.82,,,0.1,,0.0,0.1,1.0,,23.78,7.52,72.0,17.4,7.52,51.0,0.0,1010.3,959.9,,18.9,0.173,32.0,10192X0095/P21B
1734,273,2020-09-30,4.811397298,43.539904887,51.0,31.6,23.3,31.6,24.1,2020-09-30T02:53,2020-09-30T14:58,43477.14,37289.52,,,0.2,,0.0,0.2,2.0,,16.59,5.48,87.0,17.6,5.48,54.0,0.0,1010.7,960.1,,17.1,0.174,31.9,10192X0095/P21B
1735,274,2020-10-01,4.811397298,43.539904887,3.0,33.6,22.9,33.1,24.2,2020-10-01T02:53,2020-10-01T14:57,43461.75,42853.24,,,0.0,,0.0,0.0,0.0,,24.22,7.47,32.0,15.6,7.47,47.0,0.0,1010.3,959.9,,17.3,0.173,31.9,10192X0095/P21B
1736,275,2020-10-02,4.811397298,43.539904887,3.0,34.5,23.3,34.9,24.0,2020-10-02T02:53,2020-10-02T14:57,43446.33,42827.09,,,0.0,,0.0,0.0,0.0,,25.43,7.68,28.0,16.7,7.68,49.0,0.0,1010.5,960.1,,18.8,0.173,32.2,10192X0095/P21B
1737,276,2020-10-03,4.811397298,43.539904887,3.0,31.8,24.3,31.4,25.1,2020-10-03T02:52,2020-10-03T14:56,43430.88,38067.23,,,0.0,,0.0,0.0,0.0,,19.14,6.14,76.0,16.5,6.14,50.0,0.0,1011.9,961.3,,15.4,0.173,32.2,10192X0095/P21B
1738,277,2020-10-04,4.811397298,43.539904887,53.0,29.7,24.4,30.7,25.7,2020-10-04T02:52,2020-10-04T14:56,43415.4,30906.09,,,1.9,,0.0,1.9,5.0,,12.45,3.71,70.0,19.0,3.71,64.0,0.0,1012.8,961.8,,12.0,0.173,31.8,10192X0095/P21B
1739,278,2020-10-05,4.811397298,43.539904887,3.0,33.5,24.0,34.5,26.0,2020-10-05T02:52,2020-10-05T14:55,43399.94,42749.05,,,0.0,,0.0,0.0,0.0,,22.33,6.59,37.0,18.5,6.59,55.0,0.0,1011.5,961.0,,16.3,0.172,31.9,10192X0095/P21B
1740,279,2020-10-06,4.811397298,43.539904887,53.0,34.6,23.9,35.6,25.5,2020-10-06T02:52,2020-10-06T14:55,43384.48,40127.95,,,1.0,,0.0,1.0,3.0,,22.69,6.32,46.0,19.3,6.32,60.0,0.0,1010.9,960.4,,16.6,0.172,32.1,10192X0095/P21B
1741,280,2020-10-07,4.811397298,43.539904887,51.0,33.9,24.5,35.1,25.9,2020-10-07T02:52,2020-10-07T14:55,43369.02,38953.59,,,0.1,,0.0,0.1,1.0,,20.01,5.75,68.0,19.4,5.75,60.0,0.0,1011.2,960.6,,14.5,0.172,32.1,10192X0095/P21B
1742,281,2020-10-08,4.811397298,43.539904887,51.0,33.5,23.2,34.7,25.3,2020-10-08T02:52,2020-10-08T14:54,43353.6,41783.34,,,0.2,,0.0,0.2,2.0,,21.83,5.78,41.0,19.6,5.78,63.0,0.0,1011.2,960.5,,15.9,0.171,31.9,10192X0095/P21B
1743,282,2020-10-09,4.811397298,43.539904887,3.0,32.4,23.1,34.8,25.2,2020-10-09T02:51,2020-10-09T14:54,43338.23,42648.18,,,0.0,,0.0,0.0,0.0,,23.54,5.61,44.0,20.2,5.61,67.0,0.0,1010.4,959.8,,14.3,0.172,31.6,10192X0095/P21B
1744,283,2020-10-10,4.811397298,43.539904887,51.0,32.3,22.7,35.0,25.3,2020-10-10T02:51,2020-10-10T14:53,43322.89,42623.93,,,0.5,,0.0,0.5,2.0,,21.37,5.45,61.0,20.1,5.45,67.0,0.0,1010.8,960.1,,15.5,0.169,31.5,10192X0095/P21B
1745,284,2020-10-11,4.811397298,43.539904887,3.0,33.5,22.4,36.5,25.1,2020-10-11T02:51,2020-10-11T14:53,43307.63,42600.19,,,0.0,,0.0,0.0,0.0,,23.32,5.95,31.0,19.6,5.95,63.0,0.0,1010.3,959.6,,13.4,0.168,31.6,10192X0095/P21B
1746,285,2020-10-12,4.811397298,43.539904887,51.0,34.5,23.2,38.1,25.5,2020-10-12T02:51,2020-10-12T14:53,43292.43,42309.47,,,0.8,,0.0,0.8,3.0,,22.58,5.7,41.0,19.9,5.7,63.0,0.0,1009.7,959.2,,11.3,0.168,31.9,10192X0095/P21B
1747,286,2020-10-13,4.811397298,43.539904887,63.0,32.6,23.7,35.7,26.8,2020-10-13T02:51,2020-10-13T14:52,43277.32,39600.0,,,4.3,,0.0,4.3,6.0,,19.77,4.82,92.0,21.1,4.82,70.0,0.0,1011.0,960.3,,11.3,0.168,31.9,10192X0095/P21B
1748,287,2020-10-14,4.811397298,43.539904887,55.0,30.5,23.1,33.1,24.8,2020-10-14T02:51,2020-10-14T14:52,43262.31,41171.12,,,1.8,,0.0,1.8,5.0,,21.23,4.8,62.0,21.1,4.8,74.0,0.0,1012.6,961.6,,14.6,0.167,31.5,10192X0095/P21B
1749,288,2020-10-15,4.811397298,43.539904887,51.0,32.1,22.4,34.0,24.6,2020-10-15T02:51,2020-10-15T14:51,43247.39,42511.48,,,0.1,,0.0,0.1,1.0,,23.91,5.96,40.0,19.7,5.96,67.0,0.0,1012.3,961.4,,18.5,0.166,31.2,10192X0095/P21B
1750,289,2020-10-16,4.811397298,43.539904887,3.0,32.9,22.3,34.5,24.2,2020-10-16T02:51,2020-10-16T14:51,43232.6,42491.17,,,0.0,,0.0,0.0,0.0,,23.52,6.55,46.0,18.7,6.55,61.0,0.0,1010.8,960.1,,18.9,0.165,31.3,10192X0095/P21B
1751,290,2020-10-17,4.811397298,43.539904887,51.0,31.4,22.8,30.9,23.0,2020-10-17T02:51,2020-10-17T14:51,43217.94,41861.18,,,0.1,,0.0,0.1,1.0,,18.09,5.72,53.0,18.3,5.72,60.0,0.0,1011.3,960.5,,20.0,0.165,31.3,10192X0095/P21B
1752,291,2020-10-18,4.811397298,43.539904887,53.0,31.7,22.4,32.0,23.7,2020-10-18T02:50,2020-10-18T14:51,43203.42,42453.23,,,1.0,,0.0,1.0,3.0,,21.55,6.16,30.0,18.6,6.16,60.0,0.0,1011.1,960.4,,19.2,0.164,31.4,10192X0095/P21B
1753,292,2020-10-19,4.811397298,43.539904887,51.0,33.6,22.5,34.6,24.1,2020-10-19T02:50,2020-10-19T14:50,43189.06,42435.71,,,0.1,,0.0,0.1,1.0,,23.28,6.77,38.0,17.6,6.77,54.0,0.0,1010.9,960.3,,16.4,0.164,31.6,10192X0095/P21B
1754,293,2020-10-20,4.811397298,43.539904887,51.0,33.2,23.3,34.9,25.3,2020-10-20T02:50,2020-10-20T14:50,43174.83,42419.11,,,0.9,,0.0,0.9,7.0,,22.57,6.05,25.0,17.9,6.05,54.0,0.0,1010.1,959.7,,12.8,0.165,31.8,10192X0095/P21B
1755,294,2020-10-21,4.811397298,43.539904887,55.0,34.0,23.1,35.4,25.0,2020-10-21T02:50,2020-10-21T14:50,43160.64,32400.0,,,2.4,,0.0,2.4,4.0,,20.29,5.46,67.0,20.0,5.46,66.0,0.0,1011.2,960.5,,15.3,0.165,31.9,10192X0095/P21B
1756,295,2020-10-22,4.811397298,43.539904887,3.0,34.4,23.2,35.8,24.6,2020-10-22T02:50,2020-10-22T14:49,43146.46,42387.4,,,0.0,,0.0,0.0,0.0,,23.39,6.76,28.0,18.6,6.76,56.0,0.0,1011.0,960.5,,17.8,0.164,31.8,10192X0095/P21B
1757,296,2020-10-23,4.811397298,43.539904887,3.0,34.4,23.8,35.0,24.8,2020-10-23T02:50,2020-10-23T14:49,43132.31,42372.32,,,0.0,,0.0,0.0,0.0,,23.59,7.13,73.0,18.5,7.13,54.0,0.0,1010.3,960.0,,20.5,0.165,31.9,10192X0095/P21B
1758,297,2020-10-24,4.811397298,43.539904887,51.0,32.9,23.7,33.9,24.8,2020-10-24T02:50,2020-10-24T14:49,43118.2,42237.82,,,0.1,,0.0,0.1,1.0,,20.58,6.19,67.0,19.3,6.19,61.0,0.0,1010.9,960.3,,20.5,0.164,31.9,10192X0095/P21B
1759,298,2020-10-25,4.811397298,43.539904887,51.0,33.2,22.8,34.9,25.5,2020-10-25T02:50,2020-10-25T14:49,43104.14,41776.85,,,0.2,,0.0,0.2,1.0,,21.92,5.92,71.0,18.4,5.92,57.0,0.0,1010.0,959.5,,13.6,0.164,32.0,10192X0095/P21B
1760,299,2020-10-26,4.811397298,43.539904887,53.0,32.2,23.4,33.2,25.0,2020-10-26T02:50,2020-10-26T14:48,43090.16,38135.47,,,4.0,,0.0,4.0,11.0,,17.74,4.85,84.0,19.7,4.85,66.0,0.0,1011.1,960.3,,14.5,0.164,32.0,10192X0095/P21B
1761,300,2020-10-27,4.811397298,43.539904887,53.0,30.5,22.7,34.4,24.4,2020-10-27T02:50,2020-10-27T14:48,43076.26,28081.0,,,3.9,,0.0,3.9,10.0,,17.74,4.22,93.0,20.3,4.22,74.0,0.0,1011.8,960.7,,10.0,0.169,31.5,10192X0095/P21B
1762,301,2020-10-28,4.811397298,43.539904887,51.0,29.2,21.6,33.9,24.8,2020-10-28T02:50,2020-10-28T14:48,43062.44,33165.02,,,0.4,,0.0,0.4,2.0,,17.35,4.0,74.0,20.8,4.0,76.0,0.0,1011.9,960.8,,11.5,0.166,31.2,10192X0095/P21B
1763,302,2020-10-29,4.811397298,43.539904887,51.0,29.2,22.5,32.3,25.7,2020-10-29T02:50,2020-10-29T14:48,43048.74,31550.38,,,1.0,,0.0,1.0,8.0,,15.11,3.35,74.0,20.7,3.35,76.0,0.0,1012.7,961.5,,7.2,0.166,31.1,10192X0095/P21B
1764,303,2020-10-30,4.811397298,43.539904887,53.0,29.4,22.1,32.7,25.2,2020-10-30T02:50,2020-10-30T14:48,43035.15,40878.41,,,2.4,,0.0,2.4,9.0,,20.38,4.3,62.0,20.7,4.3,76.0,0.0,1013.5,962.4,,10.8,0.166,31.1,10192X0095/P21B
1765,304,2020-10-31,4.811397298,43.539904887,53.0,29.2,22.0,32.2,23.9,2020-10-31T02:51,2020-10-31T14:48,43021.7,41125.64,,,1.8,,0.0,1.8,5.0,,19.29,4.17,57.0,20.5,4.17,77.0,0.0,1013.3,962.1,,12.9,0.168,31.0,10192X0095/P21B
1766,305,2020-11-01,4.811397298,43.539904887,63.0,27.8,21.9,31.3,24.8,2020-11-01T02:51,2020-11-01T14:47,43008.39,40656.38,,,6.5,,0.0,6.5,10.0,,17.82,3.65,56.0,21.0,3.65,81.0,0.0,1013.3,962.0,,8.1,0.171,30.7,10192X0095/P21B
1767,306,2020-11-02,4.811397298,43.539904887,51.0,29.6,21.3,31.7,24.5,2020-11-02T02:51,2020-11-02T14:47,42995.24,42258.05,,,0.2,,0.0,0.2,2.0,,21.51,4.63,28.0,20.2,4.63,77.0,0.0,1013.9,962.7,,9.2,0.171,30.4,10192X0095/P21B
1768,307,2020-11-03,4.811397298,43.539904887,51.0,29.1,20.9,32.0,24.2,2020-11-03T02:51,2020-11-03T14:47,42982.28,40670.99,,,1.5,,0.0,1.5,8.0,,17.9,3.92,83.0,20.6,3.92,79.0,0.0,1014.2,962.9,,9.4,0.169,30.1,10192X0095/P21B
1769,308,2020-11-04,4.811397298,43.539904887,61.0,29.9,21.8,33.6,24.9,2020-11-04T02:51,2020-11-04T14:47,42969.49,34806.76,,,4.7,,0.0,4.7,8.0,,15.79,3.65,75.0,20.8,3.65,78.0,0.0,1013.2,962.0,,8.8,0.168,30.0,10192X0095/P21B
1770,309,2020-11-05,4.811397298,43.539904887,51.0,29.2,21.2,32.0,24.3,2020-11-05T02:51,2020-11-05T14:47,42956.9,41885.71,,,1.3,,0.0,1.3,9.0,,18.94,4.04,52.0,20.5,4.04,77.0,0.0,1012.3,961.1,,7.2,0.167,30.1,10192X0095/P21B
1771,310,2020-11-06,4.811397298,43.539904887,61.0,28.7,22.3,31.4,25.5,2020-11-06T02:51,2020-11-06T14:47,42944.53,36960.22,,,4.4,,0.0,4.4,7.0,,16.32,3.4,70.0,21.2,3.4,82.0,0.0,1013.0,961.8,,9.9,0.173,29.9,10192X0095/P21B
1772,311,2020-11-07,4.811397298,43.539904887,51.0,28.9,21.6,34.7,25.4,2020-11-07T02:51,2020-11-07T14:47,42932.4,39971.31,,,1.0,,0.0,1.0,6.0,,19.51,3.93,69.0,21.4,3.93,83.0,0.0,1013.8,962.5,,5.6,0.179,29.7,10192X0095/P21B
1773,312,2020-11-08,4.811397298,43.539904887,51.0,30.3,21.5,34.2,24.3,2020-11-08T02:51,2020-11-08T14:47,42920.51,41665.16,,,0.2,,0.0,0.2,2.0,,21.12,4.64,37.0,20.5,4.64,77.0,0.0,1014.1,962.9,,9.5,0.176,29.5,10192X0095/P21B
1774,313,2020-11-09,4.811397298,43.539904887,51.0,31.2,20.1,32.0,22.4,2020-11-09T02:52,2020-11-09T14:47,42908.85,42230.26,,,0.2,,0.0,0.2,2.0,,23.25,5.44,16.0,19.4,5.44,70.0,0.0,1013.2,962.1,,13.4,0.172,29.4,10192X0095/P21B
1775,314,2020-11-10,4.811397298,43.539904887,51.0,31.9,21.7,31.4,23.1,2020-11-10T02:52,2020-11-10T14:47,42897.32,42230.51,,,0.1,,0.0,0.1,1.0,,24.3,6.33,9.0,18.0,6.33,64.0,0.0,1012.2,961.2,,18.8,0.168,29.4,10192X0095/P21B
1776,315,2020-11-11,4.811397298,43.539904887,3.0,32.1,20.7,31.4,23.3,2020-11-11T02:52,2020-11-11T14:47,42885.9,42231.76,,,0.0,,0.0,0.0,0.0,,24.15,6.49,40.0,17.0,6.49,60.0,0.0,1012.5,961.5,,16.4,0.166,29.6,10192X0095/P21B
1777,316,2020-11-12,4.811397298,43.539904887,51.0,32.2,21.6,34.1,24.4,2020-11-12T02:52,2020-11-12T14:47,42874.61,42170.31,,,0.3,,0.0,0.3,1.0,,19.8,5.11,39.0,19.0,5.11,64.0,0.0,1012.6,961.7,,11.4,0.165,29.9,10192X0095/P21B
1778,317,2020-11-13,4.811397298,43.539904887,51.0,31.8,21.3,31.9,23.3,2020-11-13T02:53,2020-11-13T14:47,42863.45,42237.21,,,1.2,,0.0,1.2,6.0,,21.35,5.59,32.0,18.3,5.59,63.0,0.0,1012.4,961.5,,14.6,0.164,30.0,10192X0095/P21B
1779,318,2020-11-14,4.811397298,43.539904887,61.0,31.3,21.9,31.6,23.4,2020-11-14T02:53,2020-11-14T14:47,42852.45,42241.37,,,1.8,,0.0,1.8,3.0,,16.71,4.53,31.0,18.5,4.53,64.0,0.0,1011.6,960.7,,14.1,0.163,30.1,10192X0095/P21B
1780,319,2020-11-15,4.811397298,43.539904887,51.0,33.0,21.1,33.3,22.7,2020-11-15T02:53,2020-11-15T14:47,42841.6,42246.45,,,0.2,,0.0,0.2,1.0,,22.23,6.18,9.0,16.9,6.18,57.0,0.0,1010.7,959.9,,14.7,0.161,30.3,10192X0095/P21B
1781,320,2020-11-16,4.811397298,43.539904887,3.0,32.5,21.6,32.3,22.4,2020-11-16T02:53,2020-11-16T14:47,42830.94,42252.44,,,0.0,,0.0,0.0,0.0,,23.01,6.59,37.0,15.7,6.59,52.0,0.0,1011.7,960.9,,15.2,0.16,30.5,10192X0095/P21B
1782,321,2020-11-17,4.811397298,43.539904887,3.0,33.4,21.0,32.9,20.9,2020-11-17T02:54,2020-11-17T14:47,42820.47,42187.73,,,0.0,,0.0,0.0,0.0,,23.6,7.2,39.0,15.9,7.2,51.0,0.0,1010.9,960.2,,18.2,0.161,30.7,10192X0095/P21B
1783,322,2020-11-18,4.811397298,43.539904887,51.0,32.5,23.1,31.2,23.8,2020-11-18T02:54,2020-11-18T14:47,42810.2,40592.52,,,0.1,,0.0,0.1,1.0,,19.12,6.1,45.0,16.6,6.1,54.0,0.0,1010.8,960.1,,18.5,0.16,30.7,10192X0095/P21B
1784,323,2020-11-19,4.811397298,43.539904887,3.0,32.6,21.6,32.0,21.9,2020-11-19T02:54,2020-11-19T14:48,42800.14,42275.7,,,0.0,,0.0,0.0,0.0,,24.18,7.2,23.0,14.2,7.2,46.0,0.0,1010.7,960.0,,17.0,0.16,30.8,10192X0095/P21B
1785,324,2020-11-20,4.811397298,43.539904887,3.0,33.5,21.7,32.5,22.6,2020-11-20T02:55,2020-11-20T14:48,42790.32,42285.15,,,0.0,,0.0,0.0,0.0,,24.46,7.29,50.0,14.3,7.29,47.0,0.0,1010.3,959.7,,17.6,0.16,30.9,10192X0095/P21B
1786,325,2020-11-21,4.811397298,43.539904887,3.0,33.3,21.6,32.3,21.8,2020-11-21T02:55,2020-11-21T14:48,42780.75,42295.42,,,0.0,,0.0,0.0,0.0,,24.74,7.51,40.0,13.9,7.51,46.0,0.0,1010.6,960.0,,18.2,0.159,31.0,10192X0095/P21B
1787,326,2020-11-22,4.811397298,43.539904887,3.0,33.2,21.1,34.2,21.2,2020-11-22T02:55,2020-11-22T14:48,42771.43,42306.5,,,0.0,,0.0,0.0,0.0,,24.49,6.77,68.0,15.1,6.77,50.0,0.0,1011.4,960.7,,15.3,0.159,31.1,10192X0095/P21B
1788,327,2020-11-23,4.811397298,43.539904887,3.0,34.0,20.9,35.0,23.6,2020-11-23T02:56,2020-11-23T14:48,42762.39,41452.1,,,0.0,,0.0,0.0,0.0,,24.24,6.25,53.0,15.2,6.25,49.0,0.0,1011.3,960.8,,8.9,0.159,31.5,10192X0095/P21B
1789,328,2020-11-24,4.811397298,43.539904887,1.0,34.7,22.8,36.7,24.8,2020-11-24T02:56,2020-11-24T14:49,42753.63,42330.98,,,0.0,,0.0,0.0,0.0,,23.82,6.83,9.0,16.7,6.83,49.0,0.0,1010.0,959.7,,11.3,0.159,31.8,10192X0095/P21B
1790,329,2020-11-25,4.811397298,43.539904887,55.0,32.0,23.3,34.8,26.6,2020-11-25T02:56,2020-11-25T14:49,42745.18,41923.6,,,2.8,,0.0,2.8,7.0,,18.95,4.92,57.0,19.3,4.92,62.0,0.0,1011.1,960.4,,9.7,0.16,32.0,10192X0095/P21B
1791,330,2020-11-26,4.811397298,43.539904887,51.0,33.4,23.6,34.4,26.5,2020-11-26T02:57,2020-11-26T14:49,42737.04,42316.12,,,0.1,,0.0,0.1,1.0,,22.92,6.33,29.0,19.0,6.33,59.0,0.0,1011.4,960.8,,15.2,0.16,32.0,10192X0095/P21B
1792,331,2020-11-27,4.811397298,43.539904887,51.0,33.0,23.5,32.9,26.2,2020-11-27T02:57,2020-11-27T14:49,42729.23,42307.99,,,0.1,,0.0,0.1,1.0,,21.52,6.46,18.0,18.3,6.46,56.0,0.0,1011.7,961.1,,17.3,0.16,31.9,10192X0095/P21B
1793,332,2020-11-28,4.811397298,43.539904887,1.0,32.9,22.3,31.8,24.2,2020-11-28T02:57,2020-11-28T14:50,42721.78,42300.22,,,0.0,,0.0,0.0,0.0,,24.09,7.2,4.0,15.3,7.2,49.0,0.0,1011.5,960.9,,18.1,0.159,31.8,10192X0095/P21B
1794,333,2020-11-29,4.811397298,43.539904887,1.0,33.0,21.9,33.5,22.1,2020-11-29T02:58,2020-11-29T14:50,42714.66,42292.92,,,0.0,,0.0,0.0,0.0,,23.42,6.98,4.0,14.7,6.98,46.0,0.0,1011.3,960.6,,15.6,0.159,31.8,10192X0095/P21B
1795,334,2020-11-30,4.811397298,43.539904887,1.0,33.7,23.1,33.9,22.1,2020-11-30T02:58,2020-11-30T14:50,42707.8,42286.08,,,0.0,,0.0,0.0,0.0,,22.83,7.39,7.0,13.6,7.39,41.0,0.0,1011.0,960.5,,14.9,0.159,32.0,10192X0095/P21B
1796,335,2020-12-01,4.811397298,43.539904887,1.0,34.3,23.0,34.1,23.1,2020-12-01T02:59,2020-12-01T14:50,42701.19,42279.46,,,0.0,,0.0,0.0,0.0,,24.35,7.78,2.0,15.1,7.78,45.0,0.0,1010.7,960.2,,18.6,0.159,32.0,10192X0095/P21B
1797,336,2020-12-02,4.811397298,43.539904887,3.0,33.5,21.9,32.2,22.0,2020-12-02T02:59,2020-12-02T14:51,42694.84,42273.07,,,0.0,,0.0,0.0,0.0,,23.77,7.74,43.0,15.0,7.74,48.0,0.0,1011.3,960.7,,22.5,0.159,31.9,10192X0095/P21B
1798,337,2020-12-03,4.811397298,43.539904887,3.0,32.6,22.2,31.8,22.2,2020-12-03T03:00,2020-12-03T14:51,42688.76,42266.93,,,0.0,,0.0,0.0,0.0,,23.37,7.42,36.0,14.8,7.42,47.0,0.0,1012.7,961.9,,20.7,0.158,31.8,10192X0095/P21B
1799,338,2020-12-04,4.811397298,43.539904887,3.0,33.7,22.2,33.1,22.4,2020-12-04T03:00,2020-12-04T14:51,42682.95,42261.04,,,0.0,,0.0,0.0,0.0,,23.85,7.5,60.0,14.2,7.5,44.0,0.0,1012.5,961.9,,17.4,0.158,31.8,10192X0095/P21B
1800,339,2020-12-05,4.811397298,43.539904887,3.0,34.8,22.4,35.7,22.5,2020-12-05T03:00,2020-12-05T14:52,42677.42,42255.42,,,0.0,,0.0,0.0,0.0,,22.38,7.36,59.0,15.2,7.36,45.0,0.0,1011.2,960.8,,15.9,0.158,32.1,10192X0095/P21B
1801,340,2020-12-06,4.811397298,43.539904887,2.0,34.4,23.1,35.1,23.8,2020-12-06T03:01,2020-12-06T14:52,42672.19,42250.05,,,0.0,,0.0,0.0,0.0,,19.48,6.53,20.0,16.0,6.53,46.0,0.0,1011.3,961.0,,14.5,0.158,32.3,10192X0095/P21B
1802,341,2020-12-07,4.811397298,43.539904887,51.0,34.5,24.1,34.0,24.7,2020-12-07T03:01,2020-12-07T14:53,42667.24,42244.98,,,0.1,,0.0,0.1,1.0,,22.29,7.3,12.0,16.0,7.3,46.0,0.0,1011.9,961.5,,16.3,0.159,32.4,10192X0095/P21B
1803,342,2020-12-08,4.811397298,43.539904887,51.0,31.6,23.0,32.6,24.5,2020-12-08T03:02,2020-12-08T14:53,42662.6,42240.18,,,0.1,,0.0,0.1,1.0,,19.28,5.59,23.0,17.3,5.59,55.0,0.0,1013.2,962.3,,14.1,0.159,32.2,10192X0095/P21B
1804,343,2020-12-09,4.811397298,43.539904887,1.0,34.1,22.5,31.6,20.1,2020-12-09T03:02,2020-12-09T14:53,42658.27,42235.68,,,0.0,,0.0,0.0,0.0,,24.23,8.78,2.0,10.4,8.78,37.0,0.0,1011.7,961.1,,22.5,0.159,32.1,10192X0095/P21B
1805,344,2020-12-10,4.811397298,43.539904887,3.0,32.8,21.7,31.2,18.3,2020-12-10T03:03,2020-12-10T14:54,42654.26,42231.49,,,0.0,,0.0,0.0,0.0,,24.19,8.38,6.0,10.9,8.38,36.0,0.0,1012.3,961.5,,21.7,0.16,31.9,10192X0095/P21B
1806,345,2020-12-11,4.811397298,43.539904887,3.0,32.1,21.4,31.0,19.5,2020-12-11T03:03,2020-12-11T14:54,42650.58,42227.6,,,0.0,,0.0,0.0,0.0,,24.35,7.78,27.0,11.5,7.78,39.0,0.0,1012.6,961.7,,19.1,0.16,31.8,10192X0095/P21B
1807,346,2020-12-12,4.811397298,43.539904887,3.0,32.1,20.0,29.5,17.9,2020-12-12T03:04,2020-12-12T14:55,42647.23,42224.04,,,0.0,,0.0,0.0,0.0,,24.55,7.9,51.0,9.5,7.9,36.0,0.0,1012.7,961.7,,19.1,0.16,31.6,10192X0095/P21B
1808,347,2020-12-13,4.811397298,43.539904887,3.0,31.4,19.5,28.0,16.8,2020-12-13T03:04,2020-12-13T14:55,42644.23,42220.8,,,0.0,,0.0,0.0,0.0,,24.75,8.78,39.0,5.9,8.78,30.0,0.0,1012.2,961.2,,22.6,0.16,31.4,10192X0095/P21B
1809,348,2020-12-14,4.811397298,43.539904887,3.0,31.6,19.7,30.3,17.3,2020-12-14T03:05,2020-12-14T14:56,42641.56,42217.9,,,0.0,,0.0,0.0,0.0,,24.01,6.91,23.0,11.5,6.91,42.0,0.0,1012.0,961.0,,16.3,0.16,31.3,10192X0095/P21B
1810,349,2020-12-15,4.811397298,43.539904887,1.0,31.9,20.8,30.1,17.9,2020-12-15T03:05,2020-12-15T14:56,42639.26,42215.34,,,0.0,,0.0,0.0,0.0,,24.47,7.69,2.0,10.0,7.69,37.0,0.0,1011.8,960.9,,19.0,0.16,31.3,10192X0095/P21B
1811,350,2020-12-16,4.811397298,43.539904887,2.0,32.0,20.3,30.0,18.1,2020-12-16T03:06,2020-12-16T14:57,42637.32,42213.13,,,0.0,,0.0,0.0,0.0,,24.6,8.0,14.0,9.3,8.0,36.0,0.0,1011.7,960.8,,20.1,0.16,31.1,10192X0095/P21B
1812,351,2020-12-17,4.811397298,43.539904887,3.0,32.2,21.2,31.0,20.1,2020-12-17T03:06,2020-12-17T14:57,42635.75,42211.29,,,0.0,,0.0,0.0,0.0,,23.4,7.28,45.0,13.0,7.28,43.0,0.0,1011.6,960.8,,18.6,0.16,31.2,10192X0095/P21B
1813,352,2020-12-18,4.811397298,43.539904887,3.0,33.3,21.8,32.9,20.6,2020-12-18T03:07,2020-12-18T14:57,42634.56,42209.8,,,0.0,,0.0,0.0,0.0,,22.68,7.79,35.0,15.4,7.79,47.0,0.0,1010.6,960.0,,22.3,0.16,31.2,10192X0095/P21B
1814,353,2020-12-19,4.811397298,43.539904887,3.0,32.7,24.0,32.1,23.0,2020-12-19T03:07,2020-12-19T14:58,42633.74,42208.9,,,0.0,,0.0,0.0,0.0,,21.14,7.24,25.0,17.6,7.24,53.0,0.0,1011.5,960.9,,25.5,0.16,31.3,10192X0095/P21B
1815,354,2020-12-20,4.811397298,43.539904887,3.0,33.3,23.7,32.5,24.3,2020-12-20T03:08,2020-12-20T14:58,42633.3,42208.67,,,0.0,,0.0,0.0,0.0,,22.53,7.31,49.0,17.0,7.31,50.0,0.0,1011.9,961.4,,21.4,0.16,31.4,10192X0095/P21B
1816,355,2020-12-21,4.811397298,43.539904887,3.0,33.8,23.9,31.9,21.9,2020-12-21T03:08,2020-12-21T14:59,42633.21,42208.79,,,0.0,,0.0,0.0,0.0,,23.79,8.75,22.0,12.7,8.75,38.0,0.0,1011.7,961.3,,23.4,0.16,31.5,10192X0095/P21B
1817,356,2020-12-22,4.811397298,43.539904887,3.0,33.6,23.3,32.0,22.0,2020-12-22T03:09,2020-12-22T14:59,42633.49,42209.24,,,0.0,,0.0,0.0,0.0,,23.2,8.27,64.0,13.2,8.27,40.0,0.0,1011.2,960.7,,21.8,0.16,31.6,10192X0095/P21B
1818,357,2020-12-23,4.811397298,43.539904887,3.0,33.2,23.2,32.3,21.5,2020-12-23T03:09,2020-12-23T15:00,42634.12,42210.04,,,0.0,,0.0,0.0,0.0,,23.9,8.15,51.0,11.7,8.15,38.0,0.0,1010.7,960.1,,20.5,0.16,31.7,10192X0095/P21B
1819,358,2020-12-24,4.811397298,43.539904887,3.0,32.2,21.5,30.6,19.8,2020-12-24T03:10,2020-12-24T15:00,42635.11,42211.19,,,0.0,,0.0,0.0,0.0,,24.31,7.98,27.0,9.7,7.98,35.0,0.0,1010.1,959.4,,18.9,0.16,31.5,10192X0095/P21B
1820,359,2020-12-25,4.811397298,43.539904887,0.0,32.7,20.9,30.9,17.7,2020-12-25T03:10,2020-12-25T15:01,42636.44,42212.65,,,0.0,,0.0,0.0,0.0,,24.39,8.25,0.0,9.8,8.25,35.0,0.0,1009.6,958.9,,20.2,0.16,31.4,10192X0095/P21B
1821,360,2020-12-26,4.811397298,43.539904887,3.0,32.9,21.0,28.6,17.6,2020-12-26T03:11,2020-12-26T15:01,42638.11,42214.46,,,0.0,,0.0,0.0,0.0,,24.49,9.34,33.0,7.2,9.34,32.0,0.0,1010.7,959.9,,25.9,0.16,31.3,10192X0095/P21B
1822,361,2020-12-27,4.811397298,43.539904887,0.0,32.7,21.8,30.1,20.1,2020-12-27T03:11,2020-12-27T15:02,42640.12,42216.58,,,0.0,,0.0,0.0,0.0,,24.31,8.3,0.0,11.3,8.3,39.0,0.0,1010.8,960.1,,23.4,0.16,31.2,10192X0095/P21B
1823,362,2020-12-28,4.811397298,43.539904887,3.0,33.0,21.9,30.3,20.2,2020-12-28T03:12,2020-12-28T15:02,42642.48,42219.03,,,0.0,,0.0,0.0,0.0,,24.04,8.46,49.0,12.4,8.46,40.0,0.0,1011.2,960.6,,24.3,0.16,31.2,10192X0095/P21B
1824,363,2020-12-29,4.811397298,43.539904887,51.0,33.6,23.4,32.5,22.8,2020-12-29T03:12,2020-12-29T15:03,42645.15,42221.79,,,0.1,,0.0,0.1,1.0,,22.36,7.9,17.0,16.2,7.9,48.0,0.0,1010.5,960.0,,23.6,0.16,31.4,10192X0095/P21B
1825,364,2020-12-30,4.811397298,43.539904887,2.0,33.3,24.6,31.7,23.5,2020-12-30T03:13,2020-12-30T15:03,42648.16,42075.03,,,0.0,,0.0,0.0,0.0,,21.77,7.78,24.0,16.6,7.78,49.0,0.0,1010.0,959.6,,24.9,0.16,31.5,10192X0095/P21B
1826,365,2020-12-31,4.811397298,43.539904887,3.0,32.5,23.2,30.1,21.1,2020-12-31T03:13,2020-12-31T15:04,42651.49,42168.97,,,0.0,,0.0,0.0,0.0,,24.11,8.18,28.0,11.5,8.18,40.0,0.0,1010.8,960.2,,22.6,0.16,31.5,10192X0095/P21B
1827,0,2021-01-01,4.811397298,43.539904887,3.0,31.6,21.0,30.0,19.0,2021-01-01T03:14,2021-01-01T15:05,42655.15,42141.65,,,0.0,,0.0,0.0,0.0,,24.33,7.69,30.0,11.2,7.69,40.0,0.0,1011.7,960.8,,20.0,0.16,31.4,10192X0095/P21B
1828,1,2021-01-02,4.811397298,43.539904887,3.0,32.8,21.3,30.7,20.9,2021-01-02T03:14,2021-01-02T15:05,42659.11,42114.98,,,0.0,,0.0,0.0,0.0,,24.45,8.23,55.0,10.4,8.23,38.0,0.0,1012.0,961.2,,20.2,0.16,31.3,10192X0095/P21B
1829,2,2021-01-03,4.811397298,43.539904887,3.0,32.8,20.7,30.5,18.8,2021-01-03T03:14,2021-01-03T15:06,42663.39,42089.02,,,0.0,,0.0,0.0,0.0,,24.58,8.18,68.0,10.5,8.18,37.0,0.0,1011.7,960.9,,20.5,0.16,31.2,10192X0095/P21B
1830,3,2021-01-04,4.811397298,43.539904887,3.0,32.3,21.4,30.2,19.7,2021-01-04T03:15,2021-01-04T15:06,42667.97,42063.88,,,0.0,,0.0,0.0,0.0,,24.45,7.93,75.0,11.5,7.93,39.0,0.0,1011.1,960.3,,20.3,0.16,31.2,10192X0095/P21B
1831,4,2021-01-05,4.811397298,43.539904887,3.0,31.9,21.2,29.5,19.7,2021-01-05T03:15,2021-01-05T15:07,42672.84,42039.63,,,0.0,,0.0,0.0,0.0,,24.56,8.27,37.0,11.5,8.27,40.0,0.0,1011.5,960.7,,23.0,0.16,31.1,10192X0095/P21B
1832,5,2021-01-06,4.811397298,43.539904887,3.0,31.2,20.3,28.1,17.9,2021-01-06T03:16,2021-01-06T15:07,42678.02,42016.35,,,0.0,,0.0,0.0,0.0,,23.25,7.88,65.0,9.1,7.88,36.0,0.0,1012.5,961.5,,21.7,0.16,30.9,10192X0095/P21B
1833,6,2021-01-07,4.811397298,43.539904887,2.0,31.7,20.4,29.5,17.4,2021-01-07T03:16,2021-01-07T15:07,42683.49,41994.15,,,0.0,,0.0,0.0,0.0,,24.85,8.19,5.0,9.5,8.19,36.0,0.0,1010.5,959.6,,21.7,0.159,30.8,10192X0095/P21B
1834,7,2021-01-08,4.811397298,43.539904887,2.0,31.5,19.8,28.7,16.7,2021-01-08T03:16,2021-01-08T15:08,42689.26,41973.1,,,0.0,,0.0,0.0,0.0,,24.95,8.2,7.0,8.9,8.2,36.0,0.0,1009.8,958.9,,23.4,0.159,30.7,10192X0095/P21B
1835,8,2021-01-09,4.811397298,43.539904887,0.0,31.7,19.7,28.4,16.8,2021-01-09T03:17,2021-01-09T15:08,42695.39,41952.72,,,0.0,,0.0,0.0,0.0,,24.83,8.5,1.0,9.2,8.5,36.0,0.0,1010.0,959.1,,24.4,0.159,30.6,10192X0095/P21B
1836,9,2021-01-10,4.811397298,43.539904887,2.0,32.2,20.5,29.1,17.9,2021-01-10T03:17,2021-01-10T15:09,42701.89,41932.78,,,0.0,,0.0,0.0,0.0,,24.5,8.55,7.0,10.2,8.55,38.0,0.0,1010.3,959.5,,25.7,0.159,30.6,10192X0095/P21B
1837,10,2021-01-11,4.811397298,43.539904887,3.0,32.0,20.6,28.7,18.2,2021-01-11T03:17,2021-01-11T15:09,42708.74,41913.31,,,0.0,,0.0,0.0,0.0,,24.45,8.62,39.0,10.3,8.62,38.0,0.0,1011.0,960.2,,25.7,0.159,30.6,10192X0095/P21B
1838,11,2021-01-12,4.811397298,43.539904887,2.0,32.2,20.9,28.6,17.9,2021-01-12T03:18,2021-01-12T15:10,42715.94,41435.72,,,0.0,,0.0,0.0,0.0,,24.13,8.94,17.0,8.2,8.94,34.0,0.0,1012.1,961.3,,26.2,0.159,30.5,10192X0095/P21B
1839,12,2021-01-13,4.811397298,43.539904887,0.0,32.4,20.9,29.2,17.6,2021-01-13T03:18,2021-01-13T15:10,42723.45,41875.95,,,0.0,,0.0,0.0,0.0,,24.7,8.71,0.0,8.5,8.71,33.0,0.0,1012.0,961.1,,23.7,0.159,30.5,10192X0095/P21B
1840,13,2021-01-14,4.811397298,43.539904887,3.0,33.2,21.8,30.0,19.4,2021-01-14T03:18,2021-01-14T15:11,42731.28,41858.13,,,0.0,,0.0,0.0,0.0,,24.79,8.79,16.0,9.2,8.79,33.0,0.0,1010.6,960.0,,22.9,0.159,30.6,10192X0095/P21B
1841,14,2021-01-15,4.811397298,43.539904887,3.0,32.8,21.5,31.1,21.4,2021-01-15T03:19,2021-01-15T15:11,42739.4,41698.62,,,0.0,,0.0,0.0,0.0,,24.67,7.52,24.0,13.6,7.52,45.0,0.0,1010.4,959.7,,20.5,0.159,30.7,10192X0095/P21B
1842,15,2021-01-16,4.811397298,43.539904887,3.0,32.4,22.0,31.2,21.3,2021-01-16T03:19,2021-01-16T15:11,42747.81,41702.52,,,0.0,,0.0,0.0,0.0,,24.93,7.77,24.0,13.1,7.77,43.0,0.0,1009.3,958.7,,20.2,0.159,30.8,10192X0095/P21B
1843,16,2021-01-17,4.811397298,43.539904887,3.0,32.6,21.8,30.8,19.3,2021-01-17T03:19,2021-01-17T15:12,42756.5,41706.02,,,0.0,,0.0,0.0,0.0,,24.79,8.37,41.0,11.1,8.37,38.0,0.0,1009.7,959.1,,21.5,0.159,30.8,10192X0095/P21B
1844,17,2021-01-18,4.811397298,43.539904887,3.0,33.8,21.7,30.6,19.1,2021-01-18T03:19,2021-01-18T15:12,42765.44,41793.39,,,0.0,,0.0,0.0,0.0,,25.28,9.42,71.0,8.5,9.42,31.0,0.0,1009.1,958.6,,22.1,0.159,30.8,10192X0095/P21B
1845,18,2021-01-19,4.811397298,43.539904887,3.0,35.2,22.1,31.9,18.9,2021-01-19T03:20,2021-01-19T15:13,42774.64,41711.62,,,0.0,,0.0,0.0,0.0,,25.15,10.12,71.0,7.6,10.12,28.0,0.0,1009.3,959.0,,23.5,0.159,31.0,10192X0095/P21B
1846,19,2021-01-20,4.811397298,43.539904887,3.0,33.6,23.2,31.0,19.4,2021-01-20T03:20,2021-01-20T15:13,42784.07,41221.97,,,0.0,,0.0,0.0,0.0,,21.72,9.06,87.0,12.4,9.06,37.0,0.0,1010.8,960.3,,27.8,0.159,31.0,10192X0095/P21B
1847,20,2021-01-21,4.811397298,43.539904887,3.0,34.6,24.4,31.9,23.5,2021-01-21T03:20,2021-01-21T15:13,42793.73,40978.82,,,0.0,,0.0,0.0,0.0,,24.33,9.12,73.0,15.4,9.12,44.0,0.0,1010.8,960.5,,27.5,0.159,31.2,10192X0095/P21B
1848,21,2021-01-22,4.811397298,43.539904887,3.0,32.1,23.9,30.6,23.0,2021-01-22T03:20,2021-01-22T15:14,42803.58,39432.4,,,0.0,,0.0,0.0,0.0,,18.76,7.21,55.0,16.0,7.21,49.0,0.0,1011.1,960.5,,25.7,0.159,31.2,10192X0095/P21B
1849,22,2021-01-23,4.811397298,43.539904887,3.0,33.6,23.6,29.9,22.0,2021-01-23T03:20,2021-01-23T15:14,42813.64,41227.63,,,0.0,,0.0,0.0,0.0,,24.96,9.18,84.0,8.4,9.18,32.0,0.0,1011.5,960.9,,22.9,0.159,31.3,10192X0095/P21B
1850,23,2021-01-24,4.811397298,43.539904887,3.0,33.8,21.6,30.2,19.3,2021-01-24T03:21,2021-01-24T15:14,42823.89,41473.0,,,0.0,,0.0,0.0,0.0,,25.32,9.35,27.0,10.1,9.35,35.0,0.0,1011.2,960.6,,26.0,0.159,31.2,10192X0095/P21B
1851,24,2021-01-25,4.811397298,43.539904887,3.0,32.7,20.4,28.8,17.3,2021-01-25T03:21,2021-01-25T15:15,42834.31,41473.02,,,0.0,,0.0,0.0,0.0,,25.98,9.48,22.0,9.4,9.48,36.0,0.0,1012.0,961.1,,27.7,0.159,31.0,10192X0095/P21B
1852,25,2021-01-26,4.811397298,43.539904887,3.0,32.5,21.1,30.5,19.5,2021-01-26T03:21,2021-01-26T15:15,42844.89,41472.56,,,0.0,,0.0,0.0,0.0,,25.39,8.25,50.0,11.0,8.25,39.0,0.0,1012.0,961.2,,20.2,0.159,31.1,10192X0095/P21B
1853,26,2021-01-27,4.811397298,43.539904887,0.0,33.2,21.7,31.4,21.1,2021-01-27T03:21,2021-01-27T15:15,42855.62,41228.26,,,0.0,,0.0,0.0,0.0,,25.05,8.35,2.0,13.8,8.35,45.0,0.0,1011.3,960.6,,23.9,0.159,31.1,10192X0095/P21B
1854,27,2021-01-28,4.811397298,43.539904887,3.0,34.5,22.1,31.2,21.0,2021-01-28T03:21,2021-01-28T15:16,42866.51,41227.08,,,0.0,,0.0,0.0,0.0,,25.45,9.24,18.0,11.4,9.24,39.0,0.0,1011.2,960.6,,26.0,0.159,31.2,10192X0095/P21B
1855,28,2021-01-29,4.811397298,43.539904887,0.0,33.6,22.0,29.0,19.4,2021-01-29T03:21,2021-01-29T15:16,42877.67,41225.34,,,0.0,,0.0,0.0,0.0,,25.72,9.89,0.0,7.8,9.89,33.0,0.0,1012.5,961.7,,28.2,0.159,31.1,10192X0095/P21B
1856,29,2021-01-30,4.811397298,43.539904887,0.0,33.8,20.5,30.7,18.2,2021-01-30T03:21,2021-01-30T15:16,42889.11,41465.26,,,0.0,,0.0,0.0,0.0,,26.55,8.97,0.0,8.5,8.97,34.0,0.0,1011.2,960.5,,22.5,0.159,31.1,10192X0095/P21B
1857,30,2021-01-31,4.811397298,43.539904887,0.0,32.8,20.4,30.7,18.8,2021-01-31T03:21,2021-01-31T15:16,42900.81,41462.11,,,0.0,,0.0,0.0,0.0,,26.03,8.32,0.0,12.3,8.32,44.0,0.0,1011.5,960.7,,23.9,0.158,31.0,10192X0095/P21B
1858,31,2021-02-01,4.811397298,43.539904887,3.0,33.6,20.9,31.7,19.4,2021-02-01T03:21,2021-02-01T15:17,42912.76,41217.04,,,0.0,,0.0,0.0,0.0,,25.95,8.48,61.0,11.7,8.48,40.0,0.0,1012.5,961.7,,21.4,0.158,31.0,10192X0095/P21B
1859,32,2021-02-02,4.811397298,43.539904887,3.0,33.3,20.2,30.5,17.7,2021-02-02T03:21,2021-02-02T15:17,42924.94,41454.35,,,0.0,,0.0,0.0,0.0,,26.19,8.9,41.0,8.7,8.9,35.0,0.0,1013.4,962.5,,23.0,0.158,31.0,10192X0095/P21B
1860,33,2021-02-03,4.811397298,43.539904887,3.0,33.0,20.3,30.2,17.6,2021-02-03T03:21,2021-02-03T15:17,42937.33,41449.81,,,0.0,,0.0,0.0,0.0,,26.42,8.77,46.0,6.6,8.77,31.0,0.0,1012.7,961.8,,21.1,0.158,31.0,10192X0095/P21B
1861,34,2021-02-04,4.811397298,43.539904887,2.0,32.4,19.7,30.4,18.1,2021-02-04T03:21,2021-02-04T15:17,42949.93,41444.8,,,0.0,,0.0,0.0,0.0,,26.44,7.9,7.0,10.7,7.9,41.0,0.0,1012.6,961.6,,18.2,0.158,30.9,10192X0095/P21B
1862,35,2021-02-05,4.811397298,43.539904887,3.0,33.1,20.4,32.7,20.0,2021-02-05T03:21,2021-02-05T15:17,42962.72,41439.39,,,0.0,,0.0,0.0,0.0,,26.09,7.43,28.0,12.8,7.43,45.0,0.0,1011.6,960.8,,16.4,0.158,31.0,10192X0095/P21B
1863,36,2021-02-06,4.811397298,43.539904887,1.0,33.7,21.0,32.9,20.3,2021-02-06T03:21,2021-02-06T15:18,42975.67,41433.63,,,0.0,,0.0,0.0,0.0,,26.0,8.3,2.0,12.9,8.3,42.0,0.0,1010.0,959.5,,20.0,0.158,31.2,10192X0095/P21B
1864,37,2021-02-07,4.811397298,43.539904887,0.0,33.6,21.6,32.0,21.1,2021-02-07T03:21,2021-02-07T15:18,42988.8,41188.27,,,0.0,,0.0,0.0,0.0,,25.84,8.46,1.0,14.1,8.46,44.0,0.0,1009.4,958.9,,23.3,0.158,31.2,10192X0095/P21B
1865,38,2021-02-08,4.811397298,43.539904887,3.0,33.7,22.9,31.6,20.0,2021-02-08T03:21,2021-02-08T15:18,43002.06,41182.1,,,0.0,,0.0,0.0,0.0,,25.53,9.37,28.0,12.9,9.37,40.0,0.0,1010.2,959.7,,28.0,0.158,31.3,10192X0095/P21B
1866,39,2021-02-09,4.811397298,43.539904887,3.0,33.7,22.7,31.6,20.1,2021-02-09T03:21,2021-02-09T15:18,43015.45,40221.77,,,0.0,,0.0,0.0,0.0,,25.82,9.43,48.0,11.6,9.43,37.0,0.0,1011.4,960.8,,26.7,0.158,31.3,10192X0095/P21B
1867,40,2021-02-10,4.811397298,43.539904887,2.0,33.6,21.8,30.0,18.5,2021-02-10T03:21,2021-02-10T15:18,43028.96,41168.81,,,0.0,,0.0,0.0,0.0,,25.87,9.61,20.0,9.1,9.61,32.0,0.0,1010.8,960.2,,26.5,0.158,31.3,10192X0095/P21B
1868,41,2021-02-11,4.811397298,43.539904887,3.0,34.0,22.1,31.4,20.0,2021-02-11T03:21,2021-02-11T15:18,43042.57,41161.7,,,0.0,,0.0,0.0,0.0,,26.01,8.68,90.0,11.4,8.68,38.0,0.0,1010.1,959.6,,22.8,0.158,31.3,10192X0095/P21B
1869,42,2021-02-12,4.811397298,43.539904887,3.0,33.9,21.6,32.4,21.0,2021-02-12T03:21,2021-02-12T15:18,43056.27,41391.74,,,0.0,,0.0,0.0,0.0,,26.08,8.28,46.0,12.4,8.28,41.0,0.0,1009.9,959.3,,20.3,0.158,31.4,10192X0095/P21B
1870,43,2021-02-13,4.811397298,43.539904887,3.0,34.3,21.8,31.6,19.1,2021-02-13T03:21,2021-02-13T15:18,43070.05,41383.73,,,0.0,,0.0,0.0,0.0,,26.43,9.25,30.0,9.2,9.25,33.0,0.0,1010.5,960.0,,22.5,0.158,31.4,10192X0095/P21B
1871,44,2021-02-14,4.811397298,43.539904887,0.0,34.3,22.3,32.1,21.0,2021-02-14T03:21,2021-02-14T15:19,43083.89,41375.46,,,0.0,,0.0,0.0,0.0,,26.41,9.33,1.0,10.3,9.33,34.0,0.0,1010.7,960.2,,22.2,0.158,31.5,10192X0095/P21B
1872,45,2021-02-15,4.811397298,43.539904887,3.0,34.5,21.5,32.3,20.8,2021-02-15T03:20,2021-02-15T15:19,43097.78,41367.01,,,0.0,,0.0,0.0,0.0,,26.54,9.07,13.0,12.6,9.07,41.0,0.0,1010.2,959.7,,23.1,0.158,31.5,10192X0095/P21B
1873,46,2021-02-16,4.811397298,43.539904887,3.0,35.0,22.0,33.8,22.3,2021-02-16T03:20,2021-02-16T15:19,43111.7,41594.4,,,0.0,,0.0,0.0,0.0,,26.68,8.78,32.0,13.8,8.78,43.0,0.0,1009.0,958.6,,21.0,0.158,31.6,10192X0095/P21B
1874,47,2021-02-17,4.811397298,43.539904887,3.0,35.2,21.9,33.8,21.8,2021-02-17T03:20,2021-02-17T15:19,43125.67,41113.59,,,0.0,,0.0,0.0,0.0,,26.46,8.97,92.0,13.0,8.97,41.0,0.0,1009.7,959.3,,21.2,0.158,31.8,10192X0095/P21B
1875,48,2021-02-18,4.811397298,43.539904887,3.0,36.5,23.3,36.4,23.0,2021-02-18T03:20,2021-02-18T15:19,43139.82,41575.61,,,0.0,,0.0,0.0,0.0,,26.78,9.46,26.0,12.1,9.46,36.0,0.0,1009.2,959.0,,20.0,0.158,32.0,10192X0095/P21B
1876,49,2021-02-19,4.811397298,43.539904887,3.0,34.7,22.7,34.0,23.4,2021-02-19T03:20,2021-02-19T15:19,43154.14,41565.6,,,0.0,,0.0,0.0,0.0,,26.27,8.28,64.0,14.8,8.28,43.0,0.0,1010.2,959.8,,18.9,0.158,32.1,10192X0095/P21B
1877,50,2021-02-20,4.811397298,43.539904887,3.0,35.1,23.1,33.9,22.5,2021-02-20T03:19,2021-02-20T15:19,43168.62,41555.13,,,0.0,,0.0,0.0,0.0,,26.41,8.59,80.0,13.9,8.59,42.0,0.0,1010.3,960.0,,21.4,0.158,32.2,10192X0095/P21B
1878,51,2021-02-21,4.811397298,43.539904887,3.0,33.7,21.9,31.7,19.3,2021-02-21T03:19,2021-02-21T15:19,43183.26,41309.67,,,0.0,,0.0,0.0,0.0,,26.88,9.34,52.0,11.4,9.34,37.0,0.0,1010.7,960.2,,25.1,0.158,32.1,10192X0095/P21B
1879,52,2021-02-22,4.811397298,43.539904887,3.0,34.4,22.2,32.4,21.3,2021-02-22T03:19,2021-02-22T15:19,43198.04,41298.77,,,0.0,,0.0,0.0,0.0,,26.87,8.75,76.0,12.9,8.75,42.0,0.0,1011.2,960.6,,22.8,0.158,32.0,10192X0095/P21B
1880,53,2021-02-23,4.811397298,43.539904887,3.0,33.8,22.3,32.3,22.2,2021-02-23T03:19,2021-02-23T15:19,43212.95,41053.47,,,0.0,,0.0,0.0,0.0,,26.72,8.42,57.0,13.8,8.42,44.0,0.0,1010.8,960.2,,22.6,0.158,32.0,10192X0095/P21B
1881,54,2021-02-24,4.811397298,43.539904887,3.0,35.5,22.0,32.8,21.9,2021-02-24T03:18,2021-02-24T15:19,43227.97,41860.42,,,0.0,,0.0,0.0,0.0,,27.31,9.02,30.0,12.1,9.02,40.0,0.0,1009.7,959.3,,22.8,0.158,32.0,10192X0095/P21B
1882,55,2021-02-25,4.811397298,43.539904887,3.0,35.4,21.8,34.1,21.9,2021-02-25T03:18,2021-02-25T15:19,43243.09,41877.94,,,0.0,,0.0,0.0,0.0,,27.04,8.93,15.0,13.1,8.93,42.0,0.0,1009.7,959.3,,22.4,0.158,32.0,10192X0095/P21B
1883,56,2021-02-26,4.811397298,43.539904887,3.0,36.0,22.6,34.2,21.7,2021-02-26T03:18,2021-02-26T15:19,43258.31,41896.1,,,0.0,,0.0,0.0,0.0,,27.17,9.3,46.0,12.4,9.3,39.0,0.0,1008.7,958.5,,22.0,0.157,32.2,10192X0095/P21B
1884,57,2021-02-27,4.811397298,43.539904887,1.0,35.9,23.6,34.8,23.0,2021-02-27T03:17,2021-02-27T15:19,43273.6,41914.86,,,0.0,,0.0,0.0,0.0,,26.71,9.3,7.0,13.0,9.3,39.0,0.0,1008.4,958.3,,21.6,0.157,32.3,10192X0095/P21B
1885,58,2021-02-28,4.811397298,43.539904887,3.0,36.6,23.4,34.1,22.6,2021-02-28T03:17,2021-02-28T15:19,43288.96,41934.15,,,0.0,,0.0,0.0,0.0,,27.23,10.44,49.0,11.5,10.44,35.0,0.0,1008.7,958.6,,25.1,0.157,32.4,10192X0095/P21B
1886,59,2021-03-01,4.811397298,43.539904887,3.0,36.1,23.5,32.3,20.2,2021-03-01T03:17,2021-03-01T15:19,43304.37,41953.92,,,0.0,,0.0,0.0,0.0,,27.53,10.9,23.0,9.9,10.9,31.0,0.0,1009.4,959.1,,28.2,0.157,32.4,10192X0095/P21B
1887,60,2021-03-02,4.811397298,43.539904887,2.0,35.5,23.4,31.6,20.5,2021-03-02T03:16,2021-03-02T15:18,43319.81,41974.1,,,0.0,,0.0,0.0,0.0,,27.35,10.7,8.0,10.4,10.7,33.0,0.0,1010.3,960.0,,27.6,0.157,32.4,10192X0095/P21B
1888,61,2021-03-03,4.811397298,43.539904887,2.0,34.6,23.2,32.0,22.1,2021-03-03T03:16,2021-03-03T15:18,43335.3,41994.65,,,0.0,,0.0,0.0,0.0,,27.26,9.42,16.0,15.3,9.42,47.0,0.0,1010.0,959.6,,29.8,0.157,32.4,10192X0095/P21B
1889,62,2021-03-04,4.811397298,43.539904887,3.0,33.5,23.6,32.9,23.7,2021-03-04T03:16,2021-03-04T15:18,43350.8,42015.51,,,0.0,,0.0,0.0,0.0,,25.7,8.46,71.0,14.8,8.46,45.0,0.0,1010.6,960.1,,22.4,0.157,32.4,10192X0095/P21B
1890,63,2021-03-05,4.811397298,43.539904887,3.0,36.0,24.0,32.7,22.6,2021-03-05T03:15,2021-03-05T15:18,43366.3,42036.62,,,0.0,,0.0,0.0,0.0,,27.37,10.37,86.0,9.8,10.37,32.0,0.0,1010.1,959.9,,23.7,0.157,32.5,10192X0095/P21B
1891,64,2021-03-06,4.811397298,43.539904887,3.0,34.6,22.7,32.3,19.9,2021-03-06T03:15,2021-03-06T15:18,43381.81,42057.92,,,0.0,,0.0,0.0,0.0,,27.47,9.91,55.0,10.5,9.91,33.0,0.0,1010.3,959.9,,23.8,0.157,32.5,10192X0095/P21B
1892,65,2021-03-07,4.811397298,43.539904887,2.0,33.7,22.1,31.7,20.8,2021-03-07T03:15,2021-03-07T15:18,43397.29,42079.36,,,0.0,,0.0,0.0,0.0,,27.67,9.09,32.0,11.4,9.09,37.0,0.0,1010.2,959.7,,21.5,0.157,32.4,10192X0095/P21B
1893,66,2021-03-08,4.811397298,43.539904887,3.0,34.4,22.3,32.8,21.2,2021-03-08T03:14,2021-03-08T15:18,43412.74,42100.88,,,0.0,,0.0,0.0,0.0,,27.63,9.12,29.0,13.2,9.12,41.0,0.0,1009.6,959.2,,22.9,0.157,32.4,10192X0095/P21B
1894,67,2021-03-09,4.811397298,43.539904887,3.0,35.1,23.1,34.6,22.2,2021-03-09T03:14,2021-03-09T15:18,43428.17,42122.44,,,0.0,,0.0,0.0,0.0,,26.3,8.85,17.0,13.7,8.85,40.0,0.0,1010.6,960.3,,20.8,0.157,32.5,10192X0095/P21B
1895,68,2021-03-10,4.811397298,43.539904887,3.0,36.2,23.9,35.4,22.2,2021-03-10T03:14,2021-03-10T15:18,43443.7,42144.51,,,0.0,,0.0,0.0,0.0,,25.77,9.25,31.0,12.4,9.25,36.0,0.0,1010.4,960.2,,20.6,0.157,32.8,10192X0095/P21B
1896,69,2021-03-11,4.811397298,43.539904887,1.0,36.3,23.8,34.8,22.4,2021-03-11T03:13,2021-03-11T15:18,43459.34,42167.28,,,0.0,,0.0,0.0,0.0,,26.65,9.94,6.0,13.1,9.94,37.0,0.0,1009.5,959.3,,23.5,0.157,32.9,10192X0095/P21B
1897,70,2021-03-12,4.811397298,43.539904887,3.0,36.6,23.5,34.4,22.8,2021-03-12T03:13,2021-03-12T15:17,43475.07,42190.72,,,0.0,,0.0,0.0,0.0,,27.51,9.66,15.0,12.4,9.66,38.0,0.0,1009.3,959.2,,22.9,0.157,33.0,10192X0095/P21B
1898,71,2021-03-13,4.811397298,43.539904887,3.0,36.4,23.2,35.3,23.3,2021-03-13T03:12,2021-03-13T15:17,43490.89,42214.74,,,0.0,,0.0,0.0,0.0,,27.31,9.22,56.0,12.7,9.22,38.0,0.0,1009.8,959.6,,18.4,0.157,33.1,10192X0095/P21B
1899,72,2021-03-14,4.811397298,43.539904887,3.0,35.5,23.7,35.6,25.3,2021-03-14T03:12,2021-03-14T15:17,43506.78,42239.29,,,0.0,,0.0,0.0,0.0,,23.91,7.95,35.0,15.1,7.95,45.0,0.0,1009.4,959.2,,17.3,0.157,33.1,10192X0095/P21B
1900,73,2021-03-15,4.811397298,43.539904887,3.0,34.4,23.4,34.7,25.4,2021-03-15T03:12,2021-03-15T15:17,43522.74,42264.29,,,0.0,,0.0,0.0,0.0,,23.87,7.8,37.0,16.4,7.8,48.0,0.0,1009.4,959.1,,18.9,0.157,33.1,10192X0095/P21B
1901,74,2021-03-16,4.811397298,43.539904887,3.0,35.7,23.8,34.1,25.9,2021-03-16T03:11,2021-03-16T15:17,43538.75,42289.69,,,0.0,,0.0,0.0,0.0,,25.99,8.77,68.0,15.3,8.77,45.0,0.0,1009.2,958.9,,20.3,0.157,33.1,10192X0095/P21B
1902,75,2021-03-17,4.811397298,43.539904887,3.0,33.0,24.6,32.6,24.6,2021-03-17T03:11,2021-03-17T15:17,43554.8,29809.89,,,0.0,,0.0,0.0,0.0,,14.17,5.61,91.0,17.6,5.61,52.0,0.0,1009.6,959.2,,18.7,0.157,32.9,10192X0095/P21B
1903,76,2021-03-18,4.811397298,43.539904887,51.0,34.5,24.1,35.8,25.8,2021-03-18T03:10,2021-03-18T15:17,43570.89,42341.42,,,0.2,,0.0,0.2,2.0,,22.71,6.73,37.0,18.4,6.73,54.0,0.0,1010.0,959.6,,15.2,0.157,33.1,10192X0095/P21B
1904,77,2021-03-19,4.811397298,43.539904887,51.0,31.1,24.4,34.3,27.0,2021-03-19T03:10,2021-03-19T15:16,43586.99,41806.52,,,1.4,,0.0,1.4,7.0,,18.86,4.3,47.0,20.7,4.3,69.0,0.0,1010.6,959.8,,7.8,0.158,32.9,10192X0095/P21B
1905,78,2021-03-20,4.811397298,43.539904887,51.0,32.3,23.3,33.8,26.3,2021-03-20T03:09,2021-03-20T15:16,43603.1,42393.96,,,0.1,,0.0,0.1,1.0,,21.46,5.36,25.0,20.0,5.36,66.0,0.0,1009.5,958.8,,12.6,0.161,32.4,10192X0095/P21B
1906,79,2021-03-21,4.811397298,43.539904887,51.0,33.2,22.6,33.8,23.7,2021-03-21T03:09,2021-03-21T15:16,43619.22,39600.0,,,0.1,,0.0,0.1,1.0,,21.97,6.13,25.0,17.6,6.13,57.0,0.0,1008.7,958.2,,14.1,0.159,32.3,10192X0095/P21B
1907,80,2021-03-22,4.811397298,43.539904887,0.0,35.2,22.4,34.3,23.6,2021-03-22T03:09,2021-03-22T15:16,43635.32,42446.8,,,0.0,,0.0,0.0,0.0,,27.28,8.48,2.0,14.7,8.48,46.0,0.0,1009.7,959.4,,18.8,0.158,32.4,10192X0095/P21B
1908,81,2021-03-23,4.811397298,43.539904887,0.0,35.9,22.7,31.7,20.7,2021-03-23T03:08,2021-03-23T15:16,43651.4,42473.17,9.85,9.85,0.0,,0.0,0.0,0.0,,28.43,10.48,0.0,6.2,10.48,28.0,0.0,1011.0,960.6,24140.0,22.5,0.159,32.5,10192X0095/P21B
1909,82,2021-03-24,4.811397298,43.539904887,1.0,35.8,22.1,32.4,21.1,2021-03-24T03:08,2021-03-24T15:15,43667.45,42499.42,9.8,9.8,0.0,0.0,0.0,0.0,0.0,,28.67,10.04,1.0,5.4,10.04,27.0,0.0,1010.3,959.9,24140.0,20.2,0.159,32.5,10192X0095/P21B
1910,83,2021-03-25,4.811397298,43.539904887,0.0,36.0,22.0,34.8,20.5,2021-03-25T03:07,2021-03-25T15:15,43683.45,42525.49,9.8,9.8,0.0,0.0,0.0,0.0,0.0,,28.19,9.55,0.0,10.0,9.55,33.0,0.0,1008.2,958.0,24140.0,19.9,0.158,32.6,10192X0095/P21B
1911,84,2021-03-26,4.811397298,43.539904887,0.0,34.5,22.3,32.4,21.2,2021-03-26T03:07,2021-03-26T15:15,43699.4,42551.3,9.85,9.85,0.0,0.0,0.0,0.0,0.0,,28.38,9.0,0.0,9.3,9.0,33.0,0.0,1009.7,959.3,24140.0,20.0,0.158,32.7,10192X0095/P21B
1912,85,2021-03-27,4.811397298,43.539904887,3.0,35.1,22.2,33.5,21.9,2021-03-27T03:06,2021-03-27T15:15,43715.28,42576.81,9.25,9.85,0.0,0.0,0.0,0.0,0.0,,27.71,9.08,64.0,11.3,9.08,35.0,0.0,1010.4,960.1,24140.0,18.4,0.158,32.7,10192X0095/P21B
1913,86,2021-03-28,4.811397298,43.539904887,3.0,36.7,23.4,34.8,23.5,2021-03-28T03:06,2021-03-28T15:15,43731.07,42601.94,9.0,9.85,0.0,0.0,0.0,0.0,0.0,,27.27,9.25,85.0,12.8,9.25,37.0,0.0,1009.9,959.8,24140.0,18.3,0.158,32.9,10192X0095/P21B
1914,87,2021-03-29,4.811397298,43.539904887,3.0,37.3,24.8,35.9,23.7,2021-03-29T03:06,2021-03-29T15:15,43746.8,42226.51,9.85,9.9,0.0,0.0,0.0,0.0,0.0,,26.56,10.53,72.0,11.8,10.53,33.0,0.0,1009.2,959.3,24140.0,22.9,0.158,33.1,10192X0095/P21B
1915,88,2021-03-30,4.811397298,43.539904887,3.0,37.8,25.1,36.5,23.5,2021-03-30T03:05,2021-03-30T15:15,43762.57,42651.36,9.9,9.9,0.0,0.0,0.0,0.0,0.0,,27.54,10.4,32.0,11.2,10.4,30.0,0.0,1007.9,958.1,24140.0,20.1,0.158,33.4,10192X0095/P21B
1916,89,2021-03-31,4.811397298,43.539904887,3.0,36.5,24.9,38.5,23.3,2021-03-31T03:05,2021-03-31T15:14,43778.39,42676.33,9.85,9.85,0.0,0.0,0.0,0.0,0.0,,25.88,8.36,59.0,13.1,8.36,36.0,0.0,1009.4,959.3,24140.0,13.7,0.158,33.7,10192X0095/P21B
1917,90,2021-04-01,4.811397298,43.539904887,3.0,35.7,24.1,37.4,23.9,2021-04-01T03:04,2021-04-01T15:14,43794.24,42701.49,9.85,9.85,0.0,0.0,0.0,0.0,0.0,,25.06,7.71,21.0,15.2,7.71,42.0,0.0,1009.7,959.6,24140.0,14.6,0.158,33.9,10192X0095/P21B
1918,91,2021-04-02,4.811397298,43.539904887,2.0,35.9,24.9,38.3,25.9,2021-04-02T03:04,2021-04-02T15:14,43810.13,42726.8,9.1,9.85,0.0,0.0,0.0,0.0,0.0,,24.9,6.87,21.0,15.5,6.87,41.0,0.0,1009.8,959.8,24140.0,10.6,0.158,34.1,10192X0095/P21B
1919,92,2021-04-03,4.811397298,43.539904887,63.0,34.7,25.9,37.4,27.3,2021-04-03T03:04,2021-04-03T15:14,43826.03,42752.18,9.7,9.85,3.4,0.6,0.0,3.4,2.0,,21.24,6.26,37.0,19.8,6.26,56.0,0.0,1009.8,959.6,23319.17,14.6,0.158,34.2,10192X0095/P21B
1920,93,2021-04-04,4.811397298,43.539904887,63.0,33.4,24.8,36.7,27.8,2021-04-04T03:03,2021-04-04T15:14,43841.95,32572.23,9.55,9.85,6.0,2.9,0.0,6.0,3.0,,19.45,4.7,71.0,21.4,4.7,72.0,0.0,1011.1,960.3,23333.34,12.0,0.164,33.8,10192X0095/P21B
1921,94,2021-04-05,4.811397298,43.539904887,53.0,30.2,23.7,35.1,26.9,2021-04-05T03:03,2021-04-05T15:14,43857.86,42802.96,9.05,9.8,0.9,0.1,0.0,0.9,2.0,,22.03,4.66,45.0,21.9,4.66,72.0,0.0,1010.9,960.2,24140.0,7.7,0.164,33.0,10192X0095/P21B
1922,95,2021-04-06,4.811397298,43.539904887,51.0,29.5,23.9,33.1,25.8,2021-04-06T03:02,2021-04-06T15:13,43873.76,42828.26,8.6,9.8,1.1,0.0,0.0,1.1,5.0,,18.81,4.24,63.0,21.2,4.24,73.0,0.0,1011.6,960.7,24140.0,9.0,0.159,32.7,10192X0095/P21B
1923,96,2021-04-07,4.811397298,43.539904887,51.0,33.4,22.9,36.2,23.1,2021-04-07T03:02,2021-04-07T15:13,43889.64,42853.42,9.8,9.8,0.6,1.5,0.0,0.6,3.0,,23.82,5.89,25.0,17.8,5.89,58.0,0.0,1011.9,961.2,24140.0,10.8,0.156,32.6,10192X0095/P21B
1924,97,2021-04-08,4.811397298,43.539904887,1.0,33.1,22.1,36.0,22.4,2021-04-08T03:01,2021-04-08T15:13,43905.47,42878.38,9.75,9.75,0.0,0.0,0.0,0.0,0.0,,26.24,6.63,10.0,17.3,6.63,56.0,0.0,1010.8,960.2,24140.0,12.0,0.155,32.9,10192X0095/P21B
1925,98,2021-04-09,4.811397298,43.539904887,51.0,33.4,23.1,36.4,24.7,2021-04-09T03:01,2021-04-09T15:13,43921.27,42903.09,9.75,9.75,0.1,0.0,0.0,0.1,1.0,,23.05,6.11,20.0,19.1,6.11,60.0,0.0,1009.2,958.8,24140.0,14.5,0.155,33.0,10192X0095/P21B
1926,99,2021-04-10,4.811397298,43.539904887,51.0,33.9,23.6,36.4,26.4,2021-04-10T03:01,2021-04-10T15:13,43937.0,42927.5,9.75,9.75,0.1,0.2,0.0,0.1,1.0,,23.1,6.49,59.0,19.6,6.49,59.0,0.0,1009.5,959.1,24140.0,15.3,0.155,33.2,10192X0095/P21B
1927,100,2021-04-11,4.811397298,43.539904887,51.0,34.2,23.6,36.4,26.1,2021-04-11T03:00,2021-04-11T15:13,43952.67,40907.28,9.6,9.7,0.1,0.1,0.0,0.1,1.0,,23.67,6.26,82.0,17.7,6.26,52.0,0.0,1010.8,960.4,24140.0,10.8,0.155,33.4,10192X0095/P21B
1928,101,2021-04-12,4.811397298,43.539904887,3.0,35.8,23.9,36.9,23.8,2021-04-12T03:00,2021-04-12T15:13,43968.26,42975.17,9.7,9.7,0.0,0.0,0.0,0.0,0.0,,25.7,8.16,47.0,13.5,8.16,40.0,0.0,1011.4,961.1,24140.0,15.2,0.155,33.6,10192X0095/P21B
1929,102,2021-04-13,4.811397298,43.539904887,3.0,36.4,22.8,37.5,24.3,2021-04-13T02:59,2021-04-13T15:12,43983.74,42998.33,9.65,9.65,0.0,0.0,0.0,0.0,0.0,,25.41,7.55,39.0,13.6,7.55,42.0,0.0,1011.1,960.8,24140.0,12.5,0.155,33.8,10192X0095/P21B
1930,103,2021-04-14,4.811397298,43.539904887,1.0,35.8,23.5,36.8,23.8,2021-04-14T02:59,2021-04-14T15:12,43999.14,43020.96,9.65,9.65,0.0,0.0,0.0,0.0,0.0,,24.78,7.36,14.0,15.0,7.36,43.0,0.0,1010.2,960.0,24140.0,13.4,0.155,34.1,10192X0095/P21B
1931,104,2021-04-15,4.811397298,43.539904887,51.0,34.8,24.2,37.8,25.3,2021-04-15T02:59,2021-04-15T15:12,44014.41,43043.0,9.5,9.6,0.1,0.0,0.0,0.1,1.0,,22.95,6.06,38.0,15.5,6.06,43.0,0.0,1010.0,959.8,24140.0,9.8,0.155,34.2,10192X0095/P21B
1932,105,2021-04-16,4.811397298,43.539904887,3.0,35.0,25.3,37.5,26.2,2021-04-16T02:58,2021-04-16T15:12,44029.55,43064.4,9.5,9.6,0.0,0.7,0.0,0.0,0.0,,21.9,6.92,33.0,17.0,6.92,45.0,0.0,1009.6,959.5,23570.84,13.5,0.155,34.3,10192X0095/P21B
1933,106,2021-04-17,4.811397298,43.539904887,55.0,33.2,24.8,37.3,27.8,2021-04-17T02:58,2021-04-17T15:12,44044.54,35625.4,8.85,9.6,2.3,10.7,0.0,2.3,7.0,,19.77,4.95,49.0,20.5,4.95,67.0,0.0,1011.4,960.6,21955.84,11.2,0.16,34.0,10192X0095/P21B
1934,107,2021-04-18,4.811397298,43.539904887,63.0,29.0,23.4,34.1,26.5,2021-04-18T02:58,2021-04-18T15:12,44059.4,43105.07,8.3,9.6,7.5,4.5,0.0,7.5,12.0,,18.85,3.88,89.0,21.5,3.88,77.0,0.0,1013.0,962.0,22577.5,6.4,0.166,33.3,10192X0095/P21B
1935,108,2021-04-19,4.811397298,43.539904887,53.0,29.5,23.4,35.2,26.8,2021-04-19T02:57,2021-04-19T15:12,44074.24,43124.62,9.3,9.6,4.0,8.3,0.0,4.0,14.0,,21.82,4.4,55.0,21.7,4.4,79.0,0.0,1012.6,961.5,21779.17,5.6,0.167,32.8,10192X0095/P21B
1936,109,2021-04-20,4.811397298,43.539904887,53.0,29.1,22.8,33.3,25.6,2021-04-20T02:57,2021-04-20T15:12,44089.05,41600.1,9.6,9.6,0.6,4.2,0.0,0.6,2.0,,21.33,4.48,69.0,21.0,4.48,77.0,0.0,1012.1,961.0,22324.17,10.1,0.166,32.3,10192X0095/P21B
1937,110,2021-04-21,4.811397298,43.539904887,53.0,29.5,22.7,35.4,25.3,2021-04-21T02:57,2021-04-21T15:12,44103.83,42161.62,8.35,9.55,2.0,9.6,0.0,2.0,6.0,,20.82,4.43,94.0,21.5,4.43,78.0,0.0,1012.4,961.4,19690.0,10.3,0.163,32.0,10192X0095/P21B
1938,111,2021-04-22,4.811397298,43.539904887,55.0,28.4,22.6,31.4,26.3,2021-04-22T02:56,2021-04-22T15:12,44118.57,36037.75,9.3,9.55,4.4,0.0,0.0,4.4,12.0,,16.25,3.48,92.0,21.6,3.48,80.0,0.0,1012.9,961.8,24140.0,7.9,0.163,31.8,10192X0095/P21B
1939,112,2021-04-23,4.811397298,43.539904887,61.0,29.8,22.8,35.3,26.6,2021-04-23T02:56,2021-04-23T15:12,44133.25,40723.14,8.5,9.55,3.8,1.5,0.0,3.8,8.0,,18.47,3.85,79.0,21.5,3.85,79.0,0.0,1011.7,960.6,23248.34,6.3,0.161,31.7,10192X0095/P21B
1940,113,2021-04-24,4.811397298,43.539904887,63.0,29.5,23.2,35.9,27.0,2021-04-24T02:56,2021-04-24T15:11,44147.87,32921.59,9.45,9.55,17.8,6.0,0.0,17.8,8.0,,18.11,3.7,68.0,22.0,3.7,82.0,0.0,1010.7,959.6,21490.84,5.4,0.168,31.6,10192X0095/P21B
1941,114,2021-04-25,4.811397298,43.539904887,53.0,29.7,22.8,34.7,25.8,2021-04-25T02:55,2021-04-25T15:11,44162.42,40025.18,9.45,9.5,2.3,1.8,0.0,2.3,9.0,,20.01,4.17,87.0,21.5,4.17,78.0,0.0,1011.3,960.3,20693.33,6.2,0.173,31.2,10192X0095/P21B
1942,115,2021-04-26,4.811397298,43.539904887,61.0,28.7,22.2,31.8,26.0,2021-04-26T02:55,2021-04-26T15:11,44176.87,33947.82,8.4,9.5,8.2,3.9,0.0,8.2,7.0,,19.48,3.95,95.0,21.5,3.95,81.0,0.0,1012.0,960.8,22117.5,6.4,0.175,30.9,10192X0095/P21B
1943,116,2021-04-27,4.811397298,43.539904887,55.0,29.9,23.1,35.4,26.4,2021-04-27T02:55,2021-04-27T15:11,44191.23,33480.1,8.9,9.5,1.9,5.4,0.0,1.9,4.0,,20.87,4.36,79.0,21.8,4.36,80.0,0.0,1011.1,960.1,23700.0,8.1,0.169,30.7,10192X0095/P21B
1944,117,2021-04-28,4.811397298,43.539904887,63.0,29.9,22.8,34.9,26.1,2021-04-28T02:55,2021-04-28T15:11,44205.46,43030.86,9.1,9.45,14.7,0.4,0.0,14.7,12.0,,19.77,4.14,63.0,21.9,4.14,80.0,0.0,1011.2,960.2,23432.5,7.3,0.168,30.6,10192X0095/P21B
1945,118,2021-04-29,4.811397298,43.539904887,63.0,28.6,23.0,33.6,26.5,2021-04-29T02:54,2021-04-29T15:11,44219.57,38362.75,8.4,9.4,6.7,3.8,0.0,6.7,16.0,,19.05,3.91,78.0,21.9,3.91,82.0,0.0,1011.2,960.1,22565.84,6.8,0.17,30.5,10192X0095/P21B
1946,119,2021-04-30,4.811397298,43.539904887,63.0,28.2,22.2,34.0,25.8,2021-04-30T02:54,2021-04-30T15:11,44233.55,29261.16,9.0,9.4,5.6,1.5,0.0,5.6,10.0,,17.0,3.44,86.0,22.1,3.44,84.0,0.0,1011.0,959.9,23889.17,6.1,0.173,30.3,10192X0095/P21B
1947,120,2021-05-01,4.811397298,43.539904887,51.0,28.9,22.6,33.9,26.5,2021-05-01T02:54,2021-05-01T15:11,44247.37,40687.52,8.1,9.45,1.3,2.8,0.0,1.3,9.0,,18.13,3.71,71.0,22.3,3.71,83.0,0.0,1010.4,959.4,22182.5,7.7,0.174,30.1,10192X0095/P21B
1948,121,2021-05-02,4.811397298,43.539904887,63.0,29.2,23.1,36.0,26.3,2021-05-02T02:54,2021-05-02T15:11,44261.02,41564.86,9.35,9.4,7.5,0.4,0.0,7.5,10.0,,20.33,4.07,78.0,22.4,4.07,83.0,0.0,1010.4,959.4,23610.0,6.2,0.176,29.9,10192X0095/P21B
1949,122,2021-05-03,4.811397298,43.539904887,61.0,29.1,22.7,32.6,26.4,2021-05-03T02:53,2021-05-03T15:11,44274.5,39873.6,8.95,9.4,3.4,0.1,0.0,3.4,7.0,,19.14,3.88,94.0,22.3,3.88,83.0,0.0,1010.4,959.4,23577.5,10.4,0.177,29.8,10192X0095/P21B
1950,123,2021-05-04,4.811397298,43.539904887,63.0,27.3,22.2,30.4,25.6,2021-05-04T02:53,2021-05-04T15:11,44287.78,19968.63,6.6,9.4,10.7,7.2,0.0,10.7,10.0,,12.96,2.62,90.0,21.8,2.62,87.0,0.0,1010.6,959.4,21631.67,10.0,0.183,29.5,10192X0095/P21B
1951,124,2021-05-05,4.811397298,43.539904887,51.0,28.4,22.3,32.5,26.0,2021-05-05T02:53,2021-05-05T15:11,44300.86,43200.0,9.25,9.35,1.1,0.3,0.0,1.1,7.0,,20.93,4.16,55.0,22.2,4.16,84.0,0.0,1010.5,959.5,24139.17,11.2,0.18,29.4,10192X0095/P21B
1952,125,2021-05-06,4.811397298,43.539904887,53.0,29.0,23.3,33.2,26.0,2021-05-06T02:53,2021-05-06T15:11,44313.72,39757.96,9.3,9.35,1.7,2.8,0.0,1.7,7.0,,20.82,4.13,83.0,22.4,4.13,83.0,0.0,1011.1,960.1,22755.0,14.0,0.177,29.3,10192X0095/P21B
1953,126,2021-05-07,4.811397298,43.539904887,61.0,27.8,22.9,31.8,25.3,2021-05-07T02:53,2021-05-07T15:11,44326.34,36346.53,8.55,9.35,4.9,2.1,0.0,4.9,10.0,,15.5,3.18,85.0,22.0,3.18,85.0,0.0,1012.5,961.3,23323.34,12.6,0.18,29.1,10192X0095/P21B
1954,127,2021-05-08,4.811397298,43.539904887,53.0,28.2,22.0,31.4,24.5,2021-05-08T02:52,2021-05-08T15:11,44338.73,40827.07,9.0,9.3,2.1,1.4,0.0,2.1,10.0,,19.4,3.87,91.0,22.0,3.87,84.0,0.0,1011.6,960.5,23494.17,15.0,0.18,29.0,10192X0095/P21B
1955,128,2021-05-09,4.811397298,43.539904887,51.0,27.7,22.9,29.9,25.8,2021-05-09T02:52,2021-05-09T15:11,44350.99,31899.37,5.45,9.3,0.9,5.4,0.0,0.9,6.0,,17.19,3.39,87.0,21.9,3.39,85.0,0.0,1011.5,960.3,20720.0,15.0,0.178,28.8,10192X0095/P21B
1956,129,2021-05-10,4.811397298,43.539904887,53.0,27.4,22.8,29.1,24.9,2021-05-10T02:52,2021-05-10T15:12,44363.12,8241.85,8.4,9.3,2.7,0.0,0.0,2.7,9.0,,10.76,2.63,99.0,21.5,2.63,83.0,0.0,1012.6,961.3,24140.0,18.0,0.177,28.5,10192X0095/P21B
1957,130,2021-05-11,4.811397298,43.539904887,3.0,29.4,22.3,29.8,23.1,2021-05-11T02:52,2021-05-11T15:12,44375.12,40160.67,9.15,9.3,0.0,0.0,0.0,0.0,0.0,,20.44,4.81,90.0,19.9,4.81,74.0,0.0,1012.9,961.7,24140.0,22.0,0.191,28.2,10192X0095/P21B
1958,131,2021-05-12,4.811397298,43.539904887,3.0,28.7,21.0,28.5,20.6,2021-05-12T02:52,2021-05-12T15:12,44386.96,42193.14,9.25,9.25,0.0,0.0,0.0,0.0,0.0,,21.79,5.09,90.0,19.0,5.09,72.0,0.0,1013.1,961.8,24140.0,24.1,0.203,27.8,10192X0095/P21B
1959,132,2021-05-13,4.811397298,43.539904887,3.0,30.4,20.8,29.7,20.5,2021-05-13T02:52,2021-05-13T15:12,44398.64,43200.0,8.55,9.25,0.0,0.0,0.0,0.0,0.0,,25.56,6.17,41.0,18.1,6.17,66.0,0.0,1012.4,961.3,24140.0,22.3,0.2,27.8,10192X0095/P21B
1960,133,2021-05-14,4.811397298,43.539904887,2.0,31.2,20.8,30.3,20.2,2021-05-14T02:52,2021-05-14T15:12,44410.16,43200.0,9.25,9.25,0.0,0.0,0.0,0.0,0.0,,25.86,6.55,25.0,18.0,6.55,64.0,0.0,1011.8,960.8,24140.0,23.8,0.196,28.0,10192X0095/P21B
1961,134,2021-05-15,4.811397298,43.539904887,2.0,32.6,21.9,31.6,21.7,2021-05-15T02:52,2021-05-15T15:12,44421.49,43200.0,9.25,9.25,0.0,0.0,0.0,0.0,0.0,,25.32,7.12,27.0,18.5,7.12,62.0,0.0,1011.2,960.4,24140.0,25.8,0.193,28.2,10192X0095/P21B
1962,135,2021-05-16,4.811397298,43.539904887,3.0,33.6,22.4,32.8,22.9,2021-05-16T02:52,2021-05-16T15:12,44432.62,43200.0,9.2,9.2,0.0,0.0,0.0,0.0,0.0,,25.56,7.46,41.0,18.0,7.46,57.0,0.0,1010.3,959.7,24140.0,23.2,0.191,28.6,10192X0095/P21B
1963,136,2021-05-17,4.811397298,43.539904887,3.0,33.6,22.4,33.4,23.4,2021-05-17T02:52,2021-05-17T15:12,44443.55,43200.0,9.15,9.15,0.0,0.0,0.0,0.0,0.0,,24.37,7.05,71.0,18.8,7.05,61.0,0.0,1010.8,960.1,24140.0,23.5,0.191,28.9,10192X0095/P21B
1964,137,2021-05-18,4.811397298,43.539904887,3.0,33.5,22.8,32.5,23.6,2021-05-18T02:51,2021-05-18T15:12,44454.26,43200.0,9.15,9.15,0.0,0.0,0.0,0.0,0.0,,24.37,7.4,90.0,18.3,7.4,58.0,0.0,1011.3,960.7,24140.0,26.2,0.19,29.1,10192X0095/P21B
1965,138,2021-05-19,4.811397298,43.539904887,3.0,32.1,22.5,29.8,22.6,2021-05-19T02:51,2021-05-19T15:12,44464.73,40540.31,9.1,9.1,0.0,0.0,0.0,0.0,0.0,,18.34,6.15,65.0,18.8,6.15,62.0,0.0,1012.6,961.8,24140.0,27.2,0.189,29.2,10192X0095/P21B
1966,139,2021-05-20,4.811397298,43.539904887,3.0,33.1,22.3,31.3,21.8,2021-05-20T02:51,2021-05-20T15:13,44474.96,39646.23,9.1,9.1,0.0,0.0,0.0,0.0,0.0,,23.79,7.82,77.0,16.8,7.82,54.0,0.0,1012.5,961.7,24140.0,27.8,0.189,29.3,10192X0095/P21B
1967,140,2021-05-21,4.811397298,43.539904887,3.0,33.2,21.9,31.7,20.7,2021-05-21T02:51,2021-05-21T15:13,44484.94,37970.24,9.1,9.1,0.0,0.0,0.0,0.0,0.0,,22.35,7.56,43.0,16.3,7.56,53.0,0.0,1012.8,961.9,24140.0,26.7,0.188,29.4,10192X0095/P21B
1968,141,2021-05-22,4.811397298,43.539904887,51.0,32.2,21.9,30.8,21.7,2021-05-22T02:51,2021-05-22T15:13,44494.65,39162.5,9.05,9.1,0.2,0.0,0.0,0.2,2.0,,21.88,6.98,25.0,17.8,6.98,59.0,0.0,1012.0,961.1,24135.84,26.9,0.187,29.5,10192X0095/P21B
1969,142,2021-05-23,4.811397298,43.539904887,51.0,31.0,22.4,29.0,21.7,2021-05-23T02:51,2021-05-23T15:13,44504.06,43200.0,7.5,9.05,0.1,0.2,0.0,0.1,1.0,,21.97,6.94,21.0,17.4,6.94,60.0,0.0,1012.8,961.8,24123.34,29.6,0.186,29.5,10192X0095/P21B
1970,143,2021-05-24,4.811397298,43.539904887,3.0,31.4,21.9,28.3,20.8,2021-05-24T02:51,2021-05-24T15:13,44513.19,32668.85,8.85,9.0,0.0,0.0,0.0,0.0,0.0,,19.31,6.62,29.0,16.5,6.62,58.0,0.0,1014.5,963.4,24140.0,27.7,0.187,29.4,10192X0095/P21B
1971,144,2021-05-25,4.811397298,43.539904887,2.0,31.5,21.3,30.0,19.8,2021-05-25T02:51,2021-05-25T15:13,44522.01,43200.0,9.0,9.0,0.0,0.0,0.0,0.0,0.0,,23.06,7.27,13.0,15.8,7.27,55.0,0.0,1014.2,963.1,24140.0,26.3,0.186,29.5,10192X0095/P21B
1972,145,2021-05-26,4.811397298,43.539904887,3.0,30.8,21.0,29.9,20.4,2021-05-26T02:51,2021-05-26T15:14,44530.51,43200.0,8.95,9.0,0.0,0.0,0.0,0.0,0.0,,21.69,6.48,31.0,17.0,6.48,60.0,0.0,1014.1,962.9,24140.0,25.6,0.185,29.5,10192X0095/P21B
1973,146,2021-05-27,4.811397298,43.539904887,51.0,29.8,22.0,28.8,22.2,2021-05-27T02:51,2021-05-27T15:14,44538.67,43200.0,8.95,9.0,0.2,0.2,0.0,0.2,2.0,,20.78,5.95,78.0,18.0,5.95,63.0,0.0,1014.5,963.3,24115.84,22.7,0.185,29.5,10192X0095/P21B
1974,147,2021-05-28,4.811397298,43.539904887,51.0,31.2,21.6,31.0,22.0,2021-05-28T02:51,2021-05-28T15:14,44546.5,43200.0,8.95,9.0,0.3,0.1,0.0,0.3,2.0,,22.19,6.37,37.0,18.0,6.37,62.0,0.0,1014.3,963.3,24140.0,23.0,0.184,29.6,10192X0095/P21B
1975,148,2021-05-29,4.811397298,43.539904887,51.0,31.4,22.5,31.4,23.4,2021-05-29T02:52,2021-05-29T15:14,44554.05,43200.0,8.95,8.95,0.3,0.0,0.0,0.3,2.0,,21.57,6.11,30.0,17.8,6.11,59.0,0.0,1014.0,963.1,24140.0,19.4,0.184,29.8,10192X0095/P21B
1976,149,2021-05-30,4.811397298,43.539904887,3.0,33.7,21.6,32.7,21.5,2021-05-30T02:52,2021-05-30T15:14,44561.35,43200.0,8.9,8.95,0.0,0.0,0.0,0.0,0.0,,24.23,7.66,8.0,16.0,7.66,52.0,0.0,1012.9,962.1,24140.0,22.3,0.183,30.0,10192X0095/P21B
1977,150,2021-05-31,4.811397298,43.539904887,3.0,33.2,21.5,32.9,21.6,2021-05-31T02:52,2021-05-31T15:15,44568.38,39605.15,8.85,8.95,0.0,0.0,0.0,0.0,0.0,,23.6,7.35,28.0,16.9,7.35,56.0,0.0,1011.6,960.9,24140.0,23.5,0.183,30.2,10192X0095/P21B
1978,151,2021-06-01,4.811397298,43.539904887,51.0,31.6,22.4,30.7,22.9,2021-06-01T02:52,2021-06-01T15:15,44575.13,43200.0,8.9,8.9,0.3,0.0,0.0,0.3,3.0,,22.46,6.81,38.0,17.9,6.81,60.0,0.0,1011.5,960.6,24140.0,25.0,0.182,30.3,10192X0095/P21B
1979,152,2021-06-02,4.811397298,43.539904887,3.0,31.0,22.0,29.6,22.0,2021-06-02T02:52,2021-06-02T15:15,44581.6,43153.11,8.9,8.9,0.0,0.0,0.0,0.0,0.0,,20.38,6.78,28.0,16.6,6.78,55.0,0.0,1012.7,961.8,24140.0,24.9,0.182,30.2,10192X0095/P21B
1980,153,2021-06-03,4.811397298,43.539904887,3.0,33.1,21.8,31.0,20.7,2021-06-03T02:52,2021-06-03T15:15,44587.78,43200.0,8.9,8.9,0.0,0.0,0.0,0.0,0.0,,23.92,8.32,56.0,15.4,8.32,49.0,0.0,1013.0,962.2,24140.0,26.6,0.181,30.4,10192X0095/P21B
1981,154,2021-06-04,4.811397298,43.539904887,51.0,32.4,22.4,31.0,21.7,2021-06-04T02:52,2021-06-04T15:15,44593.67,40638.94,8.05,8.9,0.4,0.1,0.0,0.4,2.0,,22.63,7.63,28.0,16.0,7.63,50.0,0.0,1013.3,962.5,24082.5,24.2,0.181,30.5,10192X0095/P21B
1982,155,2021-06-05,4.811397298,43.539904887,3.0,33.0,22.2,31.9,21.7,2021-06-05T02:52,2021-06-05T15:16,44599.25,41669.97,8.9,8.9,0.0,0.0,0.0,0.0,0.0,,22.58,7.37,26.0,15.9,7.37,50.0,0.0,1012.8,962.0,24140.0,22.7,0.181,30.6,10192X0095/P21B
1983,156,2021-06-06,4.811397298,43.539904887,3.0,33.3,22.5,31.2,21.9,2021-06-06T02:52,2021-06-06T15:16,44604.52,43200.0,8.9,8.9,0.0,0.0,0.0,0.0,0.0,,23.88,8.29,13.0,16.3,8.29,51.0,0.0,1012.8,962.2,24140.0,27.8,0.18,30.7,10192X0095/P21B
1984,157,2021-06-07,4.811397298,43.539904887,3.0,32.7,23.2,29.9,21.8,2021-06-07T02:53,2021-06-07T15:16,44609.47,42675.24,8.9,8.9,0.0,0.0,0.0,0.0,0.0,,20.43,7.56,41.0,17.0,7.56,54.0,0.0,1013.5,962.8,24140.0,30.0,0.18,30.7,10192X0095/P21B
1985,158,2021-06-08,4.811397298,43.539904887,51.0,30.5,22.8,28.6,22.2,2021-06-08T02:53,2021-06-08T15:16,44614.1,42899.98,8.85,8.85,0.4,0.0,0.0,0.4,2.0,,17.52,6.05,40.0,18.2,6.05,61.0,0.0,1014.1,963.1,24140.0,28.5,0.18,30.5,10192X0095/P21B
1986,159,2021-06-09,4.811397298,43.539904887,3.0,31.9,21.8,29.4,21.5,2021-06-09T02:53,2021-06-09T15:17,44618.4,34110.69,8.9,8.9,0.0,0.0,0.0,0.0,0.0,,19.41,6.9,36.0,17.1,6.9,57.0,0.0,1013.3,962.4,24140.0,27.2,0.179,30.5,10192X0095/P21B
1987,160,2021-06-10,4.811397298,43.539904887,3.0,31.4,23.1,28.5,22.2,2021-06-10T02:53,2021-06-10T15:17,44622.37,34831.71,8.85,8.85,0.0,0.3,0.0,0.0,0.0,,18.67,7.05,70.0,17.2,7.05,57.0,0.0,1012.3,961.4,24140.0,30.8,0.179,30.5,10192X0095/P21B
1988,161,2021-06-11,4.811397298,43.539904887,3.0,31.6,22.4,28.3,21.0,2021-06-11T02:53,2021-06-11T15:17,44626.0,31867.56,8.85,8.85,0.0,0.0,0.0,0.0,0.0,,18.93,7.28,75.0,15.7,7.28,53.0,0.0,1012.3,961.4,24140.0,30.3,0.179,30.4,10192X0095/P21B
1989,162,2021-06-12,4.811397298,43.539904887,3.0,32.3,21.6,29.3,19.4,2021-06-12T02:53,2021-06-12T15:17,44629.27,37103.96,8.8,8.85,0.0,0.0,0.0,0.0,0.0,,23.0,8.39,61.0,13.8,8.39,46.0,0.0,1013.0,962.1,24140.0,28.1,0.179,30.4,10192X0095/P21B
1990,163,2021-06-13,4.811397298,43.539904887,3.0,32.6,21.6,29.1,19.1,2021-06-13T02:54,2021-06-13T15:18,44632.19,34321.37,8.1,8.85,0.0,0.0,0.0,0.0,0.0,,21.91,8.28,90.0,13.5,8.28,45.0,0.0,1013.7,962.7,24140.0,27.4,0.178,30.4,10192X0095/P21B
1991,164,2021-06-14,4.811397298,43.539904887,3.0,32.6,21.8,29.2,20.6,2021-06-14T02:54,2021-06-14T15:18,44634.75,43200.0,8.3,8.85,0.0,0.0,0.0,0.0,0.0,,23.82,8.55,95.0,14.1,8.55,47.0,0.0,1012.7,961.9,24140.0,28.5,0.178,30.5,10192X0095/P21B
1992,165,2021-06-15,4.811397298,43.539904887,3.0,33.3,22.3,30.7,20.9,2021-06-15T02:54,2021-06-15T15:18,44636.94,43200.0,8.75,8.8,0.0,0.0,0.0,0.0,0.0,,23.91,8.54,87.0,14.5,8.54,47.0,0.0,1011.9,961.3,24140.0,27.3,0.178,30.7,10192X0095/P21B
1993,166,2021-06-16,4.811397298,43.539904887,3.0,33.1,22.2,30.9,19.4,2021-06-16T02:54,2021-06-16T15:18,44638.76,39600.0,8.75,8.8,0.0,0.0,0.0,0.0,0.0,,23.66,8.71,85.0,13.3,8.71,43.0,0.0,1012.8,962.0,24140.0,26.4,0.178,30.8,10192X0095/P21B
1994,167,2021-06-17,4.811397298,43.539904887,3.0,33.4,21.9,31.3,20.9,2021-06-17T02:54,2021-06-17T15:18,44640.2,43200.0,8.8,8.85,0.0,0.0,0.0,0.0,0.0,,24.08,8.37,94.0,14.4,8.37,46.0,0.0,1013.2,962.4,24140.0,25.8,0.177,30.8,10192X0095/P21B
1995,168,2021-06-18,4.811397298,43.539904887,3.0,33.4,22.4,30.2,20.5,2021-06-18T02:55,2021-06-18T15:19,44641.27,41126.35,8.7,8.8,0.0,0.0,0.0,0.0,0.0,,23.42,8.58,77.0,15.1,8.58,48.0,0.0,1014.0,963.2,24140.0,29.4,0.177,30.9,10192X0095/P21B
1996,169,2021-06-19,4.811397298,43.539904887,3.0,32.0,22.8,29.7,21.5,2021-06-19T02:55,2021-06-19T15:19,44641.99,41227.9,8.8,8.8,0.0,0.0,0.0,0.0,0.0,,20.83,7.34,81.0,17.2,7.34,57.0,0.0,1015.6,964.6,24140.0,32.3,0.177,30.8,10192X0095/P21B
1997,170,2021-06-20,4.811397298,43.539904887,3.0,31.4,22.9,27.6,19.6,2021-06-20T02:55,2021-06-20T15:19,44642.33,33002.79,8.8,8.8,0.0,0.0,0.0,0.0,0.0,,21.93,8.47,62.0,13.9,8.47,46.0,0.0,1015.1,964.1,24140.0,31.8,0.177,30.7,10192X0095/P21B
1998,171,2021-06-21,4.811397298,43.539904887,3.0,31.8,21.8,28.4,20.3,2021-06-21T02:55,2021-06-21T15:19,44642.33,32804.27,8.8,8.8,0.0,0.0,0.0,0.0,0.0,,20.68,7.55,55.0,15.8,7.55,54.0,0.0,1014.3,963.3,24140.0,30.5,0.177,30.6,10192X0095/P21B
1999,172,2021-06-22,4.811397298,43.539904887,3.0,31.7,21.6,29.6,20.5,2021-06-22T02:55,2021-06-22T15:19,44641.97,43200.0,8.8,8.8,0.0,0.0,0.0,0.0,0.0,,22.92,7.52,32.0,16.2,7.52,55.0,0.0,1013.6,962.6,24140.0,29.1,0.176,30.6,10192X0095/P21B
2000,173,2021-06-23,4.811397298,43.539904887,51.0,30.2,22.2,28.6,21.1,2021-06-23T02:56,2021-06-23T15:20,44641.26,41191.85,8.75,8.8,0.4,0.0,0.0,0.4,4.0,,18.55,5.84,69.0,18.2,5.84,65.0,0.0,1014.4,963.2,23634.17,30.0,0.176,30.5,10192X0095/P21B
2001,174,2021-06-24,4.811397298,43.539904887,51.0,29.5,21.2,26.9,20.8,2021-06-24T02:56,2021-06-24T15:20,44640.2,32966.7,7.85,8.8,0.4,0.0,0.0,0.4,3.0,,16.12,5.35,97.0,17.8,5.35,65.0,0.0,1015.0,963.7,24140.0,29.1,0.177,30.2,10192X0095/P21B
2002,175,2021-06-25,4.811397298,43.539904887,3.0,31.3,21.2,28.6,19.9,2021-06-25T02:56,2021-06-25T15:20,44638.79,42329.7,8.8,8.85,0.0,0.0,0.0,0.0,0.0,,21.42,7.16,67.0,16.0,7.16,56.0,0.0,1013.5,962.4,24140.0,29.1,0.176,30.1,10192X0095/P21B
2003,176,2021-06-26,4.811397298,43.539904887,3.0,31.8,21.0,28.7,18.8,2021-06-26T02:56,2021-06-26T15:20,44637.04,35994.06,8.8,8.8,0.0,0.0,0.0,0.0,0.0,,21.3,7.79,52.0,14.9,7.79,51.0,0.0,1012.3,961.4,24140.0,29.3,0.176,30.1,10192X0095/P21B
2004,177,2021-06-27,4.811397298,43.539904887,3.0,32.7,21.4,30.9,19.8,2021-06-27T02:57,2021-06-27T15:20,44634.95,35961.22,8.85,8.85,0.0,0.0,0.0,0.0,0.0,,21.57,7.74,83.0,14.3,7.74,49.0,0.0,1012.8,961.8,24140.0,26.0,0.176,30.2,10192X0095/P21B
2005,178,2021-06-28,4.811397298,43.539904887,3.0,31.3,21.6,29.4,20.8,2021-06-28T02:57,2021-06-28T15:21,44632.52,36844.19,8.85,8.85,0.0,0.0,0.0,0.0,0.0,,20.47,7.18,58.0,15.4,7.18,52.0,0.0,1013.3,962.3,24140.0,25.3,0.175,30.2,10192X0095/P21B
2006,179,2021-06-29,4.811397298,43.539904887,51.0,30.7,22.2,28.4,21.7,2021-06-29T02:57,2021-06-29T15:21,44629.76,41598.55,8.5,8.9,0.4,0.0,0.0,0.4,3.0,,21.43,7.04,43.0,16.8,7.04,58.0,0.0,1013.7,962.6,24140.0,29.3,0.175,30.2,10192X0095/P21B
2007,180,2021-06-30,4.811397298,43.539904887,51.0,30.8,22.2,28.0,21.1,2021-06-30T02:57,2021-06-30T15:21,44626.68,42185.88,8.9,8.9,0.1,0.0,0.0,0.1,1.0,,19.21,6.92,49.0,16.2,6.92,56.0,0.0,1015.1,964.0,24140.0,31.9,0.175,30.1,10192X0095/P21B
2008,181,2021-07-01,4.811397298,43.539904887,3.0,31.4,21.0,27.4,19.0,2021-07-01T02:57,2021-07-01T15:21,44623.26,43105.65,8.7,8.85,0.0,0.0,0.0,0.0,0.0,,24.0,8.61,44.0,13.6,8.61,47.0,0.0,1014.3,963.2,24140.0,31.5,0.175,30.1,10192X0095/P21B
2009,182,2021-07-02,4.811397298,43.539904887,3.0,32.3,21.5,28.5,18.0,2021-07-02T02:58,2021-07-02T15:21,44619.53,39492.24,8.4,8.9,0.0,0.0,0.0,0.0,0.0,,22.6,8.94,49.0,13.6,8.94,44.0,0.0,1013.3,962.5,24140.0,32.7,0.175,30.1,10192X0095/P21B
2010,183,2021-07-03,4.811397298,43.539904887,3.0,32.2,22.1,28.3,19.0,2021-07-03T02:58,2021-07-03T15:22,44615.48,37363.4,8.35,8.9,0.0,0.0,0.0,0.0,0.0,,21.47,8.51,78.0,14.0,8.51,47.0,0.0,1012.7,961.8,24140.0,32.7,0.175,30.2,10192X0095/P21B
2011,184,2021-07-04,4.811397298,43.539904887,3.0,29.9,21.6,25.8,19.9,2021-07-04T02:58,2021-07-04T15:22,44611.11,32448.01,8.85,8.9,0.0,0.0,0.0,0.0,0.0,,17.47,6.97,74.0,15.6,6.97,54.0,0.0,1013.4,962.4,24140.0,32.7,0.174,30.0,10192X0095/P21B
2012,185,2021-07-05,4.811397298,43.539904887,3.0,31.6,21.7,28.6,20.0,2021-07-05T02:58,2021-07-05T15:22,44606.44,35413.66,8.8,8.9,0.0,0.0,0.0,0.0,0.0,,19.19,7.46,60.0,15.3,7.46,52.0,0.0,1013.2,962.2,24140.0,30.8,0.174,30.0,10192X0095/P21B
2013,186,2021-07-06,4.811397298,43.539904887,3.0,31.2,22.2,27.1,18.9,2021-07-06T02:59,2021-07-06T15:22,44601.45,32078.17,8.9,8.9,0.0,0.0,0.0,0.0,0.0,,18.26,7.82,47.0,14.1,7.82,48.0,0.0,1012.6,961.6,24140.0,33.8,0.174,29.9,10192X0095/P21B
2014,187,2021-07-07,4.811397298,43.539904887,3.0,29.8,22.2,25.1,19.8,2021-07-07T02:59,2021-07-07T15:22,44596.16,29759.36,8.55,8.9,0.0,0.0,0.0,0.0,0.0,,15.79,6.97,68.0,15.3,6.97,53.0,0.0,1013.2,962.1,24140.0,34.5,0.174,29.8,10192X0095/P21B
2015,188,2021-07-08,4.811397298,43.539904887,3.0,29.9,21.6,25.6,19.3,2021-07-08T02:59,2021-07-08T15:22,44590.5,28277.4,8.75,8.9,0.0,0.0,0.0,0.0,0.0,,16.46,6.94,76.0,15.2,6.94,54.0,0.0,1014.5,963.3,24140.0,33.3,0.174,29.7,10192X0095/P21B
2016,189,2021-07-09,4.811397298,43.539904887,3.0,29.9,22.4,24.9,19.4,2021-07-09T02:59,2021-07-09T15:22,44584.49,28277.7,8.95,8.95,0.0,0.0,0.0,0.0,0.0,,14.23,7.13,90.0,14.8,7.13,51.0,0.0,1014.1,963.0,24140.0,34.7,0.174,29.6,10192X0095/P21B
2017,190,2021-07-10,4.811397298,43.539904887,53.0,29.9,22.4,26.0,19.8,2021-07-10T02:59,2021-07-10T15:22,44578.13,32234.02,4.9,8.95,1.3,0.0,0.0,1.3,5.0,,14.83,7.02,75.0,14.5,7.02,50.0,0.0,1013.5,962.4,24140.0,32.7,0.174,29.5,10192X0095/P21B
2018,191,2021-07-11,4.811397298,43.539904887,51.0,30.2,22.1,26.2,20.6,2021-07-11T02:59,2021-07-11T15:22,44571.42,37988.83,5.1,8.95,0.6,0.0,0.0,0.6,3.0,,17.47,6.49,54.0,15.8,6.49,56.0,0.0,1013.8,962.6,24140.0,30.7,0.175,29.3,10192X0095/P21B
2019,192,2021-07-12,4.811397298,43.539904887,3.0,30.9,21.6,27.4,19.9,2021-07-12T03:00,2021-07-12T15:22,44564.4,37792.82,8.6,8.95,0.0,0.0,0.0,0.0,0.0,,20.2,7.98,45.0,15.0,7.98,50.0,0.0,1013.3,962.4,24140.0,33.6,0.174,29.4,10192X0095/P21B
2020,193,2021-07-13,4.811397298,43.539904887,51.0,28.6,22.7,25.6,20.7,2021-07-13T03:00,2021-07-13T15:22,44557.05,26310.47,8.2,8.95,0.6,0.0,0.0,0.6,3.0,,12.27,5.53,90.0,17.2,5.53,61.0,0.0,1013.3,962.2,24140.0,32.1,0.174,29.3,10192X0095/P21B
2021,194,2021-07-14,4.811397298,43.539904887,51.0,27.9,22.3,25.3,20.7,2021-07-14T03:00,2021-07-14T15:23,44549.4,16647.99,5.8,9.0,1.1,0.0,0.0,1.1,5.0,,12.39,4.89,95.0,17.6,4.89,65.0,0.0,1013.7,962.4,24140.0,29.8,0.175,29.0,10192X0095/P21B
2022,195,2021-07-15,4.811397298,43.539904887,3.0,31.7,21.2,26.6,18.7,2021-07-15T03:00,2021-07-15T15:23,44541.46,38528.75,8.45,9.0,0.0,0.0,0.0,0.0,0.0,,20.62,7.9,77.0,14.7,7.9,51.0,0.0,1013.3,962.2,24140.0,33.3,0.175,29.0,10192X0095/P21B
2023,196,2021-07-16,4.811397298,43.539904887,3.0,30.5,21.6,25.2,17.9,2021-07-16T03:00,2021-07-16T15:23,44533.23,32280.05,8.85,9.0,0.0,0.0,0.0,0.0,0.0,,19.85,8.11,78.0,14.1,8.11,49.0,0.0,1012.9,961.9,24140.0,36.2,0.175,29.1,10192X0095/P21B
2024,197,2021-07-17,4.811397298,43.539904887,3.0,29.8,21.7,24.6,18.7,2021-07-17T03:01,2021-07-17T15:23,44524.74,35026.52,8.55,9.05,0.0,0.0,0.0,0.0,0.0,,16.63,7.82,57.0,13.8,7.82,48.0,0.0,1012.9,961.9,24140.0,37.1,0.175,29.0,10192X0095/P21B
2025,198,2021-07-18,4.811397298,43.539904887,3.0,29.7,22.5,25.1,19.4,2021-07-18T03:01,2021-07-18T15:23,44515.98,33489.42,8.85,9.05,0.0,0.0,0.0,0.0,0.0,,17.7,7.36,69.0,14.9,7.36,51.0,0.0,1013.6,962.5,24140.0,33.7,0.175,29.0,10192X0095/P21B
2026,199,2021-07-19,4.811397298,43.539904887,3.0,30.6,22.7,26.1,19.7,2021-07-19T03:01,2021-07-19T15:23,44506.98,28697.08,5.8,9.05,0.0,0.0,0.0,0.0,0.0,,16.52,7.53,85.0,14.7,7.53,49.0,0.0,1013.8,962.8,24140.0,33.2,0.175,29.1,10192X0095/P21B
2027,200,2021-07-20,4.811397298,43.539904887,51.0,30.0,22.8,25.7,20.0,2021-07-20T03:01,2021-07-20T15:23,44497.74,22413.45,8.9,9.05,0.1,0.0,0.0,0.1,1.0,,15.55,7.51,66.0,14.4,7.51,48.0,0.0,1014.3,963.3,24140.0,33.2,0.175,29.1,10192X0095/P21B
2028,201,2021-07-21,4.811397298,43.539904887,51.0,28.8,21.8,25.5,19.6,2021-07-21T03:01,2021-07-21T15:23,44488.27,15947.39,8.9,9.1,0.1,0.0,0.0,0.1,1.0,,11.62,5.92,67.0,15.7,5.92,55.0,0.0,1016.4,965.1,24140.0,30.6,0.175,28.9,10192X0095/P21B
2029,202,2021-07-22,4.811397298,43.539904887,3.0,32.3,22.0,28.9,20.9,2021-07-22T03:01,2021-07-22T15:23,44478.58,40883.6,9.1,9.1,0.0,0.0,0.0,0.0,0.0,,20.69,7.9,41.0,15.6,7.9,52.0,0.0,1014.4,963.5,24140.0,31.4,0.175,29.1,10192X0095/P21B
2030,203,2021-07-23,4.811397298,43.539904887,3.0,31.9,21.5,27.4,18.3,2021-07-23T03:01,2021-07-23T15:23,44468.69,38043.25,8.9,9.1,0.0,0.0,0.0,0.0,0.0,,23.15,9.12,57.0,13.8,9.12,47.0,0.0,1012.2,961.3,24140.0,37.8,0.175,29.2,10192X0095/P21B
2031,204,2021-07-24,4.811397298,43.539904887,55.0,29.0,21.9,22.8,19.1,2021-07-24T03:01,2021-07-24T15:22,44458.6,10512.5,8.3,9.1,2.0,0.0,0.0,2.0,4.0,,9.86,5.88,82.0,15.1,5.88,56.0,0.0,1014.2,962.9,24140.0,37.1,0.176,28.9,10192X0095/P21B
2032,205,2021-07-25,4.811397298,43.539904887,3.0,27.7,21.4,23.9,19.0,2021-07-25T03:02,2021-07-25T15:22,44448.32,15022.55,4.45,9.1,0.0,0.1,0.0,0.0,0.0,,11.28,5.61,78.0,15.1,5.61,57.0,0.0,1014.8,963.4,24140.0,32.5,0.176,28.7,10192X0095/P21B
2033,206,2021-07-26,4.811397298,43.539904887,51.0,27.8,20.7,23.7,18.6,2021-07-26T03:02,2021-07-26T15:22,44437.87,27312.52,8.25,9.15,0.2,0.1,0.0,0.2,2.0,,13.55,6.02,55.0,15.1,6.02,56.0,0.0,1014.6,963.2,24140.0,33.2,0.176,28.5,10192X0095/P21B
2034,207,2021-07-27,4.811397298,43.539904887,51.0,27.8,21.9,23.2,19.5,2021-07-27T03:02,2021-07-27T15:22,44427.24,17874.27,8.8,9.15,0.2,0.0,0.0,0.2,2.0,,12.64,5.57,87.0,15.8,5.57,59.0,0.0,1014.2,962.8,24140.0,32.3,0.175,28.5,10192X0095/P21B
2035,208,2021-07-28,4.811397298,43.539904887,51.0,27.2,20.8,23.2,20.0,2021-07-28T03:02,2021-07-28T15:22,44416.34,24713.26,7.45,9.15,0.1,0.0,0.0,0.1,1.0,,14.16,5.37,94.0,15.9,5.37,61.0,0.0,1014.4,963.0,24140.0,30.3,0.175,28.3,10192X0095/P21B
2036,209,2021-07-29,4.811397298,43.539904887,3.0,28.1,21.2,24.4,19.9,2021-07-29T03:02,2021-07-29T15:22,44405.16,16939.33,6.3,9.2,0.0,0.0,0.0,0.0,0.0,,11.19,5.38,95.0,15.6,5.38,59.0,0.0,1015.1,963.7,24140.0,29.9,0.175,28.2,10192X0095/P21B
2037,210,2021-07-30,4.811397298,43.539904887,3.0,29.4,20.8,24.9,19.2,2021-07-30T03:02,2021-07-30T15:22,44393.73,23624.71,7.55,9.2,0.0,0.0,0.0,0.0,0.0,,15.12,6.65,97.0,14.7,6.65,54.0,0.0,1015.7,964.3,24140.0,32.9,0.175,28.3,10192X0095/P21B
2038,211,2021-07-31,4.811397298,43.539904887,3.0,30.2,21.1,25.4,18.5,2021-07-31T03:02,2021-07-31T15:22,44382.05,28124.3,8.1,9.2,0.0,0.0,0.0,0.0,0.0,,15.36,7.32,77.0,13.3,7.32,47.0,0.0,1015.8,964.5,24140.0,31.9,0.175,28.4,10192X0095/P21B
2039,212,2021-08-01,4.811397298,43.539904887,3.0,28.9,22.1,25.5,18.8,2021-08-01T03:02,2021-08-01T15:21,44370.13,25798.77,7.15,9.25,0.0,0.1,0.0,0.0,0.0,,10.95,5.57,73.0,16.4,5.57,59.0,0.0,1015.7,964.4,24140.0,32.8,0.175,28.4,10192X0095/P21B
2040,213,2021-08-02,4.811397298,43.539904887,51.0,29.7,21.6,27.4,20.4,2021-08-02T03:02,2021-08-02T15:21,44358.0,27944.79,4.85,9.25,0.6,0.0,0.0,0.6,6.0,,15.87,5.68,83.0,17.3,5.68,63.0,0.0,1016.3,964.9,24140.0,30.1,0.175,28.4,10192X0095/P21B
2041,214,2021-08-03,4.811397298,43.539904887,3.0,31.8,22.4,27.8,20.2,2021-08-03T03:02,2021-08-03T15:21,44345.67,33897.53,8.3,9.25,0.0,0.0,0.0,0.0,0.0,,19.98,7.56,87.0,15.4,7.56,53.0,0.0,1016.5,965.3,24140.0,31.3,0.175,28.6,10192X0095/P21B
2042,215,2021-08-04,4.811397298,43.539904887,3.0,33.1,22.2,29.8,20.3,2021-08-04T03:02,2021-08-04T15:21,44333.15,36219.31,9.25,9.25,0.0,0.0,0.0,0.0,0.0,,21.91,7.79,70.0,15.7,7.79,54.0,0.0,1016.9,965.8,24140.0,29.8,0.174,28.9,10192X0095/P21B
2043,216,2021-08-05,4.811397298,43.539904887,3.0,31.8,21.0,28.9,20.1,2021-08-05T03:02,2021-08-05T15:21,44320.44,32371.51,9.3,9.3,0.0,0.0,0.0,0.0,0.0,,22.08,7.69,69.0,15.0,7.69,52.0,0.0,1016.6,965.5,24140.0,28.9,0.174,29.0,10192X0095/P21B
2044,217,2021-08-06,4.811397298,43.539904887,3.0,32.6,20.9,29.8,19.4,2021-08-06T03:02,2021-08-06T15:21,44307.58,39397.27,9.3,9.3,0.0,0.0,0.0,0.0,0.0,,22.85,8.3,66.0,14.5,8.3,49.0,0.0,1014.6,963.6,24140.0,30.5,0.174,29.1,10192X0095/P21B
2045,218,2021-08-07,4.811397298,43.539904887,3.0,32.5,20.9,28.7,18.8,2021-08-07T03:02,2021-08-07T15:20,44294.56,42839.95,8.95,9.3,0.0,0.0,0.0,0.0,0.0,,25.21,8.9,73.0,13.7,8.9,47.0,0.0,1013.7,962.8,24140.0,30.8,0.174,29.2,10192X0095/P21B
2046,219,2021-08-08,4.811397298,43.539904887,3.0,33.7,21.8,30.9,19.5,2021-08-08T03:02,2021-08-08T15:20,44281.4,40016.91,9.1,9.3,0.0,0.0,0.0,0.0,0.0,,23.1,8.76,85.0,14.2,8.76,46.0,0.0,1013.3,962.5,24140.0,30.1,0.174,29.4,10192X0095/P21B
2047,220,2021-08-09,4.811397298,43.539904887,3.0,32.0,21.5,29.4,19.8,2021-08-09T03:02,2021-08-09T15:20,44268.12,34678.62,8.8,9.35,0.0,0.0,0.0,0.0,0.0,,19.63,7.52,72.0,15.5,7.52,52.0,0.0,1013.6,962.6,24140.0,30.2,0.174,29.4,10192X0095/P21B
2048,221,2021-08-10,4.811397298,43.539904887,3.0,33.0,21.3,30.0,20.0,2021-08-10T03:02,2021-08-10T15:20,44254.73,42845.39,9.4,9.4,0.0,0.1,0.0,0.0,0.0,,22.33,8.06,61.0,15.1,8.06,50.0,0.0,1012.7,961.8,24140.0,28.7,0.174,29.5,10192X0095/P21B
2049,222,2021-08-11,4.811397298,43.539904887,3.0,32.5,21.4,29.6,19.7,2021-08-11T03:02,2021-08-11T15:19,44241.23,42518.39,9.25,9.4,0.0,0.0,0.0,0.0,0.0,,23.18,8.51,70.0,14.7,8.51,48.0,0.0,1013.2,962.3,24140.0,31.1,0.174,29.7,10192X0095/P21B
2050,223,2021-08-12,4.811397298,43.539904887,3.0,33.2,22.0,30.9,19.4,2021-08-12T03:02,2021-08-12T15:19,44227.64,29059.56,9.35,9.45,0.0,0.0,0.0,0.0,0.0,,21.43,8.19,60.0,14.0,8.19,45.0,0.0,1013.6,962.8,24140.0,27.0,0.174,29.8,10192X0095/P21B
2051,224,2021-08-13,4.811397298,43.539904887,3.0,34.0,22.5,33.3,20.5,2021-08-13T03:02,2021-08-13T15:19,44213.97,35654.81,9.4,9.45,0.0,0.0,0.0,0.0,0.0,,22.54,8.55,48.0,14.7,8.55,46.0,0.0,1013.1,962.3,24140.0,28.4,0.173,30.0,10192X0095/P21B
2052,225,2021-08-14,4.811397298,43.539904887,3.0,31.0,22.5,28.8,20.3,2021-08-14T03:02,2021-08-14T15:18,44200.24,41089.62,8.95,9.45,0.0,0.0,0.0,0.0,0.0,,18.59,7.18,60.0,17.0,7.18,56.0,0.0,1013.2,962.3,24140.0,33.4,0.173,29.9,10192X0095/P21B
2053,226,2021-08-15,4.811397298,43.539904887,3.0,30.7,22.1,27.6,20.3,2021-08-15T03:02,2021-08-15T15:18,44186.44,42486.52,9.45,9.45,0.0,0.0,0.0,0.0,0.0,,21.94,7.7,54.0,16.3,7.7,55.0,0.0,1013.9,962.9,24140.0,33.7,0.173,29.9,10192X0095/P21B
2054,227,2021-08-16,4.811397298,43.539904887,3.0,32.5,21.8,28.6,19.3,2021-08-16T03:02,2021-08-16T15:18,44172.59,37705.42,9.45,9.45,0.0,0.0,0.0,0.0,0.0,,22.95,8.62,60.0,14.2,8.62,48.0,0.0,1014.5,963.5,24140.0,34.0,0.173,29.9,10192X0095/P21B
2055,228,2021-08-17,4.811397298,43.539904887,3.0,32.8,21.3,29.5,18.8,2021-08-17T03:01,2021-08-17T15:17,44158.56,42873.54,9.5,9.5,0.0,0.0,0.0,0.0,0.0,,24.48,8.97,83.0,13.5,8.97,45.0,0.0,1014.4,963.5,24140.0,30.8,0.173,29.9,10192X0095/P21B
2056,229,2021-08-18,4.811397298,43.539904887,3.0,32.5,21.1,29.1,19.3,2021-08-18T03:01,2021-08-18T15:17,44144.38,42879.64,9.5,9.5,0.0,0.0,0.0,0.0,0.0,,25.82,9.04,58.0,13.8,9.04,46.0,0.0,1012.1,961.2,24140.0,30.7,0.173,30.0,10192X0095/P21B
2057,230,2021-08-19,4.811397298,43.539904887,3.0,33.7,21.7,28.3,19.0,2021-08-19T03:01,2021-08-19T15:17,44130.02,42886.35,9.5,9.5,0.0,0.0,0.0,0.0,0.0,,26.34,9.9,17.0,12.7,9.9,42.0,0.0,1010.1,959.6,24140.0,32.4,0.173,30.1,10192X0095/P21B
2058,231,2021-08-20,4.811397298,43.539904887,3.0,33.6,22.2,30.8,21.1,2021-08-20T03:01,2021-08-20T15:16,44115.53,42893.65,9.5,9.5,0.0,0.0,0.0,0.0,0.0,,25.46,8.66,39.0,16.7,8.66,53.0,0.0,1010.7,960.1,24140.0,31.5,0.172,30.2,10192X0095/P21B
2059,232,2021-08-21,4.811397298,43.539904887,3.0,32.9,22.5,31.8,22.2,2021-08-21T03:01,2021-08-21T15:16,44100.9,42901.49,9.0,9.55,0.0,0.0,0.0,0.0,0.0,,22.9,7.52,36.0,18.1,7.52,58.0,0.0,1011.5,960.8,24140.0,28.8,0.172,30.3,10192X0095/P21B
2060,233,2021-08-22,4.811397298,43.539904887,3.0,32.4,21.7,31.2,21.1,2021-08-22T03:01,2021-08-22T15:16,44086.14,41382.02,9.55,9.55,0.0,0.0,0.0,0.0,0.0,,19.9,7.29,32.0,17.3,7.29,56.0,0.0,1011.8,961.0,24140.0,29.8,0.172,30.3,10192X0095/P21B
2061,234,2021-08-23,4.811397298,43.539904887,0.0,33.5,22.2,30.3,21.5,2021-08-23T03:01,2021-08-23T15:15,44071.29,42918.64,9.6,9.6,0.0,0.0,0.0,0.0,0.0,,25.56,8.68,4.0,15.3,8.68,50.0,0.0,1011.3,960.6,24140.0,29.9,0.172,30.4,10192X0095/P21B
2062,235,2021-08-24,4.811397298,43.539904887,3.0,32.1,21.4,29.5,19.9,2021-08-24T03:01,2021-08-24T15:15,44056.33,42927.87,9.6,9.6,0.0,0.0,0.0,0.0,0.0,,22.84,7.92,26.0,15.4,7.92,52.0,0.0,1012.1,961.3,24140.0,30.2,0.172,30.3,10192X0095/P21B
2063,236,2021-08-25,4.811397298,43.539904887,3.0,32.9,21.3,29.4,19.9,2021-08-25T03:00,2021-08-25T15:14,44041.28,42937.5,9.4,9.6,0.0,0.0,0.0,0.0,0.0,,25.93,8.45,37.0,14.0,8.45,49.0,0.0,1011.6,960.8,24140.0,27.3,0.172,30.3,10192X0095/P21B
2064,237,2021-08-26,4.811397298,43.539904887,3.0,32.2,21.1,29.3,20.0,2021-08-26T03:00,2021-08-26T15:14,44026.17,42947.49,9.65,9.65,0.0,0.0,0.0,0.0,0.0,,23.91,8.06,14.0,14.0,8.06,49.0,0.0,1011.7,960.9,24140.0,27.3,0.172,30.3,10192X0095/P21B
2065,238,2021-08-27,4.811397298,43.539904887,2.0,33.6,21.2,30.2,19.2,2021-08-27T03:00,2021-08-27T15:14,44010.99,42957.79,9.65,9.65,0.0,0.0,0.0,0.0,0.0,,26.0,8.92,5.0,14.5,8.92,49.0,0.0,1011.5,960.7,24140.0,30.5,0.172,30.4,10192X0095/P21B
2066,239,2021-08-28,4.811397298,43.539904887,0.0,33.5,21.3,29.4,18.7,2021-08-28T03:00,2021-08-28T15:13,43995.76,42968.37,9.65,9.65,0.0,0.0,0.0,0.0,0.0,,26.13,9.52,0.0,12.6,9.52,43.0,0.0,1009.8,959.1,24140.0,31.8,0.172,30.5,10192X0095/P21B
2067,240,2021-08-29,4.811397298,43.539904887,3.0,34.1,20.5,29.8,19.2,2021-08-29T03:00,2021-08-29T15:13,43980.48,42979.19,9.6,9.65,0.0,0.0,0.0,0.0,0.0,,25.04,9.09,46.0,13.5,9.09,45.0,0.0,1008.5,957.9,24140.0,30.7,0.172,30.4,10192X0095/P21B
2068,241,2021-08-30,4.811397298,43.539904887,3.0,34.3,22.1,30.1,19.3,2021-08-30T03:00,2021-08-30T15:12,43965.18,42990.21,9.65,9.65,0.0,0.0,0.0,0.0,0.0,,25.17,10.0,65.0,12.7,10.0,40.0,0.0,1008.4,958.0,24140.0,33.0,0.172,30.5,10192X0095/P21B
2069,242,2021-08-31,4.811397298,43.539904887,3.0,34.4,22.0,32.1,20.2,2021-08-31T02:59,2021-08-31T15:12,43949.86,43001.39,9.65,9.65,0.0,0.0,0.0,0.0,0.0,,24.11,9.1,76.0,14.8,9.1,46.0,0.0,1009.4,958.9,24140.0,31.0,0.172,30.6,10192X0095/P21B
2070,243,2021-09-01,4.811397298,43.539904887,3.0,33.3,22.7,30.8,20.9,2021-09-01T02:59,2021-09-01T15:11,43934.53,38960.65,9.55,9.55,0.0,0.0,0.0,0.0,0.0,,23.25,8.2,76.0,15.9,8.2,50.0,0.0,1011.3,960.6,24140.0,28.1,0.172,30.7,10192X0095/P21B
2071,244,2021-09-02,4.811397298,43.539904887,2.0,34.5,23.1,32.5,21.7,2021-09-02T02:59,2021-09-02T15:11,43919.2,43024.11,9.6,9.6,0.0,0.0,0.0,0.0,0.0,,24.12,8.46,29.0,16.3,8.46,50.0,0.0,1011.0,960.4,24140.0,27.2,0.172,30.9,10192X0095/P21B
2072,245,2021-09-03,4.811397298,43.539904887,3.0,33.5,22.3,30.7,21.3,2021-09-03T02:59,2021-09-03T15:11,43903.88,43035.55,9.6,9.6,0.0,0.0,0.0,0.0,0.0,,23.78,8.47,24.0,15.6,8.47,51.0,0.0,1011.3,960.6,24140.0,30.5,0.171,30.9,10192X0095/P21B
2073,246,2021-09-04,4.811397298,43.539904887,3.0,34.1,22.2,30.7,20.8,2021-09-04T02:59,2021-09-04T15:10,43888.58,39717.2,9.55,9.55,0.0,0.0,0.0,0.0,0.0,,25.23,8.68,71.0,15.5,8.68,51.0,0.0,1011.8,961.1,24140.0,31.5,0.171,30.9,10192X0095/P21B
2074,247,2021-09-05,4.811397298,43.539904887,3.0,32.7,21.6,29.3,19.8,2021-09-05T02:58,2021-09-05T15:10,43873.3,39618.87,9.6,9.6,0.0,0.0,0.0,0.0,0.0,,23.31,8.37,26.0,15.1,8.37,49.0,0.0,1012.7,961.9,24140.0,29.6,0.17,30.8,10192X0095/P21B
2075,248,2021-09-06,4.811397298,43.539904887,3.0,33.8,22.1,30.8,21.4,2021-09-06T02:58,2021-09-06T15:09,43857.92,43070.22,9.3,9.6,0.0,0.0,0.0,0.0,0.0,,25.3,8.72,41.0,15.7,8.72,51.0,0.0,1012.7,961.9,24140.0,30.1,0.171,30.9,10192X0095/P21B
2076,249,2021-09-07,4.811397298,43.539904887,3.0,33.0,22.3,31.9,20.7,2021-09-07T02:58,2021-09-07T15:09,43842.45,40020.83,9.65,9.65,0.0,0.0,0.0,0.0,0.0,,24.22,8.29,51.0,16.2,8.29,51.0,0.0,1012.4,961.7,24140.0,28.4,0.171,31.0,10192X0095/P21B
2077,250,2021-09-08,4.811397298,43.539904887,3.0,32.1,22.2,28.6,21.1,2021-09-08T02:58,2021-09-08T15:08,43826.89,39687.74,9.35,9.6,0.0,0.1,0.0,0.0,0.0,,18.4,7.75,55.0,15.4,7.75,49.0,0.0,1012.6,961.8,24140.0,29.5,0.17,30.9,10192X0095/P21B
2078,251,2021-09-09,4.811397298,43.539904887,3.0,32.7,22.7,29.7,21.2,2021-09-09T02:58,2021-09-09T15:08,43811.25,43108.17,9.6,9.6,0.0,0.0,0.0,0.0,0.0,,22.15,7.96,51.0,16.4,7.96,53.0,0.0,1013.7,962.9,24140.0,29.4,0.17,31.0,10192X0095/P21B
2079,252,2021-09-10,4.811397298,43.539904887,3.0,33.4,22.1,30.5,20.9,2021-09-10T02:57,2021-09-10T15:07,43795.55,43121.53,9.65,9.65,0.0,0.0,0.0,0.0,0.0,,25.84,9.39,47.0,14.5,9.39,47.0,0.0,1014.1,963.3,24140.0,32.2,0.17,31.1,10192X0095/P21B
2080,253,2021-09-11,4.811397298,43.539904887,3.0,34.8,21.9,31.7,20.1,2021-09-11T02:57,2021-09-11T15:07,43779.8,39583.39,9.4,9.65,0.0,0.0,0.0,0.0,0.0,,24.77,9.22,58.0,14.3,9.22,47.0,0.0,1013.5,962.7,24140.0,32.2,0.17,31.1,10192X0095/P21B
2081,254,2021-09-12,4.811397298,43.539904887,51.0,31.3,21.5,29.4,21.3,2021-09-12T02:57,2021-09-12T15:06,43763.99,43149.02,9.55,9.6,0.2,0.0,0.0,0.2,2.0,,22.83,6.56,66.0,17.7,6.56,65.0,0.0,1014.4,963.1,24140.0,30.8,0.17,30.8,10192X0095/P21B
2082,255,2021-09-13,4.811397298,43.539904887,3.0,31.2,20.7,28.5,20.2,2021-09-13T02:57,2021-09-13T15:06,43748.17,37570.66,9.65,9.65,0.0,0.0,0.0,0.0,0.0,,21.65,7.34,52.0,16.1,7.34,56.0,0.0,1013.2,962.2,24140.0,29.8,0.17,30.6,10192X0095/P21B
2083,256,2021-09-14,4.811397298,43.539904887,3.0,33.5,21.0,29.7,19.8,2021-09-14T02:56,2021-09-14T15:05,43732.31,43177.16,9.2,9.65,0.0,0.0,0.0,0.0,0.0,,26.07,8.97,58.0,14.7,8.97,50.0,0.0,1012.1,961.3,24140.0,31.1,0.17,30.6,10192X0095/P21B
2084,257,2021-09-15,4.811397298,43.539904887,3.0,34.2,22.0,31.2,21.0,2021-09-15T02:56,2021-09-15T15:05,43716.44,43191.33,9.55,9.65,0.0,0.0,0.0,0.0,0.0,,25.5,8.77,53.0,15.4,8.77,50.0,0.0,1011.6,960.9,24140.0,28.9,0.17,30.8,10192X0095/P21B
2085,258,2021-09-16,4.811397298,43.539904887,3.0,33.0,22.5,31.8,22.8,2021-09-16T02:56,2021-09-16T15:04,43700.56,43200.0,9.6,9.65,0.0,0.0,0.0,0.0,0.0,,24.87,8.03,39.0,17.4,8.03,54.0,0.0,1010.7,960.1,24140.0,26.6,0.17,30.9,10192X0095/P21B
2086,259,2021-09-17,4.811397298,43.539904887,3.0,34.9,22.7,34.0,22.1,2021-09-17T02:56,2021-09-17T15:04,43684.7,43200.0,9.45,9.7,0.0,0.0,0.0,0.0,0.0,,26.22,8.89,65.0,16.5,8.89,49.0,0.0,1009.2,958.8,24140.0,26.4,0.17,31.1,10192X0095/P21B
2087,260,2021-09-18,4.811397298,43.539904887,3.0,35.0,22.6,33.0,21.8,2021-09-18T02:56,2021-09-18T15:03,43668.85,43200.0,9.1,9.65,0.0,0.0,0.0,0.0,0.0,,24.84,8.88,38.0,15.9,8.88,48.0,0.0,1010.0,959.6,24140.0,27.4,0.17,31.3,10192X0095/P21B
2088,261,2021-09-19,4.811397298,43.539904887,3.0,33.3,22.7,31.5,21.5,2021-09-19T02:55,2021-09-19T15:03,43653.03,30523.76,9.65,9.65,0.0,0.0,0.0,0.0,0.0,,15.39,6.91,38.0,16.0,6.91,51.0,0.0,1011.3,960.6,24140.0,28.0,0.17,31.1,10192X0095/P21B
2089,262,2021-09-20,4.811397298,43.539904887,3.0,33.7,21.8,31.0,21.1,2021-09-20T02:55,2021-09-20T15:02,43637.25,43166.4,7.0,9.6,0.0,0.0,0.0,0.0,0.0,,21.29,7.89,40.0,15.5,7.89,51.0,0.0,1011.8,961.1,24034.17,28.2,0.17,31.1,10192X0095/P21B
2090,263,2021-09-21,4.811397298,43.539904887,3.0,34.4,21.7,33.0,20.5,2021-09-21T02:55,2021-09-21T15:02,43621.51,39537.42,9.65,9.65,0.0,0.0,0.0,0.0,0.0,,25.01,8.85,36.0,14.4,8.85,46.0,0.0,1012.1,961.5,24140.0,27.3,0.17,31.2,10192X0095/P21B
2091,264,2021-09-22,4.811397298,43.539904887,3.0,35.7,22.3,32.6,20.2,2021-09-22T02:55,2021-09-22T15:01,43605.83,39953.4,9.65,9.65,0.0,0.0,0.0,0.0,0.0,,25.01,9.56,35.0,14.4,9.56,43.0,0.0,1011.7,961.2,24140.0,29.1,0.17,31.3,10192X0095/P21B
2092,265,2021-09-23,4.811397298,43.539904887,3.0,32.4,22.9,31.4,22.6,2021-09-23T02:54,2021-09-23T15:01,43590.21,42948.65,9.6,9.6,0.0,0.9,0.0,0.0,0.0,,21.2,7.31,37.0,18.0,7.31,57.0,0.0,1011.9,961.2,23537.5,29.4,0.17,31.3,10192X0095/P21B
2093,266,2021-09-24,4.811397298,43.539904887,3.0,29.8,22.5,27.6,21.5,2021-09-24T02:54,2021-09-24T15:01,43574.67,18494.81,4.55,9.65,0.0,0.0,0.0,0.0,0.0,,12.98,6.29,93.0,15.0,6.29,50.0,0.0,1013.0,962.1,24140.0,25.8,0.17,31.0,10192X0095/P21B
2094,267,2021-09-25,4.811397298,43.539904887,3.0,33.5,22.5,30.5,21.0,2021-09-25T02:54,2021-09-25T15:00,43559.2,39600.0,9.45,9.6,0.0,0.3,0.0,0.0,0.0,,25.21,8.64,81.0,14.3,8.64,46.0,0.0,1013.2,962.5,24140.0,25.9,0.17,31.1,10192X0095/P21B
2095,268,2021-09-26,4.811397298,43.539904887,51.0,33.4,23.0,31.3,22.5,2021-09-26T02:54,2021-09-26T15:00,43543.68,42998.37,9.35,9.6,0.1,0.0,0.0,0.1,1.0,,24.27,8.48,26.0,16.1,8.48,49.0,0.0,1011.8,961.2,24140.0,27.9,0.17,31.2,10192X0095/P21B
2096,269,2021-09-27,4.811397298,43.539904887,3.0,34.7,22.4,31.8,21.1,2021-09-27T02:54,2021-09-27T14:59,43528.11,42970.81,9.6,9.6,0.0,0.0,0.0,0.0,0.0,,26.15,9.32,37.0,14.3,9.32,44.0,0.0,1010.3,959.9,24140.0,27.9,0.17,31.3,10192X0095/P21B
2097,270,2021-09-28,4.811397298,43.539904887,3.0,34.4,22.6,32.1,20.4,2021-09-28T02:53,2021-09-28T14:59,43512.51,42943.16,9.6,9.6,0.0,0.0,0.0,0.0,0.0,,24.73,9.03,49.0,15.2,9.03,45.0,0.0,1009.9,959.5,24140.0,28.8,0.169,31.4,10192X0095/P21B
2098,271,2021-09-29,4.811397298,43.539904887,3.0,33.8,23.5,31.5,22.9,2021-09-29T02:53,2021-09-29T14:58,43496.87,40950.88,9.6,9.6,0.0,0.3,0.0,0.0,0.0,,22.21,8.27,33.0,16.2,8.27,48.0,0.0,1010.1,959.7,23380.0,26.0,0.169,31.5,10192X0095/P21B
2099,272,2021-09-30,4.811397298,43.539904887,3.0,33.9,23.7,33.4,23.8,2021-09-30T02:53,2021-09-30T14:58,43481.22,42115.08,9.6,9.6,0.0,0.5,0.0,0.0,0.0,,25.09,8.25,46.0,17.0,8.25,51.0,0.0,1010.5,960.0,23974.17,24.8,0.169,31.6,10192X0095/P21B
2100,273,2021-10-01,4.811397298,43.539904887,3.0,33.8,23.4,33.6,23.1,2021-10-01T02:53,2021-10-01T14:57,43465.56,42860.29,9.45,9.6,0.0,0.3,0.0,0.0,0.0,,24.12,7.82,93.0,18.0,7.82,55.0,0.0,1010.4,959.9,24140.0,25.6,0.169,31.7,10192X0095/P21B
2101,274,2021-10-02,4.811397298,43.539904887,3.0,34.3,22.8,32.8,22.0,2021-10-02T02:53,2021-10-02T14:57,43449.91,42832.9,9.6,9.6,0.0,0.0,0.0,0.0,0.0,,24.33,8.23,81.0,15.9,8.23,48.0,0.0,1009.7,959.2,24140.0,24.2,0.169,31.7,10192X0095/P21B
2102,275,2021-10-03,4.811397298,43.539904887,3.0,34.8,22.4,33.9,22.3,2021-10-03T02:52,2021-10-03T14:56,43434.27,42805.73,9.55,9.55,0.0,0.0,0.0,0.0,0.0,,24.89,8.19,40.0,16.5,8.19,49.0,0.0,1010.0,959.6,24140.0,23.0,0.169,31.8,10192X0095/P21B
2103,276,2021-10-04,4.811397298,43.539904887,3.0,34.5,23.2,34.8,24.9,2021-10-04T02:52,2021-10-04T14:56,43418.66,42778.84,9.55,9.55,0.0,0.8,0.0,0.0,0.0,,23.09,7.27,79.0,17.5,7.27,51.0,0.0,1010.3,959.9,22505.0,18.3,0.169,32.0,10192X0095/P21B
2104,277,2021-10-05,4.811397298,43.539904887,3.0,34.5,23.5,34.7,24.5,2021-10-05T02:52,2021-10-05T14:56,43403.08,42752.3,9.5,9.55,0.0,0.6,0.0,0.0,0.0,,24.05,7.66,51.0,16.8,7.66,49.0,0.0,1010.1,959.7,23486.67,19.8,0.169,32.1,10192X0095/P21B
2105,278,2021-10-06,4.811397298,43.539904887,3.0,34.1,22.8,33.1,22.7,2021-10-06T02:52,2021-10-06T14:55,43387.55,42726.16,9.55,9.55,0.0,0.0,0.0,0.0,0.0,,25.61,8.75,26.0,15.8,8.75,48.0,0.0,1009.6,959.2,24140.0,26.4,0.169,32.1,10192X0095/P21B
2106,279,2021-10-07,4.811397298,43.539904887,3.0,31.8,22.9,30.2,21.7,2021-10-07T02:52,2021-10-07T14:55,43372.08,35620.45,7.35,9.55,0.0,0.0,0.0,0.0,0.0,,16.65,6.77,66.0,15.5,6.77,48.0,0.0,1010.0,959.4,24140.0,23.4,0.169,31.9,10192X0095/P21B
2107,280,2021-10-08,4.811397298,43.539904887,3.0,35.3,22.8,33.5,21.0,2021-10-08T02:52,2021-10-08T14:54,43356.68,42675.35,9.55,9.55,0.0,0.0,0.0,0.0,0.0,,25.59,9.32,18.0,13.9,9.32,40.0,0.0,1009.0,958.7,24140.0,25.6,0.169,32.0,10192X0095/P21B
2108,281,2021-10-09,4.811397298,43.539904887,51.0,33.3,23.1,32.2,21.9,2021-10-09T02:51,2021-10-09T14:54,43341.35,42650.81,8.9,9.55,0.4,0.1,0.0,0.4,2.0,,22.14,7.64,28.0,16.2,7.64,49.0,0.0,1010.7,960.2,24140.0,23.6,0.169,32.0,10192X0095/P21B
2109,282,2021-10-10,4.811397298,43.539904887,3.0,34.4,23.6,34.8,24.8,2021-10-10T02:51,2021-10-10T14:53,43326.12,42626.92,9.55,9.55,0.0,0.0,0.0,0.0,0.0,,24.31,7.59,30.0,17.2,7.59,50.0,0.0,1011.0,960.5,24140.0,19.3,0.169,32.1,10192X0095/P21B
2110,283,2021-10-11,4.811397298,43.539904887,53.0,30.3,23.9,30.2,24.7,2021-10-11T02:51,2021-10-11T14:53,43310.99,30088.52,8.05,9.45,1.3,3.4,0.0,1.3,5.0,,12.23,4.54,86.0,18.8,4.54,62.0,0.0,1012.0,961.1,22558.34,18.4,0.169,31.8,10192X0095/P21B
2111,284,2021-10-12,4.811397298,43.539904887,61.0,30.6,22.6,29.0,23.9,2021-10-12T02:51,2021-10-12T14:53,43295.97,26238.75,8.15,9.45,8.5,3.2,0.0,8.5,9.0,,13.85,4.49,97.0,18.4,4.49,67.0,0.0,1012.2,961.1,22123.34,20.0,0.168,31.5,10192X0095/P21B
2112,285,2021-10-13,4.811397298,43.539904887,51.0,32.5,22.0,32.0,22.9,2021-10-13T02:51,2021-10-13T14:52,43281.07,42559.81,9.1,9.45,0.5,0.0,0.0,0.5,3.0,,22.82,6.45,97.0,17.1,6.45,57.0,0.0,1012.2,961.4,24020.0,18.3,0.162,31.7,10192X0095/P21B
2113,286,2021-10-14,4.811397298,43.539904887,3.0,34.4,22.6,35.2,23.0,2021-10-14T02:51,2021-10-14T14:52,43266.31,42539.17,9.45,9.45,0.0,0.0,0.0,0.0,0.0,,23.44,6.83,81.0,15.6,6.83,46.0,0.0,1011.5,961.1,24140.0,14.3,0.163,32.0,10192X0095/P21B
2114,287,2021-10-15,4.811397298,43.539904887,3.0,34.8,22.9,36.0,23.8,2021-10-15T02:51,2021-10-15T14:52,43251.67,42519.37,6.3,9.45,0.0,0.4,0.0,0.0,0.0,,25.0,7.49,34.0,16.4,7.49,49.0,0.0,1010.4,960.0,23627.5,17.0,0.163,32.2,10192X0095/P21B
2115,288,2021-10-16,4.811397298,43.539904887,51.0,34.2,23.2,34.2,23.7,2021-10-16T02:51,2021-10-16T14:51,43237.05,42499.9,9.45,9.45,0.3,0.0,0.0,0.3,1.0,,21.9,6.8,28.0,17.4,6.8,52.0,0.0,1009.3,958.9,24140.0,17.9,0.162,32.2,10192X0095/P21B
2116,289,2021-10-17,4.811397298,43.539904887,3.0,34.4,22.5,35.6,23.9,2021-10-17T02:51,2021-10-17T14:51,43222.42,42480.8,9.45,9.45,0.0,0.5,0.0,0.0,0.0,,24.24,6.75,19.0,16.9,6.75,51.0,0.0,1009.3,958.9,24140.0,15.4,0.162,32.3,10192X0095/P21B
2117,290,2021-10-18,4.811397298,43.539904887,51.0,33.6,22.5,35.8,24.1,2021-10-18T02:51,2021-10-18T14:51,43207.8,42462.08,9.0,9.4,0.1,0.0,0.0,0.1,1.0,,24.29,6.09,42.0,17.4,6.09,54.0,0.0,1010.2,959.8,24140.0,12.2,0.162,32.6,10192X0095/P21B
2118,291,2021-10-19,4.811397298,43.539904887,51.0,32.0,22.5,34.9,23.3,2021-10-19T02:50,2021-10-19T14:50,43193.21,39107.5,8.55,9.35,0.4,0.2,0.0,0.4,1.0,,19.69,5.49,60.0,18.6,5.49,62.0,0.0,1012.1,961.2,24140.0,15.7,0.162,32.5,10192X0095/P21B
2119,292,2021-10-20,4.811397298,43.539904887,61.0,30.7,21.8,33.6,23.4,2021-10-20T02:50,2021-10-20T14:50,43178.65,37877.81,9.35,9.35,2.0,2.1,0.0,2.0,4.0,,20.15,5.07,75.0,18.9,5.07,66.0,0.0,1013.2,962.2,23309.17,13.5,0.163,32.2,10192X0095/P21B
2120,293,2021-10-21,4.811397298,43.539904887,53.0,30.3,22.9,32.3,24.2,2021-10-21T02:50,2021-10-21T14:50,43164.15,40577.17,9.35,9.35,0.8,0.7,0.0,0.8,3.0,,20.38,5.39,74.0,18.9,5.39,65.0,0.0,1013.2,962.2,23345.84,16.7,0.163,31.9,10192X0095/P21B
2121,294,2021-10-22,4.811397298,43.539904887,51.0,32.2,22.0,35.1,23.9,2021-10-22T02:50,2021-10-22T14:50,43149.7,42392.0,9.35,9.35,0.1,2.9,0.0,0.1,1.0,,23.07,5.76,51.0,19.0,5.76,63.0,0.0,1012.8,961.9,23492.5,14.5,0.163,32.0,10192X0095/P21B
2122,295,2021-10-23,4.811397298,43.539904887,53.0,30.8,21.9,34.4,23.4,2021-10-23T02:50,2021-10-23T14:49,43135.33,41858.7,5.65,9.35,0.8,3.5,0.0,0.8,3.0,,21.29,4.79,20.0,19.0,4.79,65.0,0.0,1013.6,962.6,23311.67,8.3,0.162,32.1,10192X0095/P21B
2123,296,2021-10-24,4.811397298,43.539904887,2.0,34.3,21.9,36.1,24.4,2021-10-24T02:50,2021-10-24T14:49,43121.05,42360.46,9.3,9.3,0.0,0.0,0.0,0.0,0.0,,24.75,6.59,13.0,17.3,6.59,54.0,0.0,1012.1,961.5,24140.0,12.0,0.16,32.3,10192X0095/P21B
2124,297,2021-10-25,4.811397298,43.539904887,51.0,33.0,22.4,34.8,23.4,2021-10-25T02:50,2021-10-25T14:49,43106.85,41775.02,9.25,9.3,0.4,0.0,0.0,0.4,4.0,,22.37,5.79,68.0,18.6,5.79,61.0,0.0,1012.9,962.2,24140.0,14.6,0.16,32.4,10192X0095/P21B
2125,298,2021-10-26,4.811397298,43.539904887,61.0,32.6,22.0,35.6,23.6,2021-10-26T02:50,2021-10-26T14:49,43092.78,40941.87,8.5,9.2,1.5,0.5,0.0,1.5,2.0,,19.76,5.32,47.0,17.9,5.32,57.0,0.0,1013.1,962.3,23602.5,11.5,0.16,32.6,10192X0095/P21B
2126,299,2021-10-27,4.811397298,43.539904887,65.0,32.8,22.5,34.8,24.1,2021-10-27T02:50,2021-10-27T14:48,43078.83,35255.72,9.1,9.25,11.7,1.7,0.0,11.7,5.0,,18.23,4.95,31.0,18.6,4.95,63.0,0.0,1013.5,962.5,23615.84,14.7,0.161,32.5,10192X0095/P21B
2127,300,2021-10-28,4.811397298,43.539904887,51.0,30.4,22.1,32.9,24.2,2021-10-28T02:50,2021-10-28T14:48,43065.01,41584.59,9.2,9.2,0.6,10.0,0.0,0.6,4.0,,22.0,4.88,25.0,19.6,4.88,71.0,0.0,1012.4,961.3,21505.84,11.7,0.159,32.1,10192X0095/P21B
2128,301,2021-10-29,4.811397298,43.539904887,63.0,31.0,21.4,34.4,23.6,2021-10-29T02:50,2021-10-29T14:48,43051.35,40155.3,8.35,9.15,4.7,1.5,0.0,4.7,5.0,,22.69,5.05,17.0,19.1,5.05,67.0,0.0,1011.7,960.8,23350.84,7.1,0.156,31.9,10192X0095/P21B
2129,302,2021-10-30,4.811397298,43.539904887,51.0,32.8,21.1,32.9,21.1,2021-10-30T02:50,2021-10-30T14:48,43037.85,42284.05,9.15,9.15,0.1,0.5,0.0,0.1,1.0,,23.85,6.62,30.0,15.6,6.62,52.0,0.0,1012.0,961.2,24104.17,15.4,0.156,31.7,10192X0095/P21B
2130,303,2021-10-31,4.811397298,43.539904887,51.0,33.5,22.4,32.7,23.2,2021-10-31T02:50,2021-10-31T14:48,43024.53,42274.44,9.15,9.15,0.2,0.0,0.0,0.2,2.0,,23.77,7.58,16.0,16.3,7.58,51.0,0.0,1012.8,962.1,24140.0,22.1,0.156,31.8,10192X0095/P21B
2131,304,2021-11-01,4.811397298,43.539904887,2.0,34.1,22.6,33.0,22.6,2021-11-01T02:51,2021-11-01T14:47,43011.39,42265.85,9.1,9.1,0.0,0.0,0.0,0.0,0.0,,24.76,7.89,15.0,16.1,7.89,49.0,0.0,1011.6,961.1,24140.0,22.1,0.156,31.9,10192X0095/P21B
2132,305,2021-11-02,4.811397298,43.539904887,1.0,32.9,23.3,33.5,24.4,2021-11-02T02:51,2021-11-02T14:47,42998.46,42258.31,9.1,9.1,0.0,0.0,0.0,0.0,0.0,,21.93,6.42,20.0,17.1,6.42,52.0,0.0,1011.8,961.3,24140.0,16.2,0.156,32.1,10192X0095/P21B
2133,306,2021-11-03,4.811397298,43.539904887,2.0,34.1,22.5,35.6,24.4,2021-11-03T02:51,2021-11-03T14:47,42985.76,42251.89,9.05,9.05,0.0,0.0,0.0,0.0,0.0,,24.56,7.07,8.0,14.9,7.07,46.0,0.0,1011.8,961.3,24140.0,13.9,0.156,32.3,10192X0095/P21B
2134,307,2021-11-04,4.811397298,43.539904887,51.0,34.2,22.5,36.2,24.3,2021-11-04T02:51,2021-11-04T14:47,42973.26,42246.55,9.05,9.05,0.1,0.3,0.0,0.1,1.0,,23.85,6.51,11.0,15.9,6.51,48.0,0.0,1011.7,961.2,23697.5,10.8,0.156,32.6,10192X0095/P21B
2135,308,2021-11-05,4.811397298,43.539904887,1.0,33.8,23.7,36.5,25.2,2021-11-05T02:51,2021-11-05T14:47,42960.85,42242.11,8.3,9.0,0.0,0.8,0.0,0.0,0.0,,23.4,6.52,11.0,16.2,6.52,46.0,0.0,1010.9,960.6,24131.67,10.4,0.156,32.9,10192X0095/P21B
2136,309,2021-11-06,4.811397298,43.539904887,1.0,34.1,24.0,36.5,25.4,2021-11-06T02:51,2021-11-06T14:47,42948.53,42238.56,9.0,9.0,0.0,0.0,0.0,0.0,0.0,,23.31,6.31,14.0,16.8,6.31,49.0,0.0,1010.5,960.1,24140.0,10.2,0.156,33.0,10192X0095/P21B
2137,310,2021-11-07,4.811397298,43.539904887,1.0,33.9,23.2,36.5,24.3,2021-11-07T02:51,2021-11-07T14:47,42936.3,42235.88,8.95,8.95,0.0,0.0,0.0,0.0,0.0,,23.5,6.69,10.0,16.1,6.69,47.0,0.0,1009.3,959.0,24140.0,11.7,0.156,33.1,10192X0095/P21B
2138,311,2021-11-08,4.811397298,43.539904887,51.0,34.4,23.3,35.7,25.1,2021-11-08T02:51,2021-11-08T14:47,42924.18,42234.08,8.05,8.9,0.1,0.0,0.0,0.1,1.0,,23.29,7.03,53.0,16.4,7.03,49.0,0.0,1009.8,959.4,24140.0,14.2,0.156,33.2,10192X0095/P21B
2139,312,2021-11-09,4.811397298,43.539904887,51.0,33.6,22.9,34.1,24.7,2021-11-09T02:52,2021-11-09T14:47,42912.18,42233.15,8.9,8.9,0.3,0.0,0.0,0.3,2.0,,23.28,6.81,24.0,15.7,6.81,48.0,0.0,1011.8,961.2,24140.0,13.2,0.156,33.0,10192X0095/P21B
2140,313,2021-11-10,4.811397298,43.539904887,1.0,33.9,22.3,34.2,24.2,2021-11-10T02:52,2021-11-10T14:47,42900.31,42233.1,8.9,8.9,0.0,0.0,0.0,0.0,0.0,,23.83,7.03,8.0,15.4,7.03,47.0,0.0,1012.0,961.4,24140.0,14.8,0.156,33.0,10192X0095/P21B
2141,314,2021-11-11,4.811397298,43.539904887,3.0,33.7,22.7,34.5,23.9,2021-11-11T02:52,2021-11-11T14:47,42888.6,42233.91,8.75,8.8,0.0,0.0,0.0,0.0,0.0,,23.56,7.1,84.0,16.3,7.1,48.0,0.0,1010.5,960.0,24140.0,16.0,0.156,33.0,10192X0095/P21B
2142,315,2021-11-12,4.811397298,43.539904887,3.0,33.8,23.0,34.6,24.2,2021-11-12T02:52,2021-11-12T14:47,42877.05,42235.6,8.5,8.8,0.0,0.0,0.0,0.0,0.0,,23.43,7.18,74.0,16.1,7.18,48.0,0.0,1010.5,960.0,24140.0,16.6,0.155,33.0,10192X0095/P21B
2143,316,2021-11-13,4.811397298,43.539904887,3.0,33.8,23.1,34.7,24.3,2021-11-13T02:53,2021-11-13T14:47,42865.67,42238.15,8.7,8.8,0.0,0.0,0.0,0.0,0.0,,23.5,7.18,40.0,16.5,7.18,50.0,0.0,1011.1,960.6,24140.0,17.9,0.155,33.0,10192X0095/P21B
2144,317,2021-11-14,4.811397298,43.539904887,3.0,34.2,23.3,34.2,24.9,2021-11-14T02:53,2021-11-14T14:47,42854.48,39928.7,8.8,8.8,0.0,0.0,0.0,0.0,0.0,,21.99,7.06,51.0,15.7,7.06,49.0,0.0,1011.8,961.3,24140.0,17.0,0.155,32.9,10192X0095/P21B
2145,318,2021-11-15,4.811397298,43.539904887,51.0,33.8,22.8,34.9,25.3,2021-11-15T02:53,2021-11-15T14:47,42843.5,42245.84,8.75,8.8,0.1,0.0,0.0,0.1,1.0,,23.25,6.73,33.0,16.6,6.73,51.0,0.0,1011.1,960.6,24140.0,12.7,0.155,33.1,10192X0095/P21B
2146,319,2021-11-16,4.811397298,43.539904887,51.0,33.7,23.2,36.6,24.9,2021-11-16T02:53,2021-11-16T14:47,42832.73,42184.89,7.9,8.7,0.1,0.0,0.0,0.1,1.0,,22.95,6.33,68.0,16.7,6.33,49.0,0.0,1009.6,959.3,23650.0,10.5,0.155,33.3,10192X0095/P21B
2147,320,2021-11-17,4.811397298,43.539904887,3.0,33.9,23.1,35.9,24.8,2021-11-17T02:54,2021-11-17T14:47,42822.2,42256.99,8.75,8.75,0.0,0.0,0.0,0.0,0.0,,23.13,6.68,69.0,16.6,6.68,49.0,0.0,1010.3,959.9,24140.0,12.1,0.155,33.4,10192X0095/P21B
2148,321,2021-11-18,4.811397298,43.539904887,3.0,33.4,22.7,35.4,25.1,2021-11-18T02:54,2021-11-18T14:47,42811.92,42263.85,8.75,8.75,0.0,0.0,0.0,0.0,0.0,,22.88,6.53,47.0,16.0,6.53,49.0,0.0,1011.5,961.0,24140.0,11.8,0.155,33.5,10192X0095/P21B
2149,322,2021-11-19,4.811397298,43.539904887,3.0,33.4,22.3,34.0,24.5,2021-11-19T02:54,2021-11-19T14:48,42801.89,42271.57,8.75,8.75,0.0,0.4,0.0,0.0,0.0,,22.74,6.81,14.0,15.0,6.81,46.0,0.0,1010.4,959.9,23828.34,14.2,0.155,33.4,10192X0095/P21B
2150,323,2021-11-20,4.811397298,43.539904887,3.0,34.3,21.8,35.9,23.1,2021-11-20T02:54,2021-11-20T14:48,42792.15,42280.15,8.75,8.75,0.0,0.0,0.0,0.0,0.0,,24.27,7.23,12.0,13.3,7.23,43.0,0.0,1009.2,958.8,24140.0,13.5,0.155,33.4,10192X0095/P21B
2151,324,2021-11-21,4.811397298,43.539904887,3.0,35.1,21.7,34.7,22.7,2021-11-21T02:55,2021-11-21T14:48,42782.69,42289.58,8.7,8.7,0.0,0.0,0.0,0.0,0.0,,24.85,7.91,46.0,13.2,7.91,43.0,0.0,1009.6,959.2,24140.0,17.0,0.155,33.3,10192X0095/P21B
2152,325,2021-11-22,4.811397298,43.539904887,3.0,33.5,21.4,34.5,23.6,2021-11-22T02:55,2021-11-22T14:48,42773.55,42299.88,8.7,8.7,0.0,0.0,0.0,0.0,0.0,,24.09,6.86,75.0,14.9,6.86,46.0,0.0,1010.7,960.2,24140.0,11.7,0.155,33.3,10192X0095/P21B
2153,326,2021-11-23,4.811397298,43.539904887,3.0,33.7,22.1,32.3,22.8,2021-11-23T02:55,2021-11-23T14:48,42764.72,42311.03,8.7,8.7,0.0,0.0,0.0,0.0,0.0,,24.86,7.21,29.0,12.9,7.21,43.0,0.0,1011.2,960.6,24140.0,14.5,0.155,33.2,10192X0095/P21B
2154,327,2021-11-24,4.811397298,43.539904887,0.0,34.4,22.3,34.6,20.8,2021-11-24T02:56,2021-11-24T14:48,42756.21,42323.11,8.7,8.7,0.0,0.0,0.0,0.0,0.0,,24.69,7.46,1.0,11.4,7.46,35.0,0.0,1009.4,959.0,24140.0,12.5,0.155,33.2,10192X0095/P21B
2155,328,2021-11-25,4.811397298,43.539904887,3.0,34.4,23.3,33.7,22.4,2021-11-25T02:56,2021-11-25T14:49,42747.92,42327.49,8.65,8.65,0.0,0.0,0.0,0.0,0.0,,22.75,7.55,27.0,13.9,7.55,40.0,0.0,1008.8,958.5,24140.0,17.8,0.155,33.2,10192X0095/P21B
2156,329,2021-11-26,4.811397298,43.539904887,63.0,32.2,23.2,31.7,23.4,2021-11-26T02:57,2021-11-26T14:49,42739.85,40919.99,8.3,8.55,7.0,1.8,0.0,7.0,6.0,,20.56,5.96,99.0,19.1,5.96,63.0,0.0,1012.0,961.2,23803.34,20.9,0.158,32.9,10192X0095/P21B
2157,330,2021-11-27,4.811397298,43.539904887,63.0,30.7,22.8,31.3,24.4,2021-11-27T02:57,2021-11-27T14:49,42732.0,33255.8,8.45,8.55,10.4,6.6,0.0,10.4,10.0,,18.8,4.45,55.0,19.9,4.45,71.0,0.0,1012.9,961.8,22148.34,14.9,0.16,32.5,10192X0095/P21B
2158,331,2021-11-28,4.811397298,43.539904887,53.0,29.9,22.5,31.5,25.4,2021-11-28T02:57,2021-11-28T14:49,42724.38,38703.66,8.45,8.55,1.2,4.2,0.0,1.2,4.0,,18.95,4.39,24.0,19.9,4.39,72.0,0.0,1012.6,961.5,22933.34,12.2,0.159,32.2,10192X0095/P21B
2159,332,2021-11-29,4.811397298,43.539904887,65.0,30.6,21.5,30.7,21.7,2021-11-29T02:58,2021-11-29T14:50,42717.0,37631.68,8.55,8.55,16.1,2.2,0.0,16.1,7.0,,19.02,4.65,28.0,18.6,4.65,69.0,0.0,1012.3,961.1,23369.17,15.9,0.164,31.7,10192X0095/P21B
2160,333,2021-11-30,4.811397298,43.539904887,3.0,31.4,18.6,30.5,20.1,2021-11-30T02:58,2021-11-30T14:50,42709.87,42288.87,8.55,8.55,0.0,0.0,0.0,0.0,0.0,,24.38,6.28,65.0,15.0,6.28,56.0,0.0,1011.9,960.8,24140.0,14.2,0.159,31.5,10192X0095/P21B
2161,334,2021-12-01,4.811397298,43.539904887,3.0,31.7,19.9,30.7,19.4,2021-12-01T02:59,2021-12-01T14:50,42703.01,42281.83,8.55,8.55,0.0,0.0,0.0,0.0,0.0,,24.19,6.77,46.0,12.9,6.77,47.0,0.0,1011.6,960.6,24140.0,15.1,0.158,31.5,10192X0095/P21B
2162,335,2021-12-02,4.811397298,43.539904887,3.0,32.1,22.4,30.9,21.3,2021-12-02T02:59,2021-12-02T14:51,42696.42,42275.05,8.5,8.5,0.0,0.0,0.0,0.0,0.0,,23.51,6.96,18.0,12.4,6.96,44.0,0.0,1012.0,961.1,24140.0,15.8,0.159,31.6,10192X0095/P21B
2163,336,2021-12-03,4.811397298,43.539904887,3.0,32.7,21.8,32.5,22.8,2021-12-03T03:00,2021-12-03T14:51,42690.11,42268.53,8.5,8.5,0.0,0.0,0.0,0.0,0.0,,24.05,7.05,15.0,13.2,7.05,45.0,0.0,1012.5,961.7,24140.0,14.4,0.159,31.7,10192X0095/P21B
2164,337,2021-12-04,4.811397298,43.539904887,0.0,32.3,21.6,31.2,22.8,2021-12-04T03:00,2021-12-04T14:51,42684.09,42262.29,8.45,8.45,0.0,0.0,0.0,0.0,0.0,,23.85,7.41,1.0,13.5,7.41,45.0,0.0,1013.4,962.6,24140.0,18.0,0.159,31.7,10192X0095/P21B
2165,338,2021-12-05,4.811397298,43.539904887,1.0,32.0,21.8,31.0,20.5,2021-12-05T03:00,2021-12-05T14:52,42678.37,42256.33,8.45,8.45,0.0,0.0,0.0,0.0,0.0,,23.08,7.01,6.0,12.9,7.01,43.0,0.0,1013.3,962.4,24140.0,17.2,0.159,31.7,10192X0095/P21B
2166,339,2021-12-06,4.811397298,43.539904887,2.0,32.4,21.6,32.0,19.9,2021-12-06T03:01,2021-12-06T14:52,42672.96,42250.67,8.4,8.4,0.0,0.0,0.0,0.0,0.0,,24.33,7.13,5.0,12.5,7.13,42.0,0.0,1013.2,962.4,24140.0,16.9,0.159,31.7,10192X0095/P21B
2167,340,2021-12-07,4.811397298,43.539904887,3.0,33.0,21.9,33.6,22.4,2021-12-07T03:01,2021-12-07T14:53,42667.87,42245.31,8.4,8.4,0.0,0.0,0.0,0.0,0.0,,23.61,7.03,18.0,13.4,7.03,44.0,0.0,1013.1,962.3,24140.0,15.5,0.159,31.7,10192X0095/P21B
2168,341,2021-12-08,4.811397298,43.539904887,3.0,32.8,22.1,33.0,22.1,2021-12-08T03:02,2021-12-08T14:53,42663.12,42240.29,8.15,8.4,0.0,0.0,0.0,0.0,0.0,,23.94,7.25,16.0,12.8,7.25,41.0,0.0,1012.9,962.2,24140.0,15.2,0.159,31.8,10192X0095/P21B
2169,342,2021-12-09,4.811397298,43.539904887,0.0,32.7,21.8,31.7,19.0,2021-12-09T03:02,2021-12-09T14:53,42658.7,42235.59,8.4,8.4,0.0,0.0,0.0,0.0,0.0,,24.42,7.49,0.0,11.1,7.49,37.0,0.0,1012.8,962.0,24140.0,16.0,0.159,31.8,10192X0095/P21B
2170,343,2021-12-10,4.811397298,43.539904887,0.0,31.7,21.0,30.0,17.7,2021-12-10T03:03,2021-12-10T14:54,42654.63,42231.23,8.4,8.4,0.0,0.0,0.0,0.0,0.0,,24.44,8.19,0.0,8.8,8.19,33.0,0.0,1012.6,961.7,24140.0,20.1,0.159,31.6,10192X0095/P21B
2171,344,2021-12-11,4.811397298,43.539904887,2.0,32.1,21.4,29.9,18.2,2021-12-11T03:03,2021-12-11T14:54,42650.93,42227.23,8.4,8.4,0.0,0.0,0.0,0.0,0.0,,24.09,8.31,3.0,10.2,8.31,36.0,0.0,1012.5,961.6,24140.0,22.3,0.159,31.5,10192X0095/P21B
2172,345,2021-12-12,4.811397298,43.539904887,2.0,32.7,22.4,30.9,20.4,2021-12-12T03:04,2021-12-12T14:55,42647.59,42223.59,8.3,8.3,0.0,0.0,0.0,0.0,0.0,,21.42,7.82,18.0,13.2,7.82,41.0,0.0,1012.3,961.6,24140.0,23.2,0.159,31.4,10192X0095/P21B
2173,346,2021-12-13,4.811397298,43.539904887,3.0,33.3,23.6,31.7,22.6,2021-12-13T03:04,2021-12-13T14:55,42644.63,42220.32,8.35,8.35,0.0,0.0,0.0,0.0,0.0,,23.24,8.05,62.0,13.6,8.05,41.0,0.0,1011.8,961.2,24140.0,22.0,0.159,31.6,10192X0095/P21B
2174,347,2021-12-14,4.811397298,43.539904887,3.0,32.8,23.6,31.8,21.7,2021-12-14T03:05,2021-12-14T14:55,42642.06,42217.63,8.35,8.4,0.0,0.0,0.0,0.0,0.0,,23.69,7.97,52.0,13.3,7.97,40.0,0.0,1010.8,960.3,24140.0,20.7,0.159,31.6,10192X0095/P21B
2175,348,2021-12-15,4.811397298,43.539904887,3.0,32.9,22.6,32.7,22.7,2021-12-15T03:05,2021-12-15T14:56,42639.84,42215.58,8.35,8.4,0.0,0.0,0.0,0.0,0.0,,23.72,7.49,56.0,14.3,7.49,46.0,0.0,1011.3,960.7,24140.0,19.8,0.159,31.7,10192X0095/P21B
2176,349,2021-12-16,4.811397298,43.539904887,3.0,32.9,22.1,31.6,20.4,2021-12-16T03:06,2021-12-16T14:56,42637.95,42213.84,8.4,8.4,0.0,0.0,0.0,0.0,0.0,,24.03,7.7,55.0,13.2,7.7,41.0,0.0,1011.7,961.1,24140.0,19.1,0.159,31.7,10192X0095/P21B
2177,350,2021-12-17,4.811397298,43.539904887,51.0,33.6,23.1,32.0,23.2,2021-12-17T03:06,2021-12-17T14:57,42636.41,42212.43,8.35,8.35,0.2,0.0,0.0,0.2,2.0,,22.34,7.79,72.0,15.9,7.79,47.0,0.0,1011.5,961.1,24140.0,23.5,0.159,31.8,10192X0095/P21B
2178,351,2021-12-18,4.811397298,43.539904887,3.0,32.1,25.6,31.7,25.2,2021-12-18T03:07,2021-12-18T14:57,42635.21,37717.97,5.5,8.35,0.0,0.0,0.0,0.0,0.0,,20.8,7.26,83.0,15.7,7.26,45.0,0.0,1011.8,961.3,24140.0,19.5,0.159,31.8,10192X0095/P21B
2179,352,2021-12-19,4.811397298,43.539904887,3.0,33.8,24.9,33.2,25.4,2021-12-19T03:07,2021-12-19T14:58,42634.35,42210.58,5.8,8.4,0.0,0.0,0.0,0.0,0.0,,22.55,7.7,34.0,16.0,7.7,44.0,0.0,1011.4,961.0,24140.0,18.5,0.159,32.0,10192X0095/P21B
2180,353,2021-12-20,4.811397298,43.539904887,3.0,33.5,24.0,32.1,24.3,2021-12-20T03:08,2021-12-20T14:58,42633.83,41903.43,8.4,8.4,0.0,0.0,0.0,0.0,0.0,,20.88,7.29,44.0,16.8,7.29,49.0,0.0,1012.6,962.1,24140.0,21.3,0.159,32.0,10192X0095/P21B
2181,354,2021-12-21,4.811397298,43.539904887,3.0,34.0,23.8,32.5,25.3,2021-12-21T03:08,2021-12-21T14:59,42633.64,42210.03,8.4,8.4,0.0,0.0,0.0,0.0,0.0,,22.86,7.52,82.0,15.5,7.52,46.0,0.0,1012.4,961.9,24140.0,18.7,0.159,32.0,10192X0095/P21B
2182,355,2021-12-22,4.811397298,43.539904887,3.0,33.6,23.8,32.7,23.8,2021-12-22T03:09,2021-12-22T14:59,42633.8,42210.23,8.3,8.4,0.0,0.0,0.0,0.0,0.0,,23.55,7.9,42.0,15.0,7.9,44.0,0.0,1011.7,961.2,24140.0,20.0,0.159,32.1,10192X0095/P21B
2183,356,2021-12-23,4.811397298,43.539904887,3.0,33.8,23.3,33.8,23.8,2021-12-23T03:09,2021-12-23T15:00,42634.29,42210.75,8.45,8.45,0.0,0.0,0.0,0.0,0.0,,22.81,7.52,47.0,16.0,7.52,47.0,0.0,1010.7,960.2,24140.0,19.2,0.159,32.2,10192X0095/P21B
2184,357,2021-12-24,4.811397298,43.539904887,3.0,33.8,24.9,33.0,23.3,2021-12-24T03:10,2021-12-24T15:00,42635.12,40067.78,8.4,8.4,0.0,0.0,0.0,0.0,0.0,,21.98,7.57,74.0,14.9,7.57,44.0,0.0,1010.6,960.2,24140.0,18.8,0.159,32.3,10192X0095/P21B
2185,358,2021-12-25,4.811397298,43.539904887,3.0,33.9,22.9,32.7,22.3,2021-12-25T03:10,2021-12-25T15:01,42636.28,42212.74,8.4,8.4,0.0,0.0,0.0,0.0,0.0,,23.7,8.02,84.0,12.7,8.02,39.0,0.0,1011.3,960.8,24140.0,18.4,0.158,32.3,10192X0095/P21B
2186,359,2021-12-26,4.811397298,43.539904887,3.0,33.1,22.7,32.1,21.9,2021-12-26T03:11,2021-12-26T15:01,42637.78,42214.22,8.45,8.45,0.0,0.0,0.0,0.0,0.0,,23.85,7.75,32.0,14.1,7.75,44.0,0.0,1011.9,961.3,24140.0,20.3,0.158,32.2,10192X0095/P21B
2187,360,2021-12-27,4.811397298,43.539904887,3.0,34.3,23.5,31.8,23.0,2021-12-27T03:11,2021-12-27T15:02,42639.61,42216.01,8.45,8.45,0.0,0.0,0.0,0.0,0.0,,23.97,8.62,81.0,12.8,8.62,40.0,0.0,1011.8,961.3,24140.0,22.5,0.158,32.2,10192X0095/P21B
2188,361,2021-12-28,4.811397298,43.539904887,3.0,33.0,22.3,30.8,20.7,2021-12-28T03:12,2021-12-28T15:02,42641.77,42218.1,8.45,8.45,0.0,0.0,0.0,0.0,0.0,,24.38,8.36,58.0,10.7,8.36,37.0,0.0,1012.1,961.4,24140.0,20.9,0.158,32.1,10192X0095/P21B
2189,362,2021-12-29,4.811397298,43.539904887,3.0,33.8,21.4,30.9,18.8,2021-12-29T03:12,2021-12-29T15:03,42644.26,42220.52,8.45,8.45,0.0,0.0,0.0,0.0,0.0,,24.74,8.77,34.0,9.0,8.77,32.0,0.0,1011.6,960.9,24140.0,20.1,0.158,32.0,10192X0095/P21B
2190,363,2021-12-30,4.811397298,43.539904887,3.0,33.3,21.3,29.9,18.5,2021-12-30T03:13,2021-12-30T15:03,42647.09,42200.22,8.15,8.45,0.0,0.0,0.0,0.0,0.0,,23.93,8.94,85.0,9.7,8.94,34.0,0.0,1010.7,960.0,24140.0,24.4,0.158,31.8,10192X0095/P21B
2191,364,2021-12-31,4.811397298,43.539904887,3.0,33.3,21.0,30.3,19.1,2021-12-31T03:13,2021-12-31T15:04,42650.23,42173.39,8.5,8.5,0.0,0.0,0.0,0.0,0.0,,24.71,8.57,6.0,11.4,8.57,40.0,0.0,1011.9,961.2,24140.0,24.6,0.158,31.7,10192X0095/P21B
2192,0,2022-01-01,4.811397298,43.539904887,0.0,34.2,21.6,31.5,19.8,2022-01-01T03:13,2022-01-01T15:04,42653.71,42147.42,8.4,8.5,0.0,0.0,0.0,0.0,0.0,,24.72,8.53,2.0,10.8,8.53,36.0,0.0,1012.0,961.4,24140.0,20.3,0.158,31.8,10192X0095/P21B
2193,1,2022-01-02,4.811397298,43.539904887,1.0,34.7,21.5,33.1,21.2,2022-01-02T03:14,2022-01-02T15:05,42657.5,42122.44,8.5,8.5,0.0,0.0,0.0,0.0,0.0,,24.35,8.42,2.0,12.0,8.42,40.0,0.0,1010.6,960.0,24140.0,20.9,0.158,31.8,10192X0095/P21B
2194,2,2022-01-03,4.811397298,43.539904887,3.0,33.9,21.7,32.5,20.3,2022-01-03T03:14,2022-01-03T15:05,42661.63,41863.72,8.55,8.55,0.0,0.0,0.0,0.0,0.0,,24.4,8.12,21.0,13.0,8.12,42.0,0.0,1010.7,960.1,24140.0,20.8,0.158,31.9,10192X0095/P21B
2195,3,2022-01-04,4.811397298,43.539904887,3.0,34.5,22.5,33.0,22.7,2022-01-04T03:15,2022-01-04T15:06,42666.13,42075.07,8.5,8.55,0.0,0.0,0.0,0.0,0.0,,23.91,7.88,82.0,14.3,7.88,43.0,0.0,1011.1,960.6,24140.0,18.9,0.158,31.9,10192X0095/P21B
2196,4,2022-01-05,4.811397298,43.539904887,3.0,34.2,23.7,33.2,24.1,2022-01-05T03:15,2022-01-05T15:06,42671.01,42051.87,8.05,8.55,0.0,0.0,0.0,0.0,0.0,,23.52,8.14,72.0,14.9,8.14,44.0,0.0,1011.8,961.4,24140.0,22.0,0.158,32.0,10192X0095/P21B
2197,5,2022-01-06,4.811397298,43.539904887,3.0,33.7,22.9,31.9,22.7,2022-01-06T03:15,2022-01-06T15:07,42676.25,42028.96,8.6,8.6,0.0,0.0,0.0,0.0,0.0,,24.09,8.28,49.0,13.9,8.28,43.0,0.0,1011.9,961.3,24140.0,22.1,0.158,32.0,10192X0095/P21B
2198,6,2022-01-07,4.811397298,43.539904887,3.0,33.5,23.1,32.3,21.8,2022-01-07T03:16,2022-01-07T15:07,42681.85,42006.36,8.55,8.6,0.0,0.0,0.0,0.0,0.0,,23.79,8.22,45.0,14.5,8.22,43.0,0.0,1012.0,961.4,24140.0,22.5,0.158,32.0,10192X0095/P21B
2199,7,2022-01-08,4.811397298,43.539904887,3.0,31.7,22.4,30.3,21.6,2022-01-08T03:16,2022-01-08T15:08,42687.79,41984.17,8.5,8.6,0.0,0.0,0.0,0.0,0.0,,18.53,6.47,26.0,15.5,6.47,50.0,0.0,1012.1,961.3,24140.0,22.1,0.158,31.8,10192X0095/P21B
2200,8,2022-01-09,4.811397298,43.539904887,1.0,32.8,22.2,32.0,21.4,2022-01-09T03:17,2022-01-09T15:08,42694.06,41962.39,8.6,8.65,0.0,0.0,0.0,0.0,0.0,,23.86,7.51,5.0,14.6,7.51,46.0,0.0,1011.8,961.1,24140.0,21.0,0.158,31.8,10192X0095/P21B
2201,9,2022-01-10,4.811397298,43.539904887,3.0,33.4,21.9,31.0,20.1,2022-01-10T03:17,2022-01-10T15:09,42700.64,41941.11,8.7,8.7,0.0,0.0,0.0,0.0,0.0,,24.6,8.5,17.0,12.6,8.5,41.0,0.0,1011.0,960.4,24140.0,23.9,0.158,31.8,10192X0095/P21B
2202,10,2022-01-11,4.811397298,43.539904887,3.0,32.7,21.6,30.1,20.4,2022-01-11T03:17,2022-01-11T15:09,42707.54,41920.38,7.8,8.65,0.0,0.0,0.0,0.0,0.0,,23.92,8.41,63.0,12.6,8.41,42.0,0.0,1011.7,961.0,24140.0,25.5,0.158,31.7,10192X0095/P21B
2203,11,2022-01-12,4.811397298,43.539904887,3.0,32.7,21.5,30.9,19.4,2022-01-12T03:18,2022-01-12T15:10,42714.73,41900.24,8.7,8.7,0.0,0.0,0.0,0.0,0.0,,24.87,8.43,49.0,11.9,8.43,40.0,0.0,1012.5,961.7,24140.0,23.7,0.158,31.6,10192X0095/P21B
2204,12,2022-01-13,4.811397298,43.539904887,3.0,33.4,21.4,32.0,20.1,2022-01-13T03:18,2022-01-13T15:10,42722.21,41880.74,8.7,8.7,0.0,0.0,0.0,0.0,0.0,,24.99,8.03,71.0,11.0,8.03,38.0,0.0,1011.8,961.0,24140.0,19.3,0.158,31.6,10192X0095/P21B
2205,13,2022-01-14,4.811397298,43.539904887,3.0,34.3,21.0,32.2,20.0,2022-01-14T03:18,2022-01-14T15:10,42729.96,41861.94,8.75,8.75,0.0,0.0,0.0,0.0,0.0,,24.8,8.32,51.0,12.1,8.32,40.0,0.0,1011.1,960.5,24140.0,21.1,0.158,31.6,10192X0095/P21B
2206,14,2022-01-15,4.811397298,43.539904887,3.0,34.8,22.1,34.1,22.3,2022-01-15T03:19,2022-01-15T15:11,42737.98,41697.86,8.8,8.8,0.0,0.0,0.0,0.0,0.0,,24.43,8.04,40.0,13.4,8.04,42.0,0.0,1009.6,959.2,24140.0,18.6,0.158,31.8,10192X0095/P21B
2207,15,2022-01-16,4.811397298,43.539904887,3.0,34.3,22.5,34.8,21.5,2022-01-16T03:19,2022-01-16T15:11,42746.24,41702.19,8.8,8.8,0.0,0.0,0.0,0.0,0.0,,24.33,8.01,22.0,14.7,8.01,44.0,0.0,1009.1,958.7,24140.0,20.2,0.157,32.0,10192X0095/P21B
2208,16,2022-01-17,4.811397298,43.539904887,3.0,33.9,23.1,33.1,23.6,2022-01-17T03:19,2022-01-17T15:12,42754.75,41706.0,8.85,8.85,0.0,0.0,0.0,0.0,0.0,,24.58,7.88,43.0,14.9,7.88,46.0,0.0,1010.8,960.3,24140.0,20.1,0.157,32.1,10192X0095/P21B
2209,17,2022-01-18,4.811397298,43.539904887,3.0,32.5,22.6,31.7,22.2,2022-01-18T03:19,2022-01-18T15:12,42763.48,41462.65,8.8,8.85,0.0,0.0,0.0,0.0,0.0,,23.98,8.02,65.0,13.9,8.02,43.0,0.0,1012.5,961.9,24140.0,20.4,0.157,32.0,10192X0095/P21B
2210,18,2022-01-19,4.811397298,43.539904887,3.0,33.6,23.0,32.3,22.5,2022-01-19T03:20,2022-01-19T15:13,42772.44,41465.77,8.85,8.85,0.0,0.0,0.0,0.0,0.0,,24.31,8.55,57.0,13.8,8.55,42.0,0.0,1011.9,961.3,24140.0,23.0,0.157,32.0,10192X0095/P21B
2211,19,2022-01-20,4.811397298,43.539904887,3.0,34.0,23.1,31.3,21.6,2022-01-20T03:20,2022-01-20T15:13,42781.6,41468.3,8.9,8.9,0.0,0.0,0.0,0.0,0.0,,24.8,9.18,54.0,12.8,9.18,39.0,0.0,1011.5,961.0,24140.0,25.1,0.157,32.0,10192X0095/P21B
2212,20,2022-01-21,4.811397298,43.539904887,3.0,34.7,22.7,31.7,21.1,2022-01-21T03:20,2022-01-21T15:13,42790.97,41224.69,8.85,8.9,0.0,0.0,0.0,0.0,0.0,,24.96,9.71,81.0,9.3,9.71,33.0,0.0,1011.6,961.1,24140.0,24.7,0.157,32.0,10192X0095/P21B
2213,21,2022-01-22,4.811397298,43.539904887,3.0,32.8,21.9,28.5,18.8,2022-01-22T03:20,2022-01-22T15:14,42800.51,40490.65,8.7,8.95,0.0,0.0,0.0,0.0,0.0,,25.11,9.27,79.0,11.6,9.27,40.0,0.0,1012.2,961.5,24140.0,30.2,0.157,31.8,10192X0095/P21B
2214,22,2022-01-23,4.811397298,43.539904887,3.0,33.9,21.8,30.3,19.7,2022-01-23T03:20,2022-01-23T15:14,42810.26,41472.5,8.95,8.95,0.0,0.0,0.0,0.0,0.0,,25.43,9.42,59.0,10.0,9.42,36.0,0.0,1011.8,961.1,24140.0,25.9,0.157,31.7,10192X0095/P21B
2215,23,2022-01-24,4.811397298,43.539904887,3.0,33.7,21.5,30.2,19.5,2022-01-24T03:21,2022-01-24T15:14,42820.3,40005.48,8.35,8.95,0.0,0.0,0.0,0.0,0.0,,24.97,9.55,62.0,9.7,9.55,35.0,0.0,1010.6,960.0,24140.0,26.5,0.157,31.6,10192X0095/P21B
2216,24,2022-01-25,4.811397298,43.539904887,1.0,33.3,21.1,29.9,18.4,2022-01-25T03:21,2022-01-25T15:15,42830.65,41472.49,9.0,9.0,0.0,0.0,0.0,0.0,0.0,,25.69,9.59,3.0,8.3,9.59,32.0,0.0,1010.5,959.9,24140.0,25.9,0.157,31.6,10192X0095/P21B
2217,25,2022-01-26,4.811397298,43.539904887,3.0,32.9,20.4,29.5,17.3,2022-01-26T03:21,2022-01-26T15:15,42841.3,41471.69,9.0,9.0,0.0,0.0,0.0,0.0,0.0,,25.9,9.28,22.0,7.8,9.28,32.0,0.0,1010.9,960.1,24140.0,25.0,0.157,31.5,10192X0095/P21B
2218,26,2022-01-27,4.811397298,43.539904887,3.0,32.2,20.6,30.2,17.6,2022-01-27T03:21,2022-01-27T15:15,42852.21,41470.42,9.05,9.05,0.0,0.0,0.0,0.0,0.0,,25.71,8.32,14.0,9.3,8.32,35.0,0.0,1011.2,960.4,24140.0,20.6,0.157,31.4,10192X0095/P21B
2219,27,2022-01-28,4.811397298,43.539904887,3.0,34.7,21.5,32.0,18.3,2022-01-28T03:21,2022-01-28T15:15,42863.38,41468.69,9.05,9.05,0.0,0.0,0.0,0.0,0.0,,25.95,8.69,53.0,8.6,8.69,32.0,0.0,1010.2,959.6,24140.0,18.8,0.157,31.5,10192X0095/P21B
2220,28,2022-01-29,4.811397298,43.539904887,3.0,33.6,21.0,30.8,19.4,2022-01-29T03:21,2022-01-29T15:16,42874.8,40738.47,9.1,9.1,0.0,0.0,0.0,0.0,0.0,,25.77,8.76,35.0,11.0,8.76,40.0,0.0,1011.5,960.7,24140.0,25.1,0.157,31.4,10192X0095/P21B
2221,29,2022-01-30,4.811397298,43.539904887,3.0,33.7,21.1,30.5,17.9,2022-01-30T03:21,2022-01-30T15:16,42886.44,41463.84,9.15,9.15,0.0,0.0,0.0,0.0,0.0,,26.19,9.34,29.0,7.4,9.34,30.0,0.0,1010.2,959.5,24140.0,22.4,0.157,31.4,10192X0095/P21B
2222,30,2022-01-31,4.811397298,43.539904887,3.0,32.7,21.1,31.0,19.2,2022-01-31T03:21,2022-01-31T15:16,42898.3,40009.34,8.4,9.15,0.0,0.0,0.0,0.0,0.0,,25.23,8.08,82.0,11.6,8.08,40.0,0.0,1010.3,959.6,24140.0,19.6,0.157,31.4,10192X0095/P21B
2223,31,2022-02-01,4.811397298,43.539904887,3.0,33.5,22.4,32.5,22.0,2022-02-01T03:21,2022-02-01T15:16,42910.35,40491.19,8.5,9.2,0.0,0.0,0.0,0.0,0.0,,24.78,8.39,100.0,14.1,8.39,43.0,0.0,1009.7,959.2,24140.0,21.7,0.157,31.5,10192X0095/P21B
2224,32,2022-02-02,4.811397298,43.539904887,3.0,32.9,23.6,31.7,23.2,2022-02-02T03:21,2022-02-02T15:17,42922.6,40488.81,8.1,9.2,0.0,0.0,0.0,0.0,0.0,,22.53,8.12,100.0,14.5,8.12,43.0,0.0,1010.8,960.3,24140.0,22.9,0.157,31.6,10192X0095/P21B
2225,33,2022-02-03,4.811397298,43.539904887,3.0,33.6,23.5,32.0,22.0,2022-02-03T03:21,2022-02-03T15:17,42935.01,41208.34,9.25,9.25,0.0,0.0,0.0,0.0,0.0,,25.61,8.95,14.0,12.5,8.95,38.0,0.0,1011.5,961.0,24140.0,22.8,0.157,31.7,10192X0095/P21B
2226,34,2022-02-04,4.811397298,43.539904887,3.0,34.4,21.7,29.4,19.3,2022-02-04T03:21,2022-02-04T15:17,42947.57,41204.03,9.25,9.25,0.0,0.0,0.0,0.0,0.0,,26.58,10.37,50.0,3.6,10.37,26.0,0.0,1010.4,959.8,24140.0,25.4,0.157,31.6,10192X0095/P21B
2227,35,2022-02-05,4.811397298,43.539904887,3.0,34.4,21.0,31.2,19.2,2022-02-05T03:21,2022-02-05T15:17,42960.28,41439.39,9.3,9.3,0.0,0.0,0.0,0.0,0.0,,26.7,8.94,20.0,4.6,8.94,27.0,0.0,1009.5,958.9,24140.0,19.1,0.157,31.6,10192X0095/P21B
2228,36,2022-02-06,4.811397298,43.539904887,3.0,34.0,20.5,30.5,19.8,2022-02-06T03:21,2022-02-06T15:17,42973.12,41433.99,9.35,9.35,0.0,0.0,0.0,0.0,0.0,,26.64,9.59,44.0,8.2,9.59,33.0,0.0,1010.6,960.0,24140.0,22.7,0.157,31.5,10192X0095/P21B
2229,37,2022-02-07,4.811397298,43.539904887,3.0,33.5,21.8,30.4,18.6,2022-02-07T03:21,2022-02-07T15:18,42986.07,41428.27,9.25,9.35,0.0,0.0,0.0,0.0,0.0,,26.39,9.57,20.0,10.7,9.57,36.0,0.0,1011.5,960.8,24140.0,26.4,0.157,31.5,10192X0095/P21B
2230,38,2022-02-08,4.811397298,43.539904887,1.0,33.5,21.3,29.0,17.4,2022-02-08T03:21,2022-02-08T15:18,42999.12,41422.21,9.35,9.35,0.0,0.0,0.0,0.0,0.0,,26.54,10.56,9.0,8.5,10.56,33.0,0.0,1012.0,961.3,24140.0,31.4,0.156,31.4,10192X0095/P21B
2231,39,2022-02-09,4.811397298,43.539904887,3.0,34.0,21.8,29.3,17.6,2022-02-09T03:21,2022-02-09T15:18,43012.26,41415.83,9.4,9.4,0.0,0.0,0.0,0.0,0.0,,26.93,10.63,26.0,5.7,10.63,27.0,0.0,1011.1,960.4,24140.0,27.2,0.156,31.4,10192X0095/P21B
2232,40,2022-02-10,4.811397298,43.539904887,3.0,32.6,20.7,30.5,17.5,2022-02-10T03:21,2022-02-10T15:18,43025.48,41409.13,9.4,9.4,0.0,0.0,0.0,0.0,0.0,,26.43,8.65,17.0,10.9,8.65,38.0,0.0,1010.5,959.7,24140.0,22.9,0.156,31.4,10192X0095/P21B
2233,41,2022-02-11,4.811397298,43.539904887,3.0,32.5,20.5,30.0,18.0,2022-02-11T03:21,2022-02-11T15:18,43038.76,41402.13,9.45,9.45,0.0,0.0,0.0,0.0,0.0,,26.9,9.06,53.0,8.9,9.06,35.0,0.0,1010.1,959.3,24140.0,23.9,0.156,31.4,10192X0095/P21B
2234,42,2022-02-12,4.811397298,43.539904887,3.0,32.2,20.4,30.3,18.5,2022-02-12T03:21,2022-02-12T15:18,43052.1,41157.32,9.3,9.5,0.0,0.0,0.0,0.0,0.0,,26.76,8.49,78.0,10.4,8.49,37.0,0.0,1010.4,959.7,24140.0,21.1,0.156,31.3,10192X0095/P21B
2235,43,2022-02-13,4.811397298,43.539904887,3.0,33.4,21.4,31.0,19.9,2022-02-13T03:21,2022-02-13T15:18,43065.65,41387.09,9.05,9.5,0.0,0.0,0.0,0.0,0.0,,26.87,9.04,69.0,10.6,9.04,36.0,0.0,1009.2,958.6,24140.0,21.5,0.156,31.4,10192X0095/P21B
2236,44,2022-02-14,4.811397298,43.539904887,3.0,33.9,21.3,33.1,20.5,2022-02-14T03:21,2022-02-14T15:19,43079.39,41378.88,9.5,9.5,0.0,0.0,0.0,0.0,0.0,,26.64,8.8,17.0,12.4,8.8,40.0,0.0,1008.7,958.3,24140.0,21.9,0.156,31.5,10192X0095/P21B
2237,45,2022-02-15,4.811397298,43.539904887,3.0,32.7,21.2,31.9,19.7,2022-02-15T03:20,2022-02-15T15:19,43093.32,41370.18,9.55,9.55,0.0,0.0,0.0,0.0,0.0,,26.64,7.61,11.0,12.6,7.61,42.0,0.0,1010.5,959.8,24140.0,17.3,0.156,31.6,10192X0095/P21B
2238,46,2022-02-16,4.811397298,43.539904887,3.0,34.6,21.4,33.5,20.0,2022-02-16T03:20,2022-02-16T15:19,43107.42,41597.27,9.5,9.55,0.0,0.0,0.0,0.0,0.0,,26.72,8.55,79.0,12.1,8.55,38.0,0.0,1008.1,957.7,24140.0,19.0,0.156,31.7,10192X0095/P21B
2239,47,2022-02-17,4.811397298,43.539904887,3.0,35.6,21.9,35.8,22.3,2022-02-17T03:20,2022-02-17T15:19,43121.7,41587.43,9.55,9.6,0.0,0.0,0.0,0.0,0.0,,26.66,8.42,46.0,12.1,8.42,38.0,0.0,1006.6,956.5,24140.0,15.9,0.156,32.0,10192X0095/P21B
2240,48,2022-02-18,4.811397298,43.539904887,3.0,35.3,22.3,35.7,23.1,2022-02-18T03:20,2022-02-18T15:19,43136.11,41577.28,9.6,9.6,0.0,0.0,0.0,0.0,0.0,,26.56,8.13,79.0,13.0,8.13,40.0,0.0,1007.4,957.2,24140.0,15.6,0.156,32.2,10192X0095/P21B
2241,49,2022-02-19,4.811397298,43.539904887,3.0,35.5,22.0,34.7,21.3,2022-02-19T03:20,2022-02-19T15:19,43150.67,41331.48,9.6,9.6,0.0,0.0,0.0,0.0,0.0,,26.6,8.63,89.0,12.5,8.63,39.0,0.0,1008.4,958.1,24140.0,19.2,0.156,32.3,10192X0095/P21B
2242,50,2022-02-20,4.811397298,43.539904887,3.0,34.2,22.5,33.2,21.3,2022-02-20T03:19,2022-02-20T15:19,43165.34,41556.0,9.65,9.65,0.0,0.0,0.0,0.0,0.0,,26.81,8.78,60.0,13.5,8.78,41.0,0.0,1008.9,958.6,24140.0,22.1,0.156,32.3,10192X0095/P21B
2243,51,2022-02-21,4.811397298,43.539904887,3.0,34.7,22.8,32.2,21.8,2022-02-21T03:19,2022-02-21T15:19,43180.12,41544.94,9.65,9.65,0.0,0.0,0.0,0.0,0.0,,26.79,9.43,46.0,11.6,9.43,36.0,0.0,1009.2,958.9,24140.0,22.9,0.156,32.3,10192X0095/P21B
2244,52,2022-02-22,4.811397298,43.539904887,3.0,35.3,22.8,33.5,21.6,2022-02-22T03:19,2022-02-22T15:19,43195.0,41768.11,9.7,9.7,0.0,0.0,0.0,0.0,0.0,,26.88,9.28,45.0,13.0,9.28,38.0,0.0,1008.7,958.4,24140.0,22.1,0.156,32.3,10192X0095/P21B
2245,53,2022-02-23,4.811397298,43.539904887,3.0,34.7,23.3,33.3,21.7,2022-02-23T03:19,2022-02-23T15:19,43209.96,41522.19,9.7,9.7,0.0,0.0,0.0,0.0,0.0,,25.86,9.28,82.0,15.0,9.28,43.0,0.0,1009.8,959.5,24140.0,28.0,0.156,32.4,10192X0095/P21B
2246,54,2022-02-24,4.811397298,43.539904887,3.0,34.6,23.8,33.5,22.1,2022-02-24T03:18,2022-02-24T15:19,43224.99,41744.48,9.75,9.75,0.0,0.0,0.0,0.0,0.0,,25.92,8.85,72.0,14.5,8.85,42.0,0.0,1011.5,961.1,24140.0,22.7,0.156,32.5,10192X0095/P21B
2247,55,2022-02-25,4.811397298,43.539904887,3.0,35.0,23.4,34.6,23.2,2022-02-25T03:18,2022-02-25T15:19,43240.08,41732.46,9.75,9.75,0.0,0.0,0.0,0.0,0.0,,26.04,8.64,71.0,14.3,8.64,42.0,0.0,1011.0,960.7,24140.0,19.9,0.155,32.6,10192X0095/P21B
2248,56,2022-02-26,4.811397298,43.539904887,3.0,35.8,23.7,35.8,23.3,2022-02-26T03:18,2022-02-26T15:19,43255.22,41720.31,9.75,9.75,0.0,0.0,0.0,0.0,0.0,,25.05,8.41,58.0,13.8,8.41,39.0,0.0,1010.4,960.2,24140.0,16.5,0.155,32.9,10192X0095/P21B
2249,57,2022-02-27,4.811397298,43.539904887,3.0,36.3,23.8,35.7,24.5,2022-02-27T03:18,2022-02-27T15:19,43270.39,41913.17,9.75,9.75,0.0,0.0,0.0,0.0,0.0,,26.87,9.13,31.0,13.7,9.13,39.0,0.0,1009.9,959.7,24140.0,18.2,0.154,33.0,10192X0095/P21B
2250,58,2022-02-28,4.811397298,43.539904887,3.0,34.6,23.6,34.2,23.2,2022-02-28T03:17,2022-02-28T15:19,43285.58,41928.84,9.8,9.8,0.0,0.0,0.0,0.0,0.0,,26.18,8.67,31.0,15.8,8.67,46.0,0.0,1010.5,960.2,24140.0,23.4,0.153,33.0,10192X0095/P21B
2251,59,2022-03-01,4.811397298,43.539904887,3.0,34.4,23.6,32.2,22.4,2022-03-01T03:17,2022-03-01T15:19,43300.79,41916.38,9.85,9.85,0.0,0.0,0.0,0.0,0.0,,27.01,10.0,33.0,11.9,10.0,37.0,0.0,1010.9,960.5,24140.0,27.0,0.153,33.0,10192X0095/P21B
2252,60,2022-03-02,4.811397298,43.539904887,2.0,34.2,22.9,31.2,21.1,2022-03-02T03:17,2022-03-02T15:18,43315.98,40495.66,9.85,9.85,0.0,0.0,0.0,0.0,0.0,,24.08,9.01,8.0,14.4,9.01,42.0,0.0,1010.4,960.0,24140.0,26.3,0.153,32.8,10192X0095/P21B
2253,61,2022-03-03,4.811397298,43.539904887,2.0,35.6,23.5,31.0,21.4,2022-03-03T03:16,2022-03-03T15:18,43331.17,41988.31,9.85,9.85,0.0,0.0,0.0,0.0,0.0,,27.95,10.86,11.0,7.5,10.86,31.0,0.0,1010.6,960.3,24140.0,27.1,0.153,32.8,10192X0095/P21B
2254,62,2022-03-04,4.811397298,43.539904887,3.0,34.6,22.5,31.6,18.8,2022-03-04T03:16,2022-03-04T15:18,43346.34,42007.66,9.9,9.9,0.0,0.0,0.0,0.0,0.0,,27.81,10.47,48.0,7.9,10.47,29.0,0.0,1009.9,959.4,24140.0,26.2,0.153,32.6,10192X0095/P21B
2255,63,2022-03-05,4.811397298,43.539904887,3.0,33.9,21.3,32.0,19.1,2022-03-05T03:16,2022-03-05T15:18,43361.63,42027.65,9.85,9.85,0.0,0.0,0.0,0.0,0.0,,27.57,9.57,17.0,11.1,9.57,37.0,0.0,1009.9,959.4,24140.0,25.6,0.153,32.6,10192X0095/P21B
2256,64,2022-03-06,4.811397298,43.539904887,3.0,34.2,21.8,32.3,19.8,2022-03-06T03:15,2022-03-06T15:18,43377.05,42048.46,9.9,9.9,0.0,0.0,0.0,0.0,0.0,,27.59,9.48,21.0,11.3,9.48,37.0,0.0,1009.1,958.6,24140.0,23.9,0.153,32.6,10192X0095/P21B
2257,65,2022-03-07,4.811397298,43.539904887,3.0,34.6,22.4,33.5,21.7,2022-03-07T03:15,2022-03-07T15:18,43392.56,42070.03,9.9,9.9,0.0,0.0,0.0,0.0,0.0,,27.58,9.27,36.0,11.8,9.27,37.0,0.0,1008.5,958.2,24140.0,21.6,0.153,32.6,10192X0095/P21B
2258,66,2022-03-08,4.811397298,43.539904887,0.0,35.1,22.2,34.5,21.0,2022-03-08T03:15,2022-03-08T15:18,43408.19,42092.31,9.9,9.9,0.0,0.0,0.0,0.0,0.0,,27.63,9.16,0.0,12.8,9.16,39.0,0.0,1008.0,957.8,24140.0,20.7,0.153,32.7,10192X0095/P21B
2259,67,2022-03-09,4.811397298,43.539904887,3.0,35.1,22.7,34.2,21.6,2022-03-09T03:14,2022-03-09T15:18,43423.9,42115.22,9.85,9.85,0.0,0.0,0.0,0.0,0.0,,27.59,9.2,23.0,13.3,9.2,40.0,0.0,1008.2,958.0,24140.0,22.3,0.153,32.8,10192X0095/P21B
2260,68,2022-03-10,4.811397298,43.539904887,3.0,35.8,22.6,33.2,21.3,2022-03-10T03:14,2022-03-10T15:18,43439.69,42138.7,9.85,9.9,0.0,0.0,0.0,0.0,0.0,,27.72,9.42,74.0,11.2,9.42,36.0,0.0,1008.7,958.5,24140.0,22.0,0.153,32.8,10192X0095/P21B
2261,69,2022-03-11,4.811397298,43.539904887,3.0,35.7,22.6,33.2,20.9,2022-03-11T03:13,2022-03-11T15:18,43455.55,42162.68,9.85,9.9,0.0,0.0,0.0,0.0,0.0,,28.03,10.09,59.0,9.2,10.09,31.0,0.0,1008.5,958.3,24140.0,22.0,0.153,32.9,10192X0095/P21B
2262,70,2022-03-12,4.811397298,43.539904887,3.0,35.2,22.2,34.0,21.5,2022-03-12T03:13,2022-03-12T15:17,43471.47,42187.1,9.9,9.9,0.0,0.0,0.0,0.0,0.0,,27.51,8.73,93.0,12.0,8.73,38.0,0.0,1008.0,957.7,24140.0,18.8,0.153,32.9,10192X0095/P21B
2263,71,2022-03-13,4.811397298,43.539904887,3.0,35.0,23.2,34.0,21.0,2022-03-13T03:13,2022-03-13T15:17,43487.43,42211.9,9.9,9.9,0.0,0.0,0.0,0.0,0.0,,27.44,9.76,73.0,12.5,9.76,35.0,0.0,1007.8,957.7,24140.0,22.9,0.153,33.0,10192X0095/P21B
2264,72,2022-03-14,4.811397298,43.539904887,0.0,34.8,23.5,34.0,23.1,2022-03-14T03:12,2022-03-14T15:17,43503.43,42237.01,9.9,9.9,0.0,0.0,0.0,0.0,0.0,,27.24,8.82,1.0,14.8,8.82,43.0,0.0,1009.3,959.0,24140.0,22.8,0.153,33.0,10192X0095/P21B
2265,73,2022-03-15,4.811397298,43.539904887,3.0,35.5,23.0,34.2,23.3,2022-03-15T03:12,2022-03-15T15:17,43519.45,42262.37,9.75,9.95,0.0,0.0,0.0,0.0,0.0,,27.46,8.93,31.0,13.4,8.93,40.0,0.0,1008.9,958.6,24140.0,19.9,0.153,33.1,10192X0095/P21B
2266,74,2022-03-16,4.811397298,43.539904887,3.0,35.5,22.8,34.2,21.9,2022-03-16T03:11,2022-03-16T15:17,43535.49,42287.9,10.0,10.0,0.0,0.0,0.0,0.0,0.0,,27.73,9.48,44.0,12.7,9.48,38.0,0.0,1007.6,957.5,24140.0,22.2,0.153,33.1,10192X0095/P21B
2267,75,2022-03-17,4.811397298,43.539904887,2.0,36.0,23.4,34.1,22.8,2022-03-17T03:11,2022-03-17T15:17,43551.52,42313.56,9.95,9.95,0.0,0.0,0.0,0.0,0.0,,27.78,9.69,12.0,12.5,9.69,36.0,0.0,1008.2,958.1,24140.0,22.2,0.153,33.2,10192X0095/P21B
2268,76,2022-03-18,4.811397298,43.539904887,2.0,35.7,23.5,34.3,22.8,2022-03-18T03:10,2022-03-18T15:17,43567.55,42339.26,9.95,9.95,0.0,0.0,0.0,0.0,0.0,,27.43,9.18,14.0,12.7,9.18,38.0,0.0,1009.8,959.6,24140.0,21.3,0.153,33.2,10192X0095/P21B
2269,77,2022-03-19,4.811397298,43.539904887,3.0,36.5,23.0,35.5,23.5,2022-03-19T03:10,2022-03-19T15:16,43583.55,42364.95,10.0,10.0,0.0,0.0,0.0,0.0,0.0,,27.57,9.26,58.0,13.0,9.26,37.0,0.0,1009.8,959.6,24140.0,18.4,0.153,33.4,10192X0095/P21B
2270,78,2022-03-20,4.811397298,43.539904887,3.0,37.3,24.1,36.9,24.6,2022-03-20T03:10,2022-03-20T15:16,43599.52,42390.56,10.0,10.0,0.0,0.0,0.0,0.0,0.0,,27.31,9.53,6.0,12.4,9.53,36.0,0.0,1008.8,958.8,24140.0,18.4,0.153,33.6,10192X0095/P21B
2271,79,2022-03-21,4.811397298,43.539904887,3.0,36.8,23.8,38.2,23.6,2022-03-21T03:09,2022-03-21T15:16,43615.46,42416.03,10.0,10.0,0.0,0.0,0.0,0.0,0.0,,26.08,8.44,33.0,12.3,8.44,36.0,0.0,1009.0,958.9,24140.0,13.0,0.153,33.9,10192X0095/P21B
2272,80,2022-03-22,4.811397298,43.539904887,1.0,37.2,23.6,37.9,24.0,2022-03-22T03:09,2022-03-22T15:16,43631.33,42441.29,10.0,10.0,0.0,0.0,0.0,0.0,0.0,,26.31,7.42,10.0,14.0,7.42,39.0,0.0,1009.0,958.9,24140.0,9.6,0.153,34.2,10192X0095/P21B
2273,81,2022-03-23,4.811397298,43.539904887,2.0,36.2,24.1,37.9,25.0,2022-03-23T03:08,2022-03-23T15:16,43647.15,42466.28,10.0,10.0,0.0,0.2,0.0,0.0,0.0,,25.48,7.5,15.0,15.5,7.5,41.0,0.0,1009.7,959.8,24140.0,13.2,0.154,34.4,10192X0095/P21B
2274,82,2022-03-24,4.811397298,43.539904887,3.0,35.9,25.7,38.3,26.6,2022-03-24T03:08,2022-03-24T15:16,43662.9,42490.95,10.0,10.0,0.0,0.0,0.0,0.0,0.0,,25.58,7.15,36.0,16.4,7.15,42.0,0.0,1009.3,959.3,24140.0,11.6,0.154,34.6,10192X0095/P21B
2275,83,2022-03-25,4.811397298,43.539904887,63.0,30.6,23.4,33.3,23.8,2022-03-25T03:07,2022-03-25T15:15,43678.71,35462.15,9.95,10.05,4.5,3.7,0.0,4.5,10.0,,21.01,5.11,82.0,19.0,5.11,59.0,0.0,1010.1,959.5,23733.34,9.8,0.156,34.2,10192X0095/P21B
2276,84,2022-03-26,4.811397298,43.539904887,53.0,30.7,23.3,32.2,24.6,2022-03-26T03:07,2022-03-26T15:15,43694.58,27076.22,9.5,10.05,0.9,7.6,0.0,0.9,3.0,,15.87,4.97,82.0,18.3,4.97,58.0,0.0,1010.5,959.8,23380.0,13.2,0.158,33.7,10192X0095/P21B
2277,85,2022-03-27,4.811397298,43.539904887,3.0,34.0,22.7,33.3,23.4,2022-03-27T03:07,2022-03-27T15:15,43710.52,42566.45,10.0,10.0,0.0,0.0,0.0,0.0,0.0,,25.5,8.26,32.0,12.9,8.26,40.0,0.0,1010.6,960.2,24140.0,16.5,0.158,33.7,10192X0095/P21B
2278,86,2022-03-28,4.811397298,43.539904887,3.0,35.5,22.1,34.0,21.6,2022-03-28T03:06,2022-03-28T15:15,43726.49,42592.21,10.0,10.0,0.0,0.0,0.0,0.0,0.0,,27.58,9.28,80.0,10.3,9.28,32.0,0.0,1010.1,959.8,24140.0,18.1,0.158,33.7,10192X0095/P21B
2279,87,2022-03-29,4.811397298,43.539904887,3.0,35.8,24.1,34.2,23.1,2022-03-29T03:06,2022-03-29T15:15,43742.51,42253.09,10.0,10.0,0.0,0.0,0.0,0.0,0.0,,27.17,9.67,47.0,13.3,9.67,38.0,0.0,1009.0,958.8,24140.0,23.4,0.157,33.8,10192X0095/P21B
2280,88,2022-03-30,4.811397298,43.539904887,3.0,34.9,23.9,33.8,23.3,2022-03-30T03:05,2022-03-30T15:15,43758.54,42644.26,9.95,9.95,0.0,0.0,0.0,0.0,0.0,,26.14,9.15,43.0,15.1,9.15,42.0,0.0,1009.5,959.3,24140.0,24.5,0.158,33.8,10192X0095/P21B
2281,89,2022-03-31,4.811397298,43.539904887,3.0,34.4,24.4,33.4,24.5,2022-03-31T03:05,2022-03-31T15:14,43774.59,42670.43,9.95,9.95,0.0,0.0,0.0,0.0,0.0,,24.56,8.23,18.0,15.5,8.23,43.0,0.0,1009.9,959.7,24140.0,19.4,0.158,33.9,10192X0095/P21B
2282,90,2022-04-01,4.811397298,43.539904887,1.0,35.6,24.6,35.1,25.9,2022-04-01T03:04,2022-04-01T15:14,43790.64,42696.63,9.95,9.95,0.0,0.0,0.0,0.0,0.0,,25.12,8.49,10.0,16.1,8.49,45.0,0.0,1010.7,960.5,24140.0,19.5,0.158,34.0,10192X0095/P21B
2283,91,2022-04-02,4.811397298,43.539904887,3.0,36.0,24.5,34.0,26.3,2022-04-02T03:04,2022-04-02T15:14,43806.67,42722.78,9.95,9.95,0.0,0.0,0.0,0.0,0.0,,26.18,9.21,32.0,15.6,9.21,44.0,0.0,1010.0,959.9,24140.0,21.3,0.159,34.0,10192X0095/P21B
2284,92,2022-04-03,4.811397298,43.539904887,3.0,37.0,24.6,34.2,25.8,2022-04-03T03:04,2022-04-03T15:14,43822.7,42748.85,9.9,9.9,0.0,0.0,0.0,0.0,0.0,,27.58,9.58,66.0,13.5,9.58,39.0,0.0,1009.3,959.3,24140.0,20.7,0.159,34.1,10192X0095/P21B
2285,93,2022-04-04,4.811397298,43.539904887,3.0,37.4,23.4,35.9,25.5,2022-04-04T03:03,2022-04-04T15:14,43838.69,42774.76,9.85,9.85,0.0,0.0,0.0,0.0,0.0,,26.27,8.67,70.0,13.9,8.67,41.0,0.0,1009.8,959.7,24140.0,15.7,0.158,34.3,10192X0095/P21B
2286,94,2022-04-05,4.811397298,43.539904887,3.0,38.2,24.7,38.1,24.5,2022-04-05T03:03,2022-04-05T15:14,43854.65,42800.44,9.85,9.85,0.0,0.0,0.0,0.0,0.0,,27.38,9.36,21.0,12.7,9.36,36.0,0.0,1009.7,959.7,24140.0,16.7,0.157,34.5,10192X0095/P21B
2287,95,2022-04-06,4.811397298,43.539904887,3.0,36.8,24.2,36.0,23.3,2022-04-06T03:02,2022-04-06T15:13,43870.55,42825.87,9.85,9.85,0.0,0.0,0.0,0.0,0.0,,26.14,9.05,25.0,12.1,9.05,33.0,0.0,1010.0,959.9,24140.0,16.2,0.157,34.5,10192X0095/P21B
2288,96,2022-04-07,4.811397298,43.539904887,3.0,36.7,24.1,35.2,23.4,2022-04-07T03:02,2022-04-07T15:13,43886.39,42850.94,9.75,9.8,0.0,0.0,0.0,0.0,0.0,,26.0,9.55,61.0,12.9,9.55,37.0,0.0,1010.2,960.2,24140.0,20.9,0.157,34.4,10192X0095/P21B
2289,97,2022-04-08,4.811397298,43.539904887,3.0,36.1,24.6,35.6,24.2,2022-04-08T03:01,2022-04-08T15:13,43902.14,39914.86,9.75,9.8,0.0,0.0,0.0,0.0,0.0,,24.12,8.4,100.0,14.6,8.4,40.0,0.0,1010.2,960.1,24140.0,18.2,0.157,34.5,10192X0095/P21B
2290,98,2022-04-09,4.811397298,43.539904887,3.0,36.8,24.9,37.8,26.5,2022-04-09T03:01,2022-04-09T15:13,43917.82,41444.09,9.55,9.8,0.0,0.0,0.0,0.0,0.0,,25.01,8.17,44.0,16.0,8.17,45.0,0.0,1008.9,958.9,24140.0,15.3,0.157,34.7,10192X0095/P21B
2291,99,2022-04-10,4.811397298,43.539904887,3.0,35.5,24.2,38.2,26.7,2022-04-10T03:01,2022-04-10T15:13,43933.39,42923.61,9.75,9.8,0.0,0.0,0.0,0.0,0.0,,25.25,7.0,22.0,17.4,7.0,48.0,0.0,1008.9,958.8,24140.0,10.5,0.157,35.0,10192X0095/P21B
2292,100,2022-04-11,4.811397298,43.539904887,51.0,34.5,24.9,37.7,25.8,2022-04-11T03:00,2022-04-11T15:13,43948.85,42946.77,9.65,9.75,0.4,0.0,0.0,0.4,3.0,,25.12,7.15,16.0,16.0,7.15,44.0,0.0,1009.1,959.0,24140.0,10.9,0.157,35.2,10192X0095/P21B
2293,101,2022-04-12,4.811397298,43.539904887,3.0,36.9,25.2,38.7,26.2,2022-04-12T03:00,2022-04-12T15:13,43964.19,42969.3,9.7,9.7,0.0,0.0,0.0,0.0,0.0,,25.34,8.01,34.0,14.6,8.01,39.0,0.0,1007.6,957.7,24140.0,13.2,0.157,35.4,10192X0095/P21B
2294,102,2022-04-13,4.811397298,43.539904887,3.0,36.8,25.7,40.4,27.6,2022-04-13T03:00,2022-04-13T15:12,43979.42,42991.15,9.75,9.75,0.0,0.2,0.0,0.0,0.0,,25.28,7.72,25.0,16.7,7.72,44.0,0.0,1006.4,956.7,24140.0,13.9,0.158,35.5,10192X0095/P21B
2295,103,2022-04-14,4.811397298,43.539904887,3.0,36.2,25.7,38.3,28.0,2022-04-14T02:59,2022-04-14T15:12,43994.63,43012.68,9.6,9.7,0.0,0.0,0.0,0.0,0.0,,24.85,7.7,47.0,17.5,7.7,47.0,0.0,1007.0,957.1,24140.0,13.8,0.158,35.7,10192X0095/P21B
2296,104,2022-04-15,4.811397298,43.539904887,3.0,35.9,25.5,39.0,27.3,2022-04-15T02:59,2022-04-15T15:12,44009.85,43034.09,7.7,9.7,0.0,0.0,0.0,0.0,0.0,,24.83,7.28,90.0,16.7,7.28,44.0,0.0,1008.0,958.0,24140.0,12.3,0.157,35.8,10192X0095/P21B
2297,105,2022-04-16,4.811397298,43.539904887,3.0,36.2,25.8,38.3,27.4,2022-04-16T02:58,2022-04-16T15:12,44025.05,43055.33,9.6,9.65,0.0,1.2,0.0,0.0,0.0,,26.05,7.74,86.0,16.4,7.74,41.0,0.0,1008.0,958.2,23469.17,13.1,0.157,35.9,10192X0095/P21B
2298,106,2022-04-17,4.811397298,43.539904887,3.0,36.4,26.4,38.1,26.8,2022-04-17T02:58,2022-04-17T15:12,44040.24,43076.37,9.55,9.7,0.0,4.9,0.0,0.0,0.0,,25.29,7.83,78.0,17.8,7.83,46.0,0.0,1008.1,958.2,22799.17,17.4,0.158,35.9,10192X0095/P21B
2299,107,2022-04-18,4.811397298,43.539904887,63.0,28.0,22.8,31.1,24.6,2022-04-18T02:58,2022-04-18T15:12,44055.39,12658.41,8.95,9.65,10.4,13.3,0.0,10.4,8.0,,10.53,2.6,73.0,21.5,2.6,82.0,0.0,1010.7,959.6,19361.67,8.6,0.169,34.7,10192X0095/P21B
2300,108,2022-04-19,4.811397298,43.539904887,3.0,30.8,22.3,36.4,25.8,2022-04-19T02:57,2022-04-19T15:12,44070.5,43117.69,9.65,9.65,0.0,0.0,0.0,0.0,0.0,,25.9,5.42,29.0,21.4,5.42,75.0,0.0,1010.5,959.6,24140.0,8.2,0.169,33.8,10192X0095/P21B
2301,109,2022-04-20,4.811397298,43.539904887,51.0,30.3,23.3,36.5,25.8,2022-04-20T02:57,2022-04-20T15:12,44085.56,43137.88,7.95,9.65,0.5,1.2,0.0,0.5,3.0,,21.94,4.84,30.0,21.5,4.84,75.0,0.0,1010.2,959.3,24132.5,9.0,0.164,33.4,10192X0095/P21B
2302,110,2022-04-21,4.811397298,43.539904887,51.0,31.7,22.6,36.7,24.5,2022-04-21T02:57,2022-04-21T15:12,44100.55,43157.72,9.6,9.6,0.1,0.0,0.0,0.1,1.0,,24.13,5.56,59.0,20.0,5.56,67.0,0.0,1009.7,959.0,24140.0,10.4,0.161,33.2,10192X0095/P21B
2303,111,2022-04-22,4.811397298,43.539904887,51.0,32.8,23.8,36.1,26.0,2022-04-22T02:56,2022-04-22T15:12,44115.47,43177.16,8.3,9.6,0.1,0.0,0.0,0.1,1.0,,24.94,6.33,77.0,18.5,6.33,58.0,0.0,1010.0,959.5,24140.0,10.8,0.157,33.4,10192X0095/P21B
2304,112,2022-04-23,4.811397298,43.539904887,51.0,34.8,23.7,37.9,25.8,2022-04-23T02:56,2022-04-23T15:12,44130.29,43196.17,9.5,9.55,0.2,0.0,0.0,0.2,1.0,,25.49,6.98,63.0,17.7,6.98,50.0,0.0,1009.0,958.8,24033.34,11.2,0.156,33.8,10192X0095/P21B
2305,113,2022-04-24,4.811397298,43.539904887,3.0,35.6,24.9,38.5,26.0,2022-04-24T02:56,2022-04-24T15:11,44145.01,43200.0,8.5,9.6,0.0,1.1,0.0,0.0,0.0,,24.93,7.48,40.0,16.5,7.48,44.0,0.0,1008.1,958.1,24140.0,11.9,0.156,34.3,10192X0095/P21B
2306,114,2022-04-25,4.811397298,43.539904887,61.0,32.7,25.5,36.0,27.2,2022-04-25T02:55,2022-04-25T15:11,44159.61,39682.23,7.9,9.6,3.5,3.9,0.0,3.5,4.0,,17.98,5.12,65.0,19.5,5.12,59.0,0.0,1008.8,958.3,22980.0,12.2,0.157,34.2,10192X0095/P21B
2307,115,2022-04-26,4.811397298,43.539904887,63.0,29.4,23.5,33.7,26.4,2022-04-26T02:55,2022-04-26T15:11,44174.09,25820.17,1.85,9.55,6.2,7.3,0.0,6.2,11.0,,19.18,4.34,100.0,20.6,4.34,71.0,0.0,1010.3,959.4,17540.0,8.1,0.158,33.7,10192X0095/P21B
2308,116,2022-04-27,4.811397298,43.539904887,3.0,33.6,24.4,37.8,27.1,2022-04-27T02:55,2022-04-27T15:11,44188.43,43200.0,9.4,9.5,0.0,0.0,0.0,0.0,0.0,,25.23,6.12,85.0,18.8,6.12,56.0,0.0,1009.0,958.7,24140.0,7.3,0.156,34.1,10192X0095/P21B
2309,117,2022-04-28,4.811397298,43.539904887,51.0,33.4,24.1,35.9,25.7,2022-04-28T02:55,2022-04-28T15:11,44202.61,43200.0,9.15,9.5,0.6,0.4,0.0,0.6,4.0,,23.1,6.14,61.0,19.7,6.14,62.0,0.0,1010.0,959.5,24107.5,15.5,0.159,34.1,10192X0095/P21B
2310,118,2022-04-29,4.811397298,43.539904887,51.0,32.0,22.9,35.3,25.4,2022-04-29T02:54,2022-04-29T15:11,44216.63,43200.0,9.35,9.45,0.7,1.3,0.0,0.7,4.0,,21.53,5.47,69.0,20.3,5.47,65.0,0.0,1011.3,960.6,24111.67,14.3,0.16,33.8,10192X0095/P21B
2311,119,2022-04-30,4.811397298,43.539904887,51.0,31.5,24.2,35.1,26.5,2022-04-30T02:54,2022-04-30T15:11,44230.46,40145.71,8.7,9.45,0.6,0.5,0.0,0.6,3.0,,19.45,4.84,71.0,20.4,4.84,68.0,0.0,1011.8,960.9,23526.67,12.4,0.161,33.7,10192X0095/P21B
2312,120,2022-05-01,4.811397298,43.539904887,53.0,30.2,23.3,33.2,26.1,2022-05-01T02:54,2022-05-01T15:11,44244.11,32087.55,7.2,9.45,1.5,2.1,0.0,1.5,7.0,,18.42,4.13,95.0,21.1,4.13,78.0,0.0,1012.7,961.6,23323.34,12.7,0.167,33.0,10192X0095/P21B
2313,121,2022-05-02,4.811397298,43.539904887,63.0,30.3,22.4,32.6,24.2,2022-05-02T02:54,2022-05-02T15:11,44257.54,42464.68,9.45,9.45,3.9,0.0,0.0,3.9,2.0,,23.32,4.91,92.0,21.0,4.91,79.0,0.0,1012.5,961.4,24028.34,19.7,0.17,32.3,10192X0095/P21B
2314,122,2022-05-03,4.811397298,43.539904887,51.0,29.6,21.9,31.0,23.9,2022-05-03T02:53,2022-05-03T15:11,44270.77,43200.0,8.15,9.45,0.8,0.3,0.0,0.8,5.0,,23.04,5.17,37.0,21.0,5.17,77.0,0.0,1012.5,961.4,24117.5,22.8,0.168,31.9,10192X0095/P21B
2315,123,2022-05-04,4.811397298,43.539904887,51.0,29.8,22.0,31.5,23.6,2022-05-04T02:53,2022-05-04T15:11,44283.89,43200.0,9.1,9.4,0.1,0.4,0.0,0.1,1.0,,22.58,5.0,64.0,20.7,5.0,76.0,0.0,1013.9,962.7,24140.0,20.9,0.166,31.7,10192X0095/P21B
2316,124,2022-05-05,4.811397298,43.539904887,51.0,29.7,21.8,32.0,24.0,2022-05-05T02:53,2022-05-05T15:11,44296.92,41293.11,9.35,9.35,0.4,0.1,0.0,0.4,1.0,,19.47,4.59,39.0,20.7,4.59,76.0,0.0,1013.3,962.1,24140.0,19.5,0.164,31.5,10192X0095/P21B
2317,125,2022-05-06,4.811397298,43.539904887,3.0,32.3,22.2,33.0,24.0,2022-05-06T02:53,2022-05-06T15:11,44309.85,43200.0,9.35,9.35,0.0,0.0,0.0,0.0,0.0,,25.21,6.51,26.0,19.9,6.51,67.0,0.0,1011.4,960.6,24140.0,21.4,0.163,31.6,10192X0095/P21B
2318,126,2022-05-07,4.811397298,43.539904887,51.0,32.9,22.3,33.9,23.5,2022-05-07T02:53,2022-05-07T15:11,44322.66,43144.93,9.2,9.3,0.2,0.0,0.0,0.2,2.0,,21.77,6.23,39.0,20.0,6.23,66.0,0.0,1010.6,959.9,24140.0,24.4,0.163,31.7,10192X0095/P21B
2319,127,2022-05-08,4.811397298,43.539904887,51.0,34.2,23.0,34.8,25.0,2022-05-08T02:53,2022-05-08T15:11,44335.34,37116.82,9.3,9.3,0.3,0.2,0.0,0.3,1.0,,23.46,6.99,17.0,19.5,6.99,60.0,0.0,1010.6,960.1,24140.0,21.9,0.162,31.9,10192X0095/P21B
2320,128,2022-05-09,4.811397298,43.539904887,3.0,33.6,23.5,33.8,24.4,2022-05-09T02:52,2022-05-09T15:11,44347.87,40900.07,9.25,9.25,0.0,0.0,0.0,0.0,0.0,,21.87,7.03,52.0,19.8,7.03,61.0,0.0,1010.8,960.3,23436.67,27.4,0.162,32.0,10192X0095/P21B
2321,129,2022-05-10,4.811397298,43.539904887,3.0,34.6,23.7,34.5,24.5,2022-05-10T02:52,2022-05-10T15:12,44360.26,43200.0,9.25,9.25,0.0,0.0,0.0,0.0,0.0,,24.67,7.46,60.0,19.2,7.46,60.0,0.0,1010.4,959.9,24140.0,23.9,0.162,32.2,10192X0095/P21B
2322,130,2022-05-11,4.811397298,43.539904887,3.0,33.7,23.8,34.4,24.5,2022-05-11T02:52,2022-05-11T15:12,44372.48,38478.4,9.25,9.25,0.0,0.0,0.0,0.0,0.0,,23.46,7.24,36.0,18.9,7.24,57.0,0.0,1010.6,960.2,24140.0,23.0,0.161,32.3,10192X0095/P21B
2323,131,2022-05-12,4.811397298,43.539904887,51.0,33.3,23.3,34.0,24.4,2022-05-12T02:52,2022-05-12T15:12,44384.52,43200.0,9.2,9.25,0.1,0.0,0.0,0.1,1.0,,23.88,7.34,76.0,18.7,7.34,58.0,0.0,1011.9,961.3,24121.67,23.9,0.161,32.5,10192X0095/P21B
2324,132,2022-05-13,4.811397298,43.539904887,3.0,34.2,23.2,34.0,23.8,2022-05-13T02:52,2022-05-13T15:12,44396.37,43200.0,9.2,9.2,0.0,0.0,0.0,0.0,0.0,,25.01,7.93,59.0,18.3,7.93,56.0,0.0,1012.0,961.5,24140.0,26.0,0.161,32.5,10192X0095/P21B
2325,133,2022-05-14,4.811397298,43.539904887,3.0,33.3,22.9,32.6,23.3,2022-05-14T02:52,2022-05-14T15:12,44408.02,43200.0,9.2,9.2,0.0,0.4,0.0,0.0,0.0,,23.33,7.53,84.0,17.7,7.53,55.0,0.0,1012.5,961.8,24140.0,25.0,0.161,32.5,10192X0095/P21B
2326,134,2022-05-15,4.811397298,43.539904887,3.0,33.7,22.7,33.0,23.6,2022-05-15T02:52,2022-05-15T15:12,44419.45,43200.0,9.15,9.15,0.0,0.3,0.0,0.0,0.0,,24.2,7.75,40.0,18.0,7.75,57.0,0.0,1013.6,962.9,24140.0,25.8,0.161,32.5,10192X0095/P21B
2327,135,2022-05-16,4.811397298,43.539904887,2.0,33.4,23.0,32.9,23.6,2022-05-16T02:52,2022-05-16T15:12,44430.65,43200.0,9.15,9.15,0.0,0.1,0.0,0.0,0.0,,23.75,7.76,18.0,18.4,7.76,58.0,0.0,1013.6,962.9,23120.0,29.3,0.161,32.5,10192X0095/P21B
2328,136,2022-05-17,4.811397298,43.539904887,3.0,32.5,22.4,31.4,22.8,2022-05-17T02:52,2022-05-17T15:12,44441.61,43200.0,9.1,9.1,0.0,0.0,0.0,0.0,0.0,,22.61,7.52,46.0,17.8,7.52,57.0,0.0,1012.8,962.1,24140.0,28.5,0.161,32.4,10192X0095/P21B
2329,137,2022-05-18,4.811397298,43.539904887,3.0,32.8,23.0,31.6,22.3,2022-05-18T02:51,2022-05-18T15:12,44452.31,43200.0,9.05,9.1,0.0,0.0,0.0,0.0,0.0,,21.42,7.51,43.0,17.5,7.51,55.0,0.0,1012.1,961.4,24140.0,28.6,0.161,32.4,10192X0095/P21B
2330,138,2022-05-19,4.811397298,43.539904887,2.0,33.7,22.5,32.9,23.1,2022-05-19T02:51,2022-05-19T15:12,44462.74,43200.0,9.05,9.05,0.0,0.0,0.0,0.0,0.0,,24.16,8.07,12.0,16.9,8.07,52.0,0.0,1011.9,961.3,24140.0,25.9,0.161,32.4,10192X0095/P21B
2331,139,2022-05-20,4.811397298,43.539904887,3.0,33.3,22.7,32.0,22.5,2022-05-20T02:51,2022-05-20T15:13,44472.9,39600.0,9.05,9.05,0.0,0.0,0.0,0.0,0.0,,22.81,7.84,69.0,17.1,7.84,52.0,0.0,1011.4,960.8,24140.0,24.9,0.161,32.5,10192X0095/P21B
2332,140,2022-05-21,4.811397298,43.539904887,3.0,33.7,23.2,33.1,23.5,2022-05-21T02:51,2022-05-21T15:13,44482.75,42747.31,9.05,9.05,0.0,0.1,0.0,0.0,0.0,,20.59,7.62,71.0,18.0,7.62,54.0,0.0,1011.5,961.0,24140.0,27.2,0.161,32.5,10192X0095/P21B
2333,141,2022-05-22,4.811397298,43.539904887,3.0,35.0,23.2,33.3,23.3,2022-05-22T02:51,2022-05-22T15:13,44492.29,43200.0,8.95,9.05,0.0,0.0,0.0,0.0,0.0,,24.83,8.96,92.0,17.0,8.96,48.0,0.0,1010.0,959.7,24140.0,27.7,0.161,32.6,10192X0095/P21B
2334,142,2022-05-23,4.811397298,43.539904887,3.0,35.1,24.0,34.2,23.5,2022-05-23T02:51,2022-05-23T15:13,44501.52,43200.0,9.0,9.05,0.0,0.0,0.0,0.0,0.0,,24.18,8.6,92.0,18.0,8.6,51.0,0.0,1009.1,958.8,24140.0,27.3,0.161,32.7,10192X0095/P21B
2335,143,2022-05-24,4.811397298,43.539904887,3.0,34.4,24.0,33.8,24.4,2022-05-24T02:51,2022-05-24T15:13,44510.52,43200.0,9.0,9.0,0.0,0.0,0.0,0.0,0.0,,22.83,7.92,88.0,18.7,7.92,55.0,0.0,1010.4,960.0,24140.0,27.4,0.161,32.8,10192X0095/P21B
2336,144,2022-05-25,4.811397298,43.539904887,3.0,34.7,23.8,33.9,23.3,2022-05-25T02:51,2022-05-25T15:13,44519.3,43200.0,9.0,9.0,0.0,0.0,0.0,0.0,0.0,,24.29,8.67,99.0,17.6,8.67,51.0,0.0,1012.4,961.9,24140.0,27.7,0.161,32.8,10192X0095/P21B
2337,145,2022-05-26,4.811397298,43.539904887,3.0,34.8,24.3,33.7,23.6,2022-05-26T02:51,2022-05-26T15:14,44527.83,43200.0,9.0,9.0,0.0,1.3,0.0,0.0,0.0,,24.06,8.61,83.0,17.7,8.61,51.0,0.0,1012.6,962.1,24097.5,28.3,0.161,32.9,10192X0095/P21B
2338,146,2022-05-27,4.811397298,43.539904887,3.0,34.6,23.6,33.7,23.6,2022-05-27T02:51,2022-05-27T15:14,44536.12,43200.0,8.85,8.95,0.0,0.0,0.0,0.0,0.0,,24.3,8.49,78.0,17.4,8.49,51.0,0.0,1011.5,961.0,24113.34,27.6,0.161,32.9,10192X0095/P21B
2339,147,2022-05-28,4.811397298,43.539904887,2.0,34.4,23.3,32.4,22.3,2022-05-28T02:52,2022-05-28T15:14,44544.17,43200.0,8.95,8.95,0.0,0.1,0.0,0.0,0.0,,24.32,8.55,17.0,16.5,8.55,50.0,0.0,1011.3,960.8,23590.0,27.7,0.161,32.9,10192X0095/P21B
2340,148,2022-05-29,4.811397298,43.539904887,3.0,32.7,23.0,32.1,22.8,2022-05-29T02:52,2022-05-29T15:14,44551.95,39600.0,7.65,8.95,0.0,0.0,0.0,0.0,0.0,,19.5,7.05,38.0,17.4,7.05,56.0,0.0,1012.4,961.7,24140.0,27.2,0.161,32.7,10192X0095/P21B
2341,149,2022-05-30,4.811397298,43.539904887,2.0,32.4,22.6,31.1,21.7,2022-05-30T02:52,2022-05-30T15:14,44559.46,43200.0,8.85,8.9,0.0,0.1,0.0,0.0,0.0,,23.3,7.78,20.0,17.2,7.78,55.0,0.0,1013.2,962.4,24140.0,27.9,0.161,32.6,10192X0095/P21B
2342,150,2022-05-31,4.811397298,43.539904887,2.0,33.3,22.5,31.5,22.1,2022-05-31T02:52,2022-05-31T15:15,44566.69,43200.0,8.9,8.9,0.0,0.0,0.0,0.0,0.0,,24.32,8.13,12.0,16.6,8.13,51.0,0.0,1012.1,961.4,24140.0,26.6,0.161,32.6,10192X0095/P21B
2343,151,2022-06-01,4.811397298,43.539904887,3.0,33.2,22.9,31.1,22.1,2022-06-01T02:52,2022-06-01T15:15,44573.64,43200.0,8.9,8.9,0.0,0.0,0.0,0.0,0.0,,24.07,8.36,22.0,16.3,8.36,50.0,0.0,1011.3,960.7,24140.0,27.8,0.161,32.6,10192X0095/P21B
2344,152,2022-06-02,4.811397298,43.539904887,3.0,32.7,22.9,31.2,21.4,2022-06-02T02:52,2022-06-02T15:15,44580.29,43200.0,6.95,8.85,0.0,0.0,0.0,0.0,0.0,,22.32,7.87,53.0,16.4,7.87,51.0,0.0,1011.7,961.0,24140.0,27.8,0.161,32.5,10192X0095/P21B
2345,153,2022-06-03,4.811397298,43.539904887,3.0,32.4,22.6,30.6,21.4,2022-06-03T02:52,2022-06-03T15:15,44586.64,43200.0,8.8,8.85,0.0,0.0,0.0,0.0,0.0,,21.87,7.73,60.0,16.4,7.73,52.0,0.0,1012.4,961.6,24140.0,28.4,0.161,32.4,10192X0095/P21B
2346,154,2022-06-04,4.811397298,43.539904887,3.0,32.0,22.5,31.2,21.9,2022-06-04T02:52,2022-06-04T15:15,44592.67,41342.02,8.85,8.85,0.0,0.0,0.0,0.0,0.0,,21.34,7.22,17.0,16.8,7.22,54.0,0.0,1011.8,961.1,24140.0,25.7,0.161,32.3,10192X0095/P21B
2347,155,2022-06-05,4.811397298,43.539904887,51.0,32.8,22.8,31.3,23.0,2022-06-05T02:52,2022-06-05T15:16,44598.39,43200.0,8.85,8.85,0.1,0.0,0.0,0.1,1.0,,23.08,7.95,58.0,17.5,7.95,54.0,0.0,1010.9,960.3,24140.0,29.0,0.161,32.3,10192X0095/P21B
2348,156,2022-06-06,4.811397298,43.539904887,3.0,34.4,23.1,29.6,21.7,2022-06-06T02:52,2022-06-06T15:16,44603.76,42369.14,8.9,8.9,0.0,0.6,0.0,0.0,0.0,,22.83,9.01,89.0,15.9,9.01,49.0,0.0,1010.4,959.9,24132.5,33.7,0.161,32.4,10192X0095/P21B
2349,157,2022-06-07,4.811397298,43.539904887,3.0,29.6,23.4,26.3,21.9,2022-06-07T02:53,2022-06-07T15:16,44608.8,32735.47,4.5,8.85,0.0,0.3,0.0,0.0,0.0,,17.2,6.41,97.0,17.1,6.41,58.0,0.0,1012.2,961.2,24099.17,30.9,0.161,32.1,10192X0095/P21B
2350,158,2022-06-08,4.811397298,43.539904887,51.0,32.8,22.3,30.6,22.1,2022-06-08T02:53,2022-06-08T15:16,44613.49,43200.0,8.8,8.85,0.1,0.0,0.0,0.1,1.0,,22.78,7.69,74.0,17.2,7.69,56.0,0.0,1012.4,961.6,24140.0,29.7,0.161,32.0,10192X0095/P21B
2351,159,2022-06-09,4.811397298,43.539904887,3.0,33.1,22.4,30.3,21.4,2022-06-09T02:53,2022-06-09T15:17,44617.83,43200.0,8.85,8.85,0.0,0.0,0.0,0.0,0.0,,22.74,8.02,88.0,16.7,8.02,53.0,0.0,1012.1,961.3,24140.0,29.9,0.161,32.0,10192X0095/P21B
2352,160,2022-06-10,4.811397298,43.539904887,3.0,33.5,22.8,30.2,21.3,2022-06-10T02:53,2022-06-10T15:17,44621.81,41237.63,8.85,8.85,0.0,0.0,0.0,0.0,0.0,,24.04,8.73,59.0,16.0,8.73,50.0,0.0,1012.4,961.8,24140.0,31.3,0.161,32.0,10192X0095/P21B
2353,161,2022-06-11,4.811397298,43.539904887,3.0,33.2,23.0,30.0,20.8,2022-06-11T02:53,2022-06-11T15:17,44625.4,43200.0,8.85,8.85,0.0,0.0,0.0,0.0,0.0,,24.1,9.01,61.0,15.2,9.01,47.0,0.0,1012.7,962.0,24140.0,31.6,0.161,32.1,10192X0095/P21B
2354,162,2022-06-12,4.811397298,43.539904887,3.0,32.7,22.9,31.0,22.1,2022-06-12T02:53,2022-06-12T15:17,44628.63,42663.67,8.55,8.85,0.0,0.0,0.0,0.0,0.0,,22.51,7.7,85.0,17.9,7.7,57.0,0.0,1012.2,961.5,24140.0,32.0,0.161,32.0,10192X0095/P21B
2355,163,2022-06-13,4.811397298,43.539904887,3.0,31.6,23.0,28.9,21.8,2022-06-13T02:54,2022-06-13T15:17,44631.5,31680.54,8.6,8.85,0.0,0.0,0.0,0.0,0.0,,17.65,7.03,90.0,17.1,7.03,55.0,0.0,1012.5,961.7,24140.0,30.5,0.161,31.9,10192X0095/P21B
2356,164,2022-06-14,4.811397298,43.539904887,3.0,33.3,22.3,30.4,20.8,2022-06-14T02:54,2022-06-14T15:18,44634.03,40983.68,8.85,8.85,0.0,0.0,0.0,0.0,0.0,,23.14,8.37,26.0,15.6,8.37,50.0,0.0,1011.8,961.1,24140.0,30.8,0.161,31.9,10192X0095/P21B
2357,165,2022-06-15,4.811397298,43.539904887,2.0,33.7,22.7,30.2,21.3,2022-06-15T02:54,2022-06-15T15:18,44636.22,43200.0,8.85,8.85,0.0,0.0,0.0,0.0,0.0,,23.75,9.02,23.0,14.9,9.02,46.0,0.0,1011.2,960.6,24140.0,30.1,0.161,31.9,10192X0095/P21B
2358,166,2022-06-16,4.811397298,43.539904887,3.0,33.9,22.4,30.8,21.6,2022-06-16T02:54,2022-06-16T15:18,44638.06,43200.0,8.45,8.85,0.0,0.0,0.0,0.0,0.0,,23.36,8.43,35.0,15.1,8.43,47.0,0.0,1011.3,960.7,24140.0,26.6,0.161,32.0,10192X0095/P21B
2359,167,2022-06-17,4.811397298,43.539904887,3.0,33.5,22.5,30.3,21.3,2022-06-17T02:54,2022-06-17T15:18,44639.56,43053.48,8.8,8.8,0.0,0.0,0.0,0.0,0.0,,23.78,8.93,69.0,14.6,8.93,46.0,0.0,1010.7,960.2,24140.0,28.9,0.161,32.0,10192X0095/P21B
2360,168,2022-06-18,4.811397298,43.539904887,3.0,32.2,21.9,29.0,19.6,2022-06-18T02:55,2022-06-18T15:19,44640.71,35818.7,8.8,8.8,0.0,0.0,0.0,0.0,0.0,,22.17,8.26,42.0,14.5,8.26,48.0,0.0,1011.4,960.6,24140.0,29.3,0.161,31.9,10192X0095/P21B
2361,169,2022-06-19,4.811397298,43.539904887,3.0,32.9,22.1,29.6,19.9,2022-06-19T02:55,2022-06-19T15:19,44641.51,34939.43,8.55,8.8,0.0,0.0,0.0,0.0,0.0,,21.43,8.47,71.0,14.2,8.47,46.0,0.0,1012.2,961.4,24140.0,29.8,0.161,31.8,10192X0095/P21B
2362,170,2022-06-20,4.811397298,43.539904887,3.0,32.9,22.2,29.2,20.1,2022-06-20T02:55,2022-06-20T15:19,44641.97,39323.74,8.75,8.8,0.0,0.0,0.0,0.0,0.0,,20.69,8.36,63.0,15.4,8.36,50.0,0.0,1012.9,962.1,24140.0,32.4,0.161,31.8,10192X0095/P21B
2363,171,2022-06-21,4.811397298,43.539904887,3.0,32.7,22.0,28.9,20.5,2022-06-21T02:55,2022-06-21T15:19,44642.09,37236.58,8.75,8.8,0.0,0.0,0.0,0.0,0.0,,20.9,8.27,83.0,16.0,8.27,52.0,0.0,1011.7,960.9,24140.0,34.0,0.161,31.7,10192X0095/P21B
2364,172,2022-06-22,4.811397298,43.539904887,3.0,32.3,22.1,28.9,19.9,2022-06-22T02:55,2022-06-22T15:19,44641.87,34710.57,8.5,8.8,0.0,0.0,0.0,0.0,0.0,,18.54,7.91,96.0,15.7,7.91,51.0,0.0,1011.1,960.3,24140.0,32.9,0.161,31.7,10192X0095/P21B
2365,173,2022-06-23,4.811397298,43.539904887,53.0,29.6,22.6,25.6,20.9,2022-06-23T02:56,2022-06-23T15:20,44641.3,23924.96,2.85,8.8,0.7,0.0,0.0,0.7,3.0,,15.0,5.68,99.0,17.4,5.68,63.0,0.0,1013.0,961.8,24140.0,31.4,0.161,31.4,10192X0095/P21B
2366,174,2022-06-24,4.811397298,43.539904887,51.0,29.3,22.4,27.8,21.5,2022-06-24T02:56,2022-06-24T15:20,44640.39,39527.92,7.65,8.8,1.5,0.0,0.0,1.5,9.0,,17.96,5.72,65.0,17.4,5.72,63.0,0.0,1013.7,962.5,24140.0,27.9,0.161,31.2,10192X0095/P21B
2367,175,2022-06-25,4.811397298,43.539904887,51.0,29.5,21.2,26.5,20.5,2022-06-25T02:56,2022-06-25T15:20,44639.14,35624.58,8.65,8.8,0.1,0.0,0.0,0.1,1.0,,18.12,6.39,41.0,16.2,6.39,57.0,0.0,1013.3,962.1,24140.0,28.5,0.161,31.0,10192X0095/P21B
2368,176,2022-06-26,4.811397298,43.539904887,3.0,32.4,21.5,28.0,19.3,2022-06-26T02:56,2022-06-26T15:20,44637.55,43172.85,8.8,8.8,0.0,0.0,0.0,0.0,0.0,,23.13,8.62,22.0,14.9,8.62,50.0,0.0,1013.4,962.5,24140.0,34.3,0.162,31.0,10192X0095/P21B
2369,177,2022-06-27,4.811397298,43.539904887,51.0,30.6,21.7,26.8,20.1,2022-06-27T02:57,2022-06-27T15:21,44635.62,37160.08,8.85,8.85,0.1,0.0,0.0,0.1,1.0,,15.62,6.69,67.0,16.7,6.69,58.0,0.0,1014.7,963.6,24140.0,35.1,0.162,30.9,10192X0095/P21B
2370,178,2022-06-28,4.811397298,43.539904887,3.0,31.0,21.8,26.7,20.6,2022-06-28T02:57,2022-06-28T15:21,44633.36,38618.48,7.95,8.8,0.0,0.0,0.0,0.0,0.0,,18.99,6.85,74.0,16.8,6.85,59.0,0.0,1014.1,963.0,24140.0,34.1,0.162,30.8,10192X0095/P21B
2371,179,2022-06-29,4.811397298,43.539904887,51.0,30.4,21.5,26.1,19.5,2022-06-29T02:57,2022-06-29T15:21,44630.76,28669.27,8.5,8.85,0.1,0.0,0.0,0.1,1.0,,19.29,7.33,59.0,15.5,7.33,55.0,0.0,1014.1,962.9,24140.0,34.6,0.162,30.7,10192X0095/P21B
2372,180,2022-06-30,4.811397298,43.539904887,51.0,30.1,20.9,26.5,18.3,2022-06-30T02:57,2022-06-30T15:21,44627.82,35919.79,8.15,8.85,0.4,0.2,0.0,0.4,3.0,,18.33,6.35,58.0,16.8,6.35,62.0,0.0,1014.2,962.9,24140.0,35.9,0.162,30.5,10192X0095/P21B
2373,181,2022-07-01,4.811397298,43.539904887,3.0,29.1,21.1,25.2,19.5,2022-07-01T02:57,2022-07-01T15:21,44624.55,27775.19,8.55,8.85,0.0,0.0,0.0,0.0,0.0,,16.75,6.73,79.0,15.0,6.73,54.0,0.0,1015.0,963.7,24140.0,31.9,0.162,30.4,10192X0095/P21B
2374,182,2022-07-02,4.811397298,43.539904887,3.0,30.0,20.4,26.9,18.4,2022-07-02T02:58,2022-07-02T15:21,44620.95,38617.91,8.85,8.85,0.0,0.0,0.0,0.0,0.0,,18.75,7.0,57.0,15.4,7.0,55.0,0.0,1014.0,962.9,24140.0,32.4,0.162,30.3,10192X0095/P21B
2375,183,2022-07-03,4.811397298,43.539904887,3.0,29.2,20.5,23.5,17.2,2022-07-03T02:58,2022-07-03T15:21,44616.97,25322.08,8.85,8.85,0.0,0.0,0.0,0.0,0.0,,16.7,7.28,89.0,14.6,7.28,53.0,0.0,1014.4,963.2,24140.0,38.2,0.162,30.2,10192X0095/P21B
2376,184,2022-07-04,4.811397298,43.539904887,3.0,30.9,21.0,26.4,18.6,2022-07-04T02:58,2022-07-04T15:22,44612.62,32119.9,8.7,8.85,0.0,0.0,0.0,0.0,0.0,,18.88,8.01,59.0,14.3,8.01,49.0,0.0,1014.2,963.1,24140.0,34.8,0.162,30.2,10192X0095/P21B
2377,185,2022-07-05,4.811397298,43.539904887,3.0,30.0,21.2,26.4,19.5,2022-07-05T02:58,2022-07-05T15:22,44607.91,36815.97,8.65,8.85,0.0,0.0,0.0,0.0,0.0,,19.12,7.23,69.0,15.6,7.23,54.0,0.0,1013.1,962.0,24140.0,33.4,0.162,30.2,10192X0095/P21B
2378,186,2022-07-06,4.811397298,43.539904887,3.0,30.6,21.2,25.9,18.3,2022-07-06T02:58,2022-07-06T15:22,44602.84,33823.11,8.25,8.9,0.0,0.0,0.0,0.0,0.0,,18.45,7.47,55.0,15.1,7.47,53.0,0.0,1013.0,961.9,24140.0,35.7,0.161,30.1,10192X0095/P21B
2379,187,2022-07-07,4.811397298,43.539904887,51.0,29.8,21.9,25.9,20.0,2022-07-07T02:59,2022-07-07T15:22,44597.44,30088.48,8.1,8.9,0.3,0.0,0.0,0.3,3.0,,16.23,6.51,70.0,16.5,6.51,58.0,0.0,1014.4,963.2,24140.0,34.9,0.161,30.0,10192X0095/P21B
2380,188,2022-07-08,4.811397298,43.539904887,3.0,30.8,22.1,26.7,19.5,2022-07-08T02:59,2022-07-08T15:22,44591.69,32578.85,8.75,8.85,0.0,0.0,0.0,0.0,0.0,,17.22,7.51,70.0,15.2,7.51,53.0,0.0,1014.8,963.6,24140.0,37.7,0.161,30.0,10192X0095/P21B
2381,189,2022-07-09,4.811397298,43.539904887,3.0,29.0,21.8,24.1,18.8,2022-07-09T02:59,2022-07-09T15:22,44585.63,24489.62,8.85,8.85,0.0,0.0,0.0,0.0,0.0,,15.58,7.24,83.0,14.5,7.24,52.0,0.0,1014.4,963.2,24140.0,36.5,0.161,29.9,10192X0095/P21B
2382,190,2022-07-10,4.811397298,43.539904887,53.0,27.7,21.6,23.5,19.3,2022-07-10T02:59,2022-07-10T15:22,44579.25,15960.61,8.9,8.9,1.2,0.0,0.0,1.2,4.0,,12.28,5.3,92.0,16.4,5.3,62.0,0.0,1014.0,962.6,24140.0,33.6,0.161,29.7,10192X0095/P21B
2383,191,2022-07-11,4.811397298,43.539904887,51.0,27.4,20.9,25.0,19.3,2022-07-11T02:59,2022-07-11T15:22,44572.56,18486.43,4.95,8.9,0.6,0.0,0.0,0.6,3.0,,13.06,4.88,90.0,16.8,4.88,65.0,0.0,1014.8,963.4,24140.0,29.4,0.163,29.4,10192X0095/P21B
2384,192,2022-07-12,4.811397298,43.539904887,3.0,30.2,20.6,26.5,19.8,2022-07-12T03:00,2022-07-12T15:22,44565.58,29944.81,7.9,8.95,0.0,0.0,0.0,0.0,0.0,,18.12,6.7,64.0,15.3,6.7,56.0,0.0,1015.3,964.0,24140.0,29.0,0.161,29.4,10192X0095/P21B
2385,193,2022-07-13,4.811397298,43.539904887,3.0,32.4,20.8,27.8,18.0,2022-07-13T03:00,2022-07-13T15:23,44558.31,42389.53,8.95,8.95,0.0,0.0,0.0,0.0,0.0,,23.93,8.81,60.0,13.2,8.81,45.0,0.0,1013.3,962.4,24140.0,32.7,0.16,29.6,10192X0095/P21B
2386,194,2022-07-14,4.811397298,43.539904887,51.0,31.2,22.6,28.8,20.5,2022-07-14T03:00,2022-07-14T15:23,44550.76,32670.82,8.95,8.95,0.6,0.0,0.0,0.6,2.0,,15.21,5.82,99.0,18.1,5.82,63.0,0.0,1012.4,961.4,24140.0,33.3,0.161,29.6,10192X0095/P21B
2387,195,2022-07-15,4.811397298,43.539904887,51.0,29.5,21.6,27.4,20.1,2022-07-15T03:00,2022-07-15T15:23,44542.96,37064.63,6.55,8.95,1.2,0.5,0.0,1.2,7.0,,19.44,5.36,94.0,18.9,5.36,71.0,0.0,1013.2,962.0,23515.0,32.2,0.161,29.5,10192X0095/P21B
2388,196,2022-07-16,4.811397298,43.539904887,3.0,28.3,20.1,24.2,18.4,2022-07-16T03:00,2022-07-16T15:23,44534.89,35113.2,9.0,9.0,0.0,0.0,0.0,0.0,0.0,,18.24,5.94,92.0,16.1,5.94,62.0,0.0,1014.4,963.0,24140.0,32.1,0.161,29.3,10192X0095/P21B
2389,197,2022-07-17,4.811397298,43.539904887,3.0,29.3,20.8,24.4,19.0,2022-07-17T03:01,2022-07-17T15:23,44526.57,36277.92,8.45,9.0,0.0,0.0,0.0,0.0,0.0,,18.33,6.72,61.0,15.5,6.72,57.0,0.0,1014.2,962.9,24140.0,34.2,0.16,29.3,10192X0095/P21B
2390,198,2022-07-18,4.811397298,43.539904887,3.0,30.8,20.3,27.0,17.6,2022-07-18T03:01,2022-07-18T15:23,44518.01,25592.82,8.4,9.0,0.0,0.0,0.0,0.0,0.0,,18.12,6.59,68.0,15.7,6.59,59.0,0.0,1014.0,962.7,24140.0,33.1,0.16,29.2,10192X0095/P21B
2391,199,2022-07-19,4.811397298,43.539904887,3.0,30.1,20.6,25.4,17.7,2022-07-19T03:01,2022-07-19T15:23,44509.23,29196.84,8.65,9.0,0.0,0.0,0.0,0.0,0.0,,17.09,7.42,82.0,13.8,7.42,51.0,0.0,1014.1,962.9,24140.0,34.6,0.16,29.2,10192X0095/P21B
2392,200,2022-07-20,4.811397298,43.539904887,3.0,31.1,20.4,26.4,17.7,2022-07-20T03:01,2022-07-20T15:23,44500.22,31308.38,8.6,9.0,0.0,0.0,0.0,0.0,0.0,,20.29,7.99,75.0,13.2,7.99,49.0,0.0,1013.8,962.6,24140.0,33.2,0.159,29.3,10192X0095/P21B
2393,201,2022-07-21,4.811397298,43.539904887,3.0,31.3,20.5,26.8,17.1,2022-07-21T03:01,2022-07-21T15:23,44491.01,35329.1,8.95,9.05,0.0,0.0,0.0,0.0,0.0,,22.59,8.38,34.0,13.3,8.38,47.0,0.0,1013.0,961.9,24140.0,33.0,0.159,29.4,10192X0095/P21B
2394,202,2022-07-22,4.811397298,43.539904887,51.0,30.7,20.7,27.8,19.0,2022-07-22T03:01,2022-07-22T15:23,44481.57,25776.51,6.0,9.05,0.2,0.0,0.0,0.2,2.0,,18.51,6.57,69.0,16.4,6.57,59.0,0.0,1013.7,962.5,24140.0,32.3,0.16,29.4,10192X0095/P21B
2395,203,2022-07-23,4.811397298,43.539904887,51.0,32.4,20.9,28.0,19.0,2022-07-23T03:01,2022-07-23T15:23,44471.84,38781.17,9.05,9.05,0.4,0.0,0.0,0.4,1.0,,23.22,8.53,51.0,13.8,8.53,49.0,0.0,1012.9,961.9,24140.0,32.3,0.16,29.5,10192X0095/P21B
2396,204,2022-07-24,4.811397298,43.539904887,3.0,31.7,20.6,27.4,18.7,2022-07-24T03:01,2022-07-24T15:22,44461.81,36957.74,9.05,9.1,0.0,0.0,0.0,0.0,0.0,,21.72,8.01,70.0,14.0,8.01,50.0,0.0,1012.3,961.3,24140.0,33.0,0.16,29.6,10192X0095/P21B
2397,205,2022-07-25,4.811397298,43.539904887,3.0,31.5,20.4,27.6,17.6,2022-07-25T03:02,2022-07-25T15:22,44451.49,42865.05,8.9,9.1,0.0,0.0,0.0,0.0,0.0,,23.96,8.52,27.0,13.0,8.52,46.0,0.0,1013.0,961.9,24140.0,31.0,0.16,29.6,10192X0095/P21B
2398,206,2022-07-26,4.811397298,43.539904887,3.0,31.6,20.0,27.1,17.1,2022-07-26T03:02,2022-07-26T15:22,44440.9,42860.93,9.1,9.1,0.0,0.0,0.0,0.0,0.0,,24.54,8.7,54.0,13.4,8.7,48.0,0.0,1012.5,961.5,24140.0,33.6,0.16,29.7,10192X0095/P21B
2399,207,2022-07-27,4.811397298,43.539904887,3.0,32.4,20.4,27.6,18.5,2022-07-27T03:02,2022-07-27T15:22,44430.05,42612.27,9.1,9.1,0.0,0.0,0.0,0.0,0.0,,24.45,8.72,61.0,12.8,8.72,46.0,0.0,1011.7,960.8,24140.0,30.8,0.16,29.8,10192X0095/P21B
2400,208,2022-07-28,4.811397298,43.539904887,3.0,32.9,20.4,29.4,18.0,2022-07-28T03:02,2022-07-28T15:22,44418.95,30708.57,9.15,9.15,0.0,0.0,0.0,0.0,0.0,,20.78,8.01,68.0,13.5,8.01,47.0,0.0,1012.1,961.2,24140.0,28.9,0.16,29.9,10192X0095/P21B
2401,209,2022-07-29,4.811397298,43.539904887,3.0,33.3,21.2,30.1,18.4,2022-07-29T03:02,2022-07-29T15:22,44407.62,40447.56,9.15,9.15,0.0,0.0,0.0,0.0,0.0,,23.8,9.12,54.0,12.4,9.12,42.0,0.0,1012.6,961.8,24140.0,29.6,0.16,30.0,10192X0095/P21B
2402,210,2022-07-30,4.811397298,43.539904887,3.0,32.4,20.7,29.3,18.1,2022-07-30T03:02,2022-07-30T15:22,44396.08,37538.92,8.55,9.2,0.0,0.0,0.0,0.0,0.0,,22.56,8.43,71.0,14.1,8.43,48.0,0.0,1012.8,961.9,24140.0,30.5,0.16,30.1,10192X0095/P21B
2403,211,2022-07-31,4.811397298,43.539904887,3.0,31.7,21.3,28.5,20.0,2022-07-31T03:02,2022-07-31T15:22,44384.33,32634.35,9.0,9.2,0.0,0.0,0.0,0.0,0.0,,21.06,7.75,46.0,14.8,7.75,51.0,0.0,1012.8,961.8,24140.0,30.0,0.16,30.1,10192X0095/P21B
2404,212,2022-08-01,4.811397298,43.539904887,3.0,30.5,21.2,26.2,19.4,2022-08-01T03:02,2022-08-01T15:22,44372.38,32115.33,4.6,9.2,0.0,0.0,0.0,0.0,0.0,,17.28,7.52,60.0,14.8,7.52,50.0,0.0,1013.0,962.1,24140.0,31.8,0.16,29.9,10192X0095/P21B
2405,213,2022-08-02,4.811397298,43.539904887,3.0,31.7,21.5,28.0,19.1,2022-08-02T03:02,2022-08-02T15:21,44360.26,31782.25,9.25,9.25,0.0,0.0,0.0,0.0,0.0,,22.24,8.74,36.0,13.8,8.74,47.0,0.0,1013.3,962.4,24140.0,34.3,0.159,30.0,10192X0095/P21B
2406,214,2022-08-03,4.811397298,43.539904887,3.0,31.9,21.5,28.3,19.7,2022-08-03T03:02,2022-08-03T15:21,44347.97,34132.78,9.2,9.2,0.0,0.0,0.0,0.0,0.0,,21.18,8.01,55.0,14.8,8.01,51.0,0.0,1013.0,962.0,24140.0,31.6,0.159,30.0,10192X0095/P21B
2407,215,2022-08-04,4.811397298,43.539904887,3.0,29.1,21.6,25.2,20.5,2022-08-04T03:02,2022-08-04T15:21,44335.53,11016.47,8.0,9.25,0.0,0.0,0.0,0.0,0.0,,11.65,5.89,88.0,15.7,5.89,56.0,0.0,1013.8,962.7,24140.0,31.3,0.159,29.8,10192X0095/P21B
2408,216,2022-08-05,4.811397298,43.539904887,3.0,31.2,20.8,27.9,18.4,2022-08-05T03:02,2022-08-05T15:21,44322.94,37574.6,9.25,9.25,0.0,0.0,0.0,0.0,0.0,,22.77,8.64,51.0,13.7,8.64,47.0,0.0,1013.3,962.3,24140.0,33.3,0.159,29.9,10192X0095/P21B
2409,217,2022-08-06,4.811397298,43.539904887,3.0,31.8,21.5,28.8,19.1,2022-08-06T03:02,2022-08-06T15:21,44310.22,39982.0,9.3,9.3,0.0,0.0,0.0,0.0,0.0,,21.57,8.51,37.0,13.2,8.51,45.0,0.0,1012.1,961.2,24140.0,31.2,0.159,30.0,10192X0095/P21B
2410,218,2022-08-07,4.811397298,43.539904887,3.0,34.7,19.7,30.4,17.3,2022-08-07T03:02,2022-08-07T15:20,44297.39,39992.39,9.2,9.3,0.0,0.0,0.0,0.0,0.0,,23.38,8.66,41.0,13.6,8.66,49.0,0.0,1011.7,960.7,24140.0,34.7,0.159,30.0,10192X0095/P21B
2411,219,2022-08-08,4.811397298,43.539904887,3.0,31.4,20.7,28.4,17.8,2022-08-08T03:02,2022-08-08T15:20,44284.45,30821.96,9.35,9.35,0.0,0.0,0.0,0.0,0.0,,20.7,8.21,39.0,13.2,8.21,46.0,0.0,1012.5,961.5,24140.0,31.3,0.159,30.0,10192X0095/P21B
2412,220,2022-08-09,4.811397298,43.539904887,3.0,31.9,20.4,28.6,17.9,2022-08-09T03:02,2022-08-09T15:20,44271.42,32155.15,8.9,9.35,0.0,0.0,0.0,0.0,0.0,,21.98,8.38,72.0,14.0,8.38,48.0,0.0,1012.3,961.3,24140.0,32.3,0.159,30.0,10192X0095/P21B
2413,221,2022-08-10,4.811397298,43.539904887,51.0,30.1,21.8,26.9,19.9,2022-08-10T03:02,2022-08-10T15:20,44258.3,32217.15,8.85,9.3,0.4,0.1,0.0,0.4,2.0,,16.98,6.45,88.0,16.2,6.45,57.0,0.0,1012.6,961.5,23655.84,29.7,0.159,30.0,10192X0095/P21B
2414,222,2022-08-11,4.811397298,43.539904887,51.0,28.5,21.5,25.4,19.9,2022-08-11T03:02,2022-08-11T15:19,44245.08,16454.18,8.0,9.35,0.8,0.0,0.0,0.8,4.0,,12.93,5.13,79.0,17.0,5.13,63.0,0.0,1013.1,961.8,24140.0,30.6,0.16,29.7,10192X0095/P21B
2415,223,2022-08-12,4.811397298,43.539904887,3.0,30.4,20.1,26.6,17.7,2022-08-12T03:02,2022-08-12T15:19,44231.69,33101.69,9.15,9.35,0.0,0.0,0.0,0.0,0.0,,20.29,7.79,73.0,14.3,7.79,50.0,0.0,1012.6,961.5,24140.0,33.6,0.16,29.6,10192X0095/P21B
2416,224,2022-08-13,4.811397298,43.539904887,3.0,30.1,22.1,26.4,20.0,2022-08-13T03:02,2022-08-13T15:19,44218.09,31799.91,9.3,9.35,0.0,0.0,0.0,0.0,0.0,,17.98,7.43,91.0,14.9,7.43,50.0,0.0,1011.8,960.9,24140.0,32.0,0.16,29.7,10192X0095/P21B
2417,225,2022-08-14,4.811397298,43.539904887,3.0,32.4,21.3,30.2,19.6,2022-08-14T03:02,2022-08-14T15:19,44204.31,28455.25,9.35,9.35,0.0,0.0,0.0,0.0,0.0,,19.7,7.43,93.0,15.8,7.43,53.0,0.0,1011.4,960.5,24140.0,29.5,0.16,29.8,10192X0095/P21B
2418,226,2022-08-15,4.811397298,43.539904887,51.0,31.7,22.6,29.2,22.4,2022-08-15T03:02,2022-08-15T15:18,44190.36,42013.95,8.7,9.35,0.1,0.0,0.0,0.1,1.0,,18.77,6.96,83.0,16.6,6.96,53.0,0.0,1011.3,960.6,24140.0,26.5,0.16,30.0,10192X0095/P21B
2419,227,2022-08-16,4.811397298,43.539904887,3.0,32.8,21.5,30.9,20.3,2022-08-16T03:02,2022-08-16T15:18,44176.26,40190.77,9.4,9.4,0.0,0.0,0.0,0.0,0.0,,20.97,7.9,63.0,15.5,7.9,50.0,0.0,1011.2,960.5,24140.0,28.5,0.16,30.0,10192X0095/P21B
2420,228,2022-08-17,4.811397298,43.539904887,51.0,31.2,21.1,28.2,19.6,2022-08-17T03:02,2022-08-17T15:18,44162.0,32071.74,9.4,9.4,0.3,0.0,0.0,0.3,1.0,,18.72,7.25,89.0,16.0,7.25,54.0,0.0,1011.8,960.9,24140.0,30.9,0.16,30.0,10192X0095/P21B
2421,229,2022-08-18,4.811397298,43.539904887,61.0,33.1,21.6,30.1,20.6,2022-08-18T03:01,2022-08-18T15:17,44147.62,42878.26,9.45,9.45,1.8,0.0,0.0,1.8,2.0,,25.6,8.69,27.0,14.5,8.69,49.0,0.0,1011.6,960.9,24140.0,28.8,0.159,30.2,10192X0095/P21B
2422,230,2022-08-19,4.811397298,43.539904887,3.0,33.4,20.9,31.5,20.0,2022-08-19T03:01,2022-08-19T15:17,44133.12,41057.88,9.45,9.45,0.0,0.0,0.0,0.0,0.0,,24.74,8.2,85.0,15.2,8.2,51.0,0.0,1011.9,961.1,24140.0,26.5,0.158,30.3,10192X0095/P21B
2423,231,2022-08-20,4.811397298,43.539904887,3.0,33.8,21.0,31.4,21.4,2022-08-20T03:01,2022-08-20T15:17,44118.51,42892.68,9.45,9.45,0.0,0.0,0.0,0.0,0.0,,24.81,8.21,76.0,15.5,8.21,51.0,0.0,1012.1,961.4,24140.0,25.9,0.158,30.5,10192X0095/P21B
2424,232,2022-08-21,4.811397298,43.539904887,3.0,34.0,21.1,30.7,20.7,2022-08-21T03:01,2022-08-21T15:16,44103.81,42900.52,9.25,9.5,0.0,0.0,0.0,0.0,0.0,,22.27,7.92,50.0,15.3,7.92,51.0,0.0,1012.1,961.3,24140.0,27.4,0.158,30.5,10192X0095/P21B
2425,233,2022-08-22,4.811397298,43.539904887,3.0,32.3,20.4,28.5,18.1,2022-08-22T03:01,2022-08-22T15:16,44089.03,42908.72,9.5,9.5,0.0,0.0,0.0,0.0,0.0,,25.7,8.53,21.0,13.5,8.53,48.0,0.0,1012.5,961.6,24140.0,30.6,0.158,30.5,10192X0095/P21B
2426,234,2022-08-23,4.811397298,43.539904887,3.0,33.7,20.9,29.3,18.8,2022-08-23T03:01,2022-08-23T15:15,44074.17,40944.0,9.3,9.5,0.0,0.0,0.0,0.0,0.0,,24.29,9.19,41.0,13.7,9.19,47.0,0.0,1012.8,961.9,24140.0,35.6,0.158,30.5,10192X0095/P21B
2427,235,2022-08-24,4.811397298,43.539904887,53.0,29.7,22.1,26.5,19.0,2022-08-24T03:01,2022-08-24T15:15,44059.26,37343.02,8.4,9.5,0.5,0.0,0.0,0.5,1.0,,19.38,6.92,65.0,16.1,6.92,57.0,0.0,1014.3,963.1,24140.0,33.5,0.158,30.3,10192X0095/P21B
2428,236,2022-08-25,4.811397298,43.539904887,3.0,30.6,21.7,27.3,20.3,2022-08-25T03:00,2022-08-25T15:15,44044.29,32553.22,9.4,9.5,0.0,0.0,0.0,0.0,0.0,,18.93,7.12,66.0,15.7,7.12,55.0,0.0,1013.0,961.9,24140.0,31.2,0.158,30.2,10192X0095/P21B
2429,237,2022-08-26,4.811397298,43.539904887,3.0,30.7,20.9,27.0,19.0,2022-08-26T03:00,2022-08-26T15:14,44029.29,30928.93,8.7,9.5,0.0,0.0,0.0,0.0,0.0,,18.74,7.46,63.0,14.4,7.46,51.0,0.0,1012.1,961.1,24140.0,30.7,0.158,30.2,10192X0095/P21B
2430,238,2022-08-27,4.811397298,43.539904887,3.0,32.2,21.2,30.2,19.3,2022-08-27T03:00,2022-08-27T15:14,44014.26,34086.04,9.0,9.55,0.0,0.0,0.0,0.0,0.0,,21.59,7.78,27.0,14.5,7.78,50.0,0.0,1012.3,961.4,24140.0,27.5,0.158,30.2,10192X0095/P21B
2431,239,2022-08-28,4.811397298,43.539904887,3.0,32.6,20.8,30.6,19.3,2022-08-28T03:00,2022-08-28T15:13,43999.22,34669.38,9.55,9.55,0.0,0.0,0.0,0.0,0.0,,23.07,8.28,30.0,13.4,8.28,46.0,0.0,1011.8,961.0,24140.0,27.0,0.158,30.3,10192X0095/P21B
2432,240,2022-08-29,4.811397298,43.539904887,3.0,32.8,20.5,31.2,18.8,2022-08-29T03:00,2022-08-29T15:13,43984.17,28574.14,9.55,9.55,0.0,0.0,0.0,0.0,0.0,,20.78,7.59,36.0,14.4,7.59,48.0,0.0,1012.1,961.3,24140.0,26.1,0.158,30.3,10192X0095/P21B
2433,241,2022-08-30,4.811397298,43.539904887,3.0,33.5,20.7,31.5,19.2,2022-08-30T03:00,2022-08-30T15:13,43969.12,42984.25,9.55,9.6,0.0,0.0,0.0,0.0,0.0,,24.99,8.53,29.0,14.9,8.53,49.0,0.0,1011.7,961.0,24140.0,28.1,0.158,30.4,10192X0095/P21B
2434,242,2022-08-31,4.811397298,43.539904887,3.0,32.0,21.2,28.9,19.6,2022-08-31T03:00,2022-08-31T15:12,43954.08,42994.48,9.6,9.6,0.0,0.0,0.0,0.0,0.0,,23.07,8.23,39.0,14.5,8.23,49.0,0.0,1012.4,961.5,24140.0,30.1,0.158,30.4,10192X0095/P21B
2435,243,2022-09-01,4.811397298,43.539904887,3.0,32.3,21.3,27.6,18.9,2022-09-01T02:59,2022-09-01T15:12,43938.92,43005.11,9.55,9.55,0.0,0.0,0.0,0.0,0.0,,26.25,9.26,71.0,11.8,9.26,42.0,0.0,1012.3,961.4,24140.0,30.2,0.158,30.5,10192X0095/P21B
2436,244,2022-09-02,4.811397298,43.539904887,3.0,32.8,20.9,29.6,18.1,2022-09-02T02:59,2022-09-02T15:11,43923.65,33411.11,9.55,9.55,0.0,0.0,0.0,0.0,0.0,,23.96,9.03,83.0,13.4,9.03,44.0,0.0,1012.4,961.6,24140.0,30.6,0.158,30.5,10192X0095/P21B
2437,245,2022-09-03,4.811397298,43.539904887,3.0,30.7,22.5,26.7,19.8,2022-09-03T02:59,2022-09-03T15:11,43908.28,23809.16,9.55,9.55,0.0,0.0,0.0,0.0,0.0,,17.35,7.63,99.0,14.2,7.63,46.0,0.0,1013.8,962.9,24140.0,29.9,0.158,30.5,10192X0095/P21B
2438,246,2022-09-04,4.811397298,43.539904887,3.0,34.0,21.6,32.0,18.7,2022-09-04T02:59,2022-09-04T15:10,43892.82,35913.75,9.5,9.55,0.0,0.0,0.0,0.0,0.0,,24.37,9.01,49.0,14.1,9.01,45.0,0.0,1013.3,962.5,24140.0,30.3,0.158,30.6,10192X0095/P21B
2439,247,2022-09-05,4.811397298,43.539904887,3.0,32.4,21.2,30.3,19.7,2022-09-05T02:59,2022-09-05T15:10,43877.28,34404.21,9.55,9.55,0.0,0.0,0.0,0.0,0.0,,22.09,8.0,34.0,14.9,8.0,48.0,0.0,1013.1,962.2,24140.0,27.5,0.158,30.7,10192X0095/P21B
2440,248,2022-09-06,4.811397298,43.539904887,3.0,33.7,21.0,30.3,19.1,2022-09-06T02:58,2022-09-06T15:09,43861.66,39669.71,8.6,9.5,0.0,0.0,0.0,0.0,0.0,,22.0,8.37,49.0,14.8,8.37,49.0,0.0,1012.3,961.5,24140.0,30.8,0.158,30.7,10192X0095/P21B
2441,249,2022-09-07,4.811397298,43.539904887,3.0,32.9,21.0,30.2,18.9,2022-09-07T02:58,2022-09-07T15:09,43845.99,36021.65,9.55,9.55,0.0,0.0,0.0,0.0,0.0,,22.67,8.73,72.0,14.7,8.73,47.0,0.0,1012.2,961.4,24140.0,31.7,0.157,30.7,10192X0095/P21B
2442,250,2022-09-08,4.811397298,43.539904887,3.0,34.9,22.9,32.2,20.7,2022-09-08T02:58,2022-09-08T15:08,43830.28,39492.24,9.55,9.55,0.0,0.0,0.0,0.0,0.0,,24.72,9.82,36.0,13.0,9.82,41.0,0.0,1011.7,961.1,24140.0,31.1,0.157,30.8,10192X0095/P21B
2443,251,2022-09-09,4.811397298,43.539904887,3.0,34.3,21.3,31.9,19.0,2022-09-09T02:58,2022-09-09T15:08,43814.52,32966.6,9.5,9.55,0.0,0.0,0.0,0.0,0.0,,22.77,8.33,56.0,13.7,8.33,45.0,0.0,1012.1,961.3,24140.0,26.7,0.157,30.8,10192X0095/P21B
2444,252,2022-09-10,4.811397298,43.539904887,3.0,32.5,21.9,29.6,19.7,2022-09-10T02:57,2022-09-10T15:07,43798.74,27649.19,9.55,9.55,0.0,0.0,0.0,0.0,0.0,,16.6,7.11,81.0,14.8,7.11,49.0,0.0,1012.8,961.9,24140.0,27.2,0.157,30.7,10192X0095/P21B
2445,253,2022-09-11,4.811397298,43.539904887,3.0,33.6,22.0,32.1,21.5,2022-09-11T02:57,2022-09-11T15:07,43782.94,41012.17,5.6,9.55,0.0,0.0,0.0,0.0,0.0,,24.92,8.42,90.0,16.0,8.42,51.0,0.0,1012.2,961.5,24140.0,27.6,0.157,30.8,10192X0095/P21B
2446,254,2022-09-12,4.811397298,43.539904887,3.0,35.5,21.6,31.9,19.8,2022-09-12T02:57,2022-09-12T15:06,43767.14,43147.51,9.55,9.6,0.0,0.0,0.0,0.0,0.0,,25.97,9.28,44.0,13.9,9.28,44.0,0.0,1010.6,960.0,24140.0,28.4,0.157,31.0,10192X0095/P21B
2447,255,2022-09-13,4.811397298,43.539904887,3.0,35.4,21.7,33.9,19.8,2022-09-13T02:57,2022-09-13T15:06,43751.33,41226.98,9.55,9.6,0.0,0.0,0.0,0.0,0.0,,24.69,8.99,85.0,14.8,8.99,47.0,0.0,1011.2,960.6,24140.0,29.7,0.157,31.0,10192X0095/P21B
2448,256,2022-09-14,4.811397298,43.539904887,3.0,35.1,22.1,31.8,20.3,2022-09-14T02:57,2022-09-14T15:05,43735.55,38477.79,9.5,9.55,0.0,0.0,0.0,0.0,0.0,,22.73,9.28,68.0,13.8,9.28,44.0,0.0,1012.8,962.2,24140.0,30.8,0.157,31.1,10192X0095/P21B
2449,257,2022-09-15,4.811397298,43.539904887,51.0,32.5,22.3,30.4,21.1,2022-09-15T02:56,2022-09-15T15:05,43719.78,33173.63,9.05,9.5,0.2,0.0,0.0,0.2,2.0,,22.23,7.92,63.0,15.8,7.92,52.0,0.0,1014.3,963.3,24140.0,28.9,0.157,31.1,10192X0095/P21B
2450,258,2022-09-16,4.811397298,43.539904887,3.0,32.6,22.3,30.6,20.8,2022-09-16T02:56,2022-09-16T15:04,43704.05,35209.52,9.5,9.5,0.0,0.0,0.0,0.0,0.0,,21.63,7.55,38.0,15.7,7.55,54.0,0.0,1013.4,962.4,24140.0,27.6,0.157,31.1,10192X0095/P21B
2451,259,2022-09-17,4.811397298,43.539904887,1.0,34.5,21.1,32.2,20.8,2022-09-17T02:56,2022-09-17T15:04,43688.36,43200.0,9.55,9.55,0.0,0.0,0.0,0.0,0.0,,26.16,8.94,10.0,14.3,8.94,47.0,0.0,1011.5,960.8,24140.0,27.1,0.157,31.1,10192X0095/P21B
2452,260,2022-09-18,4.811397298,43.539904887,3.0,34.5,21.3,34.3,19.3,2022-09-18T02:56,2022-09-18T15:04,43672.73,40382.34,9.55,9.55,0.0,0.0,0.0,0.0,0.0,,24.82,8.75,13.0,14.3,8.75,45.0,0.0,1011.6,960.9,24140.0,25.8,0.157,31.2,10192X0095/P21B
2453,261,2022-09-19,4.811397298,43.539904887,3.0,34.5,22.3,32.9,21.1,2022-09-19T02:55,2022-09-19T15:03,43657.15,43200.0,9.55,9.55,0.0,0.1,0.0,0.0,0.0,,26.09,8.55,15.0,15.9,8.55,51.0,0.0,1012.2,961.6,24140.0,26.2,0.157,31.4,10192X0095/P21B
2454,262,2022-09-20,4.811397298,43.539904887,3.0,32.3,22.0,31.8,22.6,2022-09-20T02:55,2022-09-20T15:03,43641.62,43178.03,9.55,9.55,0.0,0.0,0.0,0.0,0.0,,24.69,7.72,87.0,16.6,7.72,53.0,0.0,1012.3,961.6,24140.0,23.0,0.157,31.4,10192X0095/P21B
2455,263,2022-09-21,4.811397298,43.539904887,2.0,34.3,22.4,34.3,22.4,2022-09-21T02:55,2022-09-21T15:02,43626.05,43149.88,9.55,9.55,0.0,0.0,0.0,0.0,0.0,,25.59,8.16,18.0,16.4,8.16,50.0,0.0,1010.7,960.2,24140.0,22.3,0.157,31.7,10192X0095/P21B
2456,264,2022-09-22,4.811397298,43.539904887,61.0,33.1,22.5,33.1,22.6,2022-09-22T02:55,2022-09-22T15:02,43610.41,40920.66,8.65,9.5,2.0,0.1,0.0,2.0,2.0,,22.76,6.74,61.0,18.2,6.74,62.0,0.0,1011.7,960.9,24140.0,24.7,0.158,31.6,10192X0095/P21B
2457,265,2022-09-23,4.811397298,43.539904887,51.0,33.3,21.9,32.6,21.8,2022-09-23T02:55,2022-09-23T15:01,43594.73,37684.22,9.55,9.55,0.2,0.0,0.0,0.2,2.0,,22.56,7.16,85.0,16.2,7.16,52.0,0.0,1012.1,961.4,24140.0,21.6,0.158,31.5,10192X0095/P21B
2458,266,2022-09-24,4.811397298,43.539904887,2.0,34.1,21.4,32.6,20.8,2022-09-24T02:54,2022-09-24T15:01,43578.99,43064.05,9.6,9.6,0.0,0.0,0.0,0.0,0.0,,26.38,8.25,5.0,14.1,8.25,46.0,0.0,1011.2,960.6,24140.0,21.9,0.157,31.7,10192X0095/P21B
2459,267,2022-09-25,4.811397298,43.539904887,53.0,28.4,22.1,27.8,21.0,2022-09-25T02:54,2022-09-25T15:00,43563.24,8562.69,6.85,9.55,0.6,0.0,0.0,0.6,2.0,,7.23,4.23,72.0,15.7,4.23,55.0,0.0,1012.0,961.0,24140.0,19.9,0.158,31.1,10192X0095/P21B
2460,268,2022-09-26,4.811397298,43.539904887,51.0,33.9,22.3,33.1,22.1,2022-09-26T02:54,2022-09-26T15:00,43547.47,43006.32,9.55,9.55,0.1,0.2,0.0,0.1,1.0,,24.84,7.99,46.0,16.5,7.99,51.0,0.0,1012.4,961.7,24140.0,23.0,0.157,31.3,10192X0095/P21B
2461,269,2022-09-27,4.811397298,43.539904887,2.0,33.6,22.4,33.2,22.9,2022-09-27T02:54,2022-09-27T14:59,43531.68,42977.49,9.4,9.55,0.0,0.1,0.0,0.0,0.0,,25.09,7.94,23.0,16.8,7.94,53.0,0.0,1012.3,961.7,24140.0,23.7,0.157,31.6,10192X0095/P21B
2462,270,2022-09-28,4.811397298,43.539904887,3.0,33.9,22.6,33.3,22.7,2022-09-28T02:53,2022-09-28T14:59,43515.9,42948.78,9.45,9.55,0.0,0.0,0.0,0.0,0.0,,24.73,7.83,34.0,16.9,7.83,53.0,0.0,1011.3,960.7,24140.0,24.0,0.157,31.7,10192X0095/P21B
2463,271,2022-09-29,4.811397298,43.539904887,3.0,31.7,21.8,29.6,21.1,2022-09-29T02:53,2022-09-29T14:58,43500.14,42920.24,9.5,9.5,0.0,0.0,0.0,0.0,0.0,,22.96,7.77,54.0,15.4,7.77,51.0,0.0,1011.8,961.0,24138.34,27.3,0.157,31.6,10192X0095/P21B
2464,272,2022-09-30,4.811397298,43.539904887,51.0,32.5,21.5,32.0,21.3,2022-09-30T02:53,2022-09-30T14:58,43484.39,42891.94,9.3,9.5,0.1,0.1,0.0,0.1,1.0,,23.35,7.16,27.0,16.0,7.16,52.0,0.0,1012.4,961.6,23720.84,21.7,0.157,31.6,10192X0095/P21B
2465,273,2022-10-01,4.811397298,43.539904887,1.0,34.1,21.6,33.7,20.6,2022-10-01T02:53,2022-10-01T14:57,43468.67,42863.94,9.5,9.5,0.0,0.0,0.0,0.0,0.0,,26.24,8.54,7.0,15.4,8.54,48.0,0.0,1012.5,961.9,24140.0,24.4,0.157,31.7,10192X0095/P21B
2466,274,2022-10-02,4.811397298,43.539904887,3.0,34.2,21.6,33.1,20.3,2022-10-02T02:53,2022-10-02T14:57,43453.0,42836.3,9.5,9.5,0.0,0.0,0.0,0.0,0.0,,26.06,8.23,42.0,14.8,8.23,47.0,0.0,1011.4,960.8,24140.0,23.9,0.157,31.8,10192X0095/P21B
2467,275,2022-10-03,4.811397298,43.539904887,3.0,34.2,21.2,32.2,19.9,2022-10-03T02:52,2022-10-03T14:56,43437.39,40313.0,9.5,9.5,0.0,0.0,0.0,0.0,0.0,,24.46,8.09,43.0,14.4,8.09,47.0,0.0,1011.1,960.5,24140.0,25.0,0.157,31.7,10192X0095/P21B
2468,276,2022-10-04,4.811397298,43.539904887,3.0,33.2,21.1,34.1,20.6,2022-10-04T02:52,2022-10-04T14:56,43421.84,42782.4,8.4,9.5,0.0,0.0,0.0,0.0,0.0,,26.01,7.48,31.0,15.2,7.48,49.0,0.0,1011.8,961.2,24140.0,19.3,0.157,31.9,10192X0095/P21B
2469,277,2022-10-05,4.811397298,43.539904887,51.0,33.7,22.6,34.3,22.8,2022-10-05T02:52,2022-10-05T14:56,43406.37,40288.4,9.1,9.45,0.1,0.4,0.0,0.1,1.0,,23.46,7.17,26.0,16.9,7.17,54.0,0.0,1012.6,961.8,24140.0,19.9,0.157,32.0,10192X0095/P21B
2470,278,2022-10-06,4.811397298,43.539904887,51.0,32.8,22.1,33.2,22.8,2022-10-06T02:52,2022-10-06T14:55,43390.98,40778.02,9.35,9.45,0.5,0.7,0.0,0.5,4.0,,21.83,6.02,76.0,17.7,6.02,59.0,0.0,1012.7,961.8,23545.84,16.7,0.16,31.8,10192X0095/P21B
2471,279,2022-10-07,4.811397298,43.539904887,51.0,30.6,22.2,30.0,23.2,2022-10-07T02:52,2022-10-07T14:55,43375.68,29985.1,8.6,9.4,0.1,0.6,0.0,0.1,1.0,,17.03,5.39,66.0,18.0,5.39,61.0,0.0,1011.9,961.0,23563.34,19.8,0.159,31.4,10192X0095/P21B
2472,280,2022-10-08,4.811397298,43.539904887,3.0,31.6,21.6,30.6,21.4,2022-10-08T02:52,2022-10-08T14:54,43360.49,23714.96,7.95,9.4,0.0,0.0,0.0,0.0,0.0,,17.01,6.01,63.0,16.4,6.01,54.0,0.0,1012.3,961.4,24140.0,20.8,0.158,31.3,10192X0095/P21B
2473,281,2022-10-09,4.811397298,43.539904887,3.0,32.7,21.9,32.1,22.1,2022-10-09T02:51,2022-10-09T14:54,43345.42,42658.55,9.45,9.45,0.0,0.3,0.0,0.0,0.0,,24.05,7.36,19.0,16.5,7.36,54.0,0.0,1012.8,962.0,23440.84,23.0,0.158,31.4,10192X0095/P21B
2474,282,2022-10-10,4.811397298,43.539904887,1.0,33.3,21.6,33.1,21.7,2022-10-10T02:51,2022-10-10T14:54,43330.46,42636.01,9.45,9.45,0.0,0.0,0.0,0.0,0.0,,24.56,7.55,13.0,15.9,7.55,51.0,0.0,1013.6,962.8,24140.0,22.2,0.159,31.6,10192X0095/P21B
2475,283,2022-10-11,4.811397298,43.539904887,2.0,32.7,21.7,31.7,21.0,2022-10-11T02:51,2022-10-11T14:53,43315.49,42613.69,9.4,9.4,0.0,0.0,0.0,0.0,0.0,,24.66,7.65,24.0,16.3,7.65,52.0,0.0,1013.3,962.5,24140.0,23.6,0.159,31.6,10192X0095/P21B
2476,284,2022-10-12,4.811397298,43.539904887,2.0,32.4,21.8,31.9,21.1,2022-10-12T02:51,2022-10-12T14:53,43300.51,42591.59,9.05,9.4,0.0,0.0,0.0,0.0,0.0,,23.51,7.28,21.0,15.9,7.28,51.0,0.0,1013.0,962.2,23986.67,21.6,0.159,31.6,10192X0095/P21B
2477,285,2022-10-13,4.811397298,43.539904887,51.0,31.8,21.8,32.3,21.4,2022-10-13T02:51,2022-10-13T14:52,43285.52,42569.75,8.55,9.35,0.7,0.2,0.0,0.7,4.0,,22.64,6.85,26.0,16.8,6.85,55.0,0.0,1012.5,961.6,24133.34,21.2,0.159,31.6,10192X0095/P21B
2478,286,2022-10-14,4.811397298,43.539904887,51.0,32.2,21.6,33.2,22.0,2022-10-14T02:51,2022-10-14T14:52,43270.54,36000.0,9.25,9.35,0.1,0.0,0.0,0.1,1.0,,22.56,6.1,33.0,17.7,6.1,61.0,0.0,1012.1,961.2,24140.0,18.0,0.159,31.5,10192X0095/P21B
2479,287,2022-10-15,4.811397298,43.539904887,51.0,31.7,21.3,33.6,22.0,2022-10-15T02:51,2022-10-15T14:52,43255.58,42527.06,8.45,9.25,0.3,0.3,0.0,0.3,2.0,,23.85,6.18,27.0,17.4,6.18,57.0,0.0,1011.4,960.6,24048.34,14.9,0.159,31.5,10192X0095/P21B
2480,288,2022-10-16,4.811397298,43.539904887,51.0,32.5,21.8,34.8,23.2,2022-10-16T02:51,2022-10-16T14:51,43240.65,42506.32,7.85,9.25,0.2,3.2,0.0,0.2,2.0,,23.82,6.17,33.0,18.0,6.17,59.0,0.0,1012.3,961.5,22923.34,14.6,0.159,31.6,10192X0095/P21B
2481,289,2022-10-17,4.811397298,43.539904887,51.0,31.6,21.9,33.5,23.0,2022-10-17T02:51,2022-10-17T14:51,43225.76,32922.37,7.2,9.25,0.5,3.7,0.0,0.5,3.0,,19.39,4.74,85.0,19.2,4.74,69.0,0.0,1014.1,963.0,22905.84,13.5,0.16,31.4,10192X0095/P21B
2482,290,2022-10-18,4.811397298,43.539904887,53.0,29.1,21.6,31.2,23.7,2022-10-18T02:51,2022-10-18T14:51,43210.94,17765.67,7.25,9.25,1.5,9.3,0.0,1.5,8.0,,14.04,3.03,92.0,20.3,3.03,81.0,0.0,1015.0,963.5,21927.5,10.7,0.172,30.6,10192X0095/P21B
2483,291,2022-10-19,4.811397298,43.539904887,51.0,27.6,21.0,30.1,22.9,2022-10-19T02:50,2022-10-19T14:50,43196.17,41611.1,9.25,9.25,0.4,0.0,0.0,0.4,2.0,,19.07,3.96,59.0,20.2,3.96,79.0,0.0,1014.0,962.6,24140.0,13.2,0.174,30.1,10192X0095/P21B
2484,292,2022-10-20,4.811397298,43.539904887,51.0,29.2,20.6,30.9,22.7,2022-10-20T02:50,2022-10-20T14:50,43181.49,42428.52,9.25,9.25,0.2,0.0,0.0,0.2,2.0,,24.22,5.03,61.0,19.5,5.03,73.0,0.0,1013.0,961.7,24140.0,13.3,0.17,29.8,10192X0095/P21B
2485,293,2022-10-21,4.811397298,43.539904887,51.0,29.6,20.9,31.6,23.0,2022-10-21T02:50,2022-10-21T14:50,43166.9,42410.62,8.7,9.2,0.6,2.4,0.0,0.6,3.0,,21.19,4.73,44.0,19.6,4.73,73.0,0.0,1013.5,962.2,22845.84,13.9,0.166,29.6,10192X0095/P21B
2486,294,2022-10-22,4.811397298,43.539904887,55.0,28.4,21.2,32.0,23.4,2022-10-22T02:50,2022-10-22T14:50,43152.42,38859.53,8.6,9.1,2.9,1.3,0.0,2.9,10.0,,17.87,3.68,45.0,20.2,3.68,79.0,0.0,1014.9,963.4,22506.67,8.1,0.166,29.6,10192X0095/P21B
2487,295,2022-10-23,4.811397298,43.539904887,61.0,29.3,21.6,33.4,23.7,2022-10-23T02:50,2022-10-23T14:49,43138.05,41985.17,8.4,9.15,2.4,0.9,0.0,2.4,4.0,,21.64,4.53,27.0,20.2,4.53,76.0,0.0,1015.0,963.7,23845.84,8.9,0.166,29.6,10192X0095/P21B
2488,296,2022-10-24,4.811397298,43.539904887,55.0,31.0,21.4,36.1,23.0,2022-10-24T02:50,2022-10-24T14:49,43123.81,42233.9,9.1,9.15,1.5,2.1,0.0,1.5,4.0,,23.63,5.35,21.0,19.6,5.35,68.0,0.0,1012.8,961.8,23430.0,9.8,0.163,29.7,10192X0095/P21B
2489,297,2022-10-25,4.811397298,43.539904887,53.0,30.6,21.8,35.4,23.6,2022-10-25T02:50,2022-10-25T14:49,43109.71,41064.16,8.35,9.1,1.7,4.3,0.0,1.7,7.0,,21.07,4.75,45.0,19.9,4.75,71.0,0.0,1012.6,961.6,22371.67,7.9,0.162,29.9,10192X0095/P21B
2490,298,2022-10-26,4.811397298,43.539904887,63.0,31.1,22.5,35.4,24.9,2022-10-26T02:50,2022-10-26T14:49,43095.77,31877.54,8.75,9.1,6.2,0.8,0.0,6.2,9.0,,17.42,4.13,70.0,19.9,4.13,73.0,0.0,1012.8,961.7,22830.0,10.4,0.163,30.0,10192X0095/P21B
2491,299,2022-10-27,4.811397298,43.539904887,61.0,28.5,21.9,31.3,24.9,2022-10-27T02:50,2022-10-27T14:48,43081.99,36431.41,9.15,9.15,8.3,9.3,0.0,8.3,14.0,,16.31,3.34,69.0,20.6,3.34,79.0,0.0,1013.6,962.3,20818.33,6.5,0.167,29.7,10192X0095/P21B
2492,300,2022-10-28,4.811397298,43.539904887,61.0,27.6,21.4,30.7,24.1,2022-10-28T02:50,2022-10-28T14:48,43068.4,40061.53,9.1,9.1,3.7,2.5,0.0,3.7,7.0,,17.2,3.47,46.0,20.9,3.47,83.0,0.0,1012.7,961.4,20358.33,7.5,0.173,29.3,10192X0095/P21B
2493,301,2022-10-29,4.811397298,43.539904887,51.0,28.3,21.1,32.2,23.1,2022-10-29T02:50,2022-10-29T14:48,43055.0,39649.88,9.05,9.05,0.5,0.4,0.0,0.5,3.0,,19.71,4.06,60.0,20.4,4.06,79.0,0.0,1011.9,960.6,23714.17,9.8,0.173,29.1,10192X0095/P21B
2494,302,2022-10-30,4.811397298,43.539904887,53.0,28.4,21.2,31.6,23.6,2022-10-30T02:50,2022-10-30T14:48,43041.78,39600.0,9.0,9.0,0.6,3.0,0.0,0.6,1.0,,16.88,3.46,74.0,20.4,3.46,81.0,0.0,1012.7,961.3,23637.5,8.3,0.172,28.9,10192X0095/P21B
2495,303,2022-10-31,4.811397298,43.539904887,51.0,29.1,20.5,33.2,23.4,2022-10-31T02:50,2022-10-31T14:48,43028.63,42279.12,9.0,9.05,0.5,1.4,0.0,0.5,4.0,,23.87,4.91,7.0,20.2,4.91,77.0,0.0,1012.8,961.5,24097.5,8.7,0.17,29.0,10192X0095/P21B
2496,304,2022-11-01,4.811397298,43.539904887,51.0,29.5,21.0,34.0,23.0,2022-11-01T02:51,2022-11-01T14:48,43015.53,42084.44,8.05,8.95,0.2,0.5,0.0,0.2,2.0,,22.52,4.88,16.0,20.0,4.88,74.0,0.0,1013.6,962.4,24138.34,8.8,0.167,29.2,10192X0095/P21B
2497,305,2022-11-02,4.811397298,43.539904887,51.0,29.7,20.4,34.1,23.0,2022-11-02T02:51,2022-11-02T14:47,43002.51,42263.59,8.95,8.95,0.6,0.0,0.0,0.6,4.0,,23.06,4.92,18.0,18.9,4.92,69.0,0.0,1013.1,962.0,24140.0,8.0,0.166,29.4,10192X0095/P21B
2498,306,2022-11-03,4.811397298,43.539904887,51.0,30.2,20.8,34.4,23.1,2022-11-03T02:51,2022-11-03T14:47,42989.56,39855.47,8.65,8.9,0.4,0.0,0.0,0.4,4.0,,20.89,4.74,54.0,18.5,4.74,65.0,0.0,1012.6,961.6,24140.0,8.4,0.165,29.7,10192X0095/P21B
2499,307,2022-11-04,4.811397298,43.539904887,51.0,32.5,21.8,35.7,24.1,2022-11-04T02:51,2022-11-04T14:47,42976.72,42251.14,8.95,8.95,0.9,0.0,0.0,0.9,5.0,,23.39,5.35,24.0,18.6,5.35,62.0,0.0,1012.1,961.3,24140.0,7.6,0.166,30.2,10192X0095/P21B
2500,308,2022-11-05,4.811397298,43.539904887,3.0,33.4,22.3,34.9,24.9,2022-11-05T02:51,2022-11-05T14:47,42963.99,42246.1,8.9,8.9,0.0,0.0,0.0,0.0,0.0,,23.43,6.27,24.0,18.2,6.27,60.0,0.0,1012.6,961.8,24140.0,13.1,0.166,30.5,10192X0095/P21B
2501,309,2022-11-06,4.811397298,43.539904887,51.0,32.0,22.0,34.3,24.6,2022-11-06T02:51,2022-11-06T14:47,42951.37,42127.81,8.85,8.85,0.4,0.0,0.0,0.4,4.0,,20.73,5.45,58.0,18.5,5.45,61.0,0.0,1013.1,962.3,24140.0,11.2,0.166,30.7,10192X0095/P21B
2502,310,2022-11-07,4.811397298,43.539904887,51.0,31.7,21.8,34.5,23.8,2022-11-07T02:51,2022-11-07T14:47,42938.89,42238.46,8.8,8.85,0.6,0.7,0.0,0.6,6.0,,22.47,5.64,44.0,18.4,5.64,61.0,0.0,1013.1,962.3,23875.84,10.9,0.167,31.0,10192X0095/P21B
2503,311,2022-11-08,4.811397298,43.539904887,51.0,31.7,22.3,34.2,24.6,2022-11-08T02:51,2022-11-08T14:47,42926.56,41452.14,8.8,8.8,0.1,3.4,0.0,0.1,1.0,,19.58,4.69,38.0,18.3,4.69,60.0,0.0,1012.8,962.0,23095.84,8.1,0.167,31.2,10192X0095/P21B
2504,312,2022-11-09,4.811397298,43.539904887,51.0,31.9,22.5,34.4,24.5,2022-11-09T02:52,2022-11-09T14:47,42914.39,40410.92,8.7,8.85,0.3,0.0,0.0,0.3,3.0,,21.18,5.22,45.0,18.4,5.22,60.0,0.0,1012.1,961.3,24140.0,8.7,0.167,31.0,10192X0095/P21B
2505,313,2022-11-10,4.811397298,43.539904887,51.0,33.7,21.9,34.4,24.3,2022-11-10T02:52,2022-11-10T14:47,42902.4,41430.03,8.75,8.8,0.1,0.0,0.0,0.1,1.0,,23.78,6.72,87.0,17.4,6.72,56.0,0.0,1011.8,961.2,24140.0,15.1,0.165,31.0,10192X0095/P21B
2506,314,2022-11-11,4.811397298,43.539904887,3.0,32.6,21.8,32.7,23.1,2022-11-11T02:52,2022-11-11T14:47,42890.6,42233.31,8.75,8.75,0.0,0.0,0.0,0.0,0.0,,23.26,6.45,78.0,16.6,6.45,53.0,0.0,1012.8,962.0,24140.0,14.9,0.165,31.1,10192X0095/P21B
2507,315,2022-11-12,4.811397298,43.539904887,51.0,32.9,22.3,34.2,23.1,2022-11-12T02:52,2022-11-12T14:47,42879.01,42234.22,8.7,8.7,0.1,0.0,0.0,0.1,1.0,,23.0,6.51,41.0,16.8,6.51,53.0,0.0,1012.9,962.2,24140.0,14.0,0.165,31.3,10192X0095/P21B
2508,316,2022-11-13,4.811397298,43.539904887,1.0,33.1,22.4,34.2,23.8,2022-11-13T02:52,2022-11-13T14:47,42867.64,42236.03,8.1,8.7,0.0,2.8,0.0,0.0,0.0,,22.68,5.97,14.0,17.7,5.97,57.0,0.0,1012.8,962.0,23440.0,12.5,0.165,31.3,10192X0095/P21B
2509,317,2022-11-14,4.811397298,43.539904887,51.0,31.7,21.3,33.1,22.7,2022-11-14T02:53,2022-11-14T14:47,42856.51,42238.76,8.7,8.7,0.4,1.4,0.0,0.4,3.0,,22.23,5.88,13.0,17.6,5.88,59.0,0.0,1012.9,962.0,24013.34,13.9,0.166,31.1,10192X0095/P21B
2510,318,2022-11-15,4.811397298,43.539904887,51.0,32.2,21.8,32.4,23.1,2022-11-15T02:53,2022-11-15T14:47,42845.62,42242.42,8.7,8.7,0.2,0.6,0.0,0.2,2.0,,22.71,6.28,15.0,16.1,6.28,54.0,0.0,1012.2,961.4,24126.67,15.9,0.166,31.1,10192X0095/P21B
2511,319,2022-11-16,4.811397298,43.539904887,1.0,32.9,22.1,32.9,23.3,2022-11-16T02:53,2022-11-16T14:47,42834.99,42247.03,8.7,8.7,0.0,0.0,0.0,0.0,0.0,,23.01,6.61,8.0,15.5,6.61,51.0,0.0,1011.3,960.6,24140.0,15.7,0.166,31.2,10192X0095/P21B
2512,320,2022-11-17,4.811397298,43.539904887,1.0,32.9,22.2,33.8,22.5,2022-11-17T02:53,2022-11-17T14:47,42824.65,42252.6,8.65,8.65,0.0,0.0,0.0,0.0,0.0,,22.95,6.82,13.0,16.6,6.82,52.0,0.0,1011.4,960.8,24140.0,16.6,0.166,31.4,10192X0095/P21B
2513,321,2022-11-18,4.811397298,43.539904887,1.0,33.6,23.0,34.6,24.4,2022-11-18T02:54,2022-11-18T14:47,42814.61,42259.14,8.6,8.6,0.0,0.0,0.0,0.0,0.0,,22.91,6.51,10.0,17.2,6.51,52.0,0.0,1011.3,960.7,24140.0,14.7,0.166,31.6,10192X0095/P21B
2514,322,2022-11-19,4.811397298,43.539904887,3.0,33.1,22.0,33.1,24.5,2022-11-19T02:54,2022-11-19T14:47,42804.85,42266.71,8.65,8.65,0.0,0.0,0.0,0.0,0.0,,22.81,6.51,13.0,16.8,6.51,54.0,0.0,1011.8,961.1,24140.0,15.2,0.165,31.6,10192X0095/P21B
2515,323,2022-11-20,4.811397298,43.539904887,51.0,32.4,22.5,34.7,24.6,2022-11-20T02:54,2022-11-20T14:48,42795.28,42275.48,8.6,8.6,1.0,0.0,0.0,1.0,5.0,,21.64,5.63,42.0,18.5,5.63,61.0,0.0,1011.7,960.9,24140.0,12.8,0.165,31.7,10192X0095/P21B
2516,324,2022-11-21,4.811397298,43.539904887,51.0,31.1,23.3,31.7,24.8,2022-11-21T02:55,2022-11-21T14:48,42785.88,38413.02,7.4,8.55,0.4,2.0,0.0,0.4,3.0,,19.9,5.67,53.0,18.3,5.67,60.0,0.0,1011.6,960.8,21695.0,17.3,0.166,31.5,10192X0095/P21B
2517,325,2022-11-22,4.811397298,43.539904887,2.0,32.9,22.8,32.0,22.0,2022-11-22T02:55,2022-11-22T14:48,42776.67,42296.42,8.6,8.6,0.0,0.0,0.0,0.0,0.0,,23.95,7.66,18.0,13.5,7.66,44.0,0.0,1011.5,960.9,24140.0,18.9,0.165,31.5,10192X0095/P21B
2518,326,2022-11-23,4.811397298,43.539904887,0.0,32.6,21.4,31.6,21.1,2022-11-23T02:55,2022-11-23T14:48,42767.67,42308.5,8.55,8.55,0.0,0.0,0.0,0.0,0.0,,24.32,7.71,1.0,13.5,7.71,44.0,0.0,1012.5,961.7,24140.0,20.0,0.165,31.4,10192X0095/P21B
2519,327,2022-11-24,4.811397298,43.539904887,0.0,32.9,21.2,32.4,22.6,2022-11-24T02:56,2022-11-24T14:48,42758.86,42321.59,8.55,8.55,0.0,0.0,0.0,0.0,0.0,,24.08,7.21,3.0,14.2,7.21,47.0,0.0,1012.4,961.6,24140.0,16.4,0.166,31.5,10192X0095/P21B
2520,328,2022-11-25,4.811397298,43.539904887,3.0,33.0,21.7,34.4,22.8,2022-11-25T02:56,2022-11-25T14:49,42750.28,42330.41,8.55,8.55,0.0,0.1,0.0,0.0,0.0,,23.03,6.3,26.0,16.2,6.3,50.0,0.0,1011.8,961.2,24140.0,11.5,0.166,31.8,10192X0095/P21B
2521,329,2022-11-26,4.811397298,43.539904887,3.0,34.1,22.9,34.7,24.6,2022-11-26T02:56,2022-11-26T14:49,42741.93,42321.83,8.5,8.5,0.0,0.2,0.0,0.0,0.0,,22.65,6.55,26.0,16.6,6.55,51.0,0.0,1010.9,960.3,24140.0,12.9,0.166,32.0,10192X0095/P21B
2522,330,2022-11-27,4.811397298,43.539904887,51.0,32.6,22.3,32.7,24.1,2022-11-27T02:57,2022-11-27T14:49,42733.82,42313.49,8.5,8.5,0.2,0.0,0.0,0.2,1.0,,22.62,6.39,68.0,16.1,6.39,51.0,0.0,1009.5,959.0,23886.67,13.3,0.166,31.9,10192X0095/P21B
2523,331,2022-11-28,4.811397298,43.539904887,51.0,32.5,21.9,32.8,23.6,2022-11-28T02:57,2022-11-28T14:49,42725.97,42305.39,8.25,8.45,0.1,0.1,0.0,0.1,1.0,,22.1,6.52,37.0,16.1,6.52,52.0,0.0,1009.3,958.7,23501.67,16.0,0.166,31.8,10192X0095/P21B
2524,332,2022-11-29,4.811397298,43.539904887,1.0,33.0,22.7,31.6,22.3,2022-11-29T02:58,2022-11-29T14:50,42718.38,42297.54,8.45,8.45,0.0,0.0,0.0,0.0,0.0,,23.6,7.74,12.0,13.3,7.74,42.0,0.0,1009.5,958.9,24140.0,19.3,0.166,31.8,10192X0095/P21B
2525,333,2022-11-30,4.811397298,43.539904887,2.0,33.0,21.8,31.3,22.1,2022-11-30T02:58,2022-11-30T14:50,42711.08,41798.6,8.45,8.45,0.0,0.0,0.0,0.0,0.0,,24.2,7.81,17.0,12.8,7.81,43.0,0.0,1010.4,959.8,24140.0,19.2,0.166,31.8,10192X0095/P21B
2526,334,2022-12-01,4.811397298,43.539904887,2.0,33.0,21.5,31.6,20.0,2022-12-01T02:59,2022-12-01T14:50,42704.06,42282.65,8.4,8.4,0.0,0.0,0.0,0.0,0.0,,24.35,7.85,8.0,11.6,7.85,38.0,0.0,1010.7,960.1,24140.0,16.9,0.166,31.7,10192X0095/P21B
2527,335,2022-12-02,4.811397298,43.539904887,3.0,32.1,23.1,31.1,22.8,2022-12-02T02:59,2022-12-02T14:51,42697.35,38856.93,8.3,8.4,0.0,0.0,0.0,0.0,0.0,,22.06,7.02,46.0,16.3,7.02,51.0,0.0,1010.9,960.3,24136.67,20.4,0.166,31.8,10192X0095/P21B
2528,336,2022-12-03,4.811397298,43.539904887,2.0,33.5,23.2,30.1,23.0,2022-12-03T02:59,2022-12-03T14:51,42690.95,42268.95,8.4,8.4,0.0,0.1,0.0,0.0,0.0,,23.34,8.23,18.0,12.9,8.23,43.0,0.0,1010.3,959.8,23300.84,22.2,0.166,31.8,10192X0095/P21B
2529,337,2022-12-04,4.811397298,43.539904887,3.0,32.8,21.6,31.1,21.7,2022-12-04T03:00,2022-12-04T14:51,42684.87,42262.57,8.4,8.4,0.0,0.0,0.0,0.0,0.0,,24.0,7.64,23.0,11.4,7.64,40.0,0.0,1011.2,960.5,24140.0,17.2,0.166,31.7,10192X0095/P21B
2530,338,2022-12-05,4.811397298,43.539904887,3.0,32.5,21.6,31.3,21.0,2022-12-05T03:00,2022-12-05T14:52,42679.14,42256.53,8.35,8.35,0.0,0.0,0.0,0.0,0.0,,23.92,7.37,52.0,12.6,7.37,43.0,0.0,1012.2,961.4,24140.0,18.7,0.166,31.6,10192X0095/P21B
2531,339,2022-12-06,4.811397298,43.539904887,3.0,33.3,22.6,32.8,22.8,2022-12-06T03:01,2022-12-06T14:52,42673.75,42250.82,8.4,8.4,0.0,0.0,0.0,0.0,0.0,,22.33,6.96,53.0,15.2,6.96,48.0,0.0,1011.2,960.6,24140.0,17.1,0.166,31.7,10192X0095/P21B
2532,340,2022-12-07,4.811397298,43.539904887,3.0,33.6,23.0,33.6,23.8,2022-12-07T03:01,2022-12-07T14:52,42668.73,42245.48,8.35,8.35,0.0,0.0,0.0,0.0,0.0,,23.65,7.19,46.0,15.3,7.19,46.0,0.0,1010.6,960.1,24140.0,16.7,0.166,31.9,10192X0095/P21B
2533,341,2022-12-08,4.811397298,43.539904887,3.0,33.6,22.7,33.4,24.6,2022-12-08T03:02,2022-12-08T14:53,42664.08,42240.51,8.35,8.35,0.0,0.0,0.0,0.0,0.0,,22.58,7.32,36.0,15.0,7.32,45.0,0.0,1011.3,960.8,24140.0,16.9,0.165,32.0,10192X0095/P21B
2534,342,2022-12-09,4.811397298,43.539904887,3.0,33.3,22.6,33.0,24.5,2022-12-09T03:02,2022-12-09T14:53,42659.81,42236.1,8.35,8.35,0.0,0.0,0.0,0.0,0.0,,23.43,6.94,50.0,15.6,6.94,49.0,0.0,1011.3,960.7,24140.0,17.0,0.165,32.0,10192X0095/P21B
2535,343,2022-12-10,4.811397298,43.539904887,3.0,33.5,23.0,33.8,23.9,2022-12-10T03:03,2022-12-10T14:54,42655.85,42232.26,8.3,8.35,0.0,0.2,0.0,0.0,0.0,,23.13,7.01,56.0,13.7,7.01,43.0,0.0,1011.1,960.6,24140.0,13.1,0.165,32.1,10192X0095/P21B
2536,344,2022-12-11,4.811397298,43.539904887,2.0,32.9,21.5,31.9,22.0,2022-12-11T03:03,2022-12-11T14:54,42652.21,42228.72,8.35,8.35,0.0,0.0,0.0,0.0,0.0,,23.91,7.51,7.0,11.5,7.51,40.0,0.0,1011.9,961.2,24140.0,15.6,0.165,32.0,10192X0095/P21B
2537,345,2022-12-12,4.811397298,43.539904887,1.0,32.8,21.5,30.5,20.6,2022-12-12T03:04,2022-12-12T14:54,42648.89,42225.48,8.35,8.35,0.0,0.0,0.0,0.0,0.0,,24.18,8.34,3.0,10.1,8.34,37.0,0.0,1011.3,960.6,24140.0,22.0,0.165,31.8,10192X0095/P21B
2538,346,2022-12-13,4.811397298,43.539904887,0.0,32.7,21.8,29.9,19.8,2022-12-13T03:04,2022-12-13T14:55,42645.89,42222.53,8.3,8.3,0.0,0.0,0.0,0.0,0.0,,24.29,8.43,0.0,9.8,8.43,35.0,0.0,1011.6,960.9,24140.0,21.1,0.165,31.7,10192X0095/P21B
2539,347,2022-12-14,4.811397298,43.539904887,0.0,32.3,21.3,30.7,20.2,2022-12-14T03:05,2022-12-14T14:55,42643.2,42219.88,8.3,8.3,0.0,0.0,0.0,0.0,0.0,,24.08,7.53,0.0,11.3,7.53,39.0,0.0,1011.9,961.1,24140.0,17.7,0.165,31.6,10192X0095/P21B
2540,348,2022-12-15,4.811397298,43.539904887,0.0,32.6,21.5,30.8,19.9,2022-12-15T03:05,2022-12-15T14:56,42640.84,42217.54,8.3,8.3,0.0,0.0,0.0,0.0,0.0,,24.21,7.39,0.0,11.0,7.39,39.0,0.0,1010.7,959.9,24140.0,17.1,0.165,31.6,10192X0095/P21B
2541,349,2022-12-16,4.811397298,43.539904887,0.0,31.8,20.6,30.1,18.6,2022-12-16T03:06,2022-12-16T14:56,42638.81,42215.51,8.3,8.3,0.0,0.0,0.0,0.0,0.0,,24.21,7.11,0.0,11.8,7.11,42.0,0.0,1010.4,959.6,24140.0,16.6,0.165,31.5,10192X0095/P21B
2542,350,2022-12-17,4.811397298,43.539904887,3.0,32.0,21.2,31.0,19.0,2022-12-17T03:06,2022-12-17T14:57,42637.11,42213.78,8.3,8.3,0.0,0.0,0.0,0.0,0.0,,24.27,7.23,9.0,11.4,7.23,41.0,0.0,1010.3,959.5,24140.0,16.9,0.165,31.4,10192X0095/P21B
2543,351,2022-12-18,4.811397298,43.539904887,3.0,32.0,21.0,30.0,18.0,2022-12-18T03:07,2022-12-18T14:57,42635.73,42212.38,8.3,8.3,0.0,0.0,0.0,0.0,0.0,,24.36,8.57,43.0,9.0,8.57,34.0,0.0,1010.5,959.7,24140.0,22.2,0.165,31.3,10192X0095/P21B
2544,352,2022-12-19,4.811397298,43.539904887,2.0,32.3,21.7,29.3,17.2,2022-12-19T03:07,2022-12-19T14:58,42634.69,42211.28,8.3,8.3,0.0,0.0,0.0,0.0,0.0,,24.68,9.17,9.0,4.9,9.17,25.0,0.0,1009.9,959.3,24140.0,20.8,0.165,31.2,10192X0095/P21B
2545,353,2022-12-20,4.811397298,43.539904887,0.0,32.8,21.5,31.1,18.6,2022-12-20T03:08,2022-12-20T14:58,42633.99,42210.5,8.3,8.3,0.0,0.0,0.0,0.0,0.0,,24.18,8.11,0.0,11.5,8.11,38.0,0.0,1009.2,958.6,24140.0,20.4,0.165,31.2,10192X0095/P21B
2546,354,2022-12-21,4.811397298,43.539904887,3.0,32.4,22.6,31.9,22.2,2022-12-21T03:08,2022-12-21T14:59,42633.63,42210.04,8.25,8.3,0.0,0.0,0.0,0.0,0.0,,21.78,6.94,71.0,15.4,6.94,49.0,0.0,1010.4,959.8,24140.0,20.8,0.165,31.2,10192X0095/P21B
2547,355,2022-12-22,4.811397298,43.539904887,3.0,32.9,22.8,32.5,22.6,2022-12-22T03:09,2022-12-22T14:59,42633.6,42209.9,8.3,8.3,0.0,0.0,0.0,0.0,0.0,,22.93,7.33,26.0,15.0,7.33,46.0,0.0,1010.2,959.6,24140.0,19.4,0.165,31.4,10192X0095/P21B
2548,356,2022-12-23,4.811397298,43.539904887,3.0,32.8,22.6,32.3,22.5,2022-12-23T03:09,2022-12-23T15:00,42633.92,42210.09,8.35,8.35,0.0,0.0,0.0,0.0,0.0,,23.16,7.29,15.0,15.0,7.29,47.0,0.0,1011.0,960.4,24140.0,19.4,0.165,31.4,10192X0095/P21B
2549,357,2022-12-24,4.811397298,43.539904887,1.0,33.2,22.6,33.1,22.3,2022-12-24T03:10,2022-12-24T15:00,42634.57,42210.6,8.35,8.35,0.0,0.0,0.0,0.0,0.0,,22.42,7.38,12.0,14.1,7.38,43.0,0.0,1011.5,960.9,24140.0,17.8,0.165,31.5,10192X0095/P21B
2550,358,2022-12-25,4.811397298,43.539904887,3.0,33.3,22.8,32.9,22.6,2022-12-25T03:10,2022-12-25T15:01,42635.58,42211.45,8.35,8.35,0.0,0.0,0.0,0.0,0.0,,23.34,7.22,44.0,14.8,7.22,45.0,0.0,1012.2,961.6,24140.0,16.8,0.165,31.6,10192X0095/P21B
2551,359,2022-12-26,4.811397298,43.539904887,1.0,33.7,22.2,32.2,23.0,2022-12-26T03:11,2022-12-26T15:01,42636.93,42212.62,8.35,8.35,0.0,0.0,0.0,0.0,0.0,,23.8,7.59,5.0,14.8,7.59,46.0,0.0,1012.6,961.9,24140.0,19.0,0.165,31.6,10192X0095/P21B
2552,360,2022-12-27,4.811397298,43.539904887,3.0,33.0,22.2,32.0,22.8,2022-12-27T03:11,2022-12-27T15:02,42638.63,42214.12,8.35,8.35,0.0,0.0,0.0,0.0,0.0,,23.69,7.49,81.0,14.6,7.49,47.0,0.0,1013.1,962.4,24140.0,19.2,0.165,31.6,10192X0095/P21B
2553,361,2022-12-28,4.811397298,43.539904887,3.0,33.0,21.8,31.4,22.2,2022-12-28T03:12,2022-12-28T15:02,42640.68,42215.96,8.35,8.35,0.0,0.0,0.0,0.0,0.0,,24.14,8.17,31.0,12.2,8.17,40.0,0.0,1013.2,962.5,24140.0,19.4,0.165,31.6,10192X0095/P21B
2554,362,2022-12-29,4.811397298,43.539904887,3.0,32.0,21.5,30.0,20.6,2022-12-29T03:12,2022-12-29T15:03,42643.08,42218.33,8.4,8.4,0.0,0.0,0.0,0.0,0.0,,24.3,8.15,10.0,12.6,8.15,43.0,0.0,1013.7,962.8,24140.0,24.3,0.165,31.5,10192X0095/P21B
2555,363,2022-12-30,4.811397298,43.539904887,3.0,31.9,21.6,29.4,19.5,2022-12-30T03:12,2022-12-30T15:03,42645.87,42212.32,8.4,8.4,0.0,0.0,0.0,0.0,0.0,,24.18,8.05,7.0,12.3,8.05,42.0,0.0,1015.2,964.2,24140.0,23.5,0.164,31.4,10192X0095/P21B
2556,364,2022-12-31,4.811397298,43.539904887,63.0,32.1,21.9,30.9,21.3,2022-12-31T03:13,2022-12-31T15:04,42649.03,42186.49,8.35,8.35,8.5,0.0,0.0,8.5,3.0,,22.08,7.34,43.0,16.1,7.34,53.0,0.0,1014.9,963.9,24140.0,24.5,0.165,31.4,10192X0095/P21B
2557,0,2023-01-01,4.811397298,43.539904887,3.0,31.8,21.9,31.8,21.8,2023-01-01T03:13,2023-01-01T15:04,42652.57,41335.88,8.0,8.4,0.0,0.0,0.0,0.0,0.0,,20.1,6.48,28.0,17.6,6.48,59.0,0.0,1014.6,963.6,24140.0,24.9,0.164,31.4,10192X0095/P21B
2558,1,2023-01-02,4.811397298,43.539904887,3.0,31.8,22.6,30.2,22.6,2023-01-02T03:14,2023-01-02T15:05,42656.46,41830.03,8.45,8.45,0.0,0.0,0.0,0.0,0.0,,22.38,7.45,21.0,16.0,7.45,52.0,0.0,1013.8,963.0,24140.0,25.9,0.164,31.3,10192X0095/P21B
2559,2,2023-01-03,4.811397298,43.539904887,3.0,32.0,21.0,28.0,18.5,2023-01-03T03:14,2023-01-03T15:05,42660.71,42109.71,8.5,8.5,0.0,0.0,0.0,0.0,0.0,,24.58,8.61,4.0,10.8,8.61,40.0,0.0,1014.7,963.7,24140.0,27.9,0.164,31.2,10192X0095/P21B
2560,3,2023-01-04,4.811397298,43.539904887,3.0,32.0,20.8,29.0,18.9,2023-01-04T03:15,2023-01-04T15:06,42665.3,42084.56,8.5,8.5,0.0,0.0,0.0,0.0,0.0,,24.53,8.26,9.0,12.7,8.26,44.0,0.0,1014.1,963.1,24140.0,27.0,0.164,31.0,10192X0095/P21B
2561,4,2023-01-05,4.811397298,43.539904887,3.0,33.1,22.1,30.5,19.7,2023-01-05T03:15,2023-01-05T15:06,42670.23,42059.76,8.1,8.5,0.0,0.0,0.0,0.0,0.0,,24.51,8.87,22.0,10.5,8.87,36.0,0.0,1013.0,962.2,24140.0,23.7,0.164,31.1,10192X0095/P21B
2562,5,2023-01-06,4.811397298,43.539904887,2.0,33.2,21.5,30.7,19.3,2023-01-06T03:15,2023-01-06T15:07,42675.48,42035.36,8.5,8.5,0.0,0.0,0.0,0.0,0.0,,24.53,8.36,5.0,12.2,8.36,40.0,0.0,1013.2,962.4,24140.0,22.9,0.164,31.0,10192X0095/P21B
2563,6,2023-01-07,4.811397298,43.539904887,0.0,33.3,22.0,31.7,21.2,2023-01-07T03:16,2023-01-07T15:07,42681.04,42011.42,8.55,8.55,0.0,0.0,0.0,0.0,0.0,,24.2,8.21,0.0,13.3,8.21,43.0,0.0,1012.4,961.7,24140.0,22.6,0.164,31.1,10192X0095/P21B
2564,7,2023-01-08,4.811397298,43.539904887,1.0,32.4,22.3,31.8,21.2,2023-01-08T03:16,2023-01-08T15:08,42686.91,41988.04,8.55,8.55,0.0,0.0,0.0,0.0,0.0,,23.73,7.86,4.0,14.1,7.86,45.0,0.0,1012.6,961.9,24140.0,22.2,0.164,31.2,10192X0095/P21B
2565,8,2023-01-09,4.811397298,43.539904887,3.0,33.5,21.9,31.5,21.7,2023-01-09T03:17,2023-01-09T15:08,42693.08,41965.25,8.55,8.55,0.0,0.0,0.0,0.0,0.0,,24.24,8.15,33.0,12.9,8.15,43.0,0.0,1013.2,962.5,24140.0,22.1,0.164,31.2,10192X0095/P21B
2566,9,2023-01-10,4.811397298,43.539904887,3.0,33.4,23.3,31.8,22.5,2023-01-10T03:17,2023-01-10T15:09,42699.54,40589.14,8.6,8.6,0.0,0.0,0.0,0.0,0.0,,21.11,7.59,36.0,13.6,7.59,43.0,0.0,1013.7,962.9,24140.0,21.3,0.164,31.3,10192X0095/P21B
2567,10,2023-01-11,4.811397298,43.539904887,3.0,32.7,21.8,31.8,22.2,2023-01-11T03:17,2023-01-11T15:09,42706.27,41921.76,8.6,8.6,0.0,0.0,0.0,0.0,0.0,,24.57,7.69,20.0,13.3,7.69,44.0,0.0,1012.6,961.9,24140.0,18.9,0.164,31.3,10192X0095/P21B
2568,11,2023-01-12,4.811397298,43.539904887,0.0,32.6,21.4,30.3,19.7,2023-01-12T03:18,2023-01-12T15:09,42713.28,41901.18,8.6,8.6,0.0,0.0,0.0,0.0,0.0,,25.02,8.97,0.0,10.1,8.97,36.0,0.0,1011.7,961.0,24140.0,24.2,0.164,31.3,10192X0095/P21B
2569,12,2023-01-13,4.811397298,43.539904887,0.0,32.1,21.2,28.7,17.7,2023-01-13T03:18,2023-01-13T15:10,42720.55,41881.48,8.7,8.7,0.0,0.0,0.0,0.0,0.0,,24.92,8.89,1.0,9.3,8.89,35.0,0.0,1012.6,961.7,24140.0,25.1,0.164,31.1,10192X0095/P21B
2570,13,2023-01-14,4.811397298,43.539904887,0.0,31.9,21.7,29.4,19.3,2023-01-14T03:18,2023-01-14T15:10,42728.06,41862.72,8.7,8.7,0.0,0.0,0.0,0.0,0.0,,24.79,8.24,0.0,11.3,8.24,40.0,0.0,1013.0,962.1,24140.0,23.7,0.164,31.0,10192X0095/P21B
2571,14,2023-01-15,4.811397298,43.539904887,1.0,32.3,22.1,29.9,20.1,2023-01-15T03:19,2023-01-15T15:11,42735.83,41698.38,8.75,8.75,0.0,0.0,0.0,0.0,0.0,,24.81,8.62,2.0,12.0,8.62,40.0,0.0,1012.1,961.3,24140.0,24.4,0.164,31.0,10192X0095/P21B
2572,15,2023-01-16,4.811397298,43.539904887,2.0,32.0,21.3,29.5,19.3,2023-01-16T03:19,2023-01-16T15:11,42743.82,41828.27,8.75,8.75,0.0,0.0,0.0,0.0,0.0,,25.2,8.49,5.0,9.9,8.49,37.0,0.0,1012.3,961.4,24140.0,24.0,0.164,31.0,10192X0095/P21B
2573,16,2023-01-17,4.811397298,43.539904887,3.0,32.8,21.3,30.1,19.2,2023-01-17T03:19,2023-01-17T15:12,42752.04,41706.13,8.75,8.75,0.0,0.0,0.0,0.0,0.0,,25.23,9.01,39.0,9.6,9.01,35.0,0.0,1011.8,961.1,24140.0,23.8,0.164,30.9,10192X0095/P21B
2574,17,2023-01-18,4.811397298,43.539904887,3.0,33.2,21.6,31.2,18.7,2023-01-18T03:19,2023-01-18T15:12,42760.49,41708.98,8.8,8.8,0.0,0.0,0.0,0.0,0.0,,24.93,8.78,39.0,10.1,8.78,35.0,0.0,1011.1,960.5,24140.0,21.9,0.164,31.0,10192X0095/P21B
2575,18,2023-01-19,4.811397298,43.539904887,3.0,33.2,21.5,31.0,19.0,2023-01-19T03:20,2023-01-19T15:12,42769.28,41711.28,8.85,8.85,0.0,0.0,0.0,0.0,0.0,,24.95,8.92,71.0,9.6,8.92,34.0,0.0,1011.5,960.8,24140.0,22.4,0.164,31.1,10192X0095/P21B
2576,19,2023-01-20,4.811397298,43.539904887,3.0,34.5,22.0,30.4,19.7,2023-01-20T03:20,2023-01-20T15:13,42778.39,41467.02,8.9,8.9,0.0,0.0,0.0,0.0,0.0,,25.05,9.92,28.0,9.8,9.92,35.0,0.0,1011.1,960.5,24140.0,28.2,0.164,31.1,10192X0095/P21B
2577,20,2023-01-21,4.811397298,43.539904887,3.0,33.3,21.7,30.6,18.7,2023-01-21T03:20,2023-01-21T15:13,42787.81,41468.73,8.9,8.9,0.0,0.0,0.0,0.0,0.0,,25.04,9.15,65.0,13.4,9.15,43.0,0.0,1010.5,959.9,24140.0,30.2,0.164,31.1,10192X0095/P21B
2578,21,2023-01-22,4.811397298,43.539904887,3.0,33.3,22.9,29.8,20.8,2023-01-22T03:20,2023-01-22T15:13,42797.53,41469.95,8.95,8.95,0.0,0.0,0.0,0.0,0.0,,25.1,9.47,49.0,10.4,9.47,35.0,0.0,1010.7,960.1,24140.0,25.6,0.164,31.2,10192X0095/P21B
2579,22,2023-01-23,4.811397298,43.539904887,3.0,33.7,22.8,31.3,21.3,2023-01-23T03:20,2023-01-23T15:14,42807.55,41470.68,8.95,8.95,0.0,0.0,0.0,0.0,0.0,,25.01,9.22,77.0,12.5,9.22,39.0,0.0,1010.5,960.0,24140.0,25.8,0.164,31.2,10192X0095/P21B
2580,23,2023-01-24,4.811397298,43.539904887,3.0,33.2,21.8,31.6,19.9,2023-01-24T03:20,2023-01-24T15:14,42817.82,41470.99,9.0,9.0,0.0,0.0,0.0,0.0,0.0,,25.3,8.49,49.0,12.4,8.49,40.0,0.0,1011.2,960.6,24140.0,22.8,0.164,31.3,10192X0095/P21B
2581,24,2023-01-25,4.811397298,43.539904887,3.0,33.2,21.3,31.0,19.0,2023-01-25T03:21,2023-01-25T15:14,42828.36,40982.3,9.0,9.0,0.0,0.0,0.0,0.0,0.0,,25.52,8.85,33.0,10.5,8.85,36.0,0.0,1010.0,959.4,24140.0,23.6,0.164,31.3,10192X0095/P21B
2582,25,2023-01-26,4.811397298,43.539904887,3.0,33.4,20.8,30.9,18.3,2023-01-26T03:21,2023-01-26T15:15,42839.13,41470.26,9.0,9.0,0.0,0.0,0.0,0.0,0.0,,25.72,9.0,28.0,10.9,9.0,38.0,0.0,1009.7,959.1,24140.0,24.8,0.164,31.2,10192X0095/P21B
2583,26,2023-01-27,4.811397298,43.539904887,1.0,33.1,21.5,31.2,19.8,2023-01-27T03:21,2023-01-27T15:15,42850.13,41469.21,9.0,9.0,0.0,0.0,0.0,0.0,0.0,,25.69,8.58,9.0,12.2,8.58,40.0,0.0,1010.8,960.2,24140.0,22.7,0.162,31.2,10192X0095/P21B
2584,27,2023-01-28,4.811397298,43.539904887,1.0,32.9,20.6,30.7,19.1,2023-01-28T03:21,2023-01-28T15:15,42861.34,41467.78,9.05,9.05,0.0,0.0,0.0,0.0,0.0,,25.97,8.49,3.0,12.1,8.49,42.0,0.0,1010.8,960.1,24140.0,23.6,0.161,31.1,10192X0095/P21B
2585,28,2023-01-29,4.811397298,43.539904887,3.0,33.0,20.9,31.2,18.6,2023-01-29T03:21,2023-01-29T15:16,42872.75,41465.91,9.05,9.05,0.0,0.0,0.0,0.0,0.0,,25.47,8.39,16.0,12.7,8.39,42.0,0.0,1010.7,960.0,24140.0,24.0,0.16,31.2,10192X0095/P21B
2586,29,2023-01-30,4.811397298,43.539904887,0.0,32.5,21.7,32.1,20.3,2023-01-30T03:21,2023-01-30T15:16,42884.35,41221.26,9.1,9.1,0.0,0.0,0.0,0.0,0.0,,25.26,7.68,1.0,14.2,7.68,46.0,0.0,1011.6,960.9,24140.0,22.1,0.16,31.2,10192X0095/P21B
2587,30,2023-01-31,4.811397298,43.539904887,0.0,32.6,21.5,31.0,19.7,2023-01-31T03:21,2023-01-31T15:16,42896.11,41218.97,9.15,9.15,0.0,0.0,0.0,0.0,0.0,,25.85,8.6,0.0,10.9,8.6,38.0,0.0,1011.4,960.7,24140.0,22.4,0.16,31.2,10192X0095/P21B
2588,31,2023-02-01,4.811397298,43.539904887,0.0,33.5,20.7,32.7,18.8,2023-02-01T03:21,2023-02-01T15:16,42908.02,41216.25,9.15,9.15,0.0,0.0,0.0,0.0,0.0,,26.0,7.9,0.0,11.4,7.9,39.0,0.0,1011.5,960.8,24140.0,17.2,0.161,31.3,10192X0095/P21B
2589,32,2023-02-02,4.811397298,43.539904887,3.0,33.6,21.0,33.2,20.4,2023-02-02T03:21,2023-02-02T15:17,42920.09,41454.33,9.2,9.2,0.0,0.0,0.0,0.0,0.0,,25.9,7.97,56.0,13.2,7.97,42.0,0.0,1011.2,960.6,24140.0,17.9,0.162,31.4,10192X0095/P21B
2590,33,2023-02-03,4.811397298,43.539904887,3.0,33.3,22.1,31.6,20.9,2023-02-03T03:21,2023-02-03T15:17,42932.28,41209.62,9.2,9.2,0.0,0.0,0.0,0.0,0.0,,26.25,8.24,20.0,11.7,8.24,38.0,0.0,1011.5,960.8,24140.0,17.9,0.161,31.5,10192X0095/P21B
2591,34,2023-02-04,4.811397298,43.539904887,3.0,33.2,21.3,31.5,20.2,2023-02-04T03:21,2023-02-04T15:17,42944.58,41205.69,9.25,9.25,0.0,0.0,0.0,0.0,0.0,,26.29,8.76,20.0,10.4,8.76,36.0,0.0,1011.1,960.4,24140.0,20.7,0.159,31.4,10192X0095/P21B
2592,35,2023-02-05,4.811397298,43.539904887,3.0,32.3,21.1,31.1,18.3,2023-02-05T03:21,2023-02-05T15:17,42956.99,41441.47,9.3,9.3,0.0,0.0,0.0,0.0,0.0,,26.38,9.05,15.0,8.4,9.05,32.0,0.0,1010.2,959.5,24140.0,21.1,0.158,31.4,10192X0095/P21B
2593,36,2023-02-06,4.811397298,43.539904887,0.0,33.2,21.4,31.1,19.3,2023-02-06T03:21,2023-02-06T15:17,42969.49,41196.69,9.3,9.3,0.0,0.0,0.0,0.0,0.0,,26.11,9.09,1.0,10.3,9.09,35.0,0.0,1010.4,959.7,24140.0,23.2,0.158,31.3,10192X0095/P21B
2594,37,2023-02-07,4.811397298,43.539904887,2.0,33.0,21.8,31.9,21.1,2023-02-07T03:21,2023-02-07T15:18,42982.08,41191.6,9.35,9.35,0.0,0.0,0.0,0.0,0.0,,25.46,8.3,8.0,12.6,8.3,42.0,0.0,1010.7,960.0,24140.0,21.3,0.158,31.4,10192X0095/P21B
2595,38,2023-02-08,4.811397298,43.539904887,1.0,33.2,22.3,31.7,20.8,2023-02-08T03:21,2023-02-08T15:18,42994.9,41186.01,9.35,9.35,0.0,0.0,0.0,0.0,0.0,,25.4,8.51,5.0,13.4,8.51,42.0,0.0,1011.1,960.5,24140.0,23.2,0.158,31.5,10192X0095/P21B
2596,39,2023-02-09,4.811397298,43.539904887,3.0,33.7,22.3,32.5,21.4,2023-02-09T03:21,2023-02-09T15:18,43007.95,41179.9,9.4,9.4,0.0,0.0,0.0,0.0,0.0,,25.92,8.59,32.0,12.7,8.59,39.0,0.0,1011.3,960.8,24140.0,20.7,0.159,31.6,10192X0095/P21B
2597,40,2023-02-10,4.811397298,43.539904887,3.0,35.0,22.1,31.8,21.2,2023-02-10T03:21,2023-02-10T15:18,43021.21,41411.63,9.4,9.4,0.0,0.0,0.0,0.0,0.0,,26.35,9.9,34.0,9.7,9.9,34.0,0.0,1011.5,961.0,24140.0,25.4,0.158,31.6,10192X0095/P21B
2598,41,2023-02-11,4.811397298,43.539904887,3.0,34.2,21.2,29.1,18.3,2023-02-11T03:21,2023-02-11T15:18,43034.67,41404.21,9.4,9.4,0.0,0.0,0.0,0.0,0.0,,27.17,10.06,32.0,8.9,10.06,35.0,0.0,1012.7,961.9,24140.0,29.5,0.157,31.5,10192X0095/P21B
2599,42,2023-02-12,4.811397298,43.539904887,0.0,33.4,21.2,29.2,18.1,2023-02-12T03:21,2023-02-12T15:18,43048.31,41396.4,9.4,9.4,0.0,0.0,0.0,0.0,0.0,,27.1,9.73,0.0,9.5,9.73,36.0,0.0,1012.6,961.8,24140.0,28.3,0.158,31.4,10192X0095/P21B
2600,43,2023-02-13,4.811397298,43.539904887,0.0,33.1,21.4,29.7,19.5,2023-02-13T03:21,2023-02-13T15:18,43062.13,41388.17,9.45,9.45,0.0,0.0,0.0,0.0,0.0,,26.92,9.19,0.0,7.6,9.19,31.0,0.0,1012.6,961.8,24140.0,20.9,0.159,31.3,10192X0095/P21B
2601,44,2023-02-14,4.811397298,43.539904887,0.0,33.6,21.5,31.6,19.9,2023-02-14T03:21,2023-02-14T15:18,43076.1,41379.56,9.5,9.5,0.0,0.0,0.0,0.0,0.0,,26.67,8.62,0.0,10.7,8.62,37.0,0.0,1011.0,960.3,24140.0,20.7,0.159,31.4,10192X0095/P21B
2602,45,2023-02-15,4.811397298,43.539904887,3.0,34.3,21.7,31.7,20.1,2023-02-15T03:20,2023-02-15T15:19,43090.23,41607.2,9.5,9.5,0.0,0.0,0.0,0.0,0.0,,26.7,9.36,33.0,9.6,9.36,34.0,0.0,1009.5,959.0,24140.0,22.4,0.159,31.5,10192X0095/P21B
2603,46,2023-02-16,4.811397298,43.539904887,3.0,33.9,21.2,31.6,18.9,2023-02-16T03:20,2023-02-16T15:19,43104.47,41597.65,9.5,9.5,0.0,0.0,0.0,0.0,0.0,,26.93,9.4,34.0,10.9,9.4,38.0,0.0,1009.7,959.2,24140.0,26.2,0.158,31.4,10192X0095/P21B
2604,47,2023-02-17,4.811397298,43.539904887,3.0,34.5,22.3,31.6,20.9,2023-02-17T03:20,2023-02-17T15:19,43118.83,41587.78,9.55,9.55,0.0,0.0,0.0,0.0,0.0,,26.36,9.43,58.0,12.2,9.43,40.0,0.0,1011.0,960.5,24140.0,25.8,0.157,31.5,10192X0095/P21B
2605,48,2023-02-18,4.811397298,43.539904887,0.0,34.0,22.7,30.6,21.8,2023-02-18T03:20,2023-02-18T15:19,43133.3,41342.01,9.55,9.55,0.0,0.0,0.0,0.0,0.0,,26.59,9.43,2.0,9.9,9.43,36.0,0.0,1011.7,961.1,24140.0,24.5,0.156,31.6,10192X0095/P21B
2606,49,2023-02-19,4.811397298,43.539904887,3.0,34.2,21.8,29.5,17.4,2023-02-19T03:20,2023-02-19T15:19,43147.85,41784.45,9.55,9.6,0.0,0.0,0.0,0.0,0.0,,27.56,10.68,28.0,4.5,10.68,26.0,0.0,1011.9,961.2,24140.0,27.3,0.156,31.5,10192X0095/P21B
2607,50,2023-02-20,4.811397298,43.539904887,1.0,33.9,21.6,28.3,17.3,2023-02-20T03:19,2023-02-20T15:19,43162.49,41791.84,9.6,9.6,0.0,0.0,0.0,0.0,0.0,,27.57,11.01,6.0,3.5,11.01,26.0,0.0,1012.3,961.5,24140.0,29.5,0.157,31.4,10192X0095/P21B
2608,51,2023-02-21,4.811397298,43.539904887,3.0,33.4,20.7,29.6,16.6,2023-02-21T03:19,2023-02-21T15:19,43177.19,41780.83,9.6,9.6,0.0,0.0,0.0,0.0,0.0,,27.48,10.0,28.0,4.7,10.0,26.0,0.0,1012.7,961.9,24140.0,24.6,0.157,31.3,10192X0095/P21B
2609,52,2023-02-22,4.811397298,43.539904887,0.0,33.6,20.8,31.6,18.4,2023-02-22T03:19,2023-02-22T15:19,43191.94,41769.68,9.6,9.6,0.0,0.0,0.0,0.0,0.0,,27.55,8.94,0.0,9.4,8.94,35.0,0.0,1011.4,960.7,24140.0,21.2,0.157,31.3,10192X0095/P21B
2610,53,2023-02-23,4.811397298,43.539904887,3.0,34.9,21.4,35.2,21.0,2023-02-23T03:19,2023-02-23T15:19,43206.73,41758.43,9.6,9.6,0.0,0.0,0.0,0.0,0.0,,27.0,8.64,36.0,12.8,8.64,41.0,0.0,1010.0,959.6,24140.0,18.6,0.157,31.6,10192X0095/P21B
2611,54,2023-02-24,4.811397298,43.539904887,3.0,36.4,22.5,36.5,23.1,2023-02-24T03:18,2023-02-24T15:19,43221.53,41747.06,9.6,9.65,0.0,0.0,0.0,0.0,0.0,,26.72,8.89,76.0,13.1,8.89,40.0,0.0,1010.3,960.0,24140.0,17.3,0.157,32.0,10192X0095/P21B
2612,55,2023-02-25,4.811397298,43.539904887,3.0,35.8,22.8,36.2,23.4,2023-02-25T03:18,2023-02-25T15:19,43236.36,41501.9,9.55,9.6,0.0,0.0,0.0,0.0,0.0,,26.25,8.56,78.0,14.4,8.56,42.0,0.0,1011.3,961.0,24140.0,17.1,0.157,32.2,10192X0095/P21B
2613,56,2023-02-26,4.811397298,43.539904887,3.0,34.7,23.0,33.8,22.9,2023-02-26T03:18,2023-02-26T15:19,43251.19,41889.2,9.65,9.65,0.0,0.0,0.0,0.0,0.0,,26.73,9.15,83.0,14.6,9.15,43.0,0.0,1012.2,961.8,24140.0,23.5,0.156,32.3,10192X0095/P21B
2614,57,2023-02-27,4.811397298,43.539904887,3.0,33.6,22.6,32.1,21.5,2023-02-27T03:18,2023-02-27T15:19,43266.02,41479.41,9.55,9.65,0.0,0.0,0.0,0.0,0.0,,26.82,9.13,69.0,13.0,9.13,41.0,0.0,1013.0,962.4,24140.0,24.3,0.154,32.2,10192X0095/P21B
2615,58,2023-02-28,4.811397298,43.539904887,3.0,34.6,22.4,32.9,21.6,2023-02-28T03:17,2023-02-28T15:19,43280.99,41923.18,9.6,9.65,0.0,0.0,0.0,0.0,0.0,,27.18,8.96,66.0,12.3,8.96,38.0,0.0,1013.0,962.4,24140.0,20.3,0.154,32.2,10192X0095/P21B
2616,59,2023-03-01,4.811397298,43.539904887,3.0,35.8,23.1,35.4,22.1,2023-03-01T03:17,2023-03-01T15:19,43296.1,41921.65,9.75,9.75,0.0,0.0,0.0,0.0,0.0,,27.13,9.34,79.0,11.6,9.34,35.0,0.0,1011.7,961.4,24140.0,18.7,0.154,32.5,10192X0095/P21B
2617,60,2023-03-02,4.811397298,43.539904887,3.0,36.5,23.8,34.8,22.7,2023-03-02T03:17,2023-03-02T15:19,43311.33,41960.62,9.75,9.8,0.0,0.0,0.0,0.0,0.0,,25.57,9.6,41.0,12.9,9.6,37.0,0.0,1011.3,961.0,24140.0,22.6,0.154,32.7,10192X0095/P21B
2618,61,2023-03-03,4.811397298,43.539904887,3.0,35.8,23.8,34.2,23.4,2023-03-03T03:16,2023-03-03T15:18,43326.69,41980.56,9.75,9.75,0.0,0.0,0.0,0.0,0.0,,26.66,9.77,15.0,13.0,9.77,38.0,0.0,1012.0,961.7,24140.0,23.3,0.154,32.8,10192X0095/P21B
2619,62,2023-03-04,4.811397298,43.539904887,3.0,34.9,23.3,33.2,21.7,2023-03-04T03:16,2023-03-04T15:18,43342.14,42001.23,9.75,9.75,0.0,0.0,0.0,0.0,0.0,,27.26,9.66,23.0,13.4,9.66,40.0,0.0,1012.7,962.3,24140.0,25.8,0.154,32.7,10192X0095/P21B
2620,63,2023-03-05,4.811397298,43.539904887,3.0,34.5,23.0,33.1,21.9,2023-03-05T03:16,2023-03-05T15:18,43357.7,42022.58,9.75,9.75,0.0,0.0,0.0,0.0,0.0,,27.16,9.27,17.0,13.5,9.27,41.0,0.0,1013.0,962.5,24140.0,23.9,0.153,32.7,10192X0095/P21B
2621,64,2023-03-06,4.811397298,43.539904887,3.0,34.9,23.7,32.8,23.0,2023-03-06T03:15,2023-03-06T15:18,43373.33,42044.53,9.85,9.85,0.0,0.0,0.0,0.0,0.0,,27.24,9.84,22.0,13.0,9.84,39.0,0.0,1011.0,960.7,24140.0,25.8,0.154,32.7,10192X0095/P21B
2622,65,2023-03-07,4.811397298,43.539904887,3.0,34.7,23.1,33.5,21.8,2023-03-07T03:15,2023-03-07T15:18,43389.04,42067.03,9.8,9.85,0.0,0.0,0.0,0.0,0.0,,27.26,9.04,27.0,13.3,9.04,40.0,0.0,1009.9,959.6,24140.0,22.3,0.153,32.8,10192X0095/P21B
2623,66,2023-03-08,4.811397298,43.539904887,3.0,36.0,23.8,34.4,23.8,2023-03-08T03:15,2023-03-08T15:18,43404.81,42090.0,9.85,9.85,0.0,0.0,0.0,0.0,0.0,,27.28,9.45,43.0,13.1,9.45,39.0,0.0,1009.4,959.3,24140.0,22.3,0.153,32.9,10192X0095/P21B
2624,67,2023-03-09,4.811397298,43.539904887,3.0,35.8,23.6,35.1,23.3,2023-03-09T03:14,2023-03-09T15:18,43420.63,42113.39,9.85,9.85,0.0,0.0,0.0,0.0,0.0,,26.99,9.14,51.0,14.5,9.14,42.0,0.0,1009.4,959.2,24140.0,23.2,0.153,33.0,10192X0095/P21B
2625,68,2023-03-10,4.811397298,43.539904887,3.0,36.7,23.9,34.9,23.1,2023-03-10T03:14,2023-03-10T15:18,43436.48,42137.13,9.85,9.85,0.0,0.0,0.0,0.0,0.0,,26.89,9.82,50.0,12.9,9.82,38.0,0.0,1008.5,958.5,24140.0,24.1,0.153,33.1,10192X0095/P21B
2626,69,2023-03-11,4.811397298,43.539904887,3.0,36.4,24.3,35.5,23.5,2023-03-11T03:13,2023-03-11T15:18,43452.36,42161.16,9.85,9.85,0.0,0.0,0.0,0.0,0.0,,25.75,9.54,64.0,14.9,9.54,41.0,0.0,1008.3,958.3,24140.0,24.5,0.154,33.2,10192X0095/P21B
2627,70,2023-03-12,4.811397298,43.539904887,3.0,36.6,24.3,35.3,23.8,2023-03-12T03:13,2023-03-12T15:17,43468.26,42185.42,9.9,9.9,0.0,0.0,0.0,0.0,0.0,,26.9,9.58,34.0,14.7,9.58,43.0,0.0,1008.4,958.3,24140.0,24.6,0.153,33.3,10192X0095/P21B
2628,71,2023-03-13,4.811397298,43.539904887,3.0,35.9,24.1,37.5,25.5,2023-03-13T03:13,2023-03-13T15:17,43484.16,42209.84,9.55,9.85,0.0,0.0,0.0,0.0,0.0,,24.91,8.21,55.0,17.2,8.21,49.0,0.0,1008.7,958.5,23929.17,19.7,0.154,33.5,10192X0095/P21B
2629,72,2023-03-14,4.811397298,43.539904887,3.0,35.4,24.3,36.0,26.9,2023-03-14T03:12,2023-03-14T15:17,43500.06,42234.37,9.9,9.9,0.0,0.0,0.0,0.0,0.0,,25.26,8.17,55.0,16.5,8.17,48.0,0.0,1008.3,958.1,24140.0,17.8,0.151,33.5,10192X0095/P21B
2630,73,2023-03-15,4.811397298,43.539904887,3.0,35.5,24.4,37.5,27.4,2023-03-15T03:12,2023-03-15T15:17,43515.93,42258.92,9.4,9.9,0.0,0.1,0.0,0.0,0.0,,24.78,7.04,57.0,16.8,7.04,47.0,0.0,1008.5,958.4,24140.0,10.9,0.15,33.8,10192X0095/P21B
2631,74,2023-03-16,4.811397298,43.539904887,63.0,33.4,24.2,36.7,26.1,2023-03-16T03:11,2023-03-16T15:17,43531.78,34989.86,9.15,9.9,8.5,22.4,0.0,8.5,5.0,,19.1,4.65,93.0,19.9,4.65,67.0,0.0,1010.1,959.3,21044.17,10.5,0.152,33.6,10192X0095/P21B
2632,75,2023-03-17,4.811397298,43.539904887,51.0,32.5,23.5,34.9,27.1,2023-03-17T03:11,2023-03-17T15:17,43547.58,41247.07,7.75,9.9,0.4,11.8,0.0,0.4,3.0,,23.7,5.79,89.0,19.7,5.79,64.0,0.0,1010.1,959.5,23385.84,11.4,0.15,33.0,10192X0095/P21B
2633,76,2023-03-18,4.811397298,43.539904887,65.0,27.3,22.2,30.2,24.5,2023-03-18T03:11,2023-03-18T15:17,43563.33,16618.61,9.65,9.9,48.7,30.4,0.0,48.7,21.0,,13.25,2.72,100.0,21.5,2.72,85.0,0.0,1012.0,960.7,22833.34,8.5,0.171,32.3,10192X0095/P21B
2634,77,2023-03-19,4.811397298,43.539904887,51.0,29.7,22.3,34.7,25.0,2023-03-19T03:10,2023-03-19T15:16,43579.03,34239.35,8.05,9.95,0.2,7.7,0.0,0.2,2.0,,22.3,4.67,96.0,20.9,4.67,77.0,0.0,1011.4,960.3,20446.67,8.3,0.175,31.7,10192X0095/P21B
2635,78,2023-03-20,4.811397298,43.539904887,55.0,29.5,22.6,34.1,24.3,2023-03-20T03:10,2023-03-20T15:16,43594.81,35487.97,7.2,9.9,2.5,9.7,0.0,2.5,6.0,,20.4,4.35,98.0,21.0,4.35,77.0,0.0,1010.6,959.6,20956.67,8.7,0.172,31.3,10192X0095/P21B
2636,79,2023-03-21,4.811397298,43.539904887,51.0,29.3,22.8,32.6,24.3,2023-03-21T03:09,2023-03-21T15:16,43610.66,36690.22,9.65,9.9,0.7,0.8,0.0,0.7,5.0,,21.46,4.58,92.0,21.4,4.58,77.0,0.0,1009.4,958.5,24140.0,16.2,0.17,31.1,10192X0095/P21B
2637,80,2023-03-22,4.811397298,43.539904887,63.0,31.8,22.3,35.4,24.4,2023-03-22T03:09,2023-03-22T15:16,43626.59,38360.59,9.7,9.9,11.4,14.2,0.0,11.4,7.0,,23.71,5.33,59.0,21.0,5.33,75.0,0.0,1009.5,958.7,23764.17,15.6,0.166,30.9,10192X0095/P21B
2638,81,2023-03-23,4.811397298,43.539904887,63.0,28.6,21.7,31.7,24.2,2023-03-23T03:08,2023-03-23T15:16,43642.57,13021.62,5.55,9.9,12.7,5.3,0.0,12.7,7.0,,14.22,3.04,100.0,21.5,3.04,83.0,0.0,1011.4,960.2,20641.67,6.3,0.179,30.6,10192X0095/P21B
2639,82,2023-03-24,4.811397298,43.539904887,51.0,29.7,22.3,34.6,24.1,2023-03-24T03:08,2023-03-24T15:16,43658.61,39600.0,9.4,9.95,0.2,0.8,0.0,0.2,2.0,,24.5,4.84,89.0,21.6,4.84,79.0,0.0,1010.3,959.4,24133.34,9.9,0.172,30.3,10192X0095/P21B
2640,83,2023-03-25,4.811397298,43.539904887,65.0,29.1,22.8,33.9,25.0,2023-03-25T03:08,2023-03-25T15:15,43674.67,31203.76,7.5,9.95,18.0,50.8,0.0,18.0,14.0,,17.82,3.74,99.0,21.4,3.74,82.0,0.0,1011.0,959.8,23477.5,8.6,0.175,30.1,10192X0095/P21B
2641,84,2023-03-26,4.811397298,43.539904887,61.0,29.3,21.4,34.2,24.3,2023-03-26T03:07,2023-03-26T15:15,43690.78,36000.0,9.9,9.95,6.6,6.5,0.0,6.6,8.0,,21.14,4.44,59.0,20.6,4.44,81.0,0.0,1011.9,960.7,24124.17,8.1,0.18,29.8,10192X0095/P21B
2642,85,2023-03-27,4.811397298,43.539904887,51.0,30.3,21.6,35.4,24.3,2023-03-27T03:07,2023-03-27T15:15,43706.89,42561.87,9.9,9.9,0.3,0.2,0.0,0.3,3.0,,24.5,5.16,51.0,21.0,5.16,77.0,0.0,1010.9,959.9,24086.67,9.0,0.174,29.7,10192X0095/P21B
2643,86,2023-03-28,4.811397298,43.539904887,3.0,31.3,22.1,34.3,23.8,2023-03-28T03:06,2023-03-28T15:15,43723.01,42588.53,9.9,9.9,0.0,0.2,0.0,0.0,0.0,,25.51,5.81,22.0,20.5,5.81,71.0,0.0,1010.5,959.6,24140.0,13.8,0.169,29.7,10192X0095/P21B
2644,87,2023-03-29,4.811397298,43.539904887,51.0,30.5,22.3,36.4,25.2,2023-03-29T03:06,2023-03-29T15:15,43739.13,42615.21,9.9,9.9,1.1,1.6,0.0,1.1,6.0,,23.83,4.93,47.0,21.1,4.93,78.0,0.0,1012.3,961.2,23612.5,7.1,0.165,29.7,10192X0095/P21B
2645,88,2023-03-30,4.811397298,43.539904887,3.0,30.9,21.6,35.4,23.3,2023-03-30T03:05,2023-03-30T15:15,43755.23,42641.82,9.9,9.9,0.0,0.7,0.0,0.0,0.0,,25.24,5.49,18.0,19.9,5.49,71.0,0.0,1011.3,960.4,24140.0,6.9,0.16,29.8,10192X0095/P21B
2646,89,2023-03-31,4.811397298,43.539904887,3.0,32.1,21.9,35.9,23.3,2023-03-31T03:05,2023-03-31T15:14,43771.31,42668.32,9.9,9.9,0.0,0.0,0.0,0.0,0.0,,25.39,5.82,23.0,18.9,5.82,61.0,0.0,1010.0,959.4,24140.0,8.7,0.156,30.2,10192X0095/P21B
2647,90,2023-04-01,4.811397298,43.539904887,51.0,33.4,23.7,36.8,26.0,2023-04-01T03:04,2023-04-01T15:14,43787.35,42694.64,9.9,9.9,0.1,0.6,0.0,0.1,1.0,,25.46,6.26,50.0,18.7,6.26,55.0,0.0,1010.3,959.9,23885.84,8.9,0.153,30.8,10192X0095/P21B
2648,91,2023-04-02,4.811397298,43.539904887,63.0,32.9,23.1,37.2,23.5,2023-04-02T03:04,2023-04-02T15:14,43803.34,32626.23,8.6,9.85,8.5,6.5,0.0,8.5,3.0,,19.77,4.63,80.0,20.3,4.63,68.0,0.0,1010.4,959.7,21790.84,8.4,0.151,31.1,10192X0095/P21B
2649,92,2023-04-03,4.811397298,43.539904887,63.0,29.5,22.7,35.3,24.8,2023-04-03T03:04,2023-04-03T15:14,43819.28,39600.0,9.7,9.85,8.1,7.5,0.0,8.1,6.0,,23.67,4.77,73.0,21.5,4.77,79.0,0.0,1010.3,959.3,23879.17,7.0,0.163,30.6,10192X0095/P21B
2650,93,2023-04-04,4.811397298,43.539904887,51.0,30.7,22.8,35.5,25.6,2023-04-04T03:03,2023-04-04T15:14,43835.14,42771.89,7.75,9.8,0.1,1.1,0.0,0.1,1.0,,23.08,4.77,34.0,21.2,4.77,75.0,0.0,1010.7,959.8,24140.0,7.8,0.158,30.4,10192X0095/P21B
2651,94,2023-04-05,4.811397298,43.539904887,3.0,31.4,22.7,34.3,25.0,2023-04-05T03:03,2023-04-05T15:14,43850.92,42796.87,9.8,9.8,0.0,0.1,0.0,0.0,0.0,,25.47,5.83,60.0,19.1,5.83,64.0,0.0,1010.8,960.0,24140.0,9.7,0.15,30.3,10192X0095/P21B
2652,95,2023-04-06,4.811397298,43.539904887,51.0,31.8,22.0,36.8,25.1,2023-04-06T03:02,2023-04-06T15:13,43866.61,42821.35,9.75,9.75,0.1,0.1,0.0,0.1,1.0,,25.41,5.5,28.0,19.4,5.5,65.0,0.0,1010.3,959.6,24140.0,4.8,0.145,30.5,10192X0095/P21B
2653,96,2023-04-07,4.811397298,43.539904887,51.0,33.4,22.6,36.9,25.2,2023-04-07T03:02,2023-04-07T15:13,43882.19,42845.28,9.75,9.8,0.2,0.2,0.0,0.2,2.0,,25.8,6.38,66.0,18.4,6.38,57.0,0.0,1010.7,960.2,24140.0,9.5,0.146,30.9,10192X0095/P21B
2654,97,2023-04-08,4.811397298,43.539904887,3.0,35.0,23.5,36.3,24.6,2023-04-08T03:02,2023-04-08T15:13,43897.67,42868.59,9.7,9.75,0.0,0.0,0.0,0.0,0.0,,25.64,7.26,22.0,17.1,7.26,51.0,0.0,1011.0,960.6,24140.0,15.1,0.146,31.3,10192X0095/P21B
2655,98,2023-04-09,4.811397298,43.539904887,3.0,34.8,23.2,34.7,25.2,2023-04-09T03:01,2023-04-09T15:13,43913.16,42891.71,9.75,9.75,0.0,0.0,0.0,0.0,0.0,,26.72,7.79,39.0,16.6,7.79,51.0,0.0,1011.4,961.0,24140.0,16.8,0.147,31.6,10192X0095/P21B
2656,99,2023-04-10,4.811397298,43.539904887,3.0,34.8,23.9,34.8,25.4,2023-04-10T03:01,2023-04-10T15:13,43928.68,42914.82,9.75,9.75,0.0,0.0,0.0,0.0,0.0,,24.92,7.76,51.0,18.0,7.76,54.0,0.0,1010.5,960.1,24140.0,20.5,0.148,31.8,10192X0095/P21B
2657,100,2023-04-11,4.811397298,43.539904887,3.0,34.9,23.8,36.2,25.8,2023-04-11T03:00,2023-04-11T15:13,43944.21,42937.89,9.7,9.7,0.0,0.1,0.0,0.0,0.0,,24.34,7.03,54.0,18.5,7.03,55.0,0.0,1010.3,959.9,24140.0,14.9,0.148,32.0,10192X0095/P21B
2658,101,2023-04-12,4.811397298,43.539904887,3.0,35.4,23.8,35.9,26.4,2023-04-12T03:00,2023-04-12T15:13,43959.73,42960.88,9.7,9.7,0.0,0.0,0.0,0.0,0.0,,25.78,7.42,93.0,18.2,7.42,56.0,0.0,1010.7,960.2,24140.0,17.1,0.146,32.3,10192X0095/P21B
2659,102,2023-04-13,4.811397298,43.539904887,3.0,33.2,24.2,35.7,25.3,2023-04-13T03:00,2023-04-13T15:13,43975.24,33276.48,8.8,9.7,0.0,0.0,0.0,0.0,0.0,,17.06,5.4,99.0,17.2,5.4,53.0,0.0,1012.5,961.9,23887.5,11.0,0.147,32.3,10192X0095/P21B
2660,103,2023-04-14,4.811397298,43.539904887,3.0,34.7,23.1,37.0,23.6,2023-04-14T02:59,2023-04-14T15:12,43990.73,43006.39,9.7,9.7,0.0,0.2,0.0,0.0,0.0,,25.32,7.56,41.0,15.3,7.56,44.0,0.0,1011.9,961.5,24140.0,12.8,0.148,32.5,10192X0095/P21B
2661,104,2023-04-15,4.811397298,43.539904887,61.0,33.8,24.0,34.8,26.0,2023-04-15T02:59,2023-04-15T15:12,44006.19,39428.84,8.55,9.65,2.1,6.3,0.0,2.1,5.0,,21.64,6.15,54.0,18.6,6.15,56.0,0.0,1011.2,960.7,23851.67,13.3,0.15,32.6,10192X0095/P21B
2662,105,2023-04-16,4.811397298,43.539904887,53.0,30.8,22.8,36.2,24.8,2023-04-16T02:59,2023-04-16T15:12,44021.6,32967.93,8.55,9.65,1.7,4.9,0.0,1.7,8.0,,17.72,3.83,79.0,21.1,3.83,76.0,0.0,1010.8,959.9,21593.34,6.2,0.153,32.0,10192X0095/P21B
2663,106,2023-04-17,4.811397298,43.539904887,63.0,28.6,22.3,32.0,26.2,2023-04-17T02:58,2023-04-17T15:12,44036.95,36754.6,7.3,9.65,6.4,9.5,0.0,6.4,8.0,,18.32,3.7,41.0,21.1,3.7,79.0,0.0,1010.5,959.5,23944.17,7.2,0.154,31.6,10192X0095/P21B
2664,107,2023-04-18,4.811397298,43.539904887,55.0,29.1,22.1,35.2,24.5,2023-04-18T02:58,2023-04-18T15:12,44052.24,43094.38,9.6,9.6,2.8,5.4,0.0,2.8,7.0,,23.35,4.78,43.0,21.5,4.78,79.0,0.0,1012.3,961.2,24114.17,7.5,0.153,31.3,10192X0095/P21B
2665,108,2023-04-19,4.811397298,43.539904887,3.0,31.1,22.0,35.4,25.6,2023-04-19T02:57,2023-04-19T15:12,44067.44,43115.48,9.6,9.6,0.0,1.5,0.0,0.0,0.0,,25.06,5.4,33.0,20.3,5.4,70.0,0.0,1011.0,960.1,23380.0,6.3,0.149,31.4,10192X0095/P21B
2666,109,2023-04-20,4.811397298,43.539904887,51.0,31.1,23.0,34.6,25.6,2023-04-20T02:57,2023-04-20T15:12,44082.55,42151.58,9.55,9.6,0.6,5.5,0.0,0.6,4.0,,21.74,4.88,45.0,20.9,4.88,72.0,0.0,1008.7,957.9,22745.84,11.5,0.148,31.5,10192X0095/P21B
2667,110,2023-04-21,4.811397298,43.539904887,63.0,31.7,23.2,36.6,27.4,2023-04-21T02:57,2023-04-21T15:12,44097.56,43156.28,9.6,9.6,4.3,1.8,0.0,4.3,6.0,,24.25,5.32,64.0,21.5,5.32,70.0,0.0,1006.6,956.1,24140.0,7.4,0.148,31.7,10192X0095/P21B
2668,111,2023-04-22,4.811397298,43.539904887,61.0,29.1,22.9,32.8,25.4,2023-04-22T02:56,2023-04-22T15:12,44112.45,23050.02,6.2,9.55,5.0,12.4,0.0,5.0,11.0,,13.98,3.06,97.0,21.8,3.06,82.0,0.0,1009.0,958.0,23321.67,12.3,0.154,31.3,10192X0095/P21B
2669,112,2023-04-23,4.811397298,43.539904887,63.0,28.2,21.9,33.8,24.8,2023-04-23T02:56,2023-04-23T15:12,44127.21,33284.68,8.45,9.55,10.8,7.3,0.0,10.8,5.0,,18.64,3.74,98.0,21.4,3.74,82.0,0.0,1010.7,959.6,22271.67,5.7,0.17,30.6,10192X0095/P21B
2670,113,2023-04-24,4.811397298,43.539904887,63.0,30.6,22.4,35.7,24.9,2023-04-24T02:56,2023-04-24T15:11,44141.83,42266.89,9.45,9.55,3.4,0.1,0.0,3.4,4.0,,23.55,4.97,82.0,22.2,4.97,78.0,0.0,1010.1,959.3,24106.67,9.2,0.176,30.3,10192X0095/P21B
2671,114,2023-04-25,4.811397298,43.539904887,63.0,28.9,21.9,35.5,23.8,2023-04-25T02:55,2023-04-25T15:11,44156.29,41321.1,9.2,9.5,9.4,11.7,0.0,9.4,8.0,,20.17,4.08,88.0,21.8,4.08,83.0,0.0,1011.2,960.0,21335.84,9.1,0.173,30.2,10192X0095/P21B
2672,115,2023-04-26,4.811397298,43.539904887,51.0,29.8,21.9,34.1,25.3,2023-04-26T02:55,2023-04-26T15:11,44170.58,42686.73,9.55,9.55,0.1,7.2,0.0,0.1,1.0,,24.7,5.06,60.0,21.5,5.06,79.0,0.0,1010.6,959.7,23995.84,11.9,0.168,30.0,10192X0095/P21B
2673,116,2023-04-27,4.811397298,43.539904887,3.0,30.2,22.8,33.5,25.8,2023-04-27T02:55,2023-04-27T15:11,44184.68,40967.99,9.5,9.5,0.0,2.4,0.0,0.0,0.0,,22.71,4.88,74.0,21.9,4.88,77.0,0.0,1009.7,958.9,24140.0,15.4,0.164,29.9,10192X0095/P21B
2674,117,2023-04-28,4.811397298,43.539904887,63.0,26.5,22.1,30.6,25.0,2023-04-28T02:55,2023-04-28T15:11,44198.61,5065.65,7.35,9.45,19.9,6.1,0.0,19.9,12.0,,10.6,2.28,100.0,21.5,2.28,86.0,0.0,1011.9,960.6,22327.5,10.7,0.178,29.5,10192X0095/P21B
2675,118,2023-04-29,4.811397298,43.539904887,51.0,29.1,21.8,32.2,24.7,2023-04-29T02:54,2023-04-29T15:11,44212.46,41417.07,7.6,9.45,0.8,3.5,0.0,0.8,6.0,,22.77,4.58,71.0,21.5,4.58,82.0,0.0,1010.8,959.7,22526.67,15.7,0.185,29.1,10192X0095/P21B
2676,119,2023-04-30,4.811397298,43.539904887,51.0,28.5,21.9,31.9,24.6,2023-04-30T02:54,2023-04-30T15:11,44226.25,42826.66,9.35,9.45,1.0,3.1,0.0,1.0,7.0,,20.65,4.22,97.0,21.6,4.22,82.0,0.0,1011.0,959.9,22241.67,17.4,0.181,29.0,10192X0095/P21B
2677,120,2023-05-01,4.811397298,43.539904887,51.0,29.3,21.5,31.6,23.1,2023-05-01T02:54,2023-05-01T15:11,44239.96,39631.95,8.95,9.45,0.3,0.7,0.0,0.3,2.0,,19.51,4.16,79.0,21.1,4.16,81.0,0.0,1011.7,960.5,23723.34,19.7,0.178,28.7,10192X0095/P21B
2678,121,2023-05-02,4.811397298,43.539904887,51.0,30.2,21.9,33.1,23.7,2023-05-02T02:54,2023-05-02T15:11,44253.58,43200.0,9.4,9.4,0.1,0.1,0.0,0.1,1.0,,24.89,5.32,54.0,21.3,5.32,77.0,0.0,1012.2,961.1,24140.0,18.5,0.174,28.8,10192X0095/P21B
2679,122,2023-05-03,4.811397298,43.539904887,51.0,30.2,22.3,32.4,24.0,2023-05-03T02:54,2023-05-03T15:11,44267.1,43200.0,9.0,9.4,0.1,0.0,0.0,0.1,1.0,,23.75,5.17,84.0,20.8,5.17,75.0,0.0,1014.0,962.8,23807.5,18.5,0.169,28.8,10192X0095/P21B
2680,123,2023-05-04,4.811397298,43.539904887,51.0,31.2,22.3,33.2,24.1,2023-05-04T02:53,2023-05-04T15:11,44280.51,43200.0,7.8,9.35,0.1,0.0,0.0,0.1,1.0,,24.45,5.79,69.0,20.4,5.79,71.0,0.0,1013.8,962.8,23865.84,19.8,0.165,28.9,10192X0095/P21B
2681,124,2023-05-05,4.811397298,43.539904887,3.0,31.9,22.4,33.6,23.9,2023-05-05T02:53,2023-05-05T15:11,44293.8,43200.0,9.35,9.35,0.0,0.1,0.0,0.0,0.0,,25.1,6.38,45.0,20.1,6.38,67.0,0.0,1013.3,962.4,23771.67,21.8,0.162,29.1,10192X0095/P21B
2682,125,2023-05-06,4.811397298,43.539904887,3.0,32.7,22.5,33.8,24.5,2023-05-06T02:53,2023-05-06T15:11,44306.95,43200.0,9.35,9.35,0.0,0.1,0.0,0.0,0.0,,24.14,6.53,44.0,19.9,6.53,65.0,0.0,1012.4,961.7,24040.84,21.5,0.16,29.4,10192X0095/P21B
2683,126,2023-05-07,4.811397298,43.539904887,3.0,33.1,22.9,33.5,24.3,2023-05-07T02:53,2023-05-07T15:11,44319.94,43200.0,9.35,9.35,0.0,0.1,0.0,0.0,0.0,,23.93,6.91,37.0,19.4,6.91,62.0,0.0,1012.0,961.3,24140.0,23.5,0.16,29.7,10192X0095/P21B
2684,127,2023-05-08,4.811397298,43.539904887,1.0,33.4,23.3,33.2,24.2,2023-05-08T02:53,2023-05-08T15:11,44332.78,43200.0,9.25,9.3,0.0,0.0,0.0,0.0,0.0,,24.36,7.37,10.0,18.9,7.37,60.0,0.0,1011.5,960.9,24140.0,25.3,0.16,30.0,10192X0095/P21B
2685,128,2023-05-09,4.811397298,43.539904887,3.0,32.7,23.1,32.3,23.7,2023-05-09T02:52,2023-05-09T15:11,44345.45,43200.0,9.25,9.3,0.0,0.0,0.0,0.0,0.0,,23.32,6.95,33.0,19.3,6.95,62.0,0.0,1011.6,960.9,23547.5,26.7,0.16,30.1,10192X0095/P21B
2686,129,2023-05-10,4.811397298,43.539904887,3.0,32.7,22.8,32.0,23.7,2023-05-10T02:52,2023-05-10T15:12,44357.92,43200.0,9.25,9.25,0.0,0.1,0.0,0.0,0.0,,24.51,7.33,39.0,18.6,7.33,59.0,0.0,1011.7,961.1,24140.0,25.2,0.16,30.2,10192X0095/P21B
2687,130,2023-05-11,4.811397298,43.539904887,3.0,33.8,23.7,33.3,24.5,2023-05-11T02:52,2023-05-11T15:12,44370.19,43200.0,9.1,9.25,0.0,0.0,0.0,0.0,0.0,,24.68,7.65,83.0,18.2,7.65,55.0,0.0,1012.6,962.0,24140.0,23.9,0.16,30.4,10192X0095/P21B
2688,131,2023-05-12,4.811397298,43.539904887,51.0,33.8,23.4,33.1,24.3,2023-05-12T02:52,2023-05-12T15:12,44382.26,43200.0,8.8,9.25,0.1,0.0,0.0,0.1,1.0,,25.04,7.86,57.0,18.0,7.86,54.0,0.0,1012.4,961.8,24140.0,24.3,0.16,30.6,10192X0095/P21B
2689,132,2023-05-13,4.811397298,43.539904887,3.0,33.6,23.5,33.8,24.8,2023-05-13T02:52,2023-05-13T15:12,44394.08,43200.0,9.25,9.25,0.0,0.0,0.0,0.0,0.0,,24.75,7.51,37.0,18.5,7.51,55.0,0.0,1013.2,962.6,24140.0,22.4,0.159,30.8,10192X0095/P21B
2690,133,2023-05-14,4.811397298,43.539904887,3.0,34.2,23.5,33.8,24.7,2023-05-14T02:52,2023-05-14T15:12,44405.67,43200.0,9.2,9.2,0.0,0.0,0.0,0.0,0.0,,24.33,7.86,66.0,18.6,7.86,55.0,0.0,1012.6,962.1,24140.0,25.2,0.159,31.0,10192X0095/P21B
2691,134,2023-05-15,4.811397298,43.539904887,3.0,34.0,23.5,32.6,23.9,2023-05-15T02:52,2023-05-15T15:12,44417.0,43200.0,9.2,9.2,0.0,0.1,0.0,0.0,0.0,,24.66,8.41,28.0,17.3,8.41,51.0,0.0,1012.5,961.9,24140.0,26.8,0.158,31.1,10192X0095/P21B
2692,135,2023-05-16,4.811397298,43.539904887,3.0,35.4,23.8,33.7,23.9,2023-05-16T02:52,2023-05-16T15:12,44428.06,40246.83,9.2,9.2,0.0,0.0,0.0,0.0,0.0,,24.71,8.82,35.0,16.5,8.82,47.0,0.0,1012.2,961.8,24140.0,25.0,0.158,31.3,10192X0095/P21B
2693,136,2023-05-17,4.811397298,43.539904887,3.0,34.8,24.2,34.2,25.1,2023-05-17T02:52,2023-05-17T15:12,44438.84,43200.0,9.15,9.15,0.0,0.0,0.0,0.0,0.0,,24.39,8.26,55.0,17.9,8.26,52.0,0.0,1012.1,961.7,24140.0,25.1,0.158,31.5,10192X0095/P21B
2694,137,2023-05-18,4.811397298,43.539904887,3.0,34.9,24.4,34.6,25.3,2023-05-18T02:51,2023-05-18T15:12,44449.33,43200.0,9.1,9.15,0.0,0.0,0.0,0.0,0.0,,24.86,8.05,43.0,18.2,8.05,52.0,0.0,1012.3,962.0,24140.0,22.4,0.158,31.7,10192X0095/P21B
2695,138,2023-05-19,4.811397298,43.539904887,1.0,34.6,24.4,35.2,25.1,2023-05-19T02:51,2023-05-19T15:12,44459.62,43200.0,9.15,9.15,0.0,0.0,0.0,0.0,0.0,,24.91,7.89,6.0,18.3,7.89,52.0,0.0,1012.3,961.9,24140.0,21.8,0.157,31.9,10192X0095/P21B
2696,139,2023-05-20,4.811397298,43.539904887,3.0,35.2,23.5,34.5,24.9,2023-05-20T02:51,2023-05-20T15:13,44469.73,43200.0,9.15,9.15,0.0,0.0,0.0,0.0,0.0,,25.61,8.41,22.0,17.1,8.41,49.0,0.0,1010.9,960.6,24140.0,21.6,0.157,32.1,10192X0095/P21B
2697,140,2023-05-21,4.811397298,43.539904887,3.0,35.2,23.8,35.9,24.9,2023-05-21T02:51,2023-05-21T15:13,44479.64,43200.0,9.1,9.1,0.0,0.0,0.0,0.0,0.0,,25.17,8.09,30.0,17.0,8.09,47.0,0.0,1010.9,960.6,24140.0,19.1,0.157,32.2,10192X0095/P21B
2698,141,2023-05-22,4.811397298,43.539904887,3.0,35.5,24.8,36.7,26.0,2023-05-22T02:51,2023-05-22T15:13,44489.33,43200.0,9.05,9.1,0.0,0.1,0.0,0.0,0.0,,24.0,7.95,27.0,16.9,7.95,45.0,0.0,1011.0,960.8,24140.0,17.1,0.156,32.5,10192X0095/P21B
2699,142,2023-05-23,4.811397298,43.539904887,55.0,32.0,23.4,33.4,24.9,2023-05-23T02:51,2023-05-23T15:13,44498.81,36104.43,8.75,9.05,4.1,10.3,0.0,4.1,9.0,,15.87,4.93,67.0,19.1,4.93,60.0,0.0,1012.7,962.0,24119.17,14.5,0.157,32.4,10192X0095/P21B
2700,143,2023-05-24,4.811397298,43.539904887,63.0,29.9,23.6,32.2,26.7,2023-05-24T02:51,2023-05-24T15:13,44508.05,39600.0,7.9,9.05,16.4,0.2,0.0,16.4,16.0,,17.86,4.25,75.0,20.8,4.25,72.0,0.0,1013.5,962.5,23204.17,13.1,0.166,31.8,10192X0095/P21B
2701,144,2023-05-25,4.811397298,43.539904887,51.0,30.1,23.1,32.6,26.0,2023-05-25T02:51,2023-05-25T15:13,44517.05,39600.0,9.05,9.05,0.6,0.0,0.0,0.6,3.0,,20.87,4.64,50.0,20.9,4.64,72.0,0.0,1013.5,962.5,24105.84,10.5,0.169,31.3,10192X0095/P21B
2702,145,2023-05-26,4.811397298,43.539904887,61.0,31.4,22.2,32.7,23.5,2023-05-26T02:51,2023-05-26T15:14,44525.81,38062.93,8.95,9.05,3.9,0.4,0.0,3.9,6.0,,21.43,5.31,55.0,19.4,5.31,67.0,0.0,1013.3,962.3,24140.0,14.5,0.167,31.0,10192X0095/P21B
2703,146,2023-05-27,4.811397298,43.539904887,3.0,32.3,21.8,32.6,23.1,2023-05-27T02:51,2023-05-27T15:14,44534.31,43200.0,9.0,9.0,0.0,0.0,0.0,0.0,0.0,,24.04,6.51,66.0,16.7,6.51,57.0,0.0,1013.6,962.6,24140.0,17.1,0.166,30.8,10192X0095/P21B
2704,147,2023-05-28,4.811397298,43.539904887,3.0,32.5,21.6,31.8,21.9,2023-05-28T02:52,2023-05-28T15:14,44542.53,43200.0,9.0,9.0,0.0,0.0,0.0,0.0,0.0,,24.93,6.87,80.0,16.7,6.87,57.0,0.0,1013.5,962.5,23880.84,19.8,0.165,30.8,10192X0095/P21B
2705,148,2023-05-29,4.811397298,43.539904887,3.0,33.4,22.1,33.1,23.3,2023-05-29T02:52,2023-05-29T15:14,44550.47,37903.43,8.9,9.0,0.0,0.0,0.0,0.0,0.0,,22.75,7.38,89.0,16.4,7.38,52.0,0.0,1013.5,962.7,24140.0,20.4,0.164,30.9,10192X0095/P21B
2706,149,2023-05-30,4.811397298,43.539904887,3.0,33.7,23.0,33.7,24.0,2023-05-30T02:52,2023-05-30T15:14,44558.12,43200.0,8.95,8.95,0.0,0.0,0.0,0.0,0.0,,24.26,7.8,51.0,17.4,7.8,52.0,0.0,1013.3,962.7,24140.0,22.0,0.163,31.2,10192X0095/P21B
2707,150,2023-05-31,4.811397298,43.539904887,3.0,32.8,23.4,32.5,23.5,2023-05-31T02:52,2023-05-31T15:14,44565.47,43133.91,8.9,8.9,0.0,0.0,0.0,0.0,0.0,,21.51,7.16,21.0,17.8,7.16,54.0,0.0,1013.2,962.5,24140.0,24.9,0.163,31.3,10192X0095/P21B
2708,151,2023-06-01,4.811397298,43.539904887,3.0,32.9,23.3,32.0,23.6,2023-06-01T02:52,2023-06-01T15:15,44572.5,43200.0,8.9,8.95,0.0,0.0,0.0,0.0,0.0,,23.21,7.57,39.0,17.8,7.57,54.0,0.0,1012.7,962.0,24140.0,24.5,0.162,31.4,10192X0095/P21B
2709,152,2023-06-02,4.811397298,43.539904887,3.0,33.4,23.2,32.5,23.4,2023-06-02T02:52,2023-06-02T15:15,44579.22,43200.0,8.9,8.95,0.0,0.0,0.0,0.0,0.0,,23.99,8.02,16.0,16.8,8.02,51.0,0.0,1012.9,962.3,24140.0,23.4,0.162,31.5,10192X0095/P21B
2710,153,2023-06-03,4.811397298,43.539904887,3.0,33.8,23.6,33.5,24.5,2023-06-03T02:52,2023-06-03T15:15,44585.6,43200.0,8.9,8.9,0.0,0.0,0.0,0.0,0.0,,23.71,7.65,23.0,18.1,7.65,55.0,0.0,1013.2,962.6,24140.0,24.0,0.162,31.6,10192X0095/P21B
2711,154,2023-06-04,4.811397298,43.539904887,3.0,33.3,23.2,33.4,23.7,2023-06-04T02:52,2023-06-04T15:15,44591.63,43200.0,8.9,8.9,0.0,0.0,0.0,0.0,0.0,,22.65,7.0,60.0,18.6,7.0,59.0,0.0,1013.4,962.6,24140.0,24.3,0.161,31.6,10192X0095/P21B
2712,155,2023-06-05,4.811397298,43.539904887,3.0,33.4,23.2,32.7,24.1,2023-06-05T02:52,2023-06-05T15:16,44597.31,42576.04,8.9,8.95,0.0,0.0,0.0,0.0,0.0,,22.2,7.61,47.0,17.5,7.61,53.0,0.0,1012.7,962.1,24140.0,24.5,0.161,31.7,10192X0095/P21B
2713,156,2023-06-06,4.811397298,43.539904887,3.0,33.9,23.0,32.7,23.5,2023-06-06T02:52,2023-06-06T15:16,44602.62,43200.0,8.9,8.9,0.0,0.0,0.0,0.0,0.0,,22.13,7.75,42.0,17.2,7.75,52.0,0.0,1013.1,962.5,24140.0,25.9,0.161,31.7,10192X0095/P21B
2714,157,2023-06-07,4.811397298,43.539904887,3.0,33.5,22.9,31.2,22.7,2023-06-07T02:53,2023-06-07T15:16,44607.57,43200.0,8.9,8.9,0.0,0.0,0.0,0.0,0.0,,24.38,8.39,57.0,15.2,8.39,47.0,0.0,1013.1,962.5,24140.0,25.1,0.16,31.6,10192X0095/P21B
2715,158,2023-06-08,4.811397298,43.539904887,3.0,34.7,23.0,31.8,22.5,2023-06-08T02:53,2023-06-08T15:16,44612.19,43200.0,8.8,8.9,0.0,0.0,0.0,0.0,0.0,,24.16,8.73,88.0,16.1,8.73,48.0,0.0,1012.5,962.0,24140.0,26.7,0.16,31.7,10192X0095/P21B
2716,159,2023-06-09,4.811397298,43.539904887,3.0,34.1,23.4,32.2,23.1,2023-06-09T02:53,2023-06-09T15:16,44616.5,43200.0,8.8,8.9,0.0,0.0,0.0,0.0,0.0,,23.28,8.09,73.0,17.6,8.09,54.0,0.0,1012.5,961.8,24140.0,29.2,0.16,31.7,10192X0095/P21B
2717,160,2023-06-10,4.811397298,43.539904887,3.0,33.5,23.2,30.7,23.5,2023-06-10T02:53,2023-06-10T15:17,44620.48,43200.0,8.85,8.85,0.0,0.0,0.0,0.0,0.0,,23.84,8.54,77.0,15.4,8.54,47.0,0.0,1012.1,961.5,24140.0,26.7,0.159,31.8,10192X0095/P21B
2718,161,2023-06-11,4.811397298,43.539904887,3.0,33.6,22.8,30.7,21.2,2023-06-11T02:53,2023-06-11T15:17,44624.14,40902.12,8.6,8.9,0.0,0.0,0.0,0.0,0.0,,23.84,9.0,54.0,15.9,9.0,47.0,0.0,1012.1,961.5,24140.0,30.3,0.159,31.7,10192X0095/P21B
2719,162,2023-06-12,4.811397298,43.539904887,3.0,34.0,23.7,30.8,22.4,2023-06-12T02:53,2023-06-12T15:17,44627.46,43200.0,8.9,8.9,0.0,0.0,0.0,0.0,0.0,,23.01,9.11,77.0,15.2,9.11,46.0,0.0,1011.1,960.6,24140.0,30.5,0.159,31.8,10192X0095/P21B
2720,163,2023-06-13,4.811397298,43.539904887,3.0,33.8,22.8,31.1,21.0,2023-06-13T02:53,2023-06-13T15:17,44630.46,42749.1,8.8,8.85,0.0,0.0,0.0,0.0,0.0,,23.03,8.6,64.0,15.7,8.6,48.0,0.0,1011.7,961.1,24140.0,28.9,0.159,31.8,10192X0095/P21B
2721,164,2023-06-14,4.811397298,43.539904887,3.0,34.7,24.0,33.1,23.0,2023-06-14T02:54,2023-06-14T15:18,44633.12,43200.0,8.85,8.85,0.0,0.0,0.0,0.0,0.0,,22.44,8.79,79.0,15.6,8.79,45.0,0.0,1012.0,961.6,24140.0,26.6,0.159,31.9,10192X0095/P21B
2722,165,2023-06-15,4.811397298,43.539904887,3.0,33.9,23.2,32.3,21.7,2023-06-15T02:54,2023-06-15T15:18,44635.46,43037.44,8.85,8.85,0.0,0.0,0.0,0.0,0.0,,22.88,8.42,84.0,15.7,8.42,46.0,0.0,1012.8,962.3,24140.0,25.1,0.159,31.9,10192X0095/P21B
2723,166,2023-06-16,4.811397298,43.539904887,3.0,34.2,23.6,31.7,21.9,2023-06-16T02:54,2023-06-16T15:18,44637.45,43200.0,8.85,8.85,0.0,0.0,0.0,0.0,0.0,,23.16,9.22,72.0,14.3,9.22,42.0,0.0,1011.5,961.1,24140.0,27.9,0.159,32.0,10192X0095/P21B
2724,167,2023-06-17,4.811397298,43.539904887,3.0,32.5,23.1,29.9,21.7,2023-06-17T02:54,2023-06-17T15:18,44639.1,31537.22,8.8,8.9,0.0,0.0,0.0,0.0,0.0,,17.23,7.16,71.0,16.7,7.16,52.0,0.0,1013.1,962.3,24139.17,28.5,0.159,31.8,10192X0095/P21B
2725,168,2023-06-18,4.811397298,43.539904887,3.0,32.7,23.6,30.4,22.8,2023-06-18T02:55,2023-06-18T15:19,44640.41,42350.08,8.85,8.85,0.0,0.0,0.0,0.0,0.0,,18.94,7.44,31.0,16.5,7.44,49.0,0.0,1012.8,962.2,24140.0,24.8,0.158,31.8,10192X0095/P21B
2726,169,2023-06-19,4.811397298,43.539904887,3.0,33.6,23.0,32.0,22.2,2023-06-19T02:55,2023-06-19T15:19,44641.38,36000.0,8.85,8.85,0.0,0.0,0.0,0.0,0.0,,20.96,7.79,44.0,16.5,7.79,50.0,0.0,1012.2,961.6,24140.0,26.0,0.158,31.7,10192X0095/P21B
2727,170,2023-06-20,4.811397298,43.539904887,3.0,34.1,23.0,32.5,22.2,2023-06-20T02:55,2023-06-20T15:19,44641.99,43200.0,8.85,8.85,0.0,0.0,0.0,0.0,0.0,,22.28,7.91,68.0,16.6,7.91,51.0,0.0,1011.7,961.1,24140.0,27.3,0.158,31.7,10192X0095/P21B
2728,171,2023-06-21,4.811397298,43.539904887,3.0,32.8,22.9,30.6,21.7,2023-06-21T02:55,2023-06-21T15:19,44642.27,33741.86,8.8,8.85,0.0,0.0,0.0,0.0,0.0,,18.89,7.64,89.0,16.1,7.64,50.0,0.0,1011.9,961.3,24140.0,27.3,0.158,31.6,10192X0095/P21B
2729,172,2023-06-22,4.811397298,43.539904887,3.0,32.0,23.1,30.4,21.7,2023-06-22T02:55,2023-06-22T15:19,44642.19,32641.54,8.2,8.8,0.0,0.0,0.0,0.0,0.0,,18.04,7.23,77.0,16.8,7.23,52.0,0.0,1012.0,961.3,24140.0,28.7,0.158,31.6,10192X0095/P21B
2730,173,2023-06-23,4.811397298,43.539904887,3.0,31.3,22.9,28.2,21.3,2023-06-23T02:56,2023-06-23T15:20,44641.77,30097.31,8.65,8.8,0.0,0.0,0.0,0.0,0.0,,16.42,7.02,86.0,15.7,7.02,50.0,0.0,1013.3,962.4,24140.0,28.2,0.157,31.3,10192X0095/P21B
2731,174,2023-06-24,4.811397298,43.539904887,3.0,32.6,22.9,29.5,20.7,2023-06-24T02:56,2023-06-24T15:20,44640.99,28315.56,8.8,8.8,0.0,0.0,0.0,0.0,0.0,,18.53,7.8,64.0,14.6,7.8,46.0,0.0,1012.8,962.0,24140.0,28.0,0.157,31.2,10192X0095/P21B
2732,175,2023-06-25,4.811397298,43.539904887,3.0,34.0,22.4,31.6,20.1,2023-06-25T02:56,2023-06-25T15:20,44639.86,39722.81,8.7,8.85,0.0,0.0,0.0,0.0,0.0,,22.32,8.67,75.0,14.8,8.67,46.0,0.0,1011.2,960.6,24140.0,30.0,0.157,31.2,10192X0095/P21B
2733,176,2023-06-26,4.811397298,43.539904887,3.0,31.7,22.2,28.8,20.0,2023-06-26T02:56,2023-06-26T15:20,44638.38,28689.22,8.25,8.8,0.0,0.0,0.0,0.0,0.0,,16.98,6.82,100.0,16.6,6.82,55.0,0.0,1012.3,961.4,24140.0,30.7,0.157,31.0,10192X0095/P21B
2734,177,2023-06-27,4.811397298,43.539904887,3.0,31.5,23.1,28.8,21.0,2023-06-27T02:56,2023-06-27T15:20,44636.54,22480.88,8.7,8.85,0.0,0.0,0.0,0.0,0.0,,16.47,6.84,74.0,15.6,6.84,51.0,0.0,1012.6,961.8,24140.0,27.3,0.152,31.0,10192X0095/P21B
2735,178,2023-06-28,4.811397298,43.539904887,3.0,32.0,22.3,29.2,22.1,2023-06-28T02:57,2023-06-28T15:21,44634.32,30143.1,8.6,8.8,0.0,0.0,0.0,0.0,0.0,,17.29,6.81,65.0,17.1,6.81,56.0,0.0,1013.6,962.7,24140.0,28.9,0.148,31.1,10192X0095/P21B
2736,179,2023-06-29,4.811397298,43.539904887,3.0,30.9,22.1,28.3,22.2,2023-06-29T02:57,2023-06-29T15:21,44631.73,31231.67,8.75,8.8,0.0,0.0,0.0,0.0,0.0,,16.51,6.27,81.0,17.7,6.27,60.0,0.0,1014.3,963.2,24140.0,29.9,0.148,31.0,10192X0095/P21B
2737,180,2023-06-30,4.811397298,43.539904887,3.0,31.1,22.5,28.2,21.5,2023-06-30T02:57,2023-06-30T15:21,44628.76,36269.08,7.6,8.8,0.0,0.0,0.0,0.0,0.0,,16.64,6.69,72.0,16.9,6.69,56.0,0.0,1014.4,963.4,24140.0,29.7,0.148,30.9,10192X0095/P21B
2738,181,2023-07-01,4.811397298,43.539904887,3.0,31.3,22.4,28.4,22.1,2023-07-01T02:57,2023-07-01T15:21,44625.44,36760.94,8.8,8.8,0.0,0.1,0.0,0.0,0.0,,19.6,6.69,96.0,17.4,6.69,60.0,0.0,1015.5,964.4,24140.0,30.3,0.148,30.8,10192X0095/P21B
2739,182,2023-07-02,4.811397298,43.539904887,3.0,30.1,23.1,25.9,20.6,2023-07-02T02:58,2023-07-02T15:21,44621.76,36779.67,5.65,8.85,0.0,0.0,0.0,0.0,0.0,,17.33,7.39,69.0,15.4,7.39,51.0,0.0,1016.1,965.0,24140.0,32.6,0.148,30.8,10192X0095/P21B
2740,183,2023-07-03,4.811397298,43.539904887,3.0,30.8,22.2,27.2,19.9,2023-07-03T02:58,2023-07-03T15:21,44617.73,33757.39,8.85,8.85,0.0,0.0,0.0,0.0,0.0,,18.5,7.49,51.0,15.2,7.49,51.0,0.0,1016.3,965.2,24140.0,31.2,0.148,30.7,10192X0095/P21B
2741,184,2023-07-04,4.811397298,43.539904887,3.0,31.2,22.7,27.3,20.2,2023-07-04T02:58,2023-07-04T15:22,44613.37,31822.95,8.4,8.85,0.0,0.0,0.0,0.0,0.0,,19.81,7.77,65.0,14.9,7.77,50.0,0.0,1015.4,964.4,24140.0,31.2,0.147,30.7,10192X0095/P21B
2742,185,2023-07-05,4.811397298,43.539904887,3.0,32.1,22.5,28.1,19.9,2023-07-05T02:58,2023-07-05T15:22,44608.67,33922.01,8.9,8.9,0.0,0.0,0.0,0.0,0.0,,20.52,8.25,63.0,14.7,8.25,48.0,0.0,1013.3,962.4,24140.0,32.6,0.147,30.7,10192X0095/P21B
2743,186,2023-07-06,4.811397298,43.539904887,3.0,31.3,21.9,26.6,18.8,2023-07-06T02:58,2023-07-06T15:22,44603.65,27406.4,8.6,8.9,0.0,0.0,0.0,0.0,0.0,,17.28,7.79,73.0,15.1,7.79,50.0,0.0,1013.5,962.6,24140.0,34.9,0.147,30.5,10192X0095/P21B
2744,187,2023-07-07,4.811397298,43.539904887,3.0,31.7,22.8,27.5,20.2,2023-07-07T02:59,2023-07-07T15:22,44598.32,42878.93,5.0,8.85,0.0,0.0,0.0,0.0,0.0,,20.74,7.86,32.0,15.7,7.86,53.0,0.0,1015.4,964.4,24140.0,33.6,0.147,30.6,10192X0095/P21B
2745,188,2023-07-08,4.811397298,43.539904887,3.0,31.5,21.6,27.7,19.1,2023-07-08T02:59,2023-07-08T15:22,44592.67,40275.47,8.9,8.9,0.0,0.0,0.0,0.0,0.0,,20.03,7.96,47.0,14.2,7.96,48.0,0.0,1014.9,963.8,24140.0,31.7,0.147,30.4,10192X0095/P21B
2746,189,2023-07-09,4.811397298,43.539904887,3.0,31.0,22.2,27.3,20.3,2023-07-09T02:59,2023-07-09T15:22,44586.73,38819.75,8.9,8.9,0.0,0.0,0.0,0.0,0.0,,19.21,7.65,69.0,15.9,7.65,52.0,0.0,1013.5,962.6,24140.0,32.1,0.147,30.4,10192X0095/P21B
2747,190,2023-07-10,4.811397298,43.539904887,3.0,33.4,22.4,29.7,20.3,2023-07-10T02:59,2023-07-10T15:22,44580.49,42635.72,8.9,8.9,0.0,0.0,0.0,0.0,0.0,,22.45,8.7,72.0,15.3,8.7,49.0,0.0,1012.3,961.7,24140.0,32.2,0.147,30.6,10192X0095/P21B
2748,191,2023-07-11,4.811397298,43.539904887,3.0,33.9,22.6,31.5,21.9,2023-07-11T02:59,2023-07-11T15:22,44573.96,39037.25,8.95,8.95,0.0,0.0,0.0,0.0,0.0,,23.19,8.67,61.0,15.5,8.67,48.0,0.0,1012.5,961.8,24140.0,28.7,0.147,30.8,10192X0095/P21B
2749,192,2023-07-12,4.811397298,43.539904887,3.0,33.7,23.1,29.8,20.7,2023-07-12T03:00,2023-07-12T15:22,44567.17,34407.71,8.95,8.95,0.0,0.0,0.0,0.0,0.0,,20.98,8.64,48.0,15.1,8.64,47.0,0.0,1012.9,962.2,24140.0,32.9,0.147,30.8,10192X0095/P21B
2750,193,2023-07-13,4.811397298,43.539904887,3.0,31.2,22.5,27.3,19.6,2023-07-13T03:00,2023-07-13T15:23,44560.09,35327.24,8.95,8.95,0.0,0.0,0.0,0.0,0.0,,18.98,7.94,70.0,15.4,7.94,49.0,0.0,1013.7,962.9,24140.0,33.5,0.147,30.7,10192X0095/P21B
2751,194,2023-07-14,4.811397298,43.539904887,3.0,31.5,22.2,27.9,20.0,2023-07-14T03:00,2023-07-14T15:23,44552.76,37741.09,9.0,9.0,0.0,0.0,0.0,0.0,0.0,,17.91,7.35,52.0,16.3,7.35,54.0,0.0,1014.3,963.3,24140.0,33.4,0.147,30.6,10192X0095/P21B
2752,195,2023-07-15,4.811397298,43.539904887,3.0,29.9,22.1,27.0,21.0,2023-07-15T03:00,2023-07-15T15:23,44545.17,27511.92,9.0,9.0,0.0,0.0,0.0,0.0,0.0,,15.86,6.61,72.0,16.3,6.61,55.0,0.0,1015.1,964.0,24140.0,30.2,0.147,30.5,10192X0095/P21B
2753,196,2023-07-16,4.811397298,43.539904887,3.0,31.1,22.0,27.4,20.4,2023-07-16T03:00,2023-07-16T15:23,44537.34,27361.79,8.7,9.05,0.0,0.0,0.0,0.0,0.0,,16.32,6.75,68.0,16.4,6.75,56.0,0.0,1015.2,964.0,24140.0,32.0,0.147,30.4,10192X0095/P21B
2754,197,2023-07-17,4.811397298,43.539904887,3.0,32.4,21.5,28.0,19.0,2023-07-17T03:00,2023-07-17T15:23,44529.26,38945.11,8.65,9.05,0.0,0.0,0.0,0.0,0.0,,22.42,8.45,26.0,14.0,8.45,47.0,0.0,1015.0,964.0,24140.0,31.0,0.147,30.5,10192X0095/P21B
2755,198,2023-07-18,4.811397298,43.539904887,3.0,32.6,21.9,28.5,19.8,2023-07-18T03:01,2023-07-18T15:23,44520.85,35045.12,8.95,9.05,0.0,0.0,0.0,0.0,0.0,,21.52,8.37,28.0,14.7,8.37,48.0,0.0,1014.5,963.6,24140.0,32.4,0.147,30.5,10192X0095/P21B
2756,199,2023-07-19,4.811397298,43.539904887,3.0,32.7,22.1,28.8,20.2,2023-07-19T03:01,2023-07-19T15:23,44512.12,37138.63,8.9,9.1,0.0,0.0,0.0,0.0,0.0,,21.68,8.61,30.0,15.0,8.61,49.0,0.0,1012.9,962.1,24140.0,33.4,0.147,30.5,10192X0095/P21B
2757,200,2023-07-20,4.811397298,43.539904887,3.0,32.8,22.1,29.2,20.2,2023-07-20T03:01,2023-07-20T15:23,44503.07,38294.87,9.1,9.1,0.0,0.0,0.0,0.0,0.0,,22.55,8.9,98.0,14.8,8.9,47.0,0.0,1012.7,961.9,24140.0,32.8,0.147,30.6,10192X0095/P21B
2758,201,2023-07-21,4.811397298,43.539904887,3.0,33.8,23.3,29.7,21.9,2023-07-21T03:01,2023-07-21T15:23,44493.73,34489.1,8.95,9.1,0.0,0.0,0.0,0.0,0.0,,20.78,8.53,92.0,16.1,8.53,50.0,0.0,1014.4,963.6,24140.0,35.2,0.147,30.7,10192X0095/P21B
2759,202,2023-07-22,4.811397298,43.539904887,3.0,32.7,23.5,30.0,21.9,2023-07-22T03:01,2023-07-22T15:23,44484.1,42137.14,8.9,9.1,0.0,0.0,0.0,0.0,0.0,,23.12,8.14,83.0,17.5,8.14,56.0,0.0,1015.6,964.7,24140.0,34.5,0.146,30.8,10192X0095/P21B
2760,203,2023-07-23,4.811397298,43.539904887,3.0,31.6,22.6,28.1,20.8,2023-07-23T03:01,2023-07-23T15:23,44474.2,32667.67,8.9,9.1,0.0,0.0,0.0,0.0,0.0,,16.21,7.0,88.0,16.8,7.0,55.0,0.0,1015.2,964.2,24140.0,32.4,0.146,30.7,10192X0095/P21B
2761,204,2023-07-24,4.811397298,43.539904887,3.0,32.2,22.0,28.3,20.4,2023-07-24T03:01,2023-07-24T15:22,44464.04,34210.0,9.1,9.1,0.0,0.0,0.0,0.0,0.0,,17.85,7.86,44.0,15.4,7.86,51.0,0.0,1013.5,962.6,24140.0,33.5,0.146,30.6,10192X0095/P21B
2762,205,2023-07-25,4.811397298,43.539904887,3.0,32.3,21.7,27.3,19.2,2023-07-25T03:01,2023-07-25T15:22,44453.63,35425.83,9.1,9.15,0.0,0.0,0.0,0.0,0.0,,17.53,8.24,71.0,14.4,8.24,47.0,0.0,1013.1,962.3,24140.0,34.2,0.146,30.6,10192X0095/P21B
2763,206,2023-07-26,4.811397298,43.539904887,3.0,32.9,22.8,29.1,19.9,2023-07-26T03:02,2023-07-26T15:22,44442.99,39016.45,9.15,9.15,0.0,0.0,0.0,0.0,0.0,,22.36,8.97,29.0,14.2,8.97,45.0,0.0,1013.8,963.0,24140.0,33.2,0.146,30.6,10192X0095/P21B
2764,207,2023-07-27,4.811397298,43.539904887,3.0,32.9,22.1,29.1,19.9,2023-07-27T03:02,2023-07-27T15:22,44432.13,29742.06,9.05,9.15,0.0,0.0,0.0,0.0,0.0,,19.98,8.45,54.0,14.5,8.45,47.0,0.0,1014.3,963.4,24140.0,32.3,0.146,30.6,10192X0095/P21B
2765,208,2023-07-28,4.811397298,43.539904887,3.0,29.8,22.8,26.2,21.0,2023-07-28T03:02,2023-07-28T15:22,44421.06,37910.53,8.4,9.2,0.0,0.0,0.0,0.0,0.0,,18.3,6.92,49.0,16.5,6.92,56.0,0.0,1015.0,963.9,24140.0,33.2,0.146,30.4,10192X0095/P21B
2766,209,2023-07-29,4.811397298,43.539904887,3.0,31.6,22.5,28.4,21.9,2023-07-29T03:02,2023-07-29T15:22,44409.79,32644.51,6.0,9.2,0.0,0.0,0.0,0.0,0.0,,17.34,6.76,65.0,16.8,6.76,56.0,0.0,1014.3,963.3,24140.0,29.5,0.146,30.3,10192X0095/P21B
2767,210,2023-07-30,4.811397298,43.539904887,3.0,30.5,22.4,27.3,21.5,2023-07-30T03:02,2023-07-30T15:22,44398.34,24035.91,9.05,9.25,0.0,0.0,0.0,0.0,0.0,,15.6,6.82,61.0,16.8,6.82,55.0,0.0,1013.2,962.3,24140.0,31.5,0.146,30.2,10192X0095/P21B
2768,211,2023-07-31,4.811397298,43.539904887,3.0,32.6,22.0,29.9,19.3,2023-07-31T03:02,2023-07-31T15:22,44386.72,29016.0,6.25,9.2,0.0,0.0,0.0,0.0,0.0,,17.83,7.4,45.0,14.9,7.4,49.0,0.0,1013.8,962.8,23808.34,29.1,0.146,30.2,10192X0095/P21B
2769,212,2023-08-01,4.811397298,43.539904887,3.0,32.4,22.5,28.9,20.3,2023-08-01T03:02,2023-08-01T15:22,44374.94,38504.22,9.2,9.2,0.0,0.0,0.0,0.0,0.0,,22.35,8.54,57.0,14.4,8.54,47.0,0.0,1014.5,963.6,24140.0,32.0,0.146,30.3,10192X0095/P21B
2770,213,2023-08-02,4.811397298,43.539904887,3.0,30.2,23.0,27.0,21.5,2023-08-02T03:02,2023-08-02T15:21,44363.01,26531.06,9.05,9.25,0.0,0.2,0.0,0.0,0.0,,16.68,6.25,100.0,16.4,6.25,58.0,0.0,1016.6,965.3,24140.0,29.2,0.146,30.1,10192X0095/P21B
2771,214,2023-08-03,4.811397298,43.539904887,3.0,32.0,22.2,28.4,20.6,2023-08-03T03:02,2023-08-03T15:21,44350.94,28251.85,9.25,9.25,0.0,0.0,0.0,0.0,0.0,,19.2,8.03,82.0,14.5,8.03,48.0,0.0,1016.8,965.8,24140.0,30.2,0.146,30.1,10192X0095/P21B
2772,215,2023-08-04,4.811397298,43.539904887,3.0,32.3,22.2,28.6,19.8,2023-08-04T03:02,2023-08-04T15:21,44338.76,32429.73,9.2,9.3,0.0,0.0,0.0,0.0,0.0,,21.16,8.35,85.0,14.5,8.35,47.0,0.0,1016.3,965.3,24140.0,30.9,0.146,30.2,10192X0095/P21B
2773,216,2023-08-05,4.811397298,43.539904887,51.0,32.8,22.5,28.9,20.8,2023-08-05T03:02,2023-08-05T15:21,44326.45,42835.38,9.2,9.3,0.5,0.0,0.0,0.5,3.0,,23.01,8.1,75.0,16.8,8.1,54.0,0.0,1016.4,965.4,24140.0,33.2,0.146,30.3,10192X0095/P21B
2774,217,2023-08-06,4.811397298,43.539904887,3.0,32.7,22.0,29.5,19.7,2023-08-06T03:02,2023-08-06T15:21,44314.02,35739.41,8.85,9.3,0.0,0.0,0.0,0.0,0.0,,23.26,8.61,43.0,15.1,8.61,50.0,0.0,1016.4,965.3,24140.0,32.4,0.146,30.4,10192X0095/P21B
2775,218,2023-08-07,4.811397298,43.539904887,3.0,30.9,22.3,26.9,20.1,2023-08-07T03:02,2023-08-07T15:20,44301.38,37805.79,9.3,9.3,0.0,0.0,0.0,0.0,0.0,,19.26,7.63,52.0,16.1,7.63,53.0,0.0,1014.6,963.6,24140.0,33.6,0.146,30.3,10192X0095/P21B
2776,219,2023-08-08,4.811397298,43.539904887,3.0,32.3,22.0,28.2,19.9,2023-08-08T03:02,2023-08-08T15:20,44288.51,35494.75,9.35,9.35,0.0,0.0,0.0,0.0,0.0,,20.62,8.19,56.0,15.0,8.19,49.0,0.0,1013.6,962.7,24140.0,32.5,0.146,30.3,10192X0095/P21B
2777,220,2023-08-09,4.811397298,43.539904887,51.0,31.7,22.2,27.8,20.4,2023-08-09T03:02,2023-08-09T15:20,44275.43,29954.43,9.3,9.35,0.5,0.0,0.0,0.5,2.0,,17.04,7.35,72.0,15.3,7.35,50.0,0.0,1014.3,963.4,24140.0,30.5,0.146,30.2,10192X0095/P21B
2778,221,2023-08-10,4.811397298,43.539904887,51.0,32.5,22.5,29.9,20.6,2023-08-10T03:02,2023-08-10T15:20,44262.15,31466.27,9.35,9.35,0.1,0.0,0.0,0.1,1.0,,19.29,8.07,77.0,14.8,8.07,47.0,0.0,1014.4,963.5,24140.0,28.5,0.145,30.3,10192X0095/P21B
2779,222,2023-08-11,4.811397298,43.539904887,3.0,32.5,22.2,30.3,20.4,2023-08-11T03:02,2023-08-11T15:19,44248.7,31152.61,9.2,9.4,0.0,0.0,0.0,0.0,0.0,,19.88,7.84,73.0,15.3,7.84,49.0,0.0,1013.4,962.6,24140.0,29.0,0.145,30.4,10192X0095/P21B
2780,223,2023-08-12,4.811397298,43.539904887,51.0,33.0,21.7,31.4,20.0,2023-08-12T03:02,2023-08-12T15:19,44235.07,42593.58,9.25,9.4,0.1,0.0,0.0,0.1,1.0,,24.36,8.18,28.0,15.2,8.18,49.0,0.0,1013.6,962.8,24140.0,25.6,0.146,30.5,10192X0095/P21B
2781,224,2023-08-13,4.811397298,43.539904887,3.0,33.8,21.4,32.3,20.4,2023-08-13T03:02,2023-08-13T15:19,44221.29,42852.07,9.45,9.45,0.0,0.0,0.0,0.0,0.0,,24.66,8.28,22.0,14.9,8.28,48.0,0.0,1013.3,962.5,24140.0,24.2,0.145,30.7,10192X0095/P21B
2782,225,2023-08-14,4.811397298,43.539904887,1.0,34.7,22.4,33.3,22.6,2023-08-14T03:02,2023-08-14T15:19,44207.37,42856.55,9.45,9.45,0.0,0.0,0.0,0.0,0.0,,25.5,8.71,3.0,14.7,8.71,46.0,0.0,1013.1,962.5,24140.0,23.0,0.145,30.9,10192X0095/P21B
2783,226,2023-08-15,4.811397298,43.539904887,2.0,34.8,22.5,32.7,22.3,2023-08-15T03:02,2023-08-15T15:18,44193.31,42861.49,9.45,9.45,0.0,0.0,0.0,0.0,0.0,,25.62,8.87,5.0,16.5,8.87,50.0,0.0,1012.7,962.1,24140.0,28.2,0.145,31.0,10192X0095/P21B
2784,227,2023-08-16,4.811397298,43.539904887,3.0,33.4,22.7,30.5,22.6,2023-08-16T03:02,2023-08-16T15:18,44179.14,42866.87,9.4,9.45,0.0,0.0,0.0,0.0,0.0,,25.87,9.02,69.0,14.9,9.02,47.0,0.0,1012.9,962.2,24140.0,28.7,0.145,31.1,10192X0095/P21B
2785,228,2023-08-17,4.811397298,43.539904887,3.0,35.0,22.4,30.4,21.4,2023-08-17T03:01,2023-08-17T15:18,44164.87,42872.67,9.5,9.5,0.0,0.0,0.0,0.0,0.0,,25.53,9.55,37.0,13.7,9.55,44.0,0.0,1012.8,962.1,24140.0,30.0,0.145,31.1,10192X0095/P21B
2786,229,2023-08-18,4.811397298,43.539904887,2.0,33.5,22.0,31.0,20.8,2023-08-18T03:01,2023-08-18T15:17,44150.5,42878.87,9.55,9.55,0.0,0.0,0.0,0.0,0.0,,25.63,8.87,5.0,14.4,8.87,46.0,0.0,1012.8,962.1,24140.0,27.7,0.145,31.2,10192X0095/P21B
2787,230,2023-08-19,4.811397298,43.539904887,3.0,33.4,21.4,31.3,20.6,2023-08-19T03:01,2023-08-19T15:17,44136.05,42885.44,9.55,9.55,0.0,0.0,0.0,0.0,0.0,,25.56,8.68,51.0,14.5,8.68,47.0,0.0,1012.0,961.3,24140.0,26.3,0.145,31.2,10192X0095/P21B
2788,231,2023-08-20,4.811397298,43.539904887,3.0,34.3,22.1,31.7,20.7,2023-08-20T03:01,2023-08-20T15:17,44121.53,42892.37,9.5,9.55,0.0,0.0,0.0,0.0,0.0,,25.98,9.49,76.0,13.3,9.49,41.0,0.0,1011.0,960.5,24140.0,26.5,0.145,31.3,10192X0095/P21B
2789,232,2023-08-21,4.811397298,43.539904887,3.0,33.4,23.3,33.1,23.5,2023-08-21T03:01,2023-08-21T15:16,44106.95,42668.77,6.5,9.5,0.0,0.0,0.0,0.0,0.0,,20.64,7.35,47.0,18.1,7.35,56.0,0.0,1011.0,960.4,24140.0,27.7,0.145,31.3,10192X0095/P21B
2790,233,2023-08-22,4.811397298,43.539904887,3.0,32.9,22.8,33.1,22.4,2023-08-22T03:01,2023-08-22T15:16,44092.33,40796.69,9.6,9.6,0.0,0.1,0.0,0.0,0.0,,21.47,7.08,24.0,17.8,7.08,57.0,0.0,1012.2,961.4,24140.0,25.3,0.145,31.3,10192X0095/P21B
2791,234,2023-08-23,4.811397298,43.539904887,2.0,32.7,21.2,31.6,22.1,2023-08-23T03:01,2023-08-23T15:15,44077.66,42915.05,9.6,9.6,0.0,0.0,0.0,0.0,0.0,,25.9,8.14,10.0,15.1,8.14,50.0,0.0,1011.9,961.2,24140.0,22.9,0.145,31.4,10192X0095/P21B
2792,235,2023-08-24,4.811397298,43.539904887,3.0,33.5,21.0,31.4,20.4,2023-08-24T03:01,2023-08-24T15:15,44062.98,42923.17,9.6,9.6,0.0,0.0,0.0,0.0,0.0,,26.1,8.68,47.0,14.5,8.68,48.0,0.0,1011.4,960.7,24140.0,26.1,0.145,31.4,10192X0095/P21B
2793,236,2023-08-25,4.811397298,43.539904887,1.0,33.8,21.9,32.0,21.3,2023-08-25T03:01,2023-08-25T15:15,44048.28,42931.54,9.6,9.6,0.0,0.0,0.0,0.0,0.0,,25.46,8.65,4.0,15.4,8.65,49.0,0.0,1010.9,960.3,24140.0,26.9,0.145,31.5,10192X0095/P21B
2794,237,2023-08-26,4.811397298,43.539904887,3.0,33.6,21.5,30.6,21.0,2023-08-26T03:00,2023-08-26T15:14,44033.55,42940.14,9.6,9.6,0.0,0.0,0.0,0.0,0.0,,25.69,8.75,53.0,15.2,8.75,49.0,0.0,1011.6,960.9,24140.0,28.6,0.145,31.4,10192X0095/P21B
2795,238,2023-08-27,4.811397298,43.539904887,3.0,33.7,21.3,30.4,19.6,2023-08-27T03:00,2023-08-27T15:14,44018.71,42949.22,9.6,9.6,0.0,0.0,0.0,0.0,0.0,,26.46,9.03,26.0,14.5,9.03,47.0,0.0,1013.1,962.3,24140.0,28.9,0.145,31.4,10192X0095/P21B
2796,239,2023-08-28,4.811397298,43.539904887,1.0,33.6,22.7,30.8,21.9,2023-08-28T03:00,2023-08-28T15:14,44003.73,42958.9,9.6,9.65,0.0,0.0,0.0,0.0,0.0,,25.01,8.78,8.0,16.3,8.78,51.0,0.0,1014.4,963.6,24140.0,31.2,0.145,31.5,10192X0095/P21B
2797,240,2023-08-29,4.811397298,43.539904887,3.0,32.6,22.9,29.3,21.0,2023-08-29T03:00,2023-08-29T15:13,43988.62,40599.28,9.65,9.65,0.0,0.0,0.0,0.0,0.0,,21.52,7.91,42.0,16.6,7.91,55.0,0.0,1014.0,963.0,24140.0,34.3,0.145,31.4,10192X0095/P21B
2798,241,2023-08-30,4.811397298,43.539904887,51.0,32.4,22.7,29.7,21.2,2023-08-30T03:00,2023-08-30T15:13,43973.42,42979.91,9.45,9.6,0.2,0.0,0.0,0.2,2.0,,24.51,8.42,58.0,16.1,8.42,52.0,0.0,1014.3,963.4,24140.0,31.4,0.145,31.4,10192X0095/P21B
2799,242,2023-08-31,4.811397298,43.539904887,51.0,33.0,22.4,30.9,21.6,2023-08-31T03:00,2023-08-31T15:12,43958.12,42991.14,9.65,9.65,0.1,0.0,0.0,0.1,1.0,,25.76,8.56,17.0,16.3,8.56,51.0,0.0,1014.0,963.2,24140.0,28.8,0.145,31.5,10192X0095/P21B
2800,243,2023-09-01,4.811397298,43.539904887,3.0,33.4,22.2,31.3,20.5,2023-09-01T02:59,2023-09-01T15:12,43942.72,38225.92,9.6,9.6,0.0,0.0,0.0,0.0,0.0,,23.23,8.38,39.0,15.4,8.38,48.0,0.0,1013.3,962.6,24140.0,27.4,0.145,31.5,10192X0095/P21B
2801,244,2023-09-02,4.811397298,43.539904887,0.0,34.7,21.9,33.1,21.3,2023-09-02T02:59,2023-09-02T15:11,43927.26,43014.79,9.55,9.6,0.0,0.0,0.0,0.0,0.0,,26.02,9.27,2.0,15.0,9.27,47.0,0.0,1012.5,961.9,24140.0,28.5,0.145,31.6,10192X0095/P21B
2802,245,2023-09-03,4.811397298,43.539904887,3.0,34.1,22.4,32.3,20.4,2023-09-03T02:59,2023-09-03T15:11,43911.73,43027.13,9.6,9.6,0.0,0.0,0.0,0.0,0.0,,25.18,9.08,41.0,15.4,9.08,47.0,0.0,1011.2,960.6,24140.0,30.0,0.145,31.7,10192X0095/P21B
2803,246,2023-09-04,4.811397298,43.539904887,3.0,33.1,22.1,30.6,20.0,2023-09-04T02:59,2023-09-04T15:10,43896.14,43039.74,9.65,9.65,0.0,0.0,0.0,0.0,0.0,,26.28,9.3,4.0,15.0,9.3,47.0,0.0,1010.6,960.1,24140.0,31.8,0.145,31.7,10192X0095/P21B
2804,247,2023-09-05,4.811397298,43.539904887,3.0,33.8,22.7,30.9,21.5,2023-09-05T02:59,2023-09-05T15:10,43880.52,43052.58,9.5,9.65,0.0,0.0,0.0,0.0,0.0,,26.19,9.21,28.0,15.3,9.21,47.0,0.0,1010.8,960.3,24140.0,30.0,0.145,31.7,10192X0095/P21B
2805,248,2023-09-06,4.811397298,43.539904887,2.0,34.9,23.9,33.1,23.0,2023-09-06T02:58,2023-09-06T15:09,43864.87,43065.6,9.4,9.6,0.0,0.0,0.0,0.0,0.0,,24.57,9.28,12.0,16.5,9.28,48.0,0.0,1010.5,960.2,24140.0,30.9,0.145,31.9,10192X0095/P21B
2806,249,2023-09-07,4.811397298,43.539904887,3.0,32.3,24.2,30.5,24.1,2023-09-07T02:58,2023-09-07T15:09,43849.19,27993.68,9.4,9.65,0.0,0.1,0.0,0.0,0.0,,14.89,7.13,50.0,16.6,7.13,50.0,0.0,1011.2,960.7,24140.0,27.0,0.145,31.7,10192X0095/P21B
2807,250,2023-09-08,4.811397298,43.539904887,3.0,34.9,23.3,33.1,22.3,2023-09-08T02:58,2023-09-08T15:08,43833.5,42034.74,9.6,9.6,0.0,0.0,0.0,0.0,0.0,,25.81,9.31,45.0,15.9,9.31,46.0,0.0,1011.6,961.2,24140.0,28.6,0.145,31.9,10192X0095/P21B
2808,251,2023-09-09,4.811397298,43.539904887,3.0,34.9,23.0,33.4,21.5,2023-09-09T02:58,2023-09-09T15:08,43817.81,43105.31,9.6,9.6,0.0,0.0,0.0,0.0,0.0,,25.32,9.07,56.0,15.2,9.07,44.0,0.0,1011.8,961.3,24140.0,26.0,0.145,32.0,10192X0095/P21B
2809,252,2023-09-10,4.811397298,43.539904887,3.0,36.1,22.8,33.9,21.2,2023-09-10T02:57,2023-09-10T15:08,43802.14,39518.6,9.15,9.7,0.0,0.0,0.0,0.0,0.0,,25.51,9.49,40.0,14.0,9.49,43.0,0.0,1011.2,960.8,24140.0,27.7,0.146,32.1,10192X0095/P21B
2810,253,2023-09-11,4.811397298,43.539904887,53.0,34.5,23.1,34.1,22.9,2023-09-11T02:57,2023-09-11T15:07,43786.48,43131.82,7.2,9.6,0.6,0.3,0.0,0.6,2.0,,22.47,7.38,88.0,18.4,7.38,57.0,0.0,1011.6,961.0,24140.0,25.6,0.146,32.1,10192X0095/P21B
2811,254,2023-09-12,4.811397298,43.539904887,3.0,34.5,22.7,33.5,23.0,2023-09-12T02:57,2023-09-12T15:07,43770.85,43144.95,9.6,9.65,0.0,0.0,0.0,0.0,0.0,,26.22,8.54,31.0,15.9,8.54,48.0,0.0,1011.8,961.3,24140.0,23.2,0.146,32.1,10192X0095/P21B
2812,255,2023-09-13,4.811397298,43.539904887,2.0,35.5,23.1,34.8,23.8,2023-09-13T02:57,2023-09-13T15:06,43755.26,43157.93,9.65,9.65,0.0,0.0,0.0,0.0,0.0,,25.72,8.61,16.0,17.7,8.61,53.0,0.0,1011.4,960.9,24140.0,27.0,0.145,32.2,10192X0095/P21B
2813,256,2023-09-14,4.811397298,43.539904887,3.0,33.5,22.9,31.8,21.8,2023-09-14T02:57,2023-09-14T15:06,43739.72,43170.72,9.6,9.65,0.0,0.0,0.0,0.0,0.0,,23.77,8.57,50.0,15.5,8.57,47.0,0.0,1011.6,961.1,24140.0,27.3,0.145,32.2,10192X0095/P21B
2814,257,2023-09-15,4.811397298,43.539904887,51.0,33.0,23.0,32.2,22.2,2023-09-15T02:56,2023-09-15T15:05,43724.21,41436.93,9.5,9.6,0.2,0.0,0.0,0.2,2.0,,22.76,7.3,96.0,18.3,7.3,59.0,0.0,1012.6,961.7,24119.17,29.4,0.145,32.0,10192X0095/P21B
2815,258,2023-09-16,4.811397298,43.539904887,3.0,34.9,22.3,31.9,21.9,2023-09-16T02:56,2023-09-16T15:05,43708.64,40205.21,9.6,9.6,0.0,0.0,0.0,0.0,0.0,,25.37,9.09,69.0,15.2,9.09,47.0,0.0,1011.5,961.0,24140.0,27.6,0.145,32.0,10192X0095/P21B
2816,259,2023-09-17,4.811397298,43.539904887,3.0,35.1,21.9,33.8,20.8,2023-09-17T02:56,2023-09-17T15:04,43693.0,43200.0,9.5,9.6,0.0,0.0,0.0,0.0,0.0,,25.98,8.84,54.0,16.0,8.84,48.0,0.0,1010.3,959.8,24140.0,26.1,0.145,32.1,10192X0095/P21B
2817,260,2023-09-18,4.811397298,43.539904887,3.0,34.6,22.5,33.7,21.8,2023-09-18T02:56,2023-09-18T15:04,43677.3,43200.0,9.05,9.6,0.0,0.0,0.0,0.0,0.0,,26.12,8.96,99.0,15.6,8.96,46.0,0.0,1009.8,959.4,24140.0,25.8,0.145,32.2,10192X0095/P21B
2818,261,2023-09-19,4.811397298,43.539904887,3.0,34.9,23.1,33.4,22.5,2023-09-19T02:56,2023-09-19T15:03,43661.55,43200.0,9.4,9.6,0.0,0.0,0.0,0.0,0.0,,26.25,9.05,69.0,16.1,9.05,47.0,0.0,1010.9,960.6,24140.0,26.3,0.145,32.4,10192X0095/P21B
2819,262,2023-09-20,4.811397298,43.539904887,3.0,34.8,23.3,34.3,23.1,2023-09-20T02:55,2023-09-20T15:03,43645.75,43186.51,9.6,9.6,0.0,0.0,0.0,0.0,0.0,,25.33,8.83,49.0,16.2,8.83,48.0,0.0,1011.0,960.6,24140.0,25.7,0.145,32.4,10192X0095/P21B
2820,263,2023-09-21,4.811397298,43.539904887,2.0,35.7,22.8,34.5,22.3,2023-09-21T02:55,2023-09-21T15:02,43629.92,43156.91,9.65,9.65,0.0,0.0,0.0,0.0,0.0,,26.3,9.11,10.0,15.2,9.11,45.0,0.0,1010.7,960.4,24140.0,24.6,0.145,32.5,10192X0095/P21B
2821,264,2023-09-22,4.811397298,43.539904887,3.0,35.4,23.5,35.2,23.6,2023-09-22T02:55,2023-09-22T15:02,43614.07,43127.25,9.65,9.65,0.0,0.0,0.0,0.0,0.0,,26.33,8.82,22.0,17.3,8.82,50.0,0.0,1010.7,960.3,24140.0,26.2,0.145,32.6,10192X0095/P21B
2822,265,2023-09-23,4.811397298,43.539904887,53.0,33.1,23.9,33.1,23.7,2023-09-23T02:55,2023-09-23T15:01,43598.22,37732.33,8.65,9.6,0.9,0.0,0.0,0.9,3.0,,18.63,6.24,78.0,18.9,6.24,61.0,0.0,1012.0,961.3,24140.0,24.7,0.145,32.5,10192X0095/P21B
2823,266,2023-09-24,4.811397298,43.539904887,53.0,31.6,23.1,31.8,23.0,2023-09-24T02:54,2023-09-24T15:01,43582.36,29127.33,8.95,9.65,1.7,0.0,0.0,1.7,5.0,,19.17,5.87,94.0,18.4,5.87,62.0,0.0,1012.9,962.0,24140.0,21.4,0.146,32.1,10192X0095/P21B
2824,267,2023-09-25,4.811397298,43.539904887,3.0,34.4,21.5,32.9,21.6,2023-09-25T02:54,2023-09-25T15:00,43566.52,40655.77,9.65,9.65,0.0,0.0,0.0,0.0,0.0,,26.14,8.49,25.0,16.0,8.49,51.0,0.0,1011.4,960.8,24089.17,25.2,0.144,32.1,10192X0095/P21B
2825,268,2023-09-26,4.811397298,43.539904887,3.0,34.7,22.0,33.3,21.2,2023-09-26T02:54,2023-09-26T15:00,43550.69,43009.26,9.65,9.65,0.0,0.0,0.0,0.0,0.0,,26.41,8.82,20.0,15.6,8.82,47.0,0.0,1010.7,960.2,24140.0,25.2,0.144,32.2,10192X0095/P21B
2826,269,2023-09-27,4.811397298,43.539904887,51.0,34.8,22.8,35.2,22.5,2023-09-27T02:54,2023-09-27T14:59,43534.9,42980.26,9.65,9.65,0.1,0.0,0.0,0.1,1.0,,25.72,8.48,11.0,16.2,8.48,47.0,0.0,1010.9,960.5,24025.84,22.1,0.144,32.4,10192X0095/P21B
2827,270,2023-09-28,4.811397298,43.539904887,3.0,35.0,23.1,34.9,23.6,2023-09-28T02:53,2023-09-28T14:59,43519.14,39809.81,9.65,9.65,0.0,0.0,0.0,0.0,0.0,,25.42,8.27,16.0,17.3,8.27,51.0,0.0,1012.1,961.6,24140.0,22.7,0.144,32.6,10192X0095/P21B
2828,271,2023-09-29,4.811397298,43.539904887,3.0,35.9,23.9,35.5,24.4,2023-09-29T02:53,2023-09-29T14:58,43503.44,42923.29,9.65,9.65,0.0,0.0,0.0,0.0,0.0,,25.73,8.84,15.0,17.4,8.84,50.0,0.0,1012.0,961.6,23333.34,25.4,0.144,32.8,10192X0095/P21B
2829,272,2023-09-30,4.811397298,43.539904887,51.0,34.5,23.7,34.9,24.3,2023-09-30T02:53,2023-09-30T14:58,43487.79,39441.27,8.8,9.6,0.1,0.2,0.0,0.1,1.0,,22.91,7.34,24.0,17.7,7.34,53.0,0.0,1013.0,962.4,24140.0,21.9,0.144,32.7,10192X0095/P21B
2830,273,2023-10-01,4.811397298,43.539904887,1.0,34.7,23.2,35.2,24.3,2023-10-01T02:53,2023-10-01T14:57,43472.22,42868.15,9.65,9.65,0.0,0.0,0.0,0.0,0.0,,25.53,7.83,12.0,17.1,7.83,50.0,0.0,1012.3,961.8,24140.0,19.8,0.144,32.7,10192X0095/P21B
2831,274,2023-10-02,4.811397298,43.539904887,3.0,34.7,22.9,35.9,24.0,2023-10-02T02:53,2023-10-02T14:57,43456.73,42841.42,9.6,9.6,0.0,0.0,0.0,0.0,0.0,,25.76,7.81,30.0,17.0,7.81,50.0,0.0,1012.5,962.0,24017.5,18.7,0.144,32.8,10192X0095/P21B
2832,275,2023-10-03,4.811397298,43.539904887,3.0,34.5,23.1,35.8,24.1,2023-10-03T02:52,2023-10-03T14:57,43441.33,39215.35,9.65,9.65,0.0,2.3,0.0,0.0,0.0,,22.92,6.53,71.0,17.9,6.53,54.0,0.0,1012.7,962.1,24140.0,15.8,0.144,32.8,10192X0095/P21B
2833,276,2023-10-04,4.811397298,43.539904887,63.0,30.5,22.6,33.7,23.1,2023-10-04T02:52,2023-10-04T14:56,43426.03,31203.6,9.2,9.6,15.0,10.3,0.0,15.0,10.0,,21.18,4.63,52.0,20.8,4.63,77.0,0.0,1014.2,962.9,22671.67,15.6,0.153,32.4,10192X0095/P21B
2834,277,2023-10-05,4.811397298,43.539904887,51.0,27.6,21.5,27.2,23.9,2023-10-05T02:52,2023-10-05T14:56,43410.81,36886.06,9.25,9.6,0.8,2.7,0.0,0.8,3.0,,21.64,4.44,42.0,19.7,4.44,78.0,0.0,1014.8,963.3,23847.5,19.3,0.152,31.7,10192X0095/P21B
2835,278,2023-10-06,4.811397298,43.539904887,51.0,29.5,22.0,31.7,24.2,2023-10-06T02:52,2023-10-06T14:55,43395.59,42740.62,9.35,9.55,0.1,0.0,0.0,0.1,1.0,,21.57,4.86,44.0,20.3,4.86,73.0,0.0,1012.9,961.8,23148.34,14.3,0.151,31.3,10192X0095/P21B
2836,279,2023-10-07,4.811397298,43.539904887,3.0,30.4,22.1,32.2,24.3,2023-10-07T02:52,2023-10-07T14:55,43380.33,42716.06,9.4,9.55,0.0,0.0,0.0,0.0,0.0,,22.88,5.34,26.0,20.2,5.34,72.0,0.0,1012.1,961.1,23618.34,17.3,0.15,31.1,10192X0095/P21B
2837,280,2023-10-08,4.811397298,43.539904887,3.0,32.0,21.6,33.1,23.5,2023-10-08T02:52,2023-10-08T14:54,43365.05,42691.63,9.55,9.55,0.0,0.0,0.0,0.0,0.0,,24.27,6.19,41.0,19.1,6.19,64.0,0.0,1011.8,961.0,24140.0,18.7,0.148,31.1,10192X0095/P21B
2838,281,2023-10-09,4.811397298,43.539904887,3.0,32.7,22.0,34.3,23.4,2023-10-09T02:52,2023-10-09T14:54,43349.77,42667.39,9.55,9.55,0.0,0.0,0.0,0.0,0.0,,24.25,6.54,32.0,18.8,6.54,61.0,0.0,1012.4,961.7,24140.0,18.7,0.146,31.3,10192X0095/P21B
2839,282,2023-10-10,4.811397298,43.539904887,3.0,33.7,22.4,35.1,23.7,2023-10-10T02:51,2023-10-10T14:54,43334.49,41801.47,9.5,9.5,0.0,0.0,0.0,0.0,0.0,,25.06,7.0,49.0,18.1,7.0,56.0,0.0,1011.8,961.2,24140.0,17.7,0.146,31.6,10192X0095/P21B
2840,283,2023-10-11,4.811397298,43.539904887,51.0,32.1,22.9,34.0,23.8,2023-10-11T02:51,2023-10-11T14:53,43319.23,42619.73,8.85,9.45,0.4,0.2,0.0,0.4,3.0,,22.99,6.08,73.0,18.9,6.08,62.0,0.0,1012.3,961.5,23600.0,16.2,0.147,31.8,10192X0095/P21B
2841,284,2023-10-12,4.811397298,43.539904887,51.0,33.8,22.7,36.0,24.7,2023-10-12T02:51,2023-10-12T14:53,43304.0,33988.36,9.5,9.5,0.1,1.2,0.0,0.1,1.0,,18.84,5.29,58.0,18.9,5.29,60.0,0.0,1012.5,961.8,23532.5,12.2,0.148,31.9,10192X0095/P21B
2842,285,2023-10-13,4.811397298,43.539904887,53.0,32.5,23.2,36.5,26.0,2023-10-13T02:51,2023-10-13T14:53,43288.81,29336.35,8.65,9.5,1.1,16.0,0.0,1.1,3.0,,17.58,4.41,91.0,20.4,4.41,70.0,0.0,1012.9,962.0,21683.34,11.0,0.148,31.9,10192X0095/P21B
2843,286,2023-10-14,4.811397298,43.539904887,55.0,32.8,22.4,36.6,25.5,2023-10-14T02:51,2023-10-14T14:52,43273.67,37092.78,9.55,9.55,1.7,1.0,0.0,1.7,2.0,,23.73,5.52,33.0,20.3,5.52,69.0,0.0,1012.0,961.1,23449.17,10.6,0.149,31.6,10192X0095/P21B
2844,287,2023-10-15,4.811397298,43.539904887,53.0,32.7,22.6,35.3,25.5,2023-10-15T02:51,2023-10-15T14:52,43258.59,39600.0,9.5,9.5,0.7,8.9,0.0,0.7,3.0,,21.88,5.37,58.0,20.1,5.37,65.0,0.0,1011.2,960.5,24140.0,10.0,0.148,31.6,10192X0095/P21B
2845,288,2023-10-16,4.811397298,43.539904887,53.0,30.9,22.9,36.1,26.0,2023-10-16T02:51,2023-10-16T14:51,43243.59,27454.48,8.25,9.4,1.1,4.4,0.0,1.1,4.0,,18.41,3.95,82.0,21.0,3.95,76.0,0.0,1011.8,960.8,22464.17,6.1,0.149,31.5,10192X0095/P21B
2846,289,2023-10-17,4.811397298,43.539904887,51.0,31.3,22.5,34.9,25.4,2023-10-17T02:51,2023-10-17T14:51,43228.67,42487.21,8.95,9.45,0.5,4.9,0.0,0.5,3.0,,23.06,5.0,81.0,20.6,5.0,71.0,0.0,1012.4,961.4,23865.0,10.1,0.143,31.4,10192X0095/P21B
2847,290,2023-10-18,4.811397298,43.539904887,63.0,29.6,22.8,34.4,24.7,2023-10-18T02:50,2023-10-18T14:51,43213.85,32066.71,9.3,9.4,10.8,10.4,0.0,10.8,11.0,,17.61,3.88,67.0,21.1,3.88,77.0,0.0,1013.5,962.3,22332.5,8.4,0.146,31.3,10192X0095/P21B
2848,291,2023-10-19,4.811397298,43.539904887,63.0,27.8,22.2,32.4,25.1,2023-10-19T02:50,2023-10-19T14:50,43199.14,25539.92,8.1,9.4,16.3,16.1,0.0,16.3,14.0,,13.49,2.73,93.0,21.4,2.73,85.0,0.0,1014.5,963.1,23815.84,5.9,0.158,30.9,10192X0095/P21B
2849,292,2023-10-20,4.811397298,43.539904887,53.0,26.5,22.0,30.4,25.8,2023-10-20T02:50,2023-10-20T14:50,43184.55,21578.08,8.65,9.35,3.2,6.7,0.0,3.2,13.0,,13.39,2.65,95.0,21.6,2.65,86.0,0.0,1014.0,962.6,18995.83,5.5,0.17,30.2,10192X0095/P21B
2850,293,2023-10-21,4.811397298,43.539904887,53.0,26.9,21.8,29.2,25.0,2023-10-21T02:50,2023-10-21T14:50,43170.1,38070.55,8.85,9.35,2.8,12.8,0.0,2.8,9.0,,17.5,3.3,70.0,21.4,3.3,86.0,0.0,1013.9,962.5,20940.83,10.9,0.184,29.8,10192X0095/P21B
2851,294,2023-10-22,4.811397298,43.539904887,51.0,28.4,21.5,33.3,24.0,2023-10-22T02:50,2023-10-22T14:50,43155.79,41970.2,8.6,9.35,0.5,0.2,0.0,0.5,3.0,,21.89,4.34,44.0,21.5,4.34,82.0,0.0,1012.8,961.6,23985.0,12.0,0.182,29.6,10192X0095/P21B
2852,295,2023-10-23,4.811397298,43.539904887,51.0,29.2,23.2,35.0,25.9,2023-10-23T02:50,2023-10-23T14:49,43141.64,39948.36,9.4,9.4,0.4,0.3,0.0,0.4,4.0,,22.03,4.5,36.0,21.7,4.5,79.0,0.0,1011.5,960.5,24140.0,7.2,0.179,29.6,10192X0095/P21B
2853,296,2023-10-24,4.811397298,43.539904887,51.0,30.8,22.4,35.3,25.4,2023-10-24T02:50,2023-10-24T14:49,43127.66,42365.21,9.3,9.3,0.3,1.1,0.0,0.3,3.0,,23.11,4.92,66.0,21.4,4.92,76.0,0.0,1010.4,959.5,23350.84,8.7,0.175,29.6,10192X0095/P21B
2854,297,2023-10-25,4.811397298,43.539904887,51.0,29.9,22.0,35.5,25.5,2023-10-25T02:50,2023-10-25T14:49,43113.84,38850.52,9.25,9.3,0.8,10.6,0.0,0.8,5.0,,21.81,4.56,33.0,21.2,4.56,79.0,0.0,1012.1,961.0,23500.0,7.6,0.173,29.6,10192X0095/P21B
2855,298,2023-10-26,4.811397298,43.539904887,63.0,27.7,22.4,33.0,24.9,2023-10-26T02:50,2023-10-26T14:49,43100.07,28376.22,9.25,9.25,10.6,7.8,0.0,10.6,10.0,,14.7,3.07,78.0,21.3,3.07,83.0,0.0,1013.3,962.0,23214.17,7.8,0.179,29.3,10192X0095/P21B
2856,299,2023-10-27,4.811397298,43.539904887,63.0,27.2,22.0,32.4,25.7,2023-10-27T02:50,2023-10-27T14:48,43086.33,28800.0,8.5,9.2,14.0,5.8,0.0,14.0,11.0,,16.81,3.32,96.0,21.5,3.32,86.0,0.0,1012.7,961.3,20577.5,5.5,0.198,29.1,10192X0095/P21B
2857,300,2023-10-28,4.811397298,43.539904887,63.0,26.9,21.5,33.2,23.7,2023-10-28T02:50,2023-10-28T14:48,43072.63,24499.51,7.4,9.2,15.2,5.4,0.0,15.2,14.0,,14.49,2.89,96.0,21.3,2.89,87.0,0.0,1012.4,961.0,20254.17,5.4,0.21,28.8,10192X0095/P21B
2858,301,2023-10-29,4.811397298,43.539904887,63.0,27.5,21.5,30.8,24.7,2023-10-29T02:50,2023-10-29T14:48,43058.99,33173.13,7.8,9.15,16.6,8.7,0.0,16.6,18.0,,16.37,3.26,95.0,21.0,3.26,84.0,0.0,1012.6,961.2,16445.0,6.0,0.232,28.5,10192X0095/P21B
2859,302,2023-10-30,4.811397298,43.539904887,61.0,27.7,21.9,31.0,25.0,2023-10-30T02:50,2023-10-30T14:48,43045.43,35258.5,9.1,9.2,3.5,0.1,0.0,3.5,8.0,,18.55,3.73,70.0,20.8,3.73,81.0,0.0,1012.1,960.8,23696.67,7.9,0.237,28.4,10192X0095/P21B
2860,303,2023-10-31,4.811397298,43.539904887,55.0,28.9,21.3,33.6,24.7,2023-10-31T02:50,2023-10-31T14:48,43031.96,42283.3,9.25,9.25,2.5,0.2,0.0,2.5,8.0,,23.37,4.68,47.0,21.3,4.68,81.0,0.0,1011.1,960.0,24140.0,10.5,0.233,28.3,10192X0095/P21B
2861,304,2023-11-01,4.811397298,43.539904887,65.0,26.9,21.4,32.7,24.0,2023-11-01T02:51,2023-11-01T14:48,43018.57,22574.31,9.15,9.15,32.8,4.2,0.0,32.8,21.0,,15.48,3.11,93.0,21.0,3.11,87.0,0.0,1012.1,960.7,19835.83,5.5,0.242,28.1,10192X0095/P21B
2862,305,2023-11-02,4.811397298,43.539904887,65.0,25.4,21.5,28.3,24.3,2023-11-02T02:51,2023-11-02T14:47,43005.3,14128.94,8.65,9.05,34.1,12.4,0.0,34.1,19.0,,10.53,2.11,100.0,21.1,2.11,89.0,0.0,1012.4,960.9,9278.33,6.8,0.261,27.8,10192X0095/P21B
2863,306,2023-11-03,4.811397298,43.539904887,63.0,27.1,21.9,30.6,25.6,2023-11-03T02:51,2023-11-03T14:47,42992.16,17239.59,8.3,9.0,17.1,2.4,0.0,17.1,15.0,,11.73,2.41,92.0,21.6,2.41,88.0,0.0,1012.0,960.6,19390.0,6.3,0.294,27.6,10192X0095/P21B
2864,307,2023-11-04,4.811397298,43.539904887,51.0,28.0,21.3,34.1,24.5,2023-11-04T02:51,2023-11-04T14:47,42979.15,25169.13,8.8,9.05,0.9,6.7,0.0,0.9,8.0,,18.55,3.69,87.0,21.5,3.69,86.0,0.0,1012.2,960.8,19971.67,4.5,0.293,27.6,10192X0095/P21B
2865,308,2023-11-05,4.811397298,43.539904887,63.0,28.2,21.2,33.7,24.8,2023-11-05T02:51,2023-11-05T14:47,42966.3,33934.88,8.75,9.0,10.3,4.4,0.0,10.3,7.0,,21.42,4.2,63.0,21.2,4.2,84.0,0.0,1012.6,961.3,21821.67,5.9,0.292,27.7,10192X0095/P21B
2866,309,2023-11-06,4.811397298,43.539904887,63.0,25.3,22.0,29.1,24.8,2023-11-06T02:51,2023-11-06T14:47,42953.61,7641.77,1.75,9.05,18.3,3.4,0.0,18.3,15.0,,6.45,1.4,100.0,21.2,1.4,90.0,0.0,1014.1,962.5,17730.0,6.1,0.317,27.4,10192X0095/P21B
2867,310,2023-11-07,4.811397298,43.539904887,55.0,28.4,21.8,32.5,25.6,2023-11-07T02:51,2023-11-07T14:47,42941.11,42134.9,8.8,9.0,2.0,0.3,0.0,2.0,6.0,,21.81,4.19,69.0,22.0,4.19,85.0,0.0,1012.6,961.4,23098.34,10.7,0.319,27.4,10192X0095/P21B
2868,311,2023-11-08,4.811397298,43.539904887,51.0,28.8,20.8,32.6,23.6,2023-11-08T02:51,2023-11-08T14:47,42928.79,41093.07,9.0,9.0,0.3,0.4,0.0,0.3,3.0,,20.62,4.18,63.0,20.7,4.18,81.0,0.0,1012.5,961.2,24140.0,9.6,0.315,27.3,10192X0095/P21B
2869,312,2023-11-09,4.811397298,43.539904887,3.0,28.7,20.2,31.8,21.9,2023-11-09T02:52,2023-11-09T14:47,42916.69,42232.22,8.95,9.0,0.0,0.0,0.0,0.0,0.0,,24.26,4.87,26.0,19.7,4.87,77.0,0.0,1012.3,961.0,24140.0,11.9,0.311,27.2,10192X0095/P21B
2870,313,2023-11-10,4.811397298,43.539904887,3.0,28.6,20.0,30.9,19.3,2023-11-10T02:52,2023-11-10T14:47,42904.81,42231.04,9.0,9.0,0.0,0.3,0.0,0.0,0.0,,23.42,4.99,58.0,19.2,4.99,76.0,0.0,1013.2,961.8,24140.0,18.3,0.304,27.0,10192X0095/P21B
2871,314,2023-11-11,4.811397298,43.539904887,63.0,28.9,19.9,30.6,19.3,2023-11-11T02:52,2023-11-11T14:47,42893.17,41192.72,8.9,8.9,9.5,0.7,0.0,9.5,7.0,,21.11,4.36,84.0,20.0,4.36,79.0,0.0,1014.2,962.8,23092.5,17.7,0.302,26.9,10192X0095/P21B
2872,315,2023-11-12,4.811397298,43.539904887,61.0,28.8,21.4,31.0,24.6,2023-11-12T02:52,2023-11-12T14:47,42881.77,36035.14,8.9,8.9,2.8,0.5,0.0,2.8,8.0,,20.53,4.22,38.0,21.1,4.22,81.0,0.0,1013.8,962.6,23789.17,13.5,0.298,27.0,10192X0095/P21B
2873,316,2023-11-13,4.811397298,43.539904887,63.0,28.1,22.2,30.1,25.3,2023-11-13T02:52,2023-11-13T14:47,42870.65,38712.42,8.75,8.85,10.9,8.6,0.0,10.9,13.0,,17.58,3.49,71.0,21.7,3.49,84.0,0.0,1013.6,962.3,23255.0,13.8,0.298,27.0,10192X0095/P21B
2874,317,2023-11-14,4.811397298,43.539904887,63.0,27.9,22.1,32.0,25.5,2023-11-14T02:53,2023-11-14T14:47,42859.8,36453.41,8.5,8.8,7.2,2.3,0.0,7.2,10.0,,17.13,3.35,61.0,21.6,3.35,84.0,0.0,1013.0,961.7,21027.5,7.4,0.299,27.0,10192X0095/P21B
2875,318,2023-11-15,4.811397298,43.539904887,51.0,28.0,21.5,31.2,25.2,2023-11-15T02:53,2023-11-15T14:47,42849.08,32861.19,7.6,8.8,0.7,1.6,0.0,0.7,6.0,,16.0,3.27,82.0,21.4,3.27,84.0,0.0,1012.6,961.3,21305.84,8.0,0.299,27.0,10192X0095/P21B
2876,319,2023-11-16,4.811397298,43.539904887,51.0,28.5,21.9,33.5,25.4,2023-11-16T02:53,2023-11-16T14:47,42838.51,40445.31,7.9,8.75,1.6,1.0,0.0,1.6,9.0,,19.86,3.92,66.0,21.8,3.92,84.0,0.0,1012.8,961.5,24115.0,6.3,0.3,27.2,10192X0095/P21B
2877,320,2023-11-17,4.811397298,43.539904887,55.0,28.4,21.9,32.6,25.3,2023-11-17T02:53,2023-11-17T14:47,42828.1,28967.53,7.8,8.7,4.2,18.8,0.0,4.2,14.0,,15.0,3.03,68.0,21.9,3.03,86.0,0.0,1013.0,961.7,21733.34,5.9,0.304,27.2,10192X0095/P21B
2878,321,2023-11-18,4.811397298,43.539904887,63.0,27.2,22.3,31.6,25.6,2023-11-18T02:54,2023-11-18T14:47,42817.84,31715.19,8.25,8.7,10.5,26.9,0.0,10.5,14.0,,14.78,2.91,93.0,21.8,2.91,88.0,0.0,1013.3,961.9,16453.33,7.0,0.308,27.2,10192X0095/P21B
2879,322,2023-11-19,4.811397298,43.539904887,61.0,28.9,22.0,31.3,24.8,2023-11-19T02:54,2023-11-19T14:47,42807.77,35685.63,7.5,8.65,5.7,0.7,0.0,5.7,11.0,,19.54,3.97,83.0,21.0,3.97,81.0,0.0,1012.7,961.5,20808.33,13.3,0.322,27.0,10192X0095/P21B
2880,323,2023-11-20,4.811397298,43.539904887,51.0,28.9,21.4,32.2,23.5,2023-11-20T02:54,2023-11-20T14:48,42797.88,42276.49,8.7,8.7,0.1,0.0,0.0,0.1,1.0,,23.61,4.77,7.0,20.5,4.77,78.0,0.0,1012.0,960.8,24140.0,12.6,0.317,27.0,10192X0095/P21B
2881,324,2023-11-21,4.811397298,43.539904887,51.0,29.0,20.8,32.6,23.1,2023-11-21T02:55,2023-11-21T14:48,42788.19,42286.55,8.7,8.7,0.2,0.1,0.0,0.2,1.0,,22.5,4.55,33.0,20.6,4.55,79.0,0.0,1011.8,960.6,24140.0,10.9,0.313,27.0,10192X0095/P21B
2882,325,2023-11-22,4.811397298,43.539904887,51.0,29.0,22.1,31.2,24.0,2023-11-22T02:55,2023-11-22T14:48,42778.72,42297.49,8.65,8.7,0.3,0.0,0.0,0.3,3.0,,22.59,4.67,34.0,20.8,4.67,78.0,0.0,1012.1,961.0,24140.0,16.2,0.309,27.0,10192X0095/P21B
2883,326,2023-11-23,4.811397298,43.539904887,3.0,28.2,22.5,29.4,23.8,2023-11-23T02:55,2023-11-23T14:48,42769.47,42309.3,8.55,8.7,0.0,0.0,0.0,0.0,0.0,,22.81,4.65,40.0,20.3,4.65,77.0,0.0,1011.9,960.7,24140.0,16.5,0.304,26.9,10192X0095/P21B
2884,327,2023-11-24,4.811397298,43.539904887,53.0,28.9,20.6,33.3,21.9,2023-11-24T02:56,2023-11-24T14:48,42760.47,42321.93,6.25,8.7,1.1,8.5,0.0,1.1,3.0,,21.74,4.42,47.0,20.6,4.42,78.0,0.0,1010.5,959.4,24140.0,9.8,0.301,26.9,10192X0095/P21B
2885,328,2023-11-25,4.811397298,43.539904887,3.0,28.6,21.2,30.1,22.5,2023-11-25T02:56,2023-11-25T14:49,42751.72,30857.39,8.6,8.7,0.0,0.0,0.0,0.0,0.0,,18.63,4.01,57.0,19.7,4.01,77.0,0.0,1011.0,959.8,24140.0,13.6,0.298,26.8,10192X0095/P21B
2886,329,2023-11-26,4.811397298,43.539904887,3.0,29.2,20.4,31.6,21.3,2023-11-26T02:56,2023-11-26T14:49,42743.23,42322.9,8.6,8.65,0.0,0.0,0.0,0.0,0.0,,23.22,4.8,39.0,19.7,4.8,76.0,0.0,1012.4,961.1,24140.0,13.7,0.294,26.7,10192X0095/P21B
2887,330,2023-11-27,4.811397298,43.539904887,3.0,29.0,20.3,31.4,21.3,2023-11-27T02:57,2023-11-27T14:49,42735.03,41145.03,8.6,8.6,0.0,0.1,0.0,0.0,0.0,,23.55,4.86,72.0,19.1,4.86,75.0,0.0,1012.5,961.2,24140.0,12.8,0.289,26.8,10192X0095/P21B
2888,331,2023-11-28,4.811397298,43.539904887,3.0,29.5,19.3,31.7,21.0,2023-11-28T02:57,2023-11-28T14:49,42727.11,42306.15,8.6,8.6,0.0,0.0,0.0,0.0,0.0,,23.99,5.1,17.0,18.7,5.1,72.0,0.0,1011.0,959.8,24140.0,11.9,0.285,26.8,10192X0095/P21B
2889,332,2023-11-29,4.811397298,43.539904887,3.0,29.8,20.6,31.0,20.9,2023-11-29T02:58,2023-11-29T14:50,42719.51,42298.22,8.6,8.6,0.0,0.0,0.0,0.0,0.0,,24.24,5.48,32.0,17.4,5.48,66.0,0.0,1011.5,960.3,24140.0,14.3,0.281,26.8,10192X0095/P21B
2890,333,2023-11-30,4.811397298,43.539904887,3.0,31.4,19.5,31.2,18.3,2023-11-30T02:58,2023-11-30T14:50,42712.23,42290.62,8.6,8.6,0.0,0.0,0.0,0.0,0.0,,23.89,6.28,87.0,15.3,6.28,56.0,0.0,1012.4,961.2,24140.0,17.1,0.276,26.8,10192X0095/P21B
2891,334,2023-12-01,4.811397298,43.539904887,3.0,30.7,20.0,29.6,19.4,2023-12-01T02:58,2023-12-01T14:50,42705.27,38683.35,8.6,8.6,0.0,0.0,0.0,0.0,0.0,,19.93,5.49,69.0,15.6,5.49,59.0,0.0,1012.2,961.0,24140.0,16.8,0.273,26.9,10192X0095/P21B
2892,335,2023-12-02,4.811397298,43.539904887,3.0,31.3,20.1,30.6,19.1,2023-12-02T02:59,2023-12-02T14:51,42698.67,39427.31,8.55,8.55,0.0,0.0,0.0,0.0,0.0,,23.36,6.32,83.0,14.6,6.32,53.0,0.0,1011.9,960.8,24140.0,16.0,0.271,27.1,10192X0095/P21B
2893,336,2023-12-03,4.811397298,43.539904887,3.0,31.9,20.1,30.7,18.8,2023-12-03T02:59,2023-12-03T14:51,42692.42,42269.85,8.5,8.5,0.0,0.0,0.0,0.0,0.0,,24.02,6.78,26.0,13.1,6.78,47.0,0.0,1012.2,961.2,24140.0,15.8,0.268,27.4,10192X0095/P21B
2894,337,2023-12-04,4.811397298,43.539904887,3.0,32.2,21.2,30.8,20.5,2023-12-04T03:00,2023-12-04T14:51,42686.54,42263.81,8.5,8.55,0.0,0.0,0.0,0.0,0.0,,24.12,6.66,21.0,13.7,6.66,49.0,0.0,1012.3,961.3,24140.0,16.4,0.267,27.7,10192X0095/P21B
2895,338,2023-12-05,4.811397298,43.539904887,1.0,31.5,19.7,30.0,16.2,2023-12-05T03:00,2023-12-05T14:51,42680.94,42258.28,8.5,8.5,0.0,0.0,0.0,0.0,0.0,,24.21,6.81,2.0,11.2,6.81,43.0,0.0,1012.8,961.6,24140.0,14.9,0.266,27.8,10192X0095/P21B
2896,339,2023-12-06,4.811397298,43.539904887,3.0,31.4,19.1,32.1,17.6,2023-12-06T03:01,2023-12-06T14:52,42675.62,42253.0,8.55,8.55,0.0,0.0,0.0,0.0,0.0,,24.05,6.27,14.0,13.0,6.27,47.0,0.0,1012.8,961.7,24140.0,12.5,0.264,27.9,10192X0095/P21B
2897,340,2023-12-07,4.811397298,43.539904887,3.0,32.0,19.4,31.2,18.5,2023-12-07T03:01,2023-12-07T14:52,42670.59,42247.99,8.5,8.5,0.0,0.0,0.0,0.0,0.0,,24.31,6.71,18.0,11.3,6.71,43.0,0.0,1012.3,961.3,24140.0,13.9,0.263,28.1,10192X0095/P21B
2898,341,2023-12-08,4.811397298,43.539904887,3.0,31.5,20.4,31.4,18.8,2023-12-08T03:02,2023-12-08T14:53,42665.85,42243.24,8.5,8.5,0.0,0.0,0.0,0.0,0.0,,24.07,6.42,7.0,13.1,6.42,47.0,0.0,1012.4,961.4,24140.0,14.2,0.262,28.3,10192X0095/P21B
2899,342,2023-12-09,4.811397298,43.539904887,0.0,32.1,20.6,31.3,19.7,2023-12-09T03:02,2023-12-09T14:53,42661.41,42238.78,8.45,8.45,0.0,0.0,0.0,0.0,0.0,,23.97,6.82,0.0,13.3,6.82,46.0,0.0,1011.7,960.8,24140.0,15.4,0.261,28.5,10192X0095/P21B
2900,343,2023-12-10,4.811397298,43.539904887,3.0,32.3,20.7,31.9,20.6,2023-12-10T03:03,2023-12-10T14:53,42657.27,41590.41,8.45,8.45,0.0,0.0,0.0,0.0,0.0,,22.64,6.64,22.0,14.7,6.64,49.0,0.0,1012.2,961.4,24140.0,16.1,0.26,28.7,10192X0095/P21B
2901,344,2023-12-11,4.811397298,43.539904887,3.0,32.1,21.6,32.2,21.2,2023-12-11T03:03,2023-12-11T14:54,42653.43,42230.7,8.4,8.4,0.0,0.0,0.0,0.0,0.0,,22.95,6.29,63.0,15.7,6.29,51.0,0.0,1012.1,961.3,24140.0,14.5,0.259,28.9,10192X0095/P21B
2902,345,2023-12-12,4.811397298,43.539904887,3.0,33.1,21.9,34.7,23.5,2023-12-12T03:04,2023-12-12T14:54,42649.91,42227.09,8.45,8.45,0.0,0.0,0.0,0.0,0.0,,22.83,6.18,73.0,16.7,6.18,53.0,0.0,1010.8,960.2,24140.0,12.1,0.258,29.3,10192X0095/P21B
2903,346,2023-12-13,4.811397298,43.539904887,51.0,34.5,22.6,35.8,23.0,2023-12-13T03:04,2023-12-13T14:55,42646.71,42223.78,8.45,8.45,0.1,0.0,0.0,0.1,1.0,,22.87,6.17,52.0,16.1,6.17,48.0,0.0,1010.5,960.1,24140.0,9.9,0.258,29.7,10192X0095/P21B
2904,347,2023-12-14,4.811397298,43.539904887,3.0,34.2,23.0,34.6,24.2,2023-12-14T03:05,2023-12-14T14:55,42643.83,42220.78,8.45,8.45,0.0,0.0,0.0,0.0,0.0,,23.63,6.98,12.0,15.8,6.98,48.0,0.0,1010.8,960.3,24140.0,13.7,0.257,30.0,10192X0095/P21B
2905,348,2023-12-15,4.811397298,43.539904887,3.0,33.4,23.0,33.4,22.6,2023-12-15T03:05,2023-12-15T14:56,42641.29,42218.1,8.4,8.4,0.0,0.0,0.0,0.0,0.0,,23.8,6.84,32.0,15.1,6.84,47.0,0.0,1012.3,961.6,24140.0,14.6,0.256,30.1,10192X0095/P21B
2906,349,2023-12-16,4.811397298,43.539904887,3.0,33.7,22.2,31.4,20.2,2023-12-16T03:06,2023-12-16T14:56,42639.08,42215.73,8.45,8.45,0.0,0.0,0.0,0.0,0.0,,24.02,8.47,33.0,11.5,8.47,37.0,0.0,1011.8,961.2,24140.0,20.6,0.255,30.2,10192X0095/P21B
2907,350,2023-12-17,4.811397298,43.539904887,3.0,34.0,22.7,31.0,20.8,2023-12-17T03:06,2023-12-17T14:57,42637.2,42213.69,8.45,8.45,0.0,0.0,0.0,0.0,0.0,,23.99,8.5,63.0,11.8,8.5,39.0,0.0,1011.0,960.4,24140.0,23.3,0.255,30.2,10192X0095/P21B
2908,351,2023-12-18,4.811397298,43.539904887,3.0,32.8,21.6,30.3,20.2,2023-12-18T03:07,2023-12-18T14:57,42635.67,42211.96,8.4,8.4,0.0,0.0,0.0,0.0,0.0,,24.0,7.71,69.0,12.1,7.71,41.0,0.0,1011.4,960.6,24140.0,20.3,0.254,30.1,10192X0095/P21B
2909,352,2023-12-19,4.811397298,43.539904887,3.0,33.4,22.4,32.0,20.7,2023-12-19T03:07,2023-12-19T14:58,42634.49,42210.58,8.45,8.45,0.0,0.0,0.0,0.0,0.0,,23.78,7.64,71.0,13.8,7.64,43.0,0.0,1011.0,960.4,24140.0,20.1,0.253,30.1,10192X0095/P21B
2910,353,2023-12-20,4.811397298,43.539904887,3.0,34.3,23.2,33.1,22.8,2023-12-20T03:08,2023-12-20T14:58,42633.66,42209.54,8.45,8.45,0.0,0.0,0.0,0.0,0.0,,23.66,7.55,69.0,15.0,7.55,44.0,0.0,1011.6,961.1,24140.0,18.5,0.253,30.3,10192X0095/P21B
2911,354,2023-12-21,4.811397298,43.539904887,3.0,33.9,23.5,33.4,23.5,2023-12-21T03:08,2023-12-21T14:59,42633.2,42208.83,8.45,8.45,0.0,0.0,0.0,0.0,0.0,,23.65,7.64,44.0,15.5,7.64,46.0,0.0,1012.3,961.8,24140.0,19.0,0.252,30.5,10192X0095/P21B
2912,355,2023-12-22,4.811397298,43.539904887,3.0,34.4,23.3,34.2,24.0,2023-12-22T03:09,2023-12-22T14:59,42633.09,42208.49,8.45,8.45,0.0,0.0,0.0,0.0,0.0,,23.4,7.18,87.0,16.6,7.18,49.0,0.0,1013.0,962.5,24140.0,18.0,0.251,30.6,10192X0095/P21B
2913,356,2023-12-23,4.811397298,43.539904887,3.0,34.6,23.4,35.7,25.5,2023-12-23T03:09,2023-12-23T15:00,42633.35,42208.5,8.45,8.45,0.0,0.0,0.0,0.0,0.0,,22.57,6.48,66.0,17.4,6.48,51.0,0.0,1012.7,962.2,24140.0,13.2,0.251,30.8,10192X0095/P21B
2914,357,2023-12-24,4.811397298,43.539904887,3.0,34.1,23.6,35.1,25.8,2023-12-24T03:09,2023-12-24T15:00,42634.0,42209.07,8.45,8.45,0.0,0.0,0.0,0.0,0.0,,22.94,6.39,49.0,17.9,6.39,54.0,0.0,1012.9,962.3,24140.0,14.0,0.25,31.0,10192X0095/P21B
2915,358,2023-12-25,4.811397298,43.539904887,3.0,33.5,23.7,33.8,24.7,2023-12-25T03:10,2023-12-25T15:01,42635.01,42210.32,8.45,8.45,0.0,0.0,0.0,0.0,0.0,,23.25,7.41,50.0,16.4,7.41,48.0,0.0,1011.8,961.3,24140.0,17.7,0.249,31.1,10192X0095/P21B
2916,359,2023-12-26,4.811397298,43.539904887,3.0,33.4,22.7,32.0,22.8,2023-12-26T03:10,2023-12-26T15:01,42636.4,42211.95,8.5,8.5,0.0,0.0,0.0,0.0,0.0,,23.98,7.81,15.0,14.7,7.81,45.0,0.0,1012.0,961.4,24140.0,21.0,0.249,31.0,10192X0095/P21B
2917,360,2023-12-27,4.811397298,43.539904887,3.0,34.2,23.6,32.0,23.4,2023-12-27T03:11,2023-12-27T15:02,42638.15,42213.92,8.5,8.5,0.0,0.0,0.0,0.0,0.0,,22.76,7.91,91.0,14.5,7.91,43.0,0.0,1012.1,961.6,24140.0,21.4,0.248,31.0,10192X0095/P21B
2918,361,2023-12-28,4.811397298,43.539904887,3.0,35.4,24.5,34.7,24.9,2023-12-28T03:11,2023-12-28T15:02,42640.27,42216.25,8.4,8.5,0.0,0.0,0.0,0.0,0.0,,23.2,8.05,84.0,16.5,8.05,47.0,0.0,1011.9,961.5,24140.0,20.9,0.248,31.2,10192X0095/P21B
2919,362,2023-12-29,4.811397298,43.539904887,3.0,34.3,23.8,33.8,24.1,2023-12-29T03:12,2023-12-29T15:03,42642.74,42218.92,7.7,8.5,0.0,0.0,0.0,0.0,0.0,,22.68,7.64,63.0,16.6,7.64,48.0,0.0,1011.8,961.3,24140.0,20.7,0.247,31.3,10192X0095/P21B
2920,363,2023-12-30,4.811397298,43.539904887,2.0,34.3,23.3,33.4,23.1,2023-12-30T03:12,2023-12-30T15:03,42645.56,42221.01,8.55,8.55,0.0,0.0,0.0,0.0,0.0,,23.81,7.98,7.0,14.8,7.98,44.0,0.0,1011.2,960.8,24140.0,20.6,0.247,31.3,10192X0095/P21B
2921,364,2023-12-31,4.811397298,43.539904887,3.0,33.6,22.4,32.4,21.7,2023-12-31T03:13,2023-12-31T15:04,42648.73,42193.32,8.6,8.6,0.0,0.0,0.0,0.0,0.0,,24.18,7.47,6.0,13.1,7.47,41.0,0.0,1011.6,960.9,24140.0,17.5,0.246,31.2,10192X0095/P21B
2922,0,2024-01-01,4.811397298,43.539904887,3.0,34.0,21.1,32.3,20.5,2024-01-01T03:13,2024-01-01T15:04,42652.23,42165.89,8.6,8.6,0.0,0.0,0.0,0.0,0.0,,24.41,7.36,37.0,12.7,7.36,42.0,0.0,1012.5,961.8,24140.0,16.3,0.246,31.1,10192X0095/P21B
2923,1,2024-01-02,4.811397298,43.539904887,3.0,33.8,22.0,32.2,20.7,2024-01-02T03:14,2024-01-02T15:05,42656.06,41596.08,8.6,8.6,0.0,0.0,0.0,0.0,0.0,,23.89,7.73,57.0,12.8,7.73,41.0,0.0,1012.0,961.3,24140.0,18.8,0.245,31.1,10192X0095/P21B
2924,2,2024-01-03,4.811397298,43.539904887,3.0,33.4,21.2,31.0,19.2,2024-01-03T03:14,2024-01-03T15:05,42660.21,42112.1,8.65,8.65,0.0,0.0,0.0,0.0,0.0,,24.43,8.22,28.0,10.4,8.22,36.0,0.0,1011.6,960.8,24140.0,19.9,0.245,31.0,10192X0095/P21B
2925,3,2024-01-04,4.811397298,43.539904887,3.0,33.2,21.1,30.3,18.5,2024-01-04T03:15,2024-01-04T15:06,42664.68,41868.13,8.35,8.65,0.0,0.0,0.0,0.0,0.0,,24.02,8.05,56.0,9.9,8.05,36.0,0.0,1012.5,961.7,24140.0,20.4,0.244,30.8,10192X0095/P21B
2926,4,2024-01-05,4.811397298,43.539904887,3.0,32.9,20.6,30.8,16.6,2024-01-05T03:15,2024-01-05T15:06,42669.45,42060.26,7.8,8.65,0.0,0.0,0.0,0.0,0.0,,24.56,8.26,20.0,9.6,8.26,35.0,0.0,1013.0,962.1,24140.0,20.2,0.244,30.6,10192X0095/P21B
2927,5,2024-01-06,4.811397298,43.539904887,3.0,32.5,21.2,30.2,18.5,2024-01-06T03:15,2024-01-06T15:07,42674.53,38827.49,8.55,8.65,0.0,0.0,0.0,0.0,0.0,,23.8,7.97,57.0,10.8,7.97,38.0,0.0,1013.2,962.3,24140.0,20.8,0.243,30.5,10192X0095/P21B
2928,6,2024-01-07,4.811397298,43.539904887,3.0,32.9,21.1,29.4,18.0,2024-01-07T03:16,2024-01-07T15:07,42679.9,42011.01,8.7,8.7,0.0,0.0,0.0,0.0,0.0,,24.12,8.81,56.0,8.0,8.81,31.0,0.0,1012.3,961.5,24140.0,22.4,0.243,30.4,10192X0095/P21B
2929,7,2024-01-08,4.811397298,43.539904887,3.0,32.9,21.4,29.3,19.8,2024-01-08T03:16,2024-01-08T15:08,42685.57,41987.56,8.7,8.7,0.0,0.0,0.0,0.0,0.0,,24.35,8.61,21.0,10.5,8.61,37.0,0.0,1012.0,961.2,24140.0,23.5,0.243,30.4,10192X0095/P21B
2930,8,2024-01-09,4.811397298,43.539904887,2.0,32.8,21.0,28.0,18.4,2024-01-09T03:17,2024-01-09T15:08,42691.52,41965.0,8.7,8.7,0.0,0.0,0.0,0.0,0.0,,24.72,9.56,5.0,5.6,9.56,30.0,0.0,1012.0,961.1,24140.0,25.5,0.242,30.3,10192X0095/P21B
2931,9,2024-01-10,4.811397298,43.539904887,1.0,32.3,20.8,29.1,17.9,2024-01-10T03:17,2024-01-10T15:09,42697.74,41943.4,8.75,8.75,0.0,0.0,0.0,0.0,0.0,,24.49,8.52,4.0,11.4,8.52,40.0,0.0,1011.5,960.7,24140.0,24.6,0.242,30.2,10192X0095/P21B
2932,10,2024-01-11,4.811397298,43.539904887,3.0,32.3,21.5,29.9,20.4,2024-01-11T03:17,2024-01-11T15:09,42704.24,41922.85,8.15,8.75,0.0,0.0,0.0,0.0,0.0,,24.15,7.73,53.0,12.2,7.73,41.0,0.0,1011.0,960.3,24140.0,20.3,0.241,30.3,10192X0095/P21B
2933,11,2024-01-12,4.811397298,43.539904887,3.0,32.5,21.6,31.0,20.9,2024-01-12T03:18,2024-01-12T15:09,42710.99,41682.36,8.75,8.75,0.0,0.0,0.0,0.0,0.0,,24.2,7.37,45.0,14.2,7.37,46.0,0.0,1011.2,960.5,24140.0,20.0,0.241,30.3,10192X0095/P21B
2934,12,2024-01-13,4.811397298,43.539904887,3.0,32.9,22.2,32.3,22.2,2024-01-13T03:18,2024-01-13T15:10,42718.01,41687.71,8.8,8.8,0.0,0.0,0.0,0.0,0.0,,23.67,7.3,20.0,15.0,7.3,47.0,0.0,1011.2,960.6,24140.0,19.7,0.24,30.3,10192X0095/P21B
2935,13,2024-01-14,4.811397298,43.539904887,3.0,34.0,23.2,33.1,22.2,2024-01-14T03:18,2024-01-14T15:10,42725.39,41117.35,8.85,8.85,0.0,0.0,0.0,0.0,0.0,,23.39,7.86,67.0,14.7,7.86,43.0,0.0,1011.4,960.9,24140.0,19.6,0.24,30.5,10192X0095/P21B
2936,14,2024-01-15,4.811397298,43.539904887,3.0,34.4,24.2,33.3,24.1,2024-01-15T03:18,2024-01-15T15:11,42733.12,41448.93,8.65,8.85,0.0,0.0,0.0,0.0,0.0,,23.84,8.51,56.0,14.8,8.51,42.0,0.0,1011.9,961.5,24140.0,21.8,0.239,30.7,10192X0095/P21B
2937,15,2024-01-16,4.811397298,43.539904887,51.0,34.9,24.2,34.1,24.2,2024-01-16T03:19,2024-01-16T15:11,42741.18,41700.7,8.85,8.85,0.1,0.0,0.0,0.1,1.0,,23.95,8.07,18.0,15.6,8.07,43.0,0.0,1011.3,961.0,24140.0,20.1,0.239,30.9,10192X0095/P21B
2938,16,2024-01-17,4.811397298,43.539904887,3.0,35.2,25.0,35.3,24.3,2024-01-17T03:19,2024-01-17T15:11,42749.57,41456.93,8.9,8.9,0.0,0.0,0.0,0.0,0.0,,23.4,8.55,25.0,16.8,8.55,46.0,0.0,1010.7,960.5,24140.0,23.9,0.239,31.2,10192X0095/P21B
2939,17,2024-01-18,4.811397298,43.539904887,3.0,34.4,24.5,34.3,25.1,2024-01-18T03:19,2024-01-18T15:12,42758.26,41460.29,8.95,8.95,0.0,0.0,0.0,0.0,0.0,,22.83,7.29,21.0,17.3,7.29,49.0,0.0,1010.7,960.3,24140.0,19.7,0.238,31.3,10192X0095/P21B
2940,18,2024-01-19,4.811397298,43.539904887,3.0,35.0,24.1,32.3,23.4,2024-01-19T03:19,2024-01-19T15:12,42767.26,41463.15,8.95,8.95,0.0,0.0,0.0,0.0,0.0,,24.74,8.93,10.0,12.1,8.93,38.0,0.0,1010.7,960.3,24140.0,21.1,0.238,31.3,10192X0095/P21B
2941,19,2024-01-20,4.811397298,43.539904887,3.0,35.0,22.8,30.2,19.9,2024-01-20T03:20,2024-01-20T15:13,42776.52,40727.13,8.5,8.95,0.0,0.0,0.0,0.0,0.0,,25.18,9.81,52.0,10.2,9.81,35.0,0.0,1010.9,960.4,24140.0,28.1,0.237,31.2,10192X0095/P21B
2942,20,2024-01-21,4.811397298,43.539904887,3.0,35.2,22.4,30.0,19.8,2024-01-21T03:20,2024-01-21T15:13,42786.05,41221.84,8.95,8.95,0.0,0.0,0.0,0.0,0.0,,25.23,9.98,65.0,11.3,9.98,37.0,0.0,1011.5,961.0,24140.0,30.0,0.237,31.1,10192X0095/P21B
2943,21,2024-01-22,4.811397298,43.539904887,3.0,34.3,22.4,30.7,21.3,2024-01-22T03:20,2024-01-22T15:13,42795.84,41469.25,9.0,9.0,0.0,0.0,0.0,0.0,0.0,,25.22,9.57,35.0,11.7,9.57,38.0,0.0,1013.2,962.5,24140.0,27.2,0.237,31.1,10192X0095/P21B
2944,22,2024-01-23,4.811397298,43.539904887,3.0,35.2,22.0,30.5,19.2,2024-01-23T03:20,2024-01-23T15:14,42805.87,41470.38,8.8,9.0,0.0,0.0,0.0,0.0,0.0,,25.16,9.88,29.0,9.1,9.88,33.0,0.0,1012.8,962.2,24140.0,26.8,0.236,31.1,10192X0095/P21B
2945,23,2024-01-24,4.811397298,43.539904887,3.0,34.2,23.5,31.4,22.5,2024-01-24T03:20,2024-01-24T15:14,42816.12,39600.0,9.05,9.05,0.0,0.0,0.0,0.0,0.0,,24.49,8.57,18.0,11.8,8.57,38.0,0.0,1012.9,962.3,24140.0,21.6,0.236,31.1,10192X0095/P21B
2946,24,2024-01-25,4.811397298,43.539904887,0.0,34.4,23.1,34.3,22.0,2024-01-25T03:21,2024-01-25T15:14,42826.58,41227.01,9.05,9.05,0.0,0.0,0.0,0.0,0.0,,24.84,7.58,0.0,15.3,7.58,44.0,0.0,1012.3,961.8,24140.0,17.1,0.235,31.2,10192X0095/P21B
2947,25,2024-01-26,4.811397298,43.539904887,3.0,34.3,24.1,35.4,25.3,2024-01-26T03:21,2024-01-26T15:15,42837.24,41227.2,9.05,9.05,0.0,0.0,0.0,0.0,0.0,,23.31,7.18,17.0,17.6,7.18,51.0,0.0,1012.7,962.2,24140.0,18.0,0.235,31.5,10192X0095/P21B
2948,26,2024-01-27,4.811397298,43.539904887,3.0,34.4,23.9,35.7,24.4,2024-01-27T03:21,2024-01-27T15:15,42848.09,41226.95,9.1,9.1,0.0,0.0,0.0,0.0,0.0,,23.03,7.2,49.0,17.2,7.2,49.0,0.0,1012.7,962.3,24140.0,16.7,0.235,31.7,10192X0095/P21B
2949,27,2024-01-28,4.811397298,43.539904887,3.0,35.1,24.3,34.5,24.7,2024-01-28T03:21,2024-01-28T15:15,42859.11,41226.23,9.1,9.1,0.0,0.0,0.0,0.0,0.0,,23.48,7.85,55.0,16.3,7.85,45.0,0.0,1012.1,961.7,24140.0,18.7,0.234,31.9,10192X0095/P21B
2950,28,2024-01-29,4.811397298,43.539904887,3.0,34.6,24.0,34.2,24.5,2024-01-29T03:21,2024-01-29T15:16,42870.29,40982.27,9.1,9.1,0.0,0.0,0.0,0.0,0.0,,24.04,7.45,76.0,16.6,7.45,49.0,0.0,1012.6,962.1,24140.0,18.1,0.234,31.9,10192X0095/P21B
2951,29,2024-01-30,4.811397298,43.539904887,3.0,34.8,23.3,34.2,23.6,2024-01-30T03:21,2024-01-30T15:16,42881.62,41223.45,9.1,9.15,0.0,0.0,0.0,0.0,0.0,,24.92,8.03,31.0,16.4,8.03,47.0,0.0,1012.3,961.8,24140.0,20.5,0.234,31.9,10192X0095/P21B
2952,30,2024-01-31,4.811397298,43.539904887,3.0,33.6,23.1,32.4,22.9,2024-01-31T03:21,2024-01-31T15:16,42893.08,41221.37,9.2,9.2,0.0,0.0,0.0,0.0,0.0,,24.96,8.18,92.0,14.5,8.18,44.0,0.0,1013.4,962.8,24140.0,22.4,0.233,31.9,10192X0095/P21B
2953,31,2024-02-01,4.811397298,43.539904887,3.0,34.6,23.4,34.4,21.6,2024-02-01T03:21,2024-02-01T15:16,42904.66,41218.83,9.2,9.2,0.0,0.0,0.0,0.0,0.0,,25.1,7.61,95.0,13.7,7.61,39.0,0.0,1013.7,963.2,24140.0,14.3,0.233,32.0,10192X0095/P21B
2954,32,2024-02-02,4.811397298,43.539904887,3.0,36.3,24.4,36.6,25.5,2024-02-02T03:21,2024-02-02T15:17,42916.37,39763.86,9.2,9.25,0.0,0.0,0.0,0.0,0.0,,23.21,7.7,99.0,15.4,7.7,43.0,0.0,1011.7,961.4,24140.0,14.6,0.233,32.3,10192X0095/P21B
2955,33,2024-02-03,4.811397298,43.539904887,3.0,34.6,24.6,34.1,25.8,2024-02-03T03:21,2024-02-03T15:17,42928.33,40971.3,8.55,9.3,0.0,0.0,0.0,0.0,0.0,,24.47,8.23,42.0,16.2,8.23,46.0,0.0,1011.7,961.4,24140.0,21.2,0.233,32.4,10192X0095/P21B
2956,34,2024-02-04,4.811397298,43.539904887,3.0,34.8,24.4,33.5,24.7,2024-02-04T03:21,2024-02-04T15:17,42940.55,40967.6,9.25,9.25,0.0,0.0,0.0,0.0,0.0,,25.19,9.05,83.0,14.1,9.05,39.0,0.0,1012.8,962.4,24140.0,22.1,0.233,32.3,10192X0095/P21B
2957,35,2024-02-05,4.811397298,43.539904887,3.0,34.6,23.7,31.7,21.4,2024-02-05T03:21,2024-02-05T15:17,42953.01,36067.53,9.3,9.3,0.0,0.0,0.0,0.0,0.0,,21.12,8.9,89.0,13.1,8.9,39.0,0.0,1013.7,963.1,24140.0,26.5,0.233,32.2,10192X0095/P21B
2958,36,2024-02-06,4.811397298,43.539904887,3.0,34.4,24.7,32.6,24.8,2024-02-06T03:21,2024-02-06T15:17,42965.7,38046.91,9.35,9.35,0.0,0.0,0.0,0.0,0.0,,24.87,8.18,33.0,14.5,8.18,43.0,0.0,1013.8,963.2,24140.0,20.1,0.232,32.2,10192X0095/P21B
2959,37,2024-02-07,4.811397298,43.539904887,3.0,35.4,24.4,34.6,25.7,2024-02-07T03:21,2024-02-07T15:18,42978.59,40953.52,9.35,9.35,0.0,0.0,0.0,0.0,0.0,,24.87,8.43,26.0,15.9,8.43,45.0,0.0,1013.4,963.0,24140.0,21.3,0.232,32.3,10192X0095/P21B
2960,38,2024-02-08,4.811397298,43.539904887,2.0,35.6,24.9,34.3,25.3,2024-02-08T03:21,2024-02-08T15:18,42991.69,39991.51,9.4,9.4,0.0,0.0,0.0,0.0,0.0,,24.84,8.8,23.0,15.6,8.8,44.0,0.0,1012.9,962.6,24140.0,22.4,0.231,32.4,10192X0095/P21B
2961,39,2024-02-09,4.811397298,43.539904887,3.0,35.3,23.8,32.9,21.5,2024-02-09T03:21,2024-02-09T15:18,43004.96,41180.67,9.45,9.45,0.0,0.0,0.0,0.0,0.0,,25.73,9.53,31.0,13.2,9.53,38.0,0.0,1012.0,961.6,24140.0,26.1,0.231,32.4,10192X0095/P21B
2962,40,2024-02-10,4.811397298,43.539904887,0.0,34.6,23.1,33.2,22.3,2024-02-10T03:21,2024-02-10T15:18,43018.39,41173.92,9.45,9.45,0.0,0.0,0.0,0.0,0.0,,25.67,8.61,2.0,15.6,8.61,47.0,0.0,1013.2,962.7,24140.0,25.9,0.231,32.3,10192X0095/P21B
2963,41,2024-02-11,4.811397298,43.539904887,2.0,34.6,23.1,33.0,21.0,2024-02-11T03:21,2024-02-11T15:18,43031.99,41166.81,9.45,9.45,0.0,0.0,0.0,0.0,0.0,,26.24,8.9,20.0,13.6,8.9,40.0,0.0,1013.5,962.9,24140.0,22.9,0.23,32.3,10192X0095/P21B
2964,42,2024-02-12,4.811397298,43.539904887,3.0,34.7,23.2,33.4,23.5,2024-02-12T03:21,2024-02-12T15:18,43045.72,41159.37,9.5,9.5,0.0,0.0,0.0,0.0,0.0,,26.09,8.59,27.0,14.5,8.59,43.0,0.0,1012.7,962.2,24140.0,20.7,0.23,32.3,10192X0095/P21B
2965,43,2024-02-13,4.811397298,43.539904887,3.0,35.7,23.8,34.4,23.4,2024-02-13T03:21,2024-02-13T15:18,43059.58,41151.6,9.5,9.5,0.0,0.0,0.0,0.0,0.0,,25.98,9.02,42.0,14.3,9.02,41.0,0.0,1011.7,961.4,24140.0,21.7,0.23,32.4,10192X0095/P21B
2966,44,2024-02-14,4.811397298,43.539904887,3.0,35.8,23.8,34.2,23.5,2024-02-14T03:21,2024-02-14T15:18,43073.54,41380.52,9.55,9.55,0.0,0.0,0.0,0.0,0.0,,26.4,8.98,46.0,14.2,8.98,41.0,0.0,1011.4,961.1,24140.0,21.2,0.229,32.5,10192X0095/P21B
2967,45,2024-02-15,4.811397298,43.539904887,0.0,35.3,24.3,34.5,24.6,2024-02-15T03:20,2024-02-15T15:19,43087.61,41371.88,9.55,9.55,0.0,0.0,0.0,0.0,0.0,,26.18,8.9,0.0,14.8,8.9,41.0,0.0,1011.8,961.5,24140.0,21.7,0.229,32.5,10192X0095/P21B
2968,46,2024-02-16,4.811397298,43.539904887,1.0,35.6,24.6,34.6,23.6,2024-02-16T03:20,2024-02-16T15:19,43101.76,41362.92,9.6,9.6,0.0,0.0,0.0,0.0,0.0,,26.2,9.19,8.0,15.2,9.19,41.0,0.0,1012.4,962.1,24140.0,22.4,0.229,32.6,10192X0095/P21B
2969,47,2024-02-17,4.811397298,43.539904887,3.0,35.7,24.0,34.4,23.6,2024-02-17T03:20,2024-02-17T15:19,43115.98,41353.78,9.65,9.65,0.0,0.0,0.0,0.0,0.0,,26.45,8.91,31.0,13.5,8.91,39.0,0.0,1011.3,961.0,24140.0,20.5,0.228,32.6,10192X0095/P21B
2970,48,2024-02-18,4.811397298,43.539904887,3.0,35.6,23.7,35.2,23.5,2024-02-18T03:20,2024-02-18T15:19,43130.26,41344.45,9.65,9.65,0.0,0.0,0.0,0.0,0.0,,26.24,8.56,48.0,14.8,8.56,42.0,0.0,1010.0,959.8,24140.0,19.6,0.228,32.7,10192X0095/P21B
2971,49,2024-02-19,4.811397298,43.539904887,3.0,35.6,24.8,35.7,24.1,2024-02-19T03:20,2024-02-19T15:19,43144.58,41334.93,9.65,9.65,0.0,0.0,0.0,0.0,0.0,,26.24,8.57,67.0,15.1,8.57,41.0,0.0,1010.0,959.8,24140.0,18.2,0.228,32.8,10192X0095/P21B
2972,50,2024-02-20,4.811397298,43.539904887,3.0,34.8,23.6,33.8,23.3,2024-02-20T03:20,2024-02-20T15:19,43158.94,41325.21,9.65,9.65,0.0,0.0,0.0,0.0,0.0,,26.27,8.8,87.0,14.4,8.8,41.0,0.0,1010.8,960.4,24140.0,20.9,0.227,32.8,10192X0095/P21B
2973,51,2024-02-21,4.811397298,43.539904887,3.0,34.6,23.0,33.1,22.1,2024-02-21T03:19,2024-02-21T15:19,43173.31,41550.2,9.2,9.7,0.0,0.0,0.0,0.0,0.0,,26.76,9.02,57.0,14.3,9.02,41.0,0.0,1010.4,960.1,24140.0,21.8,0.227,32.8,10192X0095/P21B
2974,52,2024-02-22,4.811397298,43.539904887,3.0,36.1,24.2,33.7,23.1,2024-02-22T03:19,2024-02-22T15:19,43187.71,41305.37,9.7,9.7,0.0,0.0,0.0,0.0,0.0,,26.54,9.5,64.0,15.5,9.5,43.0,0.0,1010.2,960.0,24140.0,26.1,0.227,32.8,10192X0095/P21B
2975,53,2024-02-23,4.811397298,43.539904887,3.0,35.8,24.9,33.6,24.1,2024-02-23T03:19,2024-02-23T15:19,43202.27,41295.08,9.65,9.75,0.0,0.0,0.0,0.0,0.0,,26.18,9.14,100.0,15.4,9.14,43.0,0.0,1010.4,960.2,24140.0,24.6,0.227,32.9,10192X0095/P21B
2976,54,2024-02-24,4.811397298,43.539904887,3.0,35.6,23.4,33.3,21.4,2024-02-24T03:19,2024-02-24T15:19,43216.98,41752.42,9.75,9.8,0.0,0.0,0.0,0.0,0.0,,26.77,9.49,77.0,12.0,9.49,37.0,0.0,1011.4,961.0,24140.0,24.6,0.227,32.8,10192X0095/P21B
2977,55,2024-02-25,4.811397298,43.539904887,3.0,36.4,23.4,35.0,22.7,2024-02-25T03:18,2024-02-25T15:19,43231.85,41740.85,9.8,9.8,0.0,0.0,0.0,0.0,0.0,,26.92,8.87,59.0,11.1,8.87,33.0,0.0,1009.5,959.4,24140.0,17.0,0.226,32.9,10192X0095/P21B
2978,56,2024-02-26,4.811397298,43.539904887,3.0,35.6,23.1,37.4,24.8,2024-02-26T03:18,2024-02-26T15:19,43246.85,41728.93,9.25,9.8,0.0,0.0,0.0,0.0,0.0,,26.38,7.25,79.0,15.3,7.25,45.0,0.0,1008.6,958.4,24140.0,10.3,0.226,33.2,10192X0095/P21B
2979,57,2024-02-27,4.811397298,43.539904887,3.0,35.6,24.5,36.4,25.8,2024-02-27T03:18,2024-02-27T15:19,43261.98,37733.79,8.3,9.85,0.0,0.0,0.0,0.0,0.0,,23.3,8.11,66.0,16.1,8.11,44.0,0.0,1009.2,959.1,24140.0,18.6,0.226,33.3,10192X0095/P21B
2980,58,2024-02-28,4.811397298,43.539904887,3.0,36.6,24.1,35.8,23.8,2024-02-28T03:17,2024-02-28T15:19,43277.21,41918.06,9.8,9.8,0.0,0.0,0.0,0.0,0.0,,26.28,9.17,69.0,13.9,9.17,39.0,0.0,1009.4,959.3,24140.0,20.2,0.226,33.4,10192X0095/P21B
2981,59,2024-02-29,4.811397298,43.539904887,3.0,36.6,23.9,36.4,24.4,2024-02-29T03:17,2024-02-29T15:19,43292.55,41937.38,9.8,9.8,0.0,0.0,0.0,0.0,0.0,,26.78,9.14,12.0,12.5,9.14,36.0,0.0,1009.3,959.2,24140.0,17.3,0.225,33.5,10192X0095/P21B
2982,60,2024-03-01,4.811397298,43.539904887,2.0,37.0,24.4,35.6,22.7,2024-03-01T03:17,2024-03-01T15:19,43307.97,41678.71,9.9,9.95,0.0,0.0,0.0,0.0,0.0,,27.22,9.71,9.0,12.4,9.71,35.0,0.0,1010.0,959.9,24140.0,20.1,0.225,33.6,10192X0095/P21B
2983,61,2024-03-02,4.811397298,43.539904887,2.0,36.6,24.3,35.6,24.1,2024-03-02T03:16,2024-03-02T15:18,43323.47,41977.85,9.9,9.9,0.0,0.0,0.0,0.0,0.0,,27.17,9.43,27.0,13.6,9.43,38.0,0.0,1010.8,960.6,24140.0,21.2,0.225,33.6,10192X0095/P21B
2984,62,2024-03-03,4.811397298,43.539904887,3.0,36.8,24.4,36.9,24.1,2024-03-03T03:16,2024-03-03T15:18,43339.03,40723.43,9.6,9.95,0.0,0.0,0.0,0.0,0.0,,26.59,9.12,63.0,15.0,9.12,40.0,0.0,1009.8,959.7,24140.0,19.9,0.224,33.7,10192X0095/P21B
2985,63,2024-03-04,4.811397298,43.539904887,3.0,37.1,25.1,36.7,24.5,2024-03-04T03:16,2024-03-04T15:18,43354.65,42020.38,10.0,10.0,0.0,0.0,0.0,0.0,0.0,,26.37,9.34,80.0,15.6,9.34,41.0,0.0,1009.5,959.5,24140.0,22.5,0.224,33.8,10192X0095/P21B
2986,64,2024-03-05,4.811397298,43.539904887,3.0,37.8,25.1,36.8,25.1,2024-03-05T03:15,2024-03-05T15:18,43370.31,42042.26,10.0,10.0,0.0,0.0,0.0,0.0,0.0,,26.58,9.21,23.0,15.5,9.21,42.0,0.0,1011.2,961.1,24140.0,21.1,0.224,33.9,10192X0095/P21B
2987,65,2024-03-06,4.811397298,43.539904887,3.0,37.5,24.8,38.5,27.1,2024-03-06T03:15,2024-03-06T15:18,43386.0,42064.49,10.0,10.0,0.0,0.0,0.0,0.0,0.0,,26.0,8.26,21.0,17.2,8.26,48.0,0.0,1011.8,961.6,24140.0,17.3,0.223,34.1,10192X0095/P21B
2988,66,2024-03-07,4.811397298,43.539904887,3.0,36.5,26.3,40.1,27.8,2024-03-07T03:15,2024-03-07T15:18,43401.7,42062.89,10.0,10.0,0.0,0.0,0.0,0.0,0.0,,25.2,7.06,32.0,16.9,7.06,43.0,0.0,1011.5,961.4,23610.84,9.5,0.223,34.5,10192X0095/P21B
2989,67,2024-03-08,4.811397298,43.539904887,3.0,39.0,25.3,39.3,26.4,2024-03-08T03:14,2024-03-08T15:18,43417.41,42109.71,10.0,10.0,0.0,0.0,0.0,0.0,0.0,,26.46,8.87,23.0,14.2,8.87,39.0,0.0,1010.4,960.4,24140.0,15.0,0.223,34.6,10192X0095/P21B
2990,68,2024-03-09,4.811397298,43.539904887,0.0,38.1,24.1,36.7,25.5,2024-03-09T03:14,2024-03-09T15:18,43433.12,42132.59,10.0,10.0,0.0,0.0,0.0,0.0,0.0,,27.35,9.54,1.0,13.4,9.54,38.0,0.0,1010.6,960.6,24140.0,17.8,0.223,34.5,10192X0095/P21B
2991,69,2024-03-10,4.811397298,43.539904887,0.0,36.8,24.6,34.5,25.1,2024-03-10T03:13,2024-03-10T15:18,43448.8,42155.57,9.95,9.95,0.0,0.0,0.0,0.0,0.0,,27.31,9.97,0.0,13.8,9.97,38.0,0.0,1012.0,961.8,24140.0,22.4,0.222,34.5,10192X0095/P21B
2992,70,2024-03-11,4.811397298,43.539904887,0.0,37.0,23.5,35.3,23.2,2024-03-11T03:13,2024-03-11T15:17,43464.46,42178.6,10.0,10.0,0.0,0.0,0.0,0.0,0.0,,27.44,9.6,1.0,13.6,9.6,38.0,0.0,1013.6,963.3,24140.0,20.2,0.222,34.4,10192X0095/P21B
2993,71,2024-03-12,4.811397298,43.539904887,3.0,37.2,25.0,35.6,26.1,2024-03-12T03:13,2024-03-12T15:17,43480.08,42201.6,10.0,10.0,0.0,0.0,0.0,0.0,0.0,,26.48,8.87,12.0,15.7,8.87,44.0,0.0,1013.4,963.2,24140.0,20.4,0.222,34.4,10192X0095/P21B
2994,72,2024-03-13,4.811397298,43.539904887,3.0,36.8,25.9,35.8,26.3,2024-03-13T03:12,2024-03-13T15:17,43495.66,42224.53,10.05,10.05,0.0,0.0,0.0,0.0,0.0,,24.54,8.74,14.0,15.6,8.74,42.0,0.0,1013.2,963.0,24140.0,19.5,0.221,34.5,10192X0095/P21B
2995,73,2024-03-14,4.811397298,43.539904887,1.0,36.0,24.6,34.2,25.6,2024-03-14T03:12,2024-03-14T15:17,43511.33,42247.87,10.0,10.0,0.0,0.0,0.0,0.0,0.0,,27.19,10.09,2.0,14.3,10.09,40.0,0.0,1012.4,962.2,24140.0,24.4,0.221,34.4,10192X0095/P21B
2996,74,2024-03-15,4.811397298,43.539904887,3.0,35.6,23.9,34.3,23.4,2024-03-15T03:12,2024-03-15T15:17,43527.09,42271.85,10.0,10.0,0.0,0.0,0.0,0.0,0.0,,27.44,9.45,16.0,14.5,9.45,41.0,0.0,1013.0,962.6,24140.0,22.8,0.221,34.3,10192X0095/P21B
2997,75,2024-03-16,4.811397298,43.539904887,3.0,36.6,24.2,34.2,23.7,2024-03-16T03:11,2024-03-16T15:17,43542.94,42296.39,10.0,10.0,0.0,0.0,0.0,0.0,0.0,,27.64,9.61,36.0,12.0,9.61,34.0,0.0,1011.4,961.3,24140.0,18.8,0.221,34.3,10192X0095/P21B
2998,76,2024-03-17,4.811397298,43.539904887,0.0,37.2,24.4,36.7,25.3,2024-03-17T03:11,2024-03-17T15:17,43558.85,42321.45,10.0,10.0,0.0,0.0,0.0,0.0,0.0,,27.46,9.12,0.0,13.9,9.12,38.0,0.0,1010.2,960.2,24140.0,17.4,0.22,34.4,10192X0095/P21B
2999,77,2024-03-18,4.811397298,43.539904887,1.0,36.0,24.4,35.9,24.9,2024-03-18T03:10,2024-03-18T15:16,43574.84,42346.94,10.0,10.0,0.0,0.0,0.0,0.0,0.0,,26.74,8.55,3.0,15.5,8.55,43.0,0.0,1009.9,959.7,24140.0,18.0,0.22,34.4,10192X0095/P21B
3000,78,2024-03-19,4.811397298,43.539904887,3.0,36.6,23.9,36.3,23.5,2024-03-19T03:10,2024-03-19T15:16,43590.87,42372.8,9.95,9.95,0.0,0.0,0.0,0.0,0.0,,27.41,8.76,41.0,15.2,8.76,42.0,0.0,1009.4,959.3,24140.0,19.4,0.22,34.4,10192X0095/P21B
3001,79,2024-03-20,4.811397298,43.539904887,3.0,36.7,24.3,36.2,24.2,2024-03-20T03:09,2024-03-20T15:16,43606.94,42398.98,9.9,9.95,0.0,0.0,0.0,0.0,0.0,,27.45,9.38,62.0,14.5,9.38,40.0,0.0,1009.4,959.3,24140.0,21.0,0.22,34.4,10192X0095/P21B
3002,80,2024-03-21,4.811397298,43.539904887,3.0,37.1,24.5,36.4,23.5,2024-03-21T03:09,2024-03-21T15:16,43623.05,42425.39,9.95,10.0,0.0,0.0,0.0,0.0,0.0,,27.31,9.54,68.0,14.1,9.54,38.0,0.0,1008.9,959.0,24140.0,20.9,0.22,34.5,10192X0095/P21B
3003,81,2024-03-22,4.811397298,43.539904887,3.0,37.4,24.7,37.7,24.4,2024-03-22T03:09,2024-03-22T15:16,43639.17,42451.99,9.95,9.95,0.0,0.0,0.0,0.0,0.0,,26.41,9.26,80.0,14.7,9.26,39.0,0.0,1006.9,957.1,24140.0,19.2,0.22,34.6,10192X0095/P21B
3004,82,2024-03-23,4.811397298,43.539904887,3.0,37.6,24.6,37.8,26.7,2024-03-23T03:08,2024-03-23T15:16,43655.31,42478.71,9.9,9.95,0.0,0.0,0.0,0.0,0.0,,26.85,8.77,82.0,14.8,8.77,41.0,0.0,1007.0,957.1,24140.0,15.4,0.219,34.7,10192X0095/P21B
3005,83,2024-03-24,4.811397298,43.539904887,51.0,37.6,24.8,38.4,25.5,2024-03-24T03:08,2024-03-24T15:15,43671.44,42505.48,9.9,9.95,0.1,0.0,0.0,0.1,1.0,,25.48,8.76,57.0,17.0,8.76,45.0,0.0,1008.4,958.5,24140.0,20.3,0.219,34.8,10192X0095/P21B
3006,84,2024-03-25,4.811397298,43.539904887,3.0,38.3,26.0,39.4,28.1,2024-03-25T03:07,2024-03-25T15:15,43687.56,42291.18,9.75,9.95,0.0,0.0,0.0,0.0,0.0,,25.33,8.11,51.0,16.3,8.11,43.0,0.0,1010.7,960.7,24140.0,14.9,0.219,35.1,10192X0095/P21B
3007,85,2024-03-26,4.811397298,43.539904887,3.0,37.0,26.1,37.8,28.3,2024-03-26T03:07,2024-03-26T15:15,43703.67,42558.9,9.45,9.95,0.0,0.0,0.0,0.0,0.0,,25.15,8.12,81.0,17.1,8.12,44.0,0.0,1011.2,961.2,24140.0,15.4,0.219,35.3,10192X0095/P21B
3008,86,2024-03-27,4.811397298,43.539904887,3.0,37.5,26.3,36.6,27.4,2024-03-27T03:06,2024-03-27T15:15,43719.73,42585.44,10.0,10.0,0.0,0.0,0.0,0.0,0.0,,26.39,9.62,43.0,17.4,9.62,44.0,0.0,1011.2,961.3,24140.0,23.9,0.218,35.2,10192X0095/P21B
3009,87,2024-03-28,4.811397298,43.539904887,53.0,36.8,26.0,36.4,26.6,2024-03-28T03:06,2024-03-28T15:15,43735.75,42611.76,9.95,9.95,0.7,0.2,0.0,0.7,1.0,,24.21,8.77,69.0,17.4,8.77,45.0,0.0,1011.4,961.4,24140.0,23.0,0.218,35.2,10192X0095/P21B
3010,88,2024-03-29,4.811397298,43.539904887,51.0,36.2,26.2,36.8,27.4,2024-03-29T03:05,2024-03-29T15:15,43751.72,42637.81,10.0,10.0,0.2,0.0,0.0,0.2,1.0,,26.34,8.72,31.0,16.6,8.72,43.0,0.0,1010.7,960.6,24140.0,18.6,0.218,35.2,10192X0095/P21B
3011,89,2024-03-30,4.811397298,43.539904887,3.0,37.1,25.6,37.4,26.9,2024-03-30T03:05,2024-03-30T15:14,43767.62,42663.52,10.0,10.0,0.0,0.0,0.0,0.0,0.0,,26.12,9.0,30.0,16.0,9.0,42.0,0.0,1010.7,960.7,24140.0,18.6,0.217,35.2,10192X0095/P21B
3012,90,2024-03-31,4.811397298,43.539904887,51.0,36.4,25.4,38.4,26.1,2024-03-31T03:05,2024-03-31T15:14,43783.44,42688.83,10.0,10.0,0.1,0.0,0.0,0.1,1.0,,25.68,8.48,22.0,17.4,8.48,47.0,0.0,1011.8,961.6,24140.0,19.3,0.217,35.3,10192X0095/P21B
3013,91,2024-04-01,4.811397298,43.539904887,63.0,33.5,24.7,37.1,26.2,2024-04-01T03:04,2024-04-01T15:14,43799.17,36275.35,8.6,9.95,8.8,17.4,0.0,8.8,7.0,,20.33,5.45,63.0,20.1,5.45,63.0,0.0,1011.5,960.9,21439.17,12.7,0.219,35.2,10192X0095/P21B
3014,92,2024-04-02,4.811397298,43.539904887,61.0,29.9,23.9,34.4,26.4,2024-04-02T03:04,2024-04-02T15:14,43814.83,34246.25,8.65,9.95,11.1,7.8,0.0,11.1,18.0,,19.36,4.47,86.0,21.6,4.47,76.0,0.0,1011.3,960.4,22058.34,12.5,0.22,34.5,10192X0095/P21B
3015,93,2024-04-03,4.811397298,43.539904887,61.0,29.6,23.3,34.6,26.9,2024-04-03T03:03,2024-04-03T15:14,43830.5,24193.68,9.95,9.95,5.4,18.3,0.0,5.4,12.0,,15.89,3.36,91.0,22.1,3.36,82.0,0.0,1011.6,960.6,20279.17,8.8,0.225,33.9,10192X0095/P21B
3016,94,2024-04-04,4.811397298,43.539904887,51.0,31.1,23.0,35.8,26.4,2024-04-04T03:03,2024-04-04T15:14,43846.22,40791.78,9.15,9.95,0.4,0.0,0.0,0.4,3.0,,22.55,4.84,67.0,22.0,4.84,78.0,0.0,1011.1,960.3,24140.0,8.9,0.231,33.2,10192X0095/P21B
3017,95,2024-04-05,4.811397298,43.539904887,63.0,30.4,23.2,34.9,26.3,2024-04-05T03:03,2024-04-05T15:14,43861.96,37754.0,6.7,9.9,8.5,1.5,0.0,8.5,7.0,,20.78,4.54,48.0,22.3,4.54,78.0,0.0,1011.6,960.8,23165.0,11.2,0.227,32.7,10192X0095/P21B
3018,96,2024-04-06,4.811397298,43.539904887,51.0,32.9,23.1,36.9,26.1,2024-04-06T03:02,2024-04-06T15:13,43877.73,42835.55,9.8,9.85,0.3,0.3,0.0,0.3,3.0,,25.23,5.79,77.0,21.4,5.79,72.0,0.0,1010.6,959.9,24105.84,11.1,0.222,32.5,10192X0095/P21B
3019,97,2024-04-07,4.811397298,43.539904887,51.0,33.4,23.7,37.4,26.8,2024-04-07T03:02,2024-04-07T15:13,43893.49,42860.02,8.2,9.85,0.3,0.1,0.0,0.3,3.0,,24.49,5.83,64.0,21.1,5.83,68.0,0.0,1009.9,959.3,24131.67,10.4,0.217,32.4,10192X0095/P21B
3020,98,2024-04-08,4.811397298,43.539904887,51.0,33.7,24.1,37.8,27.0,2024-04-08T03:01,2024-04-08T15:13,43909.25,42884.41,8.65,9.8,0.5,0.2,0.0,0.5,3.0,,22.77,5.54,72.0,21.3,5.54,68.0,0.0,1009.7,959.2,23595.0,11.7,0.212,32.5,10192X0095/P21B
3021,99,2024-04-09,4.811397298,43.539904887,61.0,32.2,24.3,36.6,27.6,2024-04-09T03:01,2024-04-09T15:13,43925.0,36908.98,8.65,9.85,1.8,2.5,0.0,1.8,3.0,,20.67,4.86,43.0,21.1,4.86,68.0,0.0,1010.1,959.5,23801.67,9.1,0.209,32.5,10192X0095/P21B
3022,100,2024-04-10,4.811397298,43.539904887,53.0,32.9,23.9,38.5,26.8,2024-04-10T03:00,2024-04-10T15:13,43940.71,40631.68,8.2,9.8,1.3,2.1,0.0,1.3,3.0,,20.78,4.83,49.0,20.9,4.83,64.0,0.0,1010.1,959.6,24140.0,7.5,0.204,32.6,10192X0095/P21B
3023,101,2024-04-11,4.811397298,43.539904887,53.0,35.3,24.8,39.0,27.2,2024-04-11T03:00,2024-04-11T15:13,43956.4,42956.69,9.65,9.8,1.1,0.0,0.0,1.1,5.0,,23.56,6.64,45.0,19.6,6.64,54.0,0.0,1009.9,959.7,24140.0,11.7,0.198,33.1,10192X0095/P21B
3024,102,2024-04-12,4.811397298,43.539904887,3.0,37.3,25.4,40.4,28.4,2024-04-12T03:00,2024-04-12T15:13,43972.03,42980.3,9.75,9.75,0.0,1.0,0.0,0.0,0.0,,24.24,6.8,60.0,20.0,6.8,55.0,0.0,1009.2,959.1,24140.0,11.8,0.197,33.7,10192X0095/P21B
3025,103,2024-04-13,4.811397298,43.539904887,51.0,34.5,25.5,38.8,28.0,2024-04-13T02:59,2024-04-13T15:12,43987.6,43003.58,8.55,9.7,0.1,0.4,0.0,0.1,1.0,,23.96,6.15,53.0,20.0,6.15,56.0,0.0,1009.7,959.5,23115.0,10.4,0.197,34.0,10192X0095/P21B
3026,104,2024-04-14,4.811397298,43.539904887,51.0,35.3,25.4,38.7,27.5,2024-04-14T02:59,2024-04-14T15:12,44003.1,43026.49,9.6,9.7,0.1,0.1,0.0,0.1,1.0,,23.93,6.99,88.0,20.6,6.99,58.0,0.0,1009.6,959.4,24140.0,17.0,0.196,34.2,10192X0095/P21B
3027,105,2024-04-15,4.811397298,43.539904887,51.0,34.0,25.4,34.1,27.5,2024-04-15T02:59,2024-04-15T15:12,44018.51,40498.28,9.3,9.7,0.3,0.4,0.0,0.3,1.0,,20.4,6.8,96.0,20.6,6.8,59.0,0.0,1011.2,960.8,24140.0,23.3,0.196,34.1,10192X0095/P21B
3028,106,2024-04-16,4.811397298,43.539904887,3.0,35.2,24.8,35.9,25.9,2024-04-16T02:58,2024-04-16T15:12,44033.84,43070.97,9.5,9.7,0.0,0.2,0.0,0.0,0.0,,24.07,7.6,30.0,20.0,7.6,57.0,0.0,1010.8,960.5,23989.17,23.7,0.196,34.0,10192X0095/P21B
3029,107,2024-04-17,4.811397298,43.539904887,63.0,36.4,25.3,38.3,26.4,2024-04-17T02:58,2024-04-17T15:12,44049.04,43092.45,9.6,9.7,9.8,0.0,0.0,9.8,4.0,,25.45,7.72,27.0,19.5,7.72,54.0,0.0,1009.4,959.3,21860.84,17.8,0.197,34.1,10192X0095/P21B
3030,108,2024-04-18,4.811397298,43.539904887,63.0,31.4,24.7,34.0,28.0,2024-04-18T02:57,2024-04-18T15:12,44064.13,31071.64,9.0,9.7,13.7,11.7,0.0,13.7,13.0,,20.14,4.71,98.0,22.6,4.71,77.0,0.0,1010.9,960.2,22340.84,17.7,0.213,33.4,10192X0095/P21B
3031,109,2024-04-19,4.811397298,43.539904887,63.0,29.7,23.7,33.9,27.6,2024-04-19T02:57,2024-04-19T15:12,44079.09,31811.44,9.65,9.65,5.4,1.7,0.0,5.4,5.0,,20.45,4.28,55.0,23.1,4.28,82.0,0.0,1010.0,959.1,24053.34,15.2,0.223,32.5,10192X0095/P21B
3032,110,2024-04-20,4.811397298,43.539904887,63.0,30.4,23.1,33.8,24.3,2024-04-20T02:57,2024-04-20T15:12,44093.89,43153.15,9.65,9.65,6.9,4.0,0.0,6.9,1.0,,22.12,4.71,75.0,22.8,4.71,79.0,0.0,1009.1,958.4,23763.34,17.3,0.22,32.0,10192X0095/P21B
3033,111,2024-04-21,4.811397298,43.539904887,63.0,28.5,22.6,33.0,25.5,2024-04-21T02:56,2024-04-21T15:12,44108.55,31357.89,6.35,9.6,10.2,12.6,0.0,10.2,11.0,,15.54,3.18,99.0,22.5,3.18,86.0,0.0,1011.2,960.1,19408.33,7.3,0.223,31.5,10192X0095/P21B
3034,112,2024-04-22,4.811397298,43.539904887,3.0,30.6,23.3,36.1,26.8,2024-04-22T02:56,2024-04-22T15:12,44123.03,42533.83,9.55,9.6,0.0,2.7,0.0,0.0,0.0,,24.44,5.2,91.0,22.2,5.2,76.0,0.0,1010.5,959.7,23951.67,8.0,0.223,31.3,10192X0095/P21B
3035,113,2024-04-23,4.811397298,43.539904887,65.0,30.3,23.1,36.1,26.1,2024-04-23T02:56,2024-04-23T15:11,44137.48,36000.0,9.2,9.6,26.5,20.3,0.0,26.5,12.0,,21.1,4.25,83.0,22.7,4.25,85.0,0.0,1010.8,959.8,22389.17,8.2,0.232,31.1,10192X0095/P21B
3036,114,2024-04-24,4.811397298,43.539904887,63.0,30.2,23.7,36.9,28.5,2024-04-24T02:56,2024-04-24T15:11,44151.89,36719.58,9.5,9.6,6.2,7.1,0.0,6.2,8.0,,22.31,4.54,90.0,23.4,4.54,84.0,0.0,1009.3,958.5,22714.17,5.8,0.228,31.1,10192X0095/P21B
3037,115,2024-04-25,4.811397298,43.539904887,63.0,28.7,23.3,32.3,26.4,2024-04-25T02:55,2024-04-25T15:11,44166.24,28373.38,8.4,9.55,19.1,5.3,0.0,19.1,16.0,100.0,16.22,3.16,96.0,22.9,3.16,86.0,0.0,1009.8,958.8,15111.67,10.7,0.238,30.7,10192X0095/P21B
3038,116,2024-04-26,4.811397298,43.539904887,53.0,27.3,23.4,29.8,26.2,2024-04-26T02:55,2024-04-26T15:11,44180.54,449.74,1.8,9.5,4.3,9.0,0.0,4.3,11.0,96.0,7.88,1.87,100.0,22.6,1.87,88.0,0.0,1010.7,959.5,24013.34,12.6,0.249,30.1,10192X0095/P21B
3039,117,2024-04-27,4.811397298,43.539904887,3.0,29.2,22.5,31.7,24.6,2024-04-27T02:55,2024-04-27T15:11,44194.76,29324.8,9.5,9.55,0.0,0.9,0.0,0.0,0.0,41.0,19.79,4.13,62.0,21.7,4.13,82.0,0.0,1010.0,958.9,24140.0,17.1,0.25,29.8,10192X0095/P21B
3040,118,2024-04-28,4.811397298,43.539904887,51.0,29.2,22.3,31.3,23.9,2024-04-28T02:55,2024-04-28T15:11,44208.89,43200.0,9.5,9.55,0.4,0.1,0.0,0.4,2.0,45.0,23.53,4.64,55.0,21.7,4.64,81.0,0.0,1011.3,960.3,24009.17,19.9,0.245,29.6,10192X0095/P21B
3041,119,2024-04-29,4.811397298,43.539904887,51.0,30.2,22.7,32.3,24.5,2024-04-29T02:54,2024-04-29T15:11,44222.93,43200.0,9.55,9.55,0.1,0.0,0.0,0.1,1.0,10.0,24.91,5.31,48.0,21.8,5.31,77.0,0.0,1010.6,959.8,23589.17,20.2,0.241,29.5,10192X0095/P21B
3042,120,2024-04-30,4.811397298,43.539904887,3.0,30.6,23.1,34.4,25.9,2024-04-30T02:54,2024-04-30T15:11,44236.87,43200.0,9.2,9.55,0.0,0.3,0.0,0.0,0.0,31.0,24.88,5.25,31.0,22.3,5.25,77.0,0.0,1009.0,958.3,24140.0,15.2,0.237,29.6,10192X0095/P21B
3043,121,2024-05-01,4.811397298,43.539904887,51.0,30.5,24.0,33.4,26.9,2024-05-01T02:54,2024-05-01T15:11,44250.67,35060.02,8.9,9.5,0.3,0.2,0.0,0.3,3.0,64.0,19.04,4.38,98.0,22.2,4.38,76.0,0.0,1008.4,957.7,23455.0,12.9,0.233,29.7,10192X0095/P21B
3044,122,2024-05-02,4.811397298,43.539904887,53.0,31.3,23.7,33.1,27.5,2024-05-02T02:54,2024-05-02T15:11,44264.34,40283.79,8.1,9.5,2.3,0.9,0.0,2.3,10.0,63.0,18.98,4.42,89.0,22.1,4.42,75.0,0.0,1008.6,958.0,24134.17,12.3,0.231,29.8,10192X0095/P21B
3045,123,2024-05-03,4.811397298,43.539904887,63.0,31.2,23.8,33.8,27.8,2024-05-03T02:53,2024-05-03T15:11,44277.87,40438.06,9.3,9.45,12.3,9.0,0.0,12.3,10.0,88.0,22.34,5.06,86.0,22.4,5.06,76.0,0.0,1009.9,959.2,24111.67,14.5,0.232,29.9,10192X0095/P21B
3046,124,2024-05-04,4.811397298,43.539904887,61.0,27.8,23.0,30.3,26.0,2024-05-04T02:53,2024-05-04T15:11,44291.23,17701.35,6.45,9.4,4.5,6.5,0.0,4.5,13.0,100.0,11.11,2.55,95.0,22.4,2.55,86.0,0.0,1012.0,960.8,22934.17,14.2,0.241,29.4,10192X0095/P21B
3047,125,2024-05-05,4.811397298,43.539904887,51.0,30.5,22.9,33.0,25.6,2024-05-05T02:53,2024-05-05T15:11,44304.43,41339.53,8.85,9.4,0.1,0.1,0.0,0.1,1.0,49.0,20.87,4.48,96.0,22.3,4.48,79.0,0.0,1011.0,960.1,24140.0,15.9,0.243,29.1,10192X0095/P21B
3048,126,2024-05-06,4.811397298,43.539904887,51.0,30.2,23.7,33.7,25.8,2024-05-06T02:53,2024-05-06T15:11,44317.43,38335.93,9.3,9.4,0.5,1.4,0.0,0.5,4.0,49.0,21.45,4.47,88.0,22.6,4.47,80.0,0.0,1011.6,960.6,22944.17,16.0,0.24,29.1,10192X0095/P21B
3049,127,2024-05-07,4.811397298,43.539904887,51.0,30.3,23.0,33.6,25.6,2024-05-07T02:53,2024-05-07T15:11,44330.23,37933.65,8.3,9.35,0.7,2.4,0.0,0.7,4.0,57.0,22.15,4.6,77.0,22.4,4.6,81.0,0.0,1012.1,961.1,23995.84,15.8,0.239,29.1,10192X0095/P21B
3050,128,2024-05-08,4.811397298,43.539904887,51.0,29.3,23.2,31.7,25.6,2024-05-08T02:52,2024-05-08T15:11,44342.82,36252.77,9.05,9.35,1.4,1.3,0.0,1.4,8.0,73.0,18.72,4.04,60.0,22.3,4.04,80.0,0.0,1011.5,960.6,23435.84,17.3,0.235,29.1,10192X0095/P21B
3051,129,2024-05-09,4.811397298,43.539904887,51.0,29.8,23.6,32.7,25.3,2024-05-09T02:52,2024-05-09T15:11,44355.18,43200.0,8.8,9.3,0.3,0.0,0.0,0.3,3.0,75.0,23.21,4.93,55.0,22.1,4.93,78.0,0.0,1010.8,959.9,24137.5,18.9,0.233,29.1,10192X0095/P21B
3052,130,2024-05-10,4.811397298,43.539904887,51.0,30.5,23.5,32.5,25.1,2024-05-10T02:52,2024-05-10T15:12,44367.29,40993.1,9.25,9.25,0.5,0.5,0.0,0.5,5.0,22.0,22.19,5.11,90.0,21.8,5.11,75.0,0.0,1011.7,960.8,24140.0,21.6,0.23,29.2,10192X0095/P21B
3053,131,2024-05-11,4.811397298,43.539904887,3.0,31.8,22.9,33.6,25.4,2024-05-11T02:52,2024-05-11T15:12,44379.15,43200.0,9.25,9.25,0.0,0.0,0.0,0.0,0.0,2.0,24.48,5.84,87.0,21.0,5.84,70.0,0.0,1012.2,961.4,24140.0,18.1,0.226,29.4,10192X0095/P21B
3054,132,2024-05-12,4.811397298,43.539904887,51.0,32.7,23.2,35.2,25.4,2024-05-12T02:52,2024-05-12T15:12,44390.75,43200.0,9.25,9.25,0.1,0.0,0.0,0.1,1.0,6.0,23.54,5.92,53.0,20.7,5.92,66.0,0.0,1011.2,960.6,24140.0,15.6,0.224,29.6,10192X0095/P21B
3055,133,2024-05-13,4.811397298,43.539904887,3.0,33.8,23.9,35.5,25.8,2024-05-13T02:52,2024-05-13T15:12,44402.19,43200.0,9.2,9.2,0.0,0.0,0.0,0.0,0.0,4.0,24.28,6.58,55.0,20.5,6.58,63.0,0.0,1010.4,959.9,24140.0,18.9,0.223,30.0,10192X0095/P21B
3056,134,2024-05-14,4.811397298,43.539904887,3.0,34.8,24.0,35.3,26.0,2024-05-14T02:52,2024-05-14T15:12,44413.48,43200.0,9.2,9.2,0.0,0.0,0.0,0.0,0.0,2.0,24.87,7.26,52.0,20.0,7.26,61.0,0.0,1010.4,960.0,24140.0,22.4,0.223,30.3,10192X0095/P21B
3057,135,2024-05-15,4.811397298,43.539904887,3.0,34.8,24.1,34.1,25.7,2024-05-15T02:52,2024-05-15T15:12,44424.6,43200.0,9.15,9.15,0.0,0.1,0.0,0.0,0.0,4.0,25.2,7.95,38.0,19.2,7.95,57.0,0.0,1011.3,960.9,24140.0,24.9,0.223,30.6,10192X0095/P21B
3058,136,2024-05-16,4.811397298,43.539904887,3.0,35.0,24.1,33.3,25.2,2024-05-16T02:52,2024-05-16T15:12,44435.54,43200.0,9.15,9.15,0.0,0.0,0.0,0.0,0.0,2.0,25.48,8.31,56.0,18.2,8.31,54.0,0.0,1011.7,961.3,24140.0,26.0,0.224,30.8,10192X0095/P21B
3059,137,2024-05-17,4.811397298,43.539904887,51.0,33.9,23.7,33.8,24.7,2024-05-17T02:51,2024-05-17T15:12,44446.3,43200.0,9.15,9.15,0.2,0.0,0.0,0.2,1.0,4.0,24.61,7.28,34.0,19.3,7.28,58.0,0.0,1011.0,960.5,24140.0,22.0,0.225,31.0,10192X0095/P21B
3060,138,2024-05-18,4.811397298,43.539904887,3.0,34.8,23.7,34.5,24.3,2024-05-18T02:51,2024-05-18T15:12,44456.85,43200.0,8.95,9.2,0.0,0.0,0.0,0.0,0.0,8.0,24.72,7.73,21.0,18.7,7.73,55.0,0.0,1010.0,959.7,24140.0,22.4,0.226,31.1,10192X0095/P21B
3061,139,2024-05-19,4.811397298,43.539904887,51.0,34.8,24.1,34.6,24.8,2024-05-19T02:51,2024-05-19T15:13,44467.2,43200.0,7.85,9.15,0.2,0.0,0.0,0.2,2.0,82.0,22.35,6.91,69.0,19.7,6.91,60.0,0.0,1010.0,959.5,24140.0,23.2,0.227,31.2,10192X0095/P21B
3062,140,2024-05-20,4.811397298,43.539904887,3.0,35.9,24.2,34.9,24.7,2024-05-20T02:51,2024-05-20T15:13,44477.33,43200.0,9.1,9.1,0.0,0.0,0.0,0.0,0.0,24.0,24.84,8.19,80.0,17.9,8.19,52.0,0.0,1010.4,960.0,24012.5,24.1,0.228,31.3,10192X0095/P21B
3063,141,2024-05-21,4.811397298,43.539904887,3.0,34.8,24.4,33.9,25.6,2024-05-21T02:51,2024-05-21T15:13,44487.23,43200.0,9.1,9.1,0.0,0.0,0.0,0.0,0.0,12.0,23.01,7.55,67.0,19.3,7.55,57.0,0.0,1011.5,961.1,23995.84,24.8,0.227,31.5,10192X0095/P21B
3064,142,2024-05-22,4.811397298,43.539904887,1.0,34.4,24.0,33.6,25.3,2024-05-22T02:51,2024-05-22T15:13,44496.88,43200.0,9.05,9.1,0.0,0.0,0.0,0.0,0.0,22.0,24.31,7.45,9.0,19.7,7.45,59.0,0.0,1011.8,961.3,24140.0,25.2,0.227,31.5,10192X0095/P21B
3065,143,2024-05-23,4.811397298,43.539904887,3.0,34.3,24.2,33.7,25.1,2024-05-23T02:51,2024-05-23T15:13,44506.28,43200.0,9.05,9.05,0.0,0.0,0.0,0.0,0.0,11.0,23.58,7.78,42.0,19.5,7.78,58.0,0.0,1011.1,960.6,24140.0,28.0,0.226,31.6,10192X0095/P21B
3066,144,2024-05-24,4.811397298,43.539904887,51.0,32.7,24.0,31.5,24.3,2024-05-24T02:51,2024-05-24T15:13,44515.41,43200.0,8.65,9.0,0.3,0.0,0.0,0.3,3.0,12.0,19.31,6.75,57.0,19.7,6.75,63.0,0.0,1011.7,961.0,23460.84,31.8,0.225,31.5,10192X0095/P21B
3067,145,2024-05-25,4.811397298,43.539904887,3.0,33.7,23.0,32.7,23.0,2024-05-25T02:51,2024-05-25T15:13,44524.26,42458.78,8.9,8.95,0.0,0.0,0.0,0.0,0.0,10.0,19.63,6.61,34.0,19.5,6.61,63.0,0.0,1012.0,961.3,23565.84,29.4,0.225,31.4,10192X0095/P21B
3068,146,2024-05-26,4.811397298,43.539904887,3.0,34.5,23.2,32.4,23.1,2024-05-26T02:51,2024-05-26T15:14,44532.83,39737.27,9.0,9.0,0.0,0.0,0.0,0.0,0.0,0.0,22.65,8.08,71.0,17.2,8.08,53.0,0.0,1012.4,961.8,24140.0,27.7,0.224,31.4,10192X0095/P21B
3069,147,2024-05-27,4.811397298,43.539904887,3.0,34.4,23.1,32.6,22.4,2024-05-27T02:52,2024-05-27T15:14,44541.08,36994.58,8.95,8.95,0.0,0.0,0.0,0.0,0.0,0.0,22.6,8.07,30.0,17.1,8.07,52.0,0.0,1013.2,962.6,24140.0,27.6,0.224,31.5,10192X0095/P21B
3070,148,2024-05-28,4.811397298,43.539904887,3.0,32.9,22.9,30.6,21.4,2024-05-28T02:52,2024-05-28T15:14,44549.03,42290.78,8.8,8.95,0.0,0.0,0.0,0.0,0.0,2.0,20.44,7.44,84.0,16.8,7.44,53.0,0.0,1014.0,963.2,24140.0,27.7,0.223,31.5,10192X0095/P21B
3071,149,2024-05-29,4.811397298,43.539904887,3.0,32.7,22.8,29.7,21.3,2024-05-29T02:52,2024-05-29T15:14,44556.65,43200.0,8.35,8.9,0.0,0.0,0.0,0.0,0.0,2.0,19.64,7.58,86.0,16.3,7.58,52.0,0.0,1012.8,962.0,24140.0,29.3,0.223,31.3,10192X0095/P21B
3072,150,2024-05-30,4.811397298,43.539904887,3.0,32.5,22.3,30.7,22.1,2024-05-30T02:52,2024-05-30T15:14,44563.94,36618.28,8.5,8.9,0.0,0.0,0.0,0.0,0.0,0.0,18.91,7.1,68.0,16.6,7.1,53.0,0.0,1012.0,961.2,24140.0,26.2,0.223,31.2,10192X0095/P21B
3073,151,2024-05-31,4.811397298,43.539904887,3.0,34.1,22.1,33.0,22.4,2024-05-31T02:52,2024-05-31T15:15,44570.87,42171.45,8.9,8.9,0.0,0.0,0.0,0.0,0.0,0.0,22.91,7.38,50.0,17.6,7.38,56.0,0.0,1012.6,961.8,24140.0,24.7,0.222,31.2,10192X0095/P21B
3074,152,2024-06-01,4.811397298,43.539904887,3.0,34.3,23.4,32.3,24.2,2024-06-01T02:52,2024-06-01T15:15,44577.44,43200.0,8.7,8.9,0.0,0.0,0.0,0.0,0.0,4.0,23.54,8.08,72.0,17.9,8.08,54.0,0.0,1012.3,961.8,23886.67,26.7,0.221,31.4,10192X0095/P21B
3075,153,2024-06-02,4.811397298,43.539904887,51.0,34.9,23.7,32.6,23.6,2024-06-02T02:52,2024-06-02T15:15,44583.73,43200.0,8.9,8.9,0.1,0.0,0.0,0.1,1.0,0.0,23.68,8.36,87.0,17.3,8.36,52.0,0.0,1011.8,961.3,24140.0,27.5,0.221,31.5,10192X0095/P21B
3076,154,2024-06-03,4.811397298,43.539904887,2.0,35.1,24.0,33.2,24.5,2024-06-03T02:52,2024-06-03T15:15,44589.73,43200.0,8.9,8.9,0.0,0.0,0.0,0.0,0.0,0.0,23.84,8.6,10.0,16.4,8.6,47.0,0.0,1011.2,960.8,24140.0,24.6,0.22,31.7,10192X0095/P21B
3077,155,2024-06-04,4.811397298,43.539904887,3.0,35.0,24.1,33.7,24.0,2024-06-04T02:52,2024-06-04T15:15,44595.43,36481.71,8.8,8.85,0.0,0.0,0.0,0.0,0.0,2.0,22.82,8.25,16.0,17.7,8.25,51.0,0.0,1011.4,961.0,24140.0,26.0,0.22,31.8,10192X0095/P21B
3078,156,2024-06-05,4.811397298,43.539904887,3.0,34.3,24.4,32.4,23.8,2024-06-05T02:52,2024-06-05T15:16,44600.83,41816.31,8.8,8.85,0.0,0.0,0.0,0.0,0.0,0.0,21.19,7.98,79.0,16.8,7.98,49.0,0.0,1011.3,960.9,24140.0,24.9,0.22,31.9,10192X0095/P21B
3079,157,2024-06-06,4.811397298,43.539904887,3.0,34.6,23.7,34.8,25.1,2024-06-06T02:52,2024-06-06T15:16,44605.93,43200.0,8.7,8.85,0.0,0.0,0.0,0.0,0.0,6.0,22.83,7.5,66.0,18.7,7.5,55.0,0.0,1012.5,962.0,24112.5,23.5,0.219,32.0,10192X0095/P21B
3080,158,2024-06-07,4.811397298,43.539904887,51.0,34.2,23.7,32.2,23.9,2024-06-07T02:53,2024-06-07T15:16,44610.71,36000.0,8.85,8.85,0.1,0.0,0.0,0.1,1.0,0.0,21.72,8.23,52.0,17.2,8.23,51.0,0.0,1012.8,962.3,24140.0,27.7,0.219,32.0,10192X0095/P21B
3081,159,2024-06-08,4.811397298,43.539904887,3.0,33.8,23.5,31.7,23.2,2024-06-08T02:53,2024-06-08T15:16,44615.19,40374.97,8.7,8.85,0.0,0.0,0.0,0.0,0.0,10.0,22.07,7.84,45.0,17.5,7.84,54.0,0.0,1012.7,962.0,24140.0,29.0,0.218,32.0,10192X0095/P21B
3082,160,2024-06-09,4.811397298,43.539904887,51.0,32.9,23.4,30.3,22.2,2024-06-09T02:53,2024-06-09T15:17,44619.34,41155.81,8.75,8.8,0.1,0.0,0.0,0.1,1.0,4.0,21.7,8.22,74.0,16.0,8.22,49.0,0.0,1013.4,962.7,24140.0,28.7,0.218,31.9,10192X0095/P21B
3083,161,2024-06-10,4.811397298,43.539904887,3.0,33.9,22.4,30.3,20.3,2024-06-10T02:53,2024-06-10T15:17,44623.16,39731.52,8.45,8.8,0.0,0.0,0.0,0.0,0.0,0.0,23.08,8.49,62.0,15.2,8.49,48.0,0.0,1013.9,963.1,24140.0,30.2,0.218,31.8,10192X0095/P21B
3084,162,2024-06-11,4.811397298,43.539904887,3.0,32.1,22.9,28.9,21.8,2024-06-11T02:53,2024-06-11T15:17,44626.66,35877.47,8.6,8.8,0.0,0.0,0.0,0.0,0.0,4.0,16.66,7.13,84.0,16.9,7.13,54.0,0.0,1014.2,963.3,24140.0,31.3,0.218,31.6,10192X0095/P21B
3085,163,2024-06-12,4.811397298,43.539904887,3.0,32.6,23.3,30.1,22.4,2024-06-12T02:53,2024-06-12T15:17,44629.82,40413.73,8.45,8.8,0.0,0.0,0.0,0.0,0.0,24.0,22.1,7.4,52.0,18.1,7.4,59.0,0.0,1014.5,963.5,23555.84,31.5,0.217,31.6,10192X0095/P21B
3086,164,2024-06-13,4.811397298,43.539904887,3.0,32.4,22.6,30.6,23.0,2024-06-13T02:54,2024-06-13T15:18,44632.65,43200.0,8.45,8.8,0.0,0.0,0.0,0.0,0.0,0.0,21.57,7.25,57.0,16.8,7.25,54.0,0.0,1014.1,963.2,24140.0,25.6,0.217,31.6,10192X0095/P21B
3087,165,2024-06-14,4.811397298,43.539904887,3.0,33.6,22.3,30.9,22.2,2024-06-14T02:54,2024-06-14T15:18,44635.13,40535.31,8.75,8.75,0.0,0.0,0.0,0.0,0.0,0.0,23.02,7.88,19.0,16.1,7.88,52.0,0.0,1012.9,962.1,24140.0,26.5,0.216,31.6,10192X0095/P21B
3088,166,2024-06-15,4.811397298,43.539904887,3.0,33.6,22.2,31.5,21.9,2024-06-15T02:54,2024-06-15T15:18,44637.26,43200.0,8.8,8.8,0.0,0.0,0.0,0.0,0.0,0.0,24.31,8.18,22.0,14.9,8.18,48.0,0.0,1011.6,960.9,24140.0,24.2,0.216,31.6,10192X0095/P21B
3089,167,2024-06-16,4.811397298,43.539904887,3.0,33.0,21.9,29.6,21.3,2024-06-16T02:54,2024-06-16T15:18,44639.05,43200.0,8.8,8.8,0.0,0.0,0.0,0.0,0.0,0.0,24.32,8.34,63.0,14.9,8.34,49.0,0.0,1011.4,960.6,24140.0,27.1,0.216,31.6,10192X0095/P21B
3090,168,2024-06-17,4.811397298,43.539904887,3.0,33.6,22.7,30.0,22.0,2024-06-17T02:54,2024-06-17T15:18,44640.47,42797.23,8.8,8.8,0.0,0.0,0.0,0.0,0.0,0.0,22.52,8.22,91.0,16.6,8.22,52.0,0.0,1012.3,961.6,24140.0,30.5,0.214,31.5,10192X0095/P21B
3091,169,2024-06-18,4.811397298,43.539904887,3.0,34.1,23.7,30.9,22.5,2024-06-18T02:55,2024-06-18T15:19,44641.54,43200.0,8.55,8.8,0.0,0.0,0.0,0.0,0.0,0.0,23.62,8.87,97.0,16.2,8.87,48.0,0.0,1011.9,961.4,24140.0,29.3,0.215,31.6,10192X0095/P21B
3092,170,2024-06-19,4.811397298,43.539904887,3.0,33.8,23.6,33.2,23.6,2024-06-19T02:55,2024-06-19T15:19,44642.24,43200.0,8.8,8.8,0.0,0.0,0.0,0.0,0.0,2.0,23.17,7.73,73.0,19.0,7.73,58.0,0.0,1011.9,961.3,24140.0,29.1,0.214,31.7,10192X0095/P21B
3093,171,2024-06-20,4.811397298,43.539904887,3.0,33.5,23.4,31.1,23.8,2024-06-20T02:55,2024-06-20T15:19,44642.58,36593.11,8.7,8.8,0.0,0.0,0.0,0.0,0.0,4.0,18.85,7.25,61.0,17.9,7.25,57.0,0.0,1013.4,962.7,24140.0,30.8,0.214,31.6,10192X0095/P21B
3094,172,2024-06-21,4.811397298,43.539904887,3.0,32.0,22.5,28.4,21.4,2024-06-21T02:55,2024-06-21T15:19,44642.54,33364.51,8.7,8.8,0.0,0.0,0.0,0.0,0.0,0.0,17.15,6.96,48.0,16.8,6.96,54.0,0.0,1013.9,963.1,24140.0,29.9,0.214,31.4,10192X0095/P21B
3095,173,2024-06-22,4.811397298,43.539904887,3.0,32.9,22.6,28.8,20.8,2024-06-22T02:55,2024-06-22T15:20,44642.13,43200.0,8.8,8.8,0.0,0.0,0.0,0.0,0.0,0.0,21.16,8.49,25.0,15.3,8.49,48.0,0.0,1012.5,961.8,24140.0,31.4,0.213,31.4,10192X0095/P21B
3096,174,2024-06-23,4.811397298,43.539904887,51.0,31.1,23.6,28.6,22.8,2024-06-23T02:56,2024-06-23T15:20,44641.34,33161.45,8.65,8.8,0.6,0.0,0.0,0.6,3.0,22.0,17.43,6.65,55.0,17.7,6.65,59.0,0.0,1013.4,962.4,24140.0,31.4,0.214,31.3,10192X0095/P21B
3097,175,2024-06-24,4.811397298,43.539904887,3.0,32.9,23.4,29.1,21.5,2024-06-24T02:56,2024-06-24T15:20,44640.19,38936.46,8.65,8.8,0.0,0.0,0.0,0.0,0.0,0.0,21.69,8.2,51.0,15.5,8.2,50.0,0.0,1013.0,962.2,24140.0,31.4,0.213,31.2,10192X0095/P21B
3098,176,2024-06-25,4.811397298,43.539904887,3.0,32.0,22.2,28.1,20.7,2024-06-25T02:56,2024-06-25T15:20,44638.68,40620.39,8.65,8.8,0.0,0.0,0.0,0.0,0.0,0.0,22.04,8.4,92.0,14.7,8.4,48.0,0.0,1012.0,961.3,24140.0,31.3,0.212,31.1,10192X0095/P21B
3099,177,2024-06-26,4.811397298,43.539904887,3.0,33.9,22.3,30.0,20.3,2024-06-26T02:56,2024-06-26T15:20,44636.81,39572.86,8.75,8.8,0.0,0.0,0.0,0.0,0.0,0.0,22.45,8.81,98.0,15.0,8.81,48.0,0.0,1011.1,960.5,24140.0,33.7,0.212,31.1,10192X0095/P21B
3100,178,2024-06-27,4.811397298,43.539904887,51.0,32.4,22.8,29.7,21.7,2024-06-27T02:57,2024-06-27T15:20,44634.59,40832.8,8.8,8.8,0.2,0.0,0.0,0.2,2.0,78.0,20.7,7.16,44.0,18.0,7.16,59.0,0.0,1013.1,962.3,24140.0,33.8,0.212,31.1,10192X0095/P21B
3101,179,2024-06-28,4.811397298,43.539904887,51.0,32.0,22.4,28.4,20.1,2024-06-28T02:57,2024-06-28T15:21,44632.01,40783.83,8.55,8.8,0.1,0.0,0.0,0.1,1.0,20.0,20.17,7.6,77.0,16.6,7.6,54.0,0.0,1013.4,962.5,24140.0,32.3,0.212,31.0,10192X0095/P21B
3102,180,2024-06-29,4.811397298,43.539904887,3.0,32.8,22.1,29.0,20.5,2024-06-29T02:57,2024-06-29T15:21,44629.1,37947.99,8.3,8.8,0.0,0.0,0.0,0.0,0.0,0.0,21.05,7.96,85.0,15.5,7.96,51.0,0.0,1012.5,961.7,24140.0,30.6,0.212,31.0,10192X0095/P21B
3103,181,2024-06-30,4.811397298,43.539904887,3.0,32.7,21.9,28.8,20.9,2024-06-30T02:57,2024-06-30T15:21,44625.85,43109.35,8.15,8.8,0.0,0.0,0.0,0.0,0.0,0.0,22.01,8.06,63.0,15.6,8.06,51.0,0.0,1013.2,962.4,24140.0,29.6,0.211,30.9,10192X0095/P21B
3104,182,2024-07-01,4.811397298,43.539904887,3.0,32.2,22.1,29.0,21.5,2024-07-01T02:58,2024-07-01T15:21,44622.27,42347.96,8.75,8.85,0.0,0.0,0.0,0.0,0.0,0.0,19.93,7.61,84.0,16.3,7.61,52.0,0.0,1013.5,962.7,24140.0,29.1,0.211,30.9,10192X0095/P21B
3105,183,2024-07-02,4.811397298,43.539904887,3.0,34.2,23.3,31.2,22.0,2024-07-02T02:58,2024-07-02T15:21,44618.37,36078.31,8.15,8.9,0.0,0.0,0.0,0.0,0.0,20.0,22.73,8.17,88.0,17.3,8.17,55.0,0.0,1012.4,961.7,24140.0,31.9,0.211,31.0,10192X0095/P21B
3106,184,2024-07-03,4.811397298,43.539904887,3.0,32.5,22.9,29.2,20.9,2024-07-03T02:58,2024-07-03T15:22,44614.14,36030.66,8.7,8.85,0.0,0.0,0.0,0.0,0.0,2.0,19.36,7.29,63.0,16.6,7.29,53.0,0.0,1012.5,961.7,24140.0,29.8,0.211,30.9,10192X0095/P21B
3107,185,2024-07-04,4.811397298,43.539904887,3.0,33.7,22.5,31.8,21.2,2024-07-04T02:58,2024-07-04T15:22,44609.59,42623.62,8.9,8.9,0.0,0.0,0.0,0.0,0.0,2.0,23.23,8.18,77.0,16.4,8.18,51.0,0.0,1012.4,961.8,24140.0,27.1,0.211,31.0,10192X0095/P21B
3108,186,2024-07-05,4.811397298,43.539904887,3.0,33.6,22.2,32.5,20.6,2024-07-05T02:58,2024-07-05T15:22,44604.74,39341.02,8.45,8.9,0.0,0.0,0.0,0.0,0.0,0.0,21.3,8.01,59.0,15.4,8.01,48.0,0.0,1011.1,960.5,24140.0,26.6,0.21,31.1,10192X0095/P21B
3109,187,2024-07-06,4.811397298,43.539904887,3.0,31.9,22.2,28.6,21.4,2024-07-06T02:59,2024-07-06T15:22,44599.58,33961.53,8.4,8.9,0.0,0.0,0.0,0.0,0.0,0.0,17.57,7.45,68.0,16.0,7.45,51.0,0.0,1010.7,960.1,24140.0,29.9,0.21,31.0,10192X0095/P21B
3110,188,2024-07-07,4.811397298,43.539904887,3.0,33.8,22.7,30.9,21.1,2024-07-07T02:59,2024-07-07T15:22,44594.13,39032.2,8.65,8.9,0.0,0.0,0.0,0.0,0.0,0.0,22.12,8.77,40.0,15.2,8.77,46.0,0.0,1010.4,959.9,24140.0,29.6,0.21,31.1,10192X0095/P21B
3111,189,2024-07-08,4.811397298,43.539904887,1.0,34.0,23.1,31.5,21.4,2024-07-08T02:59,2024-07-08T15:22,44588.39,41574.89,8.9,8.9,0.0,0.0,0.0,0.0,0.0,0.0,22.72,9.09,12.0,15.4,9.09,45.0,0.0,1009.6,959.2,24140.0,30.4,0.21,31.2,10192X0095/P21B
3112,190,2024-07-09,4.811397298,43.539904887,51.0,34.1,23.8,32.5,22.0,2024-07-09T02:59,2024-07-09T15:22,44582.36,42635.94,8.9,8.9,0.1,0.0,0.0,0.1,1.0,6.0,22.55,8.8,54.0,16.2,8.8,46.0,0.0,1010.7,960.2,24140.0,29.3,0.21,31.3,10192X0095/P21B
3113,191,2024-07-10,4.811397298,43.539904887,3.0,33.6,23.5,31.7,23.5,2024-07-10T02:59,2024-07-10T15:22,44576.05,42388.05,8.75,8.95,0.0,0.0,0.0,0.0,0.0,0.0,22.2,8.17,85.0,17.4,8.17,53.0,0.0,1012.2,961.6,24140.0,30.7,0.21,31.4,10192X0095/P21B
3114,192,2024-07-11,4.811397298,43.539904887,3.0,32.7,22.3,29.7,20.7,2024-07-11T03:00,2024-07-11T15:22,44569.45,35189.01,8.95,8.95,0.0,0.0,0.0,0.0,0.0,0.0,17.32,7.53,76.0,16.3,7.53,51.0,0.0,1012.8,962.1,24140.0,31.8,0.209,31.2,10192X0095/P21B
3115,193,2024-07-12,4.811397298,43.539904887,3.0,33.7,23.2,29.4,21.2,2024-07-12T03:00,2024-07-12T15:22,44562.51,38090.88,7.85,8.95,0.0,0.0,0.0,0.0,0.0,37.0,22.13,9.05,90.0,15.4,9.05,48.0,0.0,1012.3,961.6,24140.0,34.4,0.209,31.2,10192X0095/P21B
3116,194,2024-07-13,4.811397298,43.539904887,3.0,32.5,22.5,28.8,21.6,2024-07-13T03:00,2024-07-13T15:23,44555.22,39295.17,7.65,9.0,0.0,0.0,0.0,0.0,0.0,39.0,18.15,7.1,60.0,17.7,7.1,60.0,0.0,1013.6,962.7,24140.0,35.7,0.209,31.2,10192X0095/P21B
3117,195,2024-07-14,4.811397298,43.539904887,3.0,31.8,21.8,28.4,20.3,2024-07-14T03:00,2024-07-14T15:23,44547.59,29633.63,9.0,9.0,0.0,0.0,0.0,0.0,0.0,0.0,19.17,7.67,51.0,16.0,7.67,53.0,0.0,1013.3,962.3,24140.0,33.3,0.208,31.0,10192X0095/P21B
3118,196,2024-07-15,4.811397298,43.539904887,3.0,31.5,22.9,28.2,21.2,2024-07-15T03:00,2024-07-15T15:23,44539.65,29927.37,8.3,8.95,0.0,0.0,0.0,0.0,0.0,20.0,17.29,7.29,65.0,17.2,7.29,55.0,0.0,1012.5,961.7,24140.0,33.7,0.207,31.0,10192X0095/P21B
3119,197,2024-07-16,4.811397298,43.539904887,3.0,31.9,23.0,29.0,21.2,2024-07-16T03:00,2024-07-16T15:23,44531.39,38294.37,5.55,9.0,0.0,0.0,0.0,0.0,0.0,14.0,19.56,7.01,50.0,17.7,7.01,59.0,0.0,1012.7,961.7,24140.0,33.8,0.208,30.9,10192X0095/P21B
3120,198,2024-07-17,4.811397298,43.539904887,3.0,32.0,21.9,28.9,20.1,2024-07-17T03:01,2024-07-17T15:23,44522.84,28220.27,7.35,8.95,0.0,0.0,0.0,0.0,0.0,6.0,18.64,7.34,93.0,16.1,7.34,53.0,0.0,1013.8,962.8,24140.0,31.0,0.208,30.7,10192X0095/P21B
3121,199,2024-07-18,4.811397298,43.539904887,3.0,31.5,22.9,28.9,21.8,2024-07-18T03:01,2024-07-18T15:23,44514.0,28204.1,8.75,9.0,0.0,0.0,0.0,0.0,0.0,0.0,18.02,7.52,74.0,16.1,7.52,52.0,0.0,1013.6,962.8,24140.0,30.7,0.208,30.7,10192X0095/P21B
3122,200,2024-07-19,4.811397298,43.539904887,51.0,30.3,22.8,27.7,21.4,2024-07-19T03:01,2024-07-19T15:23,44504.89,22208.17,8.6,9.0,0.1,0.0,0.0,0.1,1.0,39.0,14.46,6.19,91.0,17.4,6.19,58.0,0.0,1012.5,961.6,24140.0,31.5,0.208,30.6,10192X0095/P21B
3123,201,2024-07-20,4.811397298,43.539904887,3.0,33.2,21.8,30.2,19.9,2024-07-20T03:01,2024-07-20T15:23,44495.52,30106.89,9.05,9.05,0.0,0.0,0.0,0.0,0.0,6.0,18.97,7.5,94.0,16.0,7.5,52.0,0.0,1012.4,961.6,24140.0,29.3,0.208,30.6,10192X0095/P21B
3124,202,2024-07-21,4.811397298,43.539904887,3.0,32.3,22.6,30.2,21.4,2024-07-21T03:01,2024-07-21T15:23,44485.89,32349.94,7.55,9.05,0.0,0.0,0.0,0.0,0.0,12.0,18.64,7.3,85.0,17.2,7.3,54.0,0.0,1013.0,962.2,24041.67,29.1,0.208,30.7,10192X0095/P21B
3125,203,2024-07-22,4.811397298,43.539904887,3.0,34.1,22.1,31.5,20.3,2024-07-22T03:01,2024-07-22T15:23,44476.04,39333.3,8.7,9.05,0.0,0.0,0.0,0.0,0.0,16.0,21.8,8.45,73.0,15.1,8.45,49.0,0.0,1014.4,963.5,24140.0,31.3,0.207,30.8,10192X0095/P21B
3126,204,2024-07-23,4.811397298,43.539904887,3.0,33.4,22.8,29.8,21.4,2024-07-23T03:01,2024-07-23T15:22,44465.95,37235.9,9.05,9.05,0.0,0.0,0.0,0.0,0.0,0.0,22.4,8.45,78.0,15.6,8.45,50.0,0.0,1015.3,964.4,24140.0,31.0,0.207,30.8,10192X0095/P21B
3127,205,2024-07-24,4.811397298,43.539904887,3.0,32.1,22.4,29.4,20.8,2024-07-24T03:01,2024-07-24T15:22,44455.65,37654.65,7.75,9.1,0.0,0.0,0.0,0.0,0.0,8.0,18.06,7.37,83.0,16.7,7.37,54.0,0.0,1014.0,963.1,24140.0,32.7,0.207,30.7,10192X0095/P21B
3128,206,2024-07-25,4.811397298,43.539904887,51.0,32.1,22.9,29.6,21.3,2024-07-25T03:02,2024-07-25T15:22,44445.15,31453.47,8.9,9.1,0.1,0.0,0.0,0.1,1.0,16.0,18.9,7.61,83.0,16.2,7.61,51.0,0.0,1012.2,961.5,24140.0,29.2,0.207,30.8,10192X0095/P21B
3129,207,2024-07-26,4.811397298,43.539904887,3.0,32.4,22.6,29.1,21.2,2024-07-26T03:02,2024-07-26T15:22,44434.46,24748.09,9.1,9.1,0.0,0.0,0.0,0.0,0.0,4.0,16.54,7.25,73.0,16.3,7.25,52.0,0.0,1012.1,961.4,24140.0,29.3,0.207,30.8,10192X0095/P21B
3130,208,2024-07-27,4.811397298,43.539904887,3.0,34.8,23.9,31.7,22.6,2024-07-27T03:02,2024-07-27T15:22,44423.59,36502.69,6.55,9.15,0.0,0.0,0.0,0.0,0.0,4.0,22.04,8.42,74.0,15.5,8.42,46.0,0.0,1012.8,962.2,24140.0,27.4,0.207,30.9,10192X0095/P21B
3131,209,2024-07-28,4.811397298,43.539904887,3.0,33.9,22.9,31.3,21.7,2024-07-28T03:02,2024-07-28T15:22,44412.55,42605.91,9.0,9.15,0.0,0.0,0.0,0.0,0.0,0.0,24.22,9.33,43.0,14.5,9.33,44.0,0.0,1011.8,961.3,24140.0,29.0,0.206,31.0,10192X0095/P21B
3132,210,2024-07-29,4.811397298,43.539904887,3.0,33.8,22.8,31.4,21.3,2024-07-29T03:02,2024-07-29T15:22,44401.35,38757.99,9.2,9.2,0.0,0.0,0.0,0.0,0.0,0.0,22.99,8.84,80.0,16.1,8.84,49.0,0.0,1010.1,959.6,24140.0,31.1,0.206,31.1,10192X0095/P21B
3133,211,2024-07-30,4.811397298,43.539904887,3.0,33.8,22.9,31.3,21.6,2024-07-30T03:02,2024-07-30T15:22,44390.0,38743.54,9.15,9.2,0.0,0.0,0.0,0.0,0.0,0.0,23.07,8.64,72.0,16.5,8.64,50.0,0.0,1011.2,960.6,24140.0,31.2,0.206,31.2,10192X0095/P21B
3134,212,2024-07-31,4.811397298,43.539904887,3.0,33.6,22.9,30.9,23.1,2024-07-31T03:02,2024-07-31T15:22,44378.5,42591.42,8.9,9.25,0.0,0.0,0.0,0.0,0.0,0.0,24.17,8.48,69.0,15.7,8.48,49.0,0.0,1013.0,962.3,24140.0,27.5,0.206,31.3,10192X0095/P21B
3135,213,2024-08-01,4.811397298,43.539904887,3.0,33.9,22.5,31.2,21.6,2024-08-01T03:02,2024-08-01T15:21,44366.76,42580.17,8.8,9.2,0.0,0.0,0.0,0.0,0.0,10.0,23.16,7.82,58.0,17.6,7.82,59.0,0.0,1013.9,963.0,24140.0,32.7,0.206,31.2,10192X0095/P21B
3136,214,2024-08-02,4.811397298,43.539904887,3.0,31.7,21.7,28.5,19.5,2024-08-02T03:02,2024-08-02T15:21,44354.76,31656.79,9.0,9.25,0.0,0.0,0.0,0.0,0.0,0.0,19.36,7.59,92.0,15.3,7.59,51.0,0.0,1014.2,963.2,24140.0,30.9,0.205,31.0,10192X0095/P21B
3137,215,2024-08-03,4.811397298,43.539904887,3.0,33.0,21.8,30.6,20.2,2024-08-03T03:02,2024-08-03T15:21,44342.53,30124.24,9.1,9.3,0.0,0.0,0.0,0.0,0.0,2.0,20.34,7.92,75.0,15.5,7.92,50.0,0.0,1013.5,962.6,24140.0,29.3,0.205,31.0,10192X0095/P21B
3138,216,2024-08-04,4.811397298,43.539904887,3.0,32.5,22.4,29.5,21.6,2024-08-04T03:02,2024-08-04T15:21,44330.07,34248.47,9.2,9.3,0.0,0.0,0.0,0.0,0.0,0.0,20.44,7.98,67.0,15.5,7.98,50.0,0.0,1012.6,961.9,24140.0,28.8,0.205,31.0,10192X0095/P21B
3139,217,2024-08-05,4.811397298,43.539904887,3.0,32.7,21.3,30.3,20.0,2024-08-05T03:02,2024-08-05T15:21,44317.4,42801.96,9.35,9.35,0.0,0.0,0.0,0.0,0.0,0.0,22.72,8.34,43.0,15.2,8.34,49.0,0.0,1011.7,960.9,24140.0,30.1,0.205,31.0,10192X0095/P21B
3140,218,2024-08-06,4.811397298,43.539904887,3.0,33.3,21.4,30.3,19.7,2024-08-06T03:02,2024-08-06T15:20,44304.55,42837.96,9.3,9.3,0.0,0.1,0.0,0.0,0.0,0.0,22.78,8.91,35.0,15.0,8.91,47.0,0.0,1010.8,960.1,24140.0,31.4,0.205,31.1,10192X0095/P21B
3141,219,2024-08-07,4.811397298,43.539904887,51.0,32.5,22.6,30.9,22.3,2024-08-07T03:02,2024-08-07T15:20,44291.5,35030.48,6.25,9.35,0.7,0.0,0.0,0.7,6.0,33.0,21.47,7.23,57.0,17.9,7.23,58.0,0.0,1011.7,961.0,24140.0,29.0,0.205,31.1,10192X0095/P21B
3142,220,2024-08-08,4.811397298,43.539904887,3.0,32.6,22.7,30.6,23.0,2024-08-08T03:02,2024-08-08T15:20,44278.29,38106.72,9.35,9.35,0.0,0.0,0.0,0.0,0.0,2.0,21.3,7.71,73.0,16.8,7.71,54.0,0.0,1012.7,961.9,24140.0,28.3,0.204,31.1,10192X0095/P21B
3143,221,2024-08-09,4.811397298,43.539904887,3.0,33.3,23.3,29.5,21.5,2024-08-09T03:02,2024-08-09T15:20,44264.92,36547.58,8.95,9.35,0.0,0.0,0.0,0.0,0.0,2.0,20.28,8.6,69.0,14.7,8.6,44.0,0.0,1012.9,962.3,24140.0,29.9,0.204,31.2,10192X0095/P21B
3144,222,2024-08-10,4.811397298,43.539904887,3.0,33.8,22.4,31.5,21.3,2024-08-10T03:02,2024-08-10T15:19,44251.42,42846.15,9.4,9.4,0.0,0.0,0.0,0.0,0.0,16.0,22.15,7.86,71.0,16.9,7.86,55.0,0.0,1013.3,962.4,24140.0,29.8,0.204,31.2,10192X0095/P21B
3145,223,2024-08-11,4.811397298,43.539904887,3.0,31.8,21.8,29.4,21.4,2024-08-11T03:02,2024-08-11T15:19,44237.78,36842.0,9.4,9.4,0.0,0.0,0.0,0.0,0.0,2.0,18.41,7.01,36.0,16.3,7.01,54.0,0.0,1012.1,961.3,24140.0,27.7,0.203,31.1,10192X0095/P21B
3146,224,2024-08-12,4.811397298,43.539904887,3.0,33.4,21.3,30.9,20.6,2024-08-12T03:02,2024-08-12T15:19,44224.02,33338.38,9.4,9.4,0.0,0.0,0.0,0.0,0.0,0.0,22.45,8.08,44.0,15.7,8.08,51.0,0.0,1011.3,960.6,24140.0,27.8,0.203,31.1,10192X0095/P21B
3147,225,2024-08-13,4.811397298,43.539904887,3.0,33.8,21.7,31.8,20.4,2024-08-13T03:02,2024-08-13T15:19,44210.16,37156.07,9.45,9.45,0.0,0.0,0.0,0.0,0.0,2.0,22.2,8.24,72.0,15.8,8.24,50.0,0.0,1011.8,961.2,24140.0,28.5,0.203,31.1,10192X0095/P21B
3148,226,2024-08-14,4.811397298,43.539904887,3.0,32.3,22.1,29.4,21.4,2024-08-14T03:02,2024-08-14T15:18,44196.2,39906.48,9.45,9.45,0.0,0.0,0.0,0.0,0.0,4.0,18.99,7.65,57.0,16.5,7.65,52.0,0.0,1011.7,961.0,24140.0,30.8,0.203,31.1,10192X0095/P21B
3149,227,2024-08-15,4.811397298,43.539904887,3.0,34.0,22.2,31.6,21.1,2024-08-15T03:02,2024-08-15T15:18,44182.17,37948.86,9.3,9.45,0.0,0.0,0.0,0.0,0.0,6.0,22.68,8.56,69.0,16.1,8.56,49.0,0.0,1012.0,961.4,24140.0,29.8,0.203,31.2,10192X0095/P21B
3150,228,2024-08-16,4.811397298,43.539904887,3.0,33.4,22.5,29.8,20.5,2024-08-16T03:02,2024-08-16T15:18,44168.06,41590.9,9.45,9.45,0.0,0.0,0.0,0.0,0.0,0.0,23.37,9.61,69.0,14.5,9.61,44.0,0.0,1011.5,961.0,24140.0,33.9,0.202,31.3,10192X0095/P21B
3151,229,2024-08-17,4.811397298,43.539904887,3.0,34.3,22.8,29.7,19.7,2024-08-17T03:01,2024-08-17T15:17,44153.9,35401.02,9.5,9.5,0.0,0.0,0.0,0.0,0.0,2.0,23.72,9.56,52.0,14.8,9.56,46.0,0.0,1011.6,960.9,24140.0,36.3,0.202,31.2,10192X0095/P21B
3152,230,2024-08-18,4.811397298,43.539904887,3.0,33.3,22.4,29.3,19.6,2024-08-18T03:01,2024-08-18T15:17,44139.68,35683.15,9.5,9.5,0.0,0.0,0.0,0.0,0.0,0.0,23.06,9.57,57.0,14.0,9.57,44.0,0.0,1012.6,961.9,24140.0,34.9,0.202,31.2,10192X0095/P21B
3153,231,2024-08-19,4.811397298,43.539904887,3.0,33.6,22.8,29.6,21.7,2024-08-19T03:01,2024-08-19T15:17,44125.44,32089.46,9.5,9.5,0.0,0.0,0.0,0.0,0.0,0.0,22.41,9.16,77.0,14.5,9.16,45.0,0.0,1012.3,961.7,24140.0,32.3,0.202,31.3,10192X0095/P21B
3154,232,2024-08-20,4.811397298,43.539904887,3.0,31.3,23.1,26.5,20.1,2024-08-20T03:01,2024-08-20T15:16,44111.14,30610.9,8.8,9.5,0.0,0.0,0.0,0.0,0.0,2.0,17.19,8.25,99.0,15.0,8.25,48.0,0.0,1011.7,961.0,24140.0,37.2,0.201,31.1,10192X0095/P21B
3155,233,2024-08-21,4.811397298,43.539904887,3.0,30.0,22.4,25.9,20.6,2024-08-21T03:01,2024-08-21T15:16,44096.7,25448.28,5.75,9.5,0.0,0.0,0.0,0.0,0.0,19.0,15.8,7.13,95.0,15.6,7.13,53.0,0.0,1012.1,961.1,24140.0,34.2,0.202,30.9,10192X0095/P21B
3156,234,2024-08-22,4.811397298,43.539904887,53.0,31.0,22.3,27.6,20.9,2024-08-22T03:01,2024-08-22T15:16,44082.11,33901.9,5.75,9.55,1.1,0.0,0.0,1.1,4.0,96.0,19.33,7.0,90.0,15.8,7.0,54.0,0.0,1013.0,962.0,24140.0,29.4,0.202,30.7,10192X0095/P21B
3157,235,2024-08-23,4.811397298,43.539904887,3.0,32.8,22.1,29.4,20.8,2024-08-23T03:01,2024-08-23T15:15,44067.38,31364.76,8.05,9.55,0.0,0.0,0.0,0.0,0.0,2.0,20.7,8.13,96.0,14.9,8.13,48.0,0.0,1012.8,962.0,24140.0,28.9,0.202,30.7,10192X0095/P21B
3158,236,2024-08-24,4.811397298,43.539904887,3.0,33.9,22.6,30.9,21.0,2024-08-24T03:01,2024-08-24T15:15,44052.51,32128.45,9.6,9.6,0.0,0.1,0.0,0.0,0.0,4.0,22.41,8.56,79.0,15.4,8.56,48.0,0.0,1013.4,962.7,24140.0,31.0,0.202,30.8,10192X0095/P21B
3159,237,2024-08-25,4.811397298,43.539904887,3.0,33.7,23.3,31.2,21.0,2024-08-25T03:00,2024-08-25T15:14,44037.53,28800.0,9.4,9.55,0.0,0.0,0.0,0.0,0.0,6.0,18.53,7.71,89.0,15.6,7.71,49.0,0.0,1013.5,962.7,24140.0,26.9,0.202,31.0,10192X0095/P21B
3160,238,2024-08-26,4.811397298,43.539904887,3.0,34.4,22.5,32.4,21.3,2024-08-26T03:00,2024-08-26T15:14,44022.45,42947.84,8.95,9.55,0.0,0.0,0.0,0.0,0.0,2.0,25.15,8.34,68.0,16.7,8.34,53.0,0.0,1013.1,962.4,24140.0,27.9,0.201,31.1,10192X0095/P21B
3161,239,2024-08-27,4.811397298,43.539904887,51.0,33.3,23.5,32.2,23.2,2024-08-27T03:00,2024-08-27T15:14,44007.27,34138.4,9.6,9.6,1.0,0.2,0.0,1.0,6.0,49.0,22.1,7.01,55.0,19.2,7.01,64.0,0.0,1013.6,962.7,24140.0,31.5,0.201,31.1,10192X0095/P21B
3162,240,2024-08-28,4.811397298,43.539904887,51.0,31.9,23.3,32.2,23.3,2024-08-28T03:00,2024-08-28T15:13,43992.01,23667.19,9.05,9.6,1.2,0.1,0.0,1.2,8.0,78.0,16.45,5.36,69.0,19.5,5.36,67.0,0.0,1014.1,963.1,23998.34,24.0,0.201,30.9,10192X0095/P21B
3163,241,2024-08-29,4.811397298,43.539904887,51.0,32.5,22.3,32.8,23.8,2024-08-29T03:00,2024-08-29T15:13,43976.69,31952.15,8.7,9.6,0.1,0.0,0.0,0.1,1.0,22.0,21.17,6.43,43.0,19.0,6.43,63.0,0.0,1013.2,962.4,24140.0,23.7,0.201,31.0,10192X0095/P21B
3164,242,2024-08-30,4.811397298,43.539904887,3.0,33.9,21.9,30.5,22.0,2024-08-30T03:00,2024-08-30T15:12,43961.3,42991.42,9.6,9.6,0.0,0.0,0.0,0.0,0.0,0.0,25.46,8.61,44.0,16.2,8.61,53.0,0.0,1012.8,962.0,24140.0,30.8,0.2,31.1,10192X0095/P21B
3165,243,2024-08-31,4.811397298,43.539904887,51.0,31.5,22.6,27.3,20.9,2024-08-31T02:59,2024-08-31T15:12,43945.87,41634.45,9.6,9.6,0.1,0.0,0.0,0.1,1.0,27.0,21.0,8.0,57.0,15.1,8.0,50.0,0.0,1013.3,962.4,24140.0,32.4,0.2,31.0,10192X0095/P21B
3166,244,2024-09-01,4.811397298,43.539904887,3.0,32.2,22.3,28.4,20.4,2024-09-01T02:59,2024-09-01T15:11,43930.39,40720.77,9.45,9.55,0.0,0.0,0.0,0.0,0.0,0.0,21.4,8.35,90.0,14.6,8.35,48.0,0.0,1013.9,963.0,24140.0,31.7,0.2,30.9,10192X0095/P21B
3167,245,2024-09-02,4.811397298,43.539904887,3.0,33.4,21.7,30.3,20.9,2024-09-02T02:59,2024-09-02T15:11,43914.89,43026.98,9.55,9.55,0.0,0.0,0.0,0.0,0.0,0.0,25.41,9.08,27.0,14.7,9.08,48.0,0.0,1013.7,963.0,24140.0,29.8,0.2,31.0,10192X0095/P21B
3168,246,2024-09-03,4.811397298,43.539904887,3.0,34.4,22.0,31.8,19.6,2024-09-03T02:59,2024-09-03T15:10,43899.38,32239.15,9.55,9.55,0.0,0.0,0.0,0.0,0.0,2.0,23.34,8.85,20.0,14.8,8.85,46.0,0.0,1013.1,962.4,24140.0,29.8,0.2,31.1,10192X0095/P21B
3169,247,2024-09-04,4.811397298,43.539904887,3.0,33.2,22.4,30.7,19.9,2024-09-04T02:59,2024-09-04T15:10,43883.86,38714.27,9.55,9.6,0.0,0.0,0.0,0.0,0.0,6.0,23.45,8.45,30.0,15.4,8.45,48.0,0.0,1013.3,962.5,24140.0,29.1,0.2,31.1,10192X0095/P21B
3170,248,2024-09-05,4.811397298,43.539904887,3.0,33.7,22.1,31.6,21.5,2024-09-05T02:58,2024-09-05T15:10,43868.35,43063.76,9.6,9.6,0.0,0.0,0.0,0.0,0.0,0.0,25.87,8.56,44.0,16.3,8.56,51.0,0.0,1012.7,962.0,24140.0,27.6,0.2,31.3,10192X0095/P21B
3171,249,2024-09-06,4.811397298,43.539904887,3.0,33.5,22.3,31.9,22.1,2024-09-06T02:58,2024-09-06T15:09,43852.85,43076.09,9.6,9.6,0.0,0.0,0.0,0.0,0.0,2.0,24.28,8.0,22.0,17.5,8.0,54.0,0.0,1013.6,962.9,24140.0,27.6,0.199,31.3,10192X0095/P21B
3172,250,2024-09-07,4.811397298,43.539904887,3.0,33.7,22.8,31.8,22.6,2024-09-07T02:58,2024-09-07T15:09,43837.37,43088.39,9.6,9.6,0.0,0.0,0.0,0.0,0.0,0.0,25.43,8.69,52.0,16.9,8.69,52.0,0.0,1013.4,962.8,24140.0,29.3,0.199,31.4,10192X0095/P21B
3173,251,2024-09-08,4.811397298,43.539904887,51.0,33.2,22.4,31.7,21.8,2024-09-08T02:58,2024-09-08T15:08,43821.93,43100.62,9.55,9.6,0.2,0.0,0.0,0.2,2.0,24.0,23.34,8.02,59.0,16.9,8.02,52.0,0.0,1013.5,962.8,24140.0,27.7,0.199,31.5,10192X0095/P21B
3174,252,2024-09-09,4.811397298,43.539904887,3.0,35.1,23.1,32.0,22.3,2024-09-09T02:58,2024-09-09T15:08,43806.52,43112.75,9.5,9.6,0.0,0.0,0.0,0.0,0.0,0.0,26.31,9.3,84.0,14.7,9.3,47.0,0.0,1012.0,961.5,24140.0,27.8,0.199,31.6,10192X0095/P21B
3175,253,2024-09-10,4.811397298,43.539904887,3.0,34.0,22.5,32.2,22.7,2024-09-10T02:57,2024-09-10T15:07,43791.03,43125.12,9.6,9.6,0.0,0.0,0.0,0.0,0.0,0.0,23.36,8.1,16.0,16.7,8.1,52.0,0.0,1011.9,961.3,24140.0,27.7,0.199,31.5,10192X0095/P21B
3176,254,2024-09-11,4.811397298,43.539904887,3.0,34.4,22.5,33.3,22.0,2024-09-11T02:57,2024-09-11T15:07,43775.44,43137.92,9.55,9.6,0.0,0.0,0.0,0.0,0.0,0.0,24.66,8.45,53.0,16.8,8.45,52.0,0.0,1011.8,961.2,24140.0,28.0,0.199,31.6,10192X0095/P21B
3177,255,2024-09-12,4.811397298,43.539904887,3.0,34.2,22.8,32.9,22.9,2024-09-12T02:57,2024-09-12T15:06,43759.8,39551.08,9.55,9.55,0.0,0.0,0.0,0.0,0.0,0.0,22.75,8.09,32.0,16.6,8.09,52.0,0.0,1011.9,961.3,24140.0,27.1,0.199,31.7,10192X0095/P21B
3178,256,2024-09-13,4.811397298,43.539904887,3.0,35.0,22.5,32.6,21.4,2024-09-13T02:57,2024-09-13T15:06,43744.08,43164.55,9.6,9.6,0.0,0.0,0.0,0.0,0.0,0.0,26.07,9.15,73.0,15.1,9.15,47.0,0.0,1012.3,961.8,24140.0,27.8,0.199,31.8,10192X0095/P21B
3179,257,2024-09-14,4.811397298,43.539904887,3.0,34.4,22.3,31.7,21.5,2024-09-14T02:56,2024-09-14T15:05,43728.31,43178.28,9.55,9.6,0.0,0.0,0.0,0.0,0.0,0.0,26.13,9.19,65.0,15.3,9.19,48.0,0.0,1012.3,961.7,24140.0,29.8,0.198,31.8,10192X0095/P21B
3180,258,2024-09-15,4.811397298,43.539904887,3.0,34.0,22.0,30.7,19.8,2024-09-15T02:56,2024-09-15T15:05,43712.49,40795.23,9.55,9.6,0.0,0.0,0.0,0.0,0.0,0.0,25.65,9.33,57.0,14.5,9.33,46.0,0.0,1012.1,961.4,24140.0,30.7,0.198,31.8,10192X0095/P21B
3181,259,2024-09-16,4.811397298,43.539904887,3.0,34.8,21.6,33.6,21.0,2024-09-16T02:56,2024-09-16T15:04,43696.65,42010.9,9.6,9.6,0.0,0.0,0.0,0.0,0.0,0.0,25.77,8.72,63.0,15.7,8.72,49.0,0.0,1012.9,962.2,24140.0,26.4,0.198,31.8,10192X0095/P21B
3182,260,2024-09-17,4.811397298,43.539904887,3.0,35.0,22.5,33.3,22.7,2024-09-17T02:56,2024-09-17T15:04,43680.78,43200.0,9.55,9.55,0.0,0.0,0.0,0.0,0.0,0.0,26.2,8.52,29.0,16.9,8.52,53.0,0.0,1013.3,962.6,24140.0,26.0,0.198,31.9,10192X0095/P21B
3183,261,2024-09-18,4.811397298,43.539904887,51.0,33.7,22.7,33.2,23.7,2024-09-18T02:56,2024-09-18T15:03,43664.9,43200.0,9.6,9.6,0.1,0.0,0.0,0.1,1.0,4.0,23.59,7.8,31.0,17.5,7.8,53.0,0.0,1011.9,961.4,24140.0,24.0,0.198,32.0,10192X0095/P21B
3184,262,2024-09-19,4.811397298,43.539904887,0.0,34.9,22.6,35.4,23.2,2024-09-19T02:55,2024-09-19T15:03,43649.01,43190.15,9.6,9.6,0.0,0.0,0.0,0.0,0.0,0.0,26.33,8.03,3.0,16.5,8.03,49.0,0.0,1009.6,959.2,24140.0,19.8,0.198,32.2,10192X0095/P21B
3185,263,2024-09-20,4.811397298,43.539904887,2.0,35.3,22.9,35.2,23.5,2024-09-20T02:55,2024-09-20T15:02,43633.14,43160.25,9.6,9.6,0.0,0.0,0.0,0.0,0.0,0.0,26.08,8.09,22.0,17.2,8.09,51.0,0.0,1010.2,959.9,24021.67,21.9,0.198,32.4,10192X0095/P21B
3186,264,2024-09-21,4.811397298,43.539904887,3.0,33.1,23.5,33.3,24.8,2024-09-21T02:55,2024-09-21T15:02,43617.28,26819.05,8.35,9.55,0.0,0.3,0.0,0.0,0.0,36.0,18.47,6.15,71.0,17.8,6.15,55.0,0.0,1012.2,961.5,24107.5,18.0,0.197,32.3,10192X0095/P21B
3187,265,2024-09-22,4.811397298,43.539904887,51.0,33.3,23.4,34.7,24.3,2024-09-22T02:55,2024-09-22T15:01,43601.45,39500.96,9.55,9.55,0.2,0.3,0.0,0.2,1.0,49.0,22.19,6.69,24.0,18.4,6.69,58.0,0.0,1011.9,961.2,24140.0,19.2,0.197,32.2,10192X0095/P21B
3188,266,2024-09-23,4.811397298,43.539904887,3.0,34.2,22.6,33.2,22.9,2024-09-23T02:54,2024-09-23T15:01,43585.66,43071.7,8.65,9.55,0.0,0.0,0.0,0.0,0.0,2.0,24.2,7.82,22.0,17.0,7.82,53.0,0.0,1012.3,961.6,23556.67,24.6,0.197,32.1,10192X0095/P21B
3189,267,2024-09-24,4.811397298,43.539904887,3.0,34.4,21.9,32.7,21.4,2024-09-24T02:54,2024-09-24T15:00,43569.91,43042.79,9.55,9.55,0.0,0.0,0.0,0.0,0.0,0.0,26.16,8.84,17.0,14.8,8.84,47.0,0.0,1012.0,961.4,24140.0,25.5,0.197,32.2,10192X0095/P21B
3190,268,2024-09-25,4.811397298,43.539904887,3.0,34.4,21.8,31.6,20.3,2024-09-25T02:54,2024-09-25T15:00,43554.23,39974.27,9.5,9.55,0.0,0.0,0.0,0.0,0.0,0.0,26.3,9.55,75.0,14.3,9.55,44.0,0.0,1011.4,960.8,24140.0,29.1,0.197,32.2,10192X0095/P21B
3191,269,2024-09-26,4.811397298,43.539904887,3.0,35.2,22.3,32.6,20.3,2024-09-26T02:54,2024-09-26T14:59,43538.6,40867.67,9.5,9.5,0.0,0.0,0.0,0.0,0.0,0.0,24.69,9.33,61.0,14.6,9.33,44.0,0.0,1010.9,960.4,24140.0,29.9,0.197,32.2,10192X0095/P21B
3192,270,2024-09-27,4.811397298,43.539904887,3.0,35.3,22.6,33.6,21.0,2024-09-27T02:54,2024-09-27T14:59,43523.06,42958.77,9.55,9.55,0.0,0.0,0.0,0.0,0.0,2.0,26.37,9.19,66.0,15.3,9.19,44.0,0.0,1009.7,959.4,24140.0,25.5,0.196,32.3,10192X0095/P21B
3193,271,2024-09-28,4.811397298,43.539904887,3.0,35.6,23.1,35.0,22.8,2024-09-28T02:53,2024-09-28T14:58,43507.6,42931.89,9.5,9.55,0.0,0.0,0.0,0.0,0.0,0.0,25.78,8.24,43.0,16.5,8.24,48.0,0.0,1008.8,958.5,24140.0,21.1,0.196,32.5,10192X0095/P21B
3194,272,2024-09-29,4.811397298,43.539904887,3.0,34.5,23.2,34.7,24.4,2024-09-29T02:53,2024-09-29T14:58,43492.22,42905.51,9.45,9.5,0.0,0.0,0.0,0.0,0.0,6.0,24.49,7.71,96.0,17.1,7.71,50.0,0.0,1009.7,959.3,24140.0,19.0,0.196,32.6,10192X0095/P21B
3195,273,2024-09-30,4.811397298,43.539904887,51.0,34.1,23.9,36.2,25.0,2024-09-30T02:53,2024-09-30T14:58,43476.8,39695.12,9.45,9.5,0.1,0.0,0.0,0.1,1.0,47.0,22.06,6.56,91.0,17.8,6.56,51.0,0.0,1010.2,959.9,23981.67,14.5,0.197,32.7,10192X0095/P21B
3196,274,2024-10-01,4.811397298,43.539904887,3.0,35.2,23.7,37.8,24.6,2024-10-01T02:53,2024-10-01T14:57,43461.35,42852.58,9.5,9.5,0.0,0.0,0.0,0.0,0.0,2.0,24.61,7.16,56.0,17.8,7.16,50.0,0.0,1009.4,959.2,23974.17,13.2,0.197,33.0,10192X0095/P21B
3197,275,2024-10-02,4.811397298,43.539904887,3.0,34.1,23.0,36.9,24.0,2024-10-02T02:53,2024-10-02T14:57,43445.87,42826.1,8.7,9.45,0.0,0.0,0.0,0.0,0.0,18.0,24.02,6.53,36.0,17.2,6.53,51.0,0.0,1010.9,960.5,24122.5,10.4,0.197,33.2,10192X0095/P21B
3198,276,2024-10-03,4.811397298,43.539904887,51.0,33.5,23.8,34.1,24.7,2024-10-03T02:52,2024-10-03T14:56,43430.37,42799.69,7.7,9.5,0.8,0.5,0.0,0.8,8.0,27.0,22.5,7.01,61.0,18.0,7.01,55.0,0.0,1012.3,961.7,23570.84,19.8,0.197,33.1,10192X0095/P21B
3199,277,2024-10-04,4.811397298,43.539904887,3.0,34.0,23.8,32.8,23.2,2024-10-04T02:52,2024-10-04T14:56,43414.86,39173.4,9.5,9.5,0.0,0.0,0.0,0.0,0.0,2.0,24.21,8.59,80.0,14.8,8.59,44.0,0.0,1012.2,961.7,24140.0,23.3,0.197,33.0,10192X0095/P21B
3200,278,2024-10-05,4.811397298,43.539904887,51.0,33.9,22.8,32.9,21.9,2024-10-05T02:52,2024-10-05T14:55,43399.35,42747.31,9.55,9.55,0.1,0.0,0.0,0.1,1.0,8.0,25.06,8.5,53.0,16.2,8.5,48.0,0.0,1012.0,961.5,23405.84,26.0,0.197,32.9,10192X0095/P21B
3201,279,2024-10-06,4.811397298,43.539904887,51.0,33.7,23.1,33.5,22.0,2024-10-06T02:52,2024-10-06T14:55,43383.86,42721.46,9.25,9.5,0.2,0.0,0.0,0.2,2.0,29.0,24.66,8.0,65.0,16.8,8.0,52.0,0.0,1012.0,961.4,24140.0,24.8,0.197,32.9,10192X0095/P21B
3202,280,2024-10-07,4.811397298,43.539904887,3.0,33.4,23.0,33.6,22.7,2024-10-07T02:52,2024-10-07T14:55,43368.4,39312.49,9.1,9.5,0.0,0.5,0.0,0.0,0.0,33.0,22.7,7.09,64.0,17.8,7.09,56.0,0.0,1012.7,962.0,24140.0,22.0,0.196,32.8,10192X0095/P21B
3203,281,2024-10-08,4.811397298,43.539904887,3.0,32.7,23.0,33.0,24.2,2024-10-08T02:52,2024-10-08T14:54,43352.97,42670.76,9.5,9.5,0.0,0.0,0.0,0.0,0.0,18.0,25.27,7.06,19.0,18.0,7.06,55.0,0.0,1013.5,962.8,24026.67,18.9,0.197,32.7,10192X0095/P21B
3204,282,2024-10-09,4.811397298,43.539904887,3.0,34.3,22.9,34.5,23.1,2024-10-09T02:51,2024-10-09T14:54,43337.58,42646.02,9.5,9.5,0.0,0.0,0.0,0.0,0.0,37.0,23.84,7.1,25.0,17.3,7.1,53.0,0.0,1013.0,962.4,24010.84,19.0,0.197,32.5,10192X0095/P21B
3205,283,2024-10-10,4.811397298,43.539904887,3.0,33.9,21.8,32.3,21.9,2024-10-10T02:51,2024-10-10T14:53,43322.26,42621.78,8.55,9.5,0.0,0.0,0.0,0.0,0.0,2.0,21.32,7.13,32.0,16.0,7.13,50.0,0.0,1012.5,961.8,24140.0,21.8,0.197,32.3,10192X0095/P21B
3206,284,2024-10-11,4.811397298,43.539904887,3.0,34.8,22.5,33.3,21.0,2024-10-11T02:51,2024-10-11T14:53,43307.01,42062.46,9.3,9.45,0.0,0.0,0.0,0.0,0.0,4.0,25.54,8.65,56.0,15.3,8.65,46.0,0.0,1012.3,961.8,24140.0,24.8,0.197,32.4,10192X0095/P21B
3207,285,2024-10-12,4.811397298,43.539904887,3.0,34.6,23.4,33.2,23.1,2024-10-12T02:51,2024-10-12T14:53,43291.84,42575.01,9.45,9.45,0.0,0.0,0.0,0.0,0.0,4.0,25.71,8.54,19.0,16.6,8.54,49.0,0.0,1012.6,962.0,23656.67,25.5,0.197,32.5,10192X0095/P21B
3208,286,2024-10-13,4.811397298,43.539904887,3.0,33.6,23.3,33.4,23.8,2024-10-13T02:51,2024-10-13T14:52,43276.76,42552.6,9.45,9.45,0.0,0.2,0.0,0.0,0.0,15.0,23.74,7.42,23.0,17.7,7.42,52.0,0.0,1012.6,962.1,24140.0,21.7,0.197,32.6,10192X0095/P21B
3209,287,2024-10-14,4.811397298,43.539904887,3.0,35.0,24.0,34.4,24.7,2024-10-14T02:51,2024-10-14T14:52,43261.78,42530.94,9.5,9.5,0.0,0.1,0.0,0.0,0.0,4.0,25.13,8.23,33.0,16.3,8.23,46.0,0.0,1011.0,960.7,24140.0,20.8,0.197,32.7,10192X0095/P21B
3210,288,2024-10-15,4.811397298,43.539904887,3.0,34.0,23.5,34.5,24.6,2024-10-15T02:51,2024-10-15T14:51,43246.92,42510.06,9.4,9.4,0.0,0.0,0.0,0.0,0.0,2.0,23.75,7.15,84.0,18.0,7.15,53.0,0.0,1011.3,960.8,24140.0,19.3,0.197,32.8,10192X0095/P21B
3211,289,2024-10-16,4.811397298,43.539904887,3.0,36.4,24.2,37.9,25.8,2024-10-16T02:51,2024-10-16T14:51,43232.18,41666.7,9.4,9.4,0.0,0.0,0.0,0.0,0.0,6.0,24.52,7.34,83.0,17.2,7.34,46.0,0.0,1010.4,960.3,24140.0,14.3,0.197,33.1,10192X0095/P21B
3212,290,2024-10-17,4.811397298,43.539904887,51.0,35.1,25.0,34.8,24.7,2024-10-17T02:50,2024-10-17T14:51,43217.58,42470.95,9.4,9.4,0.1,0.0,0.0,0.1,1.0,55.0,20.4,6.86,92.0,17.5,6.86,50.0,0.0,1010.6,960.2,24140.0,18.7,0.196,33.1,10192X0095/P21B
3213,291,2024-10-18,4.811397298,43.539904887,3.0,34.6,23.8,34.5,23.9,2024-10-18T02:50,2024-10-18T14:51,43203.14,42452.83,9.4,9.4,0.0,0.1,0.0,0.0,0.0,13.0,22.63,7.33,68.0,17.9,7.33,54.0,0.0,1010.2,959.8,23499.17,20.7,0.196,33.0,10192X0095/P21B
3214,292,2024-10-19,4.811397298,43.539904887,3.0,34.7,23.4,35.8,24.1,2024-10-19T02:50,2024-10-19T14:50,43188.82,42435.62,9.35,9.35,0.0,0.3,0.0,0.0,0.0,18.0,24.55,7.15,57.0,17.7,7.15,51.0,0.0,1010.9,960.5,24031.67,16.1,0.196,33.1,10192X0095/P21B
3215,293,2024-10-20,4.811397298,43.539904887,3.0,34.2,24.3,35.6,25.0,2024-10-20T02:50,2024-10-20T14:50,43174.54,41952.66,9.35,9.35,0.0,0.1,0.0,0.0,0.0,9.0,21.48,7.0,50.0,17.5,7.0,48.0,0.0,1010.9,960.6,23955.0,16.1,0.196,33.3,10192X0095/P21B
3216,294,2024-10-21,4.811397298,43.539904887,53.0,32.7,24.3,34.5,25.0,2024-10-21T02:50,2024-10-21T14:50,43160.27,33526.26,9.15,9.3,1.7,0.5,0.0,1.7,4.0,69.0,17.43,4.81,76.0,20.0,4.81,67.0,0.0,1011.9,961.1,23946.67,14.9,0.197,33.1,10192X0095/P21B
3217,295,2024-10-22,4.811397298,43.539904887,51.0,29.6,23.4,32.1,25.5,2024-10-22T02:50,2024-10-22T14:49,43146.02,31413.33,9.3,9.3,1.1,0.4,0.0,1.1,7.0,71.0,20.24,4.64,56.0,20.9,4.64,75.0,0.0,1012.7,961.7,22473.34,15.6,0.199,32.3,10192X0095/P21B
3218,296,2024-10-23,4.811397298,43.539904887,3.0,30.3,23.2,31.4,24.6,2024-10-23T02:50,2024-10-23T14:49,43131.81,34635.77,9.1,9.25,0.0,0.2,0.0,0.0,0.0,8.0,19.63,4.73,37.0,20.2,4.73,70.0,0.0,1012.3,961.3,23421.67,15.6,0.196,31.9,10192X0095/P21B
3219,297,2024-10-24,4.811397298,43.539904887,51.0,30.7,22.4,32.4,24.8,2024-10-24T02:50,2024-10-24T14:49,43117.65,42357.1,9.25,9.25,0.3,0.0,0.0,0.3,2.0,29.0,20.41,4.82,34.0,20.4,4.82,70.0,0.0,1011.8,960.9,24140.0,14.4,0.195,31.7,10192X0095/P21B
3220,298,2024-10-25,4.811397298,43.539904887,51.0,32.3,22.3,34.3,25.6,2024-10-25T02:50,2024-10-25T14:49,43103.55,42343.09,9.2,9.2,0.2,1.6,0.0,0.2,2.0,39.0,22.04,5.39,60.0,19.9,5.39,67.0,0.0,1011.3,960.5,23379.17,12.5,0.193,31.9,10192X0095/P21B
3221,299,2024-10-26,4.811397298,43.539904887,61.0,34.1,23.0,38.5,25.5,2024-10-26T02:50,2024-10-26T14:48,43089.53,42329.74,9.2,9.2,1.7,18.0,0.0,1.7,2.0,53.0,23.06,6.15,42.0,18.7,6.15,57.0,0.0,1010.6,960.1,23740.84,10.2,0.193,32.3,10192X0095/P21B
3222,300,2024-10-27,4.811397298,43.539904887,63.0,30.4,23.5,33.6,26.4,2024-10-27T02:50,2024-10-27T14:48,43075.61,26648.88,8.7,9.15,15.4,25.1,0.0,15.4,12.0,96.0,14.9,3.16,86.0,21.1,3.16,75.0,0.0,1012.2,961.2,22198.34,6.8,0.197,32.1,10192X0095/P21B
3223,301,2024-10-28,4.811397298,43.539904887,53.0,30.5,23.3,35.3,26.3,2024-10-28T02:50,2024-10-28T14:48,43061.78,42305.14,8.7,9.1,1.6,2.0,0.0,1.6,6.0,73.0,21.59,4.5,86.0,21.7,4.5,76.0,0.0,1011.6,960.6,24110.84,9.0,0.198,31.7,10192X0095/P21B
3224,302,2024-10-29,4.811397298,43.539904887,51.0,29.7,22.0,35.0,25.0,2024-10-29T02:50,2024-10-29T14:48,43048.06,42059.58,9.05,9.1,0.2,0.4,0.0,0.2,2.0,51.0,22.24,4.52,28.0,21.7,4.52,79.0,0.0,1011.5,960.5,24140.0,7.4,0.215,31.2,10192X0095/P21B
3225,303,2024-10-30,4.811397298,43.539904887,61.0,30.3,23.1,36.1,25.9,2024-10-30T02:50,2024-10-30T14:48,43034.48,42283.56,9.05,9.05,2.2,0.7,0.0,2.2,6.0,59.0,21.9,4.57,27.0,21.9,4.57,79.0,0.0,1010.8,959.8,24140.0,9.4,0.213,30.9,10192X0095/P21B
3226,304,2024-10-31,4.811397298,43.539904887,55.0,29.2,22.7,34.9,24.9,2024-10-31T02:51,2024-10-31T14:48,43021.05,42273.99,9.05,9.05,2.8,15.3,0.0,2.8,5.0,86.0,22.58,4.62,45.0,21.4,4.62,76.0,0.0,1010.9,960.0,24116.67,6.3,0.207,30.7,10192X0095/P21B
3227,305,2024-11-01,4.811397298,43.539904887,61.0,27.2,22.3,31.2,24.8,2024-11-01T02:51,2024-11-01T14:47,43007.76,31439.08,8.15,8.95,4.1,12.9,0.0,4.1,9.0,90.0,14.5,2.91,89.0,21.4,2.91,83.0,0.0,1013.1,961.8,16497.5,5.6,0.212,30.3,10192X0095/P21B
3228,306,2024-11-02,4.811397298,43.539904887,61.0,28.9,21.6,34.9,24.5,2024-11-02T02:51,2024-11-02T14:47,42994.64,41385.16,7.85,8.95,5.4,11.5,0.0,5.4,9.0,80.0,23.03,4.51,47.0,21.5,4.51,83.0,0.0,1013.3,962.0,22289.17,5.9,0.218,30.0,10192X0095/P21B
3229,307,2024-11-03,4.811397298,43.539904887,53.0,28.2,22.0,33.1,24.6,2024-11-03T02:51,2024-11-03T14:47,42981.71,42250.65,9.0,9.0,1.2,1.0,0.0,1.2,5.0,81.0,21.32,4.18,29.0,21.7,4.18,82.0,0.0,1013.2,962.0,23570.84,6.5,0.217,29.8,10192X0095/P21B
3230,308,2024-11-04,4.811397298,43.539904887,53.0,29.3,22.2,34.2,25.1,2024-11-04T02:51,2024-11-04T14:47,42968.98,42244.78,9.0,9.0,1.1,0.3,0.0,1.1,2.0,37.0,22.29,4.62,23.0,21.2,4.62,78.0,0.0,1011.5,960.5,24140.0,7.6,0.215,29.7,10192X0095/P21B
3231,309,2024-11-05,4.811397298,43.539904887,53.0,28.2,22.1,33.3,25.0,2024-11-05T02:51,2024-11-05T14:47,42956.46,40100.62,8.9,8.9,2.3,0.7,0.0,2.3,4.0,78.0,18.39,3.77,37.0,21.0,3.77,80.0,0.0,1011.5,960.4,24140.0,9.4,0.212,29.4,10192X0095/P21B
3232,310,2024-11-06,4.811397298,43.539904887,3.0,31.5,22.0,34.4,23.8,2024-11-06T02:51,2024-11-06T14:47,42944.16,42236.09,8.95,8.95,0.0,0.4,0.0,0.0,0.0,4.0,23.96,5.45,24.0,20.1,5.45,71.0,0.0,1011.9,960.9,24140.0,13.3,0.211,29.3,10192X0095/P21B
3233,311,2024-11-07,4.811397298,43.539904887,1.0,31.8,21.5,34.5,23.7,2024-11-07T02:51,2024-11-07T14:47,42932.1,42233.36,8.9,8.9,0.0,0.1,0.0,0.0,0.0,12.0,23.79,5.3,11.0,20.2,5.3,71.0,0.0,1012.7,961.8,24140.0,11.6,0.206,29.3,10192X0095/P21B
3234,312,2024-11-08,4.811397298,43.539904887,1.0,31.9,21.4,35.6,24.1,2024-11-08T02:51,2024-11-08T14:47,42920.29,42231.72,8.85,8.85,0.0,0.5,0.0,0.0,0.0,10.0,23.52,5.02,15.0,20.0,5.02,68.0,0.0,1012.2,961.4,24140.0,6.8,0.203,29.5,10192X0095/P21B
3235,313,2024-11-09,4.811397298,43.539904887,51.0,32.2,22.4,35.3,24.4,2024-11-09T02:52,2024-11-09T14:47,42908.58,41670.4,8.65,8.8,0.3,0.3,0.0,0.3,3.0,35.0,22.2,5.5,28.0,19.3,5.5,63.0,0.0,1011.3,960.5,23954.17,10.9,0.2,29.8,10192X0095/P21B
3236,314,2024-11-10,4.811397298,43.539904887,51.0,32.0,23.0,33.0,24.8,2024-11-10T02:52,2024-11-10T14:47,42896.99,39978.93,8.05,8.75,0.8,5.0,0.0,0.8,5.0,71.0,18.7,4.96,65.0,18.5,4.96,61.0,0.0,1011.5,960.8,22184.17,11.0,0.198,30.0,10192X0095/P21B
3237,315,2024-11-11,4.811397298,43.539904887,3.0,32.8,22.2,33.9,23.4,2024-11-11T02:52,2024-11-11T14:47,42885.51,39981.83,8.2,8.8,0.0,0.0,0.0,0.0,0.0,51.0,22.3,6.2,86.0,17.2,6.2,55.0,0.0,1012.3,961.5,24101.67,13.4,0.198,30.2,10192X0095/P21B
3238,316,2024-11-12,4.811397298,43.539904887,51.0,31.5,22.6,33.9,24.8,2024-11-12T02:52,2024-11-12T14:47,42874.17,40955.24,8.65,8.75,0.2,0.7,0.0,0.2,1.0,39.0,18.75,4.48,55.0,19.5,4.48,67.0,0.0,1012.0,961.1,23804.17,8.9,0.202,29.8,10192X0095/P21B
3239,317,2024-11-13,4.811397298,43.539904887,61.0,31.0,22.3,33.3,24.4,2024-11-13T02:53,2024-11-13T14:47,42862.97,35172.26,8.75,8.8,2.9,2.7,0.0,2.9,5.0,73.0,19.2,4.44,40.0,19.5,4.44,68.0,0.0,1011.1,960.2,24140.0,8.8,0.217,29.0,10192X0095/P21B
3240,318,2024-11-14,4.811397298,43.539904887,51.0,31.7,20.8,34.2,23.3,2024-11-14T02:53,2024-11-14T14:47,42851.93,42242.16,8.7,8.7,0.1,0.0,0.0,0.1,1.0,22.0,23.55,5.71,57.0,18.0,5.71,63.0,0.0,1010.3,959.4,24140.0,10.1,0.216,29.0,10192X0095/P21B
3241,319,2024-11-15,4.811397298,43.539904887,51.0,31.1,19.5,31.7,19.7,2024-11-15T02:53,2024-11-15T14:47,42841.06,38777.48,8.7,8.75,0.1,0.0,0.0,0.1,1.0,43.0,23.81,5.63,88.0,15.7,5.63,59.0,0.0,1010.7,959.6,24139.17,11.7,0.219,28.8,10192X0095/P21B
3242,320,2024-11-16,4.811397298,43.539904887,3.0,31.8,19.3,32.4,17.2,2024-11-16T02:53,2024-11-16T14:47,42830.38,42252.99,8.75,8.75,0.0,0.0,0.0,0.0,0.0,3.0,25.2,6.28,85.0,13.5,6.28,49.0,0.0,1011.0,960.0,24140.0,10.9,0.225,28.6,10192X0095/P21B
3243,321,2024-11-17,4.811397298,43.539904887,51.0,32.0,22.9,34.3,22.9,2024-11-17T02:54,2024-11-17T14:47,42819.9,42259.72,8.75,8.75,0.5,0.0,0.0,0.5,2.0,45.0,22.45,5.66,61.0,17.5,5.66,56.0,0.0,1010.7,959.9,24140.0,11.1,0.23,28.7,10192X0095/P21B
3244,322,2024-11-18,4.811397298,43.539904887,51.0,31.9,23.2,34.4,25.6,2024-11-18T02:54,2024-11-18T14:47,42809.63,42267.31,8.7,8.7,0.1,0.9,0.0,0.1,1.0,41.0,21.14,5.4,71.0,19.6,5.4,65.0,0.0,1011.5,960.7,24081.67,14.6,0.225,28.8,10192X0095/P21B
3245,323,2024-11-19,4.811397298,43.539904887,51.0,32.6,23.3,33.9,25.4,2024-11-19T02:54,2024-11-19T14:48,42799.58,42275.73,8.5,8.75,0.1,0.2,0.0,0.1,1.0,18.0,22.71,5.8,50.0,18.0,5.8,58.0,0.0,1011.5,960.8,24140.0,12.7,0.218,28.9,10192X0095/P21B
3246,324,2024-11-20,4.811397298,43.539904887,51.0,32.5,22.3,34.8,23.8,2024-11-20T02:55,2024-11-20T14:48,42789.78,42284.99,8.7,8.7,0.1,0.8,0.0,0.1,1.0,37.0,22.52,5.58,35.0,17.0,5.58,56.0,0.0,1011.1,960.3,24140.0,8.7,0.214,29.0,10192X0095/P21B
3247,325,2024-11-21,4.811397298,43.539904887,3.0,33.1,21.7,34.8,22.3,2024-11-21T02:55,2024-11-21T14:48,42780.23,42295.06,8.65,8.65,0.0,0.0,0.0,0.0,0.0,0.0,24.02,6.15,13.0,14.9,6.15,48.0,0.0,1010.9,960.2,24140.0,9.2,0.212,29.0,10192X0095/P21B
3248,326,2024-11-22,4.811397298,43.539904887,53.0,32.3,23.0,34.9,24.5,2024-11-22T02:55,2024-11-22T14:48,42770.95,40713.88,8.65,8.65,1.2,0.3,0.0,1.2,5.0,73.0,21.32,5.34,53.0,18.7,5.34,62.0,0.0,1011.5,960.7,24140.0,11.0,0.21,29.1,10192X0095/P21B
3249,327,2024-11-23,4.811397298,43.539904887,51.0,32.5,22.5,34.4,25.9,2024-11-23T02:56,2024-11-23T14:48,42761.95,41946.74,8.5,8.65,1.0,0.2,0.0,1.0,7.0,86.0,20.51,5.02,42.0,18.5,5.02,61.0,0.0,1012.1,961.3,24140.0,8.8,0.199,29.3,10192X0095/P21B
3250,328,2024-11-24,4.811397298,43.539904887,0.0,33.2,22.2,33.7,24.4,2024-11-24T02:56,2024-11-24T14:49,42753.25,42330.04,8.6,8.6,0.0,0.1,0.0,0.0,0.0,12.0,23.92,6.18,2.0,14.9,6.18,48.0,0.0,1011.5,960.8,24140.0,9.8,0.188,29.5,10192X0095/P21B
3251,329,2024-11-25,4.811397298,43.539904887,3.0,33.8,22.4,35.8,23.1,2024-11-25T02:56,2024-11-25T14:49,42744.86,42324.14,8.6,8.6,0.0,0.1,0.0,0.0,0.0,8.0,23.17,5.89,22.0,16.1,5.89,48.0,0.0,1010.8,960.3,24140.0,8.3,0.185,29.6,10192X0095/P21B
3252,330,2024-11-26,4.811397298,43.539904887,51.0,33.8,23.8,36.8,26.3,2024-11-26T02:57,2024-11-26T14:49,42736.8,42315.77,8.6,8.6,0.4,0.4,0.0,0.4,4.0,10.0,22.41,5.61,11.0,18.2,5.61,55.0,0.0,1010.7,960.2,24140.0,8.3,0.183,30.0,10192X0095/P21B
3253,331,2024-11-27,4.811397298,43.539904887,53.0,33.4,23.8,35.7,26.9,2024-11-27T02:57,2024-11-27T14:49,42729.08,42307.74,8.55,8.55,1.4,0.1,0.0,1.4,2.0,80.0,21.1,5.32,22.0,19.2,5.32,60.0,0.0,1011.1,960.4,23848.34,10.7,0.181,30.0,10192X0095/P21B
3254,332,2024-11-28,4.811397298,43.539904887,53.0,32.7,22.8,34.5,26.2,2024-11-28T02:57,2024-11-28T14:49,42721.7,39745.03,7.3,8.45,1.0,1.0,0.0,1.0,3.0,82.0,19.04,4.71,38.0,19.2,4.71,62.0,0.0,1011.9,961.2,23634.17,8.3,0.182,30.0,10192X0095/P21B
3255,333,2024-11-29,4.811397298,43.539904887,55.0,33.2,23.3,35.2,24.1,2024-11-29T02:58,2024-11-29T14:50,42714.57,42293.05,8.55,8.55,1.8,2.9,0.0,1.8,2.0,61.0,21.6,5.28,17.0,18.1,5.28,59.0,0.0,1012.6,961.8,24040.0,8.8,0.178,30.0,10192X0095/P21B
3256,334,2024-11-30,4.811397298,43.539904887,3.0,33.7,22.4,34.7,22.7,2024-11-30T02:58,2024-11-30T14:50,42707.68,42286.14,8.55,8.55,0.0,0.0,0.0,0.0,0.0,4.0,23.86,6.13,8.0,15.1,6.13,49.0,0.0,1012.0,961.3,24140.0,9.8,0.172,30.0,10192X0095/P21B
3257,335,2024-12-01,4.811397298,43.539904887,3.0,33.6,21.3,32.4,20.1,2024-12-01T02:59,2024-12-01T14:50,42701.05,42279.46,8.5,8.5,0.0,0.0,0.0,0.0,0.0,0.0,24.64,7.61,25.0,9.4,7.61,34.0,0.0,1011.2,960.5,24140.0,14.6,0.171,29.9,10192X0095/P21B
3258,336,2024-12-02,4.811397298,43.539904887,1.0,33.4,22.3,32.0,20.7,2024-12-02T02:59,2024-12-02T14:51,42694.67,42273.01,8.5,8.5,0.0,0.0,0.0,0.0,0.0,,24.56,7.7,7.0,8.6,7.7,31.0,0.0,1010.7,960.1,24140.0,14.1,0.173,29.9,10192X0095/P21B
3259,337,2024-12-03,4.811397298,43.539904887,0.0,32.9,22.0,32.2,20.9,2024-12-03T03:00,2024-12-03T14:51,42688.56,42266.82,8.45,8.45,0.0,0.0,0.0,0.0,0.0,,24.37,7.35,0.0,10.6,7.35,36.0,0.0,1011.3,960.5,24140.0,14.7,0.174,29.9,10192X0095/P21B
3260,338,2024-12-04,4.811397298,43.539904887,0.0,32.8,21.7,32.2,19.6,2024-12-04T03:00,2024-12-04T14:51,42682.73,42260.88,8.45,8.45,0.0,0.0,0.0,0.0,0.0,,24.33,7.72,0.0,10.7,7.72,36.0,0.0,1011.2,960.5,24140.0,16.4,0.178,29.9,10192X0095/P21B
3261,339,2024-12-05,4.811397298,43.539904887,0.0,32.4,21.1,31.6,18.5,2024-12-05T03:01,2024-12-05T14:52,42677.18,42255.2,8.45,8.45,0.0,0.0,0.0,0.0,0.0,,24.48,7.45,0.0,10.3,7.45,36.0,0.0,1011.8,961.0,24140.0,15.3,0.185,29.8,10192X0095/P21B
3262,340,2024-12-06,4.811397298,43.539904887,3.0,32.8,21.5,32.0,20.3,2024-12-06T03:01,2024-12-06T14:52,42671.93,42249.8,8.4,8.4,0.0,0.0,0.0,0.0,0.0,0.0,24.29,7.46,44.0,11.4,7.46,38.0,0.0,1011.6,960.8,24140.0,15.4,0.191,29.7,10192X0095/P21B
3263,341,2024-12-07,4.811397298,43.539904887,3.0,33.5,22.6,32.6,21.3,2024-12-07T03:01,2024-12-07T14:53,42666.97,35044.68,8.4,8.4,0.0,0.2,0.0,0.0,0.0,4.0,20.76,7.04,26.0,11.7,7.04,37.0,0.0,1012.3,961.6,24134.17,15.3,0.193,29.8,10192X0095/P21B
3264,342,2024-12-08,4.811397298,43.539904887,3.0,33.4,25.1,31.9,24.5,2024-12-08T03:02,2024-12-08T14:53,42662.32,36007.91,8.4,8.4,0.0,0.0,0.0,0.0,0.0,6.0,20.27,7.43,52.0,13.7,7.43,40.0,0.0,1012.6,962.1,24140.0,17.2,0.2,30.1,10192X0095/P21B
3265,343,2024-12-09,4.811397298,43.539904887,2.0,33.7,23.4,32.1,21.0,2024-12-09T03:02,2024-12-09T14:53,42657.99,42235.32,8.4,8.4,0.0,0.0,0.0,0.0,0.0,0.0,23.83,7.96,5.0,9.2,7.96,30.0,0.0,1011.9,961.3,24140.0,15.8,0.204,30.2,10192X0095/P21B
3266,344,2024-12-10,4.811397298,43.539904887,0.0,32.5,22.6,32.1,22.1,2024-12-10T03:03,2024-12-10T14:54,42653.98,42231.11,8.4,8.4,0.0,0.0,0.0,0.0,0.0,0.0,23.85,6.72,0.0,12.2,6.72,41.0,0.0,1012.0,961.1,24140.0,13.4,0.209,30.1,10192X0095/P21B
3267,345,2024-12-11,4.811397298,43.539904887,0.0,31.9,21.9,31.0,20.1,2024-12-11T03:03,2024-12-11T14:54,42650.3,42227.2,8.4,8.4,0.0,0.0,0.0,0.0,0.0,0.0,23.98,6.64,1.0,11.8,6.64,42.0,0.0,1011.7,960.8,24140.0,13.6,0.215,29.8,10192X0095/P21B
3268,346,2024-12-12,4.811397298,43.539904887,0.0,31.8,21.4,31.2,19.6,2024-12-12T03:04,2024-12-12T14:55,42646.97,42223.63,8.35,8.35,0.0,0.0,0.0,0.0,0.0,0.0,23.9,6.72,1.0,10.9,6.72,38.0,0.0,1011.4,960.6,24140.0,12.8,0.216,29.6,10192X0095/P21B
3269,347,2024-12-13,4.811397298,43.539904887,2.0,32.0,22.0,31.0,20.6,2024-12-13T03:04,2024-12-13T14:55,42643.98,42220.39,8.4,8.4,0.0,0.0,0.0,0.0,0.0,0.0,23.9,6.88,15.0,11.5,6.88,39.0,0.0,1011.1,960.3,24140.0,14.5,0.215,29.6,10192X0095/P21B
3270,348,2024-12-14,4.811397298,43.539904887,3.0,32.6,22.0,32.3,19.7,2024-12-14T03:05,2024-12-14T14:56,42641.34,42217.49,8.4,8.4,0.0,0.0,0.0,0.0,0.0,0.0,24.17,7.1,36.0,11.6,7.1,38.0,0.0,1011.3,960.5,24140.0,14.2,0.214,29.6,10192X0095/P21B
3271,349,2024-12-15,4.811397298,43.539904887,2.0,32.8,22.6,32.4,21.4,2024-12-15T03:05,2024-12-15T14:56,42639.08,42214.96,8.4,8.4,0.0,0.0,0.0,0.0,0.0,0.0,23.75,7.1,7.0,13.9,7.1,44.0,0.0,1012.2,961.5,24140.0,16.3,0.213,29.6,10192X0095/P21B
3272,350,2024-12-16,4.811397298,43.539904887,3.0,32.6,23.4,32.4,22.4,2024-12-16T03:06,2024-12-16T14:57,42637.18,42212.77,8.4,8.4,0.0,0.0,0.0,0.0,0.0,0.0,23.64,7.25,20.0,12.3,7.25,39.0,0.0,1013.0,962.2,24140.0,15.7,0.212,29.8,10192X0095/P21B
3273,351,2024-12-17,4.811397298,43.539904887,0.0,32.1,22.4,31.3,20.6,2024-12-17T03:06,2024-12-17T14:57,42635.65,42210.96,8.4,8.4,0.0,0.0,0.0,0.0,0.0,0.0,23.9,6.89,0.0,11.4,6.89,39.0,0.0,1013.0,962.1,24140.0,14.5,0.212,29.8,10192X0095/P21B
3274,352,2024-12-18,4.811397298,43.539904887,2.0,32.3,22.0,32.2,20.3,2024-12-18T03:07,2024-12-18T14:57,42634.51,42209.73,8.35,8.35,0.0,0.0,0.0,0.0,0.0,0.0,23.98,6.62,8.0,10.7,6.62,37.0,0.0,1012.5,961.6,24140.0,12.0,0.212,29.7,10192X0095/P21B
3275,353,2024-12-19,4.811397298,43.539904887,3.0,33.0,22.2,33.9,20.9,2024-12-19T03:07,2024-12-19T14:58,42633.74,42209.17,8.1,8.35,0.0,0.0,0.0,0.0,0.0,0.0,23.71,6.55,53.0,12.3,6.55,41.0,0.0,1012.5,961.7,24140.0,12.1,0.211,29.7,10192X0095/P21B
3276,354,2024-12-20,4.811397298,43.539904887,3.0,33.0,21.9,34.9,23.1,2024-12-20T03:08,2024-12-20T14:58,42633.32,42208.95,8.4,8.4,0.0,0.0,0.0,0.0,0.0,0.0,23.29,6.36,25.0,15.3,6.36,49.0,0.0,1012.4,961.7,24140.0,11.5,0.211,29.9,10192X0095/P21B
3277,355,2024-12-21,4.811397298,43.539904887,3.0,33.3,22.2,34.7,23.3,2024-12-21T03:08,2024-12-21T14:59,42633.26,42209.06,8.35,8.35,0.0,0.0,0.0,0.0,0.0,0.0,23.67,6.34,24.0,13.9,6.34,45.0,0.0,1012.7,961.9,24140.0,11.4,0.21,30.0,10192X0095/P21B
3278,356,2024-12-22,4.811397298,43.539904887,0.0,34.0,21.5,35.0,23.0,2024-12-22T03:09,2024-12-22T14:59,42633.56,42209.53,8.4,8.4,0.0,0.0,0.0,0.0,0.0,0.0,23.93,6.69,0.0,13.6,6.69,44.0,0.0,1012.0,961.3,24140.0,10.7,0.21,30.1,10192X0095/P21B
3279,357,2024-12-23,4.811397298,43.539904887,0.0,33.0,22.1,32.4,21.5,2024-12-23T03:09,2024-12-23T15:00,42634.2,42210.32,8.35,8.35,0.0,0.0,0.0,0.0,0.0,0.0,24.03,7.0,0.0,12.1,7.0,41.0,0.0,1011.6,960.8,24140.0,14.6,0.209,30.1,10192X0095/P21B
3280,358,2024-12-24,4.811397298,43.539904887,0.0,32.8,21.0,31.6,19.8,2024-12-24T03:10,2024-12-24T15:00,42635.19,42211.44,8.4,8.4,0.0,0.0,0.0,0.0,0.0,0.0,24.26,7.28,0.0,10.9,7.28,39.0,0.0,1012.1,961.2,24140.0,15.9,0.209,30.0,10192X0095/P21B
3281,359,2024-12-25,4.811397298,43.539904887,2.0,32.2,21.3,31.7,20.9,2024-12-25T03:10,2024-12-25T15:01,42636.53,42212.89,8.35,8.35,0.0,0.0,0.0,0.0,0.0,0.0,23.91,6.66,6.0,13.1,6.66,45.0,0.0,1013.0,962.1,24140.0,15.2,0.208,29.9,10192X0095/P21B
3282,360,2024-12-26,4.811397298,43.539904887,3.0,32.5,22.0,30.6,19.6,2024-12-26T03:11,2024-12-26T15:01,42638.2,42214.67,8.35,8.35,0.0,0.0,0.0,0.0,0.0,0.0,24.4,7.33,19.0,9.8,7.33,35.0,0.0,1013.2,962.3,24140.0,14.9,0.208,29.8,10192X0095/P21B
3283,361,2024-12-27,4.811397298,43.539904887,3.0,32.3,20.9,30.1,18.5,2024-12-27T03:11,2024-12-27T15:02,42640.21,42216.76,8.35,8.35,0.0,0.0,0.0,0.0,0.0,0.0,24.57,7.79,70.0,9.4,7.79,35.0,0.0,1014.1,963.1,24140.0,17.8,0.208,29.7,10192X0095/P21B
3284,362,2024-12-28,4.811397298,43.539904887,3.0,32.6,21.7,30.9,20.1,2024-12-28T03:12,2024-12-28T15:02,42642.55,42219.17,8.15,8.35,0.0,0.0,0.0,0.0,0.0,0.0,24.34,7.66,76.0,10.8,7.66,38.0,0.0,1013.7,962.8,24140.0,18.5,0.207,29.7,10192X0095/P21B
3285,363,2024-12-29,4.811397298,43.539904887,3.0,32.1,22.1,31.8,21.0,2024-12-29T03:12,2024-12-29T15:03,42645.22,42221.89,8.4,8.4,0.0,0.0,0.0,0.0,0.0,0.0,23.95,7.12,34.0,13.5,7.12,44.0,0.0,1013.6,962.7,24140.0,17.5,0.207,29.7,10192X0095/P21B
3286,364,2024-12-30,4.811397298,43.539904887,3.0,32.1,21.9,31.1,21.1,2024-12-30T03:13,2024-12-30T15:04,42648.22,42195.19,8.45,8.45,0.0,0.0,0.0,0.0,0.0,0.0,24.1,7.1,22.0,12.9,7.1,43.0,0.0,1012.8,961.9,24140.0,16.8,0.207,29.8,10192X0095/P21B
3287,365,2024-12-31,4.811397298,43.539904887,3.0,32.3,21.8,31.7,21.2,2024-12-31T03:13,2024-12-31T15:04,42651.53,42167.34,8.45,8.45,0.0,0.0,0.0,0.0,0.0,0.0,24.03,7.05,32.0,13.2,7.05,44.0,0.0,1012.5,961.7,24140.0,16.4,0.206,29.8,10192X0095/P21B
3288,0,2025-01-01,4.811397298,43.539904887,0.0,32.5,22.3,30.9,21.3,2025-01-01T03:14,2025-01-01T15:05,42655.17,42140.1,8.45,8.45,0.0,0.0,0.0,0.0,0.0,0.0,24.26,7.36,1.0,11.8,7.36,40.0,0.0,1012.0,961.2,24140.0,16.4,0.206,29.8,10192X0095/P21B
3289,1,2025-01-02,4.811397298,43.539904887,0.0,33.5,22.6,32.5,21.3,2025-01-02T03:14,2025-01-02T15:05,42659.12,42113.58,8.5,8.5,0.0,0.0,0.0,0.0,0.0,0.0,24.24,7.86,0.0,12.2,7.86,39.0,0.0,1011.9,961.2,24140.0,18.3,0.206,29.8,10192X0095/P21B
3290,2,2025-01-03,4.811397298,43.539904887,3.0,33.1,22.8,32.2,21.9,2025-01-03T03:14,2025-01-03T15:06,42663.39,42087.85,8.5,8.5,0.0,0.0,0.0,0.0,0.0,0.0,24.13,8.07,45.0,11.6,8.07,40.0,0.0,1012.5,961.8,24140.0,20.1,0.205,29.9,10192X0095/P21B
3291,3,2025-01-04,4.811397298,43.539904887,3.0,32.3,22.4,30.9,20.7,2025-01-04T03:15,2025-01-04T15:06,42667.95,42063.02,8.5,8.5,0.0,0.0,0.0,0.0,0.0,0.0,24.23,8.34,42.0,10.6,8.34,37.0,0.0,1013.1,962.3,24140.0,21.1,0.205,29.9,10192X0095/P21B
3292,4,2025-01-05,4.811397298,43.539904887,0.0,31.7,20.9,29.7,18.0,2025-01-05T03:15,2025-01-05T15:07,42672.82,42039.15,8.55,8.55,0.0,0.0,0.0,0.0,0.0,0.0,24.87,8.28,0.0,8.9,8.28,34.0,0.0,1012.8,961.8,24140.0,20.8,0.205,29.8,10192X0095/P21B
3293,5,2025-01-06,4.811397298,43.539904887,3.0,31.3,20.2,28.6,17.4,2025-01-06T03:16,2025-01-06T15:07,42677.99,42016.37,8.55,8.55,0.0,0.0,0.0,0.0,0.0,0.0,25.12,7.51,42.0,8.2,7.51,36.0,0.0,1013.1,961.9,24140.0,17.9,0.205,29.6,10192X0095/P21B
3294,6,2025-01-07,4.811397298,43.539904887,2.0,32.4,20.5,32.5,20.8,2025-01-07T03:16,2025-01-07T15:07,42683.46,41994.72,8.55,8.55,0.0,0.0,0.0,0.0,0.0,0.0,24.58,6.55,5.0,12.4,6.55,45.0,0.0,1012.7,961.7,24140.0,12.8,0.204,29.6,10192X0095/P21B
3295,7,2025-01-08,4.811397298,43.539904887,0.0,33.2,21.4,33.9,21.8,2025-01-08T03:16,2025-01-08T15:08,42689.3,41973.74,8.6,8.6,0.0,0.0,0.0,0.0,0.0,0.0,24.15,6.68,1.0,13.2,6.68,43.0,0.0,1011.1,960.4,24140.0,12.0,0.204,29.7,10192X0095/P21B
3296,8,2025-01-09,4.811397298,43.539904887,3.0,33.6,22.0,33.6,21.7,2025-01-09T03:17,2025-01-09T15:08,42695.51,41953.18,8.55,8.6,0.0,0.0,0.0,0.0,0.0,0.0,24.04,6.94,52.0,13.8,6.94,45.0,0.0,1011.0,960.3,47794.17,15.1,0.204,29.9,10192X0095/P21B
3297,9,2025-01-10,4.811397298,43.539904887,3.0,32.8,21.7,32.1,20.8,2025-01-10T03:17,2025-01-10T15:09,42702.07,41921.63,8.45,8.6,0.0,0.0,0.0,0.0,0.0,0.0,24.07,7.14,72.0,12.8,7.14,43.0,0.0,1012.3,961.4,47615.83,16.6,0.204,29.9,10192X0095/P21B
3298,10,2025-01-11,4.811397298,43.539904887,3.0,32.3,21.8,31.7,20.8,2025-01-11T03:17,2025-01-11T15:09,42708.98,41678.54,8.3,8.6,0.0,0.0,0.0,0.0,0.0,0.0,24.22,7.03,81.0,12.7,7.03,43.0,0.0,1012.2,961.4,47335.83,16.2,0.203,29.9,10192X0095/P21B
3299,11,2025-01-12,4.811397298,43.539904887,3.0,32.6,21.7,30.9,20.1,2025-01-12T03:18,2025-01-12T15:10,42716.2,41894.33,8.65,8.65,0.0,0.0,0.0,0.0,0.0,0.0,24.62,7.32,46.0,10.8,7.32,38.0,0.0,1011.5,960.7,47475.0,16.4,0.203,29.8,10192X0095/P21B
3300,12,2025-01-13,4.811397298,43.539904887,3.0,32.3,20.8,30.3,18.1,2025-01-13T03:18,2025-01-13T15:10,42723.76,41875.8,8.7,8.7,0.0,0.0,0.0,0.0,0.0,0.0,24.99,8.46,12.0,9.1,8.46,34.0,0.0,1011.1,960.3,47045.83,21.2,0.203,29.7,10192X0095/P21B
3301,13,2025-01-14,4.811397298,43.539904887,3.0,32.6,21.8,30.1,19.1,2025-01-14T03:18,2025-01-14T15:11,42731.61,41857.87,8.75,8.75,0.0,0.0,0.0,0.0,0.0,0.0,24.88,8.7,88.0,10.4,8.7,36.0,0.0,1011.2,960.5,46760.83,22.7,0.203,29.7,10192X0095/P21B
3302,14,2025-01-15,4.811397298,43.539904887,3.0,32.1,21.4,29.5,19.5,2025-01-15T03:19,2025-01-15T15:11,42739.75,41698.6,8.75,8.75,0.0,0.0,0.0,0.0,0.0,0.0,24.83,8.22,57.0,9.7,8.22,36.0,0.0,1013.0,962.1,46086.67,21.1,0.202,29.7,10192X0095/P21B
3303,15,2025-01-16,4.811397298,43.539904887,1.0,32.6,21.8,30.2,18.4,2025-01-16T03:19,2025-01-16T15:11,42748.17,41702.52,8.75,8.75,0.0,0.0,0.0,0.0,0.0,0.0,24.81,8.32,3.0,8.3,8.32,32.0,0.0,1012.8,962.0,24355.0,19.0,0.202,29.7,10192X0095/P21B
3304,16,2025-01-17,4.811397298,43.539904887,3.0,32.7,21.7,31.2,18.8,2025-01-17T03:19,2025-01-17T15:12,42756.85,41706.04,8.75,8.75,0.0,0.0,0.0,0.0,0.0,0.0,24.89,7.58,73.0,9.0,7.58,34.0,0.0,1011.7,960.8,24140.0,15.9,0.202,29.7,10192X0095/P21B
3305,17,2025-01-18,4.811397298,43.539904887,3.0,32.6,21.4,32.1,18.6,2025-01-18T03:19,2025-01-18T15:12,42765.79,41709.09,8.8,8.8,0.0,0.0,0.0,0.0,0.0,0.0,25.27,7.25,33.0,10.1,7.25,37.0,0.0,1010.9,960.0,24140.0,14.2,0.202,29.7,10192X0095/P21B
3306,18,2025-01-19,4.811397298,43.539904887,3.0,32.7,20.8,31.8,18.8,2025-01-19T03:20,2025-01-19T15:13,42774.97,41711.65,8.85,8.85,0.0,0.0,0.0,0.0,0.0,0.0,25.1,7.24,54.0,9.8,7.24,36.0,0.0,1010.5,959.7,24140.0,14.1,0.201,29.6,10192X0095/P21B
3307,19,2025-01-20,4.811397298,43.539904887,3.0,32.7,20.3,31.2,18.1,2025-01-20T03:20,2025-01-20T15:13,42784.37,41713.74,8.85,8.85,0.0,0.0,0.0,0.0,0.0,0.0,25.37,7.81,45.0,9.4,7.81,35.0,0.0,1011.0,960.1,24140.0,17.0,0.201,29.6,10192X0095/P21B
3308,20,2025-01-21,4.811397298,43.539904887,3.0,33.6,21.1,32.5,20.3,2025-01-21T03:20,2025-01-21T15:13,42793.99,41469.83,8.9,8.9,0.0,0.0,0.0,0.0,0.0,0.0,25.2,7.55,21.0,12.7,7.55,42.0,0.0,1010.8,960.1,24140.0,16.2,0.201,29.7,10192X0095/P21B
3309,21,2025-01-22,4.811397298,43.539904887,3.0,33.3,21.8,32.7,22.1,2025-01-22T03:20,2025-01-22T15:14,42803.82,41226.18,8.2,8.9,0.0,0.0,0.0,0.0,0.0,0.0,24.4,7.71,86.0,12.4,7.71,41.0,0.0,1011.6,960.9,24140.0,17.1,0.201,29.8,10192X0095/P21B
3310,22,2025-01-23,4.811397298,43.539904887,3.0,34.1,23.1,30.9,21.9,2025-01-23T03:20,2025-01-23T15:14,42813.83,40982.76,8.95,8.95,0.0,0.0,0.0,0.0,0.0,0.0,24.91,8.78,39.0,9.1,8.78,34.0,0.0,1010.7,960.1,24140.0,20.2,0.201,29.9,10192X0095/P21B
3311,23,2025-01-24,4.811397298,43.539904887,2.0,33.4,21.5,31.7,19.9,2025-01-24T03:21,2025-01-24T15:14,42824.03,41472.78,9.0,9.0,0.0,0.0,0.0,0.0,0.0,0.0,25.48,7.9,9.0,10.4,7.9,38.0,0.0,1010.3,959.6,24140.0,18.5,0.2,29.9,10192X0095/P21B
3312,24,2025-01-25,4.811397298,43.539904887,3.0,33.4,20.8,32.5,19.5,2025-01-25T03:21,2025-01-25T15:15,42834.4,41472.72,9.0,9.05,0.0,0.0,0.0,0.0,0.0,0.0,25.39,7.62,31.0,11.0,7.62,39.0,0.0,1009.9,959.2,24140.0,16.5,0.2,29.9,10192X0095/P21B
3313,25,2025-01-26,4.811397298,43.539904887,3.0,33.4,21.4,32.7,20.6,2025-01-26T03:21,2025-01-26T15:15,42844.92,40497.42,9.05,9.05,0.0,0.0,0.0,0.0,0.0,0.0,25.14,7.27,42.0,11.8,7.27,41.0,0.0,1010.5,959.8,24140.0,15.0,0.2,29.9,10192X0095/P21B
3314,26,2025-01-27,4.811397298,43.539904887,3.0,33.6,21.5,33.2,21.8,2025-01-27T03:21,2025-01-27T15:15,42855.6,41227.68,9.1,9.1,0.0,0.0,0.0,0.0,0.0,0.0,25.11,7.11,21.0,13.7,7.11,45.0,0.0,1010.2,959.5,24140.0,14.7,0.2,30.0,10192X0095/P21B
3315,27,2025-01-28,4.811397298,43.539904887,3.0,34.4,22.1,34.6,21.9,2025-01-28T03:21,2025-01-28T15:16,42866.57,41226.35,8.75,9.15,0.0,0.0,0.0,0.0,0.0,0.0,25.27,7.19,37.0,13.7,7.19,43.0,0.0,1010.0,959.4,24140.0,14.2,0.2,30.1,10192X0095/P21B
3316,28,2025-01-29,4.811397298,43.539904887,3.0,34.3,21.9,33.5,21.5,2025-01-29T03:21,2025-01-29T15:16,42877.82,41224.47,9.15,9.15,0.0,0.0,0.0,0.0,0.0,0.0,25.47,7.79,6.0,12.7,7.79,41.0,0.0,1010.7,960.2,24140.0,16.8,0.199,30.2,10192X0095/P21B
3317,29,2025-01-30,4.811397298,43.539904887,0.0,33.6,22.3,33.9,21.5,2025-01-30T03:21,2025-01-30T15:16,42889.33,41222.11,9.15,9.15,0.0,0.0,0.0,0.0,0.0,0.0,25.45,7.29,1.0,13.3,7.29,42.0,0.0,1010.9,960.3,24140.0,14.5,0.199,30.3,10192X0095/P21B
3318,30,2025-01-31,4.811397298,43.539904887,0.0,34.1,22.3,33.5,21.8,2025-01-31T03:21,2025-01-31T15:16,42901.1,41219.24,9.2,9.2,0.0,0.0,0.0,0.0,0.0,2.0,25.45,8.19,0.0,11.4,8.19,38.0,0.0,1010.4,959.8,24140.0,17.2,0.199,30.3,10192X0095/P21B
3319,31,2025-02-01,4.811397298,43.539904887,3.0,34.0,22.0,31.4,19.4,2025-02-01T03:21,2025-02-01T15:17,42913.1,41215.91,9.2,9.2,0.0,0.0,0.0,0.0,0.0,0.0,25.87,8.95,26.0,7.4,8.95,29.0,0.0,1010.5,959.9,24140.0,19.5,0.199,30.3,10192X0095/P21B
3320,32,2025-02-02,4.811397298,43.539904887,3.0,33.3,21.4,31.4,18.8,2025-02-02T03:21,2025-02-02T15:17,42925.33,41212.11,8.8,9.25,0.0,0.0,0.0,0.0,0.0,0.0,25.82,8.4,40.0,9.9,8.4,34.0,0.0,1010.2,959.6,24140.0,19.2,0.198,30.2,10192X0095/P21B
3321,33,2025-02-03,4.811397298,43.539904887,3.0,32.6,21.1,30.5,18.6,2025-02-03T03:21,2025-02-03T15:17,42937.76,41207.91,9.25,9.25,0.0,0.0,0.0,0.0,0.0,0.0,25.91,9.0,61.0,7.4,9.0,32.0,0.0,1010.7,960.0,24140.0,21.3,0.198,30.2,10192X0095/P21B
3322,34,2025-02-04,4.811397298,43.539904887,3.0,31.7,21.1,28.8,17.1,2025-02-04T03:21,2025-02-04T15:17,42950.38,41203.26,9.25,9.25,0.0,0.0,0.0,0.0,0.0,0.0,26.39,8.38,48.0,8.6,8.38,34.0,0.0,1012.1,961.1,24140.0,19.8,0.198,30.1,10192X0095/P21B
3323,35,2025-02-05,4.811397298,43.539904887,3.0,32.9,22.2,32.4,21.1,2025-02-05T03:21,2025-02-05T15:17,42963.19,41198.22,9.25,9.25,0.0,0.0,0.0,0.0,0.0,0.0,25.7,7.55,48.0,12.5,7.55,41.0,0.0,1010.7,960.0,24140.0,16.3,0.198,30.1,10192X0095/P21B
3324,36,2025-02-06,4.811397298,43.539904887,3.0,34.1,22.5,33.5,21.1,2025-02-06T03:21,2025-02-06T15:18,42976.15,41192.81,9.25,9.3,0.0,0.0,0.0,0.0,0.0,0.0,25.97,7.75,69.0,12.8,7.75,40.0,0.0,1009.3,958.8,24140.0,16.0,0.198,30.2,10192X0095/P21B
3325,37,2025-02-07,4.811397298,43.539904887,3.0,35.5,22.3,35.5,22.4,2025-02-07T03:21,2025-02-07T15:18,42989.27,41187.04,9.3,9.3,0.0,0.0,0.0,0.0,0.0,0.0,26.01,7.79,37.0,12.9,7.79,40.0,0.0,1009.8,959.4,24140.0,14.5,0.198,30.5,10192X0095/P21B
3326,38,2025-02-08,4.811397298,43.539904887,3.0,35.4,22.4,36.1,24.0,2025-02-08T03:21,2025-02-08T15:18,43002.51,41180.92,9.3,9.3,0.0,0.0,0.0,0.0,0.0,12.0,23.93,6.65,34.0,14.4,6.65,43.0,0.0,1010.0,959.6,24140.0,9.5,0.197,30.8,10192X0095/P21B
3327,39,2025-02-09,4.811397298,43.539904887,3.0,35.9,23.2,36.7,23.9,2025-02-09T03:21,2025-02-09T15:18,43015.89,41174.49,9.35,9.35,0.0,0.0,0.0,0.0,0.0,0.0,25.26,7.47,82.0,14.7,7.47,43.0,0.0,1009.3,959.0,24140.0,13.1,0.197,31.0,10192X0095/P21B
3328,40,2025-02-10,4.811397298,43.539904887,3.0,35.5,23.1,35.8,24.0,2025-02-10T03:21,2025-02-10T15:18,43029.36,40929.63,9.4,9.4,0.0,0.0,0.0,0.0,0.0,0.0,25.97,7.94,48.0,15.1,7.94,44.0,0.0,1008.9,958.6,24140.0,16.6,0.197,31.1,10192X0095/P21B
3329,41,2025-02-11,4.811397298,43.539904887,3.0,36.3,23.9,35.8,23.9,2025-02-11T03:21,2025-02-11T15:18,43042.94,41160.68,9.4,9.4,0.0,0.0,0.0,0.0,0.0,20.0,24.17,7.9,42.0,17.3,7.9,51.0,0.0,1009.8,959.4,23750.0,22.3,0.197,31.1,10192X0095/P21B
3330,42,2025-02-12,4.811397298,43.539904887,3.0,34.2,23.6,31.5,23.4,2025-02-12T03:21,2025-02-12T15:18,43056.59,41153.34,9.4,9.4,0.0,0.0,0.0,0.0,0.0,0.0,26.47,8.15,84.0,12.5,8.15,41.0,0.0,1011.6,961.1,24140.0,18.3,0.197,31.1,10192X0095/P21B
3331,43,2025-02-13,4.811397298,43.539904887,3.0,35.2,23.5,34.6,21.8,2025-02-13T03:21,2025-02-13T15:18,43070.31,41382.81,9.45,9.45,0.0,0.0,0.0,0.0,0.0,0.0,26.36,8.47,65.0,12.5,8.47,37.0,0.0,1011.4,960.9,24140.0,17.2,0.196,31.1,10192X0095/P21B
3332,44,2025-02-14,4.811397298,43.539904887,3.0,34.7,22.9,35.3,21.9,2025-02-14T03:20,2025-02-14T15:19,43084.08,41374.61,9.4,9.5,0.0,0.0,0.0,0.0,0.0,0.0,25.61,7.59,88.0,14.6,7.59,43.0,0.0,1011.2,960.8,24140.0,15.4,0.196,31.2,10192X0095/P21B
3333,45,2025-02-15,4.811397298,43.539904887,3.0,34.9,23.4,35.3,23.7,2025-02-15T03:20,2025-02-15T15:19,43097.9,41129.8,9.5,9.5,0.0,0.0,0.0,0.0,0.0,0.0,26.09,7.65,94.0,14.3,7.65,43.0,0.0,1010.8,960.4,24140.0,14.8,0.196,31.3,10192X0095/P21B
3334,46,2025-02-16,4.811397298,43.539904887,3.0,35.4,22.6,35.3,22.8,2025-02-16T03:20,2025-02-16T15:19,43111.77,41121.49,9.15,9.5,0.0,0.0,0.0,0.0,0.0,0.0,26.59,8.27,57.0,13.2,8.27,39.0,0.0,1009.7,959.3,24140.0,16.0,0.199,31.3,10192X0095/P21B
3335,47,2025-02-17,4.811397298,43.539904887,2.0,34.4,22.0,32.7,21.2,2025-02-17T03:20,2025-02-17T15:19,43125.81,41584.39,9.55,9.55,0.0,0.0,0.0,0.0,0.0,0.0,27.15,8.53,11.0,10.8,8.53,36.0,0.0,1010.7,960.1,24140.0,18.1,0.199,31.3,10192X0095/P21B
3336,48,2025-02-18,4.811397298,43.539904887,3.0,33.9,21.7,33.2,20.7,2025-02-18T03:20,2025-02-18T15:19,43140.04,41574.63,9.55,9.55,0.0,0.0,0.0,0.0,0.0,0.0,26.96,7.82,50.0,11.7,7.82,40.0,0.0,1011.7,961.0,24140.0,16.0,0.199,31.1,10192X0095/P21B
3337,49,2025-02-19,4.811397298,43.539904887,3.0,34.9,21.9,34.4,21.4,2025-02-19T03:20,2025-02-19T15:19,43154.43,41786.67,9.6,9.6,0.0,0.0,0.0,0.0,0.0,0.0,27.06,7.92,35.0,11.7,7.92,38.0,0.0,1011.0,960.4,24140.0,15.2,0.199,31.1,10192X0095/P21B
3338,50,2025-02-20,4.811397298,43.539904887,2.0,35.9,22.5,35.1,22.3,2025-02-20T03:19,2025-02-20T15:19,43168.99,41788.79,9.6,9.6,0.0,0.0,0.0,0.0,0.0,0.0,27.1,8.43,34.0,11.3,8.43,36.0,0.0,1009.8,959.4,24140.0,15.7,0.198,31.2,10192X0095/P21B
3339,51,2025-02-21,4.811397298,43.539904887,3.0,35.6,22.6,33.8,21.5,2025-02-21T03:19,2025-02-21T15:19,43183.69,41777.62,9.6,9.6,0.0,0.0,0.0,0.0,0.0,0.0,27.18,8.88,33.0,11.1,8.88,37.0,0.0,1010.5,960.0,24140.0,19.2,0.191,31.3,10192X0095/P21B
3340,52,2025-02-22,4.811397298,43.539904887,3.0,35.1,22.5,32.8,22.3,2025-02-22T03:19,2025-02-22T15:19,43198.51,41766.1,9.6,9.6,0.0,0.0,0.0,0.0,0.0,0.0,27.03,8.65,49.0,13.3,8.65,42.0,0.0,1011.8,961.3,24140.0,20.5,0.19,31.3,10192X0095/P21B
3341,53,2025-02-23,4.811397298,43.539904887,3.0,35.8,23.6,33.9,24.2,2025-02-23T03:19,2025-02-23T15:19,43213.46,41754.29,9.6,9.6,0.0,0.0,0.0,0.0,0.0,0.0,26.99,8.64,23.0,12.5,8.64,38.0,0.0,1011.8,961.4,24140.0,17.9,0.187,31.3,10192X0095/P21B
3342,54,2025-02-24,4.811397298,43.539904887,3.0,35.3,23.3,33.7,23.2,2025-02-24T03:18,2025-02-24T15:19,43228.51,41863.19,9.6,9.6,0.0,0.0,0.0,0.0,0.0,0.0,27.08,9.04,70.0,11.2,9.04,35.0,0.0,1012.3,961.8,24140.0,18.4,0.188,31.4,10192X0095/P21B
3343,55,2025-02-25,4.811397298,43.539904887,3.0,36.1,23.4,33.3,21.8,2025-02-25T03:18,2025-02-25T15:19,43243.66,41880.69,9.6,9.6,0.0,0.0,0.0,0.0,0.0,0.0,27.53,9.47,57.0,8.9,9.47,30.0,0.0,1011.7,961.3,24140.0,18.4,0.195,31.5,10192X0095/P21B
3344,56,2025-02-26,4.811397298,43.539904887,1.0,35.5,23.3,33.0,22.8,2025-02-26T03:18,2025-02-26T15:19,43258.89,41898.79,9.65,9.65,0.0,0.0,0.0,0.0,0.0,0.0,27.51,9.03,5.0,9.9,9.03,32.0,0.0,1012.0,961.6,24140.0,17.4,0.2,31.5,10192X0095/P21B
3345,57,2025-02-27,4.811397298,43.539904887,3.0,35.8,23.8,34.4,22.8,2025-02-27T03:17,2025-02-27T15:19,43274.19,41917.44,9.65,9.65,0.0,0.0,0.0,0.0,0.0,0.0,27.17,8.68,31.0,10.6,8.68,34.0,0.0,1011.9,961.5,24140.0,17.1,0.196,31.5,10192X0095/P21B
3346,58,2025-02-28,4.811397298,43.539904887,3.0,36.1,23.5,36.2,23.5,2025-02-28T03:17,2025-02-28T15:19,43289.54,41925.51,9.6,9.7,0.0,0.0,0.0,0.0,0.0,0.0,26.71,7.89,54.0,13.2,7.89,39.0,0.0,1010.7,960.4,24140.0,14.6,0.195,31.6,10192X0095/P21B
3347,59,2025-03-01,4.811397298,43.539904887,3.0,36.2,24.2,35.7,24.6,2025-03-01T03:17,2025-03-01T15:19,43304.94,41912.57,9.75,9.8,0.0,0.0,0.0,0.0,0.0,0.0,26.95,8.62,70.0,12.8,8.62,37.0,0.0,1009.7,959.6,24140.0,16.5,0.195,31.7,10192X0095/P21B
3348,60,2025-03-02,4.811397298,43.539904887,3.0,36.3,23.7,36.2,23.6,2025-03-02T03:16,2025-03-02T15:18,43320.37,41976.16,9.8,9.8,0.0,0.0,0.0,0.0,0.0,0.0,27.22,8.34,43.0,12.6,8.34,38.0,0.0,1009.8,959.5,24140.0,15.4,0.195,31.8,10192X0095/P21B
3349,61,2025-03-03,4.811397298,43.539904887,3.0,35.7,23.4,36.2,24.5,2025-03-03T03:16,2025-03-03T15:18,43335.82,41996.48,9.8,9.8,0.0,0.0,0.0,0.0,0.0,0.0,26.01,7.76,64.0,14.1,7.76,42.0,0.0,1009.6,959.3,24140.0,14.7,0.195,31.9,10192X0095/P21B
3350,62,2025-03-04,4.811397298,43.539904887,3.0,35.5,23.8,36.8,24.7,2025-03-04T03:16,2025-03-04T15:18,43351.28,42017.06,9.8,9.8,0.0,0.0,0.0,0.0,0.0,2.0,25.12,7.52,68.0,15.0,7.52,43.0,0.0,1009.8,959.6,24140.0,14.0,0.195,31.9,10192X0095/P21B
3351,63,2025-03-05,4.811397298,43.539904887,3.0,36.1,24.1,36.9,25.4,2025-03-05T03:15,2025-03-05T15:18,43366.73,42037.89,9.75,9.9,0.0,0.0,0.0,0.0,0.0,0.0,26.45,8.0,23.0,14.9,8.0,42.0,0.0,1010.0,959.8,24140.0,15.0,0.194,32.1,10192X0095/P21B
3352,64,2025-03-06,4.811397298,43.539904887,2.0,35.9,23.5,36.4,24.6,2025-03-06T03:15,2025-03-06T15:18,43382.17,42058.88,9.95,9.95,0.0,0.0,0.0,0.0,0.0,2.0,26.89,8.15,3.0,14.7,8.15,42.0,0.0,1010.1,959.9,24140.0,15.4,0.194,32.2,10192X0095/P21B
3353,65,2025-03-07,4.811397298,43.539904887,51.0,36.5,24.5,38.3,26.5,2025-03-07T03:15,2025-03-07T15:18,43397.58,42079.99,9.95,9.95,0.1,0.0,0.0,0.1,1.0,14.0,25.31,7.71,54.0,17.9,7.71,49.0,0.0,1009.5,959.3,24140.0,15.7,0.194,32.3,10192X0095/P21B
3354,66,2025-03-08,4.811397298,43.539904887,3.0,35.9,25.2,37.6,26.1,2025-03-08T03:14,2025-03-08T15:18,43412.97,42101.18,9.95,9.95,0.0,0.0,0.0,0.0,0.0,6.0,25.24,7.92,60.0,17.1,7.92,46.0,0.0,1008.0,958.0,24140.0,17.0,0.194,32.5,10192X0095/P21B
3355,67,2025-03-09,4.811397298,43.539904887,63.0,36.7,23.5,38.1,25.8,2025-03-09T03:14,2025-03-09T15:18,43428.46,41809.99,9.95,9.95,7.2,0.0,0.0,7.2,2.0,24.0,24.62,7.66,84.0,17.2,7.66,46.0,0.0,1008.1,958.1,23649.17,14.6,0.194,32.6,10192X0095/P21B
3356,68,2025-03-10,4.811397298,43.539904887,55.0,36.5,24.2,37.4,26.3,2025-03-10T03:14,2025-03-10T15:18,43444.06,42145.37,9.9,9.95,1.0,0.0,0.0,1.0,1.0,31.0,25.88,8.19,61.0,16.6,8.19,45.0,0.0,1008.9,958.9,24140.0,16.1,0.194,32.7,10192X0095/P21B
3357,69,2025-03-11,4.811397298,43.539904887,3.0,36.9,25.3,36.9,27.4,2025-03-11T03:13,2025-03-11T15:18,43459.76,42168.52,9.95,9.95,0.0,0.0,0.0,0.0,0.0,0.0,26.32,8.39,31.0,15.6,8.39,42.0,0.0,1009.0,959.0,24140.0,15.6,0.195,32.9,10192X0095/P21B
3358,70,2025-03-12,4.811397298,43.539904887,3.0,36.6,25.1,35.6,23.6,2025-03-12T03:13,2025-03-12T15:17,43475.55,42192.28,9.95,9.95,0.0,0.0,0.0,0.0,0.0,2.0,26.26,8.46,63.0,13.3,8.46,39.0,0.0,1009.2,959.1,24140.0,17.1,0.195,32.8,10192X0095/P21B
3359,71,2025-03-13,4.811397298,43.539904887,3.0,36.5,23.4,34.9,22.7,2025-03-13T03:12,2025-03-13T15:17,43491.41,42216.6,9.45,9.95,0.0,0.0,0.0,0.0,0.0,0.0,27.77,8.44,21.0,8.9,8.44,32.0,0.0,1009.5,959.2,24140.0,14.1,0.195,32.7,10192X0095/P21B
3360,72,2025-03-14,4.811397298,43.539904887,3.0,36.6,23.1,35.3,24.0,2025-03-14T03:12,2025-03-14T15:17,43507.34,42241.4,10.0,10.0,0.0,0.0,0.0,0.0,0.0,0.0,27.62,9.16,7.0,11.4,9.16,34.0,0.0,1008.6,958.5,24140.0,16.9,0.195,32.7,10192X0095/P21B
3361,73,2025-03-15,4.811397298,43.539904887,2.0,36.8,24.9,36.1,24.0,2025-03-15T03:12,2025-03-15T15:17,43523.32,42266.63,9.95,9.95,0.0,0.0,0.0,0.0,0.0,0.0,26.97,9.1,11.0,13.7,9.1,38.0,0.0,1009.4,959.3,24140.0,19.0,0.194,32.8,10192X0095/P21B
3362,74,2025-03-16,4.811397298,43.539904887,3.0,36.7,24.6,37.2,26.3,2025-03-16T03:11,2025-03-16T15:17,43539.35,42292.21,9.95,9.95,0.0,0.0,0.0,0.0,0.0,0.0,26.94,8.06,30.0,15.7,8.06,44.0,0.0,1010.3,960.1,24140.0,15.1,0.195,32.9,10192X0095/P21B
3363,75,2025-03-17,4.811397298,43.539904887,3.0,35.4,24.6,38.1,26.9,2025-03-17T03:11,2025-03-17T15:17,43555.42,42318.07,10.0,10.0,0.0,0.0,0.0,0.0,0.0,22.0,24.9,6.63,70.0,17.0,6.63,47.0,0.0,1010.7,960.5,24140.0,10.0,0.194,33.0,10192X0095/P21B
3364,76,2025-03-18,4.811397298,43.539904887,51.0,36.1,25.5,38.4,26.7,2025-03-18T03:10,2025-03-18T15:16,43571.5,42344.17,10.0,10.0,0.1,6.2,0.0,0.1,1.0,10.0,24.67,7.48,41.0,17.2,7.48,44.0,0.0,1010.0,959.9,24140.0,12.7,0.194,33.1,10192X0095/P21B
3365,77,2025-03-19,4.811397298,43.539904887,3.0,35.8,25.5,37.1,27.4,2025-03-19T03:10,2025-03-19T15:16,43587.6,42370.42,10.0,10.0,0.0,0.2,0.0,0.0,0.0,24.0,25.0,7.56,47.0,16.9,7.56,45.0,0.0,1011.4,961.2,24140.0,13.6,0.194,33.2,10192X0095/P21B
3366,78,2025-03-20,4.811397298,43.539904887,51.0,36.0,25.4,38.3,28.3,2025-03-20T03:09,2025-03-20T15:16,43603.7,40740.31,9.95,9.95,1.3,0.0,0.0,1.3,6.0,29.0,23.68,6.7,42.0,17.7,6.7,48.0,0.0,1012.9,962.6,24107.5,10.8,0.194,33.2,10192X0095/P21B
3367,79,2025-03-21,4.811397298,43.539904887,3.0,36.4,24.8,38.2,27.8,2025-03-21T03:09,2025-03-21T15:16,43619.8,42423.15,10.0,10.0,0.0,0.0,0.0,0.0,0.0,8.0,25.94,7.55,77.0,16.5,7.55,47.0,0.0,1012.6,962.4,24140.0,11.9,0.195,33.3,10192X0095/P21B
3368,80,2025-03-22,4.811397298,43.539904887,3.0,36.4,24.7,37.9,27.9,2025-03-22T03:09,2025-03-22T15:16,43635.87,42449.5,10.0,10.0,0.0,0.0,0.0,0.0,0.0,8.0,25.68,7.67,23.0,16.0,7.67,44.0,0.0,1010.5,960.4,24140.0,12.5,0.197,33.4,10192X0095/P21B
3369,81,2025-03-23,4.811397298,43.539904887,3.0,36.8,25.2,37.0,27.5,2025-03-23T03:08,2025-03-23T15:16,43651.9,42475.74,10.0,10.0,0.0,0.0,0.0,0.0,0.0,18.0,25.63,7.98,55.0,16.7,7.98,45.0,0.0,1010.3,960.3,24140.0,15.0,0.198,33.4,10192X0095/P21B
3370,82,2025-03-24,4.811397298,43.539904887,51.0,36.3,24.9,38.6,26.4,2025-03-24T03:08,2025-03-24T15:15,43667.9,42501.82,9.75,9.95,0.9,1.5,0.0,0.9,3.0,80.0,23.16,6.65,52.0,19.1,6.65,56.0,0.0,1011.9,961.5,22102.5,14.0,0.199,33.3,10192X0095/P21B
3371,83,2025-03-25,4.811397298,43.539904887,53.0,31.9,24.3,35.5,27.1,2025-03-25T03:07,2025-03-25T15:15,43683.85,28691.81,9.75,9.95,1.4,2.2,0.0,1.4,3.0,94.0,16.91,4.09,61.0,20.2,4.09,66.0,0.0,1012.2,961.4,23055.0,7.9,0.204,32.8,10192X0095/P21B
3372,84,2025-03-26,4.811397298,43.539904887,61.0,33.5,22.0,36.7,25.6,2025-03-26T03:07,2025-03-26T15:15,43699.73,40202.51,9.2,9.95,3.2,4.4,0.0,3.2,5.0,92.0,22.09,5.42,65.0,19.5,5.42,64.0,0.0,1010.4,959.7,22545.0,8.7,0.21,32.3,10192X0095/P21B
3373,85,2025-03-27,4.811397298,43.539904887,3.0,33.4,23.7,34.9,26.2,2025-03-27T03:06,2025-03-27T15:15,43715.53,42578.4,10.0,10.0,0.0,2.1,0.0,0.0,0.0,29.0,23.72,6.04,27.0,18.5,6.04,58.0,0.0,1009.5,959.0,23975.84,12.5,0.214,32.2,10192X0095/P21B
3374,86,2025-03-28,4.811397298,43.539904887,3.0,34.5,23.9,34.8,26.0,2025-03-28T03:06,2025-03-28T15:15,43731.27,42603.17,9.95,9.95,0.0,0.0,0.0,0.0,0.0,0.0,27.05,7.44,59.0,16.0,7.44,49.0,0.0,1010.1,959.6,24140.0,14.3,0.209,32.1,10192X0095/P21B
3375,87,2025-03-29,4.811397298,43.539904887,51.0,34.8,23.7,37.9,26.4,2025-03-29T03:06,2025-03-29T15:15,43747.05,42479.99,9.95,9.95,0.4,0.0,0.0,0.4,2.0,25.0,24.76,6.04,72.0,16.7,6.04,49.0,0.0,1009.6,959.3,24140.0,7.0,0.206,32.3,10192X0095/P21B
3376,88,2025-03-30,4.811397298,43.539904887,3.0,35.1,23.7,37.5,26.2,2025-03-30T03:05,2025-03-30T15:15,43762.88,42653.08,9.95,9.95,0.0,0.0,0.0,0.0,0.0,34.0,25.44,6.8,17.0,17.7,6.8,51.0,0.0,1009.8,959.5,24140.0,10.9,0.205,32.4,10192X0095/P21B
3377,89,2025-03-31,4.811397298,43.539904887,3.0,36.0,23.9,38.3,27.1,2025-03-31T03:05,2025-03-31T15:14,43778.76,42678.39,9.9,9.9,0.0,0.0,0.0,0.0,0.0,18.0,25.13,6.75,12.0,17.6,6.75,51.0,0.0,1009.5,959.3,24140.0,9.5,0.205,32.5,10192X0095/P21B
3378,90,2025-04-01,4.811397298,43.539904887,3.0,36.2,24.5,38.5,27.1,2025-04-01T03:04,2025-04-01T15:14,43794.67,42703.86,9.95,9.95,0.0,0.1,0.0,0.0,0.0,2.0,25.14,6.97,51.0,17.1,6.97,48.0,0.0,1009.0,958.8,24140.0,10.5,0.206,32.7,10192X0095/P21B
3379,91,2025-04-02,4.811397298,43.539904887,3.0,36.8,24.7,38.9,27.0,2025-04-02T03:04,2025-04-02T15:14,43810.59,42729.44,9.85,9.85,0.0,0.1,0.0,0.0,0.0,0.0,25.46,7.21,44.0,16.9,7.21,47.0,0.0,1008.8,958.7,24140.0,11.5,0.207,32.8,10192X0095/P21B
3380,92,2025-04-03,4.811397298,43.539904887,51.0,35.3,24.4,38.7,26.8,2025-04-03T03:03,2025-04-03T15:14,43826.53,42755.06,9.85,9.85,0.5,0.9,0.0,0.5,4.0,63.0,24.64,6.44,55.0,17.8,6.44,50.0,0.0,1010.3,960.0,24140.0,8.8,0.207,32.8,10192X0095/P21B
3381,93,2025-04-04,4.811397298,43.539904887,51.0,35.3,25.0,38.8,27.3,2025-04-04T03:03,2025-04-04T15:14,43842.47,42780.67,9.85,9.85,0.1,0.4,0.0,0.1,1.0,35.0,24.67,6.27,24.0,17.9,6.27,49.0,0.0,1010.0,959.8,24140.0,8.1,0.207,33.0,10192X0095/P21B
3382,94,2025-04-05,4.811397298,43.539904887,3.0,36.6,24.8,35.6,26.1,2025-04-05T03:03,2025-04-05T15:14,43858.4,42806.22,9.8,9.8,0.0,0.0,0.0,0.0,0.0,14.0,26.1,7.62,62.0,15.0,7.62,45.0,0.0,1009.8,959.6,24140.0,13.1,0.207,32.9,10192X0095/P21B
3383,95,2025-04-06,4.811397298,43.539904887,3.0,35.9,23.6,36.1,26.0,2025-04-06T03:02,2025-04-06T15:13,43874.31,42831.65,9.8,9.8,0.0,0.0,0.0,0.0,0.0,14.0,25.17,7.39,79.0,14.8,7.39,44.0,0.0,1010.4,960.1,24140.0,11.2,0.208,32.8,10192X0095/P21B
3384,96,2025-04-07,4.811397298,43.539904887,3.0,35.4,23.8,38.6,26.9,2025-04-07T03:02,2025-04-07T15:13,43890.19,42856.9,9.65,9.8,0.0,0.0,0.0,0.0,0.0,16.0,25.02,6.68,96.0,16.2,6.68,46.0,0.0,1011.3,961.0,24140.0,8.3,0.211,32.9,10192X0095/P21B
3385,97,2025-04-08,4.811397298,43.539904887,51.0,35.8,25.3,39.9,26.9,2025-04-08T03:01,2025-04-08T15:13,43906.03,42881.91,9.7,9.75,0.3,0.0,0.0,0.3,2.0,28.0,24.45,6.48,86.0,17.2,6.48,46.0,0.0,1011.9,961.7,23992.5,9.1,0.21,33.1,10192X0095/P21B
3386,98,2025-04-09,4.811397298,43.539904887,3.0,34.1,24.9,38.4,26.9,2025-04-09T03:01,2025-04-09T15:13,43921.8,42906.62,9.7,9.75,0.0,5.2,0.0,0.0,0.0,25.0,23.38,5.74,25.0,18.6,5.74,55.0,0.0,1012.2,961.7,24140.0,7.4,0.21,33.1,10192X0095/P21B
3387,99,2025-04-10,4.811397298,43.539904887,2.0,34.0,23.3,39.1,26.4,2025-04-10T03:01,2025-04-10T15:13,43937.52,42931.0,9.75,9.75,0.0,0.3,0.0,0.0,0.0,34.0,25.03,5.82,17.0,18.4,5.82,55.0,0.0,1010.6,960.1,24140.0,6.0,0.212,33.0,10192X0095/P21B
3388,100,2025-04-11,4.811397298,43.539904887,3.0,35.5,24.1,38.4,26.8,2025-04-11T03:00,2025-04-11T15:13,43953.16,42954.96,9.7,9.7,0.0,0.3,0.0,0.0,0.0,6.0,25.29,6.68,38.0,18.4,6.68,52.0,0.0,1008.3,958.1,24140.0,10.7,0.209,33.1,10192X0095/P21B
3389,101,2025-04-12,4.811397298,43.539904887,51.0,35.5,25.1,38.2,27.4,2025-04-12T03:00,2025-04-12T15:13,43968.71,37364.14,8.55,9.7,0.4,3.3,0.0,0.4,2.0,62.0,20.41,6.0,75.0,19.3,6.0,58.0,0.0,1009.5,959.1,23796.67,13.8,0.207,33.1,10192X0095/P21B
3390,102,2025-04-13,4.811397298,43.539904887,65.0,30.6,22.3,33.7,25.7,2025-04-13T02:59,2025-04-13T15:12,43984.15,29833.09,7.55,9.65,37.9,31.4,0.0,37.9,19.0,83.0,15.06,3.25,95.0,21.4,3.25,81.0,0.0,1013.1,961.8,19305.83,7.7,0.216,32.1,10192X0095/P21B
3391,103,2025-04-14,4.811397298,43.539904887,61.0,31.9,21.8,36.7,24.8,2025-04-14T02:59,2025-04-14T15:12,43999.49,38022.42,7.45,9.7,3.0,7.1,0.0,3.0,5.0,88.0,21.87,4.82,99.0,20.9,4.82,72.0,0.0,1012.6,961.7,23987.5,7.4,0.223,31.7,10192X0095/P21B
3392,104,2025-04-15,4.811397298,43.539904887,63.0,31.4,22.9,36.1,26.4,2025-04-15T02:59,2025-04-15T15:12,44014.7,35235.17,9.7,9.7,4.9,31.1,0.0,4.9,4.0,86.0,17.75,3.94,75.0,20.9,3.94,71.0,0.0,1011.8,960.9,16705.83,6.2,0.223,31.5,10192X0095/P21B
3393,105,2025-04-16,4.811397298,43.539904887,61.0,30.0,22.8,35.3,26.9,2025-04-16T02:58,2025-04-16T15:12,44029.77,31544.8,7.35,9.6,5.4,22.0,0.0,5.4,11.0,93.0,16.82,3.58,93.0,21.5,3.58,80.0,0.0,1012.9,961.7,22694.17,5.8,0.221,31.2,10192X0095/P21B
3394,106,2025-04-17,4.811397298,43.539904887,65.0,30.2,22.7,35.8,25.9,2025-04-17T02:58,2025-04-17T15:12,44044.7,31786.65,9.4,9.6,21.0,18.9,0.0,21.0,11.0,94.0,16.89,3.46,96.0,21.5,3.46,81.0,0.0,1012.3,961.2,23229.17,6.8,0.224,30.8,10192X0095/P21B
3395,107,2025-04-18,4.811397298,43.539904887,51.0,31.1,22.4,37.0,26.0,2025-04-18T02:58,2025-04-18T15:12,44059.62,38002.47,9.4,9.6,0.8,3.5,0.0,0.8,5.0,73.0,20.66,4.44,73.0,20.7,4.44,73.0,0.0,1011.0,960.1,23188.34,5.4,0.218,30.7,10192X0095/P21B
3396,108,2025-04-19,4.811397298,43.539904887,53.0,31.3,22.4,36.3,26.0,2025-04-19T02:57,2025-04-19T15:12,44074.52,42075.22,9.45,9.6,1.1,1.1,0.0,1.1,6.0,51.0,22.87,4.93,66.0,20.3,4.93,70.0,0.0,1010.7,959.8,24137.5,5.8,0.212,30.7,10192X0095/P21B
3397,109,2025-04-20,4.811397298,43.539904887,55.0,30.7,23.2,35.8,26.3,2025-04-20T02:57,2025-04-20T15:12,44089.39,36706.88,8.45,9.55,2.2,0.6,0.0,2.2,4.0,67.0,19.47,4.42,66.0,20.4,4.42,70.0,0.0,1010.6,959.8,23977.5,7.6,0.205,30.7,10192X0095/P21B
3398,110,2025-04-21,4.811397298,43.539904887,53.0,31.4,22.4,35.3,26.3,2025-04-21T02:57,2025-04-21T15:12,44104.23,39565.04,9.0,9.55,0.7,7.1,0.0,0.7,3.0,65.0,20.67,4.72,42.0,20.0,4.72,67.0,0.0,1011.4,960.6,23979.17,6.2,0.197,30.7,10192X0095/P21B
3399,111,2025-04-22,4.811397298,43.539904887,61.0,32.0,23.1,34.5,26.4,2025-04-22T02:56,2025-04-22T15:12,44119.01,42180.4,9.3,9.55,2.9,0.8,0.0,2.9,5.0,78.0,20.77,4.88,83.0,20.4,4.88,69.0,0.0,1012.0,961.2,24140.0,9.3,0.195,30.7,10192X0095/P21B
3400,112,2025-04-23,4.811397298,43.539904887,51.0,33.6,21.8,34.3,25.7,2025-04-23T02:56,2025-04-23T15:12,44133.74,41306.29,9.5,9.5,0.2,0.4,0.0,0.2,1.0,6.0,23.91,6.08,50.0,18.0,6.08,61.0,0.0,1011.7,961.0,24140.0,10.5,0.186,30.6,10192X0095/P21B
3401,113,2025-04-24,4.811397298,43.539904887,51.0,33.3,22.5,36.6,25.9,2025-04-24T02:56,2025-04-24T15:11,44148.4,43200.0,9.55,9.55,0.7,0.4,0.0,0.7,6.0,27.0,24.15,5.68,50.0,19.4,5.68,64.0,0.0,1011.6,960.9,24140.0,8.2,0.182,30.6,10192X0095/P21B
3402,114,2025-04-25,4.811397298,43.539904887,51.0,33.8,22.9,38.0,25.5,2025-04-25T02:55,2025-04-25T15:11,44162.96,43200.0,9.5,9.5,0.2,0.1,0.0,0.2,2.0,16.0,25.19,5.98,16.0,19.0,5.98,59.0,0.0,1010.6,960.1,24140.0,9.5,0.178,30.8,10192X0095/P21B
3403,115,2025-04-26,4.811397298,43.539904887,3.0,33.8,23.8,37.4,25.7,2025-04-26T02:55,2025-04-26T15:11,44177.44,43200.0,8.45,9.5,0.0,0.0,0.0,0.0,0.0,27.0,23.88,6.11,44.0,19.5,6.11,60.0,0.0,1010.1,959.6,24140.0,12.3,0.172,30.9,10192X0095/P21B
3404,116,2025-04-27,4.811397298,43.539904887,51.0,32.5,24.0,34.9,25.3,2025-04-27T02:55,2025-04-27T15:11,44191.8,35416.73,9.4,9.45,0.4,0.3,0.0,0.4,3.0,73.0,18.43,4.59,61.0,19.8,4.59,65.0,0.0,1010.6,959.9,23971.67,10.3,0.167,30.8,10192X0095/P21B
3405,117,2025-04-28,4.811397298,43.539904887,61.0,33.1,23.3,36.6,25.6,2025-04-28T02:55,2025-04-28T15:11,44206.05,36620.78,8.45,9.45,1.8,1.0,0.0,1.8,2.0,53.0,21.01,5.43,58.0,19.8,5.43,61.0,0.0,1009.1,958.6,24050.84,10.9,0.167,30.9,10192X0095/P21B
3406,118,2025-04-29,4.811397298,43.539904887,61.0,32.5,23.9,35.5,27.3,2025-04-29T02:54,2025-04-29T15:11,44220.15,27136.38,7.65,9.4,2.7,30.3,0.0,2.7,4.0,92.0,16.75,3.99,86.0,21.0,3.99,72.0,0.0,1009.1,958.4,23535.84,8.9,0.173,30.8,10192X0095/P21B
3407,119,2025-04-30,4.811397298,43.539904887,63.0,30.1,23.4,34.4,26.8,2025-04-30T02:54,2025-04-30T15:11,44234.12,38896.89,9.0,9.4,8.5,5.1,0.0,8.5,7.0,78.0,19.01,4.0,86.0,21.2,4.0,76.0,0.0,1010.5,959.6,24122.5,7.3,0.193,30.3,10192X0095/P21B
3408,120,2025-05-01,4.811397298,43.539904887,51.0,32.3,22.6,37.4,26.6,2025-05-01T02:54,2025-05-01T15:11,44247.92,43200.0,8.45,9.4,0.3,0.8,0.0,0.3,3.0,41.0,23.47,5.19,99.0,21.0,5.19,70.0,0.0,1010.2,959.5,23599.17,6.4,0.199,30.3,10192X0095/P21B
3409,121,2025-05-02,4.811397298,43.539904887,51.0,32.6,23.3,37.9,27.3,2025-05-02T02:54,2025-05-02T15:11,44261.54,40466.07,9.3,9.35,0.4,11.3,0.0,0.4,3.0,47.0,22.5,5.12,61.0,21.1,5.12,69.0,0.0,1010.1,959.5,24045.84,7.5,0.197,30.4,10192X0095/P21B
3410,122,2025-05-03,4.811397298,43.539904887,61.0,31.7,23.3,36.5,26.5,2025-05-03T02:53,2025-05-03T15:11,44274.98,35420.84,9.1,9.35,2.5,7.7,0.0,2.5,6.0,96.0,18.91,4.15,99.0,21.3,4.15,75.0,0.0,1010.8,959.9,21360.84,8.5,0.202,30.3,10192X0095/P21B
3411,123,2025-05-04,4.811397298,43.539904887,65.0,30.5,22.9,34.6,26.0,2025-05-04T02:53,2025-05-04T15:11,44288.22,36000.0,8.9,9.35,12.1,18.8,0.0,12.1,10.0,84.0,17.57,3.87,91.0,21.4,3.87,78.0,0.0,1011.3,960.3,19576.67,9.2,0.206,30.1,10192X0095/P21B
3412,124,2025-05-05,4.811397298,43.539904887,63.0,29.7,22.7,31.9,26.0,2025-05-05T02:53,2025-05-05T15:11,44301.23,19683.66,2.05,9.35,10.7,8.5,0.0,10.7,12.0,96.0,14.6,3.2,99.0,21.7,3.2,84.0,0.0,1012.6,961.4,20210.0,10.9,0.21,29.6,10192X0095/P21B
3413,125,2025-05-06,4.811397298,43.539904887,51.0,31.6,22.4,33.8,25.4,2025-05-06T02:53,2025-05-06T15:11,44314.02,43200.0,9.35,9.35,0.2,1.4,0.0,0.2,2.0,55.0,23.63,5.53,63.0,20.9,5.53,73.0,0.0,1012.6,961.6,24140.0,15.7,0.211,29.6,10192X0095/P21B
3414,126,2025-05-07,4.811397298,43.539904887,51.0,31.4,22.0,33.3,24.3,2025-05-07T02:53,2025-05-07T15:11,44326.58,43200.0,9.3,9.3,0.2,0.4,0.0,0.2,2.0,35.0,22.28,5.39,86.0,20.5,5.39,72.0,0.0,1011.9,961.0,24140.0,18.4,0.211,29.5,10192X0095/P21B
3415,127,2025-05-08,4.811397298,43.539904887,51.0,32.0,22.6,34.1,24.6,2025-05-08T02:52,2025-05-08T15:11,44339.01,42278.26,9.15,9.3,0.3,0.2,0.0,0.3,1.0,76.0,22.44,5.44,92.0,20.5,5.44,71.0,0.0,1011.4,960.5,24140.0,17.5,0.206,29.6,10192X0095/P21B
3416,128,2025-05-09,4.811397298,43.539904887,61.0,31.0,22.7,35.0,24.8,2025-05-09T02:52,2025-05-09T15:11,44351.33,24722.32,9.3,9.3,1.6,0.0,0.0,1.6,4.0,55.0,17.88,4.26,94.0,20.7,4.26,74.0,0.0,1012.1,961.1,24140.0,13.4,0.203,29.4,10192X0095/P21B
3417,129,2025-05-10,4.811397298,43.539904887,3.0,32.0,22.1,35.2,24.3,2025-05-10T02:52,2025-05-10T15:12,44363.51,43200.0,9.25,9.25,0.0,0.0,0.0,0.0,0.0,8.0,23.47,5.47,61.0,20.5,5.47,70.0,0.0,1012.6,961.7,24140.0,13.4,0.21,29.3,10192X0095/P21B
3418,130,2025-05-11,4.811397298,43.539904887,3.0,32.8,22.4,36.1,24.7,2025-05-11T02:52,2025-05-11T15:12,44375.54,43200.0,9.25,9.25,0.0,0.0,0.0,0.0,0.0,2.0,24.29,5.93,26.0,20.4,5.93,67.0,0.0,1011.7,960.9,24140.0,14.6,0.21,29.4,10192X0095/P21B
3419,131,2025-05-12,4.811397298,43.539904887,1.0,33.0,23.0,35.3,25.2,2025-05-12T02:52,2025-05-12T15:12,44387.42,43200.0,9.2,9.25,0.0,0.0,0.0,0.0,0.0,0.0,24.98,6.26,6.0,20.3,6.26,66.0,0.0,1011.6,960.9,24140.0,17.4,0.206,29.5,10192X0095/P21B
3420,132,2025-05-13,4.811397298,43.539904887,1.0,32.6,23.3,34.4,25.5,2025-05-13T02:52,2025-05-13T15:12,44399.14,43200.0,9.2,9.2,0.0,0.1,0.0,0.0,0.0,24.0,23.69,6.18,12.0,20.2,6.18,66.0,0.0,1012.1,961.4,24140.0,19.2,0.198,29.6,10192X0095/P21B
3421,133,2025-05-14,4.811397298,43.539904887,1.0,33.2,23.0,34.9,25.3,2025-05-14T02:52,2025-05-14T15:12,44410.67,43200.0,9.15,9.15,0.0,0.0,0.0,0.0,0.0,2.0,24.49,6.47,11.0,20.0,6.47,64.0,0.0,1012.0,961.3,24140.0,19.5,0.191,29.6,10192X0095/P21B
3422,134,2025-05-15,4.811397298,43.539904887,3.0,33.5,23.0,34.3,24.5,2025-05-15T02:52,2025-05-15T15:12,44422.02,43200.0,9.15,9.15,0.0,0.0,0.0,0.0,0.0,2.0,25.02,6.82,16.0,18.9,6.82,61.0,0.0,1011.3,960.6,24140.0,19.6,0.189,29.7,10192X0095/P21B
3423,135,2025-05-16,4.811397298,43.539904887,51.0,33.1,23.2,34.4,24.3,2025-05-16T02:52,2025-05-16T15:12,44433.17,43200.0,9.1,9.1,0.1,0.0,0.0,0.1,1.0,16.0,23.23,6.32,40.0,18.8,6.32,60.0,0.0,1010.9,960.3,24140.0,17.3,0.184,29.7,10192X0095/P21B
3424,136,2025-05-17,4.811397298,43.539904887,3.0,33.1,23.3,34.6,24.7,2025-05-17T02:52,2025-05-17T15:12,44444.1,43200.0,9.15,9.15,0.0,0.0,0.0,0.0,0.0,26.0,22.16,6.14,28.0,19.6,6.14,63.0,0.0,1010.8,960.2,24138.34,18.9,0.182,29.8,10192X0095/P21B
3425,137,2025-05-18,4.811397298,43.539904887,2.0,33.3,23.3,34.8,25.4,2025-05-18T02:51,2025-05-18T15:12,44454.8,43200.0,9.1,9.1,0.0,0.0,0.0,0.0,0.0,8.0,24.07,6.4,18.0,19.5,6.4,60.0,0.0,1010.1,959.6,24140.0,16.2,0.186,29.8,10192X0095/P21B
3426,138,2025-05-19,4.811397298,43.539904887,3.0,33.6,23.9,35.2,25.9,2025-05-19T02:51,2025-05-19T15:12,44465.27,43200.0,9.05,9.1,0.0,0.1,0.0,0.0,0.0,2.0,24.55,6.86,19.0,19.7,6.86,60.0,0.0,1009.3,958.9,21938.34,18.8,0.185,30.0,10192X0095/P21B
3427,139,2025-05-20,4.811397298,43.539904887,3.0,33.7,23.9,35.1,25.5,2025-05-20T02:51,2025-05-20T15:13,44475.48,34408.49,9.05,9.05,0.0,0.0,0.0,0.0,0.0,16.0,19.79,5.97,35.0,19.8,5.97,61.0,0.0,1009.5,959.0,24140.0,19.4,0.184,30.0,10192X0095/P21B
3428,140,2025-05-21,4.811397298,43.539904887,3.0,34.1,24.2,35.3,26.0,2025-05-21T02:51,2025-05-21T15:13,44485.42,42661.99,9.05,9.05,0.0,0.0,0.0,0.0,0.0,14.0,22.23,6.5,81.0,19.7,6.5,59.0,0.0,1010.4,959.9,23341.67,18.7,0.181,30.1,10192X0095/P21B
3429,141,2025-05-22,4.811397298,43.539904887,51.0,33.2,24.2,34.1,25.4,2025-05-22T02:51,2025-05-22T15:13,44495.1,41170.91,8.05,9.05,0.1,0.0,0.0,0.1,1.0,31.0,20.53,6.39,99.0,20.0,6.39,62.0,0.0,1011.6,961.0,22577.5,22.4,0.18,30.2,10192X0095/P21B
3430,142,2025-05-23,4.811397298,43.539904887,3.0,33.6,23.7,32.5,24.8,2025-05-23T02:51,2025-05-23T15:13,44504.48,43200.0,8.3,9.1,0.0,0.0,0.0,0.0,0.0,2.0,23.14,7.5,100.0,18.0,7.5,55.0,0.0,1011.4,960.8,24140.0,23.9,0.176,30.2,10192X0095/P21B
3431,143,2025-05-24,4.811397298,43.539904887,3.0,33.4,24.1,32.1,23.2,2025-05-24T02:51,2025-05-24T15:13,44513.55,39307.98,9.05,9.05,0.0,0.0,0.0,0.0,0.0,0.0,22.22,7.59,42.0,17.2,7.59,53.0,0.0,1011.1,960.5,24140.0,25.8,0.176,30.3,10192X0095/P21B
3432,144,2025-05-25,4.811397298,43.539904887,51.0,33.1,23.3,33.1,23.5,2025-05-25T02:51,2025-05-25T15:13,44522.3,40044.05,9.0,9.05,0.1,0.0,0.0,0.1,1.0,4.0,21.42,6.84,69.0,18.6,6.84,58.0,0.0,1012.7,962.0,24140.0,24.3,0.177,30.3,10192X0095/P21B
3433,145,2025-05-26,4.811397298,43.539904887,3.0,33.8,23.3,33.3,24.1,2025-05-26T02:51,2025-05-26T15:14,44530.73,43200.0,9.0,9.0,0.0,0.0,0.0,0.0,0.0,0.0,24.27,7.63,82.0,17.8,7.63,55.0,0.0,1013.3,962.6,24140.0,22.5,0.177,30.4,10192X0095/P21B
3434,146,2025-05-27,4.811397298,43.539904887,3.0,33.4,23.6,33.7,24.5,2025-05-27T02:51,2025-05-27T15:14,44538.83,43090.45,8.95,9.0,0.0,0.0,0.0,0.0,0.0,29.0,22.81,7.03,76.0,19.5,7.03,61.0,0.0,1013.5,962.8,24140.0,25.0,0.178,30.4,10192X0095/P21B
3435,147,2025-05-28,4.811397298,43.539904887,51.0,33.3,23.7,33.3,24.6,2025-05-28T02:51,2025-05-28T15:14,44546.67,43200.0,8.95,8.95,0.1,0.0,0.0,0.1,1.0,18.0,22.65,7.15,74.0,18.5,7.15,57.0,0.0,1014.4,963.6,24140.0,24.2,0.179,30.4,10192X0095/P21B
3436,148,2025-05-29,4.811397298,43.539904887,3.0,31.3,22.8,29.7,22.2,2025-05-29T02:52,2025-05-29T15:14,44554.24,43048.81,8.9,8.95,0.0,0.0,0.0,0.0,0.0,4.0,19.32,6.67,86.0,17.2,6.67,54.0,0.0,1015.0,964.1,24140.0,23.6,0.18,30.3,10192X0095/P21B
3437,149,2025-05-30,4.811397298,43.539904887,3.0,32.8,23.1,32.1,22.7,2025-05-30T02:52,2025-05-30T15:14,44561.56,41577.42,8.95,8.95,0.0,0.0,0.0,0.0,0.0,0.0,22.98,7.45,54.0,16.7,7.45,51.0,0.0,1014.0,963.3,24140.0,22.1,0.18,30.3,10192X0095/P21B
3438,150,2025-05-31,4.811397298,43.539904887,3.0,32.9,22.9,32.9,23.3,2025-05-31T02:52,2025-05-31T15:15,44568.6,41203.95,8.95,8.95,0.0,0.0,0.0,0.0,0.0,10.0,20.25,6.54,61.0,18.3,6.54,58.0,0.0,1014.1,963.3,24140.0,22.5,0.18,30.3,10192X0095/P21B
3439,151,2025-06-01,4.811397298,43.539904887,3.0,33.4,23.2,33.0,23.3,2025-06-01T02:52,2025-06-01T15:15,44575.37,40676.08,8.85,8.95,0.0,0.0,0.0,0.0,0.0,2.0,22.85,7.14,98.0,17.6,7.14,55.0,0.0,1014.7,963.9,24140.0,22.1,0.179,30.4,10192X0095/P21B
3440,152,2025-06-02,4.811397298,43.539904887,3.0,31.9,23.2,31.4,23.1,2025-06-02T02:52,2025-06-02T15:15,44581.85,36052.75,8.85,8.9,0.0,0.0,0.0,0.0,0.0,14.0,17.61,5.91,36.0,17.6,5.91,56.0,0.0,1013.5,962.7,24140.0,20.6,0.178,30.3,10192X0095/P21B
3441,153,2025-06-03,4.811397298,43.539904887,3.0,33.6,22.6,33.3,22.3,2025-06-03T02:52,2025-06-03T15:15,44588.05,39420.42,8.9,8.9,0.0,0.0,0.0,0.0,0.0,25.0,23.5,7.32,64.0,16.7,7.32,51.0,0.0,1012.7,962.0,23585.84,20.0,0.178,30.4,10192X0095/P21B
3442,154,2025-06-04,4.811397298,43.539904887,3.0,33.9,23.4,34.3,23.9,2025-06-04T02:52,2025-06-04T15:15,44593.94,43200.0,8.9,8.9,0.0,0.0,0.0,0.0,0.0,10.0,23.61,7.31,90.0,17.2,7.31,51.0,0.0,1012.5,961.9,23554.17,19.3,0.178,30.6,10192X0095/P21B
3443,155,2025-06-05,4.811397298,43.539904887,51.0,33.4,23.8,33.6,24.9,2025-06-05T02:52,2025-06-05T15:16,44599.53,43200.0,8.85,8.9,0.2,0.0,0.0,0.2,2.0,31.0,23.1,6.94,85.0,18.8,6.94,59.0,0.0,1013.7,963.0,24140.0,21.8,0.177,30.6,10192X0095/P21B
3444,156,2025-06-06,4.811397298,43.539904887,3.0,32.1,23.1,31.3,22.3,2025-06-06T02:52,2025-06-06T15:16,44604.8,41315.08,8.9,8.9,0.0,0.0,0.0,0.0,0.0,6.0,20.01,6.62,67.0,17.5,6.62,56.0,0.0,1014.6,963.7,24140.0,22.1,0.177,30.5,10192X0095/P21B
3445,157,2025-06-07,4.811397298,43.539904887,3.0,33.1,22.9,32.1,22.7,2025-06-07T02:53,2025-06-07T15:16,44609.76,43200.0,8.9,8.9,0.0,0.0,0.0,0.0,0.0,0.0,24.19,7.52,39.0,17.2,7.52,54.0,0.0,1013.9,963.1,24140.0,22.9,0.176,30.6,10192X0095/P21B
3446,158,2025-06-08,4.811397298,43.539904887,3.0,33.5,23.0,33.6,23.6,2025-06-08T02:53,2025-06-08T15:16,44614.39,43200.0,8.9,8.9,0.0,0.0,0.0,0.0,0.0,0.0,22.64,7.17,23.0,18.2,7.17,56.0,0.0,1013.2,962.6,24140.0,22.4,0.176,30.7,10192X0095/P21B
3447,159,2025-06-09,4.811397298,43.539904887,3.0,32.7,23.2,33.1,24.5,2025-06-09T02:53,2025-06-09T15:17,44618.68,43200.0,8.9,8.9,0.0,0.0,0.0,0.0,0.0,4.0,21.43,6.47,52.0,18.6,6.47,59.0,0.0,1013.2,962.5,24140.0,21.2,0.175,30.7,10192X0095/P21B
3448,160,2025-06-10,4.811397298,43.539904887,51.0,32.5,23.4,32.7,24.2,2025-06-10T02:53,2025-06-10T15:17,44622.63,37185.42,8.9,8.9,0.1,0.0,0.0,0.1,1.0,16.0,19.7,6.36,38.0,18.8,6.36,61.0,0.0,1012.3,961.6,24140.0,23.5,0.175,30.6,10192X0095/P21B
3449,161,2025-06-11,4.811397298,43.539904887,3.0,32.1,22.6,30.7,22.5,2025-06-11T02:53,2025-06-11T15:17,44626.24,34353.29,8.9,8.9,0.0,0.0,0.0,0.0,0.0,0.0,19.15,6.8,31.0,16.5,6.8,52.0,0.0,1011.9,961.1,24140.0,23.2,0.175,30.5,10192X0095/P21B
3450,162,2025-06-12,4.811397298,43.539904887,51.0,33.6,23.2,33.5,23.3,2025-06-12T02:53,2025-06-12T15:17,44629.49,42225.17,8.8,8.85,0.2,0.0,0.0,0.2,2.0,33.0,19.53,6.26,70.0,18.8,6.26,62.0,0.0,1012.0,961.1,23372.5,25.0,0.175,30.4,10192X0095/P21B
3451,163,2025-06-13,4.811397298,43.539904887,3.0,31.4,23.2,29.6,22.3,2025-06-13T02:54,2025-06-13T15:17,44632.38,35997.52,7.85,8.85,0.0,0.0,0.0,0.0,0.0,4.0,18.67,6.72,74.0,16.6,6.72,55.0,0.0,1013.7,962.7,24133.34,26.7,0.175,30.3,10192X0095/P21B
3452,164,2025-06-14,4.811397298,43.539904887,3.0,31.4,22.9,28.9,21.4,2025-06-14T02:54,2025-06-14T15:18,44634.9,36111.37,8.8,8.85,0.0,0.0,0.0,0.0,0.0,12.0,17.52,6.75,52.0,15.9,6.75,52.0,0.0,1014.2,963.2,24140.0,26.1,0.175,30.2,10192X0095/P21B
3453,165,2025-06-15,4.811397298,43.539904887,3.0,31.1,22.7,28.2,21.6,2025-06-15T02:54,2025-06-15T15:18,44637.05,28716.22,8.85,8.85,0.0,0.0,0.0,0.0,0.0,0.0,17.8,6.98,40.0,15.8,6.98,52.0,0.0,1014.0,963.1,24140.0,26.7,0.175,30.1,10192X0095/P21B
3454,166,2025-06-16,4.811397298,43.539904887,3.0,30.4,22.2,28.1,21.0,2025-06-16T02:54,2025-06-16T15:18,44638.82,28842.62,8.75,8.85,0.0,0.0,0.0,0.0,0.0,18.0,16.15,6.39,49.0,16.1,6.39,54.0,0.0,1013.6,962.6,24140.0,26.6,0.175,29.9,10192X0095/P21B
3455,167,2025-06-17,4.811397298,43.539904887,51.0,31.4,22.0,30.0,22.1,2025-06-17T02:54,2025-06-17T15:18,44640.23,31980.89,8.35,8.85,0.6,0.0,0.0,0.6,5.0,11.0,19.57,6.27,39.0,17.8,6.27,62.0,0.0,1014.1,963.0,24140.0,26.3,0.175,29.9,10192X0095/P21B
3456,168,2025-06-18,4.811397298,43.539904887,3.0,31.6,22.5,30.1,22.3,2025-06-18T02:55,2025-06-18T15:19,44641.27,38072.62,8.85,8.85,0.0,0.0,0.0,0.0,0.0,22.0,18.99,6.27,71.0,17.4,6.27,58.0,0.0,1014.0,963.0,24140.0,23.7,0.175,29.8,10192X0095/P21B
3457,169,2025-06-19,4.811397298,43.539904887,3.0,32.6,22.2,31.7,22.4,2025-06-19T02:55,2025-06-19T15:19,44641.96,39851.23,8.55,8.85,0.0,0.0,0.0,0.0,0.0,2.0,22.17,6.91,82.0,17.0,6.91,55.0,0.0,1013.8,962.9,24140.0,21.8,0.176,29.9,10192X0095/P21B
3458,170,2025-06-20,4.811397298,43.539904887,3.0,32.6,22.4,31.8,21.6,2025-06-20T02:55,2025-06-20T15:19,44642.3,42190.06,8.75,8.85,0.0,0.0,0.0,0.0,0.0,0.0,23.08,7.29,95.0,16.5,7.29,53.0,0.0,1013.3,962.5,24140.0,23.0,0.178,30.0,10192X0095/P21B
3459,171,2025-06-21,4.811397298,43.539904887,3.0,33.2,22.2,31.6,21.9,2025-06-21T02:55,2025-06-21T15:19,44642.28,43200.0,8.65,8.85,0.0,0.0,0.0,0.0,0.0,0.0,23.77,7.57,46.0,15.3,7.57,49.0,0.0,1012.8,962.1,24140.0,21.3,0.179,30.0,10192X0095/P21B
3460,172,2025-06-22,4.811397298,43.539904887,3.0,33.8,21.9,32.5,21.6,2025-06-22T02:55,2025-06-22T15:19,44641.9,37263.08,8.8,8.8,0.0,0.0,0.0,0.0,0.0,2.0,22.92,7.64,13.0,15.7,7.64,50.0,0.0,1012.7,962.0,24140.0,23.1,0.178,30.1,10192X0095/P21B
3461,173,2025-06-23,4.811397298,43.539904887,3.0,32.6,22.2,30.2,21.6,2025-06-23T02:56,2025-06-23T15:20,44641.19,43200.0,8.8,8.8,0.0,0.0,0.0,0.0,0.0,2.0,20.49,7.0,31.0,15.4,7.0,50.0,0.0,1013.3,962.5,24140.0,22.1,0.178,30.1,10192X0095/P21B
3462,174,2025-06-24,4.811397298,43.539904887,3.0,33.4,22.3,31.5,21.7,2025-06-24T02:56,2025-06-24T15:20,44640.12,42822.81,8.85,8.85,0.0,0.0,0.0,0.0,0.0,6.0,23.81,7.63,76.0,15.5,7.63,50.0,0.0,1013.2,962.4,24140.0,21.7,0.177,30.2,10192X0095/P21B
3463,175,2025-06-25,4.811397298,43.539904887,51.0,32.6,22.7,33.0,23.8,2025-06-25T02:56,2025-06-25T15:20,44638.71,41324.99,8.85,8.85,0.1,0.0,0.0,0.1,1.0,37.0,20.97,6.36,39.0,18.6,6.36,61.0,0.0,1013.1,962.3,24140.0,21.8,0.177,30.2,10192X0095/P21B
3464,176,2025-06-26,4.811397298,43.539904887,3.0,32.5,21.9,30.9,22.3,2025-06-26T02:56,2025-06-26T15:20,44636.96,37534.08,8.85,8.85,0.0,0.0,0.0,0.0,0.0,4.0,20.03,6.7,37.0,16.6,6.7,55.0,0.0,1013.1,962.3,24140.0,22.6,0.177,30.2,10192X0095/P21B
3465,177,2025-06-27,4.811397298,43.539904887,3.0,30.3,22.1,28.8,21.8,2025-06-27T02:57,2025-06-27T15:21,44634.87,24925.09,8.85,8.85,0.0,0.0,0.0,0.0,0.0,2.0,14.69,5.48,48.0,17.3,5.48,58.0,0.0,1012.9,962.0,24140.0,23.2,0.177,30.0,10192X0095/P21B
3466,178,2025-06-28,4.811397298,43.539904887,3.0,33.2,22.3,31.7,21.0,2025-06-28T02:57,2025-06-28T15:21,44632.45,39545.25,8.85,8.85,0.0,0.0,0.0,0.0,0.0,0.0,21.71,7.88,61.0,15.1,7.88,48.0,0.0,1012.5,961.8,24140.0,24.9,0.176,30.0,10192X0095/P21B
3467,179,2025-06-29,4.811397298,43.539904887,3.0,33.0,22.7,29.9,21.5,2025-06-29T02:57,2025-06-29T15:21,44629.69,28969.44,8.4,8.85,0.0,0.0,0.0,0.0,0.0,0.0,19.51,7.57,51.0,15.4,7.57,49.0,0.0,1012.6,961.8,24140.0,26.7,0.176,30.0,10192X0095/P21B
3468,180,2025-06-30,4.811397298,43.539904887,3.0,33.3,22.7,31.4,22.1,2025-06-30T02:57,2025-06-30T15:21,44626.61,32317.35,8.9,8.9,0.0,0.0,0.0,0.0,0.0,16.0,21.0,7.48,33.0,16.1,7.48,52.0,0.0,1012.8,962.1,24140.0,25.1,0.176,30.1,10192X0095/P21B
3469,181,2025-07-01,4.811397298,43.539904887,51.0,32.1,22.7,30.9,22.0,2025-07-01T02:58,2025-07-01T15:21,44623.2,43103.73,8.7,8.9,0.1,0.0,0.0,0.1,1.0,35.0,21.39,6.71,71.0,17.7,6.71,59.0,0.0,1014.0,963.0,24140.0,25.5,0.176,30.1,10192X0095/P21B
3470,182,2025-07-02,4.811397298,43.539904887,3.0,30.5,22.9,28.1,22.5,2025-07-02T02:58,2025-07-02T15:21,44619.48,21079.74,8.85,8.85,0.0,0.0,0.0,0.0,0.0,12.0,15.1,6.01,78.0,16.7,6.01,56.0,0.0,1014.5,963.4,24140.0,25.1,0.176,30.0,10192X0095/P21B
3471,183,2025-07-03,4.811397298,43.539904887,3.0,32.7,23.0,30.8,22.3,2025-07-03T02:58,2025-07-03T15:22,44615.42,34482.47,8.75,8.9,0.0,0.0,0.0,0.0,0.0,2.0,18.89,7.1,56.0,15.7,7.1,51.0,0.0,1013.9,963.0,24140.0,24.6,0.175,30.0,10192X0095/P21B
3472,184,2025-07-04,4.811397298,43.539904887,3.0,32.1,22.0,29.9,20.9,2025-07-04T02:58,2025-07-04T15:22,44611.06,31071.03,8.9,8.9,0.0,0.0,0.0,0.0,0.0,2.0,18.7,6.9,68.0,15.9,6.9,53.0,0.0,1014.1,963.1,24140.0,24.9,0.176,29.9,10192X0095/P21B
3473,185,2025-07-05,4.811397298,43.539904887,3.0,31.5,22.2,30.1,22.3,2025-07-05T02:58,2025-07-05T15:22,44606.39,30935.3,8.8,8.9,0.0,0.0,0.0,0.0,0.0,18.0,16.82,6.05,73.0,17.1,6.05,58.0,0.0,1014.0,963.0,24140.0,23.2,0.177,29.9,10192X0095/P21B
3474,186,2025-07-06,4.811397298,43.539904887,3.0,30.9,22.4,29.2,21.8,2025-07-06T02:59,2025-07-06T15:22,44601.4,30093.02,8.9,8.9,0.0,0.0,0.0,0.0,0.0,4.0,17.62,6.41,61.0,16.3,6.41,54.0,0.0,1013.7,962.8,24140.0,22.9,0.176,29.8,10192X0095/P21B
3475,187,2025-07-07,4.811397298,43.539904887,3.0,30.9,23.3,28.4,22.3,2025-07-07T02:59,2025-07-07T15:22,44596.04,22646.54,8.9,8.9,0.0,0.0,0.0,0.0,0.0,8.0,16.42,6.52,81.0,15.6,6.52,50.0,0.0,1014.0,963.0,24140.0,22.9,0.176,29.8,10192X0095/P21B
3476,188,2025-07-08,4.811397298,43.539904887,3.0,30.2,22.7,28.7,21.9,2025-07-08T02:59,2025-07-08T15:22,44590.32,22319.39,8.4,8.95,0.0,0.0,0.0,0.0,0.0,12.0,16.3,6.22,100.0,15.9,6.22,52.0,0.0,1014.9,963.9,24140.0,22.1,0.176,29.8,10192X0095/P21B
3477,189,2025-07-09,4.811397298,43.539904887,3.0,31.9,23.3,29.2,21.9,2025-07-09T02:59,2025-07-09T15:22,44584.26,36383.63,8.45,8.95,0.0,0.0,0.0,0.0,0.0,8.0,16.79,6.83,70.0,15.4,6.83,50.0,0.0,1014.4,963.4,24140.0,25.4,0.176,29.8,10192X0095/P21B
3478,190,2025-07-10,4.811397298,43.539904887,3.0,31.8,22.1,29.1,21.0,2025-07-10T02:59,2025-07-10T15:22,44577.84,37788.02,8.95,8.95,0.0,0.0,0.0,0.0,0.0,6.0,18.81,6.62,63.0,16.5,6.62,57.0,0.0,1013.6,962.6,24140.0,26.2,0.175,29.7,10192X0095/P21B
3479,191,2025-07-11,4.811397298,43.539904887,51.0,29.8,22.1,27.8,21.6,2025-07-11T02:59,2025-07-11T15:22,44571.1,36421.17,7.3,8.95,0.1,0.3,0.0,0.1,1.0,28.0,16.28,5.49,66.0,17.8,5.49,63.0,0.0,1014.1,963.0,24140.0,25.9,0.175,29.6,10192X0095/P21B
3480,192,2025-07-12,4.811397298,43.539904887,3.0,31.9,21.5,30.3,20.6,2025-07-12T03:00,2025-07-12T15:22,44564.04,30432.69,8.95,8.95,0.0,0.0,0.0,0.0,0.0,8.0,19.54,6.5,33.0,15.5,6.5,52.0,0.0,1014.3,963.3,24140.0,21.0,0.176,29.5,10192X0095/P21B
3481,193,2025-07-13,4.811397298,43.539904887,3.0,32.4,21.9,30.7,21.0,2025-07-13T03:00,2025-07-13T15:22,44556.67,38286.85,9.0,9.0,0.0,0.0,0.0,0.0,0.0,7.0,19.66,6.69,41.0,16.8,6.69,56.0,0.0,1014.9,963.9,23962.5,24.3,0.176,29.5,10192X0095/P21B
3482,194,2025-07-14,4.811397298,43.539904887,3.0,32.1,22.6,29.5,21.3,2025-07-14T03:00,2025-07-14T15:23,44549.0,33919.81,9.0,9.0,0.0,0.0,0.0,0.0,0.0,2.0,18.67,7.08,40.0,15.5,7.08,50.0,0.0,1014.9,963.9,24140.0,25.2,0.175,29.6,10192X0095/P21B
3483,195,2025-07-15,4.811397298,43.539904887,3.0,32.8,22.5,30.7,21.4,2025-07-15T03:00,2025-07-15T15:23,44541.05,38304.55,9.0,9.0,0.0,0.0,0.0,0.0,0.0,2.0,20.67,7.58,56.0,15.7,7.58,50.0,0.0,1013.4,962.6,24140.0,24.9,0.176,29.7,10192X0095/P21B
3484,196,2025-07-16,4.811397298,43.539904887,3.0,32.8,22.6,31.4,21.7,2025-07-16T03:00,2025-07-16T15:23,44532.82,36812.15,9.05,9.05,0.0,0.0,0.0,0.0,0.0,10.0,21.12,7.58,59.0,15.7,7.58,49.0,0.0,1013.3,962.5,24140.0,24.0,0.178,29.8,10192X0095/P21B
3485,197,2025-07-17,4.811397298,43.539904887,3.0,31.7,22.4,29.2,21.5,2025-07-17T03:01,2025-07-17T15:23,44524.33,24795.49,7.75,9.05,0.0,0.0,0.0,0.0,0.0,2.0,15.38,6.34,77.0,16.2,6.34,52.0,0.0,1014.1,963.2,24140.0,23.7,0.181,29.8,10192X0095/P21B
3486,198,2025-07-18,4.811397298,43.539904887,3.0,30.7,22.2,28.7,21.3,2025-07-18T03:01,2025-07-18T15:23,44515.58,39306.13,9.05,9.05,0.0,0.0,0.0,0.0,0.0,2.0,19.48,7.01,76.0,16.2,7.01,53.0,0.0,1014.9,963.8,24140.0,26.6,0.181,29.7,10192X0095/P21B
3487,199,2025-07-19,4.811397298,43.539904887,3.0,30.9,22.3,28.7,20.5,2025-07-19T03:01,2025-07-19T15:23,44506.58,22756.88,9.1,9.1,0.0,0.0,0.0,0.0,0.0,2.0,16.57,6.79,56.0,15.6,6.79,52.0,0.0,1013.7,962.7,24140.0,27.5,0.182,29.6,10192X0095/P21B
3488,200,2025-07-20,4.811397298,43.539904887,3.0,31.2,21.9,28.1,20.0,2025-07-20T03:01,2025-07-20T15:23,44497.36,34229.05,9.0,9.1,0.0,0.0,0.0,0.0,0.0,0.0,18.73,7.23,64.0,14.4,7.23,49.0,0.0,1012.0,961.1,24140.0,27.0,0.183,29.4,10192X0095/P21B
3489,201,2025-07-21,4.811397298,43.539904887,3.0,29.4,21.4,27.2,19.9,2025-07-21T03:01,2025-07-21T15:23,44487.91,26851.81,8.95,9.1,0.0,0.0,0.0,0.0,0.0,0.0,15.93,6.42,62.0,15.2,6.42,52.0,0.0,1012.1,961.1,24140.0,27.5,0.183,29.3,10192X0095/P21B
3490,202,2025-07-22,4.811397298,43.539904887,3.0,30.5,21.1,28.0,19.6,2025-07-22T03:01,2025-07-22T15:23,44478.25,30061.73,9.05,9.1,0.0,0.0,0.0,0.0,0.0,2.0,17.08,6.74,66.0,14.9,6.74,51.0,0.0,1013.7,962.7,24140.0,25.9,0.183,29.1,10192X0095/P21B
3491,203,2025-07-23,4.811397298,43.539904887,3.0,31.5,21.8,29.4,20.0,2025-07-23T03:01,2025-07-23T15:23,44468.39,31580.61,8.7,9.1,0.0,0.0,0.0,0.0,0.0,0.0,18.43,6.87,88.0,15.3,6.87,52.0,0.0,1014.0,962.9,24140.0,25.3,0.183,29.1,10192X0095/P21B
3492,204,2025-07-24,4.811397298,43.539904887,3.0,30.5,21.5,27.8,20.3,2025-07-24T03:01,2025-07-24T15:22,44458.33,33367.57,9.1,9.15,0.0,0.0,0.0,0.0,0.0,0.0,17.0,6.91,86.0,14.9,6.91,51.0,0.0,1013.5,962.5,24140.0,27.1,0.182,29.1,10192X0095/P21B
3493,205,2025-07-25,4.811397298,43.539904887,3.0,30.1,21.5,27.1,19.2,2025-07-25T03:02,2025-07-25T15:22,44448.1,29533.33,8.15,9.15,0.0,0.0,0.0,0.0,0.0,0.0,17.32,6.98,95.0,14.3,6.98,48.0,0.0,1013.6,962.5,24140.0,25.9,0.182,29.1,10192X0095/P21B
3494,206,2025-07-26,4.811397298,43.539904887,3.0,32.5,22.0,30.6,19.9,2025-07-26T03:02,2025-07-26T15:22,44437.68,34987.56,9.15,9.15,0.0,0.0,0.0,0.0,0.0,0.0,20.94,8.06,86.0,13.5,8.06,45.0,0.0,1014.1,963.1,24140.0,26.0,0.181,29.2,10192X0095/P21B
3495,207,2025-07-27,4.811397298,43.539904887,3.0,32.6,21.8,28.9,19.9,2025-07-27T03:02,2025-07-27T15:22,44426.98,31323.61,9.15,9.15,0.0,0.0,0.0,0.0,0.0,0.0,20.53,7.87,65.0,14.4,7.87,47.0,0.0,1014.7,963.8,24140.0,27.0,0.181,29.3,10192X0095/P21B
3496,208,2025-07-28,4.811397298,43.539904887,3.0,30.6,21.7,27.4,20.2,2025-07-28T03:02,2025-07-28T15:22,44416.0,31793.75,6.9,9.2,0.0,0.0,0.0,0.0,0.0,4.0,18.4,7.05,70.0,15.3,7.05,52.0,0.0,1015.5,964.4,24140.0,28.2,0.182,29.2,10192X0095/P21B
3497,209,2025-07-29,4.811397298,43.539904887,3.0,29.8,21.5,27.1,19.6,2025-07-29T03:02,2025-07-29T15:22,44404.76,22747.59,9.05,9.2,0.0,0.0,0.0,0.0,0.0,2.0,14.74,6.31,69.0,14.8,6.31,50.0,0.0,1016.0,964.8,24140.0,25.5,0.188,29.0,10192X0095/P21B
3498,210,2025-07-30,4.811397298,43.539904887,3.0,33.2,22.2,30.2,20.6,2025-07-30T03:02,2025-07-30T15:22,44393.27,35397.76,9.25,9.25,0.0,0.0,0.0,0.0,0.0,0.0,22.01,8.03,48.0,14.4,8.03,47.0,0.0,1015.9,965.0,24140.0,26.1,0.19,29.1,10192X0095/P21B
3499,211,2025-07-31,4.811397298,43.539904887,3.0,30.3,21.7,27.4,20.7,2025-07-31T03:02,2025-07-31T15:22,44381.55,31850.34,9.25,9.25,0.0,0.0,0.0,0.0,0.0,2.0,15.77,6.23,62.0,16.6,6.23,57.0,0.0,1015.1,964.0,24140.0,28.0,0.19,29.1,10192X0095/P21B
3500,212,2025-08-01,4.811397298,43.539904887,3.0,30.7,21.6,27.5,20.2,2025-08-01T03:02,2025-08-01T15:21,44369.6,27925.75,9.15,9.3,0.0,0.0,0.0,0.0,0.0,6.0,17.76,6.74,84.0,15.6,6.74,54.0,0.0,1014.4,963.3,24140.0,28.0,0.189,29.0,10192X0095/P21B
3501,213,2025-08-02,4.811397298,43.539904887,3.0,31.6,21.4,28.9,20.5,2025-08-02T03:02,2025-08-02T15:21,44357.44,28157.15,9.25,9.25,0.0,0.0,0.0,0.0,0.0,6.0,17.19,6.87,91.0,15.3,6.87,51.0,0.0,1013.6,962.7,24140.0,25.8,0.189,29.0,10192X0095/P21B
3502,214,2025-08-03,4.811397298,43.539904887,3.0,30.4,21.9,27.4,20.7,2025-08-03T03:02,2025-08-03T15:21,44345.09,27340.94,9.3,9.3,0.0,0.0,0.0,0.0,0.0,2.0,16.84,6.98,71.0,14.7,6.98,49.0,0.0,1014.0,963.0,24140.0,27.3,0.189,29.0,10192X0095/P21B
3503,215,2025-08-04,4.811397298,43.539904887,3.0,30.3,22.1,27.1,20.2,2025-08-04T03:02,2025-08-04T15:21,44332.55,36666.3,9.05,9.3,0.0,0.0,0.0,0.0,0.0,0.0,18.27,7.44,71.0,13.9,7.44,46.0,0.0,1014.2,963.2,24140.0,27.7,0.188,29.0,10192X0095/P21B
3504,216,2025-08-05,4.811397298,43.539904887,3.0,29.9,22.0,26.9,19.6,2025-08-05T03:02,2025-08-05T15:21,44319.85,22035.06,7.0,9.3,0.0,0.0,0.0,0.0,0.0,0.0,15.93,6.5,89.0,14.9,6.5,52.0,0.0,1014.1,962.9,24140.0,27.1,0.189,28.9,10192X0095/P21B
3505,217,2025-08-06,4.811397298,43.539904887,3.0,30.0,21.3,27.7,20.7,2025-08-06T03:02,2025-08-06T15:21,44306.98,35817.09,9.1,9.35,0.0,0.0,0.0,0.0,0.0,2.0,17.83,6.27,67.0,15.8,6.27,55.0,0.0,1012.8,961.8,24140.0,24.2,0.188,28.8,10192X0095/P21B
3506,218,2025-08-07,4.811397298,43.539904887,51.0,30.0,21.8,27.7,20.8,2025-08-07T03:02,2025-08-07T15:20,44293.97,33447.02,8.65,9.35,0.6,0.0,0.0,0.6,3.0,35.0,15.97,5.87,77.0,15.8,5.87,54.0,0.0,1011.5,960.5,24140.0,22.6,0.188,28.8,10192X0095/P21B
3507,219,2025-08-08,4.811397298,43.539904887,3.0,31.3,21.9,29.0,20.8,2025-08-08T03:02,2025-08-08T15:20,44280.84,31133.66,9.1,9.35,0.0,0.0,0.0,0.0,0.0,6.0,18.16,6.77,89.0,15.4,6.77,51.0,0.0,1011.8,961.0,24140.0,23.1,0.187,28.9,10192X0095/P21B
3508,220,2025-08-09,4.811397298,43.539904887,3.0,33.5,22.1,33.0,21.9,2025-08-09T03:02,2025-08-09T15:20,44267.58,38177.88,9.35,9.4,0.0,0.0,0.0,0.0,0.0,10.0,22.04,7.3,96.0,16.0,7.3,51.0,0.0,1012.6,961.9,24140.0,21.8,0.187,29.1,10192X0095/P21B
3509,221,2025-08-10,4.811397298,43.539904887,51.0,32.9,22.3,32.0,21.8,2025-08-10T03:02,2025-08-10T15:20,44254.22,42765.69,9.15,9.4,0.2,0.0,0.0,0.2,1.0,42.0,22.68,7.5,75.0,16.2,7.5,52.0,0.0,1012.5,961.8,24140.0,23.8,0.187,29.3,10192X0095/P21B
3510,222,2025-08-11,4.811397298,43.539904887,51.0,31.8,21.1,29.7,20.0,2025-08-11T03:02,2025-08-11T15:19,44240.76,32047.1,9.1,9.4,0.1,0.0,0.0,0.1,1.0,10.0,19.31,6.47,58.0,15.8,6.47,55.0,0.0,1013.2,962.1,24140.0,22.9,0.187,29.3,10192X0095/P21B
3511,223,2025-08-12,4.811397298,43.539904887,3.0,33.1,20.8,32.1,20.0,2025-08-12T03:02,2025-08-12T15:19,44227.21,42850.24,9.4,9.45,0.0,0.0,0.0,0.0,0.0,2.0,24.71,7.47,15.0,14.0,7.47,47.0,0.0,1013.3,962.4,24140.0,19.7,0.186,29.3,10192X0095/P21B
3512,224,2025-08-13,4.811397298,43.539904887,3.0,33.7,21.1,32.4,19.5,2025-08-13T03:02,2025-08-13T15:19,44213.59,42853.81,9.45,9.45,0.0,0.0,0.0,0.0,0.0,0.0,25.73,8.31,37.0,13.2,8.31,44.0,0.0,1012.7,962.0,24140.0,21.0,0.186,29.4,10192X0095/P21B
3513,225,2025-08-14,4.811397298,43.539904887,3.0,33.4,22.0,31.8,21.6,2025-08-14T03:02,2025-08-14T15:18,44199.91,42857.81,9.45,9.45,0.0,0.0,0.0,0.0,0.0,2.0,25.42,8.11,44.0,15.5,8.11,49.0,0.0,1012.5,961.8,24140.0,22.8,0.186,29.6,10192X0095/P21B
3514,226,2025-08-15,4.811397298,43.539904887,51.0,32.9,22.2,31.7,21.9,2025-08-15T03:02,2025-08-15T15:18,44186.16,42862.24,9.5,9.5,0.1,0.0,0.0,0.1,1.0,10.0,22.81,7.46,27.0,16.5,7.46,53.0,0.0,1011.8,961.1,24140.0,24.9,0.186,29.7,10192X0095/P21B
3515,227,2025-08-16,4.811397298,43.539904887,3.0,33.9,21.4,31.7,20.2,2025-08-16T03:02,2025-08-16T15:18,44172.24,42867.26,9.5,9.5,0.0,0.0,0.0,0.0,0.0,4.0,24.71,8.29,39.0,14.7,8.29,48.0,0.0,1010.8,960.1,24140.0,24.6,0.185,29.7,10192X0095/P21B
3516,228,2025-08-17,4.811397298,43.539904887,3.0,33.0,21.6,31.4,20.4,2025-08-17T03:01,2025-08-17T15:17,44158.15,39272.92,8.4,9.55,0.0,0.0,0.0,0.0,0.0,0.0,22.47,8.11,78.0,15.0,8.11,48.0,0.0,1011.0,960.4,24140.0,25.9,0.185,29.7,10192X0095/P21B
3517,229,2025-08-18,4.811397298,43.539904887,3.0,31.1,22.1,27.8,20.1,2025-08-18T03:01,2025-08-18T15:17,44143.89,33042.15,9.35,9.5,0.0,0.0,0.0,0.0,0.0,0.0,18.35,7.51,61.0,14.7,7.51,48.0,0.0,1012.5,961.7,24140.0,28.5,0.185,29.6,10192X0095/P21B
3518,230,2025-08-19,4.811397298,43.539904887,3.0,30.9,22.0,27.2,19.8,2025-08-19T03:01,2025-08-19T15:17,44129.48,28006.25,9.4,9.55,0.0,0.0,0.0,0.0,0.0,6.0,17.43,7.32,78.0,14.4,7.32,48.0,0.0,1013.0,962.1,24140.0,27.9,0.185,29.5,10192X0095/P21B
3519,231,2025-08-20,4.811397298,43.539904887,3.0,32.6,22.7,30.1,20.4,2025-08-20T03:01,2025-08-20T15:16,44114.93,28078.65,9.55,9.55,0.0,0.0,0.0,0.0,0.0,6.0,21.51,8.29,78.0,13.4,8.29,43.0,0.0,1012.0,961.3,24140.0,25.3,0.185,29.6,10192X0095/P21B
3520,232,2025-08-21,4.811397298,43.539904887,3.0,32.8,22.4,30.8,21.2,2025-08-21T03:01,2025-08-21T15:16,44100.25,26750.1,9.55,9.55,0.0,0.0,0.0,0.0,0.0,0.0,21.7,7.9,62.0,14.2,7.9,46.0,0.0,1012.1,961.3,24140.0,23.7,0.184,29.7,10192X0095/P21B
3521,233,2025-08-22,4.811397298,43.539904887,3.0,32.0,22.7,29.5,21.7,2025-08-22T03:01,2025-08-22T15:16,44085.47,15506.78,6.6,9.55,0.0,0.0,0.0,0.0,0.0,4.0,15.02,6.65,69.0,14.6,6.65,49.0,0.0,1012.2,961.3,24140.0,23.8,0.184,29.6,10192X0095/P21B
3522,234,2025-08-23,4.811397298,43.539904887,3.0,32.1,22.5,30.2,20.7,2025-08-23T03:01,2025-08-23T15:15,44070.58,29912.6,7.2,9.55,0.0,0.0,0.0,0.0,0.0,2.0,21.18,7.31,81.0,14.4,7.31,48.0,0.0,1012.4,961.5,24140.0,22.5,0.183,29.6,10192X0095/P21B
3523,235,2025-08-24,4.811397298,43.539904887,51.0,31.9,22.4,31.6,22.5,2025-08-24T03:01,2025-08-24T15:15,44055.6,36578.3,9.4,9.6,0.4,0.0,0.0,0.4,2.0,54.0,18.19,5.76,45.0,17.4,5.76,59.0,0.0,1013.1,962.2,24140.0,20.0,0.183,29.7,10192X0095/P21B
3524,236,2025-08-25,4.811397298,43.539904887,3.0,31.6,21.9,31.2,22.5,2025-08-25T03:00,2025-08-25T15:14,44040.54,42937.11,9.6,9.6,0.0,0.0,0.0,0.0,0.0,6.0,21.49,6.6,42.0,17.4,6.6,58.0,0.0,1013.7,962.8,24140.0,22.0,0.185,29.7,10192X0095/P21B
3525,237,2025-08-26,4.811397298,43.539904887,3.0,32.9,22.0,32.0,22.2,2025-08-26T03:00,2025-08-26T15:14,44025.42,42259.92,9.65,9.65,0.0,0.0,0.0,0.0,0.0,12.0,21.78,7.02,29.0,17.2,7.02,57.0,0.0,1014.4,963.4,24140.0,25.2,0.187,29.7,10192X0095/P21B
3526,238,2025-08-27,4.811397298,43.539904887,3.0,33.2,21.3,31.3,21.3,2025-08-27T03:00,2025-08-27T15:14,44010.24,39357.13,9.65,9.65,0.0,0.0,0.0,0.0,0.0,4.0,22.11,7.3,38.0,16.1,7.3,54.0,0.0,1013.8,962.9,24140.0,24.8,0.187,29.7,10192X0095/P21B
3527,239,2025-08-28,4.811397298,43.539904887,3.0,32.4,21.4,30.2,20.3,2025-08-28T03:00,2025-08-28T15:13,43995.02,35848.14,9.55,9.65,0.0,0.0,0.0,0.0,0.0,6.0,21.01,7.43,77.0,15.2,7.43,50.0,0.0,1013.8,962.9,24140.0,23.8,0.187,29.7,10192X0095/P21B
3528,240,2025-08-29,4.811397298,43.539904887,3.0,33.0,21.9,32.5,20.9,2025-08-29T03:00,2025-08-29T15:13,43979.77,42978.18,9.15,9.65,0.0,0.0,0.0,0.0,0.0,16.0,22.43,7.58,55.0,15.7,7.58,50.0,0.0,1014.0,963.1,24140.0,23.9,0.187,29.7,10192X0095/P21B
3529,241,2025-08-30,4.811397298,43.539904887,3.0,33.7,21.3,32.2,18.5,2025-08-30T03:00,2025-08-30T15:12,43964.49,40483.62,9.65,9.65,0.0,0.0,0.0,0.0,0.0,8.0,22.47,7.85,40.0,13.6,7.85,45.0,0.0,1014.3,963.3,24140.0,24.2,0.187,29.7,10192X0095/P21B
3530,242,2025-08-31,4.811397298,43.539904887,3.0,30.3,21.2,28.8,20.3,2025-08-31T02:59,2025-08-31T15:12,43949.21,32962.38,9.55,9.65,0.0,0.0,0.0,0.0,0.0,6.0,16.77,6.3,84.0,15.7,6.3,53.0,0.0,1014.5,963.5,24140.0,24.4,0.187,29.5,10192X0095/P21B
3531,243,2025-09-01,4.811397298,43.539904887,3.0,32.9,23.1,31.4,20.8,2025-09-01T02:59,2025-09-01T15:11,43933.91,39477.72,9.6,9.6,0.0,0.0,0.0,0.0,0.0,6.0,25.17,8.57,36.0,15.0,8.57,47.0,0.0,1012.9,962.2,24140.0,26.2,0.191,29.7,10192X0095/P21B
3532,244,2025-09-02,4.811397298,43.539904887,3.0,32.8,22.5,30.4,21.1,2025-09-02T02:59,2025-09-02T15:11,43918.64,43022.21,9.6,9.6,0.0,0.0,0.0,0.0,0.0,2.0,25.98,8.78,15.0,13.3,8.78,43.0,0.0,1012.3,961.5,24140.0,25.1,0.191,29.8,10192X0095/P21B
3533,245,2025-09-03,4.811397298,43.539904887,3.0,32.2,22.2,31.4,21.2,2025-09-03T02:59,2025-09-03T15:11,43903.37,39865.44,9.5,9.65,0.0,0.0,0.0,0.0,0.0,14.0,22.5,7.44,59.0,16.2,7.44,52.0,0.0,1012.8,961.9,24140.0,25.3,0.19,29.8,10192X0095/P21B
3534,246,2025-09-04,4.811397298,43.539904887,3.0,33.4,22.0,33.2,20.4,2025-09-04T02:59,2025-09-04T15:10,43888.12,38709.73,9.65,9.65,0.0,0.0,0.0,0.0,0.0,2.0,23.1,7.62,37.0,14.8,7.62,48.0,0.0,1012.0,961.2,24140.0,21.9,0.19,29.8,10192X0095/P21B
3535,247,2025-09-05,4.811397298,43.539904887,3.0,33.9,21.7,33.5,19.9,2025-09-05T02:58,2025-09-05T15:10,43872.78,40848.5,9.65,9.65,0.0,0.0,0.0,0.0,0.0,4.0,24.57,8.18,23.0,14.2,8.18,45.0,0.0,1011.9,961.2,24140.0,22.3,0.19,29.9,10192X0095/P21B
3536,248,2025-09-06,4.811397298,43.539904887,3.0,33.6,21.6,32.9,20.7,2025-09-06T02:58,2025-09-06T15:09,43857.34,43068.24,9.65,9.65,0.0,0.0,0.0,0.0,0.0,6.0,25.86,8.22,41.0,14.4,8.22,46.0,0.0,1012.6,961.9,24140.0,21.7,0.189,30.0,10192X0095/P21B
3537,249,2025-09-07,4.811397298,43.539904887,3.0,34.3,21.8,33.7,21.5,2025-09-07T02:58,2025-09-07T15:09,43841.8,43080.75,9.6,9.65,0.0,0.0,0.0,0.0,0.0,6.0,25.67,8.07,28.0,15.5,8.07,49.0,0.0,1013.3,962.6,24140.0,21.6,0.189,30.1,10192X0095/P21B
3538,250,2025-09-08,4.811397298,43.539904887,3.0,34.3,22.8,33.9,23.3,2025-09-08T02:58,2025-09-08T15:08,43826.19,43093.64,9.65,9.65,0.0,0.0,0.0,0.0,0.0,10.0,25.34,7.75,42.0,16.9,7.75,51.0,0.0,1012.4,961.8,24140.0,19.9,0.188,30.3,10192X0095/P21B
3539,251,2025-09-09,4.811397298,43.539904887,3.0,34.2,22.9,33.9,22.6,2025-09-09T02:58,2025-09-09T15:08,43810.51,43106.87,9.65,9.65,0.0,0.0,0.0,0.0,0.0,2.0,25.57,8.24,71.0,16.5,8.24,50.0,0.0,1012.4,961.8,24140.0,23.3,0.188,30.4,10192X0095/P21B
3540,252,2025-09-10,4.811397298,43.539904887,3.0,33.8,22.3,32.5,22.4,2025-09-10T02:57,2025-09-10T15:07,43794.78,43120.39,9.65,9.65,0.0,0.0,0.0,0.0,0.0,0.0,26.29,8.7,82.0,14.8,8.7,47.0,0.0,1012.9,962.2,24140.0,23.8,0.188,30.5,10192X0095/P21B
3541,253,2025-09-11,4.811397298,43.539904887,3.0,34.6,23.2,32.8,21.8,2025-09-11T02:57,2025-09-11T15:07,43778.99,43134.15,9.65,9.65,0.0,0.0,0.0,0.0,0.0,10.0,25.8,8.73,23.0,14.9,8.73,46.0,0.0,1012.7,962.0,24140.0,24.4,0.188,30.6,10192X0095/P21B
3542,254,2025-09-12,4.811397298,43.539904887,3.0,33.7,22.3,33.1,21.6,2025-09-12T02:57,2025-09-12T15:06,43763.17,43148.08,9.65,9.65,0.0,0.0,0.0,0.0,0.0,2.0,24.65,7.94,39.0,15.9,7.94,50.0,0.0,1012.6,962.0,24140.0,22.9,0.187,30.6,10192X0095/P21B
3543,255,2025-09-13,4.811397298,43.539904887,3.0,34.1,22.2,33.2,21.4,2025-09-13T02:57,2025-09-13T15:06,43747.33,40720.28,9.65,9.65,0.0,0.0,0.0,0.0,0.0,0.0,25.24,7.92,68.0,15.6,7.92,49.0,0.0,1011.7,961.2,24140.0,21.6,0.187,30.7,10192X0095/P21B
3544,256,2025-09-14,4.811397298,43.539904887,3.0,33.7,22.2,33.3,22.1,2025-09-14T02:56,2025-09-14T15:05,43731.47,43176.3,9.65,9.65,0.0,0.0,0.0,0.0,0.0,0.0,24.79,7.82,43.0,15.5,7.82,48.0,0.0,1011.3,960.8,24140.0,20.7,0.187,30.7,10192X0095/P21B
3545,257,2025-09-15,4.811397298,43.539904887,2.0,34.7,22.3,34.5,21.2,2025-09-15T02:56,2025-09-15T15:05,43715.61,43190.46,9.7,9.7,0.0,0.0,0.0,0.0,0.0,0.0,26.39,8.14,21.0,14.6,8.14,44.0,0.0,1010.5,960.0,24140.0,18.8,0.187,30.8,10192X0095/P21B
3546,258,2025-09-16,4.811397298,43.539904887,0.0,35.3,22.2,35.1,21.9,2025-09-16T02:56,2025-09-16T15:04,43699.75,43200.0,9.65,9.65,0.0,0.0,0.0,0.0,0.0,0.0,26.34,8.39,2.0,14.6,8.39,45.0,0.0,1010.6,960.1,24140.0,20.1,0.187,30.9,10192X0095/P21B
3547,259,2025-09-17,4.811397298,43.539904887,3.0,35.3,22.1,34.7,22.5,2025-09-17T02:56,2025-09-17T15:04,43683.9,43200.0,9.7,9.7,0.0,0.0,0.0,0.0,0.0,2.0,25.8,7.94,33.0,16.4,7.94,50.0,0.0,1010.9,960.4,24140.0,19.5,0.186,31.0,10192X0095/P21B
3548,260,2025-09-18,4.811397298,43.539904887,3.0,35.3,23.1,35.0,24.1,2025-09-18T02:56,2025-09-18T15:03,43668.09,43200.0,9.65,9.65,0.0,0.0,0.0,0.0,0.0,4.0,25.7,7.99,77.0,17.1,7.99,51.0,0.0,1011.4,961.0,24140.0,19.8,0.186,31.1,10192X0095/P21B
3549,261,2025-09-19,4.811397298,43.539904887,3.0,34.3,22.7,33.8,23.2,2025-09-19T02:55,2025-09-19T15:03,43652.3,43196.27,9.7,9.7,0.0,0.0,0.0,0.0,0.0,8.0,26.05,8.18,54.0,16.2,8.18,49.0,0.0,1012.4,961.8,24140.0,21.0,0.187,31.1,10192X0095/P21B
3550,262,2025-09-20,4.811397298,43.539904887,1.0,33.7,22.1,32.6,21.3,2025-09-20T02:55,2025-09-20T15:02,43636.56,43167.21,9.7,9.7,0.0,0.0,0.0,0.0,0.0,0.0,26.06,8.31,8.0,14.3,8.31,45.0,0.0,1012.7,962.0,24140.0,21.3,0.187,31.0,10192X0095/P21B
3551,263,2025-09-21,4.811397298,43.539904887,1.0,34.6,22.6,34.1,23.0,2025-09-21T02:55,2025-09-21T15:02,43620.87,43138.5,9.7,9.7,0.0,0.0,0.0,0.0,0.0,6.0,25.12,7.57,14.0,17.6,7.57,55.0,0.0,1011.9,961.3,24140.0,22.2,0.186,31.0,10192X0095/P21B
3552,264,2025-09-22,4.811397298,43.539904887,3.0,34.6,22.9,34.2,23.5,2025-09-22T02:55,2025-09-22T15:01,43605.25,42776.52,9.7,9.7,0.0,0.0,0.0,0.0,0.0,6.0,23.53,7.45,58.0,17.3,7.45,54.0,0.0,1012.7,962.0,24140.0,22.3,0.186,31.1,10192X0095/P21B
3553,265,2025-09-23,4.811397298,43.539904887,3.0,33.6,22.2,33.5,21.8,2025-09-23T02:54,2025-09-23T15:01,43589.7,43082.39,9.3,9.65,0.0,0.0,0.0,0.0,0.0,6.0,24.27,7.85,95.0,16.3,7.85,52.0,0.0,1013.9,963.1,24140.0,23.6,0.186,31.0,10192X0095/P21B
3554,266,2025-09-24,4.811397298,43.539904887,3.0,33.2,21.4,32.0,20.7,2025-09-24T02:54,2025-09-24T15:01,43574.21,43054.96,9.65,9.7,0.0,0.0,0.0,0.0,0.0,2.0,26.1,7.91,92.0,14.0,7.91,46.0,0.0,1013.6,962.7,24140.0,20.6,0.186,30.9,10192X0095/P21B
3555,267,2025-09-25,4.811397298,43.539904887,3.0,34.0,21.8,32.8,21.2,2025-09-25T02:54,2025-09-25T15:00,43558.69,43027.32,9.65,9.7,0.0,0.0,0.0,0.0,0.0,2.0,26.43,8.48,35.0,14.0,8.48,44.0,0.0,1012.1,961.5,24140.0,21.4,0.186,30.9,10192X0095/P21B
3556,268,2025-09-26,4.811397298,43.539904887,3.0,33.9,21.7,32.1,20.8,2025-09-26T02:54,2025-09-26T15:00,43543.1,42999.51,9.6,9.65,0.0,0.0,0.0,0.0,0.0,0.0,26.04,8.19,80.0,14.6,8.19,46.0,0.0,1011.8,961.2,24140.0,21.5,0.186,30.9,10192X0095/P21B
3557,269,2025-09-27,4.811397298,43.539904887,3.0,33.6,22.6,31.8,21.6,2025-09-27T02:54,2025-09-27T14:59,43527.48,42971.57,8.6,9.65,0.0,0.0,0.0,0.0,0.0,8.0,21.39,7.45,39.0,14.8,7.45,46.0,0.0,1011.7,961.1,24140.0,21.3,0.186,30.9,10192X0095/P21B
3558,270,2025-09-28,4.811397298,43.539904887,3.0,33.0,22.6,31.5,21.3,2025-09-28T02:53,2025-09-28T14:59,43511.83,39459.3,9.65,9.65,0.0,0.0,0.0,0.0,0.0,24.0,21.31,6.94,28.0,15.0,6.94,49.0,0.0,1012.7,961.9,24140.0,19.4,0.186,30.6,10192X0095/P21B
3559,271,2025-09-29,4.811397298,43.539904887,3.0,34.2,22.6,34.7,24.0,2025-09-29T02:53,2025-09-29T14:58,43496.17,42915.6,9.65,9.65,0.0,0.0,0.0,0.0,0.0,2.0,23.43,6.76,38.0,17.0,6.76,52.0,0.0,1011.4,960.8,24140.0,16.0,0.186,30.7,10192X0095/P21B
3560,272,2025-09-30,4.811397298,43.539904887,3.0,35.8,22.7,36.4,23.9,2025-09-30T02:53,2025-09-30T14:58,43480.49,42887.69,9.65,9.65,0.0,0.0,0.0,0.0,0.0,4.0,25.68,7.64,88.0,16.8,7.64,49.0,0.0,1009.9,959.6,50876.67,16.5,0.186,30.9,10192X0095/P21B
3561,273,2025-10-01,4.811397298,43.539904887,3.0,33.2,23.6,33.0,23.3,2025-10-01T02:53,2025-10-01T14:57,43464.81,27886.05,8.6,9.6,0.0,0.0,0.0,0.0,0.0,20.0,19.48,6.59,97.0,15.7,6.59,49.0,0.0,1010.6,960.0,50867.5,18.1,0.186,30.8,10192X0095/P21B
3562,274,2025-10-02,4.811397298,43.539904887,3.0,33.8,22.9,33.5,22.4,2025-10-02T02:53,2025-10-02T14:57,43449.15,42832.32,9.65,9.65,0.0,0.0,0.0,0.0,0.0,0.0,25.23,7.86,63.0,15.4,7.86,47.0,0.0,1009.9,959.4,51915.83,19.7,0.186,30.7,10192X0095/P21B
3563,275,2025-10-03,4.811397298,43.539904887,3.0,31.7,22.9,31.0,21.9,2025-10-03T02:52,2025-10-03T14:56,43433.51,28446.13,9.6,9.6,0.0,0.0,0.0,0.0,0.0,16.0,16.79,5.64,68.0,15.8,5.64,52.0,0.0,1011.9,961.1,50520.0,16.8,0.185,30.6,10192X0095/P21B
3564,276,2025-10-04,4.811397298,43.539904887,3.0,34.4,23.2,35.4,22.6,2025-10-04T02:52,2025-10-04T14:56,43417.9,32520.52,9.35,9.6,0.0,0.0,0.0,0.0,0.0,6.0,21.36,6.77,87.0,15.8,6.77,49.0,0.0,1012.5,961.9,51399.17,16.4,0.185,30.7,10192X0095/P21B
3565,277,2025-10-05,4.811397298,43.539904887,53.0,34.1,22.9,34.7,22.5,2025-10-05T02:52,2025-10-05T14:55,43402.34,39064.74,9.55,9.55,0.9,0.1,0.0,1.0,4.0,55.0,21.26,6.61,27.0,16.8,6.61,53.0,0.0,1012.1,961.4,43696.67,17.9,0.184,30.7,10192X0095/P21B
3566,278,2025-10-06,4.811397298,43.539904887,51.0,32.0,23.2,32.8,22.3,2025-10-06T02:52,2025-10-06T14:55,43386.83,30777.83,5.95,9.55,0.8,0.1,0.0,0.9,5.0,49.0,18.28,5.48,43.0,17.4,5.48,59.0,0.0,1013.0,962.0,42916.67,16.3,0.186,30.6,10192X0095/P21B
3567,279,2025-10-07,4.811397298,43.539904887,81.0,33.7,21.2,35.3,23.9,2025-10-07T02:52,2025-10-07T14:55,43371.39,32713.17,9.55,9.55,2.5,8.4,0.0,10.9,5.0,88.0,20.36,5.13,46.0,18.4,5.13,66.0,0.0,1013.4,962.3,41122.5,12.3,0.187,30.5,10192X0095/P21B
3568,280,2025-10-08,4.811397298,43.539904887,81.0,33.6,21.1,34.6,21.4,2025-10-08T02:52,2025-10-08T14:54,43356.03,32954.86,7.5,9.6,3.8,2.0,0.0,5.8,2.0,94.0,21.33,5.14,28.0,18.8,5.14,69.0,0.0,1013.6,962.4,43308.33,12.9,0.183,30.3,10192X0095/P21B
3569,281,2025-10-09,4.811397298,43.539904887,3.0,33.8,22.5,34.6,24.1,2025-10-09T02:51,2025-10-09T14:54,43340.75,42413.81,9.55,9.55,0.0,0.0,0.0,0.0,0.0,24.0,22.54,6.63,49.0,16.4,6.63,50.0,0.0,1013.6,962.9,51846.67,14.4,0.182,30.7,10192X0095/P21B
3570,282,2025-10-10,4.811397298,43.539904887,81.0,32.0,22.1,33.6,24.6,2025-10-10T02:51,2025-10-10T14:53,43325.57,20192.98,9.5,9.5,7.3,2.4,0.0,9.7,7.0,100.0,15.22,3.57,77.0,19.4,3.57,74.0,0.0,1013.5,962.2,35027.5,9.4,0.187,30.4,10192X0095/P21B
3571,283,2025-10-11,4.811397298,43.539904887,81.0,31.3,21.7,32.5,24.4,2025-10-11T02:51,2025-10-11T14:53,43310.5,34858.99,9.5,9.5,15.1,2.5,0.0,17.6,13.0,100.0,17.08,4.07,77.0,19.4,4.07,73.0,0.0,1012.4,961.3,24806.67,12.0,0.187,30.0,10192X0095/P21B
3572,284,2025-10-12,4.811397298,43.539904887,81.0,28.0,22.0,30.2,24.9,2025-10-12T02:51,2025-10-12T14:53,43295.54,32783.03,9.15,9.45,3.9,3.7,0.0,7.6,11.0,100.0,15.21,3.29,55.0,19.9,3.29,78.0,0.0,1012.4,961.1,26643.34,8.0,0.191,29.8,10192X0095/P21B
3573,285,2025-10-13,4.811397298,43.539904887,82.0,30.1,21.3,33.2,24.5,2025-10-13T02:51,2025-10-13T14:52,43280.72,36734.54,8.65,9.45,5.0,9.0,0.0,14.0,5.0,69.0,18.13,3.95,47.0,19.4,3.95,73.0,0.0,1012.5,961.3,36513.33,8.4,0.193,29.6,10192X0095/P21B
3574,286,2025-10-14,4.811397298,43.539904887,81.0,30.7,21.9,33.3,24.5,2025-10-14T02:51,2025-10-14T14:52,43266.02,34719.35,9.25,9.45,4.6,1.7,0.0,6.3,4.0,98.0,16.78,3.6,60.0,19.5,3.6,74.0,0.0,1012.3,961.1,39901.67,8.3,0.191,29.5,10192X0095/P21B
3575,287,2025-10-15,4.811397298,43.539904887,95.0,30.0,21.8,33.3,24.0,2025-10-15T02:51,2025-10-15T14:52,43251.32,42519.87,8.9,9.5,2.0,8.5,0.0,10.5,9.0,80.0,19.02,4.02,77.0,19.9,4.02,75.0,0.0,1011.5,960.3,34978.33,9.6,0.196,29.1,10192X0095/P21B
3576,288,2025-10-16,4.811397298,43.539904887,55.0,31.0,21.1,33.4,23.6,2025-10-16T02:51,2025-10-16T14:51,43236.62,21062.66,5.25,9.45,2.4,0.3,0.0,2.7,6.0,80.0,14.57,3.17,96.0,20.0,3.17,80.0,0.0,1011.8,960.4,35152.5,7.6,0.21,28.7,10192X0095/P21B
3577,289,2025-10-17,4.811397298,43.539904887,3.0,31.3,21.4,35.8,24.1,2025-10-17T02:51,2025-10-17T14:51,43221.93,33506.63,9.5,9.5,0.0,0.0,0.0,0.0,0.0,22.0,21.42,4.81,51.0,19.5,4.81,70.0,0.0,1012.5,961.4,46390.83,7.6,0.209,28.7,10192X0095/P21B
3578,290,2025-10-18,4.811397298,43.539904887,51.0,31.3,21.7,33.9,24.1,2025-10-18T02:51,2025-10-18T14:51,43207.26,41687.1,9.45,9.45,0.4,0.4,0.0,0.8,4.0,67.0,20.6,4.66,53.0,19.7,4.66,71.0,0.0,1012.9,961.8,42494.17,10.5,0.206,28.8,10192X0095/P21B
3579,291,2025-10-19,4.811397298,43.539904887,53.0,30.9,21.8,33.5,24.0,2025-10-19T02:50,2025-10-19T14:50,43192.62,30316.09,9.1,9.4,0.8,0.2,0.0,1.0,4.0,76.0,17.4,4.25,59.0,19.4,4.25,69.0,0.0,1012.4,961.4,44879.17,12.6,0.204,28.7,10192X0095/P21B
3580,292,2025-10-20,4.811397298,43.539904887,51.0,31.9,21.3,34.0,23.9,2025-10-20T02:50,2025-10-20T14:50,43178.02,42425.62,9.4,9.4,0.1,0.0,0.0,0.1,1.0,16.0,24.21,5.39,59.0,18.7,5.39,64.0,0.0,1010.8,959.9,47390.0,9.9,0.202,28.7,10192X0095/P21B
3581,293,2025-10-21,4.811397298,43.539904887,51.0,32.1,21.8,34.4,24.7,2025-10-21T02:50,2025-10-21T14:50,43163.49,34557.13,9.3,9.4,0.1,0.0,0.0,0.1,1.0,27.0,20.92,5.08,66.0,18.6,5.08,63.0,0.0,1011.3,960.5,47218.33,10.0,0.2,28.8,10192X0095/P21B
3582,294,2025-10-22,4.811397298,43.539904887,51.0,31.7,22.3,34.7,25.3,2025-10-22T02:50,2025-10-22T14:50,43149.01,42391.49,9.35,9.4,0.0,0.1,0.0,0.1,1.0,24.0,22.13,4.88,75.0,19.0,4.88,65.0,0.0,1012.9,961.9,46173.33,8.1,0.195,28.9,10192X0095/P21B
3583,295,2025-10-23,4.811397298,43.539904887,3.0,32.9,22.3,35.0,23.8,2025-10-23T02:50,2025-10-23T14:49,43134.64,41341.6,9.4,9.4,0.0,0.0,0.0,0.0,0.0,12.0,23.51,5.4,86.0,16.7,5.4,56.0,0.0,1012.3,961.5,50425.83,6.9,0.193,28.9,10192X0095/P21B
3584,296,2025-10-24,4.811397298,43.539904887,3.0,33.4,21.3,35.8,22.9,2025-10-24T02:50,2025-10-24T14:49,43120.35,42359.94,9.05,9.35,0.0,0.0,0.0,0.0,0.0,2.0,24.72,5.63,39.0,16.5,5.63,53.0,0.0,1011.9,961.2,51826.67,6.5,0.189,29.0,10192X0095/P21B
3585,297,2025-10-25,4.811397298,43.539904887,3.0,34.0,21.8,36.8,23.8,2025-10-25T02:50,2025-10-25T14:49,43106.16,42345.24,9.35,9.35,0.0,0.0,0.0,0.0,0.0,2.0,24.58,5.92,24.0,16.5,5.92,52.0,0.0,1010.3,959.7,52227.5,7.4,0.186,29.3,10192X0095/P21B
3586,298,2025-10-26,4.811397298,43.539904887,3.0,34.5,22.8,38.0,24.9,2025-10-26T02:50,2025-10-26T14:49,43092.1,42331.31,9.3,9.3,0.0,0.0,0.0,0.0,0.0,4.0,24.64,6.05,50.0,18.3,6.05,55.0,0.0,1010.1,959.6,50270.0,8.7,0.184,29.6,10192X0095/P21B
3587,299,2025-10-27,4.811397298,43.539904887,51.0,34.6,23.6,38.7,26.6,2025-10-27T02:50,2025-10-27T14:48,43078.17,42318.22,9.25,9.25,0.0,0.1,0.0,0.1,1.0,20.0,22.93,5.91,26.0,19.1,5.91,57.0,0.0,1011.0,960.5,50736.67,9.0,0.183,30.0,10192X0095/P21B
3588,300,2025-10-28,4.811397298,43.539904887,51.0,33.7,23.3,36.0,24.8,2025-10-28T02:50,2025-10-28T14:48,43064.39,42305.99,9.25,9.25,0.0,0.1,0.0,0.1,1.0,18.0,23.82,6.29,30.0,17.3,6.29,53.0,0.0,1011.2,960.7,46220.0,10.3,0.18,30.2,10192X0095/P21B
3589,301,2025-10-29,4.811397298,43.539904887,3.0,33.4,21.7,34.4,23.6,2025-10-29T02:50,2025-10-29T14:48,43050.76,42294.67,9.25,9.25,0.0,0.0,0.0,0.0,0.0,0.0,25.22,6.42,40.0,15.8,6.42,52.0,0.0,1011.5,960.7,51820.0,10.6,0.181,30.1,10192X0095/P21B
3590,302,2025-10-30,4.811397298,43.539904887,3.0,33.3,21.0,34.5,22.6,2025-10-30T02:50,2025-10-30T14:48,43037.31,42284.31,9.2,9.2,0.0,0.0,0.0,0.0,0.0,6.0,24.96,6.59,49.0,14.6,6.59,50.0,0.0,1011.9,961.1,51713.33,10.7,0.184,30.1,10192X0095/P21B
3591,303,2025-10-31,4.811397298,43.539904887,3.0,34.1,21.4,35.7,23.3,2025-10-31T02:50,2025-10-31T14:48,43024.05,42274.96,9.15,9.2,0.0,0.0,0.0,0.0,0.0,0.0,25.03,6.54,55.0,14.5,6.54,47.0,0.0,1011.9,961.2,52729.17,9.0,0.183,30.2,10192X0095/P21B
3592,304,2025-11-01,4.811397298,43.539904887,1.0,33.9,22.0,36.8,23.4,2025-11-01T02:51,2025-11-01T14:47,43010.99,42266.66,9.2,9.2,0.0,0.0,0.0,0.0,0.0,2.0,24.61,6.3,7.0,15.1,6.3,47.0,0.0,1012.5,961.9,52399.17,9.0,0.181,30.4,10192X0095/P21B
3593,305,2025-11-02,4.811397298,43.539904887,1.0,34.7,23.0,36.2,24.5,2025-11-02T02:51,2025-11-02T14:47,42998.14,42259.46,9.15,9.15,0.0,0.0,0.0,0.0,0.0,0.0,24.43,6.7,4.0,14.5,6.7,44.0,0.0,1012.8,962.2,53208.33,10.2,0.18,30.7,10192X0095/P21B
3594,306,2025-11-03,4.811397298,43.539904887,3.0,34.0,22.5,35.2,23.8,2025-11-03T02:51,2025-11-03T14:47,42985.49,42253.33,9.1,9.1,0.0,0.0,0.0,0.0,0.0,6.0,24.37,6.67,25.0,14.3,6.67,45.0,0.0,1014.0,963.3,52620.0,10.7,0.18,30.8,10192X0095/P21B
3595,307,2025-11-04,4.811397298,43.539904887,2.0,34.4,22.4,36.9,23.7,2025-11-04T02:51,2025-11-04T14:47,42972.94,42248.08,9.1,9.1,0.0,0.0,0.0,0.0,0.0,0.0,23.89,6.09,18.0,15.4,6.09,48.0,0.0,1013.4,962.7,52228.33,9.3,0.179,30.9,10192X0095/P21B
3596,308,2025-11-05,4.811397298,43.539904887,1.0,33.5,22.6,36.5,24.5,2025-11-05T02:51,2025-11-05T14:47,42960.46,42243.69,8.8,9.05,0.0,0.0,0.0,0.0,0.0,10.0,23.48,5.66,12.0,16.9,5.66,52.0,0.0,1012.5,961.9,50884.17,7.8,0.18,31.0,10192X0095/P21B
3597,309,2025-11-06,4.811397298,43.539904887,53.0,32.5,23.6,35.2,25.7,2025-11-06T02:51,2025-11-06T14:47,42948.08,42240.15,8.3,9.0,1.4,0.1,0.0,1.5,4.0,31.0,20.81,5.03,22.0,18.8,5.03,61.0,0.0,1011.4,960.7,41555.0,9.1,0.182,30.9,10192X0095/P21B
3598,310,2025-11-07,4.811397298,43.539904887,1.0,32.5,22.4,34.1,23.9,2025-11-07T02:51,2025-11-07T14:47,42935.8,42237.48,8.95,9.0,0.0,0.0,0.0,0.0,0.0,33.0,23.53,6.3,7.0,15.9,6.3,52.0,0.0,1011.4,960.7,48392.5,12.3,0.181,30.7,10192X0095/P21B
3599,311,2025-11-08,4.811397298,43.539904887,0.0,32.5,20.9,32.5,22.5,2025-11-08T02:52,2025-11-08T14:47,42923.63,42235.66,8.95,8.95,0.0,0.0,0.0,0.0,0.0,0.0,25.36,6.57,0.0,13.3,6.57,46.0,0.0,1013.1,962.2,52376.67,11.6,0.18,30.5,10192X0095/P21B
3600,312,2025-11-09,4.811397298,43.539904887,0.0,32.3,21.3,33.2,21.4,2025-11-09T02:52,2025-11-09T14:47,42911.59,42234.7,8.95,8.95,0.0,0.0,0.0,0.0,0.0,0.0,25.16,6.26,2.0,13.6,6.26,47.0,0.0,1013.5,962.5,52205.83,10.9,0.18,30.3,10192X0095/P21B
3601,313,2025-11-10,4.811397298,43.539904887,1.0,33.2,21.5,34.2,21.9,2025-11-10T02:52,2025-11-10T14:47,42899.7,42234.6,8.95,8.95,0.0,0.0,0.0,0.0,0.0,2.0,24.35,6.35,4.0,14.5,6.35,47.0,0.0,1012.6,961.8,51756.67,11.0,0.178,30.3,10192X0095/P21B
3602,314,2025-11-11,4.811397298,43.539904887,3.0,33.4,22.4,34.5,24.0,2025-11-11T02:52,2025-11-11T14:47,42887.97,42235.36,8.9,8.9,0.0,0.0,0.0,0.0,0.0,4.0,23.14,6.13,22.0,16.4,6.13,52.0,0.0,1011.8,961.1,51000.83,12.0,0.178,30.5,10192X0095/P21B
3603,315,2025-11-12,4.811397298,43.539904887,51.0,32.5,22.5,33.5,24.1,2025-11-12T02:52,2025-11-12T14:47,42876.4,42236.98,8.85,8.85,0.0,0.1,0.0,0.1,1.0,18.0,23.03,5.97,41.0,16.6,5.97,54.0,0.0,1012.5,961.7,50019.17,11.7,0.177,30.5,10192X0095/P21B
3604,316,2025-11-13,4.811397298,43.539904887,3.0,32.9,22.0,33.8,23.8,2025-11-13T02:53,2025-11-13T14:47,42865.03,42239.46,8.8,8.8,0.0,0.0,0.0,0.0,0.0,2.0,23.7,6.4,52.0,15.6,6.4,50.0,0.0,1013.0,962.2,51309.17,12.8,0.177,30.5,10192X0095/P21B
3605,317,2025-11-14,4.811397298,43.539904887,51.0,32.9,22.3,34.2,23.9,2025-11-14T02:53,2025-11-14T14:47,42853.84,42242.81,8.75,8.8,0.0,0.2,0.0,0.2,2.0,8.0,23.22,6.12,50.0,16.2,6.12,52.0,0.0,1013.1,962.3,48581.67,12.6,0.177,30.5,10192X0095/P21B
3606,318,2025-11-15,4.811397298,43.539904887,3.0,33.1,22.4,34.8,23.1,2025-11-15T02:53,2025-11-15T14:47,42842.88,42247.01,8.75,8.75,0.0,0.0,0.0,0.0,0.0,4.0,23.11,6.15,26.0,16.6,6.15,52.0,0.0,1012.4,961.7,50465.0,11.6,0.176,30.5,10192X0095/P21B
3607,319,2025-11-16,4.811397298,43.539904887,2.0,33.6,22.8,34.7,24.2,2025-11-16T02:53,2025-11-16T14:47,42832.14,42252.08,8.65,8.75,0.0,0.0,0.0,0.0,0.0,10.0,22.73,6.33,16.0,16.3,6.33,50.0,0.0,1013.6,962.9,51104.17,12.8,0.175,30.6,10192X0095/P21B
3608,320,2025-11-17,4.811397298,43.539904887,1.0,34.2,23.2,34.3,25.2,2025-11-17T02:54,2025-11-17T14:47,42821.64,42258.03,8.75,8.75,0.0,0.0,0.0,0.0,0.0,0.0,23.31,6.68,11.0,16.1,6.68,49.0,0.0,1013.5,962.8,51260.83,13.2,0.175,30.7,10192X0095/P21B
3609,321,2025-11-18,4.811397298,43.539904887,53.0,33.4,21.0,33.7,22.6,2025-11-18T02:54,2025-11-18T14:47,42811.4,39620.24,8.75,8.75,0.9,0.3,0.0,1.2,3.0,71.0,22.65,6.3,19.0,15.9,6.3,51.0,0.0,1012.0,961.3,45048.33,13.3,0.175,30.7,10192X0095/P21B
3610,322,2025-11-19,4.811397298,43.539904887,3.0,33.6,23.0,33.7,22.7,2025-11-19T02:54,2025-11-19T14:48,42801.44,42272.5,8.7,8.7,0.0,0.0,0.0,0.0,0.0,2.0,23.95,6.86,16.0,14.4,6.86,46.0,0.0,1010.8,960.2,51595.0,14.2,0.175,30.7,10192X0095/P21B
3611,323,2025-11-20,4.811397298,43.539904887,3.0,32.7,22.2,32.4,22.2,2025-11-20T02:54,2025-11-20T14:48,42791.76,42281.05,8.65,8.65,0.0,0.0,0.0,0.0,0.0,0.0,24.74,6.9,27.0,12.5,6.9,42.0,0.0,1012.7,961.9,52220.0,14.0,0.175,30.6,10192X0095/P21B
3612,324,2025-11-21,4.811397298,43.539904887,3.0,33.7,21.9,32.7,20.0,2025-11-21T02:55,2025-11-21T14:48,42782.38,42290.46,8.65,8.65,0.0,0.0,0.0,0.0,0.0,0.0,24.85,7.87,45.0,9.9,7.87,34.0,0.0,1012.8,962.0,52840.0,16.4,0.175,30.5,10192X0095/P21B
3613,325,2025-11-22,4.811397298,43.539904887,3.0,33.5,21.8,33.2,20.5,2025-11-22T02:55,2025-11-22T14:48,42773.32,42300.75,8.65,8.65,0.0,0.0,0.0,0.0,0.0,0.0,24.3,7.26,25.0,12.4,7.26,39.0,0.0,1013.6,962.8,52217.5,14.8,0.174,30.5,10192X0095/P21B
3614,326,2025-11-23,4.811397298,43.539904887,1.0,33.6,22.9,33.4,23.5,2025-11-23T02:55,2025-11-23T14:48,42764.57,42311.99,8.65,8.65,0.0,0.0,0.0,0.0,0.0,0.0,24.37,6.62,3.0,14.2,6.62,46.0,0.0,1013.5,962.8,51462.5,13.6,0.174,30.5,10192X0095/P21B
3615,327,2025-11-24,4.811397298,43.539904887,3.0,33.9,22.1,34.5,23.5,2025-11-24T02:56,2025-11-24T14:48,42756.04,42324.44,8.65,8.65,0.0,0.0,0.0,0.0,0.0,0.0,24.05,6.66,22.0,14.1,6.66,45.0,0.0,1014.0,963.2,51245.0,11.9,0.173,30.6,10192X0095/P21B
3616,328,2025-11-25,4.811397298,43.539904887,1.0,33.4,21.8,34.5,24.7,2025-11-25T02:56,2025-11-25T14:49,42747.71,42327.42,8.6,8.6,0.0,0.0,0.0,0.0,0.0,12.0,22.97,6.12,9.0,15.7,6.12,50.0,0.0,1013.6,962.8,50477.5,11.0,0.173,30.6,10192X0095/P21B
3617,329,2025-11-26,4.811397298,43.539904887,2.0,33.8,22.5,34.7,24.9,2025-11-26T02:57,2025-11-26T14:49,42739.61,42319.2,8.6,8.6,0.0,0.0,0.0,0.0,0.0,2.0,23.43,6.3,15.0,15.8,6.3,50.0,0.0,1012.7,962.0,48980.0,11.4,0.173,30.7,10192X0095/P21B
3618,330,2025-11-27,4.811397298,43.539904887,3.0,32.9,22.7,33.3,23.5,2025-11-27T02:57,2025-11-27T14:49,42731.72,42311.18,8.55,8.55,0.0,0.0,0.0,0.0,0.0,0.0,22.75,6.25,64.0,15.6,6.25,49.0,0.0,1012.4,961.7,49977.5,13.0,0.173,30.7,10192X0095/P21B
3619,331,2025-11-28,4.811397298,43.539904887,1.0,33.4,22.0,33.4,22.1,2025-11-28T02:57,2025-11-28T14:49,42724.07,42303.38,8.55,8.55,0.0,0.0,0.0,0.0,0.0,0.0,24.39,6.37,10.0,13.5,6.37,46.0,0.0,1012.5,961.7,51007.5,11.3,0.173,30.7,10192X0095/P21B
3620,332,2025-11-29,4.811397298,43.539904887,3.0,33.3,21.6,31.9,20.7,2025-11-29T02:58,2025-11-29T14:50,42716.67,42295.81,8.6,8.6,0.0,0.0,0.0,0.0,0.0,0.0,24.61,7.13,57.0,10.0,7.13,37.0,0.0,1011.5,960.7,51659.17,14.3,0.172,30.5,10192X0095/P21B
3621,333,2025-11-30,4.811397298,43.539904887,3.0,33.0,21.7,31.5,19.0,2025-11-30T02:58,2025-11-30T14:50,42709.53,42288.49,8.55,8.55,0.0,0.0,0.0,0.0,0.0,0.0,24.7,8.1,56.0,8.6,8.1,32.0,0.0,1011.6,960.9,52071.67,17.4,0.172,30.4,10192X0095/P21B
3622,334,2025-12-01,4.811397298,43.539904887,3.0,32.7,21.3,31.3,19.2,2025-12-01T02:59,2025-12-01T14:50,42702.65,42281.41,8.55,8.55,0.0,0.0,0.0,0.0,0.0,0.0,24.51,7.56,63.0,9.9,7.56,35.0,0.0,1012.0,961.2,51956.67,16.3,0.172,30.4,10192X0095/P21B
3623,335,2025-12-02,4.811397298,43.539904887,3.0,33.0,22.1,31.6,21.6,2025-12-02T02:59,2025-12-02T14:51,42696.05,42274.59,8.5,8.55,0.0,0.0,0.0,0.0,0.0,0.0,24.05,7.08,79.0,11.3,7.08,40.0,0.0,1011.7,960.9,51293.33,15.5,0.171,30.3,10192X0095/P21B
3624,336,2025-12-03,4.811397298,43.539904887,3.0,33.1,21.9,33.4,21.6,2025-12-03T03:00,2025-12-03T14:51,42689.73,42268.04,8.5,8.5,0.0,0.0,0.0,0.0,0.0,0.0,23.58,6.84,29.0,14.3,6.84,45.0,0.0,1011.1,960.4,50505.83,15.0,0.171,30.3,10192X0095/P21B
3625,337,2025-12-04,4.811397298,43.539904887,3.0,33.6,23.1,34.5,23.4,2025-12-04T03:00,2025-12-04T14:51,42683.71,38903.96,8.05,8.5,0.0,0.0,0.0,0.0,0.0,2.0,21.75,6.36,62.0,15.6,6.36,47.0,0.0,1012.1,961.5,50300.0,13.5,0.171,30.5,10192X0095/P21B
3626,338,2025-12-05,4.811397298,43.539904887,3.0,33.6,23.5,34.4,24.7,2025-12-05T03:00,2025-12-05T14:52,42678.0,36917.76,8.4,8.5,0.0,0.0,0.0,0.0,0.0,6.0,20.39,6.15,80.0,15.6,6.15,47.0,0.0,1012.7,962.1,50193.33,12.8,0.171,30.6,10192X0095/P21B
3627,339,2025-12-06,4.811397298,43.539904887,3.0,34.5,24.2,35.6,24.1,2025-12-06T03:01,2025-12-06T14:52,42672.61,38948.77,8.25,8.45,0.0,0.0,0.0,0.0,0.0,0.0,22.45,6.61,28.0,14.8,6.61,43.0,0.0,1012.4,961.9,50577.5,11.5,0.172,30.8,10192X0095/P21B
3628,340,2025-12-07,4.811397298,43.539904887,2.0,32.5,22.8,33.1,24.2,2025-12-07T03:01,2025-12-07T14:53,42667.55,42244.81,8.45,8.45,0.0,0.0,0.0,0.0,0.0,2.0,22.22,6.16,13.0,15.7,6.16,49.0,0.0,1013.0,962.2,49791.67,13.6,0.172,30.7,10192X0095/P21B
3629,341,2025-12-08,4.811397298,43.539904887,3.0,32.9,22.6,33.3,24.2,2025-12-08T03:02,2025-12-08T14:53,42662.82,42239.81,8.45,8.45,0.0,0.0,0.0,0.0,0.0,8.0,22.17,5.97,34.0,15.4,5.97,50.0,0.0,1013.2,962.4,49790.0,12.8,0.171,30.7,10192X0095/P21B
3630,342,2025-12-09,4.811397298,43.539904887,3.0,33.6,22.9,34.9,24.0,2025-12-09T03:02,2025-12-09T14:53,42658.44,42235.14,8.4,8.45,0.0,0.0,0.0,0.0,0.0,2.0,21.9,6.28,88.0,15.2,6.28,46.0,0.0,1011.9,961.4,50253.33,11.9,0.171,30.7,10192X0095/P21B
3631,343,2025-12-10,4.811397298,43.539904887,3.0,34.1,23.2,34.0,23.3,2025-12-10T03:03,2025-12-10T14:54,42654.42,42230.82,8.35,8.4,0.0,0.0,0.0,0.0,0.0,2.0,23.34,6.99,53.0,13.7,6.99,42.0,0.0,1011.9,961.4,50585.83,13.4,0.171,30.8,10192X0095/P21B
3632,344,2025-12-11,4.811397298,43.539904887,3.0,34.1,23.2,35.0,25.2,2025-12-11T03:03,2025-12-11T14:54,42650.78,42226.87,8.4,8.4,0.0,0.0,0.0,0.0,0.0,0.0,23.15,6.67,16.0,16.4,6.67,48.0,0.0,1011.0,960.6,49735.83,13.7,0.171,30.9,10192X0095/P21B
3633,345,2025-12-12,4.811397298,43.539904887,0.0,34.5,24.2,34.8,25.4,2025-12-12T03:04,2025-12-12T14:55,42647.5,42223.29,8.4,8.4,0.0,0.0,0.0,0.0,0.0,2.0,23.26,7.07,5.0,15.4,7.07,44.0,0.0,1010.5,960.2,50238.33,14.3,0.171,31.1,10192X0095/P21B
3634,346,2025-12-13,4.811397298,43.539904887,3.0,34.2,25.2,35.3,25.2,2025-12-13T03:04,2025-12-13T14:55,42644.62,35517.33,8.4,8.4,0.0,0.0,0.0,0.0,0.0,4.0,20.88,6.5,29.0,15.8,6.5,47.0,0.0,1011.0,960.6,49751.67,14.0,0.169,31.2,10192X0095/P21B
3635,347,2025-12-14,4.811397298,43.539904887,51.0,33.4,22.8,34.9,25.4,2025-12-14T03:05,2025-12-14T14:55,42642.07,42217.9,8.4,8.4,0.0,0.1,0.0,0.1,1.0,16.0,22.3,5.99,10.0,16.3,5.99,51.0,0.0,1011.3,960.7,48223.33,10.5,0.171,31.2,10192X0095/P21B
3636,348,2025-12-15,4.811397298,43.539904887,3.0,33.9,22.6,34.8,23.7,2025-12-15T03:05,2025-12-15T14:56,42639.86,42215.84,8.4,8.4,0.0,0.0,0.0,0.0,0.0,0.0,23.63,6.82,48.0,13.6,6.82,42.0,0.0,1009.7,959.2,50211.67,12.0,0.17,31.2,10192X0095/P21B
3637,349,2025-12-16,4.811397298,43.539904887,3.0,34.4,22.7,34.6,24.0,2025-12-16T03:06,2025-12-16T14:56,42637.99,42214.1,8.4,8.4,0.0,0.0,0.0,0.0,0.0,0.0,23.08,6.82,41.0,14.5,6.82,44.0,0.0,1009.0,958.6,49855.0,13.5,0.17,31.2,10192X0095/P21B
3638,350,2025-12-17,4.811397298,43.539904887,3.0,34.5,23.1,34.8,24.4,2025-12-17T03:06,2025-12-17T14:57,42636.45,42212.67,8.4,8.4,0.0,0.0,0.0,0.0,0.0,0.0,22.4,6.96,46.0,16.1,6.96,47.0,0.0,1010.0,959.7,49594.17,15.6,0.17,31.3,10192X0095/P21B
3639,351,2025-12-18,4.811397298,43.539904887,3.0,34.4,24.1,34.4,24.3,2025-12-18T03:07,2025-12-18T14:57,42635.25,42211.56,8.15,8.35,0.0,0.0,0.0,0.0,0.0,0.0,22.92,7.23,49.0,15.5,7.23,45.0,0.0,1011.6,961.1,49527.5,16.7,0.17,31.4,10192X0095/P21B
3640,352,2025-12-19,4.811397298,43.539904887,3.0,34.5,23.8,35.0,25.6,2025-12-19T03:07,2025-12-19T14:58,42634.39,42210.78,8.4,8.4,0.0,0.0,0.0,0.0,0.0,4.0,22.2,6.59,32.0,16.7,6.59,49.0,0.0,1011.1,960.7,48973.33,14.1,0.17,31.4,10192X0095/P21B
3641,353,2025-12-20,4.811397298,43.539904887,3.0,33.4,23.7,34.0,25.3,2025-12-20T03:08,2025-12-20T14:58,42633.87,42210.31,8.4,8.4,0.0,0.0,0.0,0.0,0.0,2.0,21.8,6.6,32.0,17.0,6.6,51.0,0.0,1009.8,959.3,47165.0,15.8,0.17,31.4,10192X0095/P21B
3642,354,2025-12-21,4.811397298,43.539904887,3.0,32.0,23.5,32.8,23.5,2025-12-21T03:08,2025-12-21T14:59,42633.68,41805.67,8.4,8.4,0.0,0.0,0.0,0.0,0.0,10.0,19.48,6.06,17.0,16.3,6.06,51.0,0.0,1010.4,959.7,47031.67,17.1,0.169,31.1,10192X0095/P21B
3643,355,2025-12-22,4.811397298,43.539904887,1.0,33.4,23.1,32.2,23.4,2025-12-22T03:09,2025-12-22T14:59,42633.83,42210.32,8.45,8.45,0.0,0.0,0.0,0.0,0.0,0.0,23.81,7.45,9.0,13.7,7.45,43.0,0.0,1010.3,959.7,49309.17,17.8,0.169,31.1,10192X0095/P21B
3644,356,2025-12-23,4.811397298,43.539904887,3.0,33.2,23.3,32.3,22.1,2025-12-23T03:09,2025-12-23T15:00,42634.31,42210.8,8.45,8.45,0.0,0.0,0.0,0.0,0.0,0.0,23.73,7.54,36.0,12.5,7.54,40.0,0.0,1010.8,960.2,49657.5,17.5,0.169,31.1,10192X0095/P21B
3645,357,2025-12-24,4.811397298,43.539904887,3.0,33.0,23.0,32.6,21.6,2025-12-24T03:10,2025-12-24T15:00,42635.14,42211.61,8.45,8.45,0.0,0.0,0.0,0.0,0.0,0.0,23.96,7.3,58.0,12.3,7.3,39.0,0.0,1011.1,960.4,49558.33,15.5,0.169,31.0,10192X0095/P21B
3646,358,2025-12-25,4.811397298,43.539904887,3.0,33.3,22.6,33.8,22.0,2025-12-25T03:10,2025-12-25T15:01,42636.3,42212.74,8.45,8.45,0.0,0.0,0.0,0.0,0.0,0.0,23.84,6.95,61.0,14.0,6.95,44.0,0.0,1010.9,960.3,48938.33,14.9,0.169,31.0,10192X0095/P21B
3647,359,2025-12-26,4.811397298,43.539904887,3.0,33.4,22.5,34.0,22.3,2025-12-26T03:11,2025-12-26T15:01,42637.78,42214.17,8.45,8.45,0.0,0.0,0.0,0.0,0.0,0.0,23.97,6.89,21.0,13.8,6.89,43.0,0.0,1010.1,959.5,48863.33,14.5,0.169,31.0,10192X0095/P21B
3648,360,2025-12-27,4.811397298,43.539904887,3.0,34.1,22.0,34.4,22.3,2025-12-27T03:11,2025-12-27T15:02,42639.61,42215.92,8.5,8.5,0.0,0.0,0.0,0.0,0.0,0.0,24.01,7.21,38.0,14.0,7.21,43.0,0.0,1009.1,958.7,48842.5,15.8,0.172,31.0,10192X0095/P21B
3649,361,2025-12-28,4.811397298,43.539904887,3.0,33.6,22.2,34.3,21.9,2025-12-28T03:12,2025-12-28T15:02,42641.77,42217.99,8.5,8.5,0.0,0.0,0.0,0.0,0.0,0.0,24.04,6.82,20.0,15.0,6.82,47.0,0.0,1009.5,958.9,48200.83,15.4,0.171,31.0,10192X0095/P21B
3650,362,2025-12-29,4.811397298,43.539904887,3.0,34.5,22.7,36.3,23.4,2025-12-29T03:12,2025-12-29T15:03,42644.26,42220.37,8.5,8.5,0.0,0.0,0.0,0.0,0.0,0.0,23.38,6.58,17.0,14.7,6.58,44.0,0.0,1011.8,961.3,48456.67,11.1,0.175,31.2,10192X0095/P21B
3651,363,2025-12-30,4.811397298,43.539904887,3.0,34.8,22.4,35.6,24.1,2025-12-30T03:13,2025-12-30T15:03,42647.08,42199.09,8.35,8.45,0.0,0.0,0.0,0.0,0.0,2.0,23.43,6.76,22.0,14.7,6.76,44.0,0.0,1012.3,961.7,48323.33,11.5,0.175,31.3,10192X0095/P21B
3652,364,2025-12-31,4.811397298,43.539904887,3.0,33.4,23.2,33.2,24.9,2025-12-31T03:13,2025-12-31T15:04,42650.23,42172.68,8.5,8.5,0.0,0.0,0.0,0.0,0.0,8.0,22.27,6.72,25.0,15.7,6.72,48.0,0.0,1012.7,962.0,47845.0,14.3,0.174,31.3,10192X0095/P21B
3653,0,2025-01-01,4.811397298,43.539904887,0.0,32.5,22.3,30.9,21.3,2025-01-01T03:14,2025-01-01T15:05,42655.17,42140.1,8.45,8.45,0.0,0.0,0.0,0.0,0.0,0.0,24.26,7.36,1.0,11.8,7.36,40.0,0.0,1012.0,961.2,24140.0,16.4,0.206,29.8,10192X0095/P21B
3654,1,2025-01-02,4.811397298,43.539904887,0.0,33.5,22.6,32.5,21.3,2025-01-02T03:14,2025-01-02T15:05,42659.12,42113.58,8.5,8.5,0.0,0.0,0.0,0.0,0.0,0.0,24.24,7.86,0.0,12.2,7.86,39.0,0.0,1011.9,961.2,24140.0,18.3,0.206,29.8,10192X0095/P21B
3655,2,2025-01-03,4.811397298,43.539904887,3.0,33.1,22.8,32.2,21.9,2025-01-03T03:14,2025-01-03T15:06,42663.39,42087.85,8.5,8.5,0.0,0.0,0.0,0.0,0.0,0.0,24.13,8.07,45.0,11.6,8.07,40.0,0.0,1012.5,961.8,24140.0,20.1,0.205,29.9,10192X0095/P21B
3656,3,2025-01-04,4.811397298,43.539904887,3.0,32.3,22.4,30.9,20.7,2025-01-04T03:15,2025-01-04T15:06,42667.95,42063.02,8.5,8.5,0.0,0.0,0.0,0.0,0.0,0.0,24.23,8.34,42.0,10.6,8.34,37.0,0.0,1013.1,962.3,24140.0,21.1,0.205,29.9,10192X0095/P21B
3657,4,2025-01-05,4.811397298,43.539904887,0.0,31.7,20.9,29.7,18.0,2025-01-05T03:15,2025-01-05T15:07,42672.82,42039.15,8.55,8.55,0.0,0.0,0.0,0.0,0.0,0.0,24.87,8.28,0.0,8.9,8.28,34.0,0.0,1012.8,961.8,24140.0,20.8,0.205,29.8,10192X0095/P21B
3658,5,2025-01-06,4.811397298,43.539904887,3.0,31.3,20.2,28.6,17.4,2025-01-06T03:16,2025-01-06T15:07,42677.99,42016.37,8.55,8.55,0.0,0.0,0.0,0.0,0.0,0.0,25.12,7.51,42.0,8.2,7.51,36.0,0.0,1013.1,961.9,24140.0,17.9,0.205,29.6,10192X0095/P21B
3659,6,2025-01-07,4.811397298,43.539904887,2.0,32.4,20.5,32.5,20.8,2025-01-07T03:16,2025-01-07T15:07,42683.46,41994.72,8.55,8.55,0.0,0.0,0.0,0.0,0.0,0.0,24.58,6.55,5.0,12.4,6.55,45.0,0.0,1012.7,961.7,24140.0,12.8,0.204,29.6,10192X0095/P21B
3660,7,2025-01-08,4.811397298,43.539904887,0.0,33.2,21.4,33.9,21.8,2025-01-08T03:16,2025-01-08T15:08,42689.3,41973.74,8.6,8.6,0.0,0.0,0.0,0.0,0.0,0.0,24.15,6.68,1.0,13.2,6.68,43.0,0.0,1011.1,960.4,24140.0,12.0,0.204,29.7,10192X0095/P21B
3661,8,2025-01-09,4.811397298,43.539904887,3.0,33.6,22.0,33.6,21.7,2025-01-09T03:17,2025-01-09T15:08,42695.51,41953.18,8.55,8.6,0.0,0.0,0.0,0.0,0.0,0.0,24.04,6.94,52.0,13.8,6.94,45.0,0.0,1011.0,960.3,47794.17,15.1,0.204,29.9,10192X0095/P21B
3662,9,2025-01-10,4.811397298,43.539904887,3.0,32.8,21.7,32.1,20.8,2025-01-10T03:17,2025-01-10T15:09,42702.07,41921.63,8.45,8.6,0.0,0.0,0.0,0.0,0.0,0.0,24.07,7.14,72.0,12.8,7.14,43.0,0.0,1012.3,961.4,47615.83,16.6,0.204,29.9,10192X0095/P21B
3663,10,2025-01-11,4.811397298,43.539904887,3.0,32.3,21.8,31.7,20.8,2025-01-11T03:17,2025-01-11T15:09,42708.98,41678.54,8.3,8.6,0.0,0.0,0.0,0.0,0.0,0.0,24.22,7.03,81.0,12.7,7.03,43.0,0.0,1012.2,961.4,47335.83,16.2,0.203,29.9,10192X0095/P21B
3664,11,2025-01-12,4.811397298,43.539904887,3.0,32.6,21.7,30.9,20.1,2025-01-12T03:18,2025-01-12T15:10,42716.2,41894.33,8.65,8.65,0.0,0.0,0.0,0.0,0.0,0.0,24.62,7.32,46.0,10.8,7.32,38.0,0.0,1011.5,960.7,47475.0,16.4,0.203,29.8,10192X0095/P21B
3665,12,2025-01-13,4.811397298,43.539904887,3.0,32.3,20.8,30.3,18.1,2025-01-13T03:18,2025-01-13T15:10,42723.76,41875.8,8.7,8.7,0.0,0.0,0.0,0.0,0.0,0.0,24.99,8.46,12.0,9.1,8.46,34.0,0.0,1011.1,960.3,47045.83,21.2,0.203,29.7,10192X0095/P21B
3666,13,2025-01-14,4.811397298,43.539904887,3.0,32.6,21.8,30.1,19.1,2025-01-14T03:18,2025-01-14T15:11,42731.61,41857.87,8.75,8.75,0.0,0.0,0.0,0.0,0.0,0.0,24.88,8.7,88.0,10.4,8.7,36.0,0.0,1011.2,960.5,46760.83,22.7,0.203,29.7,10192X0095/P21B
3667,14,2025-01-15,4.811397298,43.539904887,3.0,32.1,21.4,29.5,19.5,2025-01-15T03:19,2025-01-15T15:11,42739.75,41698.6,8.75,8.75,0.0,0.0,0.0,0.0,0.0,0.0,24.83,8.22,57.0,9.7,8.22,36.0,0.0,1013.0,962.1,46086.67,21.1,0.202,29.7,10192X0095/P21B
3668,15,2025-01-16,4.811397298,43.539904887,1.0,32.6,21.8,30.2,18.4,2025-01-16T03:19,2025-01-16T15:11,42748.17,41702.52,8.75,8.75,0.0,0.0,0.0,0.0,0.0,0.0,24.81,8.32,3.0,8.3,8.32,32.0,0.0,1012.8,962.0,24355.0,19.0,0.202,29.7,10192X0095/P21B
3669,16,2025-01-17,4.811397298,43.539904887,3.0,32.7,21.7,31.2,18.8,2025-01-17T03:19,2025-01-17T15:12,42756.85,41706.04,8.75,8.75,0.0,0.0,0.0,0.0,0.0,0.0,24.89,7.58,73.0,9.0,7.58,34.0,0.0,1011.7,960.8,24140.0,15.9,0.202,29.7,10192X0095/P21B
3670,17,2025-01-18,4.811397298,43.539904887,3.0,32.6,21.4,32.1,18.6,2025-01-18T03:19,2025-01-18T15:12,42765.79,41709.09,8.8,8.8,0.0,0.0,0.0,0.0,0.0,0.0,25.27,7.25,33.0,10.1,7.25,37.0,0.0,1010.9,960.0,24140.0,14.2,0.202,29.7,10192X0095/P21B
3671,18,2025-01-19,4.811397298,43.539904887,3.0,32.7,20.8,31.8,18.8,2025-01-19T03:20,2025-01-19T15:13,42774.97,41711.65,8.85,8.85,0.0,0.0,0.0,0.0,0.0,0.0,25.1,7.24,54.0,9.8,7.24,36.0,0.0,1010.5,959.7,24140.0,14.1,0.201,29.6,10192X0095/P21B
3672,19,2025-01-20,4.811397298,43.539904887,3.0,32.7,20.3,31.2,18.1,2025-01-20T03:20,2025-01-20T15:13,42784.37,41713.74,8.85,8.85,0.0,0.0,0.0,0.0,0.0,0.0,25.37,7.81,45.0,9.4,7.81,35.0,0.0,1011.0,960.1,24140.0,17.0,0.201,29.6,10192X0095/P21B
3673,20,2025-01-21,4.811397298,43.539904887,3.0,33.6,21.1,32.5,20.3,2025-01-21T03:20,2025-01-21T15:13,42793.99,41469.83,8.9,8.9,0.0,0.0,0.0,0.0,0.0,0.0,25.2,7.55,21.0,12.7,7.55,42.0,0.0,1010.8,960.1,24140.0,16.2,0.201,29.7,10192X0095/P21B
3674,21,2025-01-22,4.811397298,43.539904887,3.0,33.3,21.8,32.7,22.1,2025-01-22T03:20,2025-01-22T15:14,42803.82,41226.18,8.2,8.9,0.0,0.0,0.0,0.0,0.0,0.0,24.4,7.71,86.0,12.4,7.71,41.0,0.0,1011.6,960.9,24140.0,17.1,0.201,29.8,10192X0095/P21B
3675,22,2025-01-23,4.811397298,43.539904887,3.0,34.1,23.1,30.9,21.9,2025-01-23T03:20,2025-01-23T15:14,42813.83,40982.76,8.95,8.95,0.0,0.0,0.0,0.0,0.0,0.0,24.91,8.78,39.0,9.1,8.78,34.0,0.0,1010.7,960.1,24140.0,20.2,0.201,29.9,10192X0095/P21B
3676,23,2025-01-24,4.811397298,43.539904887,2.0,33.4,21.5,31.7,19.9,2025-01-24T03:21,2025-01-24T15:14,42824.03,41472.78,9.0,9.0,0.0,0.0,0.0,0.0,0.0,0.0,25.48,7.9,9.0,10.4,7.9,38.0,0.0,1010.3,959.6,24140.0,18.5,0.2,29.9,10192X0095/P21B
3677,24,2025-01-25,4.811397298,43.539904887,3.0,33.4,20.8,32.5,19.5,2025-01-25T03:21,2025-01-25T15:15,42834.4,41472.72,9.0,9.05,0.0,0.0,0.0,0.0,0.0,0.0,25.39,7.62,31.0,11.0,7.62,39.0,0.0,1009.9,959.2,24140.0,16.5,0.2,29.9,10192X0095/P21B
3678,25,2025-01-26,4.811397298,43.539904887,3.0,33.4,21.4,32.7,20.6,2025-01-26T03:21,2025-01-26T15:15,42844.92,40497.42,9.05,9.05,0.0,0.0,0.0,0.0,0.0,0.0,25.14,7.27,42.0,11.8,7.27,41.0,0.0,1010.5,959.8,24140.0,15.0,0.2,29.9,10192X0095/P21B
3679,26,2025-01-27,4.811397298,43.539904887,3.0,33.6,21.5,33.2,21.8,2025-01-27T03:21,2025-01-27T15:15,42855.6,41227.68,9.1,9.1,0.0,0.0,0.0,0.0,0.0,0.0,25.11,7.11,21.0,13.7,7.11,45.0,0.0,1010.2,959.5,24140.0,14.7,0.2,30.0,10192X0095/P21B
3680,27,2025-01-28,4.811397298,43.539904887,3.0,34.4,22.1,34.6,21.9,2025-01-28T03:21,2025-01-28T15:16,42866.57,41226.35,8.75,9.15,0.0,0.0,0.0,0.0,0.0,0.0,25.27,7.19,37.0,13.7,7.19,43.0,0.0,1010.0,959.4,24140.0,14.2,0.2,30.1,10192X0095/P21B
3681,28,2025-01-29,4.811397298,43.539904887,3.0,34.3,21.9,33.5,21.5,2025-01-29T03:21,2025-01-29T15:16,42877.82,41224.47,9.15,9.15,0.0,0.0,0.0,0.0,0.0,0.0,25.47,7.79,6.0,12.7,7.79,41.0,0.0,1010.7,960.2,24140.0,16.8,0.199,30.2,10192X0095/P21B
3682,29,2025-01-30,4.811397298,43.539904887,0.0,33.6,22.3,33.9,21.5,2025-01-30T03:21,2025-01-30T15:16,42889.33,41222.11,9.15,9.15,0.0,0.0,0.0,0.0,0.0,0.0,25.45,7.29,1.0,13.3,7.29,42.0,0.0,1010.9,960.3,24140.0,14.5,0.199,30.3,10192X0095/P21B
3683,30,2025-01-31,4.811397298,43.539904887,0.0,34.1,22.3,33.5,21.8,2025-01-31T03:21,2025-01-31T15:16,42901.1,41219.24,9.2,9.2,0.0,0.0,0.0,0.0,0.0,2.0,25.45,8.19,0.0,11.4,8.19,38.0,0.0,1010.4,959.8,24140.0,17.2,0.199,30.3,10192X0095/P21B
3684,31,2025-02-01,4.811397298,43.539904887,3.0,34.0,22.0,31.4,19.4,2025-02-01T03:21,2025-02-01T15:17,42913.1,41215.91,9.2,9.2,0.0,0.0,0.0,0.0,0.0,0.0,25.87,8.95,26.0,7.4,8.95,29.0,0.0,1010.5,959.9,24140.0,19.5,0.199,30.3,10192X0095/P21B
3685,32,2025-02-02,4.811397298,43.539904887,3.0,33.3,21.4,31.4,18.8,2025-02-02T03:21,2025-02-02T15:17,42925.33,41212.11,8.8,9.25,0.0,0.0,0.0,0.0,0.0,0.0,25.82,8.4,40.0,9.9,8.4,34.0,0.0,1010.2,959.6,24140.0,19.2,0.198,30.2,10192X0095/P21B
3686,33,2025-02-03,4.811397298,43.539904887,3.0,32.6,21.1,30.5,18.6,2025-02-03T03:21,2025-02-03T15:17,42937.76,41207.91,9.25,9.25,0.0,0.0,0.0,0.0,0.0,0.0,25.91,9.0,61.0,7.4,9.0,32.0,0.0,1010.7,960.0,24140.0,21.3,0.198,30.2,10192X0095/P21B
3687,34,2025-02-04,4.811397298,43.539904887,3.0,31.7,21.1,28.8,17.1,2025-02-04T03:21,2025-02-04T15:17,42950.38,41203.26,9.25,9.25,0.0,0.0,0.0,0.0,0.0,0.0,26.39,8.38,48.0,8.6,8.38,34.0,0.0,1012.1,961.1,24140.0,19.8,0.198,30.1,10192X0095/P21B
3688,35,2025-02-05,4.811397298,43.539904887,3.0,32.9,22.2,32.4,21.1,2025-02-05T03:21,2025-02-05T15:17,42963.19,41198.22,9.25,9.25,0.0,0.0,0.0,0.0,0.0,0.0,25.7,7.55,48.0,12.5,7.55,41.0,0.0,1010.7,960.0,24140.0,16.3,0.198,30.1,10192X0095/P21B
3689,36,2025-02-06,4.811397298,43.539904887,3.0,34.1,22.5,33.5,21.1,2025-02-06T03:21,2025-02-06T15:18,42976.15,41192.81,9.25,9.3,0.0,0.0,0.0,0.0,0.0,0.0,25.97,7.75,69.0,12.8,7.75,40.0,0.0,1009.3,958.8,24140.0,16.0,0.198,30.2,10192X0095/P21B
3690,37,2025-02-07,4.811397298,43.539904887,3.0,35.5,22.3,35.5,22.4,2025-02-07T03:21,2025-02-07T15:18,42989.27,41187.04,9.3,9.3,0.0,0.0,0.0,0.0,0.0,0.0,26.01,7.79,37.0,12.9,7.79,40.0,0.0,1009.8,959.4,24140.0,14.5,0.198,30.5,10192X0095/P21B
3691,38,2025-02-08,4.811397298,43.539904887,3.0,35.4,22.4,36.1,24.0,2025-02-08T03:21,2025-02-08T15:18,43002.51,41180.92,9.3,9.3,0.0,0.0,0.0,0.0,0.0,12.0,23.93,6.65,34.0,14.4,6.65,43.0,0.0,1010.0,959.6,24140.0,9.5,0.197,30.8,10192X0095/P21B
3692,39,2025-02-09,4.811397298,43.539904887,3.0,35.9,23.2,36.7,23.9,2025-02-09T03:21,2025-02-09T15:18,43015.89,41174.49,9.35,9.35,0.0,0.0,0.0,0.0,0.0,0.0,25.26,7.47,82.0,14.7,7.47,43.0,0.0,1009.3,959.0,24140.0,13.1,0.197,31.0,10192X0095/P21B
3693,40,2025-02-10,4.811397298,43.539904887,3.0,35.5,23.1,35.8,24.0,2025-02-10T03:21,2025-02-10T15:18,43029.36,40929.63,9.4,9.4,0.0,0.0,0.0,0.0,0.0,0.0,25.97,7.94,48.0,15.1,7.94,44.0,0.0,1008.9,958.6,24140.0,16.6,0.197,31.1,10192X0095/P21B
3694,41,2025-02-11,4.811397298,43.539904887,3.0,36.3,23.9,35.8,23.9,2025-02-11T03:21,2025-02-11T15:18,43042.94,41160.68,9.4,9.4,0.0,0.0,0.0,0.0,0.0,20.0,24.17,7.9,42.0,17.3,7.9,51.0,0.0,1009.8,959.4,23750.0,22.3,0.197,31.1,10192X0095/P21B
3695,42,2025-02-12,4.811397298,43.539904887,3.0,34.2,23.6,31.5,23.4,2025-02-12T03:21,2025-02-12T15:18,43056.59,41153.34,9.4,9.4,0.0,0.0,0.0,0.0,0.0,0.0,26.47,8.15,84.0,12.5,8.15,41.0,0.0,1011.6,961.1,24140.0,18.3,0.197,31.1,10192X0095/P21B
3696,43,2025-02-13,4.811397298,43.539904887,3.0,35.2,23.5,34.6,21.8,2025-02-13T03:21,2025-02-13T15:18,43070.31,41382.81,9.45,9.45,0.0,0.0,0.0,0.0,0.0,0.0,26.36,8.47,65.0,12.5,8.47,37.0,0.0,1011.4,960.9,24140.0,17.2,0.196,31.1,10192X0095/P21B
3697,44,2025-02-14,4.811397298,43.539904887,3.0,34.7,22.9,35.3,21.9,2025-02-14T03:20,2025-02-14T15:19,43084.08,41374.61,9.4,9.5,0.0,0.0,0.0,0.0,0.0,0.0,25.61,7.59,88.0,14.6,7.59,43.0,0.0,1011.2,960.8,24140.0,15.4,0.196,31.2,10192X0095/P21B
3698,45,2025-02-15,4.811397298,43.539904887,3.0,34.9,23.4,35.3,23.7,2025-02-15T03:20,2025-02-15T15:19,43097.9,41129.8,9.5,9.5,0.0,0.0,0.0,0.0,0.0,0.0,26.09,7.65,94.0,14.3,7.65,43.0,0.0,1010.8,960.4,24140.0,14.8,0.196,31.3,10192X0095/P21B
3699,46,2025-02-16,4.811397298,43.539904887,3.0,35.4,22.6,35.3,22.8,2025-02-16T03:20,2025-02-16T15:19,43111.77,41121.49,9.15,9.5,0.0,0.0,0.0,0.0,0.0,0.0,26.59,8.27,57.0,13.2,8.27,39.0,0.0,1009.7,959.3,24140.0,16.0,0.199,31.3,10192X0095/P21B
3700,47,2025-02-17,4.811397298,43.539904887,2.0,34.4,22.0,32.7,21.2,2025-02-17T03:20,2025-02-17T15:19,43125.81,41584.39,9.55,9.55,0.0,0.0,0.0,0.0,0.0,0.0,27.15,8.53,11.0,10.8,8.53,36.0,0.0,1010.7,960.1,24140.0,18.1,0.199,31.3,10192X0095/P21B
3701,48,2025-02-18,4.811397298,43.539904887,3.0,33.9,21.7,33.2,20.7,2025-02-18T03:20,2025-02-18T15:19,43140.04,41574.63,9.55,9.55,0.0,0.0,0.0,0.0,0.0,0.0,26.96,7.82,50.0,11.7,7.82,40.0,0.0,1011.7,961.0,24140.0,16.0,0.199,31.1,10192X0095/P21B
3702,49,2025-02-19,4.811397298,43.539904887,3.0,34.9,21.9,34.4,21.4,2025-02-19T03:20,2025-02-19T15:19,43154.43,41786.67,9.6,9.6,0.0,0.0,0.0,0.0,0.0,0.0,27.06,7.92,35.0,11.7,7.92,38.0,0.0,1011.0,960.4,24140.0,15.2,0.199,31.1,10192X0095/P21B
3703,50,2025-02-20,4.811397298,43.539904887,2.0,35.9,22.5,35.1,22.3,2025-02-20T03:19,2025-02-20T15:19,43168.99,41788.79,9.6,9.6,0.0,0.0,0.0,0.0,0.0,0.0,27.1,8.43,34.0,11.3,8.43,36.0,0.0,1009.8,959.4,24140.0,15.7,0.198,31.2,10192X0095/P21B
3704,51,2025-02-21,4.811397298,43.539904887,3.0,35.6,22.6,33.8,21.5,2025-02-21T03:19,2025-02-21T15:19,43183.69,41777.62,9.6,9.6,0.0,0.0,0.0,0.0,0.0,0.0,27.18,8.88,33.0,11.1,8.88,37.0,0.0,1010.5,960.0,24140.0,19.2,0.191,31.3,10192X0095/P21B
3705,52,2025-02-22,4.811397298,43.539904887,3.0,35.1,22.5,32.8,22.3,2025-02-22T03:19,2025-02-22T15:19,43198.51,41766.1,9.6,9.6,0.0,0.0,0.0,0.0,0.0,0.0,27.03,8.65,49.0,13.3,8.65,42.0,0.0,1011.8,961.3,24140.0,20.5,0.19,31.3,10192X0095/P21B
3706,53,2025-02-23,4.811397298,43.539904887,3.0,35.8,23.6,33.9,24.2,2025-02-23T03:19,2025-02-23T15:19,43213.46,41754.29,9.6,9.6,0.0,0.0,0.0,0.0,0.0,0.0,26.99,8.64,23.0,12.5,8.64,38.0,0.0,1011.8,961.4,24140.0,17.9,0.187,31.3,10192X0095/P21B
3707,54,2025-02-24,4.811397298,43.539904887,3.0,35.3,23.3,33.7,23.2,2025-02-24T03:18,2025-02-24T15:19,43228.51,41863.19,9.6,9.6,0.0,0.0,0.0,0.0,0.0,0.0,27.08,9.04,70.0,11.2,9.04,35.0,0.0,1012.3,961.8,24140.0,18.4,0.188,31.4,10192X0095/P21B
3708,55,2025-02-25,4.811397298,43.539904887,3.0,36.1,23.4,33.3,21.8,2025-02-25T03:18,2025-02-25T15:19,43243.66,41880.69,9.6,9.6,0.0,0.0,0.0,0.0,0.0,0.0,27.53,9.47,57.0,8.9,9.47,30.0,0.0,1011.7,961.3,24140.0,18.4,0.195,31.5,10192X0095/P21B
3709,56,2025-02-26,4.811397298,43.539904887,1.0,35.5,23.3,33.0,22.8,2025-02-26T03:18,2025-02-26T15:19,43258.89,41898.79,9.65,9.65,0.0,0.0,0.0,0.0,0.0,0.0,27.51,9.03,5.0,9.9,9.03,32.0,0.0,1012.0,961.6,24140.0,17.4,0.2,31.5,10192X0095/P21B
3710,57,2025-02-27,4.811397298,43.539904887,3.0,35.8,23.8,34.4,22.8,2025-02-27T03:17,2025-02-27T15:19,43274.19,41917.44,9.65,9.65,0.0,0.0,0.0,0.0,0.0,0.0,27.17,8.68,31.0,10.6,8.68,34.0,0.0,1011.9,961.5,24140.0,17.1,0.196,31.5,10192X0095/P21B
3711,58,2025-02-28,4.811397298,43.539904887,3.0,36.1,23.5,36.2,23.5,2025-02-28T03:17,2025-02-28T15:19,43289.54,41925.51,9.6,9.7,0.0,0.0,0.0,0.0,0.0,0.0,26.71,7.89,54.0,13.2,7.89,39.0,0.0,1010.7,960.4,24140.0,14.6,0.195,31.6,10192X0095/P21B
3712,59,2025-03-01,4.811397298,43.539904887,3.0,36.2,24.2,35.7,24.6,2025-03-01T03:17,2025-03-01T15:19,43304.94,41912.57,9.75,9.8,0.0,0.0,0.0,0.0,0.0,0.0,26.95,8.62,70.0,12.8,8.62,37.0,0.0,1009.7,959.6,24140.0,16.5,0.195,31.7,10192X0095/P21B
3713,60,2025-03-02,4.811397298,43.539904887,3.0,36.3,23.7,36.2,23.6,2025-03-02T03:16,2025-03-02T15:18,43320.37,41976.16,9.8,9.8,0.0,0.0,0.0,0.0,0.0,0.0,27.22,8.34,43.0,12.6,8.34,38.0,0.0,1009.8,959.5,24140.0,15.4,0.195,31.8,10192X0095/P21B
3714,61,2025-03-03,4.811397298,43.539904887,3.0,35.7,23.4,36.2,24.5,2025-03-03T03:16,2025-03-03T15:18,43335.82,41996.48,9.8,9.8,0.0,0.0,0.0,0.0,0.0,0.0,26.01,7.76,64.0,14.1,7.76,42.0,0.0,1009.6,959.3,24140.0,14.7,0.195,31.9,10192X0095/P21B
3715,62,2025-03-04,4.811397298,43.539904887,3.0,35.5,23.8,36.8,24.7,2025-03-04T03:16,2025-03-04T15:18,43351.28,42017.06,9.8,9.8,0.0,0.0,0.0,0.0,0.0,2.0,25.12,7.52,68.0,15.0,7.52,43.0,0.0,1009.8,959.6,24140.0,14.0,0.195,31.9,10192X0095/P21B
3716,63,2025-03-05,4.811397298,43.539904887,3.0,36.1,24.1,36.9,25.4,2025-03-05T03:15,2025-03-05T15:18,43366.73,42037.89,9.75,9.9,0.0,0.0,0.0,0.0,0.0,0.0,26.45,8.0,23.0,14.9,8.0,42.0,0.0,1010.0,959.8,24140.0,15.0,0.194,32.1,10192X0095/P21B
3717,64,2025-03-06,4.811397298,43.539904887,2.0,35.9,23.5,36.4,24.6,2025-03-06T03:15,2025-03-06T15:18,43382.17,42058.88,9.95,9.95,0.0,0.0,0.0,0.0,0.0,2.0,26.89,8.15,3.0,14.7,8.15,42.0,0.0,1010.1,959.9,24140.0,15.4,0.194,32.2,10192X0095/P21B
3718,65,2025-03-07,4.811397298,43.539904887,51.0,36.5,24.5,38.3,26.5,2025-03-07T03:15,2025-03-07T15:18,43397.58,42079.99,9.95,9.95,0.1,0.0,0.0,0.1,1.0,14.0,25.31,7.71,54.0,17.9,7.71,49.0,0.0,1009.5,959.3,24140.0,15.7,0.194,32.3,10192X0095/P21B
3719,66,2025-03-08,4.811397298,43.539904887,3.0,35.9,25.2,37.6,26.1,2025-03-08T03:14,2025-03-08T15:18,43412.97,42101.18,9.95,9.95,0.0,0.0,0.0,0.0,0.0,6.0,25.24,7.92,60.0,17.1,7.92,46.0,0.0,1008.0,958.0,24140.0,17.0,0.194,32.5,10192X0095/P21B
3720,67,2025-03-09,4.811397298,43.539904887,63.0,36.7,23.5,38.1,25.8,2025-03-09T03:14,2025-03-09T15:18,43428.46,41809.99,9.95,9.95,7.2,0.0,0.0,7.2,2.0,24.0,24.62,7.66,84.0,17.2,7.66,46.0,0.0,1008.1,958.1,23649.17,14.6,0.194,32.6,10192X0095/P21B
3721,68,2025-03-10,4.811397298,43.539904887,55.0,36.5,24.2,37.4,26.3,2025-03-10T03:14,2025-03-10T15:18,43444.06,42145.37,9.9,9.95,1.0,0.0,0.0,1.0,1.0,31.0,25.88,8.19,61.0,16.6,8.19,45.0,0.0,1008.9,958.9,24140.0,16.1,0.194,32.7,10192X0095/P21B
3722,69,2025-03-11,4.811397298,43.539904887,3.0,36.9,25.3,36.9,27.4,2025-03-11T03:13,2025-03-11T15:18,43459.76,42168.52,9.95,9.95,0.0,0.0,0.0,0.0,0.0,0.0,26.32,8.39,31.0,15.6,8.39,42.0,0.0,1009.0,959.0,24140.0,15.6,0.195,32.9,10192X0095/P21B
3723,70,2025-03-12,4.811397298,43.539904887,3.0,36.6,25.1,35.6,23.6,2025-03-12T03:13,2025-03-12T15:17,43475.55,42192.28,9.95,9.95,0.0,0.0,0.0,0.0,0.0,2.0,26.26,8.46,63.0,13.3,8.46,39.0,0.0,1009.2,959.1,24140.0,17.1,0.195,32.8,10192X0095/P21B
3724,71,2025-03-13,4.811397298,43.539904887,3.0,36.5,23.4,34.9,22.7,2025-03-13T03:12,2025-03-13T15:17,43491.41,42216.6,9.45,9.95,0.0,0.0,0.0,0.0,0.0,0.0,27.77,8.44,21.0,8.9,8.44,32.0,0.0,1009.5,959.2,24140.0,14.1,0.195,32.7,10192X0095/P21B
3725,72,2025-03-14,4.811397298,43.539904887,3.0,36.6,23.1,35.3,24.0,2025-03-14T03:12,2025-03-14T15:17,43507.34,42241.4,10.0,10.0,0.0,0.0,0.0,0.0,0.0,0.0,27.62,9.16,7.0,11.4,9.16,34.0,0.0,1008.6,958.5,24140.0,16.9,0.195,32.7,10192X0095/P21B
3726,73,2025-03-15,4.811397298,43.539904887,2.0,36.8,24.9,36.1,24.0,2025-03-15T03:12,2025-03-15T15:17,43523.32,42266.63,9.95,9.95,0.0,0.0,0.0,0.0,0.0,0.0,26.97,9.1,11.0,13.7,9.1,38.0,0.0,1009.4,959.3,24140.0,19.0,0.194,32.8,10192X0095/P21B
3727,74,2025-03-16,4.811397298,43.539904887,3.0,36.7,24.6,37.2,26.3,2025-03-16T03:11,2025-03-16T15:17,43539.35,42292.21,9.95,9.95,0.0,0.0,0.0,0.0,0.0,0.0,26.94,8.06,30.0,15.7,8.06,44.0,0.0,1010.3,960.1,24140.0,15.1,0.195,32.9,10192X0095/P21B
3728,75,2025-03-17,4.811397298,43.539904887,3.0,35.4,24.6,38.1,26.9,2025-03-17T03:11,2025-03-17T15:17,43555.42,42318.07,10.0,10.0,0.0,0.0,0.0,0.0,0.0,22.0,24.9,6.63,70.0,17.0,6.63,47.0,0.0,1010.7,960.5,24140.0,10.0,0.194,33.0,10192X0095/P21B
3729,76,2025-03-18,4.811397298,43.539904887,51.0,36.1,25.5,38.4,26.7,2025-03-18T03:10,2025-03-18T15:16,43571.5,42344.17,10.0,10.0,0.1,6.2,0.0,0.1,1.0,10.0,24.67,7.48,41.0,17.2,7.48,44.0,0.0,1010.0,959.9,24140.0,12.7,0.194,33.1,10192X0095/P21B
3730,77,2025-03-19,4.811397298,43.539904887,3.0,35.8,25.5,37.1,27.4,2025-03-19T03:10,2025-03-19T15:16,43587.6,42370.42,10.0,10.0,0.0,0.2,0.0,0.0,0.0,24.0,25.0,7.56,47.0,16.9,7.56,45.0,0.0,1011.4,961.2,24140.0,13.6,0.194,33.2,10192X0095/P21B
3731,78,2025-03-20,4.811397298,43.539904887,51.0,36.0,25.4,38.3,28.3,2025-03-20T03:09,2025-03-20T15:16,43603.7,40740.31,9.95,9.95,1.3,0.0,0.0,1.3,6.0,29.0,23.68,6.7,42.0,17.7,6.7,48.0,0.0,1012.9,962.6,24107.5,10.8,0.194,33.2,10192X0095/P21B
3732,79,2025-03-21,4.811397298,43.539904887,3.0,36.4,24.8,38.2,27.8,2025-03-21T03:09,2025-03-21T15:16,43619.8,42423.15,10.0,10.0,0.0,0.0,0.0,0.0,0.0,8.0,25.94,7.55,77.0,16.5,7.55,47.0,0.0,1012.6,962.4,24140.0,11.9,0.195,33.3,10192X0095/P21B
3733,80,2025-03-22,4.811397298,43.539904887,3.0,36.4,24.7,37.9,27.9,2025-03-22T03:09,2025-03-22T15:16,43635.87,42449.5,10.0,10.0,0.0,0.0,0.0,0.0,0.0,8.0,25.68,7.67,23.0,16.0,7.67,44.0,0.0,1010.5,960.4,24140.0,12.5,0.197,33.4,10192X0095/P21B
3734,81,2025-03-23,4.811397298,43.539904887,3.0,36.8,25.2,37.0,27.5,2025-03-23T03:08,2025-03-23T15:16,43651.9,42475.74,10.0,10.0,0.0,0.0,0.0,0.0,0.0,18.0,25.63,7.98,55.0,16.7,7.98,45.0,0.0,1010.3,960.3,24140.0,15.0,0.198,33.4,10192X0095/P21B
3735,82,2025-03-24,4.811397298,43.539904887,51.0,36.3,24.9,38.6,26.4,2025-03-24T03:08,2025-03-24T15:15,43667.9,42501.82,9.75,9.95,0.9,1.5,0.0,0.9,3.0,80.0,23.16,6.65,52.0,19.1,6.65,56.0,0.0,1011.9,961.5,22102.5,14.0,0.199,33.3,10192X0095/P21B
3736,83,2025-03-25,4.811397298,43.539904887,53.0,31.9,24.3,35.5,27.1,2025-03-25T03:07,2025-03-25T15:15,43683.85,28691.81,9.75,9.95,1.4,2.2,0.0,1.4,3.0,94.0,16.91,4.09,61.0,20.2,4.09,66.0,0.0,1012.2,961.4,23055.0,7.9,0.204,32.8,10192X0095/P21B
3737,84,2025-03-26,4.811397298,43.539904887,61.0,33.5,22.0,36.7,25.6,2025-03-26T03:07,2025-03-26T15:15,43699.73,40202.51,9.2,9.95,3.2,4.4,0.0,3.2,5.0,92.0,22.09,5.42,65.0,19.5,5.42,64.0,0.0,1010.4,959.7,22545.0,8.7,0.21,32.3,10192X0095/P21B
3738,85,2025-03-27,4.811397298,43.539904887,3.0,33.4,23.7,34.9,26.2,2025-03-27T03:06,2025-03-27T15:15,43715.53,42578.4,10.0,10.0,0.0,2.1,0.0,0.0,0.0,29.0,23.72,6.04,27.0,18.5,6.04,58.0,0.0,1009.5,959.0,23975.84,12.5,0.214,32.2,10192X0095/P21B
3739,86,2025-03-28,4.811397298,43.539904887,3.0,34.5,23.9,34.8,26.0,2025-03-28T03:06,2025-03-28T15:15,43731.27,42603.17,9.95,9.95,0.0,0.0,0.0,0.0,0.0,0.0,27.05,7.44,59.0,16.0,7.44,49.0,0.0,1010.1,959.6,24140.0,14.3,0.209,32.1,10192X0095/P21B
3740,87,2025-03-29,4.811397298,43.539904887,51.0,34.8,23.7,37.9,26.4,2025-03-29T03:06,2025-03-29T15:15,43747.05,42479.99,9.95,9.95,0.4,0.0,0.0,0.4,2.0,25.0,24.76,6.04,72.0,16.7,6.04,49.0,0.0,1009.6,959.3,24140.0,7.0,0.206,32.3,10192X0095/P21B
3741,88,2025-03-30,4.811397298,43.539904887,3.0,35.1,23.7,37.5,26.2,2025-03-30T03:05,2025-03-30T15:15,43762.88,42653.08,9.95,9.95,0.0,0.0,0.0,0.0,0.0,34.0,25.44,6.8,17.0,17.7,6.8,51.0,0.0,1009.8,959.5,24140.0,10.9,0.205,32.4,10192X0095/P21B
3742,89,2025-03-31,4.811397298,43.539904887,3.0,36.0,23.9,38.3,27.1,2025-03-31T03:05,2025-03-31T15:14,43778.76,42678.39,9.9,9.9,0.0,0.0,0.0,0.0,0.0,18.0,25.13,6.75,12.0,17.6,6.75,51.0,0.0,1009.5,959.3,24140.0,9.5,0.205,32.5,10192X0095/P21B
3743,90,2025-04-01,4.811397298,43.539904887,3.0,36.2,24.5,38.5,27.1,2025-04-01T03:04,2025-04-01T15:14,43794.67,42703.86,9.95,9.95,0.0,0.1,0.0,0.0,0.0,2.0,25.14,6.97,51.0,17.1,6.97,48.0,0.0,1009.0,958.8,24140.0,10.5,0.206,32.7,10192X0095/P21B
3744,91,2025-04-02,4.811397298,43.539904887,3.0,36.8,24.7,38.9,27.0,2025-04-02T03:04,2025-04-02T15:14,43810.59,42729.44,9.85,9.85,0.0,0.1,0.0,0.0,0.0,0.0,25.46,7.21,44.0,16.9,7.21,47.0,0.0,1008.8,958.7,24140.0,11.5,0.207,32.8,10192X0095/P21B
3745,92,2025-04-03,4.811397298,43.539904887,51.0,35.3,24.4,38.7,26.8,2025-04-03T03:03,2025-04-03T15:14,43826.53,42755.06,9.85,9.85,0.5,0.9,0.0,0.5,4.0,63.0,24.64,6.44,55.0,17.8,6.44,50.0,0.0,1010.3,960.0,24140.0,8.8,0.207,32.8,10192X0095/P21B
3746,93,2025-04-04,4.811397298,43.539904887,51.0,35.3,25.0,38.8,27.3,2025-04-04T03:03,2025-04-04T15:14,43842.47,42780.67,9.85,9.85,0.1,0.4,0.0,0.1,1.0,35.0,24.67,6.27,24.0,17.9,6.27,49.0,0.0,1010.0,959.8,24140.0,8.1,0.207,33.0,10192X0095/P21B
3747,94,2025-04-05,4.811397298,43.539904887,3.0,36.6,24.8,35.6,26.1,2025-04-05T03:03,2025-04-05T15:14,43858.4,42806.22,9.8,9.8,0.0,0.0,0.0,0.0,0.0,14.0,26.1,7.62,62.0,15.0,7.62,45.0,0.0,1009.8,959.6,24140.0,13.1,0.207,32.9,10192X0095/P21B
3748,95,2025-04-06,4.811397298,43.539904887,3.0,35.9,23.6,36.1,26.0,2025-04-06T03:02,2025-04-06T15:13,43874.31,42831.65,9.8,9.8,0.0,0.0,0.0,0.0,0.0,14.0,25.17,7.39,79.0,14.8,7.39,44.0,0.0,1010.4,960.1,24140.0,11.2,0.208,32.8,10192X0095/P21B
3749,96,2025-04-07,4.811397298,43.539904887,3.0,35.4,23.8,38.6,26.9,2025-04-07T03:02,2025-04-07T15:13,43890.19,42856.9,9.65,9.8,0.0,0.0,0.0,0.0,0.0,16.0,25.02,6.68,96.0,16.2,6.68,46.0,0.0,1011.3,961.0,24140.0,8.3,0.211,32.9,10192X0095/P21B
3750,97,2025-04-08,4.811397298,43.539904887,51.0,35.8,25.3,39.9,26.9,2025-04-08T03:01,2025-04-08T15:13,43906.03,42881.91,9.7,9.75,0.3,0.0,0.0,0.3,2.0,28.0,24.45,6.48,86.0,17.2,6.48,46.0,0.0,1011.9,961.7,23992.5,9.1,0.21,33.1,10192X0095/P21B
3751,98,2025-04-09,4.811397298,43.539904887,3.0,34.1,24.9,38.4,26.9,2025-04-09T03:01,2025-04-09T15:13,43921.8,42906.62,9.7,9.75,0.0,5.2,0.0,0.0,0.0,25.0,23.38,5.74,25.0,18.6,5.74,55.0,0.0,1012.2,961.7,24140.0,7.4,0.21,33.1,10192X0095/P21B
3752,99,2025-04-10,4.811397298,43.539904887,2.0,34.0,23.3,39.1,26.4,2025-04-10T03:01,2025-04-10T15:13,43937.52,42931.0,9.75,9.75,0.0,0.3,0.0,0.0,0.0,34.0,25.03,5.82,17.0,18.4,5.82,55.0,0.0,1010.6,960.1,24140.0,6.0,0.212,33.0,10192X0095/P21B
3753,100,2025-04-11,4.811397298,43.539904887,3.0,35.5,24.1,38.4,26.8,2025-04-11T03:00,2025-04-11T15:13,43953.16,42954.96,9.7,9.7,0.0,0.3,0.0,0.0,0.0,6.0,25.29,6.68,38.0,18.4,6.68,52.0,0.0,1008.3,958.1,24140.0,10.7,0.209,33.1,10192X0095/P21B
3754,101,2025-04-12,4.811397298,43.539904887,51.0,35.5,25.1,38.2,27.4,2025-04-12T03:00,2025-04-12T15:13,43968.71,37364.14,8.55,9.7,0.4,3.3,0.0,0.4,2.0,62.0,20.41,6.0,75.0,19.3,6.0,58.0,0.0,1009.5,959.1,23796.67,13.8,0.207,33.1,10192X0095/P21B
3755,102,2025-04-13,4.811397298,43.539904887,65.0,30.6,22.3,33.7,25.7,2025-04-13T02:59,2025-04-13T15:12,43984.15,29833.09,7.55,9.65,37.9,31.4,0.0,37.9,19.0,83.0,15.06,3.25,95.0,21.4,3.25,81.0,0.0,1013.1,961.8,19305.83,7.7,0.216,32.1,10192X0095/P21B
3756,103,2025-04-14,4.811397298,43.539904887,61.0,31.9,21.8,36.7,24.8,2025-04-14T02:59,2025-04-14T15:12,43999.49,38022.42,7.45,9.7,3.0,7.1,0.0,3.0,5.0,88.0,21.87,4.82,99.0,20.9,4.82,72.0,0.0,1012.6,961.7,23987.5,7.4,0.223,31.7,10192X0095/P21B
3757,104,2025-04-15,4.811397298,43.539904887,63.0,31.4,22.9,36.1,26.4,2025-04-15T02:59,2025-04-15T15:12,44014.7,35235.17,9.7,9.7,4.9,31.1,0.0,4.9,4.0,86.0,17.75,3.94,75.0,20.9,3.94,71.0,0.0,1011.8,960.9,16705.83,6.2,0.223,31.5,10192X0095/P21B
3758,105,2025-04-16,4.811397298,43.539904887,61.0,30.0,22.8,35.3,26.9,2025-04-16T02:58,2025-04-16T15:12,44029.77,31544.8,7.35,9.6,5.4,22.0,0.0,5.4,11.0,93.0,16.82,3.58,93.0,21.5,3.58,80.0,0.0,1012.9,961.7,22694.17,5.8,0.221,31.2,10192X0095/P21B
3759,106,2025-04-17,4.811397298,43.539904887,65.0,30.2,22.7,35.8,25.9,2025-04-17T02:58,2025-04-17T15:12,44044.7,31786.65,9.4,9.6,21.0,18.9,0.0,21.0,11.0,94.0,16.89,3.46,96.0,21.5,3.46,81.0,0.0,1012.3,961.2,23229.17,6.8,0.224,30.8,10192X0095/P21B
3760,107,2025-04-18,4.811397298,43.539904887,51.0,31.1,22.4,37.0,26.0,2025-04-18T02:58,2025-04-18T15:12,44059.62,38002.47,9.4,9.6,0.8,3.5,0.0,0.8,5.0,73.0,20.66,4.44,73.0,20.7,4.44,73.0,0.0,1011.0,960.1,23188.34,5.4,0.218,30.7,10192X0095/P21B
3761,108,2025-04-19,4.811397298,43.539904887,53.0,31.3,22.4,36.3,26.0,2025-04-19T02:57,2025-04-19T15:12,44074.52,42075.22,9.45,9.6,1.1,1.1,0.0,1.1,6.0,51.0,22.87,4.93,66.0,20.3,4.93,70.0,0.0,1010.7,959.8,24137.5,5.8,0.212,30.7,10192X0095/P21B
3762,109,2025-04-20,4.811397298,43.539904887,55.0,30.7,23.2,35.8,26.3,2025-04-20T02:57,2025-04-20T15:12,44089.39,36706.88,8.45,9.55,2.2,0.6,0.0,2.2,4.0,67.0,19.47,4.42,66.0,20.4,4.42,70.0,0.0,1010.6,959.8,23977.5,7.6,0.205,30.7,10192X0095/P21B
3763,110,2025-04-21,4.811397298,43.539904887,53.0,31.4,22.4,35.3,26.3,2025-04-21T02:57,2025-04-21T15:12,44104.23,39565.04,9.0,9.55,0.7,7.1,0.0,0.7,3.0,65.0,20.67,4.72,42.0,20.0,4.72,67.0,0.0,1011.4,960.6,23979.17,6.2,0.197,30.7,10192X0095/P21B
3764,111,2025-04-22,4.811397298,43.539904887,61.0,32.0,23.1,34.5,26.4,2025-04-22T02:56,2025-04-22T15:12,44119.01,42180.4,9.3,9.55,2.9,0.8,0.0,2.9,5.0,78.0,20.77,4.88,83.0,20.4,4.88,69.0,0.0,1012.0,961.2,24140.0,9.3,0.195,30.7,10192X0095/P21B
3765,112,2025-04-23,4.811397298,43.539904887,51.0,33.6,21.8,34.3,25.7,2025-04-23T02:56,2025-04-23T15:12,44133.74,41306.29,9.5,9.5,0.2,0.4,0.0,0.2,1.0,6.0,23.91,6.08,50.0,18.0,6.08,61.0,0.0,1011.7,961.0,24140.0,10.5,0.186,30.6,10192X0095/P21B
3766,113,2025-04-24,4.811397298,43.539904887,51.0,33.3,22.5,36.6,25.9,2025-04-24T02:56,2025-04-24T15:11,44148.4,43200.0,9.55,9.55,0.7,0.4,0.0,0.7,6.0,27.0,24.15,5.68,50.0,19.4,5.68,64.0,0.0,1011.6,960.9,24140.0,8.2,0.182,30.6,10192X0095/P21B
3767,114,2025-04-25,4.811397298,43.539904887,51.0,33.8,22.9,38.0,25.5,2025-04-25T02:55,2025-04-25T15:11,44162.96,43200.0,9.5,9.5,0.2,0.1,0.0,0.2,2.0,16.0,25.19,5.98,16.0,19.0,5.98,59.0,0.0,1010.6,960.1,24140.0,9.5,0.178,30.8,10192X0095/P21B
3768,115,2025-04-26,4.811397298,43.539904887,3.0,33.8,23.8,37.4,25.7,2025-04-26T02:55,2025-04-26T15:11,44177.44,43200.0,8.45,9.5,0.0,0.0,0.0,0.0,0.0,27.0,23.88,6.11,44.0,19.5,6.11,60.0,0.0,1010.1,959.6,24140.0,12.3,0.172,30.9,10192X0095/P21B
3769,116,2025-04-27,4.811397298,43.539904887,51.0,32.5,24.0,34.9,25.3,2025-04-27T02:55,2025-04-27T15:11,44191.8,35416.73,9.4,9.45,0.4,0.3,0.0,0.4,3.0,73.0,18.43,4.59,61.0,19.8,4.59,65.0,0.0,1010.6,959.9,23971.67,10.3,0.167,30.8,10192X0095/P21B
3770,117,2025-04-28,4.811397298,43.539904887,61.0,33.1,23.3,36.6,25.6,2025-04-28T02:55,2025-04-28T15:11,44206.05,36620.78,8.45,9.45,1.8,1.0,0.0,1.8,2.0,53.0,21.01,5.43,58.0,19.8,5.43,61.0,0.0,1009.1,958.6,24050.84,10.9,0.167,30.9,10192X0095/P21B
3771,118,2025-04-29,4.811397298,43.539904887,61.0,32.5,23.9,35.5,27.3,2025-04-29T02:54,2025-04-29T15:11,44220.15,27136.38,7.65,9.4,2.7,30.3,0.0,2.7,4.0,92.0,16.75,3.99,86.0,21.0,3.99,72.0,0.0,1009.1,958.4,23535.84,8.9,0.173,30.8,10192X0095/P21B
3772,119,2025-04-30,4.811397298,43.539904887,63.0,30.1,23.4,34.4,26.8,2025-04-30T02:54,2025-04-30T15:11,44234.12,38896.89,9.0,9.4,8.5,5.1,0.0,8.5,7.0,78.0,19.01,4.0,86.0,21.2,4.0,76.0,0.0,1010.5,959.6,24122.5,7.3,0.193,30.3,10192X0095/P21B
3773,120,2025-05-01,4.811397298,43.539904887,51.0,32.3,22.6,37.4,26.6,2025-05-01T02:54,2025-05-01T15:11,44247.92,43200.0,8.45,9.4,0.3,0.8,0.0,0.3,3.0,41.0,23.47,5.19,99.0,21.0,5.19,70.0,0.0,1010.2,959.5,23599.17,6.4,0.199,30.3,10192X0095/P21B
3774,121,2025-05-02,4.811397298,43.539904887,51.0,32.6,23.3,37.9,27.3,2025-05-02T02:54,2025-05-02T15:11,44261.54,40466.07,9.3,9.35,0.4,11.3,0.0,0.4,3.0,47.0,22.5,5.12,61.0,21.1,5.12,69.0,0.0,1010.1,959.5,24045.84,7.5,0.197,30.4,10192X0095/P21B
3775,122,2025-05-03,4.811397298,43.539904887,61.0,31.7,23.3,36.5,26.5,2025-05-03T02:53,2025-05-03T15:11,44274.98,35420.84,9.1,9.35,2.5,7.7,0.0,2.5,6.0,96.0,18.91,4.15,99.0,21.3,4.15,75.0,0.0,1010.8,959.9,21360.84,8.5,0.202,30.3,10192X0095/P21B
3776,123,2025-05-04,4.811397298,43.539904887,65.0,30.5,22.9,34.6,26.0,2025-05-04T02:53,2025-05-04T15:11,44288.22,36000.0,8.9,9.35,12.1,18.8,0.0,12.1,10.0,84.0,17.57,3.87,91.0,21.4,3.87,78.0,0.0,1011.3,960.3,19576.67,9.2,0.206,30.1,10192X0095/P21B
3777,124,2025-05-05,4.811397298,43.539904887,63.0,29.7,22.7,31.9,26.0,2025-05-05T02:53,2025-05-05T15:11,44301.23,19683.66,2.05,9.35,10.7,8.5,0.0,10.7,12.0,96.0,14.6,3.2,99.0,21.7,3.2,84.0,0.0,1012.6,961.4,20210.0,10.9,0.21,29.6,10192X0095/P21B
3778,125,2025-05-06,4.811397298,43.539904887,51.0,31.6,22.4,33.8,25.4,2025-05-06T02:53,2025-05-06T15:11,44314.02,43200.0,9.35,9.35,0.2,1.4,0.0,0.2,2.0,55.0,23.63,5.53,63.0,20.9,5.53,73.0,0.0,1012.6,961.6,24140.0,15.7,0.211,29.6,10192X0095/P21B
3779,126,2025-05-07,4.811397298,43.539904887,51.0,31.4,22.0,33.3,24.3,2025-05-07T02:53,2025-05-07T15:11,44326.58,43200.0,9.3,9.3,0.2,0.4,0.0,0.2,2.0,35.0,22.28,5.39,86.0,20.5,5.39,72.0,0.0,1011.9,961.0,24140.0,18.4,0.211,29.5,10192X0095/P21B
3780,127,2025-05-08,4.811397298,43.539904887,51.0,32.0,22.6,34.1,24.6,2025-05-08T02:52,2025-05-08T15:11,44339.01,42278.26,9.15,9.3,0.3,0.2,0.0,0.3,1.0,76.0,22.44,5.44,92.0,20.5,5.44,71.0,0.0,1011.4,960.5,24140.0,17.5,0.206,29.6,10192X0095/P21B
3781,128,2025-05-09,4.811397298,43.539904887,61.0,31.0,22.7,35.0,24.8,2025-05-09T02:52,2025-05-09T15:11,44351.33,24722.32,9.3,9.3,1.6,0.0,0.0,1.6,4.0,55.0,17.88,4.26,94.0,20.7,4.26,74.0,0.0,1012.1,961.1,24140.0,13.4,0.203,29.4,10192X0095/P21B
3782,129,2025-05-10,4.811397298,43.539904887,3.0,32.0,22.1,35.2,24.3,2025-05-10T02:52,2025-05-10T15:12,44363.51,43200.0,9.25,9.25,0.0,0.0,0.0,0.0,0.0,8.0,23.47,5.47,61.0,20.5,5.47,70.0,0.0,1012.6,961.7,24140.0,13.4,0.21,29.3,10192X0095/P21B
3783,130,2025-05-11,4.811397298,43.539904887,3.0,32.8,22.4,36.1,24.7,2025-05-11T02:52,2025-05-11T15:12,44375.54,43200.0,9.25,9.25,0.0,0.0,0.0,0.0,0.0,2.0,24.29,5.93,26.0,20.4,5.93,67.0,0.0,1011.7,960.9,24140.0,14.6,0.21,29.4,10192X0095/P21B
3784,131,2025-05-12,4.811397298,43.539904887,1.0,33.0,23.0,35.3,25.2,2025-05-12T02:52,2025-05-12T15:12,44387.42,43200.0,9.2,9.25,0.0,0.0,0.0,0.0,0.0,0.0,24.98,6.26,6.0,20.3,6.26,66.0,0.0,1011.6,960.9,24140.0,17.4,0.206,29.5,10192X0095/P21B
3785,132,2025-05-13,4.811397298,43.539904887,1.0,32.6,23.3,34.4,25.5,2025-05-13T02:52,2025-05-13T15:12,44399.14,43200.0,9.2,9.2,0.0,0.1,0.0,0.0,0.0,24.0,23.69,6.18,12.0,20.2,6.18,66.0,0.0,1012.1,961.4,24140.0,19.2,0.198,29.6,10192X0095/P21B
3786,133,2025-05-14,4.811397298,43.539904887,1.0,33.2,23.0,34.9,25.3,2025-05-14T02:52,2025-05-14T15:12,44410.67,43200.0,9.15,9.15,0.0,0.0,0.0,0.0,0.0,2.0,24.49,6.47,11.0,20.0,6.47,64.0,0.0,1012.0,961.3,24140.0,19.5,0.191,29.6,10192X0095/P21B
3787,134,2025-05-15,4.811397298,43.539904887,3.0,33.5,23.0,34.3,24.5,2025-05-15T02:52,2025-05-15T15:12,44422.02,43200.0,9.15,9.15,0.0,0.0,0.0,0.0,0.0,2.0,25.02,6.82,16.0,18.9,6.82,61.0,0.0,1011.3,960.6,24140.0,19.6,0.189,29.7,10192X0095/P21B
3788,135,2025-05-16,4.811397298,43.539904887,51.0,33.1,23.2,34.4,24.3,2025-05-16T02:52,2025-05-16T15:12,44433.17,43200.0,9.1,9.1,0.1,0.0,0.0,0.1,1.0,16.0,23.23,6.32,40.0,18.8,6.32,60.0,0.0,1010.9,960.3,24140.0,17.3,0.184,29.7,10192X0095/P21B
3789,136,2025-05-17,4.811397298,43.539904887,3.0,33.1,23.3,34.6,24.7,2025-05-17T02:52,2025-05-17T15:12,44444.1,43200.0,9.15,9.15,0.0,0.0,0.0,0.0,0.0,26.0,22.16,6.14,28.0,19.6,6.14,63.0,0.0,1010.8,960.2,24138.34,18.9,0.182,29.8,10192X0095/P21B
3790,137,2025-05-18,4.811397298,43.539904887,2.0,33.3,23.3,34.8,25.4,2025-05-18T02:51,2025-05-18T15:12,44454.8,43200.0,9.1,9.1,0.0,0.0,0.0,0.0,0.0,8.0,24.07,6.4,18.0,19.5,6.4,60.0,0.0,1010.1,959.6,24140.0,16.2,0.186,29.8,10192X0095/P21B
3791,138,2025-05-19,4.811397298,43.539904887,3.0,33.6,23.9,35.2,25.9,2025-05-19T02:51,2025-05-19T15:12,44465.27,43200.0,9.05,9.1,0.0,0.1,0.0,0.0,0.0,2.0,24.55,6.86,19.0,19.7,6.86,60.0,0.0,1009.3,958.9,21938.34,18.8,0.185,30.0,10192X0095/P21B
3792,139,2025-05-20,4.811397298,43.539904887,3.0,33.7,23.9,35.1,25.5,2025-05-20T02:51,2025-05-20T15:13,44475.48,34408.49,9.05,9.05,0.0,0.0,0.0,0.0,0.0,16.0,19.79,5.97,35.0,19.8,5.97,61.0,0.0,1009.5,959.0,24140.0,19.4,0.184,30.0,10192X0095/P21B
3793,140,2025-05-21,4.811397298,43.539904887,3.0,34.1,24.2,35.3,26.0,2025-05-21T02:51,2025-05-21T15:13,44485.42,42661.99,9.05,9.05,0.0,0.0,0.0,0.0,0.0,14.0,22.23,6.5,81.0,19.7,6.5,59.0,0.0,1010.4,959.9,23341.67,18.7,0.181,30.1,10192X0095/P21B
3794,141,2025-05-22,4.811397298,43.539904887,51.0,33.2,24.2,34.1,25.4,2025-05-22T02:51,2025-05-22T15:13,44495.1,41170.91,8.05,9.05,0.1,0.0,0.0,0.1,1.0,31.0,20.53,6.39,99.0,20.0,6.39,62.0,0.0,1011.6,961.0,22577.5,22.4,0.18,30.2,10192X0095/P21B
3795,142,2025-05-23,4.811397298,43.539904887,3.0,33.6,23.7,32.5,24.8,2025-05-23T02:51,2025-05-23T15:13,44504.48,43200.0,8.3,9.1,0.0,0.0,0.0,0.0,0.0,2.0,23.14,7.5,100.0,18.0,7.5,55.0,0.0,1011.4,960.8,24140.0,23.9,0.176,30.2,10192X0095/P21B
3796,143,2025-05-24,4.811397298,43.539904887,3.0,33.4,24.1,32.1,23.2,2025-05-24T02:51,2025-05-24T15:13,44513.55,39307.98,9.05,9.05,0.0,0.0,0.0,0.0,0.0,0.0,22.22,7.59,42.0,17.2,7.59,53.0,0.0,1011.1,960.5,24140.0,25.8,0.176,30.3,10192X0095/P21B
3797,144,2025-05-25,4.811397298,43.539904887,51.0,33.1,23.3,33.1,23.5,2025-05-25T02:51,2025-05-25T15:13,44522.3,40044.05,9.0,9.05,0.1,0.0,0.0,0.1,1.0,4.0,21.42,6.84,69.0,18.6,6.84,58.0,0.0,1012.7,962.0,24140.0,24.3,0.177,30.3,10192X0095/P21B
3798,145,2025-05-26,4.811397298,43.539904887,3.0,33.8,23.3,33.3,24.1,2025-05-26T02:51,2025-05-26T15:14,44530.73,43200.0,9.0,9.0,0.0,0.0,0.0,0.0,0.0,0.0,24.27,7.63,82.0,17.8,7.63,55.0,0.0,1013.3,962.6,24140.0,22.5,0.177,30.4,10192X0095/P21B
3799,146,2025-05-27,4.811397298,43.539904887,3.0,33.4,23.6,33.7,24.5,2025-05-27T02:51,2025-05-27T15:14,44538.83,43090.45,8.95,9.0,0.0,0.0,0.0,0.0,0.0,29.0,22.81,7.03,76.0,19.5,7.03,61.0,0.0,1013.5,962.8,24140.0,25.0,0.178,30.4,10192X0095/P21B
3800,147,2025-05-28,4.811397298,43.539904887,51.0,33.3,23.7,33.3,24.6,2025-05-28T02:51,2025-05-28T15:14,44546.67,43200.0,8.95,8.95,0.1,0.0,0.0,0.1,1.0,18.0,22.65,7.15,74.0,18.5,7.15,57.0,0.0,1014.4,963.6,24140.0,24.2,0.179,30.4,10192X0095/P21B
3801,148,2025-05-29,4.811397298,43.539904887,3.0,31.3,22.8,29.7,22.2,2025-05-29T02:52,2025-05-29T15:14,44554.24,43048.81,8.9,8.95,0.0,0.0,0.0,0.0,0.0,4.0,19.32,6.67,86.0,17.2,6.67,54.0,0.0,1015.0,964.1,24140.0,23.6,0.18,30.3,10192X0095/P21B
3802,149,2025-05-30,4.811397298,43.539904887,3.0,32.8,23.1,32.1,22.7,2025-05-30T02:52,2025-05-30T15:14,44561.56,41577.42,8.95,8.95,0.0,0.0,0.0,0.0,0.0,0.0,22.98,7.45,54.0,16.7,7.45,51.0,0.0,1014.0,963.3,24140.0,22.1,0.18,30.3,10192X0095/P21B
3803,150,2025-05-31,4.811397298,43.539904887,3.0,32.9,22.9,32.9,23.3,2025-05-31T02:52,2025-05-31T15:15,44568.6,41203.95,8.95,8.95,0.0,0.0,0.0,0.0,0.0,10.0,20.25,6.54,61.0,18.3,6.54,58.0,0.0,1014.1,963.3,24140.0,22.5,0.18,30.3,10192X0095/P21B
3804,151,2025-06-01,4.811397298,43.539904887,3.0,33.4,23.2,33.0,23.3,2025-06-01T02:52,2025-06-01T15:15,44575.37,40676.08,8.85,8.95,0.0,0.0,0.0,0.0,0.0,2.0,22.85,7.14,98.0,17.6,7.14,55.0,0.0,1014.7,963.9,24140.0,22.1,0.179,30.4,10192X0095/P21B
3805,152,2025-06-02,4.811397298,43.539904887,3.0,31.9,23.2,31.4,23.1,2025-06-02T02:52,2025-06-02T15:15,44581.85,36052.75,8.85,8.9,0.0,0.0,0.0,0.0,0.0,14.0,17.61,5.91,36.0,17.6,5.91,56.0,0.0,1013.5,962.7,24140.0,20.6,0.178,30.3,10192X0095/P21B
3806,153,2025-06-03,4.811397298,43.539904887,3.0,33.6,22.6,33.3,22.3,2025-06-03T02:52,2025-06-03T15:15,44588.05,39420.42,8.9,8.9,0.0,0.0,0.0,0.0,0.0,25.0,23.5,7.32,64.0,16.7,7.32,51.0,0.0,1012.7,962.0,23585.84,20.0,0.178,30.4,10192X0095/P21B
3807,154,2025-06-04,4.811397298,43.539904887,3.0,33.9,23.4,34.3,23.9,2025-06-04T02:52,2025-06-04T15:15,44593.94,43200.0,8.9,8.9,0.0,0.0,0.0,0.0,0.0,10.0,23.61,7.31,90.0,17.2,7.31,51.0,0.0,1012.5,961.9,23554.17,19.3,0.178,30.6,10192X0095/P21B
3808,155,2025-06-05,4.811397298,43.539904887,51.0,33.4,23.8,33.6,24.9,2025-06-05T02:52,2025-06-05T15:16,44599.53,43200.0,8.85,8.9,0.2,0.0,0.0,0.2,2.0,31.0,23.1,6.94,85.0,18.8,6.94,59.0,0.0,1013.7,963.0,24140.0,21.8,0.177,30.6,10192X0095/P21B
3809,156,2025-06-06,4.811397298,43.539904887,3.0,32.1,23.1,31.3,22.3,2025-06-06T02:52,2025-06-06T15:16,44604.8,41315.08,8.9,8.9,0.0,0.0,0.0,0.0,0.0,6.0,20.01,6.62,67.0,17.5,6.62,56.0,0.0,1014.6,963.7,24140.0,22.1,0.177,30.5,10192X0095/P21B
3810,157,2025-06-07,4.811397298,43.539904887,3.0,33.1,22.9,32.1,22.7,2025-06-07T02:53,2025-06-07T15:16,44609.76,43200.0,8.9,8.9,0.0,0.0,0.0,0.0,0.0,0.0,24.19,7.52,39.0,17.2,7.52,54.0,0.0,1013.9,963.1,24140.0,22.9,0.176,30.6,10192X0095/P21B
3811,158,2025-06-08,4.811397298,43.539904887,3.0,33.5,23.0,33.6,23.6,2025-06-08T02:53,2025-06-08T15:16,44614.39,43200.0,8.9,8.9,0.0,0.0,0.0,0.0,0.0,0.0,22.64,7.17,23.0,18.2,7.17,56.0,0.0,1013.2,962.6,24140.0,22.4,0.176,30.7,10192X0095/P21B
3812,159,2025-06-09,4.811397298,43.539904887,3.0,32.7,23.2,33.1,24.5,2025-06-09T02:53,2025-06-09T15:17,44618.68,43200.0,8.9,8.9,0.0,0.0,0.0,0.0,0.0,4.0,21.43,6.47,52.0,18.6,6.47,59.0,0.0,1013.2,962.5,24140.0,21.2,0.175,30.7,10192X0095/P21B
3813,160,2025-06-10,4.811397298,43.539904887,51.0,32.5,23.4,32.7,24.2,2025-06-10T02:53,2025-06-10T15:17,44622.63,37185.42,8.9,8.9,0.1,0.0,0.0,0.1,1.0,16.0,19.7,6.36,38.0,18.8,6.36,61.0,0.0,1012.3,961.6,24140.0,23.5,0.175,30.6,10192X0095/P21B
3814,161,2025-06-11,4.811397298,43.539904887,3.0,32.1,22.6,30.7,22.5,2025-06-11T02:53,2025-06-11T15:17,44626.24,34353.29,8.9,8.9,0.0,0.0,0.0,0.0,0.0,0.0,19.15,6.8,31.0,16.5,6.8,52.0,0.0,1011.9,961.1,24140.0,23.2,0.175,30.5,10192X0095/P21B
3815,162,2025-06-12,4.811397298,43.539904887,51.0,33.6,23.2,33.5,23.3,2025-06-12T02:53,2025-06-12T15:17,44629.49,42225.17,8.8,8.85,0.2,0.0,0.0,0.2,2.0,33.0,19.53,6.26,70.0,18.8,6.26,62.0,0.0,1012.0,961.1,23372.5,25.0,0.175,30.4,10192X0095/P21B
3816,163,2025-06-13,4.811397298,43.539904887,3.0,31.4,23.2,29.6,22.3,2025-06-13T02:54,2025-06-13T15:17,44632.38,35997.52,7.85,8.85,0.0,0.0,0.0,0.0,0.0,4.0,18.67,6.72,74.0,16.6,6.72,55.0,0.0,1013.7,962.7,24133.34,26.7,0.175,30.3,10192X0095/P21B
3817,164,2025-06-14,4.811397298,43.539904887,3.0,31.4,22.9,28.9,21.4,2025-06-14T02:54,2025-06-14T15:18,44634.9,36111.37,8.8,8.85,0.0,0.0,0.0,0.0,0.0,12.0,17.52,6.75,52.0,15.9,6.75,52.0,0.0,1014.2,963.2,24140.0,26.1,0.175,30.2,10192X0095/P21B
3818,165,2025-06-15,4.811397298,43.539904887,3.0,31.1,22.7,28.2,21.6,2025-06-15T02:54,2025-06-15T15:18,44637.05,28716.22,8.85,8.85,0.0,0.0,0.0,0.0,0.0,0.0,17.8,6.98,40.0,15.8,6.98,52.0,0.0,1014.0,963.1,24140.0,26.7,0.175,30.1,10192X0095/P21B
3819,166,2025-06-16,4.811397298,43.539904887,3.0,30.4,22.2,28.1,21.0,2025-06-16T02:54,2025-06-16T15:18,44638.82,28842.62,8.75,8.85,0.0,0.0,0.0,0.0,0.0,18.0,16.15,6.39,49.0,16.1,6.39,54.0,0.0,1013.6,962.6,24140.0,26.6,0.175,29.9,10192X0095/P21B
3820,167,2025-06-17,4.811397298,43.539904887,51.0,31.4,22.0,30.0,22.1,2025-06-17T02:54,2025-06-17T15:18,44640.23,31980.89,8.35,8.85,0.6,0.0,0.0,0.6,5.0,11.0,19.57,6.27,39.0,17.8,6.27,62.0,0.0,1014.1,963.0,24140.0,26.3,0.175,29.9,10192X0095/P21B
3821,168,2025-06-18,4.811397298,43.539904887,3.0,31.6,22.5,30.1,22.3,2025-06-18T02:55,2025-06-18T15:19,44641.27,38072.62,8.85,8.85,0.0,0.0,0.0,0.0,0.0,22.0,18.99,6.27,71.0,17.4,6.27,58.0,0.0,1014.0,963.0,24140.0,23.7,0.175,29.8,10192X0095/P21B
3822,169,2025-06-19,4.811397298,43.539904887,3.0,32.6,22.2,31.7,22.4,2025-06-19T02:55,2025-06-19T15:19,44641.96,39851.23,8.55,8.85,0.0,0.0,0.0,0.0,0.0,2.0,22.17,6.91,82.0,17.0,6.91,55.0,0.0,1013.8,962.9,24140.0,21.8,0.176,29.9,10192X0095/P21B
3823,170,2025-06-20,4.811397298,43.539904887,3.0,32.6,22.4,31.8,21.6,2025-06-20T02:55,2025-06-20T15:19,44642.3,42190.06,8.75,8.85,0.0,0.0,0.0,0.0,0.0,0.0,23.08,7.29,95.0,16.5,7.29,53.0,0.0,1013.3,962.5,24140.0,23.0,0.178,30.0,10192X0095/P21B
3824,171,2025-06-21,4.811397298,43.539904887,3.0,33.2,22.2,31.6,21.9,2025-06-21T02:55,2025-06-21T15:19,44642.28,43200.0,8.65,8.85,0.0,0.0,0.0,0.0,0.0,0.0,23.77,7.57,46.0,15.3,7.57,49.0,0.0,1012.8,962.1,24140.0,21.3,0.179,30.0,10192X0095/P21B
3825,172,2025-06-22,4.811397298,43.539904887,3.0,33.8,21.9,32.5,21.6,2025-06-22T02:55,2025-06-22T15:19,44641.9,37263.08,8.8,8.8,0.0,0.0,0.0,0.0,0.0,2.0,22.92,7.64,13.0,15.7,7.64,50.0,0.0,1012.7,962.0,24140.0,23.1,0.178,30.1,10192X0095/P21B
3826,173,2025-06-23,4.811397298,43.539904887,3.0,32.6,22.2,30.2,21.6,2025-06-23T02:56,2025-06-23T15:20,44641.19,43200.0,8.8,8.8,0.0,0.0,0.0,0.0,0.0,2.0,20.49,7.0,31.0,15.4,7.0,50.0,0.0,1013.3,962.5,24140.0,22.1,0.178,30.1,10192X0095/P21B
3827,174,2025-06-24,4.811397298,43.539904887,3.0,33.4,22.3,31.5,21.7,2025-06-24T02:56,2025-06-24T15:20,44640.12,42822.81,8.85,8.85,0.0,0.0,0.0,0.0,0.0,6.0,23.81,7.63,76.0,15.5,7.63,50.0,0.0,1013.2,962.4,24140.0,21.7,0.177,30.2,10192X0095/P21B
3828,175,2025-06-25,4.811397298,43.539904887,51.0,32.6,22.7,33.0,23.8,2025-06-25T02:56,2025-06-25T15:20,44638.71,41324.99,8.85,8.85,0.1,0.0,0.0,0.1,1.0,37.0,20.97,6.36,39.0,18.6,6.36,61.0,0.0,1013.1,962.3,24140.0,21.8,0.177,30.2,10192X0095/P21B
3829,176,2025-06-26,4.811397298,43.539904887,3.0,32.5,21.9,30.9,22.3,2025-06-26T02:56,2025-06-26T15:20,44636.96,37534.08,8.85,8.85,0.0,0.0,0.0,0.0,0.0,4.0,20.03,6.7,37.0,16.6,6.7,55.0,0.0,1013.1,962.3,24140.0,22.6,0.177,30.2,10192X0095/P21B
3830,177,2025-06-27,4.811397298,43.539904887,3.0,30.3,22.1,28.8,21.8,2025-06-27T02:57,2025-06-27T15:21,44634.87,24925.09,8.85,8.85,0.0,0.0,0.0,0.0,0.0,2.0,14.69,5.48,48.0,17.3,5.48,58.0,0.0,1012.9,962.0,24140.0,23.2,0.177,30.0,10192X0095/P21B
3831,178,2025-06-28,4.811397298,43.539904887,3.0,33.2,22.3,31.7,21.0,2025-06-28T02:57,2025-06-28T15:21,44632.45,39545.25,8.85,8.85,0.0,0.0,0.0,0.0,0.0,0.0,21.71,7.88,61.0,15.1,7.88,48.0,0.0,1012.5,961.8,24140.0,24.9,0.176,30.0,10192X0095/P21B
3832,179,2025-06-29,4.811397298,43.539904887,3.0,33.0,22.7,29.9,21.5,2025-06-29T02:57,2025-06-29T15:21,44629.69,28969.44,8.4,8.85,0.0,0.0,0.0,0.0,0.0,0.0,19.51,7.57,51.0,15.4,7.57,49.0,0.0,1012.6,961.8,24140.0,26.7,0.176,30.0,10192X0095/P21B
3833,180,2025-06-30,4.811397298,43.539904887,3.0,33.3,22.7,31.4,22.1,2025-06-30T02:57,2025-06-30T15:21,44626.61,32317.35,8.9,8.9,0.0,0.0,0.0,0.0,0.0,16.0,21.0,7.48,33.0,16.1,7.48,52.0,0.0,1012.8,962.1,24140.0,25.1,0.176,30.1,10192X0095/P21B
3834,181,2025-07-01,4.811397298,43.539904887,51.0,32.1,22.7,30.9,22.0,2025-07-01T02:58,2025-07-01T15:21,44623.2,43103.73,8.7,8.9,0.1,0.0,0.0,0.1,1.0,35.0,21.39,6.71,71.0,17.7,6.71,59.0,0.0,1014.0,963.0,24140.0,25.5,0.176,30.1,10192X0095/P21B
3835,182,2025-07-02,4.811397298,43.539904887,3.0,30.5,22.9,28.1,22.5,2025-07-02T02:58,2025-07-02T15:21,44619.48,21079.74,8.85,8.85,0.0,0.0,0.0,0.0,0.0,12.0,15.1,6.01,78.0,16.7,6.01,56.0,0.0,1014.5,963.4,24140.0,25.1,0.176,30.0,10192X0095/P21B
3836,183,2025-07-03,4.811397298,43.539904887,3.0,32.7,23.0,30.8,22.3,2025-07-03T02:58,2025-07-03T15:22,44615.42,34482.47,8.75,8.9,0.0,0.0,0.0,0.0,0.0,2.0,18.89,7.1,56.0,15.7,7.1,51.0,0.0,1013.9,963.0,24140.0,24.6,0.175,30.0,10192X0095/P21B
3837,184,2025-07-04,4.811397298,43.539904887,3.0,32.1,22.0,29.9,20.9,2025-07-04T02:58,2025-07-04T15:22,44611.06,31071.03,8.9,8.9,0.0,0.0,0.0,0.0,0.0,2.0,18.7,6.9,68.0,15.9,6.9,53.0,0.0,1014.1,963.1,24140.0,24.9,0.176,29.9,10192X0095/P21B
3838,185,2025-07-05,4.811397298,43.539904887,3.0,31.5,22.2,30.1,22.3,2025-07-05T02:58,2025-07-05T15:22,44606.39,30935.3,8.8,8.9,0.0,0.0,0.0,0.0,0.0,18.0,16.82,6.05,73.0,17.1,6.05,58.0,0.0,1014.0,963.0,24140.0,23.2,0.177,29.9,10192X0095/P21B
3839,186,2025-07-06,4.811397298,43.539904887,3.0,30.9,22.4,29.2,21.8,2025-07-06T02:59,2025-07-06T15:22,44601.4,30093.02,8.9,8.9,0.0,0.0,0.0,0.0,0.0,4.0,17.62,6.41,61.0,16.3,6.41,54.0,0.0,1013.7,962.8,24140.0,22.9,0.176,29.8,10192X0095/P21B
3840,187,2025-07-07,4.811397298,43.539904887,3.0,30.9,23.3,28.4,22.3,2025-07-07T02:59,2025-07-07T15:22,44596.04,22646.54,8.9,8.9,0.0,0.0,0.0,0.0,0.0,8.0,16.42,6.52,81.0,15.6,6.52,50.0,0.0,1014.0,963.0,24140.0,22.9,0.176,29.8,10192X0095/P21B
3841,188,2025-07-08,4.811397298,43.539904887,3.0,30.2,22.7,28.7,21.9,2025-07-08T02:59,2025-07-08T15:22,44590.32,22319.39,8.4,8.95,0.0,0.0,0.0,0.0,0.0,12.0,16.3,6.22,100.0,15.9,6.22,52.0,0.0,1014.9,963.9,24140.0,22.1,0.176,29.8,10192X0095/P21B
3842,189,2025-07-09,4.811397298,43.539904887,3.0,31.9,23.3,29.2,21.9,2025-07-09T02:59,2025-07-09T15:22,44584.26,36383.63,8.45,8.95,0.0,0.0,0.0,0.0,0.0,8.0,16.79,6.83,70.0,15.4,6.83,50.0,0.0,1014.4,963.4,24140.0,25.4,0.176,29.8,10192X0095/P21B
3843,190,2025-07-10,4.811397298,43.539904887,3.0,31.8,22.1,29.1,21.0,2025-07-10T02:59,2025-07-10T15:22,44577.84,37788.02,8.95,8.95,0.0,0.0,0.0,0.0,0.0,6.0,18.81,6.62,63.0,16.5,6.62,57.0,0.0,1013.6,962.6,24140.0,26.2,0.175,29.7,10192X0095/P21B
3844,191,2025-07-11,4.811397298,43.539904887,51.0,29.8,22.1,27.8,21.6,2025-07-11T02:59,2025-07-11T15:22,44571.1,36421.17,7.3,8.95,0.1,0.3,0.0,0.1,1.0,28.0,16.28,5.49,66.0,17.8,5.49,63.0,0.0,1014.1,963.0,24140.0,25.9,0.175,29.6,10192X0095/P21B
3845,192,2025-07-12,4.811397298,43.539904887,3.0,31.9,21.5,30.3,20.6,2025-07-12T03:00,2025-07-12T15:22,44564.04,30432.69,8.95,8.95,0.0,0.0,0.0,0.0,0.0,8.0,19.54,6.5,33.0,15.5,6.5,52.0,0.0,1014.3,963.3,24140.0,21.0,0.176,29.5,10192X0095/P21B
3846,193,2025-07-13,4.811397298,43.539904887,3.0,32.4,21.9,30.7,21.0,2025-07-13T03:00,2025-07-13T15:22,44556.67,38286.85,9.0,9.0,0.0,0.0,0.0,0.0,0.0,7.0,19.66,6.69,41.0,16.8,6.69,56.0,0.0,1014.9,963.9,23962.5,24.3,0.176,29.5,10192X0095/P21B
3847,194,2025-07-14,4.811397298,43.539904887,3.0,32.1,22.6,29.5,21.3,2025-07-14T03:00,2025-07-14T15:23,44549.0,33919.81,9.0,9.0,0.0,0.0,0.0,0.0,0.0,2.0,18.67,7.08,40.0,15.5,7.08,50.0,0.0,1014.9,963.9,24140.0,25.2,0.175,29.6,10192X0095/P21B
3848,195,2025-07-15,4.811397298,43.539904887,3.0,32.8,22.5,30.7,21.4,2025-07-15T03:00,2025-07-15T15:23,44541.05,38304.55,9.0,9.0,0.0,0.0,0.0,0.0,0.0,2.0,20.67,7.58,56.0,15.7,7.58,50.0,0.0,1013.4,962.6,24140.0,24.9,0.176,29.7,10192X0095/P21B
3849,196,2025-07-16,4.811397298,43.539904887,3.0,32.8,22.6,31.4,21.7,2025-07-16T03:00,2025-07-16T15:23,44532.82,36812.15,9.05,9.05,0.0,0.0,0.0,0.0,0.0,10.0,21.12,7.58,59.0,15.7,7.58,49.0,0.0,1013.3,962.5,24140.0,24.0,0.178,29.8,10192X0095/P21B
3850,197,2025-07-17,4.811397298,43.539904887,3.0,31.7,22.4,29.2,21.5,2025-07-17T03:01,2025-07-17T15:23,44524.33,24795.49,7.75,9.05,0.0,0.0,0.0,0.0,0.0,2.0,15.38,6.34,77.0,16.2,6.34,52.0,0.0,1014.1,963.2,24140.0,23.7,0.181,29.8,10192X0095/P21B
3851,198,2025-07-18,4.811397298,43.539904887,3.0,30.7,22.2,28.7,21.3,2025-07-18T03:01,2025-07-18T15:23,44515.58,39306.13,9.05,9.05,0.0,0.0,0.0,0.0,0.0,2.0,19.48,7.01,76.0,16.2,7.01,53.0,0.0,1014.9,963.8,24140.0,26.6,0.181,29.7,10192X0095/P21B
3852,199,2025-07-19,4.811397298,43.539904887,3.0,30.9,22.3,28.7,20.5,2025-07-19T03:01,2025-07-19T15:23,44506.58,22756.88,9.1,9.1,0.0,0.0,0.0,0.0,0.0,2.0,16.57,6.79,56.0,15.6,6.79,52.0,0.0,1013.7,962.7,24140.0,27.5,0.182,29.6,10192X0095/P21B
3853,200,2025-07-20,4.811397298,43.539904887,3.0,31.2,21.9,28.1,20.0,2025-07-20T03:01,2025-07-20T15:23,44497.36,34229.05,9.0,9.1,0.0,0.0,0.0,0.0,0.0,0.0,18.73,7.23,64.0,14.4,7.23,49.0,0.0,1012.0,961.1,24140.0,27.0,0.183,29.4,10192X0095/P21B
3854,201,2025-07-21,4.811397298,43.539904887,3.0,29.4,21.4,27.2,19.9,2025-07-21T03:01,2025-07-21T15:23,44487.91,26851.81,8.95,9.1,0.0,0.0,0.0,0.0,0.0,0.0,15.93,6.42,62.0,15.2,6.42,52.0,0.0,1012.1,961.1,24140.0,27.5,0.183,29.3,10192X0095/P21B
3855,202,2025-07-22,4.811397298,43.539904887,3.0,30.5,21.1,28.0,19.6,2025-07-22T03:01,2025-07-22T15:23,44478.25,30061.73,9.05,9.1,0.0,0.0,0.0,0.0,0.0,2.0,17.08,6.74,66.0,14.9,6.74,51.0,0.0,1013.7,962.7,24140.0,25.9,0.183,29.1,10192X0095/P21B
3856,203,2025-07-23,4.811397298,43.539904887,3.0,31.5,21.8,29.4,20.0,2025-07-23T03:01,2025-07-23T15:23,44468.39,31580.61,8.7,9.1,0.0,0.0,0.0,0.0,0.0,0.0,18.43,6.87,88.0,15.3,6.87,52.0,0.0,1014.0,962.9,24140.0,25.3,0.183,29.1,10192X0095/P21B
3857,204,2025-07-24,4.811397298,43.539904887,3.0,30.5,21.5,27.8,20.3,2025-07-24T03:01,2025-07-24T15:22,44458.33,33367.57,9.1,9.15,0.0,0.0,0.0,0.0,0.0,0.0,17.0,6.91,86.0,14.9,6.91,51.0,0.0,1013.5,962.5,24140.0,27.1,0.182,29.1,10192X0095/P21B
3858,205,2025-07-25,4.811397298,43.539904887,3.0,30.1,21.5,27.1,19.2,2025-07-25T03:02,2025-07-25T15:22,44448.1,29533.33,8.15,9.15,0.0,0.0,0.0,0.0,0.0,0.0,17.32,6.98,95.0,14.3,6.98,48.0,0.0,1013.6,962.5,24140.0,25.9,0.182,29.1,10192X0095/P21B
3859,206,2025-07-26,4.811397298,43.539904887,3.0,32.5,22.0,30.6,19.9,2025-07-26T03:02,2025-07-26T15:22,44437.68,34987.56,9.15,9.15,0.0,0.0,0.0,0.0,0.0,0.0,20.94,8.06,86.0,13.5,8.06,45.0,0.0,1014.1,963.1,24140.0,26.0,0.181,29.2,10192X0095/P21B
3860,207,2025-07-27,4.811397298,43.539904887,3.0,32.6,21.8,28.9,19.9,2025-07-27T03:02,2025-07-27T15:22,44426.98,31323.61,9.15,9.15,0.0,0.0,0.0,0.0,0.0,0.0,20.53,7.87,65.0,14.4,7.87,47.0,0.0,1014.7,963.8,24140.0,27.0,0.181,29.3,10192X0095/P21B
3861,208,2025-07-28,4.811397298,43.539904887,3.0,30.6,21.7,27.4,20.2,2025-07-28T03:02,2025-07-28T15:22,44416.0,31793.75,6.9,9.2,0.0,0.0,0.0,0.0,0.0,4.0,18.4,7.05,70.0,15.3,7.05,52.0,0.0,1015.5,964.4,24140.0,28.2,0.182,29.2,10192X0095/P21B
3862,209,2025-07-29,4.811397298,43.539904887,3.0,29.8,21.5,27.1,19.6,2025-07-29T03:02,2025-07-29T15:22,44404.76,22747.59,9.05,9.2,0.0,0.0,0.0,0.0,0.0,2.0,14.74,6.31,69.0,14.8,6.31,50.0,0.0,1016.0,964.8,24140.0,25.5,0.188,29.0,10192X0095/P21B
3863,210,2025-07-30,4.811397298,43.539904887,3.0,33.2,22.2,30.2,20.6,2025-07-30T03:02,2025-07-30T15:22,44393.27,35397.76,9.25,9.25,0.0,0.0,0.0,0.0,0.0,0.0,22.01,8.03,48.0,14.4,8.03,47.0,0.0,1015.9,965.0,24140.0,26.1,0.19,29.1,10192X0095/P21B
3864,211,2025-07-31,4.811397298,43.539904887,3.0,30.3,21.7,27.4,20.7,2025-07-31T03:02,2025-07-31T15:22,44381.55,31850.34,9.25,9.25,0.0,0.0,0.0,0.0,0.0,2.0,15.77,6.23,62.0,16.6,6.23,57.0,0.0,1015.1,964.0,24140.0,28.0,0.19,29.1,10192X0095/P21B
3865,212,2025-08-01,4.811397298,43.539904887,3.0,30.7,21.6,27.5,20.2,2025-08-01T03:02,2025-08-01T15:21,44369.6,27925.75,9.15,9.3,0.0,0.0,0.0,0.0,0.0,6.0,17.76,6.74,84.0,15.6,6.74,54.0,0.0,1014.4,963.3,24140.0,28.0,0.189,29.0,10192X0095/P21B
3866,213,2025-08-02,4.811397298,43.539904887,3.0,31.6,21.4,28.9,20.5,2025-08-02T03:02,2025-08-02T15:21,44357.44,28157.15,9.25,9.25,0.0,0.0,0.0,0.0,0.0,6.0,17.19,6.87,91.0,15.3,6.87,51.0,0.0,1013.6,962.7,24140.0,25.8,0.189,29.0,10192X0095/P21B
3867,214,2025-08-03,4.811397298,43.539904887,3.0,30.4,21.9,27.4,20.7,2025-08-03T03:02,2025-08-03T15:21,44345.09,27340.94,9.3,9.3,0.0,0.0,0.0,0.0,0.0,2.0,16.84,6.98,71.0,14.7,6.98,49.0,0.0,1014.0,963.0,24140.0,27.3,0.189,29.0,10192X0095/P21B
3868,215,2025-08-04,4.811397298,43.539904887,3.0,30.3,22.1,27.1,20.2,2025-08-04T03:02,2025-08-04T15:21,44332.55,36666.3,9.05,9.3,0.0,0.0,0.0,0.0,0.0,0.0,18.27,7.44,71.0,13.9,7.44,46.0,0.0,1014.2,963.2,24140.0,27.7,0.188,29.0,10192X0095/P21B
3869,216,2025-08-05,4.811397298,43.539904887,3.0,29.9,22.0,26.9,19.6,2025-08-05T03:02,2025-08-05T15:21,44319.85,22035.06,7.0,9.3,0.0,0.0,0.0,0.0,0.0,0.0,15.93,6.5,89.0,14.9,6.5,52.0,0.0,1014.1,962.9,24140.0,27.1,0.189,28.9,10192X0095/P21B
3870,217,2025-08-06,4.811397298,43.539904887,3.0,30.0,21.3,27.7,20.7,2025-08-06T03:02,2025-08-06T15:21,44306.98,35817.09,9.1,9.35,0.0,0.0,0.0,0.0,0.0,2.0,17.83,6.27,67.0,15.8,6.27,55.0,0.0,1012.8,961.8,24140.0,24.2,0.188,28.8,10192X0095/P21B
3871,218,2025-08-07,4.811397298,43.539904887,51.0,30.0,21.8,27.7,20.8,2025-08-07T03:02,2025-08-07T15:20,44293.97,33447.02,8.65,9.35,0.6,0.0,0.0,0.6,3.0,35.0,15.97,5.87,77.0,15.8,5.87,54.0,0.0,1011.5,960.5,24140.0,22.6,0.188,28.8,10192X0095/P21B
3872,219,2025-08-08,4.811397298,43.539904887,3.0,31.3,21.9,29.0,20.8,2025-08-08T03:02,2025-08-08T15:20,44280.84,31133.66,9.1,9.35,0.0,0.0,0.0,0.0,0.0,6.0,18.16,6.77,89.0,15.4,6.77,51.0,0.0,1011.8,961.0,24140.0,23.1,0.187,28.9,10192X0095/P21B
3873,220,2025-08-09,4.811397298,43.539904887,3.0,33.5,22.1,33.0,21.9,2025-08-09T03:02,2025-08-09T15:20,44267.58,38177.88,9.35,9.4,0.0,0.0,0.0,0.0,0.0,10.0,22.04,7.3,96.0,16.0,7.3,51.0,0.0,1012.6,961.9,24140.0,21.8,0.187,29.1,10192X0095/P21B
3874,221,2025-08-10,4.811397298,43.539904887,51.0,32.9,22.3,32.0,21.8,2025-08-10T03:02,2025-08-10T15:20,44254.22,42765.69,9.15,9.4,0.2,0.0,0.0,0.2,1.0,42.0,22.68,7.5,75.0,16.2,7.5,52.0,0.0,1012.5,961.8,24140.0,23.8,0.187,29.3,10192X0095/P21B
3875,222,2025-08-11,4.811397298,43.539904887,51.0,31.8,21.1,29.7,20.0,2025-08-11T03:02,2025-08-11T15:19,44240.76,32047.1,9.1,9.4,0.1,0.0,0.0,0.1,1.0,10.0,19.31,6.47,58.0,15.8,6.47,55.0,0.0,1013.2,962.1,24140.0,22.9,0.187,29.3,10192X0095/P21B
3876,223,2025-08-12,4.811397298,43.539904887,3.0,33.1,20.8,32.1,20.0,2025-08-12T03:02,2025-08-12T15:19,44227.21,42850.24,9.4,9.45,0.0,0.0,0.0,0.0,0.0,2.0,24.71,7.47,15.0,14.0,7.47,47.0,0.0,1013.3,962.4,24140.0,19.7,0.186,29.3,10192X0095/P21B
3877,224,2025-08-13,4.811397298,43.539904887,3.0,33.7,21.1,32.4,19.5,2025-08-13T03:02,2025-08-13T15:19,44213.59,42853.81,9.45,9.45,0.0,0.0,0.0,0.0,0.0,0.0,25.73,8.31,37.0,13.2,8.31,44.0,0.0,1012.7,962.0,24140.0,21.0,0.186,29.4,10192X0095/P21B
3878,225,2025-08-14,4.811397298,43.539904887,3.0,33.4,22.0,31.8,21.6,2025-08-14T03:02,2025-08-14T15:18,44199.91,42857.81,9.45,9.45,0.0,0.0,0.0,0.0,0.0,2.0,25.42,8.11,44.0,15.5,8.11,49.0,0.0,1012.5,961.8,24140.0,22.8,0.186,29.6,10192X0095/P21B
3879,226,2025-08-15,4.811397298,43.539904887,51.0,32.9,22.2,31.7,21.9,2025-08-15T03:02,2025-08-15T15:18,44186.16,42862.24,9.5,9.5,0.1,0.0,0.0,0.1,1.0,10.0,22.81,7.46,27.0,16.5,7.46,53.0,0.0,1011.8,961.1,24140.0,24.9,0.186,29.7,10192X0095/P21B
3880,227,2025-08-16,4.811397298,43.539904887,3.0,33.9,21.4,31.7,20.2,2025-08-16T03:02,2025-08-16T15:18,44172.24,42867.26,9.5,9.5,0.0,0.0,0.0,0.0,0.0,4.0,24.71,8.29,39.0,14.7,8.29,48.0,0.0,1010.8,960.1,24140.0,24.6,0.185,29.7,10192X0095/P21B
3881,228,2025-08-17,4.811397298,43.539904887,3.0,33.0,21.6,31.4,20.4,2025-08-17T03:01,2025-08-17T15:17,44158.15,39272.92,8.4,9.55,0.0,0.0,0.0,0.0,0.0,0.0,22.47,8.11,78.0,15.0,8.11,48.0,0.0,1011.0,960.4,24140.0,25.9,0.185,29.7,10192X0095/P21B
3882,229,2025-08-18,4.811397298,43.539904887,3.0,31.1,22.1,27.8,20.1,2025-08-18T03:01,2025-08-18T15:17,44143.89,33042.15,9.35,9.5,0.0,0.0,0.0,0.0,0.0,0.0,18.35,7.51,61.0,14.7,7.51,48.0,0.0,1012.5,961.7,24140.0,28.5,0.185,29.6,10192X0095/P21B
3883,230,2025-08-19,4.811397298,43.539904887,3.0,30.9,22.0,27.2,19.8,2025-08-19T03:01,2025-08-19T15:17,44129.48,28006.25,9.4,9.55,0.0,0.0,0.0,0.0,0.0,6.0,17.43,7.32,78.0,14.4,7.32,48.0,0.0,1013.0,962.1,24140.0,27.9,0.185,29.5,10192X0095/P21B
3884,231,2025-08-20,4.811397298,43.539904887,3.0,32.6,22.7,30.1,20.4,2025-08-20T03:01,2025-08-20T15:16,44114.93,28078.65,9.55,9.55,0.0,0.0,0.0,0.0,0.0,6.0,21.51,8.29,78.0,13.4,8.29,43.0,0.0,1012.0,961.3,24140.0,25.3,0.185,29.6,10192X0095/P21B
3885,232,2025-08-21,4.811397298,43.539904887,3.0,32.8,22.4,30.8,21.2,2025-08-21T03:01,2025-08-21T15:16,44100.25,26750.1,9.55,9.55,0.0,0.0,0.0,0.0,0.0,0.0,21.7,7.9,62.0,14.2,7.9,46.0,0.0,1012.1,961.3,24140.0,23.7,0.184,29.7,10192X0095/P21B
3886,233,2025-08-22,4.811397298,43.539904887,3.0,32.0,22.7,29.5,21.7,2025-08-22T03:01,2025-08-22T15:16,44085.47,15506.78,6.6,9.55,0.0,0.0,0.0,0.0,0.0,4.0,15.02,6.65,69.0,14.6,6.65,49.0,0.0,1012.2,961.3,24140.0,23.8,0.184,29.6,10192X0095/P21B
3887,234,2025-08-23,4.811397298,43.539904887,3.0,32.1,22.5,30.2,20.7,2025-08-23T03:01,2025-08-23T15:15,44070.58,29912.6,7.2,9.55,0.0,0.0,0.0,0.0,0.0,2.0,21.18,7.31,81.0,14.4,7.31,48.0,0.0,1012.4,961.5,24140.0,22.5,0.183,29.6,10192X0095/P21B
3888,235,2025-08-24,4.811397298,43.539904887,51.0,31.9,22.4,31.6,22.5,2025-08-24T03:01,2025-08-24T15:15,44055.6,36578.3,9.4,9.6,0.4,0.0,0.0,0.4,2.0,54.0,18.19,5.76,45.0,17.4,5.76,59.0,0.0,1013.1,962.2,24140.0,20.0,0.183,29.7,10192X0095/P21B
3889,236,2025-08-25,4.811397298,43.539904887,3.0,31.6,21.9,31.2,22.5,2025-08-25T03:00,2025-08-25T15:14,44040.54,42937.11,9.6,9.6,0.0,0.0,0.0,0.0,0.0,6.0,21.49,6.6,42.0,17.4,6.6,58.0,0.0,1013.7,962.8,24140.0,22.0,0.185,29.7,10192X0095/P21B
3890,237,2025-08-26,4.811397298,43.539904887,3.0,32.9,22.0,32.0,22.2,2025-08-26T03:00,2025-08-26T15:14,44025.42,42259.92,9.65,9.65,0.0,0.0,0.0,0.0,0.0,12.0,21.78,7.02,29.0,17.2,7.02,57.0,0.0,1014.4,963.4,24140.0,25.2,0.187,29.7,10192X0095/P21B
3891,238,2025-08-27,4.811397298,43.539904887,3.0,33.2,21.3,31.3,21.3,2025-08-27T03:00,2025-08-27T15:14,44010.24,39357.13,9.65,9.65,0.0,0.0,0.0,0.0,0.0,4.0,22.11,7.3,38.0,16.1,7.3,54.0,0.0,1013.8,962.9,24140.0,24.8,0.187,29.7,10192X0095/P21B
3892,239,2025-08-28,4.811397298,43.539904887,3.0,32.4,21.4,30.2,20.3,2025-08-28T03:00,2025-08-28T15:13,43995.02,35848.14,9.55,9.65,0.0,0.0,0.0,0.0,0.0,6.0,21.01,7.43,77.0,15.2,7.43,50.0,0.0,1013.8,962.9,24140.0,23.8,0.187,29.7,10192X0095/P21B
3893,240,2025-08-29,4.811397298,43.539904887,3.0,33.0,21.9,32.5,20.9,2025-08-29T03:00,2025-08-29T15:13,43979.77,42978.18,9.15,9.65,0.0,0.0,0.0,0.0,0.0,16.0,22.43,7.58,55.0,15.7,7.58,50.0,0.0,1014.0,963.1,24140.0,23.9,0.187,29.7,10192X0095/P21B
3894,241,2025-08-30,4.811397298,43.539904887,3.0,33.7,21.3,32.2,18.5,2025-08-30T03:00,2025-08-30T15:12,43964.49,40483.62,9.65,9.65,0.0,0.0,0.0,0.0,0.0,8.0,22.47,7.85,40.0,13.6,7.85,45.0,0.0,1014.3,963.3,24140.0,24.2,0.187,29.7,10192X0095/P21B
3895,242,2025-08-31,4.811397298,43.539904887,3.0,30.3,21.2,28.8,20.3,2025-08-31T02:59,2025-08-31T15:12,43949.21,32962.38,9.55,9.65,0.0,0.0,0.0,0.0,0.0,6.0,16.77,6.3,84.0,15.7,6.3,53.0,0.0,1014.5,963.5,24140.0,24.4,0.187,29.5,10192X0095/P21B
3896,243,2025-09-01,4.811397298,43.539904887,3.0,32.9,23.1,31.4,20.8,2025-09-01T02:59,2025-09-01T15:11,43933.91,39477.72,9.6,9.6,0.0,0.0,0.0,0.0,0.0,6.0,25.17,8.57,36.0,15.0,8.57,47.0,0.0,1012.9,962.2,24140.0,26.2,0.191,29.7,10192X0095/P21B
3897,244,2025-09-02,4.811397298,43.539904887,3.0,32.8,22.5,30.4,21.1,2025-09-02T02:59,2025-09-02T15:11,43918.64,43022.21,9.6,9.6,0.0,0.0,0.0,0.0,0.0,2.0,25.98,8.78,15.0,13.3,8.78,43.0,0.0,1012.3,961.5,24140.0,25.1,0.191,29.8,10192X0095/P21B
3898,245,2025-09-03,4.811397298,43.539904887,3.0,32.2,22.2,31.4,21.2,2025-09-03T02:59,2025-09-03T15:11,43903.37,39865.44,9.5,9.65,0.0,0.0,0.0,0.0,0.0,14.0,22.5,7.44,59.0,16.2,7.44,52.0,0.0,1012.8,961.9,24140.0,25.3,0.19,29.8,10192X0095/P21B
3899,246,2025-09-04,4.811397298,43.539904887,3.0,33.4,22.0,33.2,20.4,2025-09-04T02:59,2025-09-04T15:10,43888.12,38709.73,9.65,9.65,0.0,0.0,0.0,0.0,0.0,2.0,23.1,7.62,37.0,14.8,7.62,48.0,0.0,1012.0,961.2,24140.0,21.9,0.19,29.8,10192X0095/P21B
3900,247,2025-09-05,4.811397298,43.539904887,3.0,33.9,21.7,33.5,19.9,2025-09-05T02:58,2025-09-05T15:10,43872.78,40848.5,9.65,9.65,0.0,0.0,0.0,0.0,0.0,4.0,24.57,8.18,23.0,14.2,8.18,45.0,0.0,1011.9,961.2,24140.0,22.3,0.19,29.9,10192X0095/P21B
3901,248,2025-09-06,4.811397298,43.539904887,3.0,33.6,21.6,32.9,20.7,2025-09-06T02:58,2025-09-06T15:09,43857.34,43068.24,9.65,9.65,0.0,0.0,0.0,0.0,0.0,6.0,25.86,8.22,41.0,14.4,8.22,46.0,0.0,1012.6,961.9,24140.0,21.7,0.189,30.0,10192X0095/P21B
3902,249,2025-09-07,4.811397298,43.539904887,3.0,34.3,21.8,33.7,21.5,2025-09-07T02:58,2025-09-07T15:09,43841.8,43080.75,9.6,9.65,0.0,0.0,0.0,0.0,0.0,6.0,25.67,8.07,28.0,15.5,8.07,49.0,0.0,1013.3,962.6,24140.0,21.6,0.189,30.1,10192X0095/P21B
3903,250,2025-09-08,4.811397298,43.539904887,3.0,34.3,22.8,33.9,23.3,2025-09-08T02:58,2025-09-08T15:08,43826.19,43093.64,9.65,9.65,0.0,0.0,0.0,0.0,0.0,10.0,25.34,7.75,42.0,16.9,7.75,51.0,0.0,1012.4,961.8,24140.0,19.9,0.188,30.3,10192X0095/P21B
3904,251,2025-09-09,4.811397298,43.539904887,3.0,34.2,22.9,33.9,22.6,2025-09-09T02:58,2025-09-09T15:08,43810.51,43106.87,9.65,9.65,0.0,0.0,0.0,0.0,0.0,2.0,25.57,8.24,71.0,16.5,8.24,50.0,0.0,1012.4,961.8,24140.0,23.3,0.188,30.4,10192X0095/P21B
3905,252,2025-09-10,4.811397298,43.539904887,3.0,33.8,22.3,32.5,22.4,2025-09-10T02:57,2025-09-10T15:07,43794.78,43120.39,9.65,9.65,0.0,0.0,0.0,0.0,0.0,0.0,26.29,8.7,82.0,14.8,8.7,47.0,0.0,1012.9,962.2,24140.0,23.8,0.188,30.5,10192X0095/P21B
3906,253,2025-09-11,4.811397298,43.539904887,3.0,34.6,23.2,32.8,21.8,2025-09-11T02:57,2025-09-11T15:07,43778.99,43134.15,9.65,9.65,0.0,0.0,0.0,0.0,0.0,10.0,25.8,8.73,23.0,14.9,8.73,46.0,0.0,1012.7,962.0,24140.0,24.4,0.188,30.6,10192X0095/P21B
3907,254,2025-09-12,4.811397298,43.539904887,3.0,33.7,22.3,33.1,21.6,2025-09-12T02:57,2025-09-12T15:06,43763.17,43148.08,9.65,9.65,0.0,0.0,0.0,0.0,0.0,2.0,24.65,7.94,39.0,15.9,7.94,50.0,0.0,1012.6,962.0,24140.0,22.9,0.187,30.6,10192X0095/P21B
3908,255,2025-09-13,4.811397298,43.539904887,3.0,34.1,22.2,33.2,21.4,2025-09-13T02:57,2025-09-13T15:06,43747.33,40720.28,9.65,9.65,0.0,0.0,0.0,0.0,0.0,0.0,25.24,7.92,68.0,15.6,7.92,49.0,0.0,1011.7,961.2,24140.0,21.6,0.187,30.7,10192X0095/P21B
3909,256,2025-09-14,4.811397298,43.539904887,3.0,33.7,22.2,33.3,22.1,2025-09-14T02:56,2025-09-14T15:05,43731.47,43176.3,9.65,9.65,0.0,0.0,0.0,0.0,0.0,0.0,24.79,7.82,43.0,15.5,7.82,48.0,0.0,1011.3,960.8,24140.0,20.7,0.187,30.7,10192X0095/P21B
3910,257,2025-09-15,4.811397298,43.539904887,2.0,34.7,22.3,34.5,21.2,2025-09-15T02:56,2025-09-15T15:05,43715.61,43190.46,9.7,9.7,0.0,0.0,0.0,0.0,0.0,0.0,26.39,8.14,21.0,14.6,8.14,44.0,0.0,1010.5,960.0,24140.0,18.8,0.187,30.8,10192X0095/P21B
3911,258,2025-09-16,4.811397298,43.539904887,0.0,35.3,22.2,35.1,21.9,2025-09-16T02:56,2025-09-16T15:04,43699.75,43200.0,9.65,9.65,0.0,0.0,0.0,0.0,0.0,0.0,26.34,8.39,2.0,14.6,8.39,45.0,0.0,1010.6,960.1,24140.0,20.1,0.187,30.9,10192X0095/P21B
3912,259,2025-09-17,4.811397298,43.539904887,3.0,35.3,22.1,34.7,22.5,2025-09-17T02:56,2025-09-17T15:04,43683.9,43200.0,9.7,9.7,0.0,0.0,0.0,0.0,0.0,2.0,25.8,7.94,33.0,16.4,7.94,50.0,0.0,1010.9,960.4,24140.0,19.5,0.186,31.0,10192X0095/P21B
3913,260,2025-09-18,4.811397298,43.539904887,3.0,35.3,23.1,35.0,24.1,2025-09-18T02:56,2025-09-18T15:03,43668.09,43200.0,9.65,9.65,0.0,0.0,0.0,0.0,0.0,4.0,25.7,7.99,77.0,17.1,7.99,51.0,0.0,1011.4,961.0,24140.0,19.8,0.186,31.1,10192X0095/P21B
3914,261,2025-09-19,4.811397298,43.539904887,3.0,34.3,22.7,33.8,23.2,2025-09-19T02:55,2025-09-19T15:03,43652.3,43196.27,9.7,9.7,0.0,0.0,0.0,0.0,0.0,8.0,26.05,8.18,54.0,16.2,8.18,49.0,0.0,1012.4,961.8,24140.0,21.0,0.187,31.1,10192X0095/P21B
3915,262,2025-09-20,4.811397298,43.539904887,1.0,33.7,22.1,32.6,21.3,2025-09-20T02:55,2025-09-20T15:02,43636.56,43167.21,9.7,9.7,0.0,0.0,0.0,0.0,0.0,0.0,26.06,8.31,8.0,14.3,8.31,45.0,0.0,1012.7,962.0,24140.0,21.3,0.187,31.0,10192X0095/P21B
3916,263,2025-09-21,4.811397298,43.539904887,1.0,34.6,22.6,34.1,23.0,2025-09-21T02:55,2025-09-21T15:02,43620.87,43138.5,9.7,9.7,0.0,0.0,0.0,0.0,0.0,6.0,25.12,7.57,14.0,17.6,7.57,55.0,0.0,1011.9,961.3,24140.0,22.2,0.186,31.0,10192X0095/P21B
3917,264,2025-09-22,4.811397298,43.539904887,3.0,34.6,22.9,34.2,23.5,2025-09-22T02:55,2025-09-22T15:01,43605.25,42776.52,9.7,9.7,0.0,0.0,0.0,0.0,0.0,6.0,23.53,7.45,58.0,17.3,7.45,54.0,0.0,1012.7,962.0,24140.0,22.3,0.186,31.1,10192X0095/P21B
3918,265,2025-09-23,4.811397298,43.539904887,3.0,33.6,22.2,33.5,21.8,2025-09-23T02:54,2025-09-23T15:01,43589.7,43082.39,9.3,9.65,0.0,0.0,0.0,0.0,0.0,6.0,24.27,7.85,95.0,16.3,7.85,52.0,0.0,1013.9,963.1,24140.0,23.6,0.186,31.0,10192X0095/P21B
3919,266,2025-09-24,4.811397298,43.539904887,3.0,33.2,21.4,32.0,20.7,2025-09-24T02:54,2025-09-24T15:01,43574.21,43054.96,9.65,9.7,0.0,0.0,0.0,0.0,0.0,2.0,26.1,7.91,92.0,14.0,7.91,46.0,0.0,1013.6,962.7,24140.0,20.6,0.186,30.9,10192X0095/P21B
3920,267,2025-09-25,4.811397298,43.539904887,3.0,34.0,21.8,32.8,21.2,2025-09-25T02:54,2025-09-25T15:00,43558.69,43027.32,9.65,9.7,0.0,0.0,0.0,0.0,0.0,2.0,26.43,8.48,35.0,14.0,8.48,44.0,0.0,1012.1,961.5,24140.0,21.4,0.186,30.9,10192X0095/P21B
3921,268,2025-09-26,4.811397298,43.539904887,3.0,33.9,21.7,32.1,20.8,2025-09-26T02:54,2025-09-26T15:00,43543.1,42999.51,9.6,9.65,0.0,0.0,0.0,0.0,0.0,0.0,26.04,8.19,80.0,14.6,8.19,46.0,0.0,1011.8,961.2,24140.0,21.5,0.186,30.9,10192X0095/P21B
3922,269,2025-09-27,4.811397298,43.539904887,3.0,33.6,22.6,31.8,21.6,2025-09-27T02:54,2025-09-27T14:59,43527.48,42971.57,8.6,9.65,0.0,0.0,0.0,0.0,0.0,8.0,21.39,7.45,39.0,14.8,7.45,46.0,0.0,1011.7,961.1,24140.0,21.3,0.186,30.9,10192X0095/P21B
3923,270,2025-09-28,4.811397298,43.539904887,3.0,33.0,22.6,31.5,21.3,2025-09-28T02:53,2025-09-28T14:59,43511.83,39459.3,9.65,9.65,0.0,0.0,0.0,0.0,0.0,24.0,21.31,6.94,28.0,15.0,6.94,49.0,0.0,1012.7,961.9,24140.0,19.4,0.186,30.6,10192X0095/P21B
3924,271,2025-09-29,4.811397298,43.539904887,3.0,34.2,22.6,34.7,24.0,2025-09-29T02:53,2025-09-29T14:58,43496.17,42915.6,9.65,9.65,0.0,0.0,0.0,0.0,0.0,2.0,23.43,6.76,38.0,17.0,6.76,52.0,0.0,1011.4,960.8,24140.0,16.0,0.186,30.7,10192X0095/P21B
3925,272,2025-09-30,4.811397298,43.539904887,3.0,35.8,22.7,36.4,23.9,2025-09-30T02:53,2025-09-30T14:58,43480.49,42887.69,9.65,9.65,0.0,0.0,0.0,0.0,0.0,4.0,25.68,7.64,88.0,16.8,7.64,49.0,0.0,1009.9,959.6,50876.67,16.5,0.186,30.9,10192X0095/P21B
3926,273,2025-10-01,4.811397298,43.539904887,3.0,33.2,23.6,33.0,23.3,2025-10-01T02:53,2025-10-01T14:57,43464.81,27886.05,8.6,9.6,0.0,0.0,0.0,0.0,0.0,20.0,19.48,6.59,97.0,15.7,6.59,49.0,0.0,1010.6,960.0,50867.5,18.1,0.186,30.8,10192X0095/P21B
3927,274,2025-10-02,4.811397298,43.539904887,3.0,33.8,22.9,33.5,22.4,2025-10-02T02:53,2025-10-02T14:57,43449.15,42832.32,9.65,9.65,0.0,0.0,0.0,0.0,0.0,0.0,25.23,7.86,63.0,15.4,7.86,47.0,0.0,1009.9,959.4,51915.83,19.7,0.186,30.7,10192X0095/P21B
3928,275,2025-10-03,4.811397298,43.539904887,3.0,31.7,22.9,31.0,21.9,2025-10-03T02:52,2025-10-03T14:56,43433.51,28446.13,9.6,9.6,0.0,0.0,0.0,0.0,0.0,16.0,16.79,5.64,68.0,15.8,5.64,52.0,0.0,1011.9,961.1,50520.0,16.8,0.185,30.6,10192X0095/P21B
3929,276,2025-10-04,4.811397298,43.539904887,3.0,34.4,23.2,35.4,22.6,2025-10-04T02:52,2025-10-04T14:56,43417.9,32520.52,9.35,9.6,0.0,0.0,0.0,0.0,0.0,6.0,21.36,6.77,87.0,15.8,6.77,49.0,0.0,1012.5,961.9,51399.17,16.4,0.185,30.7,10192X0095/P21B
3930,277,2025-10-05,4.811397298,43.539904887,53.0,34.1,22.9,34.7,22.5,2025-10-05T02:52,2025-10-05T14:55,43402.34,39064.74,9.55,9.55,0.9,0.1,0.0,1.0,4.0,55.0,21.26,6.61,27.0,16.8,6.61,53.0,0.0,1012.1,961.4,43696.67,17.9,0.184,30.7,10192X0095/P21B
3931,278,2025-10-06,4.811397298,43.539904887,51.0,32.0,23.2,32.8,22.3,2025-10-06T02:52,2025-10-06T14:55,43386.83,30777.83,5.95,9.55,0.8,0.1,0.0,0.9,5.0,49.0,18.28,5.48,43.0,17.4,5.48,59.0,0.0,1013.0,962.0,42916.67,16.3,0.186,30.6,10192X0095/P21B
3932,279,2025-10-07,4.811397298,43.539904887,81.0,33.7,21.2,35.3,23.9,2025-10-07T02:52,2025-10-07T14:55,43371.39,32713.17,9.55,9.55,2.5,8.4,0.0,10.9,5.0,88.0,20.36,5.13,46.0,18.4,5.13,66.0,0.0,1013.4,962.3,41122.5,12.3,0.187,30.5,10192X0095/P21B
3933,280,2025-10-08,4.811397298,43.539904887,81.0,33.6,21.1,34.6,21.4,2025-10-08T02:52,2025-10-08T14:54,43356.03,32954.86,7.5,9.6,3.8,2.0,0.0,5.8,2.0,94.0,21.33,5.14,28.0,18.8,5.14,69.0,0.0,1013.6,962.4,43308.33,12.9,0.183,30.3,10192X0095/P21B
3934,281,2025-10-09,4.811397298,43.539904887,3.0,33.8,22.5,34.6,24.1,2025-10-09T02:51,2025-10-09T14:54,43340.75,42413.81,9.55,9.55,0.0,0.0,0.0,0.0,0.0,24.0,22.54,6.63,49.0,16.4,6.63,50.0,0.0,1013.6,962.9,51846.67,14.4,0.182,30.7,10192X0095/P21B
3935,282,2025-10-10,4.811397298,43.539904887,81.0,32.0,22.1,33.6,24.6,2025-10-10T02:51,2025-10-10T14:53,43325.57,20192.98,9.5,9.5,7.3,2.4,0.0,9.7,7.0,100.0,15.22,3.57,77.0,19.4,3.57,74.0,0.0,1013.5,962.2,35027.5,9.4,0.187,30.4,10192X0095/P21B
3936,283,2025-10-11,4.811397298,43.539904887,81.0,31.3,21.7,32.5,24.4,2025-10-11T02:51,2025-10-11T14:53,43310.5,34858.99,9.5,9.5,15.1,2.5,0.0,17.6,13.0,100.0,17.08,4.07,77.0,19.4,4.07,73.0,0.0,1012.4,961.3,24806.67,12.0,0.187,30.0,10192X0095/P21B
3937,284,2025-10-12,4.811397298,43.539904887,81.0,28.0,22.0,30.2,24.9,2025-10-12T02:51,2025-10-12T14:53,43295.54,32783.03,9.15,9.45,3.9,3.7,0.0,7.6,11.0,100.0,15.21,3.29,55.0,19.9,3.29,78.0,0.0,1012.4,961.1,26643.34,8.0,0.191,29.8,10192X0095/P21B
3938,285,2025-10-13,4.811397298,43.539904887,82.0,30.1,21.3,33.2,24.5,2025-10-13T02:51,2025-10-13T14:52,43280.72,36734.54,8.65,9.45,5.0,9.0,0.0,14.0,5.0,69.0,18.13,3.95,47.0,19.4,3.95,73.0,0.0,1012.5,961.3,36513.33,8.4,0.193,29.6,10192X0095/P21B
3939,286,2025-10-14,4.811397298,43.539904887,81.0,30.7,21.9,33.3,24.5,2025-10-14T02:51,2025-10-14T14:52,43266.02,34719.35,9.25,9.45,4.6,1.7,0.0,6.3,4.0,98.0,16.78,3.6,60.0,19.5,3.6,74.0,0.0,1012.3,961.1,39901.67,8.3,0.191,29.5,10192X0095/P21B
3940,287,2025-10-15,4.811397298,43.539904887,95.0,30.0,21.8,33.3,24.0,2025-10-15T02:51,2025-10-15T14:52,43251.32,42519.87,8.9,9.5,2.0,8.5,0.0,10.5,9.0,80.0,19.02,4.02,77.0,19.9,4.02,75.0,0.0,1011.5,960.3,34978.33,9.6,0.196,29.1,10192X0095/P21B
3941,288,2025-10-16,4.811397298,43.539904887,55.0,31.0,21.1,33.4,23.6,2025-10-16T02:51,2025-10-16T14:51,43236.62,21062.66,5.25,9.45,2.4,0.3,0.0,2.7,6.0,80.0,14.57,3.17,96.0,20.0,3.17,80.0,0.0,1011.8,960.4,35152.5,7.6,0.21,28.7,10192X0095/P21B
3942,289,2025-10-17,4.811397298,43.539904887,3.0,31.3,21.4,35.8,24.1,2025-10-17T02:51,2025-10-17T14:51,43221.93,33506.63,9.5,9.5,0.0,0.0,0.0,0.0,0.0,22.0,21.42,4.81,51.0,19.5,4.81,70.0,0.0,1012.5,961.4,46390.83,7.6,0.209,28.7,10192X0095/P21B
3943,290,2025-10-18,4.811397298,43.539904887,51.0,31.3,21.7,33.9,24.1,2025-10-18T02:51,2025-10-18T14:51,43207.26,41687.1,9.45,9.45,0.4,0.4,0.0,0.8,4.0,67.0,20.6,4.66,53.0,19.7,4.66,71.0,0.0,1012.9,961.8,42494.17,10.5,0.206,28.8,10192X0095/P21B
3944,291,2025-10-19,4.811397298,43.539904887,53.0,30.9,21.8,33.5,24.0,2025-10-19T02:50,2025-10-19T14:50,43192.62,30316.09,9.1,9.4,0.8,0.2,0.0,1.0,4.0,76.0,17.4,4.25,59.0,19.4,4.25,69.0,0.0,1012.4,961.4,44879.17,12.6,0.204,28.7,10192X0095/P21B
3945,292,2025-10-20,4.811397298,43.539904887,51.0,31.9,21.3,34.0,23.9,2025-10-20T02:50,2025-10-20T14:50,43178.02,42425.62,9.4,9.4,0.1,0.0,0.0,0.1,1.0,16.0,24.21,5.39,59.0,18.7,5.39,64.0,0.0,1010.8,959.9,47390.0,9.9,0.202,28.7,10192X0095/P21B
3946,293,2025-10-21,4.811397298,43.539904887,51.0,32.1,21.8,34.4,24.7,2025-10-21T02:50,2025-10-21T14:50,43163.49,34557.13,9.3,9.4,0.1,0.0,0.0,0.1,1.0,27.0,20.92,5.08,66.0,18.6,5.08,63.0,0.0,1011.3,960.5,47218.33,10.0,0.2,28.8,10192X0095/P21B
3947,294,2025-10-22,4.811397298,43.539904887,51.0,31.7,22.3,34.7,25.3,2025-10-22T02:50,2025-10-22T14:50,43149.01,42391.49,9.35,9.4,0.0,0.1,0.0,0.1,1.0,24.0,22.13,4.88,75.0,19.0,4.88,65.0,0.0,1012.9,961.9,46173.33,8.1,0.195,28.9,10192X0095/P21B
3948,295,2025-10-23,4.811397298,43.539904887,3.0,32.9,22.3,35.0,23.8,2025-10-23T02:50,2025-10-23T14:49,43134.64,41341.6,9.4,9.4,0.0,0.0,0.0,0.0,0.0,12.0,23.51,5.4,86.0,16.7,5.4,56.0,0.0,1012.3,961.5,50425.83,6.9,0.193,28.9,10192X0095/P21B
3949,296,2025-10-24,4.811397298,43.539904887,3.0,33.4,21.3,35.8,22.9,2025-10-24T02:50,2025-10-24T14:49,43120.35,42359.94,9.05,9.35,0.0,0.0,0.0,0.0,0.0,2.0,24.72,5.63,39.0,16.5,5.63,53.0,0.0,1011.9,961.2,51826.67,6.5,0.189,29.0,10192X0095/P21B
3950,297,2025-10-25,4.811397298,43.539904887,3.0,34.0,21.8,36.8,23.8,2025-10-25T02:50,2025-10-25T14:49,43106.16,42345.24,9.35,9.35,0.0,0.0,0.0,0.0,0.0,2.0,24.58,5.92,24.0,16.5,5.92,52.0,0.0,1010.3,959.7,52227.5,7.4,0.186,29.3,10192X0095/P21B
3951,298,2025-10-26,4.811397298,43.539904887,3.0,34.5,22.8,38.0,24.9,2025-10-26T02:50,2025-10-26T14:49,43092.1,42331.31,9.3,9.3,0.0,0.0,0.0,0.0,0.0,4.0,24.64,6.05,50.0,18.3,6.05,55.0,0.0,1010.1,959.6,50270.0,8.7,0.184,29.6,10192X0095/P21B
3952,299,2025-10-27,4.811397298,43.539904887,51.0,34.6,23.6,38.7,26.6,2025-10-27T02:50,2025-10-27T14:48,43078.17,42318.22,9.25,9.25,0.0,0.1,0.0,0.1,1.0,20.0,22.93,5.91,26.0,19.1,5.91,57.0,0.0,1011.0,960.5,50736.67,9.0,0.183,30.0,10192X0095/P21B
3953,300,2025-10-28,4.811397298,43.539904887,51.0,33.7,23.3,36.0,24.8,2025-10-28T02:50,2025-10-28T14:48,43064.39,42305.99,9.25,9.25,0.0,0.1,0.0,0.1,1.0,18.0,23.82,6.29,30.0,17.3,6.29,53.0,0.0,1011.2,960.7,46220.0,10.3,0.18,30.2,10192X0095/P21B
3954,301,2025-10-29,4.811397298,43.539904887,3.0,33.4,21.7,34.4,23.6,2025-10-29T02:50,2025-10-29T14:48,43050.76,42294.67,9.25,9.25,0.0,0.0,0.0,0.0,0.0,0.0,25.22,6.42,40.0,15.8,6.42,52.0,0.0,1011.5,960.7,51820.0,10.6,0.181,30.1,10192X0095/P21B
3955,302,2025-10-30,4.811397298,43.539904887,3.0,33.3,21.0,34.5,22.6,2025-10-30T02:50,2025-10-30T14:48,43037.31,42284.31,9.2,9.2,0.0,0.0,0.0,0.0,0.0,6.0,24.96,6.59,49.0,14.6,6.59,50.0,0.0,1011.9,961.1,51713.33,10.7,0.184,30.1,10192X0095/P21B
3956,303,2025-10-31,4.811397298,43.539904887,3.0,34.1,21.4,35.7,23.3,2025-10-31T02:50,2025-10-31T14:48,43024.05,42274.96,9.15,9.2,0.0,0.0,0.0,0.0,0.0,0.0,25.03,6.54,55.0,14.5,6.54,47.0,0.0,1011.9,961.2,52729.17,9.0,0.183,30.2,10192X0095/P21B
3957,304,2025-11-01,4.811397298,43.539904887,1.0,33.9,22.0,36.8,23.4,2025-11-01T02:51,2025-11-01T14:47,43010.99,42266.66,9.2,9.2,0.0,0.0,0.0,0.0,0.0,2.0,24.61,6.3,7.0,15.1,6.3,47.0,0.0,1012.5,961.9,52399.17,9.0,0.181,30.4,10192X0095/P21B
3958,305,2025-11-02,4.811397298,43.539904887,1.0,34.7,23.0,36.2,24.5,2025-11-02T02:51,2025-11-02T14:47,42998.14,42259.46,9.15,9.15,0.0,0.0,0.0,0.0,0.0,0.0,24.43,6.7,4.0,14.5,6.7,44.0,0.0,1012.8,962.2,53208.33,10.2,0.18,30.7,10192X0095/P21B
3959,306,2025-11-03,4.811397298,43.539904887,3.0,34.0,22.5,35.2,23.8,2025-11-03T02:51,2025-11-03T14:47,42985.49,42253.33,9.1,9.1,0.0,0.0,0.0,0.0,0.0,6.0,24.37,6.67,25.0,14.3,6.67,45.0,0.0,1014.0,963.3,52620.0,10.7,0.18,30.8,10192X0095/P21B
3960,307,2025-11-04,4.811397298,43.539904887,2.0,34.4,22.4,36.9,23.7,2025-11-04T02:51,2025-11-04T14:47,42972.94,42248.08,9.1,9.1,0.0,0.0,0.0,0.0,0.0,0.0,23.89,6.09,18.0,15.4,6.09,48.0,0.0,1013.4,962.7,52228.33,9.3,0.179,30.9,10192X0095/P21B
3961,308,2025-11-05,4.811397298,43.539904887,1.0,33.5,22.6,36.5,24.5,2025-11-05T02:51,2025-11-05T14:47,42960.46,42243.69,8.8,9.05,0.0,0.0,0.0,0.0,0.0,10.0,23.48,5.66,12.0,16.9,5.66,52.0,0.0,1012.5,961.9,50884.17,7.8,0.18,31.0,10192X0095/P21B
3962,309,2025-11-06,4.811397298,43.539904887,53.0,32.5,23.6,35.2,25.7,2025-11-06T02:51,2025-11-06T14:47,42948.08,42240.15,8.3,9.0,1.4,0.1,0.0,1.5,4.0,31.0,20.81,5.03,22.0,18.8,5.03,61.0,0.0,1011.4,960.7,41555.0,9.1,0.182,30.9,10192X0095/P21B
3963,310,2025-11-07,4.811397298,43.539904887,1.0,32.5,22.4,34.1,23.9,2025-11-07T02:51,2025-11-07T14:47,42935.8,42237.48,8.95,9.0,0.0,0.0,0.0,0.0,0.0,33.0,23.53,6.3,7.0,15.9,6.3,52.0,0.0,1011.4,960.7,48392.5,12.3,0.181,30.7,10192X0095/P21B
3964,311,2025-11-08,4.811397298,43.539904887,0.0,32.5,20.9,32.5,22.5,2025-11-08T02:52,2025-11-08T14:47,42923.63,42235.66,8.95,8.95,0.0,0.0,0.0,0.0,0.0,0.0,25.36,6.57,0.0,13.3,6.57,46.0,0.0,1013.1,962.2,52376.67,11.6,0.18,30.5,10192X0095/P21B
3965,312,2025-11-09,4.811397298,43.539904887,0.0,32.3,21.3,33.2,21.4,2025-11-09T02:52,2025-11-09T14:47,42911.59,42234.7,8.95,8.95,0.0,0.0,0.0,0.0,0.0,0.0,25.16,6.26,2.0,13.6,6.26,47.0,0.0,1013.5,962.5,52205.83,10.9,0.18,30.3,10192X0095/P21B
3966,313,2025-11-10,4.811397298,43.539904887,1.0,33.2,21.5,34.2,21.9,2025-11-10T02:52,2025-11-10T14:47,42899.7,42234.6,8.95,8.95,0.0,0.0,0.0,0.0,0.0,2.0,24.35,6.35,4.0,14.5,6.35,47.0,0.0,1012.6,961.8,51756.67,11.0,0.178,30.3,10192X0095/P21B
3967,314,2025-11-11,4.811397298,43.539904887,3.0,33.4,22.4,34.5,24.0,2025-11-11T02:52,2025-11-11T14:47,42887.97,42235.36,8.9,8.9,0.0,0.0,0.0,0.0,0.0,4.0,23.14,6.13,22.0,16.4,6.13,52.0,0.0,1011.8,961.1,51000.83,12.0,0.178,30.5,10192X0095/P21B
3968,315,2025-11-12,4.811397298,43.539904887,51.0,32.5,22.5,33.5,24.1,2025-11-12T02:52,2025-11-12T14:47,42876.4,42236.98,8.85,8.85,0.0,0.1,0.0,0.1,1.0,18.0,23.03,5.97,41.0,16.6,5.97,54.0,0.0,1012.5,961.7,50019.17,11.7,0.177,30.5,10192X0095/P21B
3969,316,2025-11-13,4.811397298,43.539904887,3.0,32.9,22.0,33.8,23.8,2025-11-13T02:53,2025-11-13T14:47,42865.03,42239.46,8.8,8.8,0.0,0.0,0.0,0.0,0.0,2.0,23.7,6.4,52.0,15.6,6.4,50.0,0.0,1013.0,962.2,51309.17,12.8,0.177,30.5,10192X0095/P21B
3970,317,2025-11-14,4.811397298,43.539904887,51.0,32.9,22.3,34.2,23.9,2025-11-14T02:53,2025-11-14T14:47,42853.84,42242.81,8.75,8.8,0.0,0.2,0.0,0.2,2.0,8.0,23.22,6.12,50.0,16.2,6.12,52.0,0.0,1013.1,962.3,48581.67,12.6,0.177,30.5,10192X0095/P21B
3971,318,2025-11-15,4.811397298,43.539904887,3.0,33.1,22.4,34.8,23.1,2025-11-15T02:53,2025-11-15T14:47,42842.88,42247.01,8.75,8.75,0.0,0.0,0.0,0.0,0.0,4.0,23.11,6.15,26.0,16.6,6.15,52.0,0.0,1012.4,961.7,50465.0,11.6,0.176,30.5,10192X0095/P21B
3972,319,2025-11-16,4.811397298,43.539904887,2.0,33.6,22.8,34.7,24.2,2025-11-16T02:53,2025-11-16T14:47,42832.14,42252.08,8.65,8.75,0.0,0.0,0.0,0.0,0.0,10.0,22.73,6.33,16.0,16.3,6.33,50.0,0.0,1013.6,962.9,51104.17,12.8,0.175,30.6,10192X0095/P21B
3973,320,2025-11-17,4.811397298,43.539904887,1.0,34.2,23.2,34.3,25.2,2025-11-17T02:54,2025-11-17T14:47,42821.64,42258.03,8.75,8.75,0.0,0.0,0.0,0.0,0.0,0.0,23.31,6.68,11.0,16.1,6.68,49.0,0.0,1013.5,962.8,51260.83,13.2,0.175,30.7,10192X0095/P21B
3974,321,2025-11-18,4.811397298,43.539904887,53.0,33.4,21.0,33.7,22.6,2025-11-18T02:54,2025-11-18T14:47,42811.4,39620.24,8.75,8.75,0.9,0.3,0.0,1.2,3.0,71.0,22.65,6.3,19.0,15.9,6.3,51.0,0.0,1012.0,961.3,45048.33,13.3,0.175,30.7,10192X0095/P21B
3975,322,2025-11-19,4.811397298,43.539904887,3.0,33.6,23.0,33.7,22.7,2025-11-19T02:54,2025-11-19T14:48,42801.44,42272.5,8.7,8.7,0.0,0.0,0.0,0.0,0.0,2.0,23.95,6.86,16.0,14.4,6.86,46.0,0.0,1010.8,960.2,51595.0,14.2,0.175,30.7,10192X0095/P21B
3976,323,2025-11-20,4.811397298,43.539904887,3.0,32.7,22.2,32.4,22.2,2025-11-20T02:54,2025-11-20T14:48,42791.76,42281.05,8.65,8.65,0.0,0.0,0.0,0.0,0.0,0.0,24.74,6.9,27.0,12.5,6.9,42.0,0.0,1012.7,961.9,52220.0,14.0,0.175,30.6,10192X0095/P21B
3977,324,2025-11-21,4.811397298,43.539904887,3.0,33.7,21.9,32.7,20.0,2025-11-21T02:55,2025-11-21T14:48,42782.38,42290.46,8.65,8.65,0.0,0.0,0.0,0.0,0.0,0.0,24.85,7.87,45.0,9.9,7.87,34.0,0.0,1012.8,962.0,52840.0,16.4,0.175,30.5,10192X0095/P21B
3978,325,2025-11-22,4.811397298,43.539904887,3.0,33.5,21.8,33.2,20.5,2025-11-22T02:55,2025-11-22T14:48,42773.32,42300.75,8.65,8.65,0.0,0.0,0.0,0.0,0.0,0.0,24.3,7.26,25.0,12.4,7.26,39.0,0.0,1013.6,962.8,52217.5,14.8,0.174,30.5,10192X0095/P21B
3979,326,2025-11-23,4.811397298,43.539904887,1.0,33.6,22.9,33.4,23.5,2025-11-23T02:55,2025-11-23T14:48,42764.57,42311.99,8.65,8.65,0.0,0.0,0.0,0.0,0.0,0.0,24.37,6.62,3.0,14.2,6.62,46.0,0.0,1013.5,962.8,51462.5,13.6,0.174,30.5,10192X0095/P21B
3980,327,2025-11-24,4.811397298,43.539904887,3.0,33.9,22.1,34.5,23.5,2025-11-24T02:56,2025-11-24T14:48,42756.04,42324.44,8.65,8.65,0.0,0.0,0.0,0.0,0.0,0.0,24.05,6.66,22.0,14.1,6.66,45.0,0.0,1014.0,963.2,51245.0,11.9,0.173,30.6,10192X0095/P21B
3981,328,2025-11-25,4.811397298,43.539904887,1.0,33.4,21.8,34.5,24.7,2025-11-25T02:56,2025-11-25T14:49,42747.71,42327.42,8.6,8.6,0.0,0.0,0.0,0.0,0.0,12.0,22.97,6.12,9.0,15.7,6.12,50.0,0.0,1013.6,962.8,50477.5,11.0,0.173,30.6,10192X0095/P21B
3982,329,2025-11-26,4.811397298,43.539904887,2.0,33.8,22.5,34.7,24.9,2025-11-26T02:57,2025-11-26T14:49,42739.61,42319.2,8.6,8.6,0.0,0.0,0.0,0.0,0.0,2.0,23.43,6.3,15.0,15.8,6.3,50.0,0.0,1012.7,962.0,48980.0,11.4,0.173,30.7,10192X0095/P21B
3983,330,2025-11-27,4.811397298,43.539904887,3.0,32.9,22.7,33.3,23.5,2025-11-27T02:57,2025-11-27T14:49,42731.72,42311.18,8.55,8.55,0.0,0.0,0.0,0.0,0.0,0.0,22.75,6.25,64.0,15.6,6.25,49.0,0.0,1012.4,961.7,49977.5,13.0,0.173,30.7,10192X0095/P21B
3984,331,2025-11-28,4.811397298,43.539904887,1.0,33.4,22.0,33.4,22.1,2025-11-28T02:57,2025-11-28T14:49,42724.07,42303.38,8.55,8.55,0.0,0.0,0.0,0.0,0.0,0.0,24.39,6.37,10.0,13.5,6.37,46.0,0.0,1012.5,961.7,51007.5,11.3,0.173,30.7,10192X0095/P21B
3985,332,2025-11-29,4.811397298,43.539904887,3.0,33.3,21.6,31.9,20.7,2025-11-29T02:58,2025-11-29T14:50,42716.67,42295.81,8.6,8.6,0.0,0.0,0.0,0.0,0.0,0.0,24.61,7.13,57.0,10.0,7.13,37.0,0.0,1011.5,960.7,51659.17,14.3,0.172,30.5,10192X0095/P21B
3986,333,2025-11-30,4.811397298,43.539904887,3.0,33.0,21.7,31.5,19.0,2025-11-30T02:58,2025-11-30T14:50,42709.53,42288.49,8.55,8.55,0.0,0.0,0.0,0.0,0.0,0.0,24.7,8.1,56.0,8.6,8.1,32.0,0.0,1011.6,960.9,52071.67,17.4,0.172,30.4,10192X0095/P21B
3987,334,2025-12-01,4.811397298,43.539904887,3.0,32.7,21.3,31.3,19.2,2025-12-01T02:59,2025-12-01T14:50,42702.65,42281.41,8.55,8.55,0.0,0.0,0.0,0.0,0.0,0.0,24.51,7.56,63.0,9.9,7.56,35.0,0.0,1012.0,961.2,51956.67,16.3,0.172,30.4,10192X0095/P21B
3988,335,2025-12-02,4.811397298,43.539904887,3.0,33.0,22.1,31.6,21.6,2025-12-02T02:59,2025-12-02T14:51,42696.05,42274.59,8.5,8.55,0.0,0.0,0.0,0.0,0.0,0.0,24.05,7.08,79.0,11.3,7.08,40.0,0.0,1011.7,960.9,51293.33,15.5,0.171,30.3,10192X0095/P21B
3989,336,2025-12-03,4.811397298,43.539904887,3.0,33.1,21.9,33.4,21.6,2025-12-03T03:00,2025-12-03T14:51,42689.73,42268.04,8.5,8.5,0.0,0.0,0.0,0.0,0.0,0.0,23.58,6.84,29.0,14.3,6.84,45.0,0.0,1011.1,960.4,50505.83,15.0,0.171,30.3,10192X0095/P21B
3990,337,2025-12-04,4.811397298,43.539904887,3.0,33.6,23.1,34.5,23.4,2025-12-04T03:00,2025-12-04T14:51,42683.71,38903.96,8.05,8.5,0.0,0.0,0.0,0.0,0.0,2.0,21.75,6.36,62.0,15.6,6.36,47.0,0.0,1012.1,961.5,50300.0,13.5,0.171,30.5,10192X0095/P21B
3991,338,2025-12-05,4.811397298,43.539904887,3.0,33.6,23.5,34.4,24.7,2025-12-05T03:00,2025-12-05T14:52,42678.0,36917.76,8.4,8.5,0.0,0.0,0.0,0.0,0.0,6.0,20.39,6.15,80.0,15.6,6.15,47.0,0.0,1012.7,962.1,50193.33,12.8,0.171,30.6,10192X0095/P21B
3992,339,2025-12-06,4.811397298,43.539904887,3.0,34.5,24.2,35.6,24.1,2025-12-06T03:01,2025-12-06T14:52,42672.61,38948.77,8.25,8.45,0.0,0.0,0.0,0.0,0.0,0.0,22.45,6.61,28.0,14.8,6.61,43.0,0.0,1012.4,961.9,50577.5,11.5,0.172,30.8,10192X0095/P21B
3993,340,2025-12-07,4.811397298,43.539904887,2.0,32.5,22.8,33.1,24.2,2025-12-07T03:01,2025-12-07T14:53,42667.55,42244.81,8.45,8.45,0.0,0.0,0.0,0.0,0.0,2.0,22.22,6.16,13.0,15.7,6.16,49.0,0.0,1013.0,962.2,49791.67,13.6,0.172,30.7,10192X0095/P21B
3994,341,2025-12-08,4.811397298,43.539904887,3.0,32.9,22.6,33.3,24.2,2025-12-08T03:02,2025-12-08T14:53,42662.82,42239.81,8.45,8.45,0.0,0.0,0.0,0.0,0.0,8.0,22.17,5.97,34.0,15.4,5.97,50.0,0.0,1013.2,962.4,49790.0,12.8,0.171,30.7,10192X0095/P21B
3995,342,2025-12-09,4.811397298,43.539904887,3.0,33.6,22.9,34.9,24.0,2025-12-09T03:02,2025-12-09T14:53,42658.44,42235.14,8.4,8.45,0.0,0.0,0.0,0.0,0.0,2.0,21.9,6.28,88.0,15.2,6.28,46.0,0.0,1011.9,961.4,50253.33,11.9,0.171,30.7,10192X0095/P21B
3996,343,2025-12-10,4.811397298,43.539904887,3.0,34.1,23.2,34.0,23.3,2025-12-10T03:03,2025-12-10T14:54,42654.42,42230.82,8.35,8.4,0.0,0.0,0.0,0.0,0.0,2.0,23.34,6.99,53.0,13.7,6.99,42.0,0.0,1011.9,961.4,50585.83,13.4,0.171,30.8,10192X0095/P21B
3997,344,2025-12-11,4.811397298,43.539904887,3.0,34.1,23.2,35.0,25.2,2025-12-11T03:03,2025-12-11T14:54,42650.78,42226.87,8.4,8.4,0.0,0.0,0.0,0.0,0.0,0.0,23.15,6.67,16.0,16.4,6.67,48.0,0.0,1011.0,960.6,49735.83,13.7,0.171,30.9,10192X0095/P21B
3998,345,2025-12-12,4.811397298,43.539904887,0.0,34.5,24.2,34.8,25.4,2025-12-12T03:04,2025-12-12T14:55,42647.5,42223.29,8.4,8.4,0.0,0.0,0.0,0.0,0.0,2.0,23.26,7.07,5.0,15.4,7.07,44.0,0.0,1010.5,960.2,50238.33,14.3,0.171,31.1,10192X0095/P21B
3999,346,2025-12-13,4.811397298,43.539904887,3.0,34.2,25.2,35.3,25.2,2025-12-13T03:04,2025-12-13T14:55,42644.62,35517.33,8.4,8.4,0.0,0.0,0.0,0.0,0.0,4.0,20.88,6.5,29.0,15.8,6.5,47.0,0.0,1011.0,960.6,49751.67,14.0,0.169,31.2,10192X0095/P21B
4000,347,2025-12-14,4.811397298,43.539904887,51.0,33.4,22.8,34.9,25.4,2025-12-14T03:05,2025-12-14T14:55,42642.07,42217.9,8.4,8.4,0.0,0.1,0.0,0.1,1.0,16.0,22.3,5.99,10.0,16.3,5.99,51.0,0.0,1011.3,960.7,48223.33,10.5,0.171,31.2,10192X0095/P21B
4001,348,2025-12-15,4.811397298,43.539904887,3.0,33.9,22.6,34.8,23.7,2025-12-15T03:05,2025-12-15T14:56,42639.86,42215.84,8.4,8.4,0.0,0.0,0.0,0.0,0.0,0.0,23.63,6.82,48.0,13.6,6.82,42.0,0.0,1009.7,959.2,50211.67,12.0,0.17,31.2,10192X0095/P21B
4002,349,2025-12-16,4.811397298,43.539904887,3.0,34.4,22.7,34.6,24.0,2025-12-16T03:06,2025-12-16T14:56,42637.99,42214.1,8.4,8.4,0.0,0.0,0.0,0.0,0.0,0.0,23.08,6.82,41.0,14.5,6.82,44.0,0.0,1009.0,958.6,49855.0,13.5,0.17,31.2,10192X0095/P21B
4003,350,2025-12-17,4.811397298,43.539904887,3.0,34.5,23.1,34.8,24.4,2025-12-17T03:06,2025-12-17T14:57,42636.45,42212.67,8.4,8.4,0.0,0.0,0.0,0.0,0.0,0.0,22.4,6.96,46.0,16.1,6.96,47.0,0.0,1010.0,959.7,49594.17,15.6,0.17,31.3,10192X0095/P21B
4004,351,2025-12-18,4.811397298,43.539904887,3.0,34.4,24.1,34.4,24.3,2025-12-18T03:07,2025-12-18T14:57,42635.25,42211.56,8.15,8.35,0.0,0.0,0.0,0.0,0.0,0.0,22.92,7.23,49.0,15.5,7.23,45.0,0.0,1011.6,961.1,49527.5,16.7,0.17,31.4,10192X0095/P21B
4005,352,2025-12-19,4.811397298,43.539904887,3.0,34.5,23.8,35.0,25.6,2025-12-19T03:07,2025-12-19T14:58,42634.39,42210.78,8.4,8.4,0.0,0.0,0.0,0.0,0.0,4.0,22.2,6.59,32.0,16.7,6.59,49.0,0.0,1011.1,960.7,48973.33,14.1,0.17,31.4,10192X0095/P21B
4006,353,2025-12-20,4.811397298,43.539904887,3.0,33.4,23.7,34.0,25.3,2025-12-20T03:08,2025-12-20T14:58,42633.87,42210.31,8.4,8.4,0.0,0.0,0.0,0.0,0.0,2.0,21.8,6.6,32.0,17.0,6.6,51.0,0.0,1009.8,959.3,47165.0,15.8,0.17,31.4,10192X0095/P21B
4007,354,2025-12-21,4.811397298,43.539904887,3.0,32.0,23.5,32.8,23.5,2025-12-21T03:08,2025-12-21T14:59,42633.68,41805.67,8.4,8.4,0.0,0.0,0.0,0.0,0.0,10.0,19.48,6.06,17.0,16.3,6.06,51.0,0.0,1010.4,959.7,47031.67,17.1,0.169,31.1,10192X0095/P21B
4008,355,2025-12-22,4.811397298,43.539904887,1.0,33.4,23.1,32.2,23.4,2025-12-22T03:09,2025-12-22T14:59,42633.83,42210.32,8.45,8.45,0.0,0.0,0.0,0.0,0.0,0.0,23.81,7.45,9.0,13.7,7.45,43.0,0.0,1010.3,959.7,49309.17,17.8,0.169,31.1,10192X0095/P21B
4009,356,2025-12-23,4.811397298,43.539904887,3.0,33.2,23.3,32.3,22.1,2025-12-23T03:09,2025-12-23T15:00,42634.31,42210.8,8.45,8.45,0.0,0.0,0.0,0.0,0.0,0.0,23.73,7.54,36.0,12.5,7.54,40.0,0.0,1010.8,960.2,49657.5,17.5,0.169,31.1,10192X0095/P21B
4010,357,2025-12-24,4.811397298,43.539904887,3.0,33.0,23.0,32.6,21.6,2025-12-24T03:10,2025-12-24T15:00,42635.14,42211.61,8.45,8.45,0.0,0.0,0.0,0.0,0.0,0.0,23.96,7.3,58.0,12.3,7.3,39.0,0.0,1011.1,960.4,49558.33,15.5,0.169,31.0,10192X0095/P21B
4011,358,2025-12-25,4.811397298,43.539904887,3.0,33.3,22.6,33.8,22.0,2025-12-25T03:10,2025-12-25T15:01,42636.3,42212.74,8.45,8.45,0.0,0.0,0.0,0.0,0.0,0.0,23.84,6.95,61.0,14.0,6.95,44.0,0.0,1010.9,960.3,48938.33,14.9,0.169,31.0,10192X0095/P21B
4012,359,2025-12-26,4.811397298,43.539904887,3.0,33.4,22.5,34.0,22.3,2025-12-26T03:11,2025-12-26T15:01,42637.78,42214.17,8.45,8.45,0.0,0.0,0.0,0.0,0.0,0.0,23.97,6.89,21.0,13.8,6.89,43.0,0.0,1010.1,959.5,48863.33,14.5,0.169,31.0,10192X0095/P21B
4013,360,2025-12-27,4.811397298,43.539904887,3.0,34.1,22.0,34.4,22.3,2025-12-27T03:11,2025-12-27T15:02,42639.61,42215.92,8.5,8.5,0.0,0.0,0.0,0.0,0.0,0.0,24.01,7.21,38.0,14.0,7.21,43.0,0.0,1009.1,958.7,48842.5,15.8,0.172,31.0,10192X0095/P21B
4014,361,2025-12-28,4.811397298,43.539904887,3.0,33.6,22.2,34.3,21.9,2025-12-28T03:12,2025-12-28T15:02,42641.77,42217.99,8.5,8.5,0.0,0.0,0.0,0.0,0.0,0.0,24.04,6.82,20.0,15.0,6.82,47.0,0.0,1009.5,958.9,48200.83,15.4,0.171,31.0,10192X0095/P21B
4015,362,2025-12-29,4.811397298,43.539904887,3.0,34.5,22.7,36.3,23.4,2025-12-29T03:12,2025-12-29T15:03,42644.26,42220.37,8.5,8.5,0.0,0.0,0.0,0.0,0.0,0.0,23.38,6.58,17.0,14.7,6.58,44.0,0.0,1011.8,961.3,48456.67,11.1,0.175,31.2,10192X0095/P21B
4016,363,2025-12-30,4.811397298,43.539904887,3.0,34.8,22.4,35.6,24.1,2025-12-30T03:13,2025-12-30T15:03,42647.08,42199.09,8.35,8.45,0.0,0.0,0.0,0.0,0.0,2.0,23.43,6.76,22.0,14.7,6.76,44.0,0.0,1012.3,961.7,48323.33,11.5,0.175,31.3,10192X0095/P21B
4017,364,2025-12-31,4.811397298,43.539904887,3.0,33.4,23.2,33.2,24.9,2025-12-31T03:13,2025-12-31T15:04,42650.23,42172.68,8.5,8.5,0.0,0.0,0.0,0.0,0.0,8.0,22.27,6.72,25.0,15.7,6.72,48.0,0.0,1012.7,962.0,47845.0,14.3,0.174,31.3,10192X0095/P21B
