,date,latitude,longitude,weather_code,temperature_2m_max,temperature_2m_min,apparent_temperature_max,apparent_temperature_min,sunrise,sunset,daylight_duration,sunshine_duration,uv_index_max,uv_index_clear_sky_max,rain_sum,showers_sum,snowfall_sum,precipitation_sum,precipitation_hours,precipitation_probability_max,shortwave_radiation_sum,et0_fao_evapotranspiration,cloud_cover_mean,dew_point_2m_mean,et0_fao_evapotranspiration_sum,relative_humidity_2m_mean,snowfall_water_equivalent_sum,pressure_msl_mean,surface_pressure_mean,visibility_mean,wind_speed_10m_mean,soil_moisture_0_to_100cm_mean,soil_temperature_0_to_100cm_mean,code_bss
0,2017-01-01,2.685378283,42.685696389,0,36.3,22.1,33.9,22.5,2017-01-01T03:13,2017-01-01T15:11,43084.54,42158.63,,,0.0,0.0,0.0,0.0,0.0,,24.91,7.8,0,12.2,7.8,44,0.0,1011.1,974.5,,16.9,0.145,32.2,10906X0039/C2-1
1,2017-01-02,2.685378283,42.685696389,0,36.8,22.4,34.7,21.5,2017-01-02T03:14,2017-01-02T15:12,43086.65,42130.8,,,0.0,0.0,0.0,0.0,0.0,,24.92,8.2,0,10.8,8.2,38,0.0,1011.4,974.9,,17.4,0.145,32.1,10906X0039/C2-1
2,2017-01-03,2.685378283,42.685696389,1,36.8,21.9,33.7,22.3,2017-01-03T03:14,2017-01-03T15:12,43088.92,42103.56,,,0.0,0.0,0.0,0.0,0.0,,25.11,7.83,6,10.2,7.83,41,0.0,1012.1,975.5,,16.8,0.145,32.1,10906X0039/C2-1
3,2017-01-04,2.685378283,42.685696389,0,36.8,23.2,36.3,23.9,2017-01-04T03:15,2017-01-04T15:13,43091.35,42076.99,,,0.0,0.0,0.0,0.0,0.0,,25.01,7.14,1,14.2,7.14,46,0.0,1011.2,974.6,,14.1,0.145,32.2,10906X0039/C2-1
4,2017-01-05,2.685378283,42.685696389,3,37.2,22.6,35.7,22.4,2017-01-05T03:15,2017-01-05T15:13,43093.95,42051.2,,,0.0,0.0,0.0,0.0,0.0,,25.15,7.67,25,12.2,7.67,42,0.0,1010.7,974.1,,15.2,0.144,32.3,10906X0039/C2-1
5,2017-01-06,2.685378283,42.685696389,0,35.7,22.1,34.1,20.9,2017-01-06T03:16,2017-01-06T15:14,43096.7,42026.26,,,0.0,0.0,0.0,0.0,0.0,,25.29,8.57,0,8.6,8.57,34,0.0,1011.7,975.0,,17.3,0.144,32.3,10906X0039/C2-1
6,2017-01-07,2.685378283,42.685696389,0,35.4,21.3,32.8,18.4,2017-01-07T03:16,2017-01-07T15:14,43099.61,42002.26,,,0.0,0.0,0.0,0.0,0.0,,25.6,8.73,0,6.0,8.73,26,0.0,1011.4,974.7,,16.7,0.144,32.1,10906X0039/C2-1
7,2017-01-08,2.685378283,42.685696389,0,35.8,21.5,33.0,17.9,2017-01-08T03:16,2017-01-08T15:15,43102.67,41979.29,,,0.0,0.0,0.0,0.0,0.0,,25.38,8.57,2,4.6,8.57,24,0.0,1009.5,972.9,,15.4,0.144,31.9,10906X0039/C2-1
8,2017-01-09,2.685378283,42.685696389,0,36.0,20.8,32.8,19.5,2017-01-09T03:17,2017-01-09T15:15,43105.88,41957.42,,,0.0,0.0,0.0,0.0,0.0,,25.91,8.98,0,6.9,8.98,31,0.0,1009.7,973.1,,18.9,0.144,31.8,10906X0039/C2-1
9,2017-01-10,2.685378283,42.685696389,3,35.1,20.7,31.7,19.0,2017-01-10T03:17,2017-01-10T15:16,43109.29,41936.2,,,0.0,0.0,0.0,0.0,0.0,,26.01,9.18,7,8.1,9.18,34,0.0,1011.1,974.4,,21.7,0.144,31.7,10906X0039/C2-1
10,2017-01-11,2.685378283,42.685696389,3,35.1,21.4,32.8,19.7,2017-01-11T03:17,2017-01-11T15:16,43112.89,41915.4,,,0.0,0.0,0.0,0.0,0.0,,25.69,8.71,50,8.7,8.71,34,0.0,1011.8,975.1,,18.9,0.143,31.7,10906X0039/C2-1
11,2017-01-12,2.685378283,42.685696389,3,35.1,21.7,33.7,17.9,2017-01-12T03:18,2017-01-12T15:16,43116.69,41895.02,,,0.0,0.0,0.0,0.0,0.0,,25.79,8.25,18,8.0,8.25,29,0.0,1012.0,975.3,,15.0,0.143,31.7,10906X0039/C2-1
12,2017-01-13,2.685378283,42.685696389,3,36.2,21.5,35.2,21.3,2017-01-13T03:18,2017-01-13T15:17,43120.65,41875.1,,,0.0,0.0,0.0,0.0,0.0,,25.66,7.58,22,9.6,7.58,36,0.0,1010.2,973.6,,12.7,0.143,31.7,10906X0039/C2-1
13,2017-01-14,2.685378283,42.685696389,3,36.5,21.0,35.3,21.9,2017-01-14T03:18,2017-01-14T15:17,43124.8,41855.7,,,0.0,0.0,0.0,0.0,0.0,,25.93,7.59,25,7.6,7.59,34,0.0,1009.4,972.9,,12.2,0.143,31.8,10906X0039/C2-1
14,2017-01-15,2.685378283,42.685696389,0,37.1,21.0,34.7,21.3,2017-01-15T03:19,2017-01-15T15:18,43129.11,41836.85,,,0.0,0.0,0.0,0.0,0.0,,26.1,8.34,0,9.1,8.34,39,0.0,1010.8,974.2,,16.5,0.143,31.9,10906X0039/C2-1
15,2017-01-16,2.685378283,42.685696389,0,36.0,20.5,34.1,19.9,2017-01-16T03:19,2017-01-16T15:18,43133.58,41818.57,,,0.0,0.0,0.0,0.0,0.0,,26.15,7.98,0,11.7,7.98,44,0.0,1011.8,975.1,,18.4,0.143,31.8,10906X0039/C2-1
16,2017-01-17,2.685378283,42.685696389,3,35.5,22.0,34.7,22.4,2017-01-17T03:19,2017-01-17T15:18,43138.19,41800.92,,,0.0,0.0,0.0,0.0,0.0,,25.6,7.64,9,13.0,7.64,43,0.0,1011.5,974.9,,15.8,0.143,31.9,10906X0039/C2-1
17,2017-01-18,2.685378283,42.685696389,3,35.9,22.5,35.3,23.7,2017-01-18T03:20,2017-01-18T15:19,43142.96,41783.91,,,0.0,0.0,0.0,0.0,0.0,,24.96,7.68,53,12.6,7.68,40,0.0,1011.7,975.1,,14.3,0.143,32.1,10906X0039/C2-1
18,2017-01-19,2.685378283,42.685696389,3,36.5,22.7,35.4,20.0,2017-01-19T03:20,2017-01-19T15:19,43147.86,41767.59,,,0.0,0.0,0.0,0.0,0.0,,25.83,8.87,50,7.8,8.87,29,0.0,1011.7,975.2,,16.2,0.143,32.3,10906X0039/C2-1
19,2017-01-20,2.685378283,42.685696389,0,36.3,21.3,35.2,20.9,2017-01-20T03:20,2017-01-20T15:19,43152.9,41752.0,,,0.0,0.0,0.0,0.0,0.0,,25.99,7.92,0,9.7,7.92,37,0.0,1011.1,974.5,,14.8,0.143,32.3,10906X0039/C2-1
20,2017-01-21,2.685378283,42.685696389,0,36.0,20.9,34.7,20.2,2017-01-21T03:20,2017-01-21T15:20,43158.06,41737.17,,,0.0,0.0,0.0,0.0,0.0,,26.05,7.97,0,10.7,7.97,40,0.0,1012.2,975.5,,16.6,0.143,32.2,10906X0039/C2-1
21,2017-01-22,2.685378283,42.685696389,2,35.5,21.6,34.3,20.5,2017-01-22T03:21,2017-01-22T15:20,43163.34,41723.13,,,0.0,0.0,0.0,0.0,0.0,,26.27,8.32,14,9.9,8.32,37,0.0,1012.8,976.1,,17.0,0.143,32.2,10906X0039/C2-1
22,2017-01-23,2.685378283,42.685696389,3,35.7,21.0,35.8,21.9,2017-01-23T03:21,2017-01-23T15:20,43168.74,41709.92,,,0.0,0.0,0.0,0.0,0.0,,25.92,7.55,61,12.6,7.55,44,0.0,1012.5,975.8,,14.9,0.142,32.3,10906X0039/C2-1
23,2017-01-24,2.685378283,42.685696389,3,35.9,20.4,35.8,22.1,2017-01-24T03:21,2017-01-24T15:21,43174.24,41697.59,,,0.0,0.0,0.0,0.0,0.0,,26.09,6.68,58,12.5,6.68,45,0.0,1011.9,975.2,,9.6,0.142,32.4,10906X0039/C2-1
24,2017-01-25,2.685378283,42.685696389,3,37.0,20.9,35.9,21.8,2017-01-25T03:21,2017-01-25T15:21,43179.84,41686.17,,,0.0,0.0,0.0,0.0,0.0,,26.05,7.87,43,12.2,7.87,42,0.0,1011.7,975.1,,14.8,0.142,32.5,10906X0039/C2-1
25,2017-01-26,2.685378283,42.685696389,3,36.6,21.4,34.3,21.1,2017-01-26T03:21,2017-01-26T15:21,43185.53,41675.68,,,0.0,0.0,0.0,0.0,0.0,,25.95,8.9,33,12.0,8.9,41,0.0,1012.8,976.2,,20.8,0.142,32.5,10906X0039/C2-1
26,2017-01-27,2.685378283,42.685696389,3,37.7,25.1,38.6,25.1,2017-01-27T03:22,2017-01-27T15:21,43191.31,40264.33,,,0.0,0.0,0.0,0.0,0.0,,24.01,8.13,80,15.3,8.13,44,0.0,1011.7,975.2,,17.8,0.142,32.9,10906X0039/C2-1
27,2017-01-28,2.685378283,42.685696389,3,37.8,23.6,39.9,24.1,2017-01-28T03:22,2017-01-28T15:22,43197.17,41234.5,,,0.0,0.0,0.0,0.0,0.0,,23.36,6.61,33,17.4,6.61,52,0.0,1010.7,974.2,,14.7,0.143,33.0,10906X0039/C2-1
28,2017-01-29,2.685378283,42.685696389,3,36.4,23.8,38.9,24.8,2017-01-29T03:22,2017-01-29T15:22,43203.12,41234.16,,,0.0,0.0,0.0,0.0,0.0,,23.79,6.66,53,17.8,6.66,54,0.0,1011.2,974.7,,14.3,0.142,33.1,10906X0039/C2-1
29,2017-01-30,2.685378283,42.685696389,51,37.6,23.2,38.9,24.5,2017-01-30T03:22,2017-01-30T15:22,43209.21,40991.96,,,0.1,0.0,0.0,0.1,1.0,,23.93,6.97,50,16.8,6.97,50,0.0,1010.4,974.0,,14.7,0.142,33.1,10906X0039/C2-1
30,2017-01-31,2.685378283,42.685696389,3,36.7,22.6,37.3,23.7,2017-01-31T03:22,2017-01-31T15:22,43215.45,41473.06,,,0.0,0.0,0.0,0.0,0.0,,25.45,8.03,55,14.7,8.03,44,0.0,1010.4,973.9,,15.5,0.142,33.2,10906X0039/C2-1
31,2017-02-01,2.685378283,42.685696389,3,35.8,22.8,36.2,22.6,2017-02-01T03:22,2017-02-01T15:22,43221.83,41470.87,,,0.0,0.0,0.0,0.0,0.0,,25.81,7.76,46,12.9,7.76,39,0.0,1010.9,974.3,,13.8,0.143,33.2,10906X0039/C2-1
32,2017-02-02,2.685378283,42.685696389,3,36.9,21.9,37.0,21.9,2017-02-02T03:22,2017-02-02T15:23,43228.36,41595.99,,,0.0,0.0,0.0,0.0,0.0,,26.36,8.07,47,13.0,8.07,43,0.0,1010.9,974.4,,15.9,0.143,33.2,10906X0039/C2-1
33,2017-02-03,2.685378283,42.685696389,2,38.0,22.8,37.3,23.8,2017-02-03T03:22,2017-02-03T15:23,43235.0,41465.12,,,0.0,0.0,0.0,0.0,0.0,,23.58,7.8,12,15.5,7.8,48,0.0,1010.6,974.2,,17.0,0.143,33.3,10906X0039/C2-1
34,2017-02-04,2.685378283,42.685696389,51,37.4,23.9,36.6,23.9,2017-02-04T03:22,2017-02-04T15:23,43241.77,41461.6,,,0.3,0.0,0.0,0.3,2.0,,22.87,8.17,30,16.2,8.17,46,0.0,1011.0,974.6,,21.8,0.142,33.4,10906X0039/C2-1
35,2017-02-05,2.685378283,42.685696389,1,37.4,25.2,37.2,24.6,2017-02-05T03:22,2017-02-05T15:23,43248.65,41218.48,,,0.0,0.0,0.0,0.0,0.0,,25.06,9.14,8,14.0,9.14,39,0.0,1011.7,975.3,,21.2,0.143,33.5,10906X0039/C2-1
36,2017-02-06,2.685378283,42.685696389,3,36.9,24.1,37.3,23.6,2017-02-06T03:22,2017-02-06T15:23,43255.64,41453.38,,,0.0,0.0,0.0,0.0,0.0,,25.29,8.34,17,13.0,8.34,37,0.0,1010.8,974.5,,15.4,0.143,33.5,10906X0039/C2-1
37,2017-02-07,2.685378283,42.685696389,3,37.4,22.6,37.8,22.7,2017-02-07T03:22,2017-02-07T15:23,43262.71,41448.68,,,0.0,0.0,0.0,0.0,0.0,,25.74,8.08,21,14.3,8.08,43,0.0,1009.8,973.4,,15.7,0.143,33.7,10906X0039/C2-1
38,2017-02-08,2.685378283,42.685696389,2,37.3,23.3,36.5,22.7,2017-02-08T03:22,2017-02-08T15:23,43269.88,41541.48,,,0.0,0.0,0.0,0.0,0.0,,26.33,8.97,7,12.3,8.97,37,0.0,1009.9,973.5,,19.1,0.143,33.6,10906X0039/C2-1
39,2017-02-09,2.685378283,42.685696389,3,37.8,23.4,36.8,21.3,2017-02-09T03:22,2017-02-09T15:24,43277.13,41532.4,,,0.0,0.0,0.0,0.0,0.0,,26.97,9.19,37,11.2,9.19,35,0.0,1010.5,974.1,,19.1,0.143,33.6,10906X0039/C2-1
40,2017-02-10,2.685378283,42.685696389,2,37.8,23.2,38.1,22.7,2017-02-10T03:22,2017-02-10T15:24,43284.46,41523.35,,,0.0,0.0,0.0,0.0,0.0,,26.65,8.4,10,14.1,8.4,44,0.0,1009.6,973.2,,18.1,0.143,33.7,10906X0039/C2-1
41,2017-02-11,2.685378283,42.685696389,3,37.7,23.3,38.3,24.7,2017-02-11T03:22,2017-02-11T15:24,43291.85,41189.69,,,0.0,0.0,0.0,0.0,0.0,,24.59,7.67,74,16.8,7.67,50,0.0,1009.5,973.1,,17.2,0.142,33.8,10906X0039/C2-1
42,2017-02-12,2.685378283,42.685696389,1,37.4,23.2,37.6,24.2,2017-02-12T03:22,2017-02-12T15:24,43299.3,41032.01,,,0.0,0.0,0.0,0.0,0.0,,24.99,7.59,14,16.5,7.59,51,0.0,1010.0,973.5,,17.5,0.142,33.9,10906X0039/C2-1
43,2017-02-13,2.685378283,42.685696389,51,36.8,23.2,38.6,24.4,2017-02-13T03:22,2017-02-13T15:24,43306.8,40705.0,,,0.2,0.0,0.0,0.2,1.0,,24.42,7.33,14,17.0,7.33,51,0.0,1010.5,974.0,,15.4,0.142,33.8,10906X0039/C2-1
44,2017-02-14,2.685378283,42.685696389,3,37.1,22.6,37.7,23.0,2017-02-14T03:22,2017-02-14T15:24,43314.35,41251.69,,,0.0,0.0,0.0,0.0,0.0,,26.11,8.08,47,15.9,8.08,48,0.0,1011.4,974.9,,18.1,0.143,33.8,10906X0039/C2-1
45,2017-02-15,2.685378283,42.685696389,3,36.4,24.9,37.4,25.8,2017-02-15T03:22,2017-02-15T15:24,43321.94,41164.65,,,0.0,0.0,0.0,0.0,0.0,,18.95,6.61,71,19.1,6.61,56,0.0,1011.4,974.9,,19.5,0.142,33.7,10906X0039/C2-1
46,2017-02-16,2.685378283,42.685696389,3,36.8,23.9,36.0,24.9,2017-02-16T03:22,2017-02-16T15:24,43329.56,37762.36,,,0.0,0.0,0.0,0.0,0.0,,22.56,7.39,74,16.7,7.39,51,0.0,1011.0,974.5,,17.7,0.143,33.6,10906X0039/C2-1
47,2017-02-17,2.685378283,42.685696389,3,36.5,23.6,38.7,25.9,2017-02-17T03:22,2017-02-17T15:24,43337.21,41385.81,,,0.0,0.0,0.0,0.0,0.0,,23.25,6.65,46,17.8,6.65,54,0.0,1010.7,974.2,,14.1,0.143,33.7,10906X0039/C2-1
48,2017-02-18,2.685378283,42.685696389,51,37.0,24.3,37.1,25.8,2017-02-18T03:21,2017-02-18T15:24,43344.88,40204.4,,,0.2,0.0,0.0,0.2,1.0,,22.29,7.35,57,16.8,7.35,49,0.0,1012.1,975.6,,17.0,0.143,33.7,10906X0039/C2-1
49,2017-02-19,2.685378283,42.685696389,3,37.0,23.1,36.4,24.2,2017-02-19T03:21,2017-02-19T15:24,43352.65,41604.9,,,0.0,0.0,0.0,0.0,0.0,,22.43,7.57,24,15.5,7.57,46,0.0,1012.0,975.5,,16.4,0.143,33.6,10906X0039/C2-1
50,2017-02-20,2.685378283,42.685696389,3,37.5,23.7,33.8,21.3,2017-02-20T03:21,2017-02-20T15:24,43360.53,41671.41,,,0.0,0.0,0.0,0.0,0.0,,27.56,10.54,12,6.0,10.54,26,0.0,1010.8,974.4,,22.6,0.143,33.5,10906X0039/C2-1
51,2017-02-21,2.685378283,42.685696389,3,38.0,22.6,36.8,20.6,2017-02-21T03:21,2017-02-21T15:24,43368.5,38119.2,,,0.0,0.0,0.0,0.0,0.0,,26.66,9.36,72,11.4,9.36,36,0.0,1009.7,973.3,,19.8,0.143,33.5,10906X0039/C2-1
52,2017-02-22,2.685378283,42.685696389,3,37.4,24.1,38.9,23.9,2017-02-22T03:21,2017-02-22T15:24,43376.56,40877.03,,,0.0,0.0,0.0,0.0,0.0,,24.36,7.77,53,15.8,7.77,45,0.0,1010.6,974.2,,17.3,0.142,33.7,10906X0039/C2-1
53,2017-02-23,2.685378283,42.685696389,3,38.0,24.0,39.8,24.1,2017-02-23T03:21,2017-02-23T15:24,43384.7,41334.98,,,0.0,0.0,0.0,0.0,0.0,,25.63,8.29,46,16.7,8.29,49,0.0,1009.9,973.6,,19.5,0.142,33.8,10906X0039/C2-1
54,2017-02-24,2.685378283,42.685696389,3,37.1,23.6,38.0,24.4,2017-02-24T03:20,2017-02-24T15:24,43392.92,41558.48,,,0.0,0.0,0.0,0.0,0.0,,24.15,7.76,22,16.5,7.76,49,0.0,1010.3,973.9,,17.6,0.142,33.9,10906X0039/C2-1
55,2017-02-25,2.685378283,42.685696389,51,36.5,23.3,37.2,24.0,2017-02-25T03:20,2017-02-25T15:23,43401.21,41758.93,,,0.1,0.0,0.0,0.1,1.0,,24.5,7.09,24,16.9,7.09,51,0.0,1010.7,974.2,,15.7,0.142,33.9,10906X0039/C2-1
56,2017-02-26,2.685378283,42.685696389,51,37.7,23.4,38.4,24.3,2017-02-26T03:20,2017-02-26T15:23,43409.56,41537.95,,,0.2,0.0,0.0,0.2,1.0,,23.76,7.4,19,16.0,7.4,49,0.0,1009.0,972.6,,17.0,0.142,34.0,10906X0039/C2-1
57,2017-02-27,2.685378283,42.685696389,3,38.9,23.2,39.0,23.7,2017-02-27T03:20,2017-02-27T15:23,43417.96,41788.79,,,0.0,0.0,0.0,0.0,0.0,,25.33,8.53,28,15.4,8.53,46,0.0,1008.0,971.7,,18.4,0.142,34.1,10906X0039/C2-1
58,2017-02-28,2.685378283,42.685696389,3,38.3,23.5,37.8,24.2,2017-02-28T03:19,2017-02-28T15:23,43426.42,41894.26,,,0.0,0.0,0.0,0.0,0.0,,27.27,8.6,34,13.7,8.6,44,0.0,1009.4,973.1,,18.3,0.142,34.1,10906X0039/C2-1
59,2017-03-01,2.685378283,42.685696389,1,38.8,23.3,37.2,23.3,2017-03-01T03:19,2017-03-01T15:23,43434.91,41913.77,,,0.0,0.0,0.0,0.0,0.0,,27.87,9.07,8,11.0,9.07,38,0.0,1010.3,973.9,,18.2,0.141,34.2,10906X0039/C2-1
60,2017-03-02,2.685378283,42.685696389,3,39.0,23.6,38.0,24.4,2017-03-02T03:19,2017-03-02T15:23,43443.44,41837.63,,,0.0,0.0,0.0,0.0,0.0,,27.05,8.27,54,12.6,8.27,41,0.0,1009.3,973.0,,14.9,0.141,34.3,10906X0039/C2-1
61,2017-03-03,2.685378283,42.685696389,3,38.8,23.3,39.5,24.2,2017-03-03T03:18,2017-03-03T15:23,43452.01,41483.91,,,0.0,0.0,0.0,0.0,0.0,,25.8,7.04,42,15.6,7.04,49,0.0,1008.4,972.0,,14.5,0.142,34.4,10906X0039/C2-1
62,2017-03-04,2.685378283,42.685696389,1,38.8,23.3,39.2,23.9,2017-03-04T03:18,2017-03-04T15:23,43460.59,41872.26,,,0.0,0.0,0.0,0.0,0.0,,26.58,7.38,10,15.2,7.38,48,0.0,1007.9,971.6,,14.5,0.141,34.5,10906X0039/C2-1
63,2017-03-05,2.685378283,42.685696389,2,39.0,23.0,38.6,24.4,2017-03-05T03:18,2017-03-05T15:22,43469.19,41890.04,,,0.0,0.0,0.0,0.0,0.0,,27.21,8.17,21,15.0,8.17,47,0.0,1007.9,971.6,,17.1,0.141,34.5,10906X0039/C2-1
64,2017-03-06,2.685378283,42.685696389,3,39.9,22.5,38.9,23.3,2017-03-06T03:18,2017-03-06T15:22,43477.81,42020.01,,,0.0,0.0,0.0,0.0,0.0,,27.49,8.38,9,12.4,8.38,43,0.0,1007.2,970.9,,16.2,0.141,34.6,10906X0039/C2-1
65,2017-03-07,2.685378283,42.685696389,3,40.8,22.5,38.9,23.5,2017-03-07T03:17,2017-03-07T15:22,43486.42,41926.27,,,0.0,0.0,0.0,0.0,0.0,,27.84,8.64,38,12.7,8.64,43,0.0,1006.8,970.6,,16.0,0.141,34.6,10906X0039/C2-1
66,2017-03-08,2.685378283,42.685696389,3,40.3,23.4,36.2,23.2,2017-03-08T03:17,2017-03-08T15:22,43495.03,41944.6,,,0.0,0.0,0.0,0.0,0.0,,28.27,10.11,66,9.3,10.11,36,0.0,1006.9,970.7,,20.0,0.142,34.6,10906X0039/C2-1
67,2017-03-09,2.685378283,42.685696389,3,38.8,23.5,36.6,23.9,2017-03-09T03:17,2017-03-09T15:22,43503.63,41963.01,,,0.0,0.0,0.0,0.0,0.0,,27.34,9.43,62,12.5,9.43,39,0.0,1007.8,971.5,,19.2,0.142,34.5,10906X0039/C2-1
68,2017-03-10,2.685378283,42.685696389,3,40.0,23.4,38.0,24.3,2017-03-10T03:16,2017-03-10T15:22,43512.23,41981.47,,,0.0,0.0,0.0,0.0,0.0,,27.31,8.93,22,14.8,8.93,46,0.0,1007.7,971.5,,19.8,0.142,34.5,10906X0039/C2-1
69,2017-03-11,2.685378283,42.685696389,3,38.7,23.6,36.5,24.5,2017-03-11T03:16,2017-03-11T15:21,43520.88,42000.4,,,0.0,0.0,0.0,0.0,0.0,,27.89,9.38,62,14.6,9.38,46,0.0,1008.4,972.1,,23.0,0.143,34.5,10906X0039/C2-1
70,2017-03-12,2.685378283,42.685696389,2,37.7,24.1,36.8,24.4,2017-03-12T03:16,2017-03-12T15:21,43529.61,42020.0,,,0.0,0.0,0.0,0.0,0.0,,27.84,9.05,12,14.0,9.05,43,0.0,1010.2,973.8,,20.6,0.142,34.5,10906X0039/C2-1
71,2017-03-13,2.685378283,42.685696389,3,39.0,23.7,39.4,24.2,2017-03-13T03:15,2017-03-13T15:21,43538.39,42040.23,,,0.0,0.0,0.0,0.0,0.0,,27.46,8.33,56,14.9,8.33,43,0.0,1009.3,973.0,,16.1,0.142,34.7,10906X0039/C2-1
72,2017-03-14,2.685378283,42.685696389,3,38.9,23.8,39.6,25.1,2017-03-14T03:15,2017-03-14T15:21,43547.22,42061.03,,,0.0,0.0,0.0,0.0,0.0,,26.07,7.52,60,16.3,7.52,50,0.0,1009.0,972.7,,15.9,0.142,34.9,10906X0039/C2-1
73,2017-03-15,2.685378283,42.685696389,3,37.8,23.8,38.1,24.5,2017-03-15T03:15,2017-03-15T15:21,43556.11,42082.31,,,0.0,0.0,0.0,0.0,0.0,,26.24,7.7,57,16.3,7.7,49,0.0,1008.8,972.4,,16.5,0.142,34.9,10906X0039/C2-1
74,2017-03-16,2.685378283,42.685696389,3,37.4,23.5,37.5,23.8,2017-03-16T03:14,2017-03-16T15:20,43565.03,41110.33,,,0.0,0.0,0.0,0.0,0.0,,27.17,8.25,70,14.9,8.25,48,0.0,1009.2,972.8,,18.0,0.141,34.8,10906X0039/C2-1
75,2017-03-17,2.685378283,42.685696389,3,37.4,22.8,38.7,24.5,2017-03-17T03:14,2017-03-17T15:20,43573.99,42126.12,,,0.0,0.0,0.0,0.0,0.0,,26.21,7.75,68,15.3,7.75,49,0.0,1010.0,973.5,,15.3,0.141,34.8,10906X0039/C2-1
76,2017-03-18,2.685378283,42.685696389,3,37.1,23.3,38.6,25.4,2017-03-18T03:14,2017-03-18T15:20,43582.99,42148.53,,,0.0,0.0,0.0,0.0,0.0,,26.41,7.97,52,16.3,7.97,50,0.0,1011.2,974.7,,16.8,0.141,34.7,10906X0039/C2-1
77,2017-03-19,2.685378283,42.685696389,3,37.1,23.6,38.7,24.7,2017-03-19T03:13,2017-03-19T15:20,43592.01,42171.17,,,0.0,0.0,0.0,0.0,0.0,,26.66,7.65,70,16.7,7.65,50,0.0,1011.4,974.9,,15.5,0.142,34.8,10906X0039/C2-1
78,2017-03-20,2.685378283,42.685696389,3,36.5,24.3,38.5,25.9,2017-03-20T03:13,2017-03-20T15:20,43601.05,42194.01,,,0.0,0.0,0.0,0.0,0.0,,25.38,7.52,30,17.5,7.52,50,0.0,1010.6,974.2,,15.3,0.141,34.9,10906X0039/C2-1
79,2017-03-21,2.685378283,42.685696389,2,37.9,24.2,38.3,25.9,2017-03-21T03:12,2017-03-21T15:19,43610.1,42216.96,,,0.0,0.0,0.0,0.0,0.0,,27.06,8.52,14,17.2,8.52,50,0.0,1010.2,973.8,,18.9,0.142,35.0,10906X0039/C2-1
80,2017-03-22,2.685378283,42.685696389,1,36.8,24.2,38.4,25.4,2017-03-22T03:12,2017-03-22T15:19,43619.15,42239.98,,,0.0,0.0,0.0,0.0,0.0,,23.34,7.0,18,17.5,7.0,52,0.0,1009.7,973.3,,15.7,0.142,34.9,10906X0039/C2-1
81,2017-03-23,2.685378283,42.685696389,2,37.7,24.2,39.6,25.2,2017-03-23T03:12,2017-03-23T15:19,43628.21,42263.0,,,0.0,0.0,0.0,0.0,0.0,,25.28,7.63,18,17.3,7.63,51,0.0,1010.0,973.6,,15.6,0.142,34.9,10906X0039/C2-1
82,2017-03-24,2.685378283,42.685696389,3,36.9,24.9,38.9,26.5,2017-03-24T03:11,2017-03-24T15:19,43637.26,42285.95,,,0.0,0.0,0.0,0.0,0.0,,22.03,7.06,50,18.9,7.06,55,0.0,1010.2,973.8,,18.0,0.143,34.9,10906X0039/C2-1
83,2017-03-25,2.685378283,42.685696389,3,36.5,25.5,39.4,27.2,2017-03-25T03:11,2017-03-25T15:18,43646.3,42160.44,,,0.0,0.0,0.0,0.0,0.0,,22.36,6.86,53,19.7,6.86,56,0.0,1010.5,974.1,,17.0,0.143,34.8,10906X0039/C2-1
84,2017-03-26,2.685378283,42.685696389,53,37.0,25.5,40.5,26.0,2017-03-26T03:11,2017-03-26T15:18,43655.32,41919.86,,,1.4,0.0,0.0,1.4,3.0,,23.46,7.18,57,19.6,7.18,56,0.0,1011.2,974.7,,17.4,0.143,34.8,10906X0039/C2-1
85,2017-03-27,2.685378283,42.685696389,2,37.8,24.1,40.0,25.6,2017-03-27T03:10,2017-03-27T15:18,43664.31,42353.8,,,0.0,0.0,0.0,0.0,0.0,,24.81,7.59,18,18.0,7.59,52,0.0,1011.2,974.7,,16.8,0.142,34.9,10906X0039/C2-1
86,2017-03-28,2.685378283,42.685696389,3,37.5,24.6,39.8,25.3,2017-03-28T03:10,2017-03-28T15:18,43673.28,42375.87,,,0.0,0.0,0.0,0.0,0.0,,25.05,8.02,43,18.1,8.02,52,0.0,1011.4,975.0,,19.4,0.142,34.9,10906X0039/C2-1
87,2017-03-29,2.685378283,42.685696389,3,37.8,24.8,38.8,25.8,2017-03-29T03:09,2017-03-29T15:17,43682.2,42397.57,,,0.0,0.0,0.0,0.0,0.0,,25.49,8.12,26,16.5,8.12,48,0.0,1011.0,974.6,,17.5,0.143,35.0,10906X0039/C2-1
88,2017-03-30,2.685378283,42.685696389,2,39.2,23.8,38.4,25.5,2017-03-30T03:09,2017-03-30T15:17,43691.1,42418.84,,,0.0,0.0,0.0,0.0,0.0,,27.7,8.74,26,14.1,8.74,45,0.0,1010.7,974.4,,17.3,0.144,35.0,10906X0039/C2-1
89,2017-03-31,2.685378283,42.685696389,2,38.6,24.2,38.6,25.4,2017-03-31T03:09,2017-03-31T15:17,43700.02,42334.77,,,0.0,0.0,0.0,0.0,0.0,,26.51,8.4,21,15.9,8.4,49,0.0,1011.9,975.5,,18.2,0.143,35.0,10906X0039/C2-1
90,2017-04-01,2.685378283,42.685696389,2,37.5,23.7,36.9,25.3,2017-04-01T03:08,2017-04-01T15:17,43708.97,42461.62,,,0.0,0.0,0.0,0.0,0.0,,24.77,7.87,26,16.4,7.87,49,0.0,1012.0,975.5,,17.6,0.144,34.9,10906X0039/C2-1
91,2017-04-02,2.685378283,42.685696389,3,37.3,23.5,38.2,24.9,2017-04-02T03:08,2017-04-02T15:17,43717.95,42483.29,,,0.0,0.0,0.0,0.0,0.0,,25.09,7.62,22,16.7,7.62,50,0.0,1011.4,974.9,,17.2,0.145,34.9,10906X0039/C2-1
92,2017-04-03,2.685378283,42.685696389,51,36.7,24.3,38.8,25.8,2017-04-03T03:08,2017-04-03T15:16,43726.96,42505.08,,,0.1,0.0,0.0,0.1,1.0,,24.92,7.55,20,17.7,7.55,50,0.0,1011.2,974.8,,16.5,0.145,35.0,10906X0039/C2-1
93,2017-04-04,2.685378283,42.685696389,51,36.6,24.5,38.9,27.1,2017-04-04T03:07,2017-04-04T15:16,43735.98,42526.94,,,0.3,0.0,0.0,0.3,1.0,,24.28,7.0,50,19.0,7.0,55,0.0,1011.7,975.3,,15.7,0.145,35.0,10906X0039/C2-1
94,2017-04-05,2.685378283,42.685696389,51,36.6,23.7,40.1,26.4,2017-04-05T03:07,2017-04-05T15:16,43745.01,40490.6,,,1.8,0.0,0.0,1.8,8.0,,22.08,6.03,71,20.1,6.03,61,0.0,1011.8,975.2,,13.9,0.146,34.8,10906X0039/C2-1
95,2017-04-06,2.685378283,42.685696389,55,32.2,22.7,36.3,25.3,2017-04-06T03:07,2017-04-06T15:16,43754.05,39600.0,,,3.6,0.0,0.0,3.6,11.0,,20.33,4.81,74,21.4,4.81,72,0.0,1011.2,974.4,,10.7,0.149,34.2,10906X0039/C2-1
96,2017-04-07,2.685378283,42.685696389,51,33.6,24.3,36.9,27.7,2017-04-07T03:06,2017-04-07T15:16,43763.09,42592.34,,,0.5,0.0,0.0,0.5,4.0,,21.88,5.59,69,20.2,5.59,64,0.0,1011.1,974.4,,11.4,0.149,33.9,10906X0039/C2-1
97,2017-04-08,2.685378283,42.685696389,61,32.6,23.8,36.4,27.0,2017-04-08T03:06,2017-04-08T15:15,43772.12,42613.91,,,3.1,0.0,0.0,3.1,9.0,,19.71,4.79,58,21.4,4.79,72,0.0,1011.9,975.1,,12.4,0.151,33.5,10906X0039/C2-1
98,2017-04-09,2.685378283,42.685696389,51,34.0,24.1,35.7,27.0,2017-04-09T03:05,2017-04-09T15:15,43781.13,42635.29,,,0.3,0.0,0.0,0.3,2.0,,20.78,5.87,51,20.4,5.87,66,0.0,1011.6,974.9,,17.2,0.15,33.1,10906X0039/C2-1
99,2017-04-10,2.685378283,42.685696389,2,34.3,23.7,37.1,25.9,2017-04-10T03:05,2017-04-10T15:15,43790.12,42656.4,,,0.0,0.0,0.0,0.0,0.0,,22.09,6.13,28,19.3,6.13,62,0.0,1010.8,974.1,,14.8,0.147,33.0,10906X0039/C2-1
100,2017-04-11,2.685378283,42.685696389,3,34.8,23.1,36.7,25.5,2017-04-11T03:05,2017-04-11T15:15,43799.09,42677.21,,,0.0,0.0,0.0,0.0,0.0,,24.46,6.79,25,18.1,6.79,57,0.0,1010.1,973.5,,14.8,0.144,33.0,10906X0039/C2-1
101,2017-04-12,2.685378283,42.685696389,3,36.0,22.9,37.5,25.6,2017-04-12T03:04,2017-04-12T15:15,43808.02,42697.65,,,0.0,0.0,0.0,0.0,0.0,,25.45,7.44,51,17.4,7.44,55,0.0,1010.7,974.1,,16.3,0.143,33.1,10906X0039/C2-1
102,2017-04-13,2.685378283,42.685696389,3,36.1,23.5,37.8,26.1,2017-04-13T03:04,2017-04-13T15:14,43816.91,42717.69,,,0.0,0.0,0.0,0.0,0.0,,24.51,7.1,43,17.7,7.1,54,0.0,1011.5,974.9,,14.8,0.142,33.4,10906X0039/C2-1
103,2017-04-14,2.685378283,42.685696389,3,37.5,23.7,39.4,26.6,2017-04-14T03:04,2017-04-14T15:14,43825.75,42737.24,,,0.0,0.0,0.0,0.0,0.0,,26.35,7.53,52,17.6,7.53,52,0.0,1010.5,974.1,,14.3,0.141,33.7,10906X0039/C2-1
104,2017-04-15,2.685378283,42.685696389,51,37.5,25.3,40.6,28.1,2017-04-15T03:03,2017-04-15T15:14,43834.53,42756.28,,,0.2,0.0,0.0,0.2,2.0,,23.48,7.02,55,20.0,7.02,56,0.0,1009.6,973.3,,16.2,0.141,34.0,10906X0039/C2-1
105,2017-04-16,2.685378283,42.685696389,51,36.9,25.6,39.4,27.9,2017-04-16T03:03,2017-04-16T15:14,43843.26,42774.74,,,1.1,0.0,0.0,1.1,7.0,,23.44,6.81,57,20.7,6.81,60,0.0,1009.7,973.3,,16.0,0.143,34.0,10906X0039/C2-1
106,2017-04-17,2.685378283,42.685696389,53,35.8,25.9,38.6,29.1,2017-04-17T03:03,2017-04-17T15:14,43851.91,37232.7,,,1.2,0.0,0.0,1.2,3.0,,20.26,5.54,70,20.9,5.54,62,0.0,1010.3,973.8,,12.1,0.143,33.9,10906X0039/C2-1
107,2017-04-18,2.685378283,42.685696389,51,34.5,25.0,37.8,27.7,2017-04-18T03:03,2017-04-18T15:14,43860.49,42809.72,,,0.2,0.0,0.0,0.2,2.0,,21.33,6.13,57,19.9,6.13,59,0.0,1011.1,974.6,,13.9,0.143,33.7,10906X0039/C2-1
108,2017-04-19,2.685378283,42.685696389,3,35.7,24.1,38.1,27.1,2017-04-19T03:02,2017-04-19T15:13,43868.99,42826.14,,,0.0,0.0,0.0,0.0,0.0,,23.71,6.62,53,18.4,6.62,55,0.0,1011.1,974.7,,13.3,0.143,33.8,10906X0039/C2-1
109,2017-04-20,2.685378283,42.685696389,3,36.6,24.8,38.6,26.2,2017-04-20T03:02,2017-04-20T15:13,43877.48,42842.12,,,0.0,0.0,0.0,0.0,0.0,,23.88,7.17,67,18.2,7.17,53,0.0,1010.5,974.1,,15.7,0.143,34.0,10906X0039/C2-1
110,2017-04-21,2.685378283,42.685696389,3,36.3,24.7,37.5,26.7,2017-04-21T03:02,2017-04-21T15:13,43885.96,42857.81,,,0.0,0.0,0.0,0.0,0.0,,24.31,7.59,33,17.6,7.59,52,0.0,1010.9,974.4,,17.7,0.144,34.1,10906X0039/C2-1
111,2017-04-22,2.685378283,42.685696389,3,36.2,24.3,38.2,27.1,2017-04-22T03:01,2017-04-22T15:13,43894.43,42873.19,,,0.0,0.0,0.0,0.0,0.0,,22.61,6.87,47,18.8,6.87,55,0.0,1011.1,974.6,,16.1,0.145,34.1,10906X0039/C2-1
112,2017-04-23,2.685378283,42.685696389,3,36.0,24.8,38.6,27.4,2017-04-23T03:01,2017-04-23T15:13,43902.88,42888.23,,,0.0,0.0,0.0,0.0,0.0,,22.72,6.55,42,19.2,6.55,56,0.0,1011.4,974.9,,14.5,0.144,34.2,10906X0039/C2-1
113,2017-04-24,2.685378283,42.685696389,51,35.4,25.2,38.1,27.5,2017-04-24T03:01,2017-04-24T15:13,43911.3,42902.92,,,0.4,0.0,0.0,0.4,2.0,,22.33,6.76,51,20.1,6.76,59,0.0,1011.7,975.2,,17.7,0.145,34.2,10906X0039/C2-1
114,2017-04-25,2.685378283,42.685696389,53,36.5,25.2,38.0,27.3,2017-04-25T03:01,2017-04-25T15:13,43919.69,42200.85,,,0.7,0.0,0.0,0.7,1.0,,23.07,7.3,49,19.2,7.3,56,0.0,1012.0,975.5,,19.0,0.145,34.0,10906X0039/C2-1
115,2017-04-26,2.685378283,42.685696389,3,35.2,24.6,37.3,26.8,2017-04-26T03:00,2017-04-26T15:13,43928.03,40244.63,,,0.0,0.0,0.0,0.0,0.0,,22.93,7.01,26,18.8,7.01,56,0.0,1012.2,975.6,,17.0,0.146,34.0,10906X0039/C2-1
116,2017-04-27,2.685378283,42.685696389,3,37.0,24.6,38.1,26.9,2017-04-27T03:00,2017-04-27T15:13,43936.33,42944.56,,,0.0,0.0,0.0,0.0,0.0,,24.2,7.79,46,18.6,7.79,54,0.0,1011.8,975.4,,19.7,0.145,34.1,10906X0039/C2-1
117,2017-04-28,2.685378283,42.685696389,61,29.4,24.7,31.1,27.3,2017-04-28T03:00,2017-04-28T15:12,43944.56,23598.88,,,5.4,0.0,0.0,5.4,9.0,,9.81,3.14,80,20.6,3.14,70,0.0,1012.7,975.8,,12.8,0.146,33.5,10906X0039/C2-1
118,2017-04-29,2.685378283,42.685696389,65,30.5,23.2,34.6,26.9,2017-04-29T03:00,2017-04-29T15:12,43952.74,35414.45,,,14.8,0.0,0.0,14.8,10.0,,16.21,3.59,76,22.0,3.59,81,0.0,1013.2,976.1,,12.9,0.153,32.6,10906X0039/C2-1
119,2017-04-30,2.685378283,42.685696389,51,30.2,22.9,32.9,26.1,2017-04-30T03:00,2017-04-30T15:12,43960.85,33851.65,,,1.2,0.0,0.0,1.2,8.0,,17.03,3.76,70,21.8,3.76,79,0.0,1013.4,976.4,,11.3,0.161,32.1,10906X0039/C2-1
120,2017-05-01,2.685378283,42.685696389,51,30.9,23.1,34.9,26.2,2017-05-01T02:59,2017-05-01T15:12,43968.88,37167.02,,,1.5,0.0,0.0,1.5,10.0,,19.39,4.24,49,21.7,4.24,78,0.0,1013.2,976.2,,12.0,0.16,31.6,10906X0039/C2-1
121,2017-05-02,2.685378283,42.685696389,53,31.3,23.2,36.0,26.9,2017-05-02T02:59,2017-05-02T15:12,43976.82,43004.37,,,1.5,0.0,0.0,1.5,5.0,,21.01,4.78,64,21.4,4.78,75,0.0,1013.0,976.0,,10.8,0.157,31.5,10906X0039/C2-1
122,2017-05-03,2.685378283,42.685696389,63,29.7,23.2,33.0,27.1,2017-05-03T02:59,2017-05-03T15:12,43984.67,37863.67,,,7.5,0.0,0.0,7.5,9.0,,15.53,3.35,76,21.7,3.35,81,0.0,1012.7,975.7,,9.4,0.158,31.2,10906X0039/C2-1
123,2017-05-04,2.685378283,42.685696389,51,30.0,22.6,33.9,27.0,2017-05-04T02:59,2017-05-04T15:12,43992.41,43024.35,,,1.7,0.0,0.0,1.7,10.0,,19.07,4.13,47,21.7,4.13,77,0.0,1012.3,975.4,,7.1,0.161,31.0,10906X0039/C2-1
124,2017-05-05,2.685378283,42.685696389,51,31.1,22.2,35.1,26.3,2017-05-05T02:59,2017-05-05T15:12,44000.05,43033.4,,,0.4,0.0,0.0,0.4,4.0,,19.82,4.54,52,20.9,4.54,72,0.0,1012.6,975.7,,8.4,0.158,31.0,10906X0039/C2-1
125,2017-05-06,2.685378283,42.685696389,51,32.1,23.3,35.9,26.9,2017-05-06T02:59,2017-05-06T15:12,44007.56,43041.77,,,0.9,0.0,0.0,0.9,4.0,,19.85,4.52,59,21.4,4.52,75,0.0,1012.9,976.0,,10.5,0.156,30.9,10906X0039/C2-1
126,2017-05-07,2.685378283,42.685696389,53,31.3,23.2,36.3,27.2,2017-05-07T02:58,2017-05-07T15:12,44014.95,43049.46,,,0.9,0.0,0.0,0.9,4.0,,19.17,4.25,39,21.9,4.25,77,0.0,1012.7,975.8,,9.4,0.156,30.8,10906X0039/C2-1
127,2017-05-08,2.685378283,42.685696389,51,30.2,23.7,34.3,27.2,2017-05-08T02:58,2017-05-08T15:12,44022.2,43056.42,,,0.7,0.0,0.0,0.7,6.0,,17.65,3.85,63,21.7,3.85,78,0.0,1013.1,976.1,,9.5,0.159,30.6,10906X0039/C2-1
128,2017-05-09,2.685378283,42.685696389,65,29.5,23.6,34.3,27.5,2017-05-09T02:58,2017-05-09T15:12,44029.31,43062.64,,,16.7,0.0,0.0,16.7,9.0,,17.47,3.67,73,22.1,3.67,80,0.0,1012.8,975.8,,8.1,0.167,30.4,10906X0039/C2-1
129,2017-05-10,2.685378283,42.685696389,51,30.4,23.0,33.6,26.9,2017-05-10T02:58,2017-05-10T15:12,44036.35,43068.14,,,0.8,0.0,0.0,0.8,5.0,,19.35,4.37,30,21.5,4.37,77,0.0,1012.3,975.4,,11.4,0.168,30.3,10906X0039/C2-1
130,2017-05-11,2.685378283,42.685696389,51,31.2,22.7,35.8,26.0,2017-05-11T02:58,2017-05-11T15:12,44043.31,39569.02,,,0.3,0.0,0.0,0.3,3.0,,19.13,4.5,51,21.2,4.5,74,0.0,1012.0,975.1,,13.0,0.165,30.2,10906X0039/C2-1
131,2017-05-12,2.685378283,42.685696389,51,32.2,22.8,34.8,26.3,2017-05-12T02:58,2017-05-12T15:12,44050.2,42225.81,,,0.1,0.0,0.0,0.1,1.0,,20.58,5.15,38,21.2,5.15,73,0.0,1012.3,975.5,,15.9,0.161,30.2,10906X0039/C2-1
132,2017-05-13,2.685378283,42.685696389,53,31.1,23.0,33.4,25.8,2017-05-13T02:58,2017-05-13T15:12,44057.0,39600.0,,,1.5,0.0,0.0,1.5,6.0,,17.9,4.4,53,21.2,4.4,76,0.0,1013.0,975.9,,17.6,0.159,30.1,10906X0039/C2-1
133,2017-05-14,2.685378283,42.685696389,51,32.0,22.6,33.3,25.2,2017-05-14T02:58,2017-05-14T15:12,44063.7,43083.43,,,0.1,0.0,0.0,0.1,1.0,,21.59,5.6,37,19.3,5.6,66,0.0,1012.8,976.0,,15.9,0.157,30.1,10906X0039/C2-1
134,2017-05-15,2.685378283,42.685696389,51,31.8,22.4,34.1,25.4,2017-05-15T02:58,2017-05-15T15:12,44070.3,39600.0,,,1.4,0.0,0.0,1.4,7.0,,19.32,4.77,28,20.9,4.77,74,0.0,1013.2,976.3,,15.6,0.156,30.0,10906X0039/C2-1
135,2017-05-16,2.685378283,42.685696389,51,31.9,22.5,34.3,25.5,2017-05-16T02:58,2017-05-16T15:12,44076.8,35887.27,,,0.6,0.0,0.0,0.6,4.0,,17.0,4.59,52,20.8,4.59,72,0.0,1012.8,975.9,,16.7,0.154,30.0,10906X0039/C2-1
136,2017-05-17,2.685378283,42.685696389,51,33.3,23.4,34.0,26.2,2017-05-17T02:58,2017-05-17T15:13,44083.17,40541.73,,,0.9,0.0,0.0,0.9,7.0,,17.45,4.96,72,20.6,4.96,69,0.0,1012.3,975.4,,17.5,0.153,30.2,10906X0039/C2-1
137,2017-05-18,2.685378283,42.685696389,51,31.4,23.4,33.2,26.2,2017-05-18T02:58,2017-05-18T15:13,44089.43,36771.1,,,1.2,0.0,0.0,1.2,6.0,,16.17,4.43,74,20.8,4.43,72,0.0,1013.2,976.3,,16.7,0.152,30.2,10906X0039/C2-1
138,2017-05-19,2.685378283,42.685696389,51,31.2,23.3,31.8,25.8,2017-05-19T02:58,2017-05-19T15:13,44095.56,40548.86,,,0.9,0.0,0.0,0.9,7.0,,18.03,5.07,62,20.1,5.07,68,0.0,1015.0,978.1,,18.1,0.152,30.2,10906X0039/C2-1
139,2017-05-20,2.685378283,42.685696389,51,31.6,23.2,32.9,25.2,2017-05-20T02:58,2017-05-20T15:13,44101.55,42110.62,,,1.2,0.0,0.0,1.2,6.0,,17.07,4.91,54,20.2,4.91,68,0.0,1014.8,977.9,,18.4,0.151,30.3,10906X0039/C2-1
140,2017-05-21,2.685378283,42.685696389,51,29.9,22.1,29.9,23.8,2017-05-21T02:58,2017-05-21T15:13,44107.4,24509.15,,,0.5,0.0,0.0,0.5,4.0,,12.83,4.21,67,19.8,4.21,69,0.0,1013.6,976.6,,19.4,0.152,30.1,10906X0039/C2-1
141,2017-05-22,2.685378283,42.685696389,51,30.7,22.8,31.3,24.8,2017-05-22T02:58,2017-05-22T15:13,44113.1,37884.06,,,0.2,0.0,0.0,0.2,2.0,,16.65,4.9,49,19.6,4.9,67,0.0,1013.1,976.2,,18.7,0.151,30.1,10906X0039/C2-1
142,2017-05-23,2.685378283,42.685696389,51,32.8,22.3,32.0,23.5,2017-05-23T02:58,2017-05-23T15:13,44118.64,43082.98,,,0.1,0.0,0.0,0.1,1.0,,22.51,6.58,22,17.5,6.58,59,0.0,1013.8,976.9,,19.7,0.15,30.3,10906X0039/C2-1
143,2017-05-24,2.685378283,42.685696389,51,32.0,22.4,32.7,24.5,2017-05-24T02:58,2017-05-24T15:13,44124.0,39586.45,,,0.4,0.0,0.0,0.4,3.0,,16.44,5.23,41,18.9,5.23,63,0.0,1013.5,976.6,,17.7,0.149,30.3,10906X0039/C2-1
144,2017-05-25,2.685378283,42.685696389,51,31.4,22.4,30.7,24.4,2017-05-25T02:58,2017-05-25T15:13,44129.2,32930.47,,,0.3,0.0,0.0,0.3,3.0,,15.21,5.12,50,18.9,5.12,63,0.0,1012.4,975.5,,19.4,0.149,30.3,10906X0039/C2-1
145,2017-05-26,2.685378283,42.685696389,3,33.8,22.1,33.4,23.7,2017-05-26T02:58,2017-05-26T15:14,44134.22,40422.33,,,0.0,0.0,0.0,0.0,0.0,,19.85,6.27,33,17.9,6.27,57,0.0,1011.4,974.7,,18.7,0.149,30.4,10906X0039/C2-1
146,2017-05-27,2.685378283,42.685696389,3,34.5,23.0,35.0,25.0,2017-05-27T02:58,2017-05-27T15:14,44139.04,43069.68,,,0.0,0.0,0.0,0.0,0.0,,22.63,6.8,39,19.7,6.8,62,0.0,1011.8,975.1,,20.9,0.148,30.7,10906X0039/C2-1
147,2017-05-28,2.685378283,42.685696389,51,33.1,23.8,34.1,26.2,2017-05-28T02:58,2017-05-28T15:14,44143.67,40036.95,,,0.5,0.0,0.0,0.5,2.0,,16.34,5.22,64,20.7,5.22,67,0.0,1012.9,976.2,,20.3,0.148,30.8,10906X0039/C2-1
148,2017-05-29,2.685378283,42.685696389,55,32.3,23.9,33.9,24.5,2017-05-29T02:58,2017-05-29T15:14,44148.1,42178.72,,,1.7,0.0,0.0,1.7,6.0,,18.23,5.34,75,20.2,5.34,66,0.0,1014.1,977.2,,18.6,0.148,30.8,10906X0039/C2-1
149,2017-05-30,2.685378283,42.685696389,3,28.7,23.4,29.7,24.5,2017-05-30T02:58,2017-05-30T15:14,44152.38,6842.95,,,0.0,0.0,0.0,0.0,0.0,,5.89,2.98,87,19.2,2.98,66,0.0,1015.5,978.4,,15.2,0.147,30.4,10906X0039/C2-1
150,2017-05-31,2.685378283,42.685696389,3,33.4,22.6,32.5,24.6,2017-05-31T02:58,2017-05-31T15:14,44156.49,38106.33,,,0.0,0.0,0.0,0.0,0.0,,21.06,6.69,34,17.1,6.69,55,0.0,1014.8,978.0,,18.9,0.147,30.5,10906X0039/C2-1
151,2017-06-01,2.685378283,42.685696389,51,32.4,22.7,32.4,23.7,2017-06-01T02:59,2017-06-01T15:15,44160.45,34153.94,,,0.5,0.0,0.0,0.5,4.0,,15.18,5.39,52,19.0,5.39,61,0.0,1014.2,977.3,,20.5,0.146,30.6,10906X0039/C2-1
152,2017-06-02,2.685378283,42.685696389,51,31.9,22.7,30.8,24.5,2017-06-02T02:59,2017-06-02T15:15,44164.24,29157.2,,,0.1,0.0,0.0,0.1,1.0,,13.59,5.23,76,18.8,5.23,61,0.0,1014.1,977.2,,21.1,0.146,30.6,10906X0039/C2-1
153,2017-06-03,2.685378283,42.685696389,51,31.5,22.9,30.3,24.9,2017-06-03T02:59,2017-06-03T15:15,44167.86,18651.76,,,0.4,0.0,0.0,0.4,4.0,,11.16,4.68,82,19.1,4.68,63,0.0,1014.4,977.5,,20.9,0.146,30.5,10906X0039/C2-1
154,2017-06-04,2.685378283,42.685696389,51,31.5,23.2,31.4,25.1,2017-06-04T02:59,2017-06-04T15:15,44171.31,39931.7,,,0.6,0.0,0.0,0.6,4.0,,15.65,5.17,62,19.2,5.17,64,0.0,1014.1,977.2,,19.8,0.146,30.5,10906X0039/C2-1
155,2017-06-05,2.685378283,42.685696389,3,33.6,22.6,32.2,24.2,2017-06-05T02:59,2017-06-05T15:15,44174.58,36113.99,,,0.0,0.0,0.0,0.0,0.0,,19.69,6.64,48,18.0,6.64,58,0.0,1013.5,976.7,,22.3,0.146,30.6,10906X0039/C2-1
156,2017-06-06,2.685378283,42.685696389,3,31.2,22.7,29.8,23.9,2017-06-06T02:59,2017-06-06T15:16,44177.67,33635.09,,,0.0,0.0,0.0,0.0,0.0,,15.13,5.67,56,18.4,5.67,60,0.0,1013.6,976.7,,23.1,0.146,30.6,10906X0039/C2-1
157,2017-06-07,2.685378283,42.685696389,3,31.0,22.8,29.7,24.3,2017-06-07T02:59,2017-06-07T15:16,44180.59,25359.53,,,0.0,0.0,0.0,0.0,0.0,,13.51,5.22,65,18.2,5.22,60,0.0,1013.4,976.5,,21.1,0.145,30.5,10906X0039/C2-1
158,2017-06-08,2.685378283,42.685696389,3,32.1,21.8,30.9,22.9,2017-06-08T03:00,2017-06-08T15:16,44183.31,34573.38,,,0.0,0.0,0.0,0.0,0.0,,16.83,5.95,47,16.6,5.95,55,0.0,1012.8,976.0,,20.0,0.145,30.4,10906X0039/C2-1
159,2017-06-09,2.685378283,42.685696389,3,33.8,21.7,33.0,22.8,2017-06-09T03:00,2017-06-09T15:16,44185.84,32165.31,,,0.0,0.0,0.0,0.0,0.0,,21.1,6.98,33,16.8,6.98,55,0.0,1013.4,976.5,,21.7,0.145,30.5,10906X0039/C2-1
160,2017-06-10,2.685378283,42.685696389,3,34.2,21.7,31.1,22.6,2017-06-10T03:00,2017-06-10T15:16,44188.18,42954.06,,,0.0,0.0,0.0,0.0,0.0,,22.78,7.55,50,16.1,7.55,53,0.0,1014.2,977.3,,23.2,0.145,30.6,10906X0039/C2-1
161,2017-06-11,2.685378283,42.685696389,3,33.0,22.7,30.6,23.8,2017-06-11T03:00,2017-06-11T15:17,44190.31,41860.75,,,0.0,0.0,0.0,0.0,0.0,,17.83,6.55,74,16.8,6.55,54,0.0,1013.0,976.2,,21.8,0.144,30.7,10906X0039/C2-1
162,2017-06-12,2.685378283,42.685696389,51,32.2,23.1,31.5,25.5,2017-06-12T03:00,2017-06-12T15:17,44192.25,42931.02,,,0.1,0.0,0.0,0.1,1.0,,17.61,5.65,64,18.8,5.65,60,0.0,1012.5,975.7,,17.9,0.144,30.7,10906X0039/C2-1
163,2017-06-13,2.685378283,42.685696389,51,31.6,23.3,31.7,25.0,2017-06-13T03:01,2017-06-13T15:17,44193.98,34789.23,,,1.2,0.0,0.0,1.2,9.0,,16.34,4.75,80,20.3,4.75,70,0.0,1012.6,975.7,,20.3,0.145,30.6,10906X0039/C2-1
164,2017-06-14,2.685378283,42.685696389,53,30.2,23.3,30.8,25.3,2017-06-14T03:01,2017-06-14T15:17,44195.5,23196.73,,,1.5,0.0,0.0,1.5,6.0,,11.85,3.83,83,20.1,3.83,71,0.0,1013.2,976.2,,17.4,0.145,30.3,10906X0039/C2-1
165,2017-06-15,2.685378283,42.685696389,63,31.6,23.0,33.3,25.2,2017-06-15T03:01,2017-06-15T15:18,44196.81,32814.84,,,3.4,0.0,0.0,3.4,5.0,,15.48,4.02,96,20.3,4.02,73,0.0,1013.8,976.7,,14.9,0.146,30.1,10906X0039/C2-1
166,2017-06-16,2.685378283,42.685696389,53,30.8,22.8,32.1,25.0,2017-06-16T03:01,2017-06-16T15:18,44197.9,39679.89,,,0.9,0.0,0.0,0.9,4.0,,15.59,4.44,96,20.1,4.44,71,0.0,1013.8,976.7,,18.0,0.147,30.0,10906X0039/C2-1
167,2017-06-17,2.685378283,42.685696389,51,29.8,22.2,29.0,23.3,2017-06-17T03:01,2017-06-17T15:18,44198.77,31332.13,,,1.5,0.0,0.0,1.5,10.0,,14.57,4.28,92,19.3,4.28,71,0.0,1013.4,976.3,,19.8,0.147,29.7,10906X0039/C2-1
168,2017-06-18,2.685378283,42.685696389,51,30.2,21.3,30.1,22.9,2017-06-18T03:02,2017-06-18T15:18,44199.42,39391.73,,,0.4,0.0,0.0,0.4,4.0,,17.81,5.03,50,18.4,5.03,67,0.0,1013.3,976.2,,19.3,0.146,29.6,10906X0039/C2-1
169,2017-06-19,2.685378283,42.685696389,51,30.5,21.1,29.9,23.0,2017-06-19T03:02,2017-06-19T15:18,44199.86,37314.63,,,1.0,0.0,0.0,1.0,7.0,,16.2,4.47,61,18.9,4.47,70,0.0,1014.5,977.4,,19.0,0.146,29.4,10906X0039/C2-1
170,2017-06-20,2.685378283,42.685696389,51,29.7,21.4,29.8,23.4,2017-06-20T03:02,2017-06-20T15:19,44200.08,26060.05,,,0.6,0.0,0.0,0.6,3.0,,11.67,3.84,67,18.8,3.84,69,0.0,1014.4,977.3,,17.4,0.146,29.3,10906X0039/C2-1
171,2017-06-21,2.685378283,42.685696389,51,29.4,21.2,28.7,23.3,2017-06-21T03:02,2017-06-21T15:19,44200.09,19519.32,,,0.1,0.0,0.0,0.1,1.0,,11.38,4.15,70,18.3,4.15,65,0.0,1013.5,976.5,,18.2,0.145,29.2,10906X0039/C2-1
172,2017-06-22,2.685378283,42.685696389,3,32.7,21.1,31.4,22.9,2017-06-22T03:02,2017-06-22T15:19,44199.89,36763.39,,,0.0,0.0,0.0,0.0,0.0,,19.05,5.92,57,17.7,5.92,62,0.0,1014.1,977.1,,20.2,0.145,29.3,10906X0039/C2-1
173,2017-06-23,2.685378283,42.685696389,51,30.6,21.6,30.6,23.3,2017-06-23T03:03,2017-06-23T15:19,44199.48,32457.45,,,0.4,0.0,0.0,0.4,4.0,,13.95,4.53,67,18.8,4.53,67,0.0,1014.8,977.7,,18.8,0.144,29.3,10906X0039/C2-1
174,2017-06-24,2.685378283,42.685696389,51,31.4,21.9,31.9,23.9,2017-06-24T03:03,2017-06-24T15:19,44198.85,38681.77,,,0.3,0.0,0.0,0.3,3.0,,15.54,4.59,82,18.8,4.59,67,0.0,1014.4,977.3,,17.1,0.144,29.4,10906X0039/C2-1
175,2017-06-25,2.685378283,42.685696389,51,31.9,20.7,30.6,22.8,2017-06-25T03:03,2017-06-25T15:20,44198.03,36751.84,,,0.2,0.0,0.0,0.2,2.0,,15.51,5.26,85,17.4,5.26,62,0.0,1013.5,976.5,,19.3,0.144,29.4,10906X0039/C2-1
176,2017-06-26,2.685378283,42.685696389,3,30.5,21.7,28.8,23.0,2017-06-26T03:03,2017-06-26T15:20,44197.0,22018.33,,,0.0,0.0,0.0,0.0,0.0,,12.93,5.14,73,17.8,5.14,62,0.0,1013.9,976.9,,22.0,0.144,29.4,10906X0039/C2-1
177,2017-06-27,2.685378283,42.685696389,51,30.0,22.3,29.1,23.6,2017-06-27T03:03,2017-06-27T15:20,44195.76,31626.16,,,0.6,0.0,0.0,0.6,5.0,,14.86,4.9,54,18.3,4.9,65,0.0,1014.5,977.5,,20.6,0.144,29.4,10906X0039/C2-1
178,2017-06-28,2.685378283,42.685696389,3,31.8,21.9,30.0,23.0,2017-06-28T03:04,2017-06-28T15:20,44194.33,35137.76,,,0.0,0.0,0.0,0.0,0.0,,17.18,5.69,63,17.1,5.69,59,0.0,1014.7,977.6,,20.2,0.144,29.4,10906X0039/C2-1
179,2017-06-29,2.685378283,42.685696389,51,31.4,21.0,30.9,22.6,2017-06-29T03:04,2017-06-29T15:20,44192.71,41796.65,,,0.5,0.0,0.0,0.5,4.0,,18.22,5.64,77,17.8,5.64,63,0.0,1014.8,977.8,,20.9,0.143,29.5,10906X0039/C2-1
180,2017-06-30,2.685378283,42.685696389,3,30.7,21.9,27.7,22.4,2017-06-30T03:04,2017-06-30T15:21,44190.89,31144.57,,,0.0,0.0,0.0,0.0,0.0,,13.52,5.77,67,16.9,5.77,59,0.0,1014.3,977.3,,26.3,0.143,29.5,10906X0039/C2-1
181,2017-07-01,2.685378283,42.685696389,3,32.8,21.4,30.5,21.6,2017-07-01T03:04,2017-07-01T15:21,44188.87,34368.63,,,0.0,0.0,0.0,0.0,0.0,,20.82,7.23,31,15.3,7.23,52,0.0,1013.8,976.8,,24.2,0.143,29.5,10906X0039/C2-1
182,2017-07-02,2.685378283,42.685696389,3,31.3,21.4,28.0,20.9,2017-07-02T03:05,2017-07-02T15:21,44186.67,28892.94,,,0.0,0.0,0.0,0.0,0.0,,15.81,6.31,78,15.5,6.31,54,0.0,1013.4,976.4,,24.9,0.143,29.5,10906X0039/C2-1
183,2017-07-03,2.685378283,42.685696389,51,30.0,21.4,27.6,21.5,2017-07-03T03:05,2017-07-03T15:21,44184.28,25093.86,,,0.3,0.0,0.0,0.3,1.0,,13.24,5.47,93,16.1,5.47,56,0.0,1014.4,977.3,,22.7,0.143,29.3,10906X0039/C2-1
184,2017-07-04,2.685378283,42.685696389,3,31.8,22.7,29.5,22.5,2017-07-04T03:05,2017-07-04T15:21,44181.72,31755.79,,,0.0,0.0,0.0,0.0,0.0,,16.15,6.14,99,16.2,6.14,55,0.0,1014.9,977.9,,22.2,0.142,29.4,10906X0039/C2-1
185,2017-07-05,2.685378283,42.685696389,3,32.6,21.7,29.6,21.6,2017-07-05T03:05,2017-07-05T15:22,44178.96,33623.64,,,0.0,0.0,0.0,0.0,0.0,,17.96,6.76,94,15.5,6.76,54,0.0,1014.9,977.9,,23.5,0.142,29.4,10906X0039/C2-1
186,2017-07-06,2.685378283,42.685696389,3,33.3,21.3,30.2,21.2,2017-07-06T03:05,2017-07-06T15:22,44176.03,35766.29,,,0.0,0.0,0.0,0.0,0.0,,19.89,6.82,46,15.9,6.82,54,0.0,1015.6,978.5,,23.0,0.142,29.4,10906X0039/C2-1
187,2017-07-07,2.685378283,42.685696389,51,31.7,22.0,30.4,21.9,2017-07-07T03:06,2017-07-07T15:22,44172.92,41276.99,,,0.4,0.0,0.0,0.4,4.0,,17.16,5.93,44,17.2,5.93,60,0.0,1015.6,978.5,,24.5,0.142,29.4,10906X0039/C2-1
188,2017-07-08,2.685378283,42.685696389,3,31.5,21.1,28.7,22.1,2017-07-08T03:06,2017-07-08T15:22,44169.63,31571.63,,,0.0,0.0,0.0,0.0,0.0,,16.53,6.12,57,16.4,6.12,57,0.0,1015.4,978.3,,23.3,0.142,29.3,10906X0039/C2-1
189,2017-07-09,2.685378283,42.685696389,3,32.5,20.8,29.6,21.7,2017-07-09T03:06,2017-07-09T15:22,44166.13,40419.56,,,0.0,0.0,0.0,0.0,0.0,,21.96,7.0,30,15.1,7.0,54,0.0,1014.4,977.4,,21.9,0.142,29.5,10906X0039/C2-1
190,2017-07-10,2.685378283,42.685696389,3,30.5,21.3,27.9,21.5,2017-07-10T03:06,2017-07-10T15:22,44162.42,25115.36,,,0.0,0.0,0.0,0.0,0.0,,13.73,5.57,49,16.3,5.57,59,0.0,1014.0,976.9,,24.5,0.142,29.4,10906X0039/C2-1
191,2017-07-11,2.685378283,42.685696389,51,30.8,21.3,29.2,21.7,2017-07-11T03:06,2017-07-11T15:22,44158.52,22580.95,,,0.2,0.0,0.0,0.2,2.0,,11.97,4.62,78,17.3,4.62,63,0.0,1015.0,977.9,,20.7,0.144,29.1,10906X0039/C2-1
192,2017-07-12,2.685378283,42.685696389,3,31.3,21.6,29.7,21.0,2017-07-12T03:06,2017-07-12T15:22,44154.41,25168.08,,,0.0,0.0,0.0,0.0,0.0,,15.57,6.24,84,15.5,6.24,54,0.0,1015.0,977.9,,23.8,0.145,29.0,10906X0039/C2-1
193,2017-07-13,2.685378283,42.685696389,51,32.4,21.3,29.6,20.3,2017-07-13T03:07,2017-07-13T15:22,44150.12,28419.44,,,0.1,0.0,0.0,0.1,1.0,,15.04,6.27,58,14.6,6.27,51,0.0,1014.3,977.2,,22.6,0.145,28.9,10906X0039/C2-1
194,2017-07-14,2.685378283,42.685696389,3,32.2,20.8,29.8,20.3,2017-07-14T03:07,2017-07-14T15:22,44145.64,30540.16,,,0.0,0.0,0.0,0.0,0.0,,17.1,6.56,68,15.1,6.56,53,0.0,1014.0,977.0,,23.7,0.146,29.0,10906X0039/C2-1
195,2017-07-15,2.685378283,42.685696389,3,31.7,21.3,29.7,20.8,2017-07-15T03:07,2017-07-15T15:23,44140.99,30157.64,,,0.0,0.0,0.0,0.0,0.0,,17.8,6.5,74,15.5,6.5,53,0.0,1014.3,977.3,,22.9,0.146,29.0,10906X0039/C2-1
196,2017-07-16,2.685378283,42.685696389,3,30.5,22.2,29.0,22.8,2017-07-16T03:07,2017-07-16T15:23,44136.17,18485.25,,,0.0,0.0,0.0,0.0,0.0,,12.12,4.78,88,18.2,4.78,63,0.0,1013.9,976.9,,21.2,0.145,29.0,10906X0039/C2-1
197,2017-07-17,2.685378283,42.685696389,53,32.5,22.8,32.4,23.9,2017-07-17T03:07,2017-07-17T15:23,44131.19,39143.99,,,0.9,0.0,0.0,0.9,2.0,,16.29,5.38,54,19.3,5.38,65,0.0,1014.6,977.6,,22.9,0.145,29.2,10906X0039/C2-1
198,2017-07-18,2.685378283,42.685696389,51,31.2,22.9,30.7,24.1,2017-07-18T03:07,2017-07-18T15:23,44126.05,32356.51,,,0.8,0.0,0.0,0.8,4.0,,14.03,4.75,55,19.4,4.75,67,0.0,1015.6,978.5,,21.2,0.145,29.3,10906X0039/C2-1
199,2017-07-19,2.685378283,42.685696389,51,30.6,22.8,29.5,23.4,2017-07-19T03:07,2017-07-19T15:23,44120.77,29017.24,,,0.9,0.0,0.0,0.9,5.0,,13.28,4.79,89,18.8,4.79,66,0.0,1015.4,978.3,,23.4,0.146,29.2,10906X0039/C2-1
200,2017-07-20,2.685378283,42.685696389,51,30.9,22.2,28.9,23.0,2017-07-20T03:07,2017-07-20T15:23,44115.34,30691.08,,,0.1,0.0,0.0,0.1,1.0,,15.79,5.56,71,17.2,5.56,60,0.0,1014.2,977.2,,22.2,0.146,29.1,10906X0039/C2-1
201,2017-07-21,2.685378283,42.685696389,3,30.1,21.5,28.1,22.3,2017-07-21T03:08,2017-07-21T15:23,44109.78,20810.05,,,0.0,0.0,0.0,0.0,0.0,,13.45,5.42,76,17.0,5.42,59,0.0,1013.5,976.5,,22.9,0.144,29.1,10906X0039/C2-1
202,2017-07-22,2.685378283,42.685696389,3,32.5,21.7,30.4,21.8,2017-07-22T03:08,2017-07-22T15:23,44104.1,26630.46,,,0.0,0.0,0.0,0.0,0.0,,16.44,6.16,58,16.6,6.16,57,0.0,1013.8,976.9,,23.5,0.144,29.1,10906X0039/C2-1
203,2017-07-23,2.685378283,42.685696389,3,29.4,22.2,27.4,22.6,2017-07-23T03:08,2017-07-23T15:23,44098.29,10157.91,,,0.0,0.0,0.0,0.0,0.0,,10.16,4.5,80,17.4,4.5,62,0.0,1014.2,977.1,,22.4,0.144,28.9,10906X0039/C2-1
204,2017-07-24,2.685378283,42.685696389,3,33.0,22.0,31.3,22.7,2017-07-24T03:08,2017-07-24T15:23,44092.37,25711.66,,,0.0,0.0,0.0,0.0,0.0,,17.92,6.69,76,16.2,6.69,55,0.0,1014.0,977.1,,23.2,0.143,29.0,10906X0039/C2-1
205,2017-07-25,2.685378283,42.685696389,3,31.1,21.7,28.6,22.1,2017-07-25T03:08,2017-07-25T15:23,44086.33,26869.23,,,0.0,0.0,0.0,0.0,0.0,,16.13,6.45,66,16.1,6.45,54,0.0,1013.9,976.9,,24.3,0.143,29.1,10906X0039/C2-1
206,2017-07-26,2.685378283,42.685696389,3,33.0,22.3,30.6,21.6,2017-07-26T03:08,2017-07-26T15:23,44080.2,30041.56,,,0.0,0.0,0.0,0.0,0.0,,18.87,7.25,50,15.2,7.25,51,0.0,1013.6,976.7,,25.6,0.143,29.2,10906X0039/C2-1
207,2017-07-27,2.685378283,42.685696389,3,32.1,22.4,29.2,21.8,2017-07-27T03:08,2017-07-27T15:23,44073.98,30682.68,,,0.0,0.0,0.0,0.0,0.0,,17.0,6.88,71,15.1,6.88,51,0.0,1014.6,977.6,,24.8,0.143,29.2,10906X0039/C2-1
208,2017-07-28,2.685378283,42.685696389,3,33.3,22.5,31.6,22.5,2017-07-28T03:08,2017-07-28T15:22,44067.64,27679.33,,,0.0,0.0,0.0,0.0,0.0,,16.94,6.28,46,16.2,6.28,55,0.0,1015.1,978.1,,21.7,0.143,29.3,10906X0039/C2-1
209,2017-07-29,2.685378283,42.685696389,3,33.5,21.2,31.8,21.4,2017-07-29T03:08,2017-07-29T15:22,44061.17,31915.51,,,0.0,0.0,0.0,0.0,0.0,,20.35,7.12,34,16.3,7.12,55,0.0,1014.4,977.5,,24.6,0.143,29.4,10906X0039/C2-1
210,2017-07-30,2.685378283,42.685696389,3,32.3,21.6,29.6,20.8,2017-07-30T03:08,2017-07-30T15:22,44054.53,33127.6,,,0.0,0.0,0.0,0.0,0.0,,17.96,6.53,40,16.2,6.53,55,0.0,1014.0,977.0,,24.0,0.143,29.3,10906X0039/C2-1
211,2017-07-31,2.685378283,42.685696389,51,31.6,22.3,31.2,23.2,2017-07-31T03:08,2017-07-31T15:22,44047.75,35607.1,,,0.2,0.0,0.0,0.2,1.0,,16.16,5.47,37,17.6,5.47,61,0.0,1014.8,977.8,,20.7,0.143,29.3,10906X0039/C2-1
212,2017-08-01,2.685378283,42.685696389,51,31.7,22.2,31.8,23.2,2017-08-01T03:08,2017-08-01T15:22,44040.83,40822.1,,,0.9,0.0,0.0,0.9,5.0,,17.84,5.33,34,18.4,5.33,65,0.0,1016.2,979.0,,20.2,0.144,29.2,10906X0039/C2-1
213,2017-08-02,2.685378283,42.685696389,51,31.1,22.0,31.1,23.3,2017-08-02T03:08,2017-08-02T15:22,44033.79,40817.75,,,1.2,0.0,0.0,1.2,7.0,,19.42,5.71,48,18.3,5.71,65,0.0,1017.0,979.8,,21.4,0.145,29.3,10906X0039/C2-1
214,2017-08-03,2.685378283,42.685696389,51,31.2,21.6,30.8,22.6,2017-08-03T03:08,2017-08-03T15:22,44026.63,32400.0,,,0.3,0.0,0.0,0.3,3.0,,17.58,5.57,50,17.3,5.57,62,0.0,1016.8,979.6,,20.2,0.144,29.2,10906X0039/C2-1
215,2017-08-04,2.685378283,42.685696389,3,30.2,20.4,29.1,22.0,2017-08-04T03:08,2017-08-04T15:22,44019.35,24125.49,,,0.0,0.0,0.0,0.0,0.0,,15.58,5.28,73,16.5,5.28,60,0.0,1015.3,978.2,,18.6,0.144,29.1,10906X0039/C2-1
216,2017-08-05,2.685378283,42.685696389,3,31.2,20.8,28.9,21.8,2017-08-05T03:08,2017-08-05T15:21,44011.97,37924.52,,,0.0,0.0,0.0,0.0,0.0,,18.04,6.14,75,16.0,6.14,57,0.0,1014.7,977.6,,21.4,0.144,29.1,10906X0039/C2-1
217,2017-08-06,2.685378283,42.685696389,3,31.0,21.4,28.2,22.3,2017-08-06T03:08,2017-08-06T15:21,44004.49,28518.77,,,0.0,0.0,0.0,0.0,0.0,,15.92,6.08,85,16.2,6.08,57,0.0,1014.1,977.1,,23.3,0.143,29.1,10906X0039/C2-1
218,2017-08-07,2.685378283,42.685696389,3,31.0,21.0,28.7,21.3,2017-08-07T03:08,2017-08-07T15:21,43996.93,21137.94,,,0.0,0.0,0.0,0.0,0.0,,15.1,6.17,73,15.5,6.17,53,0.0,1014.0,977.1,,22.8,0.143,29.1,10906X0039/C2-1
219,2017-08-08,2.685378283,42.685696389,3,30.8,21.1,28.1,21.2,2017-08-08T03:08,2017-08-08T15:21,43989.28,30248.88,,,0.0,0.0,0.0,0.0,0.0,,14.04,5.74,82,16.2,5.74,56,0.0,1014.7,977.6,,24.0,0.143,29.0,10906X0039/C2-1
220,2017-08-09,2.685378283,42.685696389,51,31.0,21.4,28.5,21.4,2017-08-09T03:08,2017-08-09T15:21,43981.56,23669.4,,,0.1,0.0,0.0,0.1,1.0,,15.09,6.36,89,15.3,6.36,53,0.0,1014.8,977.8,,25.1,0.143,29.0,10906X0039/C2-1
221,2017-08-10,2.685378283,42.685696389,3,32.3,21.0,29.0,21.2,2017-08-10T03:08,2017-08-10T15:20,43973.78,39145.62,,,0.0,0.0,0.0,0.0,0.0,,20.69,7.28,67,13.9,7.28,49,0.0,1014.1,977.1,,23.5,0.143,29.0,10906X0039/C2-1
222,2017-08-11,2.685378283,42.685696389,51,29.8,21.6,28.4,20.9,2017-08-11T03:07,2017-08-11T15:20,43965.93,21014.86,,,0.8,0.0,0.0,0.8,5.0,,12.0,4.96,96,17.4,4.96,62,0.0,1014.7,977.6,,25.5,0.143,28.9,10906X0039/C2-1
223,2017-08-12,2.685378283,42.685696389,3,32.3,22.0,30.2,22.4,2017-08-12T03:07,2017-08-12T15:20,43958.04,39968.38,,,0.0,0.0,0.0,0.0,0.0,,18.71,6.82,69,16.2,6.82,56,0.0,1014.3,977.3,,24.6,0.144,29.0,10906X0039/C2-1
224,2017-08-13,2.685378283,42.685696389,51,31.7,21.4,30.7,22.2,2017-08-13T03:07,2017-08-13T15:20,43950.09,33829.76,,,0.4,0.0,0.0,0.4,4.0,,14.92,5.28,49,18.3,5.28,64,0.0,1014.1,977.0,,23.3,0.143,29.0,10906X0039/C2-1
225,2017-08-14,2.685378283,42.685696389,51,31.7,22.1,32.3,23.3,2017-08-14T03:07,2017-08-14T15:20,43942.12,29575.09,,,0.5,0.0,0.0,0.5,3.0,,15.78,4.87,62,19.0,4.87,68,0.0,1014.6,977.5,,21.0,0.144,29.0,10906X0039/C2-1
226,2017-08-15,2.685378283,42.685696389,51,32.3,21.6,30.5,22.5,2017-08-15T03:07,2017-08-15T15:19,43934.1,36190.81,,,0.4,0.0,0.0,0.4,4.0,,18.78,6.1,80,16.9,6.1,60,0.0,1014.0,976.9,,21.5,0.144,29.1,10906X0039/C2-1
227,2017-08-16,2.685378283,42.685696389,3,32.6,20.5,31.8,22.4,2017-08-16T03:07,2017-08-16T15:19,43926.06,41569.28,,,0.0,0.0,0.0,0.0,0.0,,20.92,6.25,58,16.0,6.25,57,0.0,1013.2,976.2,,17.5,0.143,29.2,10906X0039/C2-1
228,2017-08-17,2.685378283,42.685696389,3,34.1,20.6,33.2,22.7,2017-08-17T03:07,2017-08-17T15:19,43918.0,39600.0,,,0.0,0.0,0.0,0.0,0.0,,24.45,6.93,37,15.9,6.93,56,0.0,1012.1,975.3,,16.9,0.144,29.5,10906X0039/C2-1
229,2017-08-18,2.685378283,42.685696389,3,34.3,21.5,34.1,23.5,2017-08-18T03:07,2017-08-18T15:18,43909.84,39600.0,,,0.0,0.0,0.0,0.0,0.0,,23.75,7.0,90,18.0,7.0,61,0.0,1012.4,975.6,,20.7,0.144,29.8,10906X0039/C2-1
230,2017-08-19,2.685378283,42.685696389,53,32.9,22.6,33.8,23.5,2017-08-19T03:06,2017-08-19T15:18,43901.6,41181.06,,,1.7,0.0,0.0,1.7,8.0,,18.93,5.8,63,18.9,5.8,63,0.0,1013.6,976.7,,20.9,0.144,29.9,10906X0039/C2-1
231,2017-08-20,2.685378283,42.685696389,51,31.3,21.9,29.8,22.0,2017-08-20T03:06,2017-08-20T15:18,43893.27,33838.0,,,1.3,0.0,0.0,1.3,5.0,,17.12,5.72,41,17.5,5.72,62,0.0,1014.1,977.1,,22.3,0.145,29.6,10906X0039/C2-1
232,2017-08-21,2.685378283,42.685696389,51,31.4,21.2,29.7,21.6,2017-08-21T03:06,2017-08-21T15:18,43884.86,32342.14,,,0.1,0.0,0.0,0.1,1.0,,16.6,5.96,60,16.4,5.96,57,0.0,1013.1,976.1,,22.2,0.145,29.4,10906X0039/C2-1
233,2017-08-22,2.685378283,42.685696389,3,33.1,21.4,30.9,22.8,2017-08-22T03:06,2017-08-22T15:17,43876.38,38040.92,,,0.0,0.0,0.0,0.0,0.0,,20.58,6.7,44,16.8,6.7,58,0.0,1011.7,974.8,,22.5,0.144,29.4,10906X0039/C2-1
234,2017-08-23,2.685378283,42.685696389,3,32.1,21.5,29.7,22.1,2017-08-23T03:06,2017-08-23T15:17,43867.84,30756.36,,,0.0,0.0,0.0,0.0,0.0,,15.57,5.99,68,17.3,5.99,59,0.0,1011.6,974.7,,24.0,0.144,29.4,10906X0039/C2-1
235,2017-08-24,2.685378283,42.685696389,3,32.9,21.9,32.2,23.2,2017-08-24T03:06,2017-08-24T15:17,43859.25,38665.92,,,0.0,0.0,0.0,0.0,0.0,,17.88,5.92,79,18.2,5.92,61,0.0,1011.7,974.8,,21.3,0.143,29.5,10906X0039/C2-1
236,2017-08-25,2.685378283,42.685696389,3,33.1,22.1,32.5,22.4,2017-08-25T03:05,2017-08-25T15:16,43850.61,41359.36,,,0.0,0.0,0.0,0.0,0.0,,21.4,6.57,48,17.3,6.57,58,0.0,1012.1,975.2,,19.6,0.142,29.8,10906X0039/C2-1
237,2017-08-26,2.685378283,42.685696389,3,34.8,20.5,33.8,21.2,2017-08-26T03:05,2017-08-26T15:16,43841.93,42285.51,,,0.0,0.0,0.0,0.0,0.0,,25.13,7.57,55,16.2,7.57,56,0.0,1011.8,975.0,,20.8,0.143,29.9,10906X0039/C2-1
238,2017-08-27,2.685378283,42.685696389,51,30.3,22.2,29.5,21.9,2017-08-27T03:05,2017-08-27T15:15,43833.22,28690.27,,,1.6,0.0,0.0,1.6,10.0,,15.12,5.27,78,17.8,5.27,63,0.0,1012.7,975.7,,23.8,0.143,29.7,10906X0039/C2-1
239,2017-08-28,2.685378283,42.685696389,51,32.2,21.6,30.0,21.8,2017-08-28T03:05,2017-08-28T15:15,43824.48,35558.21,,,0.1,0.0,0.0,0.1,1.0,,16.02,5.9,89,17.1,5.9,60,0.0,1012.6,975.7,,23.8,0.143,29.4,10906X0039/C2-1
240,2017-08-29,2.685378283,42.685696389,51,30.7,21.0,28.7,21.8,2017-08-29T03:04,2017-08-29T15:15,43815.71,27677.01,,,0.1,0.0,0.0,0.1,1.0,,14.68,5.66,87,16.6,5.66,57,0.0,1012.3,975.4,,22.1,0.143,29.4,10906X0039/C2-1
241,2017-08-30,2.685378283,42.685696389,3,33.8,22.1,32.0,22.2,2017-08-30T03:04,2017-08-30T15:14,43806.94,31910.94,,,0.0,0.0,0.0,0.0,0.0,,21.32,7.4,72,16.1,7.4,54,0.0,1012.2,975.4,,24.4,0.143,29.5,10906X0039/C2-1
242,2017-08-31,2.685378283,42.685696389,3,32.8,21.9,31.5,22.0,2017-08-31T03:04,2017-08-31T15:14,43798.15,24403.14,,,0.0,0.0,0.0,0.0,0.0,,17.15,6.2,79,16.7,6.2,57,0.0,1012.9,976.0,,21.9,0.143,29.5,10906X0039/C2-1
243,2017-09-01,2.685378283,42.685696389,3,34.0,21.5,31.7,22.5,2017-09-01T03:04,2017-09-01T15:14,43789.36,33077.2,,,0.0,0.0,0.0,0.0,0.0,,17.91,6.45,65,16.6,6.45,56,0.0,1012.9,976.0,,21.7,0.142,29.6,10906X0039/C2-1
244,2017-09-02,2.685378283,42.685696389,3,30.7,22.6,29.5,23.4,2017-09-02T03:03,2017-09-02T15:13,43780.57,16909.41,,,0.0,0.0,0.0,0.0,0.0,,13.42,5.16,89,17.5,5.16,59,0.0,1013.1,976.2,,20.1,0.142,29.6,10906X0039/C2-1
245,2017-09-03,2.685378283,42.685696389,3,34.1,22.9,31.9,22.8,2017-09-03T03:03,2017-09-03T15:13,43771.8,26867.76,,,0.0,0.0,0.0,0.0,0.0,,18.6,7.12,61,16.3,7.12,53,0.0,1013.0,976.2,,23.6,0.142,29.8,10906X0039/C2-1
246,2017-09-04,2.685378283,42.685696389,3,32.1,22.8,30.1,22.8,2017-09-04T03:03,2017-09-04T15:12,43763.04,42418.63,,,0.0,0.0,0.0,0.0,0.0,,18.3,6.69,52,16.3,6.69,54,0.0,1014.6,977.7,,23.1,0.142,29.8,10906X0039/C2-1
247,2017-09-05,2.685378283,42.685696389,3,33.3,21.8,32.5,22.8,2017-09-05T03:03,2017-09-05T15:12,43754.3,42401.99,,,0.0,0.0,0.0,0.0,0.0,,22.65,7.23,50,16.9,7.23,56,0.0,1015.3,978.3,,22.5,0.142,29.9,10906X0039/C2-1
248,2017-09-06,2.685378283,42.685696389,3,35.1,21.9,33.1,22.4,2017-09-06T03:03,2017-09-06T15:12,43745.57,41381.38,,,0.0,0.0,0.0,0.0,0.0,,24.35,8.01,20,16.5,8.01,54,0.0,1014.1,977.3,,24.1,0.142,30.1,10906X0039/C2-1
249,2017-09-07,2.685378283,42.685696389,51,32.8,23.1,33.0,23.6,2017-09-07T03:02,2017-09-07T15:11,43736.81,36564.16,,,0.1,0.0,0.0,0.1,1.0,,18.53,6.07,54,18.9,6.07,63,0.0,1013.6,976.7,,23.6,0.142,30.2,10906X0039/C2-1
250,2017-09-08,2.685378283,42.685696389,53,32.5,22.0,32.9,22.1,2017-09-08T03:02,2017-09-08T15:11,43727.99,42839.88,,,1.0,0.0,0.0,1.0,4.0,,19.4,6.16,42,18.1,6.16,62,0.0,1013.7,976.7,,23.2,0.142,30.1,10906X0039/C2-1
251,2017-09-09,2.685378283,42.685696389,3,32.3,21.4,30.3,21.9,2017-09-09T03:02,2017-09-09T15:10,43719.14,32744.75,,,0.0,0.0,0.0,0.0,0.0,,17.28,6.25,56,16.0,6.25,55,0.0,1013.6,976.7,,21.4,0.142,30.0,10906X0039/C2-1
252,2017-09-10,2.685378283,42.685696389,51,32.7,21.3,31.0,21.3,2017-09-10T03:01,2017-09-10T15:10,43710.26,38987.06,,,0.1,0.0,0.0,0.1,1.0,,21.56,7.43,56,15.2,7.43,53,0.0,1013.0,976.1,,23.9,0.141,30.0,10906X0039/C2-1
253,2017-09-11,2.685378283,42.685696389,51,30.5,20.6,29.2,21.0,2017-09-11T03:01,2017-09-11T15:10,43701.34,32647.51,,,0.1,0.0,0.0,0.1,1.0,,15.9,5.87,61,16.3,5.87,56,0.0,1013.1,976.1,,21.8,0.141,29.9,10906X0039/C2-1
254,2017-09-12,2.685378283,42.685696389,3,33.0,21.1,32.3,21.6,2017-09-12T03:01,2017-09-12T15:09,43692.4,28743.78,,,0.0,0.0,0.0,0.0,0.0,,19.31,6.24,73,16.7,6.24,57,0.0,1012.8,975.9,,20.9,0.141,29.8,10906X0039/C2-1
255,2017-09-13,2.685378283,42.685696389,3,32.8,21.7,31.5,22.7,2017-09-13T03:01,2017-09-13T15:09,43683.44,31903.62,,,0.0,0.0,0.0,0.0,0.0,,17.97,6.45,55,16.6,6.45,56,0.0,1013.0,976.1,,22.3,0.141,29.8,10906X0039/C2-1
256,2017-09-14,2.685378283,42.685696389,3,35.0,21.7,34.0,22.3,2017-09-14T03:00,2017-09-14T15:08,43674.48,42946.46,,,0.0,0.0,0.0,0.0,0.0,,24.57,7.54,27,16.8,7.54,56,0.0,1012.9,976.1,,22.3,0.141,30.0,10906X0039/C2-1
257,2017-09-15,2.685378283,42.685696389,3,33.6,21.9,33.3,23.4,2017-09-15T03:00,2017-09-15T15:08,43665.52,42964.01,,,0.0,0.0,0.0,0.0,0.0,,21.4,6.75,61,17.0,6.75,57,0.0,1012.8,975.9,,19.6,0.141,30.1,10906X0039/C2-1
258,2017-09-16,2.685378283,42.685696389,3,34.7,21.6,34.9,22.4,2017-09-16T03:00,2017-09-16T15:07,43656.55,42981.6,,,0.0,0.0,0.0,0.0,0.0,,25.79,7.75,54,16.5,7.75,54,0.0,1011.8,975.1,,20.2,0.141,30.3,10906X0039/C2-1
259,2017-09-17,2.685378283,42.685696389,0,34.5,21.3,34.7,21.9,2017-09-17T02:59,2017-09-17T15:07,43647.6,42999.2,,,0.0,0.0,0.0,0.0,0.0,,26.19,7.74,3,15.8,7.74,53,0.0,1012.5,975.7,,20.2,0.141,30.6,10906X0039/C2-1
260,2017-09-18,2.685378283,42.685696389,0,34.6,21.4,34.0,22.0,2017-09-18T02:59,2017-09-18T15:06,43638.65,43016.74,,,0.0,0.0,0.0,0.0,0.0,,26.19,7.84,4,14.7,7.84,50,0.0,1014.1,977.2,,19.1,0.142,30.7,10906X0039/C2-1
261,2017-09-19,2.685378283,42.685696389,3,34.8,21.6,34.9,22.2,2017-09-19T02:59,2017-09-19T15:06,43629.73,43034.15,,,0.0,0.0,0.0,0.0,0.0,,25.71,7.72,33,16.2,7.72,52,0.0,1014.3,977.5,,18.7,0.142,30.9,10906X0039/C2-1
262,2017-09-20,2.685378283,42.685696389,3,34.6,22.3,35.5,23.7,2017-09-20T02:59,2017-09-20T15:06,43620.83,36866.65,,,0.0,0.0,0.0,0.0,0.0,,21.68,6.64,55,18.7,6.64,62,0.0,1014.2,977.4,,21.4,0.142,30.9,10906X0039/C2-1
263,2017-09-21,2.685378283,42.685696389,51,28.9,23.1,29.9,24.3,2017-09-21T02:58,2017-09-21T15:05,43611.96,20584.79,,,2.2,0.0,0.0,2.2,10.0,,11.47,3.64,84,19.8,3.64,72,0.0,1014.1,977.0,,18.3,0.142,30.6,10906X0039/C2-1
264,2017-09-22,2.685378283,42.685696389,51,29.2,22.0,28.5,22.5,2017-09-22T02:58,2017-09-22T15:05,43603.13,10800.0,,,1.4,0.0,0.0,1.4,5.0,,9.79,3.87,60,17.0,3.87,62,0.0,1014.0,976.9,,16.8,0.143,30.0,10906X0039/C2-1
265,2017-09-23,2.685378283,42.685696389,1,33.8,20.2,33.2,21.2,2017-09-23T02:58,2017-09-23T15:04,43594.33,43101.57,,,0.0,0.0,0.0,0.0,0.0,,26.52,7.15,5,15.6,7.15,55,0.0,1013.6,976.7,,16.4,0.143,30.0,10906X0039/C2-1
266,2017-09-24,2.685378283,42.685696389,3,31.8,22.1,31.4,23.2,2017-09-24T02:57,2017-09-24T15:04,43585.59,39760.6,,,0.0,0.0,0.0,0.0,0.0,,17.91,5.66,49,17.6,5.66,59,0.0,1013.8,976.8,,18.6,0.142,30.1,10906X0039/C2-1
267,2017-09-25,2.685378283,42.685696389,1,33.8,21.4,35.2,23.2,2017-09-25T02:57,2017-09-25T15:04,43576.89,43133.16,,,0.0,0.0,0.0,0.0,0.0,,25.37,6.71,10,16.5,6.71,57,0.0,1012.3,975.4,,15.3,0.142,30.3,10906X0039/C2-1
268,2017-09-26,2.685378283,42.685696389,3,35.5,22.3,36.5,23.7,2017-09-26T02:57,2017-09-26T15:03,43568.25,41287.84,,,0.0,0.0,0.0,0.0,0.0,,24.93,7.23,24,16.9,7.23,55,0.0,1011.3,974.6,,17.4,0.142,30.6,10906X0039/C2-1
269,2017-09-27,2.685378283,42.685696389,2,35.2,22.1,35.1,22.9,2017-09-27T02:57,2017-09-27T15:03,43559.58,43150.93,,,0.0,0.0,0.0,0.0,0.0,,25.17,7.6,20,16.2,7.6,53,0.0,1012.4,975.6,,19.7,0.142,30.8,10906X0039/C2-1
270,2017-09-28,2.685378283,42.685696389,3,34.5,22.0,34.0,22.5,2017-09-28T02:56,2017-09-28T15:02,43550.9,40776.59,,,0.0,0.0,0.0,0.0,0.0,,24.76,7.71,72,16.5,7.71,54,0.0,1012.6,975.9,,22.1,0.142,30.9,10906X0039/C2-1
271,2017-09-29,2.685378283,42.685696389,51,33.3,23.0,31.7,24.0,2017-09-29T02:56,2017-09-29T15:02,43542.21,26947.72,,,0.1,0.0,0.0,0.1,1.0,,13.11,5.11,86,18.4,5.11,62,0.0,1012.7,975.8,,21.5,0.142,30.7,10906X0039/C2-1
272,2017-09-30,2.685378283,42.685696389,3,34.2,22.3,33.0,23.1,2017-09-30T02:56,2017-09-30T15:02,43533.52,43115.78,,,0.0,0.0,0.0,0.0,0.0,,25.18,7.85,70,15.3,7.85,52,0.0,1013.3,976.5,,21.1,0.142,30.8,10906X0039/C2-1
273,2017-10-01,2.685378283,42.685696389,3,34.8,22.1,34.3,22.6,2017-10-01T02:56,2017-10-01T15:01,43524.81,41114.42,,,0.0,0.0,0.0,0.0,0.0,,25.99,7.65,56,15.6,7.65,52,0.0,1013.3,976.5,,19.3,0.143,31.0,10906X0039/C2-1
274,2017-10-02,2.685378283,42.685696389,53,35.2,22.5,34.2,22.9,2017-10-02T02:55,2017-10-02T15:01,43516.12,42490.58,,,0.8,0.0,0.0,0.8,2.0,,21.73,7.01,54,17.0,7.01,55,0.0,1011.7,975.0,,20.5,0.142,31.1,10906X0039/C2-1
275,2017-10-03,2.685378283,42.685696389,2,34.9,22.1,34.9,22.9,2017-10-03T02:55,2017-10-03T15:00,43507.44,43044.35,,,0.0,0.0,0.0,0.0,0.0,,25.75,7.52,28,16.0,7.52,53,0.0,1010.9,974.2,,19.3,0.143,31.3,10906X0039/C2-1
276,2017-10-04,2.685378283,42.685696389,3,35.3,21.7,35.5,23.1,2017-10-04T02:55,2017-10-04T15:00,43498.78,43020.94,,,0.0,0.0,0.0,0.0,0.0,,26.17,7.56,54,16.5,7.56,53,0.0,1011.5,974.9,,18.7,0.143,31.4,10906X0039/C2-1
277,2017-10-05,2.685378283,42.685696389,3,33.8,23.8,34.2,24.7,2017-10-05T02:55,2017-10-05T15:00,43490.14,36103.39,,,0.0,0.0,0.0,0.0,0.0,,17.54,6.2,71,18.5,6.2,58,0.0,1012.0,975.3,,21.5,0.143,31.4,10906X0039/C2-1
278,2017-10-06,2.685378283,42.685696389,3,34.4,23.8,35.3,25.1,2017-10-06T02:54,2017-10-06T14:59,43481.53,42975.07,,,0.0,0.0,0.0,0.0,0.0,,21.78,6.88,65,18.4,6.88,57,0.0,1011.6,974.9,,19.6,0.143,31.5,10906X0039/C2-1
279,2017-10-07,2.685378283,42.685696389,51,34.9,23.6,36.0,25.3,2017-10-07T02:54,2017-10-07T14:59,43472.96,42952.73,,,0.5,0.0,0.0,0.5,3.0,,21.97,6.64,44,19.2,6.64,61,0.0,1011.7,975.0,,19.6,0.143,31.5,10906X0039/C2-1
280,2017-10-08,2.685378283,42.685696389,51,34.0,23.3,35.4,24.2,2017-10-08T02:54,2017-10-08T14:58,43464.42,42930.88,,,0.1,0.0,0.0,0.1,1.0,,21.84,6.54,59,18.3,6.54,59,0.0,1010.9,974.2,,18.0,0.144,31.4,10906X0039/C2-1
281,2017-10-09,2.685378283,42.685696389,51,34.3,22.2,35.3,23.9,2017-10-09T02:54,2017-10-09T14:58,43455.94,41078.95,,,0.2,0.0,0.0,0.2,1.0,,19.75,5.99,82,17.6,5.99,57,0.0,1010.0,973.3,,15.7,0.144,31.3,10906X0039/C2-1
282,2017-10-10,2.685378283,42.685696389,51,34.2,22.6,35.3,24.3,2017-10-10T02:54,2017-10-10T14:58,43447.51,38541.7,,,0.1,0.0,0.0,0.1,1.0,,16.72,4.93,92,18.0,4.93,58,0.0,1009.3,972.7,,13.1,0.145,31.3,10906X0039/C2-1
283,2017-10-11,2.685378283,42.685696389,53,31.5,23.6,32.5,25.5,2017-10-11T02:53,2017-10-11T14:57,43439.14,23957.83,,,0.5,0.0,0.0,0.5,1.0,,11.75,3.79,89,19.7,3.79,66,0.0,1010.1,973.3,,13.7,0.146,31.2,10906X0039/C2-1
284,2017-10-12,2.685378283,42.685696389,61,34.5,22.7,37.9,24.8,2017-10-12T02:53,2017-10-12T14:57,43430.83,42849.47,,,2.5,0.0,0.0,2.5,3.0,,20.85,5.1,53,20.1,5.1,66,0.0,1010.3,973.6,,10.7,0.149,31.1,10906X0039/C2-1
285,2017-10-13,2.685378283,42.685696389,63,31.6,23.3,33.8,25.0,2017-10-13T02:53,2017-10-13T14:57,43422.6,42830.93,,,5.3,0.0,0.0,5.3,1.0,,17.83,4.6,71,20.4,4.6,69,0.0,1010.6,973.8,,12.9,0.153,30.8,10906X0039/C2-1
286,2017-10-14,2.685378283,42.685696389,3,32.7,22.7,33.0,24.0,2017-10-14T02:53,2017-10-14T14:56,43414.44,32764.38,,,0.0,0.0,0.0,0.0,0.0,,17.2,5.24,86,18.7,5.24,64,0.0,1011.1,974.3,,18.1,0.153,30.5,10906X0039/C2-1
287,2017-10-15,2.685378283,42.685696389,51,33.7,22.6,34.4,23.9,2017-10-15T02:53,2017-10-15T14:56,43406.36,42796.44,,,0.1,0.0,0.0,0.1,1.0,,22.05,6.37,48,18.2,6.37,60,0.0,1012.4,975.6,,17.8,0.151,30.4,10906X0039/C2-1
288,2017-10-16,2.685378283,42.685696389,51,34.9,22.5,36.9,24.6,2017-10-16T02:53,2017-10-16T14:56,43398.36,42780.49,,,0.1,0.0,0.0,0.1,1.0,,24.01,6.52,26,19.0,6.52,61,0.0,1012.1,975.4,,16.0,0.149,30.5,10906X0039/C2-1
289,2017-10-17,2.685378283,42.685696389,3,35.7,22.8,37.5,25.0,2017-10-17T02:53,2017-10-17T14:56,43390.37,42764.93,,,0.0,0.0,0.0,0.0,0.0,,23.43,6.7,55,18.7,6.7,59,0.0,1010.5,973.9,,16.2,0.148,30.8,10906X0039/C2-1
290,2017-10-18,2.685378283,42.685696389,51,36.1,23.5,38.7,25.5,2017-10-18T02:52,2017-10-18T14:55,43382.4,42749.75,,,0.1,0.0,0.0,0.1,1.0,,22.85,6.44,88,19.0,6.44,58,0.0,1010.1,973.6,,14.9,0.147,31.1,10906X0039/C2-1
291,2017-10-19,2.685378283,42.685696389,53,31.3,24.3,33.6,26.2,2017-10-19T02:52,2017-10-19T14:55,43374.44,31488.34,,,1.1,0.0,0.0,1.1,4.0,,14.54,4.07,85,20.4,4.07,66,0.0,1011.9,975.1,,11.3,0.147,30.9,10906X0039/C2-1
292,2017-10-20,2.685378283,42.685696389,63,33.0,24.0,35.7,26.8,2017-10-20T02:52,2017-10-20T14:55,43366.49,35453.4,,,11.9,0.0,0.0,11.9,10.0,,18.78,4.51,82,21.5,4.51,76,0.0,1013.4,976.4,,13.6,0.151,30.8,10906X0039/C2-1
293,2017-10-21,2.685378283,42.685696389,51,30.7,23.4,32.4,25.7,2017-10-21T02:52,2017-10-21T14:55,43358.58,35815.18,,,1.1,0.0,0.0,1.1,5.0,,14.08,3.89,72,20.6,3.89,72,0.0,1013.6,976.6,,14.0,0.149,30.5,10906X0039/C2-1
294,2017-10-22,2.685378283,42.685696389,51,31.4,22.3,31.7,22.9,2017-10-22T02:52,2017-10-22T14:55,43350.71,32521.71,,,0.1,0.0,0.0,0.1,1.0,,15.24,4.56,60,18.3,4.56,62,0.0,1012.4,975.5,,14.7,0.151,30.2,10906X0039/C2-1
295,2017-10-23,2.685378283,42.685696389,51,32.4,21.6,33.1,22.5,2017-10-23T02:52,2017-10-23T14:54,43342.87,42681.01,,,0.3,0.0,0.0,0.3,2.0,,21.36,5.68,61,18.6,5.68,61,0.0,1011.3,974.5,,14.3,0.15,30.1,10906X0039/C2-1
296,2017-10-24,2.685378283,42.685696389,53,33.0,23.7,36.4,26.3,2017-10-24T02:52,2017-10-24T14:54,43335.08,41836.5,,,0.7,0.0,0.0,0.7,3.0,,19.61,5.18,46,20.4,5.18,68,0.0,1011.6,974.8,,14.0,0.148,30.3,10906X0039/C2-1
297,2017-10-25,2.685378283,42.685696389,53,33.0,23.0,36.4,26.6,2017-10-25T02:52,2017-10-25T14:54,43327.36,42657.58,,,1.5,0.0,0.0,1.5,5.0,,19.52,4.56,54,20.9,4.56,71,0.0,1012.5,975.6,,9.1,0.151,30.2,10906X0039/C2-1
298,2017-10-26,2.685378283,42.685696389,51,32.6,23.0,35.0,25.7,2017-10-26T02:52,2017-10-26T14:54,43319.69,42646.89,,,0.1,0.0,0.0,0.1,1.0,,20.7,5.29,30,19.8,5.29,66,0.0,1011.9,975.1,,11.8,0.149,30.2,10906X0039/C2-1
299,2017-10-27,2.685378283,42.685696389,3,32.6,22.1,34.2,24.9,2017-10-27T02:52,2017-10-27T14:54,43312.09,37737.33,,,0.0,0.0,0.0,0.0,0.0,,19.03,5.11,47,18.9,5.11,64,0.0,1011.0,974.2,,12.9,0.147,30.2,10906X0039/C2-1
300,2017-10-28,2.685378283,42.685696389,51,34.7,21.9,36.9,23.9,2017-10-28T02:52,2017-10-28T14:53,43304.57,42627.74,,,0.2,0.0,0.0,0.2,1.0,,23.97,6.3,33,18.6,6.3,62,0.0,1011.1,974.4,,14.9,0.146,30.4,10906X0039/C2-1
301,2017-10-29,2.685378283,42.685696389,55,34.3,22.1,36.9,24.3,2017-10-29T02:52,2017-10-29T14:53,43297.13,42619.37,,,1.4,0.0,0.0,1.4,2.0,,23.52,6.39,42,18.2,6.39,60,0.0,1012.3,975.5,,14.9,0.146,30.6,10906X0039/C2-1
302,2017-10-30,2.685378283,42.685696389,51,34.6,22.6,36.6,24.7,2017-10-30T02:52,2017-10-30T14:53,43289.78,39047.37,,,0.1,0.0,0.0,0.1,1.0,,22.78,6.07,71,18.4,6.07,59,0.0,1012.9,976.1,,12.0,0.146,31.0,10906X0039/C2-1
303,2017-10-31,2.685378283,42.685696389,51,34.2,23.5,35.4,26.7,2017-10-31T02:52,2017-10-31T14:53,43282.53,42605.24,,,0.5,0.0,0.0,0.5,2.0,,19.74,5.43,63,16.9,5.43,52,0.0,1012.6,975.9,,7.9,0.146,31.3,10906X0039/C2-1
304,2017-11-01,2.685378283,42.685696389,65,33.4,23.1,36.3,26.8,2017-11-01T02:52,2017-11-01T14:53,43275.38,41198.14,,,49.4,0.0,0.0,49.4,14.0,,19.5,4.6,66,20.3,4.6,70,0.0,1012.5,975.6,,8.1,0.151,31.3,10906X0039/C2-1
305,2017-11-02,2.685378283,42.685696389,65,28.3,22.3,30.7,25.3,2017-11-02T02:52,2017-11-02T14:53,43268.35,16513.8,,,116.9,0.0,0.0,116.9,12.0,,7.99,1.85,84,21.0,1.85,83,0.0,1013.1,975.9,,6.4,0.205,30.4,10906X0039/C2-1
306,2017-11-03,2.685378283,42.685696389,61,29.7,22.7,34.5,25.6,2017-11-03T02:52,2017-11-03T14:53,43261.43,42406.4,,,3.4,0.0,0.0,3.4,9.0,,19.21,3.98,72,21.5,3.98,79,0.0,1011.8,974.8,,9.3,0.204,30.0,10906X0039/C2-1
307,2017-11-04,2.685378283,42.685696389,63,30.4,22.6,35.0,25.8,2017-11-04T02:52,2017-11-04T14:53,43254.64,40499.24,,,9.3,0.0,0.0,9.3,10.0,,19.92,4.12,65,21.6,4.12,80,0.0,1011.6,974.5,,9.0,0.209,29.8,10906X0039/C2-1
308,2017-11-05,2.685378283,42.685696389,63,27.7,22.1,30.4,25.3,2017-11-05T02:52,2017-11-05T14:53,43247.98,28947.93,,,8.7,0.0,0.0,8.7,19.0,,13.22,2.72,98,21.7,2.72,87,0.0,1012.1,974.9,,7.6,0.217,29.4,10906X0039/C2-1
309,2017-11-06,2.685378283,42.685696389,63,28.0,22.3,31.5,26.4,2017-11-06T02:52,2017-11-06T14:53,43241.37,34789.39,,,9.0,0.0,0.0,9.0,6.0,,14.68,3.02,83,21.3,3.02,84,0.0,1011.7,974.5,,6.1,0.218,29.1,10906X0039/C2-1
310,2017-11-07,2.685378283,42.685696389,63,27.7,21.9,32.2,25.1,2017-11-07T02:52,2017-11-07T14:53,43234.81,24784.3,,,23.6,0.0,0.0,23.6,12.0,,14.07,2.91,70,21.4,2.91,85,0.0,1011.9,974.7,,4.5,0.232,28.9,10906X0039/C2-1
311,2017-11-08,2.685378283,42.685696389,61,29.7,21.8,33.7,25.2,2017-11-08T02:52,2017-11-08T14:53,43228.31,42199.68,,,3.3,0.0,0.0,3.3,7.0,,19.06,3.96,42,21.0,3.96,78,0.0,1011.9,974.9,,5.7,0.228,28.8,10906X0039/C2-1
312,2017-11-09,2.685378283,42.685696389,65,30.1,22.4,36.5,25.8,2017-11-09T02:52,2017-11-09T14:53,43221.88,41679.7,,,12.0,0.0,0.0,12.0,5.0,,17.85,3.77,62,21.6,3.77,79,0.0,1011.3,974.3,,7.0,0.228,28.7,10906X0039/C2-1
313,2017-11-10,2.685378283,42.685696389,63,29.6,22.5,33.9,25.8,2017-11-10T02:53,2017-11-10T14:53,43215.53,41485.31,,,7.1,0.0,0.0,7.1,7.0,,18.6,3.92,63,21.6,3.92,80,0.0,1010.8,973.8,,9.6,0.229,28.6,10906X0039/C2-1
314,2017-11-11,2.685378283,42.685696389,63,28.7,21.8,33.5,25.3,2017-11-11T02:53,2017-11-11T14:53,43209.24,36981.29,,,14.6,0.0,0.0,14.6,13.0,,17.15,3.5,63,21.4,3.5,84,0.0,1011.8,974.7,,6.9,0.232,28.5,10906X0039/C2-1
315,2017-11-12,2.685378283,42.685696389,63,29.1,21.8,34.2,25.4,2017-11-12T02:53,2017-11-12T14:53,43203.05,39720.63,,,5.6,0.0,0.0,5.6,7.0,,15.9,3.3,64,21.4,3.3,82,0.0,1012.3,975.2,,5.6,0.237,28.4,10906X0039/C2-1
316,2017-11-13,2.685378283,42.685696389,51,30.6,21.5,34.6,25.3,2017-11-13T02:53,2017-11-13T14:53,43196.96,42222.31,,,0.7,0.0,0.0,0.7,4.0,,19.57,4.17,33,21.2,4.17,79,0.0,1011.6,974.6,,8.0,0.235,28.4,10906X0039/C2-1
317,2017-11-14,2.685378283,42.685696389,51,31.4,21.7,33.6,24.7,2017-11-14T02:53,2017-11-14T14:53,43190.96,42348.99,,,0.5,0.0,0.0,0.5,4.0,,20.36,4.55,39,20.6,4.55,76,0.0,1011.4,974.4,,10.5,0.232,28.3,10906X0039/C2-1
318,2017-11-15,2.685378283,42.685696389,3,31.2,20.5,33.6,22.0,2017-11-15T02:54,2017-11-15T14:53,43185.08,42618.95,,,0.0,0.0,0.0,0.0,0.0,,23.07,5.26,33,18.0,5.26,67,0.0,1011.5,974.5,,10.8,0.228,28.2,10906X0039/C2-1
319,2017-11-16,2.685378283,42.685696389,2,31.3,20.3,33.5,21.5,2017-11-16T02:54,2017-11-16T14:53,43179.3,42626.76,,,0.0,0.0,0.0,0.0,0.0,,23.26,5.6,20,17.8,5.6,65,0.0,1011.1,974.2,,13.3,0.224,28.0,10906X0039/C2-1
320,2017-11-17,2.685378283,42.685696389,3,31.3,20.7,32.8,21.7,2017-11-17T02:54,2017-11-17T14:54,43173.65,42635.38,,,0.0,0.0,0.0,0.0,0.0,,22.53,5.46,81,17.7,5.46,64,0.0,1011.3,974.3,,13.9,0.219,27.9,10906X0039/C2-1
321,2017-11-18,2.685378283,42.685696389,3,31.8,20.6,34.0,21.6,2017-11-18T02:54,2017-11-18T14:54,43168.14,42644.78,,,0.0,0.0,0.0,0.0,0.0,,23.58,5.68,77,17.4,5.68,62,0.0,1012.0,975.0,,12.2,0.217,27.9,10906X0039/C2-1
322,2017-11-19,2.685378283,42.685696389,3,32.2,20.7,33.1,21.5,2017-11-19T02:55,2017-11-19T14:54,43162.76,42654.97,,,0.0,0.0,0.0,0.0,0.0,,24.42,6.06,18,16.6,6.06,60,0.0,1012.3,975.4,,14.4,0.214,27.9,10906X0039/C2-1
323,2017-11-20,2.685378283,42.685696389,1,32.5,20.7,33.2,21.5,2017-11-20T02:55,2017-11-20T14:54,43157.53,42665.94,,,0.0,0.0,0.0,0.0,0.0,,24.85,6.31,10,16.1,6.31,58,0.0,1012.4,975.4,,15.6,0.21,28.0,10906X0039/C2-1
324,2017-11-21,2.685378283,42.685696389,3,32.7,21.1,34.6,22.3,2017-11-21T02:55,2017-11-21T14:54,43152.44,42677.67,,,0.0,0.0,0.0,0.0,0.0,,24.42,6.09,30,17.3,6.09,60,0.0,1010.9,974.0,,14.3,0.207,28.2,10906X0039/C2-1
325,2017-11-22,2.685378283,42.685696389,2,31.9,21.8,35.5,23.0,2017-11-22T02:55,2017-11-22T14:55,43147.53,42690.16,,,0.0,0.0,0.0,0.0,0.0,,22.57,5.13,13,18.7,5.13,64,0.0,1010.1,973.3,,11.6,0.204,28.4,10906X0039/C2-1
326,2017-11-23,2.685378283,42.685696389,3,32.5,22.8,36.5,24.1,2017-11-23T02:56,2017-11-23T14:55,43142.78,42703.4,,,0.0,0.0,0.0,0.0,0.0,,21.23,5.11,51,20.1,5.11,68,0.0,1010.3,973.5,,13.3,0.202,28.7,10906X0039/C2-1
327,2017-11-24,2.685378283,42.685696389,51,32.1,22.5,36.6,24.5,2017-11-24T02:56,2017-11-24T14:55,43138.21,42717.39,,,0.1,0.0,0.0,0.1,1.0,,21.11,4.95,35,19.8,4.95,66,0.0,1011.0,974.2,,10.4,0.2,28.9,10906X0039/C2-1
328,2017-11-25,2.685378283,42.685696389,51,33.0,22.5,34.0,24.3,2017-11-25T02:56,2017-11-25T14:55,43133.81,39566.14,,,0.4,0.0,0.0,0.4,3.0,,19.14,5.27,34,19.2,5.27,65,0.0,1012.2,975.4,,15.0,0.198,29.1,10906X0039/C2-1
329,2017-11-26,2.685378283,42.685696389,51,34.0,22.4,34.0,23.0,2017-11-26T02:57,2017-11-26T14:55,43129.53,42709.6,,,0.1,0.0,0.0,0.1,1.0,,23.2,6.79,38,17.3,6.79,56,0.0,1013.5,976.7,,18.5,0.197,29.3,10906X0039/C2-1
330,2017-11-27,2.685378283,42.685696389,63,30.9,22.4,32.6,23.4,2017-11-27T02:57,2017-11-27T14:56,43125.38,32610.48,,,7.9,0.0,0.0,7.9,7.0,,15.67,4.35,53,19.8,4.35,71,0.0,1013.6,976.6,,16.4,0.201,29.1,10906X0039/C2-1
331,2017-11-28,2.685378283,42.685696389,1,33.4,22.6,35.5,24.0,2017-11-28T02:57,2017-11-28T14:56,43121.35,42701.29,,,0.0,0.0,0.0,0.0,0.0,,22.98,6.15,15,19.0,6.15,63,0.0,1012.2,975.4,,16.5,0.198,29.1,10906X0039/C2-1
332,2017-11-29,2.685378283,42.685696389,3,32.6,21.2,34.6,22.9,2017-11-29T02:58,2017-11-29T14:56,43117.45,42697.3,,,0.0,0.0,0.0,0.0,0.0,,22.91,5.97,50,18.5,5.97,63,0.0,1012.8,975.9,,15.3,0.195,29.2,10906X0039/C2-1
333,2017-11-30,2.685378283,42.685696389,51,32.3,21.3,34.3,22.1,2017-11-30T02:58,2017-11-30T14:57,43113.68,42693.41,,,0.1,0.0,0.0,0.1,1.0,,21.4,5.6,9,17.6,5.6,61,0.0,1013.0,976.0,,14.9,0.194,29.2,10906X0039/C2-1
334,2017-12-01,2.685378283,42.685696389,2,33.0,20.4,34.9,22.3,2017-12-01T02:59,2017-12-01T14:57,43110.05,42689.65,,,0.0,0.0,0.0,0.0,0.0,,22.4,5.5,12,16.6,5.5,59,0.0,1011.6,974.7,,11.0,0.193,29.3,10906X0039/C2-1
335,2017-12-02,2.685378283,42.685696389,1,34.2,20.5,35.9,21.9,2017-12-02T02:59,2017-12-02T14:57,43106.57,42686.01,,,0.0,0.0,0.0,0.0,0.0,,23.45,6.38,8,16.3,6.38,55,0.0,1011.3,974.5,,13.9,0.192,29.5,10906X0039/C2-1
336,2017-12-03,2.685378283,42.685696389,1,34.1,21.1,35.0,22.0,2017-12-03T02:59,2017-12-03T14:58,43103.23,42682.51,,,0.0,0.0,0.0,0.0,0.0,,22.9,6.18,5,16.8,6.18,56,0.0,1011.8,975.0,,15.0,0.192,29.7,10906X0039/C2-1
337,2017-12-04,2.685378283,42.685696389,0,34.5,21.6,34.7,22.2,2017-12-04T03:00,2017-12-04T14:58,43100.05,42679.14,,,0.0,0.0,0.0,0.0,0.0,,24.66,6.89,1,14.4,6.89,49,0.0,1012.0,975.3,,15.3,0.191,29.9,10906X0039/C2-1
338,2017-12-05,2.685378283,42.685696389,3,34.6,21.3,34.2,21.1,2017-12-05T03:00,2017-12-05T14:59,43097.01,42675.92,,,0.0,0.0,0.0,0.0,0.0,,24.92,7.07,34,13.5,7.07,46,0.0,1011.1,974.4,,15.3,0.191,30.0,10906X0039/C2-1
339,2017-12-06,2.685378283,42.685696389,3,34.7,21.5,34.7,22.1,2017-12-06T03:01,2017-12-06T14:59,43094.15,42672.84,,,0.0,0.0,0.0,0.0,0.0,,24.76,6.8,17,13.1,6.8,45,0.0,1010.2,973.5,,13.4,0.19,30.2,10906X0039/C2-1
340,2017-12-07,2.685378283,42.685696389,3,35.0,21.3,34.8,21.1,2017-12-07T03:01,2017-12-07T14:59,43091.45,42669.92,,,0.0,0.0,0.0,0.0,0.0,,24.58,7.05,32,13.6,7.05,47,0.0,1010.0,973.3,,15.8,0.189,30.3,10906X0039/C2-1
341,2017-12-08,2.685378283,42.685696389,3,34.8,21.5,34.6,20.9,2017-12-08T03:02,2017-12-08T15:00,43088.93,42667.16,,,0.0,0.0,0.0,0.0,0.0,,24.74,7.4,61,13.5,7.4,45,0.0,1010.3,973.6,,17.2,0.188,30.4,10906X0039/C2-1
342,2017-12-09,2.685378283,42.685696389,3,33.9,20.7,31.6,20.1,2017-12-09T03:02,2017-12-09T15:00,43086.58,42664.57,,,0.0,0.0,0.0,0.0,0.0,,24.98,8.0,35,11.6,8.0,41,0.0,1011.0,974.3,,18.7,0.187,30.4,10906X0039/C2-1
343,2017-12-10,2.685378283,42.685696389,3,34.5,21.9,33.1,21.5,2017-12-10T03:03,2017-12-10T15:01,43084.41,42662.15,,,0.0,0.0,0.0,0.0,0.0,,24.67,7.4,72,12.1,7.4,42,0.0,1011.9,975.1,,16.4,0.187,30.5,10906X0039/C2-1
344,2017-12-11,2.685378283,42.685696389,3,34.1,21.3,32.8,20.8,2017-12-11T03:03,2017-12-11T15:01,43082.43,42659.9,,,0.0,0.0,0.0,0.0,0.0,,24.87,7.27,50,11.0,7.27,41,0.0,1013.1,976.2,,15.5,0.186,30.5,10906X0039/C2-1
345,2017-12-12,2.685378283,42.685696389,3,34.4,21.2,33.7,20.9,2017-12-12T03:04,2017-12-12T15:02,43080.64,42657.85,,,0.0,0.0,0.0,0.0,0.0,,24.84,7.24,30,11.8,7.24,43,0.0,1013.1,976.3,,15.0,0.185,30.5,10906X0039/C2-1
346,2017-12-13,2.685378283,42.685696389,3,34.6,21.5,33.6,21.1,2017-12-13T03:04,2017-12-13T15:02,43079.05,42655.98,,,0.0,0.0,0.0,0.0,0.0,,24.74,7.16,10,12.0,7.16,43,0.0,1012.5,975.7,,14.7,0.185,30.6,10906X0039/C2-1
347,2017-12-14,2.685378283,42.685696389,3,34.7,21.3,35.2,22.4,2017-12-14T03:04,2017-12-14T15:02,43077.65,42654.31,,,0.0,0.0,0.0,0.0,0.0,,24.42,6.27,57,13.8,6.27,47,0.0,1011.6,974.9,,10.8,0.184,30.8,10906X0039/C2-1
348,2017-12-15,2.685378283,42.685696389,3,35.5,23.5,36.1,24.0,2017-12-15T03:05,2017-12-15T15:03,43076.47,42653.03,,,0.0,0.0,0.0,0.0,0.0,,24.04,6.73,65,14.7,6.73,47,0.0,1010.8,974.2,,13.4,0.183,31.1,10906X0039/C2-1
349,2017-12-16,2.685378283,42.685696389,3,36.1,23.3,37.8,23.9,2017-12-16T03:05,2017-12-16T15:03,43075.47,39600.0,,,0.0,0.0,0.0,0.0,0.0,,21.98,6.64,39,16.9,6.64,52,0.0,1010.7,974.2,,14.7,0.183,31.3,10906X0039/C2-1
350,2017-12-17,2.685378283,42.685696389,2,34.9,22.9,36.3,24.0,2017-12-17T03:06,2017-12-17T15:04,43074.65,42605.86,,,0.0,0.0,0.0,0.0,0.0,,21.74,6.73,26,16.7,6.73,51,0.0,1011.6,974.9,,16.1,0.182,31.4,10906X0039/C2-1
351,2017-12-18,2.685378283,42.685696389,3,35.8,23.6,35.8,23.1,2017-12-18T03:06,2017-12-18T15:04,43074.01,42576.76,,,0.0,0.0,0.0,0.0,0.0,,22.14,7.68,23,15.0,7.68,44,0.0,1011.7,975.2,,18.5,0.182,31.5,10906X0039/C2-1
352,2017-12-19,2.685378283,42.685696389,1,35.5,22.6,34.2,22.0,2017-12-19T03:07,2017-12-19T15:05,43073.56,42547.2,,,0.0,0.0,0.0,0.0,0.0,,24.41,8.6,4,11.4,8.6,37,0.0,1011.9,975.3,,20.0,0.181,31.6,10906X0039/C2-1
353,2017-12-20,2.685378283,42.685696389,3,35.1,22.1,33.8,21.6,2017-12-20T03:07,2017-12-20T15:05,43073.28,42517.24,,,0.0,0.0,0.0,0.0,0.0,,24.44,8.07,14,10.8,8.07,36,0.0,1013.1,976.4,,16.8,0.18,31.6,10906X0039/C2-1
354,2017-12-21,2.685378283,42.685696389,2,35.2,23.2,33.1,19.3,2017-12-21T03:08,2017-12-21T15:06,43073.19,42487.02,,,0.0,0.0,0.0,0.0,0.0,,24.62,9.21,5,7.2,9.21,26,0.0,1013.1,976.5,,18.6,0.18,31.6,10906X0039/C2-1
355,2017-12-22,2.685378283,42.685696389,3,34.5,22.9,33.4,21.5,2017-12-22T03:08,2017-12-22T15:06,43073.27,42456.6,,,0.0,0.0,0.0,0.0,0.0,,23.71,8.0,21,10.5,8.0,35,0.0,1012.3,975.6,,17.0,0.18,31.5,10906X0039/C2-1
356,2017-12-23,2.685378283,42.685696389,0,34.8,22.8,33.1,21.2,2017-12-23T03:09,2017-12-23T15:07,43073.54,42426.07,,,0.0,0.0,0.0,0.0,0.0,,24.52,8.37,0,9.8,8.37,32,0.0,1010.9,974.3,,17.6,0.179,31.5,10906X0039/C2-1
357,2017-12-24,2.685378283,42.685696389,3,35.9,23.2,33.3,21.0,2017-12-24T03:09,2017-12-24T15:07,43073.98,42395.55,,,0.0,0.0,0.0,0.0,0.0,,24.63,9.19,20,7.1,9.19,26,0.0,1010.1,973.6,,18.0,0.179,31.6,10906X0039/C2-1
358,2017-12-25,2.685378283,42.685696389,3,35.4,23.8,33.1,24.1,2017-12-25T03:10,2017-12-25T15:08,43074.6,41734.1,,,0.0,0.0,0.0,0.0,0.0,,21.2,7.89,80,11.3,7.89,35,0.0,1010.8,974.3,,17.4,0.178,31.7,10906X0039/C2-1
359,2017-12-26,2.685378283,42.685696389,3,36.0,24.3,35.2,23.6,2017-12-26T03:10,2017-12-26T15:08,43075.4,41245.87,,,0.0,0.0,0.0,0.0,0.0,,23.95,8.52,65,11.5,8.52,36,0.0,1010.8,974.3,,18.0,0.177,31.9,10906X0039/C2-1
360,2017-12-27,2.685378283,42.685696389,3,36.3,22.8,35.1,22.0,2017-12-27T03:11,2017-12-27T15:09,43076.37,42304.85,,,0.0,0.0,0.0,0.0,0.0,,24.81,8.63,59,11.8,8.63,39,0.0,1009.7,973.3,,19.5,0.177,31.9,10906X0039/C2-1
361,2017-12-28,2.685378283,42.685696389,3,35.8,22.5,35.0,22.4,2017-12-28T03:11,2017-12-28T15:09,43077.52,42275.22,,,0.0,0.0,0.0,0.0,0.0,,24.63,7.67,66,12.8,7.67,41,0.0,1010.1,973.6,,15.9,0.177,32.0,10906X0039/C2-1
362,2017-12-29,2.685378283,42.685696389,3,35.1,21.8,34.0,21.0,2017-12-29T03:12,2017-12-29T15:10,43078.84,42246.06,,,0.0,0.0,0.0,0.0,0.0,,24.71,7.46,83,11.3,7.46,40,0.0,1011.4,974.7,,16.0,0.176,31.9,10906X0039/C2-1
363,2017-12-30,2.685378283,42.685696389,3,35.0,21.6,33.7,20.7,2017-12-30T03:12,2017-12-30T15:10,43080.34,42217.44,,,0.0,0.0,0.0,0.0,0.0,,24.88,7.63,52,12.4,7.63,42,0.0,1011.4,974.7,,17.8,0.176,31.8,10906X0039/C2-1
364,2017-12-31,2.685378283,42.685696389,3,35.3,21.3,33.2,20.3,2017-12-31T03:13,2017-12-31T15:11,43082.01,42189.46,,,0.0,0.0,0.0,0.0,0.0,,25.29,7.89,32,9.8,7.89,37,0.0,1010.4,973.7,,16.8,0.175,31.8,10906X0039/C2-1
365,2018-01-01,2.685378283,42.685696389,3,35.4,20.9,33.9,19.9,2018-01-01T03:13,2018-01-01T15:11,43083.85,42162.22,,,0.0,0.0,0.0,0.0,0.0,,25.16,7.77,41,9.3,7.77,36,0.0,1009.1,972.5,,15.5,0.175,31.6,10906X0039/C2-1
366,2018-01-02,2.685378283,42.685696389,3,35.3,20.8,34.2,19.7,2018-01-02T03:14,2018-01-02T15:12,43085.86,42135.81,,,0.0,0.0,0.0,0.0,0.0,,25.15,7.43,19,10.1,7.43,37,0.0,1008.3,971.7,,14.4,0.175,31.6,10906X0039/C2-1
367,2018-01-03,2.685378283,42.685696389,2,35.2,21.0,33.7,20.2,2018-01-03T03:14,2018-01-03T15:12,43088.04,42110.31,,,0.0,0.0,0.0,0.0,0.0,,24.93,7.92,6,11.1,7.92,38,0.0,1009.0,972.4,,16.8,0.175,31.6,10906X0039/C2-1
368,2018-01-04,2.685378283,42.685696389,0,35.2,22.0,32.9,20.9,2018-01-04T03:15,2018-01-04T15:13,43090.39,42085.81,,,0.0,0.0,0.0,0.0,0.0,,24.93,8.18,0,9.8,8.18,34,0.0,1009.6,973.1,,16.5,0.174,31.6,10906X0039/C2-1
369,2018-01-05,2.685378283,42.685696389,2,35.1,21.7,32.8,20.4,2018-01-05T03:15,2018-01-05T15:13,43092.94,42061.77,,,0.0,0.0,0.0,0.0,0.0,,25.0,8.5,6,9.3,8.5,33,0.0,1009.3,972.7,,17.4,0.174,31.6,10906X0039/C2-1
370,2018-01-06,2.685378283,42.685696389,3,35.0,21.3,32.8,20.4,2018-01-06T03:15,2018-01-06T15:14,43095.69,42037.9,,,0.0,0.0,0.0,0.0,0.0,,25.06,8.16,32,11.0,8.16,39,0.0,1009.4,972.8,,18.5,0.174,31.6,10906X0039/C2-1
371,2018-01-07,2.685378283,42.685696389,0,35.8,21.3,33.8,21.0,2018-01-07T03:16,2018-01-07T15:14,43098.63,42014.26,,,0.0,0.0,0.0,0.0,0.0,,25.06,8.53,0,10.1,8.53,36,0.0,1009.9,973.3,,18.5,0.174,31.6,10906X0039/C2-1
372,2018-01-08,2.685378283,42.685696389,3,36.1,21.8,33.5,21.7,2018-01-08T03:16,2018-01-08T15:14,43101.76,41990.91,,,0.0,0.0,0.0,0.0,0.0,,25.15,8.63,35,10.1,8.63,36,0.0,1010.4,973.8,,18.7,0.173,31.6,10906X0039/C2-1
373,2018-01-09,2.685378283,42.685696389,3,35.3,22.1,33.7,20.6,2018-01-09T03:17,2018-01-09T15:15,43105.07,41896.34,,,0.0,0.0,0.0,0.0,0.0,,24.35,8.52,65,11.4,8.52,37,0.0,1011.2,974.6,,20.0,0.173,31.6,10906X0039/C2-1
374,2018-01-10,2.685378283,42.685696389,3,34.8,22.4,32.4,19.5,2018-01-10T03:17,2018-01-10T15:15,43108.56,41945.24,,,0.0,0.0,0.0,0.0,0.0,,24.69,9.19,31,8.1,9.19,29,0.0,1011.5,974.9,,20.4,0.173,31.6,10906X0039/C2-1
375,2018-01-11,2.685378283,42.685696389,3,34.7,23.3,32.4,19.9,2018-01-11T03:17,2018-01-11T15:16,43112.22,41166.81,,,0.0,0.0,0.0,0.0,0.0,,23.59,8.92,59,10.0,8.92,33,0.0,1011.4,974.8,,21.8,0.173,31.6,10906X0039/C2-1
376,2018-01-12,2.685378283,42.685696389,3,33.7,21.0,30.9,18.4,2018-01-12T03:18,2018-01-12T15:16,43116.04,41901.35,,,0.0,0.0,0.0,0.0,0.0,,25.01,8.86,33,5.7,8.86,29,0.0,1012.4,975.6,,19.9,0.173,31.5,10906X0039/C2-1
377,2018-01-13,2.685378283,42.685696389,3,33.2,20.3,30.7,16.2,2018-01-13T03:18,2018-01-13T15:17,43120.01,41880.18,,,0.0,0.0,0.0,0.0,0.0,,25.63,8.31,47,4.6,8.31,26,0.0,1012.3,975.4,,16.7,0.172,31.3,10906X0039/C2-1
378,2018-01-14,2.685378283,42.685696389,3,34.6,20.1,32.7,19.8,2018-01-14T03:18,2018-01-14T15:17,43124.14,41859.63,,,0.0,0.0,0.0,0.0,0.0,,25.79,7.77,23,9.0,7.77,36,0.0,1011.1,974.3,,14.6,0.172,31.2,10906X0039/C2-1
379,2018-01-15,2.685378283,42.685696389,3,35.5,21.3,34.6,20.9,2018-01-15T03:19,2018-01-15T15:17,43128.41,41688.54,,,0.0,0.0,0.0,0.0,0.0,,25.59,7.66,60,11.5,7.66,40,0.0,1011.1,974.4,,14.9,0.172,31.3,10906X0039/C2-1
380,2018-01-16,2.685378283,42.685696389,3,35.9,22.1,35.5,22.3,2018-01-16T03:19,2018-01-16T15:18,43132.82,41693.9,,,0.0,0.0,0.0,0.0,0.0,,25.42,7.5,31,13.8,7.5,45,0.0,1010.4,973.8,,15.3,0.171,31.5,10906X0039/C2-1
381,2018-01-17,2.685378283,42.685696389,2,36.2,22.8,37.0,22.4,2018-01-17T03:19,2018-01-17T15:18,43137.37,41698.8,,,0.0,0.0,0.0,0.0,0.0,,24.76,7.8,7,14.1,7.8,43,0.0,1009.0,972.5,,16.8,0.171,31.8,10906X0039/C2-1
382,2018-01-18,2.685378283,42.685696389,2,36.3,22.7,37.3,22.3,2018-01-18T03:20,2018-01-18T15:19,43142.04,41457.41,,,0.0,0.0,0.0,0.0,0.0,,24.75,7.83,18,14.6,7.83,45,0.0,1008.8,972.4,,17.7,0.171,32.0,10906X0039/C2-1
383,2018-01-19,2.685378283,42.685696389,3,36.4,22.6,36.7,22.3,2018-01-19T03:20,2018-01-19T15:19,43146.83,41461.69,,,0.0,0.0,0.0,0.0,0.0,,24.72,8.01,19,14.5,8.01,45,0.0,1009.6,973.2,,18.4,0.171,32.2,10906X0039/C2-1
384,2018-01-20,2.685378283,42.685696389,0,37.5,23.1,36.2,22.7,2018-01-20T03:20,2018-01-20T15:19,43151.74,41465.45,,,0.0,0.0,0.0,0.0,0.0,,25.71,8.69,1,11.5,8.69,38,0.0,1010.1,973.7,,18.3,0.17,32.3,10906X0039/C2-1
385,2018-01-21,2.685378283,42.685696389,0,36.4,22.4,34.4,22.0,2018-01-21T03:20,2018-01-21T15:20,43156.77,41468.69,,,0.0,0.0,0.0,0.0,0.0,,25.84,8.8,0,11.4,8.8,40,0.0,1010.8,974.2,,20.1,0.17,32.4,10906X0039/C2-1
386,2018-01-22,2.685378283,42.685696389,3,37.7,22.5,34.4,21.3,2018-01-22T03:21,2018-01-22T15:20,43161.89,41471.39,,,0.0,0.0,0.0,0.0,0.0,,26.09,9.2,30,9.5,9.2,36,0.0,1009.8,973.3,,20.9,0.169,32.4,10906X0039/C2-1
387,2018-01-23,2.685378283,42.685696389,3,35.5,21.6,35.5,20.3,2018-01-23T03:21,2018-01-23T15:20,43167.12,41473.52,,,0.0,0.0,0.0,0.0,0.0,,25.4,7.96,29,13.9,7.96,46,0.0,1009.5,972.9,,19.1,0.169,32.4,10906X0039/C2-1
388,2018-01-24,2.685378283,42.685696389,1,34.8,21.6,36.5,22.7,2018-01-24T03:21,2018-01-24T15:21,43172.44,41231.38,,,0.0,0.0,0.0,0.0,0.0,,25.26,6.63,6,14.4,6.63,48,0.0,1009.8,973.2,,12.8,0.169,32.4,10906X0039/C2-1
389,2018-01-25,2.685378283,42.685696389,2,35.3,21.0,35.8,20.8,2018-01-25T03:21,2018-01-25T15:21,43177.93,41232.76,,,0.0,0.0,0.0,0.0,0.0,,25.89,6.57,5,12.5,6.57,45,0.0,1009.4,972.8,,11.4,0.169,32.5,10906X0039/C2-1
390,2018-01-26,2.685378283,42.685696389,0,36.3,21.1,36.6,21.2,2018-01-26T03:21,2018-01-26T15:21,43183.58,41233.64,,,0.0,0.0,0.0,0.0,0.0,,26.14,6.99,0,12.6,6.99,45,0.0,1009.5,972.9,,13.0,0.169,32.5,10906X0039/C2-1
391,2018-01-27,2.685378283,42.685696389,0,35.2,21.1,36.2,21.2,2018-01-27T03:22,2018-01-27T15:21,43189.39,41234.07,,,0.0,0.0,0.0,0.0,0.0,,25.45,6.64,2,14.3,6.64,48,0.0,1009.9,973.2,,12.4,0.169,32.5,10906X0039/C2-1
392,2018-01-28,2.685378283,42.685696389,2,34.9,21.4,36.3,21.7,2018-01-28T03:22,2018-01-28T15:22,43195.35,40749.53,,,0.0,0.0,0.0,0.0,0.0,,24.03,6.42,16,14.5,6.42,48,0.0,1009.9,973.2,,12.2,0.169,32.5,10906X0039/C2-1
393,2018-01-29,2.685378283,42.685696389,2,35.6,21.6,37.1,21.6,2018-01-29T03:22,2018-01-29T15:22,43201.45,40991.64,,,0.0,0.0,0.0,0.0,0.0,,25.8,7.18,25,14.8,7.18,48,0.0,1009.7,973.1,,14.7,0.169,32.6,10906X0039/C2-1
394,2018-01-30,2.685378283,42.685696389,3,36.5,21.4,36.3,20.9,2018-01-30T03:22,2018-01-30T15:22,43207.67,41232.59,,,0.0,0.0,0.0,0.0,0.0,,26.36,7.74,23,12.0,7.74,42,0.0,1009.7,973.1,,15.2,0.168,32.7,10906X0039/C2-1
395,2018-01-31,2.685378283,42.685696389,3,35.5,21.3,35.2,20.3,2018-01-31T03:22,2018-01-31T15:22,43214.03,40990.12,,,0.0,0.0,0.0,0.0,0.0,,26.05,7.8,47,13.5,7.8,45,0.0,1010.8,974.2,,18.3,0.168,32.6,10906X0039/C2-1
396,2018-02-01,2.685378283,42.685696389,3,35.5,21.7,34.6,20.0,2018-02-01T03:22,2018-02-01T15:22,43220.5,40988.73,,,0.0,0.0,0.0,0.0,0.0,,26.08,8.63,36,12.3,8.63,41,0.0,1010.9,974.3,,20.9,0.167,32.5,10906X0039/C2-1
397,2018-02-02,2.685378283,42.685696389,3,35.5,21.5,34.8,20.5,2018-02-02T03:22,2018-02-02T15:23,43227.08,40986.95,,,0.0,0.0,0.0,0.0,0.0,,26.08,8.39,7,12.8,8.39,43,0.0,1011.1,974.4,,20.3,0.167,32.4,10906X0039/C2-1
398,2018-02-03,2.685378283,42.685696389,3,35.9,21.9,35.6,21.9,2018-02-03T03:22,2018-02-03T15:23,43233.76,40984.8,,,0.0,0.0,0.0,0.0,0.0,,26.1,7.91,18,15.2,7.91,49,0.0,1011.0,974.4,,19.6,0.167,32.4,10906X0039/C2-1
399,2018-02-04,2.685378283,42.685696389,3,36.2,23.1,36.1,23.2,2018-02-04T03:22,2018-02-04T15:23,43240.53,40742.67,,,0.0,0.0,0.0,0.0,0.0,,24.02,7.74,45,14.0,7.74,42,0.0,1010.4,973.9,,17.2,0.167,32.5,10906X0039/C2-1
400,2018-02-05,2.685378283,42.685696389,3,36.3,23.5,34.4,22.5,2018-02-05T03:22,2018-02-05T15:23,43247.39,40979.39,,,0.0,0.0,0.0,0.0,0.0,,26.06,9.63,34,11.0,9.63,35,0.0,1010.1,973.7,,21.9,0.167,32.6,10906X0039/C2-1
401,2018-02-06,2.685378283,42.685696389,0,36.4,22.6,34.1,20.5,2018-02-06T03:22,2018-02-06T15:23,43254.34,40976.13,,,0.0,0.0,0.0,0.0,0.0,,26.49,9.89,0,8.5,9.89,31,0.0,1010.6,974.1,,22.2,0.166,32.5,10906X0039/C2-1
402,2018-02-07,2.685378283,42.685696389,3,36.0,21.8,33.3,20.0,2018-02-07T03:22,2018-02-07T15:23,43261.35,40972.55,,,0.0,0.0,0.0,0.0,0.0,,27.08,9.24,26,4.9,9.24,27,0.0,1010.7,974.1,,18.8,0.166,32.4,10906X0039/C2-1
403,2018-02-08,2.685378283,42.685696389,3,36.0,21.0,35.7,19.5,2018-02-08T03:22,2018-02-08T15:23,43268.43,41206.79,,,0.0,0.0,0.0,0.0,0.0,,27.06,8.23,42,9.1,8.23,36,0.0,1010.3,973.7,,16.1,0.166,32.4,10906X0039/C2-1
404,2018-02-09,2.685378283,42.685696389,3,35.8,20.7,36.8,22.5,2018-02-09T03:22,2018-02-09T15:24,43275.56,38133.49,,,0.0,0.0,0.0,0.0,0.0,,25.28,7.07,92,14.2,7.07,49,0.0,1010.1,973.5,,13.6,0.166,32.5,10906X0039/C2-1
405,2018-02-10,2.685378283,42.685696389,3,35.9,22.0,35.6,23.4,2018-02-10T03:22,2018-02-10T15:24,43282.75,40722.47,,,0.0,0.0,0.0,0.0,0.0,,24.09,7.42,37,16.8,7.42,54,0.0,1009.9,973.3,,18.1,0.165,32.6,10906X0039/C2-1
406,2018-02-11,2.685378283,42.685696389,51,34.9,23.8,36.7,25.4,2018-02-11T03:22,2018-02-11T15:24,43289.98,40006.7,,,0.1,0.0,0.0,0.1,1.0,,20.95,6.49,64,18.1,6.49,55,0.0,1011.7,975.1,,15.9,0.164,32.6,10906X0039/C2-1
407,2018-02-12,2.685378283,42.685696389,2,36.3,22.6,36.1,23.1,2018-02-12T03:22,2018-02-12T15:24,43297.25,40713.2,,,0.0,0.0,0.0,0.0,0.0,,23.2,7.33,21,16.7,7.33,51,0.0,1012.8,976.2,,17.9,0.164,32.7,10906X0039/C2-1
408,2018-02-13,2.685378283,42.685696389,2,35.7,23.2,36.0,24.8,2018-02-13T03:22,2018-02-13T15:24,43304.56,40235.25,,,0.0,0.0,0.0,0.0,0.0,,23.56,7.32,43,16.9,7.32,54,0.0,1013.5,976.9,,17.8,0.164,32.8,10906X0039/C2-1
409,2018-02-14,2.685378283,42.685696389,3,35.9,22.4,37.1,23.8,2018-02-14T03:22,2018-02-14T15:24,43311.98,40702.6,,,0.0,0.0,0.0,0.0,0.0,,24.99,7.24,72,16.3,7.24,52,0.0,1012.8,976.1,,16.1,0.164,32.9,10906X0039/C2-1
410,2018-02-15,2.685378283,42.685696389,3,36.5,23.0,36.7,24.0,2018-02-15T03:22,2018-02-15T15:24,43319.52,40225.06,,,0.0,0.0,0.0,0.0,0.0,,25.79,8.01,43,15.0,8.01,48,0.0,1012.8,976.2,,17.7,0.164,33.0,10906X0039/C2-1
411,2018-02-16,2.685378283,42.685696389,1,35.7,22.5,36.5,23.6,2018-02-16T03:22,2018-02-16T15:24,43327.15,40690.2,,,0.0,0.0,0.0,0.0,0.0,,23.7,7.27,15,17.7,7.27,55,0.0,1013.0,976.3,,18.8,0.164,33.0,10906X0039/C2-1
412,2018-02-17,2.685378283,42.685696389,51,36.2,24.5,38.2,26.8,2018-02-17T03:22,2018-02-17T15:24,43334.9,40448.2,,,0.3,0.0,0.0,0.3,1.0,,23.22,6.78,28,18.6,6.78,54,0.0,1011.1,974.6,,14.0,0.164,33.1,10906X0039/C2-1
413,2018-02-18,2.685378283,42.685696389,51,34.8,23.8,37.7,25.4,2018-02-18T03:21,2018-02-18T15:24,43342.73,40441.28,,,0.1,0.0,0.0,0.1,1.0,,21.78,6.4,50,18.8,6.4,56,0.0,1009.9,973.4,,14.9,0.164,33.1,10906X0039/C2-1
414,2018-02-19,2.685378283,42.685696389,3,35.0,22.8,37.4,24.4,2018-02-19T03:21,2018-02-19T15:24,43350.65,40434.01,,,0.0,0.0,0.0,0.0,0.0,,22.97,6.68,83,17.9,6.68,55,0.0,1009.4,972.9,,15.6,0.165,33.0,10906X0039/C2-1
415,2018-02-20,2.685378283,42.685696389,3,36.1,23.0,37.9,24.6,2018-02-20T03:21,2018-02-20T15:24,43358.65,39600.0,,,0.0,0.0,0.0,0.0,0.0,,24.14,7.24,69,16.9,7.24,52,0.0,1008.6,972.2,,15.2,0.164,33.1,10906X0039/C2-1
416,2018-02-21,2.685378283,42.685696389,3,36.4,23.3,38.8,24.4,2018-02-21T03:21,2018-02-21T15:24,43366.72,40418.46,,,0.0,0.0,0.0,0.0,0.0,,22.61,7.14,57,17.2,7.14,50,0.0,1007.7,971.4,,15.8,0.164,33.3,10906X0039/C2-1
417,2018-02-22,2.685378283,42.685696389,3,37.5,22.9,38.6,23.2,2018-02-22T03:21,2018-02-22T15:24,43374.86,40176.52,,,0.0,0.0,0.0,0.0,0.0,,25.64,8.32,40,15.7,8.32,46,0.0,1007.1,970.8,,18.5,0.164,33.4,10906X0039/C2-1
418,2018-02-23,2.685378283,42.685696389,1,37.6,23.1,38.9,23.6,2018-02-23T03:21,2018-02-23T15:24,43383.05,41102.18,,,0.0,0.0,0.0,0.0,0.0,,26.13,7.97,11,16.3,7.97,50,0.0,1007.1,970.8,,17.9,0.164,33.5,10906X0039/C2-1
419,2018-02-24,2.685378283,42.685696389,3,36.5,23.6,38.3,25.7,2018-02-24T03:20,2018-02-24T15:23,43391.3,39926.72,,,0.0,0.0,0.0,0.0,0.0,,24.32,7.28,57,17.5,7.28,54,0.0,1008.5,972.1,,16.8,0.164,33.5,10906X0039/C2-1
420,2018-02-25,2.685378283,42.685696389,3,36.9,23.5,39.3,25.5,2018-02-25T03:20,2018-02-25T15:23,43399.58,40850.17,,,0.0,0.0,0.0,0.0,0.0,,25.38,7.58,38,17.4,7.58,52,0.0,1009.2,972.8,,16.3,0.165,33.6,10906X0039/C2-1
421,2018-02-26,2.685378283,42.685696389,3,38.4,23.4,41.1,25.6,2018-02-26T03:20,2018-02-26T15:23,43407.91,41073.38,,,0.0,0.0,0.0,0.0,0.0,,25.38,7.37,14,17.0,7.37,50,0.0,1007.7,971.5,,13.2,0.164,33.9,10906X0039/C2-1
422,2018-02-27,2.685378283,42.685696389,3,37.0,24.5,38.9,26.0,2018-02-27T03:20,2018-02-27T15:23,43416.27,40366.03,,,0.0,0.0,0.0,0.0,0.0,,24.23,7.81,58,17.4,7.81,50,0.0,1008.2,971.9,,16.8,0.164,34.0,10906X0039/C2-1
423,2018-02-28,2.685378283,42.685696389,51,36.4,23.1,39.7,25.7,2018-02-28T03:19,2018-02-28T15:23,43424.65,41053.54,,,0.2,0.0,0.0,0.2,1.0,,24.79,6.68,33,17.7,6.68,52,0.0,1008.2,971.8,,10.9,0.163,34.0,10906X0039/C2-1
424,2018-03-01,2.685378283,42.685696389,3,36.5,23.6,39.9,24.7,2018-03-01T03:19,2018-03-01T15:23,43433.06,41043.54,,,0.0,0.0,0.0,0.0,0.0,,24.36,7.28,40,16.9,7.28,49,0.0,1007.6,971.2,,15.4,0.163,34.1,10906X0039/C2-1
425,2018-03-02,2.685378283,42.685696389,53,34.2,24.4,37.4,25.6,2018-03-02T03:19,2018-03-02T15:23,43441.48,40569.74,,,1.8,0.0,0.0,1.8,6.0,,20.65,5.4,80,18.9,5.4,59,0.0,1009.7,973.1,,9.9,0.163,34.0,10906X0039/C2-1
426,2018-03-03,2.685378283,42.685696389,61,35.1,24.8,38.1,27.2,2018-03-03T03:19,2018-03-03T15:23,43449.89,41023.42,,,2.2,0.0,0.0,2.2,2.0,,22.71,6.09,55,19.4,6.09,57,0.0,1009.0,972.5,,11.5,0.165,33.7,10906X0039/C2-1
427,2018-03-04,2.685378283,42.685696389,3,36.6,24.8,37.1,26.9,2018-03-04T03:18,2018-03-04T15:23,43458.31,37958.37,,,0.0,0.0,0.0,0.0,0.0,,24.24,7.34,43,16.8,7.34,49,0.0,1008.7,972.4,,14.4,0.164,33.8,10906X0039/C2-1
428,2018-03-05,2.685378283,42.685696389,3,35.3,23.8,36.4,26.5,2018-03-05T03:18,2018-03-05T15:22,43466.73,39419.38,,,0.0,0.0,0.0,0.0,0.0,,20.93,5.75,74,17.4,5.75,52,0.0,1010.6,974.1,,9.4,0.163,33.7,10906X0039/C2-1
429,2018-03-06,2.685378283,42.685696389,3,37.4,24.3,38.4,25.1,2018-03-06T03:18,2018-03-06T15:22,43475.22,41224.36,,,0.0,0.0,0.0,0.0,0.0,,25.42,7.93,32,15.7,7.93,44,0.0,1009.8,973.5,,15.0,0.162,33.9,10906X0039/C2-1
430,2018-03-07,2.685378283,42.685696389,3,37.2,24.1,36.6,26.0,2018-03-07T03:17,2018-03-07T15:22,43483.78,41675.81,,,0.0,0.0,0.0,0.0,0.0,,23.48,7.26,51,15.2,7.26,43,0.0,1009.7,973.4,,13.2,0.162,34.1,10906X0039/C2-1
431,2018-03-08,2.685378283,42.685696389,3,38.5,24.6,37.9,25.9,2018-03-08T03:17,2018-03-08T15:22,43492.41,41664.66,,,0.0,0.0,0.0,0.0,0.0,,26.5,9.03,39,11.7,9.03,36,0.0,1009.1,972.8,,15.4,0.162,34.3,10906X0039/C2-1
432,2018-03-09,2.685378283,42.685696389,3,38.3,23.8,35.9,23.1,2018-03-09T03:17,2018-03-09T15:22,43501.1,41955.16,,,0.0,0.0,0.0,0.0,0.0,,27.69,9.16,28,9.1,9.16,33,0.0,1008.3,972.0,,17.3,0.161,34.3,10906X0039/C2-1
433,2018-03-10,2.685378283,42.685696389,3,38.0,22.4,36.7,22.9,2018-03-10T03:17,2018-03-10T15:22,43509.85,41974.9,,,0.0,0.0,0.0,0.0,0.0,,27.95,8.36,52,9.9,8.36,37,0.0,1008.4,972.0,,15.0,0.162,34.2,10906X0039/C2-1
434,2018-03-11,2.685378283,42.685696389,3,37.4,22.9,38.5,24.1,2018-03-11T03:16,2018-03-11T15:21,43518.65,41860.84,,,0.0,0.0,0.0,0.0,0.0,,27.14,7.79,66,15.2,7.79,47,0.0,1009.1,972.7,,14.9,0.161,34.3,10906X0039/C2-1
435,2018-03-12,2.685378283,42.685696389,3,36.7,24.3,40.2,25.8,2018-03-12T03:16,2018-03-12T15:21,43527.5,41618.61,,,0.0,0.0,0.0,0.0,0.0,,26.15,7.13,39,17.5,7.13,51,0.0,1010.1,973.8,,13.9,0.161,34.5,10906X0039/C2-1
436,2018-03-13,2.685378283,42.685696389,53,36.5,25.2,39.5,26.6,2018-03-13T03:15,2018-03-13T15:21,43536.38,41837.27,,,0.6,0.0,0.0,0.6,2.0,,23.91,7.1,77,18.7,7.1,52,0.0,1010.3,973.9,,14.5,0.161,34.6,10906X0039/C2-1
437,2018-03-14,2.685378283,42.685696389,61,35.1,24.7,39.3,27.2,2018-03-14T03:15,2018-03-14T15:21,43545.3,41134.51,,,2.9,0.0,0.0,2.9,6.0,,21.19,5.3,79,19.7,5.3,60,0.0,1010.0,973.5,,8.3,0.161,34.5,10906X0039/C2-1
438,2018-03-15,2.685378283,42.685696389,3,36.6,25.1,39.6,26.5,2018-03-15T03:15,2018-03-15T15:21,43554.24,41346.47,,,0.0,0.0,0.0,0.0,0.0,,23.43,7.54,68,17.3,7.54,47,0.0,1008.8,972.5,,14.9,0.16,34.6,10906X0039/C2-1
439,2018-03-16,2.685378283,42.685696389,3,36.8,24.5,38.6,26.5,2018-03-16T03:14,2018-03-16T15:20,43563.2,40354.32,,,0.0,0.0,0.0,0.0,0.0,,23.32,6.99,80,16.2,6.99,46,0.0,1009.0,972.7,,12.1,0.159,34.7,10906X0039/C2-1
440,2018-03-17,2.685378283,42.685696389,3,37.4,24.6,39.3,25.9,2018-03-17T03:14,2018-03-17T15:20,43572.18,40948.02,,,0.0,0.0,0.0,0.0,0.0,,23.6,7.34,67,15.9,7.34,44,0.0,1007.8,971.6,,13.4,0.159,34.9,10906X0039/C2-1
441,2018-03-18,2.685378283,42.685696389,3,37.7,24.7,39.6,25.7,2018-03-18T03:14,2018-03-18T15:20,43581.17,39937.62,,,0.0,0.0,0.0,0.0,0.0,,23.36,7.64,48,17.5,7.64,49,0.0,1007.4,971.1,,16.9,0.159,34.8,10906X0039/C2-1
442,2018-03-19,2.685378283,42.685696389,51,37.4,24.8,36.8,26.4,2018-03-19T03:13,2018-03-19T15:20,43590.15,42169.08,,,0.4,0.0,0.0,0.4,1.0,,25.27,8.7,66,17.2,8.7,49,0.0,1008.9,972.6,,21.8,0.159,34.8,10906X0039/C2-1
443,2018-03-20,2.685378283,42.685696389,3,37.8,24.6,36.2,26.2,2018-03-20T03:13,2018-03-20T15:20,43599.14,41113.48,,,0.0,0.0,0.0,0.0,0.0,,23.54,7.99,25,18.4,7.99,54,0.0,1010.3,973.9,,22.1,0.158,34.6,10906X0039/C2-1
444,2018-03-21,2.685378283,42.685696389,3,36.8,24.3,36.7,26.7,2018-03-21T03:13,2018-03-21T15:19,43608.11,41745.15,,,0.0,0.0,0.0,0.0,0.0,,23.09,7.64,21,17.2,7.64,51,0.0,1011.7,975.2,,17.1,0.158,34.6,10906X0039/C2-1
445,2018-03-22,2.685378283,42.685696389,51,35.9,24.1,37.4,27.0,2018-03-22T03:12,2018-03-22T15:19,43617.06,41734.39,,,0.3,0.0,0.0,0.3,1.0,,22.4,6.88,31,18.5,6.88,56,0.0,1011.7,975.1,,15.7,0.158,34.5,10906X0039/C2-1
446,2018-03-23,2.685378283,42.685696389,53,36.7,23.8,40.1,27.8,2018-03-23T03:12,2018-03-23T15:19,43625.99,40636.02,,,0.6,0.0,0.0,0.6,2.0,,23.02,6.21,30,18.7,6.21,55,0.0,1010.1,973.6,,9.4,0.158,34.6,10906X0039/C2-1
447,2018-03-24,2.685378283,42.685696389,51,34.5,24.5,38.0,27.4,2018-03-24T03:11,2018-03-24T15:19,43634.89,42279.16,,,0.5,0.0,0.0,0.5,2.0,,20.34,5.62,46,19.0,5.62,56,0.0,1010.1,973.5,,10.9,0.158,34.5,10906X0039/C2-1
448,2018-03-25,2.685378283,42.685696389,51,34.6,24.9,36.2,26.9,2018-03-25T03:11,2018-03-25T15:18,43643.76,42164.31,,,0.6,0.0,0.0,0.6,5.0,,20.18,6.17,33,18.9,6.17,55,0.0,1011.0,974.5,,14.1,0.159,34.3,10906X0039/C2-1
449,2018-03-26,2.685378283,42.685696389,2,36.0,24.3,37.6,26.1,2018-03-26T03:11,2018-03-26T15:18,43652.67,42154.6,,,0.0,0.0,0.0,0.0,0.0,,24.55,7.12,18,17.1,7.12,51,0.0,1011.5,975.0,,13.9,0.16,34.1,10906X0039/C2-1
450,2018-03-27,2.685378283,42.685696389,3,37.3,23.9,37.1,25.6,2018-03-27T03:10,2018-03-27T15:18,43661.63,42343.68,,,0.0,0.0,0.0,0.0,0.0,,24.15,8.15,40,17.4,8.15,51,0.0,1010.5,974.1,,20.8,0.159,34.0,10906X0039/C2-1
451,2018-03-28,2.685378283,42.685696389,3,37.4,24.4,37.7,26.5,2018-03-28T03:10,2018-03-28T15:18,43670.62,42365.76,,,0.0,0.0,0.0,0.0,0.0,,23.69,7.75,57,18.0,7.75,54,0.0,1009.8,973.4,,19.0,0.159,34.1,10906X0039/C2-1
452,2018-03-29,2.685378283,42.685696389,51,36.8,24.9,38.2,27.3,2018-03-29T03:10,2018-03-29T15:18,43679.64,41895.13,,,0.3,0.0,0.0,0.3,1.0,,22.91,7.0,60,18.9,7.0,56,0.0,1011.3,974.8,,15.9,0.159,34.1,10906X0039/C2-1
453,2018-03-30,2.685378283,42.685696389,51,34.0,24.8,37.4,27.4,2018-03-30T03:09,2018-03-30T15:17,43688.69,42410.58,,,0.5,0.0,0.0,0.5,2.0,,22.17,6.0,66,19.7,6.0,60,0.0,1012.1,975.4,,13.3,0.159,34.1,10906X0039/C2-1
454,2018-03-31,2.685378283,42.685696389,2,35.2,24.0,37.7,27.4,2018-03-31T03:09,2018-03-31T15:17,43697.76,42433.21,,,0.0,0.0,0.0,0.0,0.0,,22.97,6.17,25,18.4,6.17,54,0.0,1010.1,973.6,,10.2,0.159,34.0,10906X0039/C2-1
455,2018-04-01,2.685378283,42.685696389,2,36.6,24.4,38.9,26.8,2018-04-01T03:08,2018-04-01T15:17,43706.83,42455.9,,,0.0,0.0,0.0,0.0,0.0,,23.14,6.86,28,18.1,6.86,52,0.0,1008.4,972.1,,13.3,0.158,34.2,10906X0039/C2-1
456,2018-04-02,2.685378283,42.685696389,3,35.4,24.7,38.4,26.4,2018-04-02T03:08,2018-04-02T15:17,43715.92,41857.55,,,0.0,0.0,0.0,0.0,0.0,,22.61,6.19,38,18.4,6.19,52,0.0,1008.5,972.2,,11.6,0.157,34.2,10906X0039/C2-1
457,2018-04-03,2.685378283,42.685696389,63,34.1,25.3,37.9,28.3,2018-04-03T03:08,2018-04-03T15:16,43725.01,41848.56,,,7.6,0.0,0.0,7.6,4.0,,19.9,4.94,68,20.4,4.94,63,0.0,1009.1,972.6,,8.5,0.159,34.0,10906X0039/C2-1
458,2018-04-04,2.685378283,42.685696389,63,33.1,24.6,38.1,27.3,2018-04-04T03:07,2018-04-04T15:16,43734.1,42523.8,,,6.8,0.0,0.0,6.8,4.0,,20.19,4.63,72,20.1,4.63,63,0.0,1009.3,972.7,,6.0,0.16,33.6,10906X0039/C2-1
459,2018-04-05,2.685378283,42.685696389,53,32.8,24.6,35.9,27.4,2018-04-05T03:07,2018-04-05T15:16,43743.17,38491.13,,,1.3,0.0,0.0,1.3,8.0,,20.39,4.91,77,19.8,4.91,62,0.0,1009.0,972.4,,6.6,0.16,33.5,10906X0039/C2-1
460,2018-04-06,2.685378283,42.685696389,53,33.2,23.9,36.6,26.7,2018-04-06T03:07,2018-04-06T15:16,43752.23,42518.1,,,0.9,0.0,0.0,0.9,2.0,,21.92,5.07,62,19.5,5.07,59,0.0,1008.8,972.2,,5.9,0.159,33.6,10906X0039/C2-1
461,2018-04-07,2.685378283,42.685696389,61,32.7,24.5,35.8,27.8,2018-04-07T03:06,2018-04-07T15:16,43761.26,33413.43,,,4.8,0.0,0.0,4.8,8.0,,16.81,4.14,86,21.2,4.14,70,0.0,1009.6,972.9,,9.1,0.164,33.3,10906X0039/C2-1
462,2018-04-08,2.685378283,42.685696389,63,29.6,22.3,33.7,26.4,2018-04-08T03:06,2018-04-08T15:15,43770.26,19058.56,,,7.8,0.0,0.0,7.8,8.0,,15.44,3.32,99,21.7,3.32,80,0.0,1010.9,974.0,,6.1,0.178,32.5,10906X0039/C2-1
463,2018-04-09,2.685378283,42.685696389,65,29.3,22.9,34.3,26.8,2018-04-09T03:06,2018-04-09T15:15,43779.23,19409.76,,,15.5,0.0,0.0,15.5,11.0,,14.64,3.15,97,22.0,3.15,81,0.0,1010.5,973.6,,6.5,0.189,32.0,10906X0039/C2-1
464,2018-04-10,2.685378283,42.685696389,65,29.4,23.3,34.2,27.4,2018-04-10T03:05,2018-04-10T15:15,43788.15,28666.39,,,11.1,0.0,0.0,11.1,8.0,,14.54,3.19,87,22.3,3.19,81,0.0,1009.8,972.9,,8.1,0.193,31.6,10906X0039/C2-1
465,2018-04-11,2.685378283,42.685696389,55,29.6,23.1,34.7,26.0,2018-04-11T03:05,2018-04-11T15:15,43797.02,20502.84,,,3.8,0.0,0.0,3.8,9.0,,14.83,3.09,98,22.0,3.09,85,0.0,1010.4,973.3,,5.9,0.198,31.2,10906X0039/C2-1
466,2018-04-12,2.685378283,42.685696389,61,30.3,23.3,36.6,27.5,2018-04-12T03:04,2018-04-12T15:15,43805.83,34346.24,,,5.6,0.0,0.0,5.6,9.0,,18.98,3.97,88,22.4,3.97,81,0.0,1010.3,973.4,,5.5,0.204,31.0,10906X0039/C2-1
467,2018-04-13,2.685378283,42.685696389,65,29.2,23.0,34.5,26.8,2018-04-13T03:04,2018-04-13T15:14,43814.58,34078.83,,,12.9,0.0,0.0,12.9,9.0,,17.64,3.6,85,22.4,3.6,84,0.0,1011.3,974.3,,6.7,0.21,30.7,10906X0039/C2-1
468,2018-04-14,2.685378283,42.685696389,61,29.4,22.6,34.0,25.7,2018-04-14T03:04,2018-04-14T15:14,43823.26,29847.44,,,3.4,0.0,0.0,3.4,6.0,,16.28,3.49,90,21.9,3.49,84,0.0,1011.8,974.8,,9.1,0.216,30.3,10906X0039/C2-1
469,2018-04-15,2.685378283,42.685696389,53,30.8,22.6,35.6,26.2,2018-04-15T03:04,2018-04-15T15:14,43831.95,41063.2,,,1.0,0.0,0.0,1.0,4.0,,21.13,4.51,74,22.3,4.51,80,0.0,1011.0,974.1,,10.6,0.216,30.1,10906X0039/C2-1
470,2018-04-16,2.685378283,42.685696389,53,31.4,23.3,34.8,26.4,2018-04-16T03:03,2018-04-16T15:14,43840.64,42766.76,,,1.4,0.0,0.0,1.4,4.0,,22.94,5.01,78,21.9,5.01,76,0.0,1011.4,974.5,,12.4,0.213,30.1,10906X0039/C2-1
471,2018-04-17,2.685378283,42.685696389,63,28.2,22.6,30.4,26.2,2018-04-17T03:03,2018-04-17T15:14,43849.33,1321.07,,,17.3,0.0,0.0,17.3,21.0,,8.52,2.02,95,22.0,2.02,86,0.0,1013.2,976.0,,8.6,0.229,29.7,10906X0039/C2-1
472,2018-04-18,2.685378283,42.685696389,63,30.9,22.8,34.2,26.3,2018-04-18T03:03,2018-04-18T15:14,43858.01,40037.13,,,10.4,0.0,0.0,10.4,13.0,,18.67,4.11,79,22.0,4.11,79,0.0,1012.8,975.8,,9.3,0.233,29.6,10906X0039/C2-1
473,2018-04-19,2.685378283,42.685696389,63,29.2,22.0,34.2,26.1,2018-04-19T03:02,2018-04-19T15:13,43866.68,41936.84,,,15.2,0.0,0.0,15.2,16.0,,16.93,3.49,84,22.0,3.49,85,0.0,1012.8,975.7,,7.7,0.238,29.5,10906X0039/C2-1
474,2018-04-20,2.685378283,42.685696389,51,30.4,22.9,35.6,27.5,2018-04-20T03:02,2018-04-20T15:13,43875.33,42212.56,,,0.9,0.0,0.0,0.9,6.0,,20.19,4.3,80,22.1,4.3,78,0.0,1011.1,974.2,,6.4,0.234,29.6,10906X0039/C2-1
475,2018-04-21,2.685378283,42.685696389,55,29.5,23.3,33.9,27.4,2018-04-21T03:02,2018-04-21T15:13,43883.95,41408.6,,,2.3,0.0,0.0,2.3,8.0,,20.03,3.99,74,22.6,3.99,84,0.0,1011.0,974.0,,8.7,0.234,29.6,10906X0039/C2-1
476,2018-04-22,2.685378283,42.685696389,63,27.8,23.2,32.9,27.0,2018-04-22T03:02,2018-04-22T15:13,43892.53,6692.54,,,6.5,0.0,0.0,6.5,8.0,,11.49,2.42,99,22.6,2.42,86,0.0,1011.2,974.2,,6.2,0.235,29.3,10906X0039/C2-1
477,2018-04-23,2.685378283,42.685696389,63,28.8,22.9,33.4,27.2,2018-04-23T03:01,2018-04-23T15:13,43901.08,32075.14,,,13.2,0.0,0.0,13.2,5.0,,17.49,3.52,82,22.5,3.52,85,0.0,1011.6,974.6,,6.9,0.241,29.2,10906X0039/C2-1
478,2018-04-24,2.685378283,42.685696389,53,30.4,22.9,36.0,27.3,2018-04-24T03:01,2018-04-24T15:13,43909.58,42900.08,,,1.7,0.0,0.0,1.7,7.0,,20.65,4.36,46,22.6,4.36,81,0.0,1012.2,975.2,,9.5,0.242,29.2,10906X0039/C2-1
479,2018-04-25,2.685378283,42.685696389,55,29.4,22.9,34.2,27.3,2018-04-25T03:01,2018-04-25T15:13,43918.01,42915.02,,,2.9,0.0,0.0,2.9,10.0,,19.75,4.13,61,22.2,4.13,80,0.0,1011.9,974.9,,9.5,0.24,29.3,10906X0039/C2-1
480,2018-04-26,2.685378283,42.685696389,51,29.6,23.2,33.1,26.3,2018-04-26T03:01,2018-04-26T15:13,43926.39,42929.46,,,1.1,0.0,0.0,1.1,6.0,,20.45,4.42,50,21.9,4.42,79,0.0,1011.7,974.8,,13.8,0.237,29.2,10906X0039/C2-1
481,2018-04-27,2.685378283,42.685696389,51,29.8,22.8,32.2,25.8,2018-04-27T03:00,2018-04-27T15:13,43934.7,42198.37,,,0.2,0.0,0.0,0.2,2.0,,20.34,4.55,53,21.0,4.55,74,0.0,1012.2,975.2,,12.7,0.234,29.1,10906X0039/C2-1
482,2018-04-28,2.685378283,42.685696389,61,29.5,23.3,33.4,26.7,2018-04-28T03:00,2018-04-28T15:12,43942.93,41960.14,,,3.1,0.0,0.0,3.1,11.0,,17.41,3.82,53,22.3,3.82,81,0.0,1013.0,976.0,,12.7,0.231,29.0,10906X0039/C2-1
483,2018-04-29,2.685378283,42.685696389,61,30.2,23.3,34.0,27.2,2018-04-29T03:00,2018-04-29T15:12,43951.07,41959.46,,,3.6,0.0,0.0,3.6,9.0,,18.89,4.01,51,22.1,4.01,81,0.0,1012.8,975.7,,12.2,0.231,29.0,10906X0039/C2-1
484,2018-04-30,2.685378283,42.685696389,61,29.9,22.5,32.2,25.8,2018-04-30T03:00,2018-04-30T15:12,43959.12,42981.55,,,3.3,0.0,0.0,3.3,11.0,,19.08,4.31,57,21.6,4.31,80,0.0,1011.9,974.9,,16.0,0.229,28.9,10906X0039/C2-1
485,2018-05-01,2.685378283,42.685696389,61,28.2,22.4,30.6,25.3,2018-05-01T02:59,2018-05-01T15:12,43967.06,38848.81,,,6.1,0.0,0.0,6.1,12.0,,14.71,3.25,76,21.8,3.25,83,0.0,1013.0,975.9,,15.6,0.233,28.7,10906X0039/C2-1
486,2018-05-02,2.685378283,42.685696389,55,29.3,22.7,31.5,25.2,2018-05-02T02:59,2018-05-02T15:12,43974.9,36688.02,,,2.8,0.0,0.0,2.8,8.0,,15.81,3.51,88,21.5,3.51,82,0.0,1013.0,975.9,,14.9,0.237,28.6,10906X0039/C2-1
487,2018-05-03,2.685378283,42.685696389,53,29.8,22.6,33.1,25.8,2018-05-03T02:59,2018-05-03T15:12,43982.61,38111.51,,,3.0,0.0,0.0,3.0,12.0,,17.6,3.86,73,21.9,3.86,81,0.0,1011.6,974.6,,12.2,0.236,28.6,10906X0039/C2-1
488,2018-05-04,2.685378283,42.685696389,63,29.7,22.4,33.3,26.0,2018-05-04T02:59,2018-05-04T15:12,43990.21,42966.1,,,6.7,0.0,0.0,6.7,9.0,,18.45,3.96,73,21.8,3.96,81,0.0,1011.9,974.9,,10.8,0.235,28.6,10906X0039/C2-1
489,2018-05-05,2.685378283,42.685696389,63,28.6,22.9,31.1,26.4,2018-05-05T02:59,2018-05-05T15:12,43997.75,29121.02,,,5.7,0.0,0.0,5.7,4.0,,14.45,3.19,62,21.8,3.19,82,0.0,1012.3,975.3,,10.7,0.232,28.6,10906X0039/C2-1
490,2018-05-06,2.685378283,42.685696389,63,29.5,22.5,32.2,26.7,2018-05-06T02:59,2018-05-06T15:12,44005.24,40296.92,,,8.9,0.0,0.0,8.9,9.0,,18.18,3.84,41,21.8,3.84,81,0.0,1013.2,976.1,,9.5,0.23,28.6,10906X0039/C2-1
491,2018-05-07,2.685378283,42.685696389,51,29.0,22.8,32.8,26.0,2018-05-07T02:59,2018-05-07T15:12,44012.67,43046.56,,,0.6,0.0,0.0,0.6,4.0,,18.6,4.0,55,21.9,4.0,81,0.0,1013.0,976.0,,13.6,0.229,28.6,10906X0039/C2-1
492,2018-05-08,2.685378283,42.685696389,53,29.7,22.7,33.4,25.7,2018-05-08T02:58,2018-05-08T15:12,44020.02,41488.06,,,1.3,0.0,0.0,1.3,7.0,,19.31,4.11,56,21.8,4.11,81,0.0,1011.8,974.8,,14.6,0.226,28.6,10906X0039/C2-1
493,2018-05-09,2.685378283,42.685696389,53,29.3,22.9,33.5,26.1,2018-05-09T02:58,2018-05-09T15:12,44027.3,34196.42,,,1.7,0.0,0.0,1.7,8.0,,16.5,3.54,48,22.1,3.54,83,0.0,1011.8,974.8,,13.6,0.224,28.5,10906X0039/C2-1
494,2018-05-10,2.685378283,42.685696389,51,30.1,22.3,34.0,25.6,2018-05-10T02:58,2018-05-10T15:12,44034.5,43064.92,,,0.3,0.0,0.0,0.3,3.0,,18.79,4.21,31,21.6,4.21,79,0.0,1012.2,975.2,,13.7,0.222,28.5,10906X0039/C2-1
495,2018-05-11,2.685378283,42.685696389,51,30.2,22.1,32.3,25.0,2018-05-11T02:58,2018-05-11T15:12,44041.62,42743.43,,,1.2,0.0,0.0,1.2,6.0,,18.75,4.37,41,21.1,4.37,77,0.0,1011.8,974.8,,15.1,0.219,28.5,10906X0039/C2-1
496,2018-05-12,2.685378283,42.685696389,51,29.7,22.2,32.4,25.6,2018-05-12T02:58,2018-05-12T15:12,44048.64,41464.67,,,0.5,0.0,0.0,0.5,2.0,,17.89,4.11,43,21.6,4.11,78,0.0,1010.8,973.9,,14.3,0.217,28.5,10906X0039/C2-1
497,2018-05-13,2.685378283,42.685696389,55,31.1,23.1,34.7,26.3,2018-05-13T02:58,2018-05-13T15:12,44055.55,42230.16,,,2.8,0.0,0.0,2.8,8.0,,20.51,4.63,50,22.1,4.63,78,0.0,1010.4,973.6,,15.6,0.215,28.6,10906X0039/C2-1
498,2018-05-14,2.685378283,42.685696389,53,30.9,22.9,33.9,26.2,2018-05-14T02:58,2018-05-14T15:12,44062.35,36008.91,,,1.3,0.0,0.0,1.3,5.0,,18.89,4.47,74,22.0,4.47,78,0.0,1010.5,973.6,,15.3,0.213,28.8,10906X0039/C2-1
499,2018-05-15,2.685378283,42.685696389,53,31.1,23.2,34.4,25.9,2018-05-15T02:58,2018-05-15T15:12,44069.03,39600.0,,,1.2,0.0,0.0,1.2,7.0,,19.39,4.53,71,22.1,4.53,78,0.0,1010.1,973.3,,17.2,0.212,28.8,10906X0039/C2-1
500,2018-05-16,2.685378283,42.685696389,63,29.8,23.0,31.1,24.8,2018-05-16T02:58,2018-05-16T15:12,44075.59,37419.22,,,4.6,0.0,0.0,4.6,9.0,,16.27,3.97,71,21.2,3.97,78,0.0,1011.2,974.2,,20.2,0.212,28.7,10906X0039/C2-1
501,2018-05-17,2.685378283,42.685696389,51,30.4,22.5,31.7,24.9,2018-05-17T02:58,2018-05-17T15:13,44082.01,39600.0,,,0.6,0.0,0.0,0.6,5.0,,18.55,4.58,93,21.1,4.58,76,0.0,1011.6,974.6,,19.3,0.21,28.6,10906X0039/C2-1
502,2018-05-18,2.685378283,42.685696389,51,29.3,22.7,30.2,25.0,2018-05-18T02:58,2018-05-18T15:13,44088.3,41590.33,,,1.5,0.0,0.0,1.5,10.0,,16.0,3.86,91,21.2,3.86,78,0.0,1011.2,974.3,,17.5,0.209,28.6,10906X0039/C2-1
503,2018-05-19,2.685378283,42.685696389,61,30.2,22.3,31.1,24.5,2018-05-19T02:58,2018-05-19T15:13,44094.42,34489.61,,,2.8,0.0,0.0,2.8,10.0,,15.48,3.93,73,20.9,3.93,77,0.0,1011.3,974.3,,18.8,0.21,28.5,10906X0039/C2-1
504,2018-05-20,2.685378283,42.685696389,53,30.5,22.5,31.8,24.7,2018-05-20T02:58,2018-05-20T15:13,44100.4,41531.94,,,1.1,0.0,0.0,1.1,4.0,,18.67,4.56,71,20.6,4.56,74,0.0,1011.4,974.4,,17.6,0.208,28.5,10906X0039/C2-1
505,2018-05-21,2.685378283,42.685696389,65,28.8,22.6,32.4,25.5,2018-05-21T02:58,2018-05-21T15:13,44106.2,35517.08,,,10.6,0.0,0.0,10.6,10.0,,15.35,3.32,81,21.4,3.32,82,0.0,1012.4,975.3,,10.9,0.208,28.5,10906X0039/C2-1
506,2018-05-22,2.685378283,42.685696389,53,27.2,22.3,29.4,25.2,2018-05-22T02:58,2018-05-22T15:13,44111.83,12140.62,,,4.2,0.0,0.0,4.2,15.0,,7.91,1.84,97,21.5,1.84,88,0.0,1014.0,976.7,,12.3,0.21,28.2,10906X0039/C2-1
507,2018-05-23,2.685378283,42.685696389,51,28.2,22.0,29.3,24.4,2018-05-23T02:58,2018-05-23T15:13,44117.28,26284.3,,,1.2,0.0,0.0,1.2,8.0,,13.46,3.14,87,20.9,3.14,81,0.0,1014.1,976.9,,15.5,0.214,28.0,10906X0039/C2-1
508,2018-05-24,2.685378283,42.685696389,3,30.0,21.6,29.4,24.1,2018-05-24T02:58,2018-05-24T15:13,44122.54,43083.62,,,0.0,0.0,0.0,0.0,0.0,,18.37,4.49,70,19.6,4.49,73,0.0,1013.2,976.0,,16.7,0.212,27.9,10906X0039/C2-1
509,2018-05-25,2.685378283,42.685696389,3,30.8,21.5,31.6,23.9,2018-05-25T02:58,2018-05-25T15:13,44127.67,43080.73,,,0.0,0.0,0.0,0.0,0.0,,20.75,5.04,70,20.2,5.04,73,0.0,1011.9,974.9,,17.4,0.21,27.9,10906X0039/C2-1
510,2018-05-26,2.685378283,42.685696389,51,29.3,22.4,30.6,25.2,2018-05-26T02:58,2018-05-26T15:14,44132.65,32389.27,,,0.9,0.0,0.0,0.9,7.0,,15.78,3.6,77,21.2,3.6,81,0.0,1012.7,975.5,,17.4,0.208,27.9,10906X0039/C2-1
511,2018-05-27,2.685378283,42.685696389,51,29.5,22.0,29.0,23.5,2018-05-27T02:58,2018-05-27T15:14,44137.51,41324.2,,,0.3,0.0,0.0,0.3,3.0,,16.43,4.4,70,19.6,4.4,72,0.0,1013.9,976.8,,19.5,0.206,27.9,10906X0039/C2-1
512,2018-05-28,2.685378283,42.685696389,3,31.0,21.7,29.5,22.4,2018-05-28T02:58,2018-05-28T15:14,44142.21,38516.51,,,0.0,0.0,0.0,0.0,0.0,,19.38,5.26,56,18.7,5.26,68,0.0,1014.1,977.1,,19.5,0.204,27.9,10906X0039/C2-1
513,2018-05-29,2.685378283,42.685696389,3,30.8,20.1,29.8,21.9,2018-05-29T02:58,2018-05-29T15:14,44146.77,42392.64,,,0.0,0.0,0.0,0.0,0.0,,19.72,5.14,55,19.0,5.14,68,0.0,1013.1,976.1,,17.1,0.202,28.0,10906X0039/C2-1
514,2018-05-30,2.685378283,42.685696389,51,30.8,22.1,31.7,24.6,2018-05-30T02:58,2018-05-30T15:14,44151.16,42443.19,,,0.7,0.0,0.0,0.7,5.0,,16.76,4.37,75,20.6,4.37,74,0.0,1013.0,976.0,,18.0,0.201,28.1,10906X0039/C2-1
515,2018-05-31,2.685378283,42.685696389,51,30.1,22.9,31.3,25.9,2018-05-31T02:58,2018-05-31T15:14,44155.4,35874.56,,,1.0,0.0,0.0,1.0,8.0,,17.16,4.19,99,21.2,4.19,77,0.0,1013.6,976.5,,17.0,0.2,28.2,10906X0039/C2-1
516,2018-06-01,2.685378283,42.685696389,51,30.0,22.3,29.6,24.4,2018-06-01T02:59,2018-06-01T15:15,44159.47,34438.21,,,0.1,0.0,0.0,0.1,1.0,,15.66,4.26,89,20.2,4.26,74,0.0,1013.8,976.8,,18.5,0.2,28.2,10906X0039/C2-1
517,2018-06-02,2.685378283,42.685696389,51,30.2,21.6,30.8,22.5,2018-06-02T02:59,2018-06-02T15:15,44163.38,38557.66,,,0.9,0.0,0.0,0.9,4.0,,17.29,4.56,78,19.5,4.56,72,0.0,1014.2,977.0,,18.5,0.199,28.1,10906X0039/C2-1
518,2018-06-03,2.685378283,42.685696389,51,29.4,21.3,28.7,22.4,2018-06-03T02:59,2018-06-03T15:15,44167.1,37525.24,,,0.3,0.0,0.0,0.3,3.0,,15.0,4.49,59,18.8,4.49,69,0.0,1013.3,976.3,,19.5,0.199,28.1,10906X0039/C2-1
519,2018-06-04,2.685378283,42.685696389,3,31.2,21.4,29.0,23.1,2018-06-04T02:59,2018-06-04T15:15,44170.65,32256.45,,,0.0,0.0,0.0,0.0,0.0,,15.0,5.03,74,18.1,5.03,64,0.0,1011.9,974.9,,21.5,0.199,28.1,10906X0039/C2-1
520,2018-06-05,2.685378283,42.685696389,3,30.7,22.5,29.0,22.3,2018-06-05T02:59,2018-06-05T15:15,44174.01,34068.01,,,0.0,0.0,0.0,0.0,0.0,,19.45,6.26,72,17.1,6.26,58,0.0,1012.4,975.4,,23.3,0.203,28.2,10906X0039/C2-1
521,2018-06-06,2.685378283,42.685696389,3,32.0,22.0,30.2,22.1,2018-06-06T02:59,2018-06-06T15:16,44177.19,40376.28,,,0.0,0.0,0.0,0.0,0.0,,18.99,6.03,44,17.8,6.03,62,0.0,1014.5,977.5,,24.4,0.207,28.3,10906X0039/C2-1
522,2018-06-07,2.685378283,42.685696389,53,30.2,21.6,30.6,22.8,2018-06-07T02:59,2018-06-07T15:16,44180.16,40767.96,,,3.0,0.0,0.0,3.0,12.0,,18.77,4.74,43,19.7,4.74,74,0.0,1015.8,978.5,,21.9,0.208,28.3,10906X0039/C2-1
523,2018-06-08,2.685378283,42.685696389,53,30.0,21.8,29.5,22.5,2018-06-08T03:00,2018-06-08T15:16,44182.94,35578.95,,,1.6,0.0,0.0,1.6,7.0,,15.97,4.57,81,18.9,4.57,70,0.0,1015.9,978.6,,22.0,0.208,28.2,10906X0039/C2-1
524,2018-06-09,2.685378283,42.685696389,3,30.6,20.4,29.8,21.8,2018-06-09T03:00,2018-06-09T15:16,44185.51,37981.63,,,0.0,0.0,0.0,0.0,0.0,,16.73,4.95,95,18.2,4.95,67,0.0,1015.3,978.2,,20.3,0.207,28.1,10906X0039/C2-1
525,2018-06-10,2.685378283,42.685696389,51,30.0,21.0,28.6,22.1,2018-06-10T03:00,2018-06-10T15:16,44187.87,36067.67,,,0.2,0.0,0.0,0.2,2.0,,16.37,4.96,71,17.8,4.96,65,0.0,1015.3,978.1,,20.2,0.207,28.2,10906X0039/C2-1
526,2018-06-11,2.685378283,42.685696389,3,31.5,19.8,30.2,21.4,2018-06-11T03:00,2018-06-11T15:17,44190.02,41692.93,,,0.0,0.0,0.0,0.0,0.0,,19.16,5.62,63,17.9,5.62,64,0.0,1015.6,978.5,,19.6,0.207,28.2,10906X0039/C2-1
527,2018-06-12,2.685378283,42.685696389,51,29.8,22.4,29.1,23.9,2018-06-12T03:00,2018-06-12T15:17,44191.94,23298.54,,,0.5,0.0,0.0,0.5,4.0,,14.09,4.24,76,19.5,4.24,71,0.0,1015.8,978.6,,19.2,0.206,28.2,10906X0039/C2-1
528,2018-06-13,2.685378283,42.685696389,3,30.9,22.0,29.8,23.2,2018-06-13T03:00,2018-06-13T15:17,44193.65,37122.99,,,0.0,0.0,0.0,0.0,0.0,,18.39,5.32,51,17.7,5.32,64,0.0,1015.5,978.3,,19.6,0.205,28.3,10906X0039/C2-1
529,2018-06-14,2.685378283,42.685696389,51,30.5,20.8,29.9,22.2,2018-06-14T03:01,2018-06-14T15:17,44195.15,42128.66,,,0.9,0.0,0.0,0.9,7.0,,17.32,4.87,50,18.6,4.87,69,0.0,1015.3,978.1,,20.5,0.206,28.2,10906X0039/C2-1
530,2018-06-15,2.685378283,42.685696389,3,31.7,20.8,30.8,21.8,2018-06-15T03:01,2018-06-15T15:17,44196.44,34537.04,,,0.0,0.0,0.0,0.0,0.0,,21.2,5.96,54,17.4,5.96,62,0.0,1014.6,977.6,,19.3,0.205,28.3,10906X0039/C2-1
531,2018-06-16,2.685378283,42.685696389,3,30.7,21.0,29.5,22.6,2018-06-16T03:01,2018-06-16T15:18,44197.53,28914.72,,,0.0,0.0,0.0,0.0,0.0,,16.27,5.18,92,18.0,5.18,64,0.0,1014.8,977.8,,19.7,0.205,28.3,10906X0039/C2-1
532,2018-06-17,2.685378283,42.685696389,3,32.3,22.7,31.9,23.8,2018-06-17T03:01,2018-06-17T15:18,44198.42,31608.23,,,0.0,0.0,0.0,0.0,0.0,,19.52,5.79,75,17.9,5.79,61,0.0,1014.6,977.6,,19.2,0.204,28.6,10906X0039/C2-1
533,2018-06-18,2.685378283,42.685696389,3,31.4,21.7,30.9,23.0,2018-06-18T03:01,2018-06-18T15:18,44199.1,39231.99,,,0.0,0.0,0.0,0.0,0.0,,19.06,5.45,40,18.5,5.45,66,0.0,1013.8,976.8,,20.0,0.203,28.6,10906X0039/C2-1
534,2018-06-19,2.685378283,42.685696389,51,31.1,21.8,30.8,22.6,2018-06-19T03:02,2018-06-19T15:18,44199.58,41485.04,,,0.2,0.0,0.0,0.2,2.0,,20.16,5.52,46,18.5,5.52,65,0.0,1014.3,977.3,,19.0,0.203,28.7,10906X0039/C2-1
535,2018-06-20,2.685378283,42.685696389,3,32.2,20.5,32.0,22.5,2018-06-20T03:02,2018-06-20T15:19,44199.85,41491.9,,,0.0,0.0,0.0,0.0,0.0,,20.42,5.75,64,18.3,5.75,65,0.0,1015.3,978.2,,18.4,0.202,28.8,10906X0039/C2-1
536,2018-06-21,2.685378283,42.685696389,3,32.5,21.1,31.0,22.8,2018-06-21T03:02,2018-06-21T15:19,44199.92,39600.0,,,0.0,0.0,0.0,0.0,0.0,,20.05,6.33,72,17.1,6.33,59,0.0,1015.0,978.1,,20.6,0.202,28.9,10906X0039/C2-1
537,2018-06-22,2.685378283,42.685696389,51,31.3,21.9,30.3,23.7,2018-06-22T03:02,2018-06-22T15:19,44199.79,34615.67,,,0.8,0.0,0.0,0.8,7.0,,14.05,4.67,97,19.0,4.67,68,0.0,1014.1,977.1,,21.5,0.202,28.9,10906X0039/C2-1
538,2018-06-23,2.685378283,42.685696389,51,30.5,21.7,30.6,22.4,2018-06-23T03:03,2018-06-23T15:19,44199.45,41051.61,,,1.0,0.0,0.0,1.0,9.0,,18.73,5.26,75,18.9,5.26,68,0.0,1014.2,977.1,,22.2,0.202,28.8,10906X0039/C2-1
539,2018-06-24,2.685378283,42.685696389,3,31.4,21.0,29.9,21.8,2018-06-24T03:03,2018-06-24T15:19,44198.92,33333.62,,,0.0,0.0,0.0,0.0,0.0,,18.06,5.82,93,17.0,5.82,61,0.0,1013.6,976.5,,22.1,0.202,28.8,10906X0039/C2-1
540,2018-06-25,2.685378283,42.685696389,3,31.4,21.2,29.7,22.3,2018-06-25T03:03,2018-06-25T15:20,44198.18,36885.77,,,0.0,0.0,0.0,0.0,0.0,,17.4,5.48,91,17.8,5.48,63,0.0,1013.6,976.6,,21.0,0.201,28.8,10906X0039/C2-1
541,2018-06-26,2.685378283,42.685696389,51,31.0,21.7,30.1,22.5,2018-06-26T03:03,2018-06-26T15:20,44197.24,40527.78,,,0.4,0.0,0.0,0.4,3.0,,19.99,5.8,68,18.0,5.8,64,0.0,1014.0,976.9,,20.7,0.201,28.9,10906X0039/C2-1
542,2018-06-27,2.685378283,42.685696389,51,30.1,21.1,28.9,22.1,2018-06-27T03:04,2018-06-27T15:20,44196.11,36531.97,,,0.5,0.0,0.0,0.5,5.0,,15.7,5.06,44,17.3,5.06,62,0.0,1013.4,976.4,,20.1,0.2,28.8,10906X0039/C2-1
543,2018-06-28,2.685378283,42.685696389,3,31.5,20.2,29.6,22.3,2018-06-28T03:04,2018-06-28T15:20,44194.78,39751.93,,,0.0,0.0,0.0,0.0,0.0,,18.18,5.92,71,17.3,5.92,60,0.0,1012.1,975.2,,20.7,0.199,28.8,10906X0039/C2-1
544,2018-06-29,2.685378283,42.685696389,51,31.6,22.3,31.9,23.3,2018-06-29T03:04,2018-06-29T15:21,44193.25,41045.82,,,0.3,0.0,0.0,0.3,2.0,,20.6,5.85,40,18.9,5.85,66,0.0,1012.0,975.1,,22.1,0.199,29.0,10906X0039/C2-1
545,2018-06-30,2.685378283,42.685696389,51,31.2,22.1,31.4,23.6,2018-06-30T03:04,2018-06-30T15:21,44191.53,39600.0,,,0.5,0.0,0.0,0.5,5.0,,18.32,5.32,69,18.7,5.32,66,0.0,1012.4,975.5,,19.8,0.198,29.1,10906X0039/C2-1
546,2018-07-01,2.685378283,42.685696389,51,30.6,21.5,30.1,22.2,2018-07-01T03:04,2018-07-01T15:21,44189.61,39600.0,,,1.3,0.0,0.0,1.3,8.0,,17.41,5.23,83,18.0,5.23,65,0.0,1012.8,975.8,,20.4,0.198,29.0,10906X0039/C2-1
547,2018-07-02,2.685378283,42.685696389,51,31.1,21.2,31.6,22.5,2018-07-02T03:05,2018-07-02T15:21,44187.5,36000.0,,,1.0,0.0,0.0,1.0,6.0,,18.77,5.24,92,18.5,5.24,67,0.0,1013.3,976.2,,19.5,0.198,28.9,10906X0039/C2-1
548,2018-07-03,2.685378283,42.685696389,51,29.6,21.2,29.6,22.1,2018-07-03T03:05,2018-07-03T15:21,44185.19,39058.61,,,1.4,0.0,0.0,1.4,8.0,,18.27,4.85,78,18.6,4.85,70,0.0,1014.6,977.3,,20.8,0.198,28.7,10906X0039/C2-1
549,2018-07-04,2.685378283,42.685696389,51,29.0,20.9,28.1,22.0,2018-07-04T03:05,2018-07-04T15:21,44182.67,37530.51,,,1.8,0.0,0.0,1.8,11.0,,17.01,4.6,70,18.2,4.6,70,0.0,1015.5,978.2,,19.8,0.199,28.5,10906X0039/C2-1
550,2018-07-05,2.685378283,42.685696389,51,29.3,20.4,27.6,21.6,2018-07-05T03:05,2018-07-05T15:21,44179.92,40462.2,,,0.6,0.0,0.0,0.6,6.0,,16.49,4.91,58,17.8,4.91,68,0.0,1015.7,978.4,,22.4,0.199,28.4,10906X0039/C2-1
551,2018-07-06,2.685378283,42.685696389,51,29.7,20.6,28.9,21.2,2018-07-06T03:05,2018-07-06T15:22,44176.97,41073.75,,,0.5,0.0,0.0,0.5,4.0,,19.03,5.36,56,17.6,5.36,66,0.0,1016.3,979.0,,22.7,0.198,28.3,10906X0039/C2-1
552,2018-07-07,2.685378283,42.685696389,51,30.0,21.1,27.6,22.0,2018-07-07T03:05,2018-07-07T15:22,44173.81,37542.89,,,0.4,0.0,0.0,0.4,4.0,,16.44,5.26,50,17.7,5.26,65,0.0,1015.6,978.4,,24.1,0.196,28.3,10906X0039/C2-1
553,2018-07-08,2.685378283,42.685696389,51,29.7,21.1,28.7,21.8,2018-07-08T03:06,2018-07-08T15:22,44170.45,30680.15,,,0.9,0.0,0.0,0.9,7.0,,14.6,4.42,81,18.7,4.42,71,0.0,1015.6,978.3,,22.7,0.196,28.3,10906X0039/C2-1
554,2018-07-09,2.685378283,42.685696389,51,30.1,21.5,29.3,22.0,2018-07-09T03:06,2018-07-09T15:22,44166.9,39571.83,,,0.6,0.0,0.0,0.6,6.0,,18.73,5.13,55,18.6,5.13,70,0.0,1015.8,978.6,,23.5,0.196,28.4,10906X0039/C2-1
555,2018-07-10,2.685378283,42.685696389,51,29.8,21.2,29.4,21.9,2018-07-10T03:06,2018-07-10T15:22,44163.15,32529.32,,,0.9,0.0,0.0,0.9,7.0,,16.35,4.92,64,18.0,4.92,68,0.0,1016.2,978.9,,23.0,0.195,28.2,10906X0039/C2-1
556,2018-07-11,2.685378283,42.685696389,3,31.2,20.6,28.4,21.5,2018-07-11T03:06,2018-07-11T15:22,44159.24,31503.45,,,0.0,0.0,0.0,0.0,0.0,,17.37,5.76,51,16.5,5.76,61,0.0,1016.2,979.0,,22.8,0.194,28.2,10906X0039/C2-1
557,2018-07-12,2.685378283,42.685696389,51,31.3,20.4,28.9,21.3,2018-07-12T03:06,2018-07-12T15:22,44155.13,34592.5,,,0.1,0.0,0.0,0.1,1.0,,17.82,5.94,66,16.4,5.94,59,0.0,1016.2,979.1,,22.6,0.194,28.3,10906X0039/C2-1
558,2018-07-13,2.685378283,42.685696389,3,31.5,20.3,29.8,20.9,2018-07-13T03:07,2018-07-13T15:22,44150.87,31534.75,,,0.0,0.0,0.0,0.0,0.0,,20.59,6.69,70,15.3,6.69,55,0.0,1015.6,978.5,,22.7,0.193,28.4,10906X0039/C2-1
559,2018-07-14,2.685378283,42.685696389,51,31.5,19.9,29.5,20.1,2018-07-14T03:07,2018-07-14T15:22,44146.43,34140.65,,,0.2,0.0,0.0,0.2,2.0,,18.21,5.61,94,16.9,5.61,63,0.0,1015.4,978.2,,21.9,0.193,28.4,10906X0039/C2-1
560,2018-07-15,2.685378283,42.685696389,51,30.2,21.1,28.1,22.0,2018-07-15T03:07,2018-07-15T15:23,44141.84,26492.62,,,0.3,0.0,0.0,0.3,3.0,,14.43,5.02,83,17.4,5.02,64,0.0,1015.7,978.5,,22.2,0.193,28.3,10906X0039/C2-1
561,2018-07-16,2.685378283,42.685696389,51,30.4,20.6,27.5,20.4,2018-07-16T03:07,2018-07-16T15:23,44137.1,34969.43,,,0.3,0.0,0.0,0.3,3.0,,18.82,6.0,56,16.1,6.0,60,0.0,1016.4,979.1,,23.6,0.193,28.3,10906X0039/C2-1
562,2018-07-17,2.685378283,42.685696389,3,31.1,20.1,28.1,20.4,2018-07-17T03:07,2018-07-17T15:23,44132.21,34646.93,,,0.0,0.0,0.0,0.0,0.0,,17.6,6.15,49,15.5,6.15,57,0.0,1015.7,978.6,,23.7,0.192,28.3,10906X0039/C2-1
563,2018-07-18,2.685378283,42.685696389,3,31.1,20.5,27.6,20.4,2018-07-18T03:07,2018-07-18T15:23,44127.18,28459.96,,,0.0,0.0,0.0,0.0,0.0,,16.41,6.31,69,15.4,6.31,57,0.0,1015.4,978.2,,26.6,0.192,28.3,10906X0039/C2-1
564,2018-07-19,2.685378283,42.685696389,3,29.7,21.4,26.8,20.9,2018-07-19T03:07,2018-07-19T15:23,44122.01,26532.43,,,0.0,0.0,0.0,0.0,0.0,,13.35,5.26,69,16.4,5.26,60,0.0,1015.9,978.6,,24.9,0.192,28.2,10906X0039/C2-1
565,2018-07-20,2.685378283,42.685696389,51,30.6,20.8,28.6,21.4,2018-07-20T03:07,2018-07-20T15:23,44116.72,35774.77,,,0.2,0.0,0.0,0.2,1.0,,17.32,5.72,65,16.8,5.72,61,0.0,1016.2,978.9,,23.5,0.191,28.2,10906X0039/C2-1
566,2018-07-21,2.685378283,42.685696389,51,29.3,20.8,28.3,21.3,2018-07-21T03:08,2018-07-21T15:23,44111.3,38585.02,,,1.0,0.0,0.0,1.0,6.0,,16.16,5.1,54,17.2,5.1,64,0.0,1017.2,979.9,,22.4,0.191,28.2,10906X0039/C2-1
567,2018-07-22,2.685378283,42.685696389,51,31.2,20.9,29.1,21.5,2018-07-22T03:08,2018-07-22T15:23,44105.77,31436.66,,,0.1,0.0,0.0,0.1,1.0,,18.3,5.96,64,16.1,5.96,59,0.0,1017.0,979.8,,22.1,0.191,28.3,10906X0039/C2-1
568,2018-07-23,2.685378283,42.685696389,53,29.1,20.1,27.6,20.6,2018-07-23T03:08,2018-07-23T15:23,44100.11,40847.57,,,2.0,0.0,0.0,2.0,8.0,,18.54,5.44,58,17.0,5.44,65,0.0,1016.5,979.2,,23.0,0.191,28.2,10906X0039/C2-1
569,2018-07-24,2.685378283,42.685696389,51,30.3,20.4,28.9,20.9,2018-07-24T03:08,2018-07-24T15:23,44094.29,40647.37,,,1.2,0.0,0.0,1.2,5.0,,20.0,5.76,45,16.6,5.76,62,0.0,1016.3,979.0,,21.1,0.191,28.2,10906X0039/C2-1
570,2018-07-25,2.685378283,42.685696389,3,30.2,20.1,28.2,21.1,2018-07-25T03:08,2018-07-25T15:23,44088.29,33644.04,,,0.0,0.0,0.0,0.0,0.0,,18.18,5.92,59,16.1,5.92,60,0.0,1016.0,978.8,,22.4,0.191,28.2,10906X0039/C2-1
571,2018-07-26,2.685378283,42.685696389,3,29.8,21.0,27.6,21.2,2018-07-26T03:08,2018-07-26T15:23,44082.13,35527.24,,,0.0,0.0,0.0,0.0,0.0,,13.56,4.88,79,16.1,4.88,59,0.0,1016.2,979.0,,20.0,0.19,28.2,10906X0039/C2-1
572,2018-07-27,2.685378283,42.685696389,3,31.9,20.3,32.1,21.5,2018-07-27T03:08,2018-07-27T15:23,44075.81,41570.22,,,0.0,0.0,0.0,0.0,0.0,,21.94,6.15,89,17.5,6.15,61,0.0,1015.8,978.7,,18.3,0.189,28.4,10906X0039/C2-1
573,2018-07-28,2.685378283,42.685696389,51,31.0,20.7,30.7,22.2,2018-07-28T03:08,2018-07-28T15:22,44069.36,39519.83,,,0.4,0.0,0.0,0.4,3.0,,17.28,5.1,42,18.6,5.1,66,0.0,1014.7,977.6,,20.0,0.189,28.4,10906X0039/C2-1
574,2018-07-29,2.685378283,42.685696389,51,30.4,20.9,29.1,22.7,2018-07-29T03:08,2018-07-29T15:22,44062.76,33552.91,,,0.1,0.0,0.0,0.1,1.0,,15.48,5.12,64,17.7,5.12,63,0.0,1014.5,977.5,,19.2,0.188,28.5,10906X0039/C2-1
575,2018-07-30,2.685378283,42.685696389,3,30.7,20.9,29.9,22.3,2018-07-30T03:08,2018-07-30T15:22,44056.04,35464.45,,,0.0,0.0,0.0,0.0,0.0,,15.34,5.06,49,17.7,5.06,63,0.0,1014.2,977.2,,19.9,0.188,28.5,10906X0039/C2-1
576,2018-07-31,2.685378283,42.685696389,3,32.6,20.9,31.3,22.7,2018-07-31T03:08,2018-07-31T15:22,44049.19,39079.73,,,0.0,0.0,0.0,0.0,0.0,,20.0,5.86,45,17.3,5.86,62,0.0,1013.9,976.9,,18.5,0.188,28.6,10906X0039/C2-1
577,2018-08-01,2.685378283,42.685696389,51,33.2,21.2,32.4,22.5,2018-08-01T03:08,2018-08-01T15:22,44042.24,39301.13,,,0.4,0.0,0.0,0.4,3.0,,20.77,6.23,73,16.8,6.23,59,0.0,1013.7,976.7,,19.2,0.187,28.8,10906X0039/C2-1
578,2018-08-02,2.685378283,42.685696389,3,33.0,20.7,31.4,22.0,2018-08-02T03:08,2018-08-02T15:22,44035.17,39610.26,,,0.0,0.0,0.0,0.0,0.0,,24.35,7.13,35,16.6,7.13,59,0.0,1013.8,976.9,,22.4,0.187,28.9,10906X0039/C2-1
579,2018-08-03,2.685378283,42.685696389,3,32.4,20.4,31.3,21.6,2018-08-03T03:08,2018-08-03T15:22,44028.01,41778.86,,,0.0,0.0,0.0,0.0,0.0,,22.34,6.58,50,16.3,6.58,58,0.0,1014.6,977.6,,19.5,0.187,28.9,10906X0039/C2-1
580,2018-08-04,2.685378283,42.685696389,51,30.8,20.4,31.3,22.1,2018-08-04T03:08,2018-08-04T15:22,44020.75,33031.49,,,0.9,0.0,0.0,0.9,5.0,,16.56,4.63,60,18.9,4.63,70,0.0,1016.0,978.8,,19.2,0.186,28.9,10906X0039/C2-1
581,2018-08-05,2.685378283,42.685696389,51,31.1,21.3,31.4,23.1,2018-08-05T03:08,2018-08-05T15:22,44013.42,39601.45,,,0.3,0.0,0.0,0.3,3.0,,20.73,5.74,43,17.9,5.74,65,0.0,1016.6,979.4,,19.4,0.187,28.9,10906X0039/C2-1
582,2018-08-06,2.685378283,42.685696389,3,31.0,20.6,31.4,21.8,2018-08-06T03:08,2018-08-06T15:21,44006.01,40881.87,,,0.0,0.0,0.0,0.0,0.0,,18.71,5.5,31,17.4,5.5,63,0.0,1016.2,979.0,,19.3,0.187,28.9,10906X0039/C2-1
583,2018-08-07,2.685378283,42.685696389,3,31.1,19.3,29.2,20.9,2018-08-07T03:08,2018-08-07T15:21,43998.53,37500.68,,,0.0,0.0,0.0,0.0,0.0,,18.11,5.47,68,16.5,5.47,61,0.0,1015.2,978.0,,18.7,0.187,28.8,10906X0039/C2-1
584,2018-08-08,2.685378283,42.685696389,51,31.1,21.3,31.4,22.6,2018-08-08T03:08,2018-08-08T15:21,43990.99,32435.2,,,1.2,0.0,0.0,1.2,7.0,,16.96,4.81,45,19.3,4.81,70,0.0,1014.3,977.2,,20.7,0.187,28.8,10906X0039/C2-1
585,2018-08-09,2.685378283,42.685696389,51,30.0,20.4,29.0,20.2,2018-08-09T03:08,2018-08-09T15:21,43983.39,32691.77,,,0.6,0.0,0.0,0.6,6.0,,15.39,5.14,54,17.4,5.14,64,0.0,1015.6,978.4,,22.8,0.187,28.7,10906X0039/C2-1
586,2018-08-10,2.685378283,42.685696389,3,31.0,19.8,28.0,20.1,2018-08-10T03:08,2018-08-10T15:21,43975.74,22311.51,,,0.0,0.0,0.0,0.0,0.0,,12.16,4.87,51,15.3,4.87,58,0.0,1016.6,979.3,,19.9,0.187,28.6,10906X0039/C2-1
587,2018-08-11,2.685378283,42.685696389,51,29.6,19.9,28.4,20.8,2018-08-11T03:08,2018-08-11T15:20,43968.06,38878.71,,,1.0,0.0,0.0,1.0,5.0,,15.56,5.01,54,16.6,5.01,62,0.0,1017.1,979.8,,19.3,0.187,28.5,10906X0039/C2-1
588,2018-08-12,2.685378283,42.685696389,53,29.1,20.9,28.9,21.5,2018-08-12T03:07,2018-08-12T15:20,43960.33,32400.0,,,3.0,0.0,0.0,3.0,13.0,,15.98,4.26,62,18.5,4.26,73,0.0,1017.4,980.0,,19.5,0.188,28.3,10906X0039/C2-1
589,2018-08-13,2.685378283,42.685696389,51,28.7,20.2,27.1,21.3,2018-08-13T03:07,2018-08-13T15:20,43952.5,34394.7,,,0.4,0.0,0.0,0.4,4.0,,17.01,4.92,92,17.2,4.92,66,0.0,1017.2,979.8,,20.6,0.187,28.2,10906X0039/C2-1
590,2018-08-14,2.685378283,42.685696389,51,29.6,19.4,28.0,20.3,2018-08-14T03:07,2018-08-14T15:20,43944.56,37768.51,,,0.6,0.0,0.0,0.6,5.0,,15.7,4.92,61,17.0,4.92,65,0.0,1016.5,979.2,,21.1,0.187,28.0,10906X0039/C2-1
591,2018-08-15,2.685378283,42.685696389,53,29.8,21.1,29.1,21.3,2018-08-15T03:07,2018-08-15T15:19,43936.51,32127.59,,,2.9,0.0,0.0,2.9,9.0,,17.04,4.9,66,18.0,4.9,69,0.0,1016.5,979.2,,22.1,0.186,28.0,10906X0039/C2-1
592,2018-08-16,2.685378283,42.685696389,51,30.2,20.2,28.7,21.4,2018-08-16T03:07,2018-08-16T15:19,43928.39,38717.55,,,1.3,0.0,0.0,1.3,10.0,,17.7,5.27,57,17.4,5.27,65,0.0,1016.3,979.1,,21.3,0.185,28.0,10906X0039/C2-1
593,2018-08-17,2.685378283,42.685696389,3,30.4,20.8,27.6,21.4,2018-08-17T03:07,2018-08-17T15:19,43920.18,34778.69,,,0.0,0.0,0.0,0.0,0.0,,17.57,5.74,47,16.6,5.74,62,0.0,1015.1,977.9,,23.1,0.184,28.1,10906X0039/C2-1
594,2018-08-18,2.685378283,42.685696389,3,30.3,20.3,28.8,20.9,2018-08-18T03:07,2018-08-18T15:19,43911.89,25920.42,,,0.0,0.0,0.0,0.0,0.0,,17.19,5.68,59,16.0,5.68,59,0.0,1014.5,977.4,,21.1,0.184,28.1,10906X0039/C2-1
595,2018-08-19,2.685378283,42.685696389,51,32.5,20.2,30.8,20.6,2018-08-19T03:07,2018-08-19T15:18,43903.53,29006.58,,,0.2,0.0,0.0,0.2,1.0,,21.06,6.58,66,16.1,6.58,58,0.0,1014.4,977.4,,21.4,0.183,28.2,10906X0039/C2-1
596,2018-08-20,2.685378283,42.685696389,51,31.7,21.0,29.6,21.4,2018-08-20T03:06,2018-08-20T15:18,43895.12,30832.24,,,0.4,0.0,0.0,0.4,3.0,,17.82,5.92,89,17.1,5.92,62,0.0,1014.7,977.6,,24.4,0.182,28.3,10906X0039/C2-1
597,2018-08-21,2.685378283,42.685696389,3,30.8,20.4,28.7,21.8,2018-08-21T03:06,2018-08-21T15:18,43886.65,35265.13,,,0.0,0.0,0.0,0.0,0.0,,16.96,5.57,99,17.2,5.57,62,0.0,1014.9,977.8,,21.4,0.182,28.3,10906X0039/C2-1
598,2018-08-22,2.685378283,42.685696389,3,32.1,21.4,30.7,21.2,2018-08-22T03:06,2018-08-22T15:17,43878.14,31123.07,,,0.0,0.0,0.0,0.0,0.0,,18.63,6.52,57,15.9,6.52,56,0.0,1014.3,977.2,,23.8,0.181,28.4,10906X0039/C2-1
599,2018-08-23,2.685378283,42.685696389,3,33.1,20.6,31.7,20.2,2018-08-23T03:06,2018-08-23T15:17,43869.58,35120.01,,,0.0,0.0,0.0,0.0,0.0,,21.98,7.13,40,15.2,7.13,54,0.0,1013.7,976.7,,22.7,0.18,28.5,10906X0039/C2-1
600,2018-08-24,2.685378283,42.685696389,3,31.1,20.5,29.9,21.5,2018-08-24T03:06,2018-08-24T15:17,43860.99,25998.67,,,0.0,0.0,0.0,0.0,0.0,,17.31,5.83,63,16.5,5.83,59,0.0,1013.7,976.7,,20.8,0.181,28.5,10906X0039/C2-1
601,2018-08-25,2.685378283,42.685696389,51,32.7,20.5,31.8,21.9,2018-08-25T03:05,2018-08-25T15:16,43852.37,38533.79,,,0.4,0.0,0.0,0.4,3.0,,20.24,6.17,94,17.2,6.17,63,0.0,1014.9,977.8,,21.4,0.181,28.6,10906X0039/C2-1
602,2018-08-26,2.685378283,42.685696389,3,32.9,21.6,31.5,22.2,2018-08-26T03:05,2018-08-26T15:16,43843.74,31385.23,,,0.0,0.0,0.0,0.0,0.0,,19.78,6.52,86,16.6,6.52,58,0.0,1013.6,976.6,,22.1,0.181,28.7,10906X0039/C2-1
603,2018-08-27,2.685378283,42.685696389,3,33.6,21.0,32.3,21.6,2018-08-27T03:05,2018-08-27T15:16,43835.1,26451.55,,,0.0,0.0,0.0,0.0,0.0,,20.36,6.75,60,15.9,6.75,57,0.0,1012.9,975.9,,22.6,0.181,28.8,10906X0039/C2-1
604,2018-08-28,2.685378283,42.685696389,3,32.9,20.3,32.1,21.1,2018-08-28T03:05,2018-08-28T15:15,43826.44,39079.84,,,0.0,0.0,0.0,0.0,0.0,,23.44,7.45,88,16.0,7.45,55,0.0,1012.9,976.0,,23.8,0.181,28.9,10906X0039/C2-1
605,2018-08-29,2.685378283,42.685696389,51,30.5,21.3,28.1,21.3,2018-08-29T03:05,2018-08-29T15:15,43817.78,32694.35,,,0.1,0.0,0.0,0.1,1.0,,15.17,6.0,67,16.1,6.0,57,0.0,1014.0,977.0,,25.2,0.18,28.9,10906X0039/C2-1
606,2018-08-30,2.685378283,42.685696389,51,32.1,21.4,30.8,21.1,2018-08-30T03:04,2018-08-30T15:14,43809.13,32700.44,,,0.2,0.0,0.0,0.2,2.0,,17.27,6.17,56,16.1,6.17,58,0.0,1013.8,976.7,,24.4,0.18,28.8,10906X0039/C2-1
607,2018-08-31,2.685378283,42.685696389,3,32.7,20.6,31.4,21.2,2018-08-31T03:04,2018-08-31T15:14,43800.49,36239.76,,,0.0,0.0,0.0,0.0,0.0,,21.06,6.63,46,15.8,6.63,58,0.0,1013.4,976.4,,21.9,0.18,28.9,10906X0039/C2-1
608,2018-09-01,2.685378283,42.685696389,3,31.4,20.6,30.1,21.0,2018-09-01T03:04,2018-09-01T15:14,43791.86,32888.62,,,0.0,0.0,0.0,0.0,0.0,,17.97,6.16,66,16.0,6.16,58,0.0,1013.7,976.6,,22.7,0.18,28.9,10906X0039/C2-1
609,2018-09-02,2.685378283,42.685696389,3,32.8,20.5,31.4,20.5,2018-09-02T03:04,2018-09-02T15:13,43783.17,32359.68,,,0.0,0.0,0.0,0.0,0.0,,22.24,7.28,41,14.8,7.28,52,0.0,1012.9,975.9,,21.5,0.18,29.0,10906X0039/C2-1
610,2018-09-03,2.685378283,42.685696389,3,33.8,21.2,32.4,21.8,2018-09-03T03:03,2018-09-03T15:13,43774.43,42762.67,,,0.0,0.0,0.0,0.0,0.0,,25.12,7.49,26,15.8,7.49,54,0.0,1011.9,975.0,,21.0,0.179,29.2,10906X0039/C2-1
611,2018-09-04,2.685378283,42.685696389,53,29.4,22.1,30.0,23.5,2018-09-04T03:03,2018-09-04T15:13,43765.64,33971.3,,,2.3,0.0,0.0,2.3,10.0,,16.15,4.51,72,19.0,4.51,69,0.0,1014.2,977.1,,17.7,0.18,29.1,10906X0039/C2-1
612,2018-09-05,2.685378283,42.685696389,3,31.9,21.7,33.0,23.1,2018-09-05T03:03,2018-09-05T15:12,43756.8,41947.92,,,0.0,0.0,0.0,0.0,0.0,,19.56,5.36,46,18.5,5.36,65,0.0,1014.8,977.8,,16.7,0.18,29.1,10906X0039/C2-1
613,2018-09-06,2.685378283,42.685696389,51,31.0,21.3,31.7,21.9,2018-09-06T03:03,2018-09-06T15:12,43747.92,40777.8,,,1.5,0.0,0.0,1.5,10.0,,18.8,5.22,42,18.6,5.22,67,0.0,1014.4,977.3,,18.9,0.18,29.1,10906X0039/C2-1
614,2018-09-07,2.685378283,42.685696389,3,32.1,21.2,30.6,22.0,2018-09-07T03:02,2018-09-07T15:11,43739.02,42389.87,,,0.0,0.0,0.0,0.0,0.0,,20.85,6.24,41,16.4,6.24,58,0.0,1013.8,976.8,,18.7,0.18,29.2,10906X0039/C2-1
615,2018-09-08,2.685378283,42.685696389,3,32.7,19.9,32.9,21.8,2018-09-08T03:02,2018-09-08T15:11,43730.08,42842.39,,,0.0,0.0,0.0,0.0,0.0,,22.34,6.35,74,17.2,6.35,61,0.0,1013.4,976.4,,17.6,0.179,29.3,10906X0039/C2-1
616,2018-09-09,2.685378283,42.685696389,51,32.5,21.2,33.1,23.4,2018-09-09T03:02,2018-09-09T15:10,43721.14,28941.77,,,0.8,0.0,0.0,0.8,5.0,,17.74,5.15,56,19.2,5.15,68,0.0,1013.1,976.1,,18.2,0.179,29.4,10906X0039/C2-1
617,2018-09-10,2.685378283,42.685696389,3,34.7,22.1,34.8,23.1,2018-09-10T03:01,2018-09-10T15:10,43712.18,37347.15,,,0.0,0.0,0.0,0.0,0.0,,22.63,6.59,47,17.6,6.59,60,0.0,1012.9,976.0,,19.1,0.178,29.6,10906X0039/C2-1
618,2018-09-11,2.685378283,42.685696389,3,32.5,20.8,31.4,22.4,2018-09-11T03:01,2018-09-11T15:10,43703.22,42893.56,,,0.0,0.0,0.0,0.0,0.0,,21.84,6.63,39,16.4,6.63,58,0.0,1014.1,977.2,,19.8,0.178,29.7,10906X0039/C2-1
619,2018-09-12,2.685378283,42.685696389,3,31.4,21.4,30.7,22.7,2018-09-12T03:01,2018-09-12T15:09,43694.25,37331.42,,,0.0,0.0,0.0,0.0,0.0,,17.0,5.21,61,17.6,5.21,61,0.0,1013.8,976.8,,16.3,0.178,29.6,10906X0039/C2-1
620,2018-09-13,2.685378283,42.685696389,51,32.7,21.7,33.9,23.5,2018-09-13T03:01,2018-09-13T15:09,43685.29,38587.74,,,0.2,0.0,0.0,0.2,1.0,,19.72,6.02,45,18.7,6.02,62,0.0,1012.8,975.9,,19.0,0.178,29.7,10906X0039/C2-1
621,2018-09-14,2.685378283,42.685696389,51,33.3,22.8,34.8,24.0,2018-09-14T03:00,2018-09-14T15:08,43676.34,39600.0,,,0.5,0.0,0.0,0.5,3.0,,21.03,6.03,43,19.8,6.03,66,0.0,1013.0,976.1,,21.2,0.176,29.9,10906X0039/C2-1
622,2018-09-15,2.685378283,42.685696389,3,33.3,21.9,33.4,21.5,2018-09-15T03:00,2018-09-15T15:08,43667.41,42962.78,,,0.0,0.0,0.0,0.0,0.0,,22.37,6.7,30,16.8,6.7,57,0.0,1013.2,976.3,,19.2,0.175,30.0,10906X0039/C2-1
623,2018-09-16,2.685378283,42.685696389,2,33.3,19.9,32.2,21.2,2018-09-16T03:00,2018-09-16T15:07,43658.5,42979.91,,,0.0,0.0,0.0,0.0,0.0,,25.16,7.36,19,15.1,7.36,54,0.0,1012.5,975.5,,20.0,0.174,30.0,10906X0039/C2-1
624,2018-09-17,2.685378283,42.685696389,3,33.4,20.8,32.1,21.2,2018-09-17T02:59,2018-09-17T15:07,43649.62,38511.73,,,0.0,0.0,0.0,0.0,0.0,,24.68,7.22,28,15.4,7.22,56,0.0,1012.1,975.2,,20.5,0.174,30.1,10906X0039/C2-1
625,2018-09-18,2.685378283,42.685696389,3,33.0,20.4,32.6,20.9,2018-09-18T02:59,2018-09-18T15:07,43640.77,39600.0,,,0.0,0.0,0.0,0.0,0.0,,25.5,7.39,12,15.0,7.39,53,0.0,1012.8,975.8,,19.5,0.174,30.1,10906X0039/C2-1
626,2018-09-19,2.685378283,42.685696389,3,32.8,21.2,32.9,22.1,2018-09-19T02:59,2018-09-19T15:06,43631.96,41345.32,,,0.0,0.0,0.0,0.0,0.0,,20.96,6.22,42,16.2,6.22,56,0.0,1012.9,975.9,,17.6,0.175,30.2,10906X0039/C2-1
627,2018-09-20,2.685378283,42.685696389,1,33.7,20.1,32.4,21.9,2018-09-20T02:59,2018-09-20T15:06,43623.2,43046.15,,,0.0,0.0,0.0,0.0,0.0,,26.28,7.28,8,15.9,7.28,56,0.0,1012.3,975.5,,18.9,0.174,30.2,10906X0039/C2-1
628,2018-09-21,2.685378283,42.685696389,51,33.5,22.8,33.7,24.1,2018-09-21T02:58,2018-09-21T15:05,43614.48,43061.89,,,0.5,0.0,0.0,0.5,5.0,,21.95,6.5,35,18.5,6.5,62,0.0,1012.5,975.7,,21.0,0.175,30.3,10906X0039/C2-1
629,2018-09-22,2.685378283,42.685696389,3,34.1,22.1,34.2,23.2,2018-09-22T02:58,2018-09-22T15:05,43605.73,39706.49,,,0.0,0.0,0.0,0.0,0.0,,22.5,7.07,41,16.8,7.07,56,0.0,1012.7,975.9,,20.3,0.174,30.3,10906X0039/C2-1
630,2018-09-23,2.685378283,42.685696389,3,33.7,21.9,34.2,22.9,2018-09-23T02:58,2018-09-23T15:05,43596.96,43093.66,,,0.0,0.0,0.0,0.0,0.0,,20.75,6.43,52,18.1,6.43,60,0.0,1013.2,976.3,,20.9,0.173,30.3,10906X0039/C2-1
631,2018-09-24,2.685378283,42.685696389,51,32.5,22.6,34.3,23.7,2018-09-24T02:58,2018-09-24T15:04,43588.17,43109.83,,,1.2,0.0,0.0,1.2,7.0,,20.1,5.85,54,19.4,5.85,66,0.0,1013.2,976.3,,21.6,0.175,30.3,10906X0039/C2-1
632,2018-09-25,2.685378283,42.685696389,51,32.2,22.3,33.4,24.2,2018-09-25T02:57,2018-09-25T15:04,43579.37,41844.74,,,1.0,0.0,0.0,1.0,6.0,,19.16,5.43,50,19.2,5.43,65,0.0,1013.4,976.5,,17.4,0.175,30.2,10906X0039/C2-1
633,2018-09-26,2.685378283,42.685696389,3,33.2,21.6,33.6,23.8,2018-09-26T02:57,2018-09-26T15:03,43570.56,41521.29,,,0.0,0.0,0.0,0.0,0.0,,22.26,6.27,27,17.3,6.27,58,0.0,1012.6,975.8,,15.7,0.174,30.3,10906X0039/C2-1
634,2018-09-27,2.685378283,42.685696389,51,33.7,23.2,35.5,24.4,2018-09-27T02:57,2018-09-27T15:03,43561.75,43152.55,,,0.5,0.0,0.0,0.5,4.0,,21.44,6.09,61,20.1,6.09,66,0.0,1012.5,975.7,,20.6,0.174,30.4,10906X0039/C2-1
635,2018-09-28,2.685378283,42.685696389,51,33.6,23.3,35.4,25.0,2018-09-28T02:57,2018-09-28T15:02,43552.94,39859.27,,,0.5,0.0,0.0,0.5,4.0,,21.9,6.0,49,20.3,6.0,68,0.0,1012.0,975.2,,19.4,0.174,30.5,10906X0039/C2-1
636,2018-09-29,2.685378283,42.685696389,61,31.2,22.7,33.5,24.3,2018-09-29T02:56,2018-09-29T15:02,43544.15,36907.74,,,3.8,0.0,0.0,3.8,10.0,,17.35,4.5,85,20.4,4.5,74,0.0,1013.3,976.3,,18.4,0.178,30.3,10906X0039/C2-1
637,2018-09-30,2.685378283,42.685696389,51,31.9,22.2,33.5,22.9,2018-09-30T02:56,2018-09-30T15:02,43535.38,43118.84,,,0.5,0.0,0.0,0.5,5.0,,19.83,5.57,52,18.3,5.57,63,0.0,1014.1,977.1,,17.9,0.18,30.0,10906X0039/C2-1
638,2018-10-01,2.685378283,42.685696389,3,32.6,21.8,32.9,22.4,2018-10-01T02:56,2018-10-01T15:01,43526.62,43094.28,,,0.0,0.0,0.0,0.0,0.0,,23.02,6.54,36,17.1,6.54,59,0.0,1013.0,976.1,,19.0,0.178,30.0,10906X0039/C2-1
639,2018-10-02,2.685378283,42.685696389,51,32.7,21.7,32.9,22.8,2018-10-02T02:55,2018-10-02T15:01,43517.9,43070.05,,,0.1,0.0,0.0,0.1,1.0,,20.77,6.1,42,17.8,6.1,62,0.0,1013.7,976.7,,19.4,0.177,30.0,10906X0039/C2-1
640,2018-10-03,2.685378283,42.685696389,3,33.5,21.8,33.5,22.7,2018-10-03T02:55,2018-10-03T15:00,43509.21,34420.07,,,0.0,0.0,0.0,0.0,0.0,,23.06,6.74,43,16.2,6.74,55,0.0,1013.4,976.5,,17.3,0.176,30.1,10906X0039/C2-1
641,2018-10-04,2.685378283,42.685696389,3,34.3,22.3,35.4,23.2,2018-10-04T02:55,2018-10-04T15:00,43500.55,43022.77,,,0.0,0.0,0.0,0.0,0.0,,23.76,6.94,58,17.2,6.94,55,0.0,1013.3,976.5,,18.6,0.175,30.4,10906X0039/C2-1
642,2018-10-05,2.685378283,42.685696389,3,34.2,22.5,35.0,22.9,2018-10-05T02:55,2018-10-05T15:00,43491.94,42999.86,,,0.0,0.0,0.0,0.0,0.0,,23.09,6.98,32,17.6,6.98,57,0.0,1013.3,976.5,,20.6,0.175,30.6,10906X0039/C2-1
643,2018-10-06,2.685378283,42.685696389,3,34.2,22.3,34.7,23.6,2018-10-06T02:54,2018-10-06T14:59,43483.39,42977.51,,,0.0,0.0,0.0,0.0,0.0,,23.77,7.0,30,17.7,7.0,58,0.0,1012.9,976.1,,20.0,0.175,30.6,10906X0039/C2-1
644,2018-10-07,2.685378283,42.685696389,51,33.5,22.4,34.8,23.8,2018-10-07T02:54,2018-10-07T14:59,43474.89,42955.78,,,0.2,0.0,0.0,0.2,2.0,,22.2,6.49,30,18.3,6.49,59,0.0,1012.1,975.3,,18.5,0.175,30.7,10906X0039/C2-1
645,2018-10-08,2.685378283,42.685696389,3,34.2,21.8,34.3,22.9,2018-10-08T02:54,2018-10-08T14:59,43466.46,40755.17,,,0.0,0.0,0.0,0.0,0.0,,22.95,6.81,23,17.3,6.81,57,0.0,1011.5,974.8,,19.2,0.175,30.7,10906X0039/C2-1
646,2018-10-09,2.685378283,42.685696389,3,34.4,22.3,34.6,23.3,2018-10-09T02:54,2018-10-09T14:58,43458.08,42914.46,,,0.0,0.0,0.0,0.0,0.0,,22.99,6.93,69,17.9,6.93,58,0.0,1011.5,974.8,,20.8,0.175,30.6,10906X0039/C2-1
647,2018-10-10,2.685378283,42.685696389,3,34.0,22.7,33.9,24.0,2018-10-10T02:54,2018-10-10T14:58,43449.79,42894.99,,,0.0,0.0,0.0,0.0,0.0,,22.47,6.87,58,17.2,6.87,56,0.0,1012.2,975.4,,19.1,0.174,30.7,10906X0039/C2-1
648,2018-10-11,2.685378283,42.685696389,3,33.4,22.6,33.6,23.9,2018-10-11T02:54,2018-10-11T14:58,43441.56,42876.26,,,0.0,0.0,0.0,0.0,0.0,,23.79,6.88,34,17.0,6.88,55,0.0,1012.0,975.3,,17.8,0.174,30.7,10906X0039/C2-1
649,2018-10-12,2.685378283,42.685696389,3,34.1,22.7,34.0,23.8,2018-10-12T02:53,2018-10-12T14:57,43433.34,41925.9,,,0.0,0.0,0.0,0.0,0.0,,23.04,7.11,72,17.6,7.11,57,0.0,1011.4,974.7,,20.5,0.174,30.8,10906X0039/C2-1
650,2018-10-13,2.685378283,42.685696389,3,34.3,22.8,35.4,23.4,2018-10-13T02:53,2018-10-13T14:57,43425.12,39372.68,,,0.0,0.0,0.0,0.0,0.0,,20.85,6.43,82,18.6,6.43,60,0.0,1011.4,974.7,,20.0,0.174,30.8,10906X0039/C2-1
651,2018-10-14,2.685378283,42.685696389,3,33.6,22.0,34.5,23.4,2018-10-14T02:53,2018-10-14T14:57,43416.91,40066.6,,,0.0,0.0,0.0,0.0,0.0,,22.71,6.53,50,18.1,6.53,59,0.0,1012.0,975.2,,17.5,0.174,30.7,10906X0039/C2-1
652,2018-10-15,2.685378283,42.685696389,3,35.0,22.2,36.9,24.5,2018-10-15T02:53,2018-10-15T14:56,43408.71,39203.9,,,0.0,0.0,0.0,0.0,0.0,,23.39,6.6,56,18.4,6.6,58,0.0,1012.3,975.6,,15.9,0.174,30.9,10906X0039/C2-1
653,2018-10-16,2.685378283,42.685696389,51,34.0,22.9,37.4,25.0,2018-10-16T02:53,2018-10-16T14:56,43400.53,42786.65,,,0.1,0.0,0.0,0.1,1.0,,23.8,6.18,31,19.5,6.18,61,0.0,1012.6,975.9,,13.4,0.174,31.2,10906X0039/C2-1
654,2018-10-17,2.685378283,42.685696389,61,31.8,23.0,34.9,26.2,2018-10-17T02:53,2018-10-17T14:56,43392.38,42769.83,,,3.8,0.0,0.0,3.8,6.0,,18.72,4.58,39,20.1,4.58,65,0.0,1011.6,974.8,,9.6,0.174,31.1,10906X0039/C2-1
655,2018-10-18,2.685378283,42.685696389,51,35.2,22.9,37.0,24.7,2018-10-18T02:52,2018-10-18T14:56,43384.26,41532.76,,,0.5,0.0,0.0,0.5,3.0,,23.08,6.21,53,18.3,6.21,57,0.0,1010.8,974.1,,12.6,0.17,31.3,10906X0039/C2-1
656,2018-10-19,2.685378283,42.685696389,3,35.8,22.1,38.0,24.2,2018-10-19T02:52,2018-10-19T14:55,43376.18,42737.67,,,0.0,0.0,0.0,0.0,0.0,,25.1,6.97,53,16.6,6.97,52,0.0,1011.5,974.9,,12.7,0.171,31.4,10906X0039/C2-1
657,2018-10-20,2.685378283,42.685696389,1,36.2,21.7,38.2,24.0,2018-10-20T02:52,2018-10-20T14:55,43368.15,42722.44,,,0.0,0.0,0.0,0.0,0.0,,24.84,7.01,18,16.2,7.01,50,0.0,1012.0,975.4,,12.6,0.171,31.6,10906X0039/C2-1
658,2018-10-21,2.685378283,42.685696389,51,35.6,22.8,38.1,24.9,2018-10-21T02:52,2018-10-21T14:55,43360.17,42506.54,,,0.1,0.0,0.0,0.1,1.0,,23.8,6.63,28,18.0,6.63,56,0.0,1012.7,976.0,,14.1,0.17,31.8,10906X0039/C2-1
659,2018-10-22,2.685378283,42.685696389,3,33.6,23.4,34.9,24.9,2018-10-22T02:52,2018-10-22T14:55,43352.24,42693.87,,,0.0,0.0,0.0,0.0,0.0,,20.29,6.09,50,18.1,6.09,57,0.0,1013.8,977.0,,16.1,0.169,31.8,10906X0039/C2-1
660,2018-10-23,2.685378283,42.685696389,53,33.0,22.9,34.7,24.6,2018-10-23T02:52,2018-10-23T14:54,43344.39,41118.97,,,2.8,0.0,0.0,2.8,11.0,,19.31,5.38,60,19.4,5.38,64,0.0,1014.5,977.6,,15.1,0.169,31.7,10906X0039/C2-1
661,2018-10-24,2.685378283,42.685696389,61,31.9,22.7,34.0,24.3,2018-10-24T02:52,2018-10-24T14:54,43336.61,42668.17,,,2.8,0.0,0.0,2.8,6.0,,19.52,5.0,69,19.0,5.0,63,0.0,1013.7,976.9,,12.6,0.169,31.5,10906X0039/C2-1
662,2018-10-25,2.685378283,42.685696389,53,31.3,22.3,35.4,25.8,2018-10-25T02:52,2018-10-25T14:54,43328.9,41374.73,,,1.6,0.0,0.0,1.6,7.0,,21.12,5.0,63,20.1,5.0,67,0.0,1013.1,976.3,,8.8,0.17,31.4,10906X0039/C2-1
663,2018-10-26,2.685378283,42.685696389,63,31.3,22.4,34.5,25.4,2018-10-26T02:52,2018-10-26T14:54,43321.28,39600.0,,,23.3,0.0,0.0,23.3,21.0,,17.9,3.92,83,21.4,3.92,81,0.0,1014.2,977.1,,11.8,0.18,31.0,10906X0039/C2-1
664,2018-10-27,2.685378283,42.685696389,61,28.1,22.4,30.5,25.7,2018-10-27T02:52,2018-10-27T14:54,43313.76,17692.64,,,6.6,0.0,0.0,6.6,12.0,,11.66,2.62,71,20.7,2.62,79,0.0,1015.2,977.9,,7.3,0.212,30.3,10906X0039/C2-1
665,2018-10-28,2.685378283,42.685696389,55,28.6,21.9,31.7,25.3,2018-10-28T02:52,2018-10-28T14:53,43306.33,35161.85,,,3.2,0.0,0.0,3.2,11.0,,13.24,2.8,50,21.3,2.8,82,0.0,1014.5,977.3,,6.9,0.219,29.9,10906X0039/C2-1
666,2018-10-29,2.685378283,42.685696389,55,28.5,21.5,32.5,25.2,2018-10-29T02:52,2018-10-29T14:53,43299.01,41477.4,,,1.6,0.0,0.0,1.6,5.0,,16.76,3.51,40,21.0,3.51,80,0.0,1013.3,976.2,,8.0,0.218,29.6,10906X0039/C2-1
667,2018-10-30,2.685378283,42.685696389,51,29.7,21.8,34.6,25.3,2018-10-30T02:52,2018-10-30T14:53,43291.81,42612.14,,,0.8,0.0,0.0,0.8,7.0,,21.17,4.5,33,20.5,4.5,74,0.0,1012.1,975.1,,7.3,0.213,29.6,10906X0039/C2-1
668,2018-10-31,2.685378283,42.685696389,51,30.3,22.4,33.9,25.4,2018-10-31T02:52,2018-10-31T14:53,43284.71,42606.3,,,1.1,0.0,0.0,1.1,7.0,,20.4,4.5,27,21.1,4.5,76,0.0,1011.8,974.9,,10.9,0.21,29.5,10906X0039/C2-1
669,2018-11-01,2.685378283,42.685696389,53,32.1,22.3,36.2,26.1,2018-11-01T02:52,2018-11-01T14:53,43277.66,42601.26,,,0.6,0.0,0.0,0.6,2.0,,22.14,5.02,31,21.0,5.02,74,0.0,1011.9,975.0,,10.6,0.207,29.4,10906X0039/C2-1
670,2018-11-02,2.685378283,42.685696389,51,32.2,22.0,35.7,25.3,2018-11-02T02:52,2018-11-02T14:53,43270.64,42596.99,,,0.2,0.0,0.0,0.2,2.0,,23.61,5.57,45,19.6,5.57,67,0.0,1011.6,974.7,,11.6,0.202,29.4,10906X0039/C2-1
671,2018-11-03,2.685378283,42.685696389,51,31.9,22.0,36.9,25.1,2018-11-03T02:52,2018-11-03T14:53,43263.67,42593.5,,,0.1,0.0,0.0,0.1,1.0,,22.76,5.17,61,19.9,5.17,67,0.0,1011.5,974.6,,9.5,0.198,29.5,10906X0039/C2-1
672,2018-11-04,2.685378283,42.685696389,51,32.2,22.2,37.1,25.6,2018-11-04T02:52,2018-11-04T14:53,43256.75,42590.79,,,1.0,0.0,0.0,1.0,6.0,,21.38,4.99,72,20.7,4.99,71,0.0,1011.7,974.9,,11.5,0.194,29.5,10906X0039/C2-1
673,2018-11-05,2.685378283,42.685696389,51,31.2,23.0,34.0,25.6,2018-11-05T02:52,2018-11-05T14:53,43249.9,42588.87,,,0.9,0.0,0.0,0.9,6.0,,19.19,4.34,42,21.1,4.34,75,0.0,1011.6,974.6,,11.1,0.194,29.4,10906X0039/C2-1
674,2018-11-06,2.685378283,42.685696389,51,30.7,22.3,34.7,25.3,2018-11-06T02:52,2018-11-06T14:53,43243.1,42587.74,,,0.6,0.0,0.0,0.6,4.0,,19.95,4.45,29,20.6,4.45,72,0.0,1011.5,974.6,,9.6,0.191,29.3,10906X0039/C2-1
675,2018-11-07,2.685378283,42.685696389,51,31.7,22.7,35.9,25.3,2018-11-07T02:52,2018-11-07T14:53,43236.39,42587.42,,,0.4,0.0,0.0,0.4,3.0,,20.95,4.58,53,20.5,4.58,69,0.0,1012.1,975.3,,8.7,0.189,29.4,10906X0039/C2-1
676,2018-11-08,2.685378283,42.685696389,51,32.8,22.4,37.5,24.8,2018-11-08T02:52,2018-11-08T14:53,43229.75,42198.1,,,0.1,0.0,0.0,0.1,1.0,,21.63,5.09,50,20.6,5.09,68,0.0,1012.1,975.3,,11.0,0.187,29.5,10906X0039/C2-1
677,2018-11-09,2.685378283,42.685696389,53,32.1,22.8,36.4,25.4,2018-11-09T02:52,2018-11-09T14:53,43223.2,42589.19,,,1.3,0.0,0.0,1.3,6.0,,20.04,4.78,63,20.7,4.78,69,0.0,1011.7,974.9,,10.8,0.185,29.6,10906X0039/C2-1
678,2018-11-10,2.685378283,42.685696389,61,31.2,23.0,35.2,25.8,2018-11-10T02:53,2018-11-10T14:53,43216.74,41243.32,,,4.9,0.0,0.0,4.9,8.0,,17.95,4.09,67,21.1,4.09,76,0.0,1012.6,975.6,,10.3,0.183,29.6,10906X0039/C2-1
679,2018-11-11,2.685378283,42.685696389,63,30.0,22.4,36.3,26.6,2018-11-11T02:53,2018-11-11T14:53,43210.39,40763.08,,,7.3,0.0,0.0,7.3,7.0,,15.97,3.43,67,21.6,3.43,78,0.0,1013.5,976.5,,5.4,0.187,29.4,10906X0039/C2-1
680,2018-11-12,2.685378283,42.685696389,61,31.1,22.0,35.5,24.3,2018-11-12T02:53,2018-11-12T14:53,43204.15,36096.15,,,7.0,0.0,0.0,7.0,18.0,,17.0,3.67,72,21.8,3.67,82,0.0,1013.1,976.1,,8.8,0.188,29.3,10906X0039/C2-1
681,2018-11-13,2.685378283,42.685696389,61,30.6,22.1,34.6,25.3,2018-11-13T02:53,2018-11-13T14:53,43198.03,42602.61,,,8.9,0.0,0.0,8.9,16.0,,19.43,4.22,62,21.2,4.22,78,0.0,1011.8,974.8,,9.8,0.187,29.2,10906X0039/C2-1
682,2018-11-14,2.685378283,42.685696389,51,30.2,22.1,35.0,25.7,2018-11-14T02:53,2018-11-14T14:53,43192.03,41421.49,,,1.0,0.0,0.0,1.0,5.0,,17.47,3.81,51,21.2,3.81,77,0.0,1010.7,973.8,,8.2,0.187,29.1,10906X0039/C2-1
683,2018-11-15,2.685378283,42.685696389,53,30.7,22.7,35.1,26.2,2018-11-15T02:53,2018-11-15T14:53,43186.17,42614.35,,,1.7,0.0,0.0,1.7,8.0,,18.45,4.02,61,21.6,4.02,77,0.0,1011.4,974.5,,8.6,0.186,29.1,10906X0039/C2-1
684,2018-11-16,2.685378283,42.685696389,63,31.1,22.8,35.1,25.7,2018-11-16T02:54,2018-11-16T14:53,43180.44,35914.49,,,7.8,0.0,0.0,7.8,9.0,,16.03,3.57,66,21.7,3.57,79,0.0,1013.0,976.0,,10.2,0.185,29.0,10906X0039/C2-1
685,2018-11-17,2.685378283,42.685696389,53,29.3,22.2,31.9,25.4,2018-11-17T02:54,2018-11-17T14:53,43174.87,27422.0,,,2.2,0.0,0.0,2.2,11.0,,13.27,3.03,58,21.0,3.03,80,0.0,1013.6,976.4,,7.8,0.186,28.7,10906X0039/C2-1
686,2018-11-18,2.685378283,42.685696389,65,30.7,22.7,35.4,26.4,2018-11-18T02:54,2018-11-18T14:54,43169.45,34686.79,,,17.3,0.0,0.0,17.3,9.0,,15.83,3.38,64,22.1,3.38,81,0.0,1012.5,975.4,,7.9,0.19,28.8,10906X0039/C2-1
687,2018-11-19,2.685378283,42.685696389,51,31.3,22.0,34.4,25.5,2018-11-19T02:54,2018-11-19T14:54,43164.19,42648.16,,,0.5,0.0,0.0,0.5,3.0,,20.39,4.55,32,20.9,4.55,74,0.0,1012.6,975.7,,9.7,0.192,28.7,10906X0039/C2-1
688,2018-11-20,2.685378283,42.685696389,51,32.0,21.3,33.5,23.6,2018-11-20T02:55,2018-11-20T14:54,43159.1,42658.86,,,0.1,0.0,0.0,0.1,1.0,,22.53,5.22,26,18.8,5.22,67,0.0,1012.9,975.9,,10.5,0.188,28.6,10906X0039/C2-1
689,2018-11-21,2.685378283,42.685696389,2,31.8,20.8,34.3,22.5,2018-11-21T02:55,2018-11-21T14:54,43154.1,42670.71,,,0.0,0.0,0.0,0.0,0.0,,23.72,5.43,44,18.6,5.43,66,0.0,1012.4,975.4,,11.2,0.184,28.5,10906X0039/C2-1
690,2018-11-22,2.685378283,42.685696389,3,33.2,21.1,35.4,22.5,2018-11-22T02:55,2018-11-22T14:54,43149.22,42683.67,,,0.0,0.0,0.0,0.0,0.0,,23.56,5.82,49,18.5,5.82,64,0.0,1011.6,974.8,,13.1,0.18,28.6,10906X0039/C2-1
691,2018-11-23,2.685378283,42.685696389,2,32.4,21.5,33.9,23.7,2018-11-23T02:56,2018-11-23T14:55,43144.44,42697.7,,,0.0,0.0,0.0,0.0,0.0,,20.79,5.33,23,19.4,5.33,66,0.0,1012.2,975.3,,14.3,0.176,28.7,10906X0039/C2-1
692,2018-11-24,2.685378283,42.685696389,53,31.9,22.8,34.9,25.2,2018-11-24T02:56,2018-11-24T14:55,43139.77,31711.69,,,2.3,0.0,0.0,2.3,10.0,,13.83,3.66,61,21.4,3.66,76,0.0,1013.4,976.5,,15.4,0.174,28.7,10906X0039/C2-1
693,2018-11-25,2.685378283,42.685696389,3,33.0,22.3,34.6,25.4,2018-11-25T02:56,2018-11-25T14:55,43135.21,42716.06,,,0.0,0.0,0.0,0.0,0.0,,21.92,5.66,56,18.5,5.66,63,0.0,1013.3,976.4,,12.6,0.172,28.9,10906X0039/C2-1
694,2018-11-26,2.685378283,42.685696389,51,32.1,22.1,36.0,25.2,2018-11-26T02:57,2018-11-26T14:55,43130.78,39320.17,,,0.9,0.0,0.0,0.9,5.0,,20.24,4.73,73,20.3,4.73,69,0.0,1011.9,975.1,,9.3,0.171,29.1,10906X0039/C2-1
695,2018-11-27,2.685378283,42.685696389,51,32.4,22.5,35.4,25.4,2018-11-27T02:57,2018-11-27T14:56,43126.48,42706.94,,,0.7,0.0,0.0,0.7,6.0,,20.51,5.02,76,20.2,5.02,65,0.0,1011.4,974.6,,9.8,0.17,29.3,10906X0039/C2-1
696,2018-11-28,2.685378283,42.685696389,55,32.8,22.8,34.4,25.1,2018-11-28T02:57,2018-11-28T14:56,43122.31,41647.25,,,1.9,0.0,0.0,1.9,3.0,,19.85,5.0,84,20.6,5.0,71,0.0,1012.2,975.3,,15.7,0.169,29.4,10906X0039/C2-1
697,2018-11-29,2.685378283,42.685696389,3,33.5,22.0,33.9,24.2,2018-11-29T02:58,2018-11-29T14:56,43118.29,42698.31,,,0.0,0.0,0.0,0.0,0.0,,23.55,6.26,20,17.7,6.26,60,0.0,1012.2,975.3,,14.6,0.17,29.3,10906X0039/C2-1
698,2018-11-30,2.685378283,42.685696389,51,33.3,22.2,34.0,23.6,2018-11-30T02:58,2018-11-30T14:57,43114.4,42694.19,,,0.5,0.0,0.0,0.5,4.0,,21.65,6.09,28,18.7,6.09,60,0.0,1011.9,975.1,,16.3,0.168,29.4,10906X0039/C2-1
699,2018-12-01,2.685378283,42.685696389,61,32.7,23.4,34.1,25.5,2018-12-01T02:59,2018-12-01T14:57,43110.68,41310.0,,,5.2,0.0,0.0,5.2,7.0,,17.05,4.46,86,20.8,4.46,72,0.0,1010.7,973.9,,14.9,0.168,29.4,10906X0039/C2-1
700,2018-12-02,2.685378283,42.685696389,63,30.1,23.0,32.7,26.6,2018-12-02T02:59,2018-12-02T14:57,43107.11,36926.95,,,8.5,0.0,0.0,8.5,9.0,,15.22,3.48,89,21.6,3.48,80,0.0,1010.7,973.7,,10.6,0.173,29.1,10906X0039/C2-1
701,2018-12-03,2.685378283,42.685696389,51,30.5,22.1,33.4,26.2,2018-12-03T02:59,2018-12-03T14:58,43103.7,41947.59,,,0.5,0.0,0.0,0.5,3.0,,16.35,3.86,71,21.3,3.86,75,0.0,1010.1,973.2,,9.7,0.172,29.0,10906X0039/C2-1
702,2018-12-04,2.685378283,42.685696389,51,32.0,21.6,34.0,24.6,2018-12-04T03:00,2018-12-04T14:58,43100.47,40323.58,,,0.7,0.0,0.0,0.7,6.0,,20.42,5.07,45,19.6,5.07,67,0.0,1010.8,974.0,,11.8,0.17,29.0,10906X0039/C2-1
703,2018-12-05,2.685378283,42.685696389,51,33.3,22.0,36.3,24.3,2018-12-05T03:00,2018-12-05T14:59,43097.4,42675.83,,,0.6,0.0,0.0,0.6,4.0,,19.63,4.94,62,20.4,4.94,68,0.0,1011.1,974.3,,12.2,0.168,29.1,10906X0039/C2-1
704,2018-12-06,2.685378283,42.685696389,63,33.4,23.4,35.8,26.3,2018-12-06T03:01,2018-12-06T14:59,43094.53,39644.4,,,3.9,0.0,0.0,3.9,3.0,,17.18,3.96,76,21.7,3.96,76,0.0,1011.2,974.3,,11.0,0.168,29.2,10906X0039/C2-1
705,2018-12-07,2.685378283,42.685696389,3,33.7,22.6,37.6,26.8,2018-12-07T03:01,2018-12-07T14:59,43091.83,42669.68,,,0.0,0.0,0.0,0.0,0.0,,21.03,5.14,24,21.1,5.14,70,0.0,1009.9,973.2,,11.0,0.168,29.2,10906X0039/C2-1
706,2018-12-08,2.685378283,42.685696389,3,32.8,22.9,34.7,26.1,2018-12-08T03:02,2018-12-08T15:00,43089.33,42666.88,,,0.0,0.0,0.0,0.0,0.0,,20.04,5.28,71,20.0,5.28,66,0.0,1010.8,974.1,,13.6,0.166,29.3,10906X0039/C2-1
707,2018-12-09,2.685378283,42.685696389,3,33.7,22.9,35.1,25.0,2018-12-09T03:02,2018-12-09T15:00,43087.03,42664.29,,,0.0,0.0,0.0,0.0,0.0,,20.63,5.6,76,19.2,5.6,61,0.0,1011.4,974.8,,14.2,0.163,29.5,10906X0039/C2-1
708,2018-12-10,2.685378283,42.685696389,3,34.0,23.4,35.2,26.2,2018-12-10T03:02,2018-12-10T15:00,43084.94,41599.76,,,0.0,0.0,0.0,0.0,0.0,,18.23,4.94,65,19.0,4.94,61,0.0,1012.4,975.7,,10.9,0.162,29.8,10906X0039/C2-1
709,2018-12-11,2.685378283,42.685696389,51,34.3,23.1,36.6,25.5,2018-12-11T03:03,2018-12-11T15:01,43083.01,42660.29,,,0.2,0.0,0.0,0.2,2.0,,20.6,5.58,48,18.3,5.58,56,0.0,1012.8,976.1,,11.2,0.158,30.1,10906X0039/C2-1
710,2018-12-12,2.685378283,42.685696389,53,35.1,23.3,36.5,25.8,2018-12-12T03:03,2018-12-12T15:01,43081.26,39169.42,,,0.8,0.0,0.0,0.8,3.0,,19.82,5.58,64,20.0,5.58,63,0.0,1013.5,976.8,,14.7,0.158,30.4,10906X0039/C2-1
711,2018-12-13,2.685378283,42.685696389,51,34.7,23.7,36.4,26.4,2018-12-13T03:04,2018-12-13T15:02,43079.67,42657.17,,,0.2,0.0,0.0,0.2,2.0,,21.35,6.15,33,19.1,6.15,57,0.0,1013.5,976.9,,14.1,0.156,30.7,10906X0039/C2-1
712,2018-12-14,2.685378283,42.685696389,51,34.4,23.1,35.2,26.0,2018-12-14T03:04,2018-12-14T15:02,43078.26,39102.5,,,0.2,0.0,0.0,0.2,2.0,,21.12,6.32,46,16.4,6.32,50,0.0,1014.1,977.4,,12.5,0.154,30.9,10906X0039/C2-1
713,2018-12-15,2.685378283,42.685696389,3,35.9,22.3,35.5,25.1,2018-12-15T03:05,2018-12-15T15:03,43077.01,42654.67,,,0.0,0.0,0.0,0.0,0.0,,24.41,7.07,42,14.4,7.07,46,0.0,1013.0,976.4,,12.4,0.154,31.1,10906X0039/C2-1
714,2018-12-16,2.685378283,42.685696389,3,36.1,21.6,35.2,23.6,2018-12-16T03:05,2018-12-16T15:03,43075.95,42642.87,,,0.0,0.0,0.0,0.0,0.0,,24.42,7.25,46,13.4,7.25,43,0.0,1012.8,976.1,,12.4,0.153,31.2,10906X0039/C2-1
715,2018-12-17,2.685378283,42.685696389,0,35.6,22.6,34.8,21.6,2018-12-17T03:06,2018-12-17T15:04,43075.05,42612.49,,,0.0,0.0,0.0,0.0,0.0,,24.67,7.67,1,11.8,7.67,38,0.0,1012.3,975.7,,15.9,0.153,31.4,10906X0039/C2-1
716,2018-12-18,2.685378283,42.685696389,0,36.0,22.1,34.7,22.3,2018-12-18T03:06,2018-12-18T15:04,43074.33,42581.86,,,0.0,0.0,0.0,0.0,0.0,,24.84,7.76,0,11.2,7.76,38,0.0,1011.7,975.1,,15.4,0.153,31.4,10906X0039/C2-1
717,2018-12-19,2.685378283,42.685696389,0,34.9,21.8,34.7,22.6,2018-12-19T03:07,2018-12-19T15:05,43073.79,42551.07,,,0.0,0.0,0.0,0.0,0.0,,24.14,6.84,2,14.0,6.84,47,0.0,1011.7,975.0,,14.6,0.153,31.4,10906X0039/C2-1
718,2018-12-20,2.685378283,42.685696389,1,35.0,22.6,34.0,23.1,2018-12-20T03:07,2018-12-20T15:05,43073.42,42520.21,,,0.0,0.0,0.0,0.0,0.0,,21.5,6.84,9,15.0,6.84,47,0.0,1011.5,974.9,,17.3,0.154,31.4,10906X0039/C2-1
719,2018-12-21,2.685378283,42.685696389,3,35.8,23.5,35.1,24.0,2018-12-21T03:08,2018-12-21T15:06,43073.23,42489.38,,,0.0,0.0,0.0,0.0,0.0,,20.71,6.99,31,15.4,6.99,46,0.0,1010.4,973.9,,16.6,0.154,31.5,10906X0039/C2-1
720,2018-12-22,2.685378283,42.685696389,3,35.6,22.6,35.1,22.8,2018-12-22T03:08,2018-12-22T15:06,43073.23,42458.67,,,0.0,0.0,0.0,0.0,0.0,,24.16,7.77,39,12.6,7.77,40,0.0,1009.7,973.1,,15.7,0.153,31.6,10906X0039/C2-1
721,2018-12-23,2.685378283,42.685696389,3,35.2,22.0,34.4,21.8,2018-12-23T03:09,2018-12-23T15:07,43073.39,42428.17,,,0.0,0.0,0.0,0.0,0.0,,24.22,7.68,28,13.5,7.68,42,0.0,1010.3,973.7,,16.9,0.154,31.6,10906X0039/C2-1
722,2018-12-24,2.685378283,42.685696389,3,34.9,23.4,33.8,23.5,2018-12-24T03:09,2018-12-24T15:07,43073.74,42397.98,,,0.0,0.0,0.0,0.0,0.0,,21.54,7.83,29,14.1,7.83,42,0.0,1011.0,974.4,,19.6,0.154,31.6,10906X0039/C2-1
723,2018-12-25,2.685378283,42.685696389,3,33.7,23.4,32.8,23.2,2018-12-25T03:10,2018-12-25T15:08,43074.28,42235.36,,,0.0,0.0,0.0,0.0,0.0,,20.09,7.35,48,13.3,7.35,41,0.0,1011.9,975.2,,18.5,0.154,31.5,10906X0039/C2-1
724,2018-12-26,2.685378283,42.685696389,53,35.0,23.9,35.9,23.0,2018-12-26T03:10,2018-12-26T15:08,43074.99,41997.69,,,0.6,0.0,0.0,0.6,2.0,,20.27,7.16,27,15.8,7.16,47,0.0,1012.5,975.8,,18.6,0.154,31.5,10906X0039/C2-1
725,2018-12-27,2.685378283,42.685696389,51,34.2,22.9,35.2,23.7,2018-12-27T03:11,2018-12-27T15:09,43075.88,42310.15,,,0.5,0.0,0.0,0.5,3.0,,20.79,6.35,20,16.4,6.35,50,0.0,1012.3,975.6,,13.7,0.155,31.5,10906X0039/C2-1
726,2018-12-28,2.685378283,42.685696389,51,35.1,23.1,36.6,24.6,2018-12-28T03:11,2018-12-28T15:09,43076.95,42282.1,,,0.1,0.0,0.0,0.1,1.0,,21.59,5.88,17,17.8,5.88,54,0.0,1011.0,974.4,,13.3,0.154,31.6,10906X0039/C2-1
727,2018-12-29,2.685378283,42.685696389,3,36.4,23.2,39.2,25.1,2018-12-29T03:12,2018-12-29T15:10,43078.21,42254.82,,,0.0,0.0,0.0,0.0,0.0,,21.46,6.11,25,18.9,6.11,58,0.0,1011.1,974.6,,13.6,0.154,31.8,10906X0039/C2-1
728,2018-12-30,2.685378283,42.685696389,1,35.9,23.5,36.7,24.2,2018-12-30T03:12,2018-12-30T15:10,43079.65,42228.39,,,0.0,0.0,0.0,0.0,0.0,,22.94,6.61,9,16.9,6.61,53,0.0,1012.0,975.5,,14.4,0.154,31.8,10906X0039/C2-1
729,2018-12-31,2.685378283,42.685696389,3,35.7,22.2,36.9,24.1,2018-12-31T03:13,2018-12-31T15:11,43081.3,42202.2,,,0.0,0.0,0.0,0.0,0.0,,22.99,6.62,19,16.0,6.62,50,0.0,1012.7,976.0,,13.5,0.154,31.9,10906X0039/C2-1
730,2019-01-01,2.685378283,42.685696389,3,35.7,22.2,34.7,24.2,2019-01-01T03:13,2019-01-01T15:11,43083.15,42175.95,,,0.0,0.0,0.0,0.0,0.0,,22.58,6.25,17,16.4,6.25,51,0.0,1013.2,976.5,,12.8,0.154,31.9,10906X0039/C2-1
731,2019-01-02,2.685378283,42.685696389,3,35.6,22.9,36.1,24.0,2019-01-02T03:13,2019-01-02T15:12,43085.19,42149.72,,,0.0,0.0,0.0,0.0,0.0,,22.14,7.08,24,16.9,7.08,50,0.0,1012.9,976.4,,16.8,0.154,31.9,10906X0039/C2-1
732,2019-01-03,2.685378283,42.685696389,3,36.2,25.0,36.7,25.0,2019-01-03T03:14,2019-01-03T15:12,43087.43,38571.98,,,0.0,0.0,0.0,0.0,0.0,,20.75,7.81,31,16.5,7.81,46,0.0,1012.5,976.0,,20.1,0.154,32.1,10906X0039/C2-1
733,2019-01-04,2.685378283,42.685696389,3,34.3,25.2,33.0,25.2,2019-01-04T03:14,2019-01-04T15:13,43089.85,23440.43,,,0.0,0.0,0.0,0.0,0.0,,11.22,5.41,92,17.0,5.41,51,0.0,1013.2,976.5,,18.9,0.154,31.8,10906X0039/C2-1
734,2019-01-05,2.685378283,42.685696389,3,35.5,24.0,33.4,22.6,2019-01-05T03:15,2019-01-05T15:13,43092.45,41858.72,,,0.0,0.0,0.0,0.0,0.0,,21.6,8.3,63,11.1,8.3,36,0.0,1012.2,975.6,,19.1,0.154,31.8,10906X0039/C2-1
735,2019-01-06,2.685378283,42.685696389,3,34.8,24.2,31.4,21.9,2019-01-06T03:15,2019-01-06T15:13,43095.23,39494.68,,,0.0,0.0,0.0,0.0,0.0,,22.67,8.6,28,8.5,8.6,30,0.0,1011.0,974.4,,18.9,0.154,31.8,10906X0039/C2-1
736,2019-01-07,2.685378283,42.685696389,51,35.3,24.6,34.4,24.3,2019-01-07T03:16,2019-01-07T15:14,43098.18,29441.58,,,0.1,0.0,0.0,0.1,1.0,,14.05,6.38,64,13.7,6.38,40,0.0,1010.2,973.8,,16.6,0.153,31.8,10906X0039/C2-1
737,2019-01-08,2.685378283,42.685696389,3,34.0,22.3,32.8,22.3,2019-01-08T03:16,2019-01-08T15:14,43101.3,28994.26,,,0.0,0.0,0.0,0.0,0.0,,18.09,6.62,62,14.2,6.62,46,0.0,1011.0,974.3,,17.2,0.153,31.6,10906X0039/C2-1
738,2019-01-09,2.685378283,42.685696389,3,35.1,23.3,34.5,22.7,2019-01-09T03:16,2019-01-09T15:15,43104.58,32864.65,,,0.0,0.0,0.0,0.0,0.0,,19.4,7.25,67,13.9,7.25,44,0.0,1011.2,974.6,,18.2,0.154,31.5,10906X0039/C2-1
739,2019-01-10,2.685378283,42.685696389,3,35.9,23.4,34.5,22.1,2019-01-10T03:17,2019-01-10T15:15,43108.01,21731.03,,,0.0,0.0,0.0,0.0,0.0,,11.73,5.21,65,14.1,5.21,45,0.0,1011.1,974.5,,15.1,0.153,31.5,10906X0039/C2-1
740,2019-01-11,2.685378283,42.685696389,3,35.8,21.9,33.9,21.1,2019-01-11T03:17,2019-01-11T15:16,43111.6,41925.27,,,0.0,0.0,0.0,0.0,0.0,,25.3,8.51,54,10.8,8.51,38,0.0,1011.1,974.5,,19.2,0.153,31.6,10906X0039/C2-1
741,2019-01-12,2.685378283,42.685696389,3,35.5,21.1,33.4,21.2,2019-01-12T03:18,2019-01-12T15:16,43115.34,41902.88,,,0.0,0.0,0.0,0.0,0.0,,24.35,8.17,75,12.5,8.17,42,0.0,1010.8,974.2,,18.4,0.153,31.6,10906X0039/C2-1
742,2019-01-13,2.685378283,42.685696389,3,36.4,22.1,34.7,22.0,2019-01-13T03:18,2019-01-13T15:17,43119.21,40561.27,,,0.0,0.0,0.0,0.0,0.0,,24.12,8.35,63,13.7,8.35,43,0.0,1011.2,974.6,,19.3,0.153,31.7,10906X0039/C2-1
743,2019-01-14,2.685378283,42.685696389,3,36.4,22.6,36.5,24.0,2019-01-14T03:18,2019-01-14T15:17,43123.23,41403.35,,,0.0,0.0,0.0,0.0,0.0,,20.97,6.81,50,13.5,6.81,43,0.0,1011.1,974.5,,14.0,0.153,31.9,10906X0039/C2-1
744,2019-01-15,2.685378283,42.685696389,3,35.6,23.0,33.2,23.9,2019-01-15T03:19,2019-01-15T15:17,43127.38,27306.07,,,0.0,0.0,0.0,0.0,0.0,,14.95,5.66,69,13.3,5.66,45,0.0,1011.6,975.0,,14.4,0.152,31.9,10906X0039/C2-1
745,2019-01-16,2.685378283,42.685696389,3,35.7,22.9,36.5,22.9,2019-01-16T03:19,2019-01-16T15:18,43131.65,40461.65,,,0.0,0.0,0.0,0.0,0.0,,23.26,6.6,45,15.0,6.6,47,0.0,1011.7,975.1,,13.2,0.152,32.2,10906X0039/C2-1
746,2019-01-17,2.685378283,42.685696389,0,37.0,21.1,36.6,22.4,2019-01-17T03:19,2019-01-17T15:18,43136.05,41452.95,,,0.0,0.0,0.0,0.0,0.0,,25.28,7.52,0,13.5,7.52,46,0.0,1010.6,974.0,,14.6,0.152,32.3,10906X0039/C2-1
747,2019-01-18,2.685378283,42.685696389,3,37.2,21.5,36.7,21.3,2019-01-18T03:20,2019-01-18T15:19,43140.57,41703.36,,,0.0,0.0,0.0,0.0,0.0,,24.83,7.77,55,14.0,7.77,46,0.0,1010.0,973.5,,16.9,0.152,32.3,10906X0039/C2-1
748,2019-01-19,2.685378283,42.685696389,3,36.4,21.3,35.7,21.5,2019-01-19T03:20,2019-01-19T15:19,43145.21,41461.28,,,0.0,0.0,0.0,0.0,0.0,,25.61,8.04,17,13.1,8.04,43,0.0,1010.8,974.3,,17.7,0.152,32.3,10906X0039/C2-1
749,2019-01-20,2.685378283,42.685696389,3,38.1,21.8,36.4,22.1,2019-01-20T03:20,2019-01-20T15:19,43150.02,41709.83,,,0.0,0.0,0.0,0.0,0.0,,26.02,8.22,39,12.5,8.22,43,0.0,1011.0,974.5,,18.4,0.152,32.4,10906X0039/C2-1
750,2019-01-21,2.685378283,42.685696389,3,37.9,21.8,37.1,21.4,2019-01-21T03:20,2019-01-21T15:20,43155.01,41467.47,,,0.0,0.0,0.0,0.0,0.0,,25.75,8.17,54,13.4,8.17,44,0.0,1011.3,974.8,,18.2,0.152,32.5,10906X0039/C2-1
751,2019-01-22,2.685378283,42.685696389,3,37.8,21.8,36.8,21.0,2019-01-22T03:21,2019-01-22T15:20,43160.17,41469.89,,,0.0,0.0,0.0,0.0,0.0,,25.92,8.54,43,13.3,8.54,44,0.0,1010.6,974.1,,20.6,0.153,32.5,10906X0039/C2-1
752,2019-01-23,2.685378283,42.685696389,3,36.5,21.7,36.6,21.2,2019-01-23T03:21,2019-01-23T15:20,43165.49,41227.67,,,0.0,0.0,0.0,0.0,0.0,,25.88,8.0,35,13.5,8.0,45,0.0,1011.3,974.8,,18.4,0.152,32.6,10906X0039/C2-1
753,2019-01-24,2.685378283,42.685696389,3,37.4,22.2,38.5,21.7,2019-01-24T03:21,2019-01-24T15:20,43170.96,41229.58,,,0.0,0.0,0.0,0.0,0.0,,25.44,7.31,10,13.8,7.31,43,0.0,1011.4,975.0,,13.6,0.152,32.8,10906X0039/C2-1
754,2019-01-25,2.685378283,42.685696389,3,38.7,22.8,37.6,22.8,2019-01-25T03:21,2019-01-25T15:21,43176.58,40987.58,,,0.0,0.0,0.0,0.0,0.0,,25.7,8.65,94,13.5,8.65,43,0.0,1011.1,974.7,,19.2,0.152,32.9,10906X0039/C2-1
755,2019-01-26,2.685378283,42.685696389,3,36.3,23.0,36.4,23.0,2019-01-26T03:21,2019-01-26T15:21,43182.33,39773.7,,,0.0,0.0,0.0,0.0,0.0,,23.98,8.06,61,14.5,8.06,43,0.0,1012.6,976.0,,17.4,0.152,32.9,10906X0039/C2-1
756,2019-01-27,2.685378283,42.685696389,3,35.5,22.7,35.5,21.8,2019-01-27T03:21,2019-01-27T15:21,43188.22,40990.05,,,0.0,0.0,0.0,0.0,0.0,,25.51,8.02,53,13.9,8.02,42,0.0,1012.0,975.4,,18.5,0.151,32.8,10906X0039/C2-1
757,2019-01-28,2.685378283,42.685696389,1,36.3,22.0,34.6,20.5,2019-01-28T03:22,2019-01-28T15:21,43194.22,41232.94,,,0.0,0.0,0.0,0.0,0.0,,26.27,8.64,2,12.2,8.64,41,0.0,1012.1,975.5,,21.1,0.151,32.7,10906X0039/C2-1
758,2019-01-29,2.685378283,42.685696389,0,35.9,22.2,35.9,21.7,2019-01-29T03:22,2019-01-29T15:22,43200.35,40990.86,,,0.0,0.0,0.0,0.0,0.0,,25.87,7.9,0,13.6,7.9,44,0.0,1012.2,975.5,,17.6,0.151,32.8,10906X0039/C2-1
759,2019-01-30,2.685378283,42.685696389,2,36.4,22.3,36.8,20.9,2019-01-30T03:22,2019-01-30T15:22,43206.57,40990.68,,,0.0,0.0,0.0,0.0,0.0,,25.68,7.96,10,13.5,7.96,41,0.0,1011.6,975.1,,16.7,0.151,32.8,10906X0039/C2-1
760,2019-01-31,2.685378283,42.685696389,3,37.6,22.8,37.5,24.0,2019-01-31T03:22,2019-01-31T15:22,43212.9,40748.92,,,0.0,0.0,0.0,0.0,0.0,,24.58,7.59,64,14.9,7.59,46,0.0,1011.4,974.9,,16.0,0.151,33.0,10906X0039/C2-1
761,2019-02-01,2.685378283,42.685696389,3,37.4,21.8,35.6,22.2,2019-02-01T03:22,2019-02-01T15:22,43219.32,40989.11,,,0.0,0.0,0.0,0.0,0.0,,26.32,8.36,82,12.0,8.36,40,0.0,1011.8,975.3,,16.5,0.151,33.0,10906X0039/C2-1
762,2019-02-02,2.685378283,42.685696389,3,38.6,21.9,36.1,22.4,2019-02-02T03:22,2019-02-02T15:23,43225.83,40987.78,,,0.0,0.0,0.0,0.0,0.0,,26.24,8.82,63,11.2,8.82,39,0.0,1010.0,973.6,,18.2,0.15,33.0,10906X0039/C2-1
763,2019-02-03,2.685378283,42.685696389,3,37.9,22.1,36.5,21.9,2019-02-03T03:22,2019-02-03T15:23,43232.42,40986.04,,,0.0,0.0,0.0,0.0,0.0,,26.29,8.6,40,11.5,8.6,40,0.0,1009.8,973.3,,18.7,0.15,33.0,10906X0039/C2-1
764,2019-02-04,2.685378283,42.685696389,3,37.5,21.7,35.9,20.8,2019-02-04T03:22,2019-02-04T15:23,43239.07,40983.92,,,0.0,0.0,0.0,0.0,0.0,,26.5,8.96,26,12.1,8.96,41,0.0,1010.7,974.1,,20.5,0.151,32.9,10906X0039/C2-1
765,2019-02-05,2.685378283,42.685696389,3,36.5,21.4,35.4,19.7,2019-02-05T03:22,2019-02-05T15:23,43245.8,40981.41,,,0.0,0.0,0.0,0.0,0.0,,26.53,8.74,75,12.7,8.74,42,0.0,1012.1,975.5,,20.8,0.151,32.9,10906X0039/C2-1
766,2019-02-06,2.685378283,42.685696389,3,37.2,22.1,35.9,21.6,2019-02-06T03:22,2019-02-06T15:23,43252.58,40978.56,,,0.0,0.0,0.0,0.0,0.0,,25.97,8.26,69,14.5,8.26,46,0.0,1011.3,974.8,,20.5,0.151,32.9,10906X0039/C2-1
767,2019-02-07,2.685378283,42.685696389,3,37.4,23.2,37.0,23.1,2019-02-07T03:22,2019-02-07T15:23,43259.41,40736.72,,,0.0,0.0,0.0,0.0,0.0,,25.92,8.49,80,14.3,8.49,44,0.0,1011.2,974.7,,20.4,0.151,33.0,10906X0039/C2-1
768,2019-02-08,2.685378283,42.685696389,3,37.3,23.4,36.3,22.3,2019-02-08T03:22,2019-02-08T15:23,43266.3,40733.47,,,0.0,0.0,0.0,0.0,0.0,,26.16,9.17,62,12.9,9.17,39,0.0,1010.7,974.3,,21.8,0.15,33.1,10906X0039/C2-1
769,2019-02-09,2.685378283,42.685696389,2,36.1,22.9,34.3,21.9,2019-02-09T03:22,2019-02-09T15:24,43273.31,40967.61,,,0.0,0.0,0.0,0.0,0.0,,26.68,9.15,10,13.8,9.15,43,0.0,1011.2,974.6,,23.7,0.15,33.0,10906X0039/C2-1
770,2019-02-10,2.685378283,42.685696389,1,35.3,22.4,35.5,21.8,2019-02-10T03:22,2019-02-10T15:24,43280.44,40963.03,,,0.0,0.0,0.0,0.0,0.0,,25.3,8.12,10,14.7,8.12,46,0.0,1011.6,975.0,,20.7,0.15,33.0,10906X0039/C2-1
771,2019-02-11,2.685378283,42.685696389,3,36.1,22.0,37.6,22.7,2019-02-11T03:22,2019-02-11T15:24,43287.69,40957.99,,,0.0,0.0,0.0,0.0,0.0,,25.48,7.48,46,15.7,7.48,49,0.0,1011.5,975.0,,15.7,0.15,33.1,10906X0039/C2-1
772,2019-02-12,2.685378283,42.685696389,3,36.4,22.6,37.6,23.3,2019-02-12T03:22,2019-02-12T15:24,43295.06,40478.77,,,0.0,0.0,0.0,0.0,0.0,,24.51,7.87,67,16.4,7.87,48,0.0,1011.1,974.6,,17.9,0.15,33.1,10906X0039/C2-1
773,2019-02-13,2.685378283,42.685696389,0,37.3,23.3,37.1,23.2,2019-02-13T03:22,2019-02-13T15:24,43302.53,40710.05,,,0.0,0.0,0.0,0.0,0.0,,26.02,8.62,2,15.9,8.62,47,0.0,1011.8,975.3,,20.7,0.15,33.2,10906X0039/C2-1
774,2019-02-14,2.685378283,42.685696389,3,37.6,23.2,37.4,23.6,2019-02-14T03:22,2019-02-14T15:24,43310.1,40704.1,,,0.0,0.0,0.0,0.0,0.0,,25.03,8.14,35,16.2,8.14,49,0.0,1012.6,976.1,,18.9,0.15,33.3,10906X0039/C2-1
775,2019-02-15,2.685378283,42.685696389,3,36.8,24.3,38.4,26.6,2019-02-15T03:22,2019-02-15T15:24,43317.76,39990.16,,,0.0,0.0,0.0,0.0,0.0,,22.89,7.11,52,18.2,7.11,53,0.0,1012.6,976.1,,15.9,0.15,33.4,10906X0039/C2-1
776,2019-02-16,2.685378283,42.685696389,3,37.5,23.9,37.5,26.7,2019-02-16T03:22,2019-02-16T15:24,43325.49,40691.1,,,0.0,0.0,0.0,0.0,0.0,,24.0,7.72,16,16.3,7.72,49,0.0,1012.6,976.1,,16.6,0.15,33.5,10906X0039/C2-1
777,2019-02-17,2.685378283,42.685696389,1,38.7,23.4,39.5,24.5,2019-02-17T03:22,2019-02-17T15:24,43333.31,40919.34,,,0.0,0.0,0.0,0.0,0.0,,26.63,7.94,11,12.8,7.94,39,0.0,1010.5,974.2,,12.2,0.151,33.7,10906X0039/C2-1
778,2019-02-18,2.685378283,42.685696389,2,37.7,23.2,38.0,23.8,2019-02-18T03:21,2019-02-18T15:24,43341.19,40911.76,,,0.0,0.0,0.0,0.0,0.0,,23.99,7.98,22,15.5,7.98,44,0.0,1009.0,972.6,,17.4,0.15,33.7,10906X0039/C2-1
779,2019-02-19,2.685378283,42.685696389,3,37.4,23.9,39.4,24.5,2019-02-19T03:21,2019-02-19T15:24,43349.14,39965.42,,,0.0,0.0,0.0,0.0,0.0,,21.92,7.08,41,17.1,7.08,48,0.0,1008.6,972.3,,16.4,0.15,33.8,10906X0039/C2-1
780,2019-02-20,2.685378283,42.685696389,3,38.1,23.4,39.4,24.7,2019-02-20T03:21,2019-02-20T15:24,43357.14,40895.86,,,0.0,0.0,0.0,0.0,0.0,,24.4,8.13,66,16.8,8.13,50,0.0,1010.3,973.9,,19.0,0.15,33.9,10906X0039/C2-1
781,2019-02-21,2.685378283,42.685696389,3,37.1,24.8,39.0,26.3,2019-02-21T03:21,2019-02-21T15:24,43365.19,40653.54,,,0.0,0.0,0.0,0.0,0.0,,23.26,7.47,71,18.9,7.47,54,0.0,1011.8,975.4,,19.1,0.151,33.8,10906X0039/C2-1
782,2019-02-22,2.685378283,42.685696389,3,38.7,24.8,38.4,25.8,2019-02-22T03:21,2019-02-22T15:24,43373.28,37989.6,,,0.0,0.0,0.0,0.0,0.0,,25.8,8.99,33,12.9,8.99,38,0.0,1010.0,973.8,,16.7,0.15,34.0,10906X0039/C2-1
783,2019-02-23,2.685378283,42.685696389,3,38.4,24.3,39.6,25.2,2019-02-23T03:21,2019-02-23T15:24,43381.39,40870.49,,,0.0,0.0,0.0,0.0,0.0,,23.52,7.56,40,16.4,7.56,46,0.0,1009.5,973.3,,15.8,0.15,34.1,10906X0039/C2-1
784,2019-02-24,2.685378283,42.685696389,3,38.6,24.4,39.2,25.9,2019-02-24T03:20,2019-02-24T15:24,43389.54,41094.99,,,0.0,0.0,0.0,0.0,0.0,,24.02,7.98,31,16.4,7.98,48,0.0,1009.6,973.3,,17.6,0.149,34.2,10906X0039/C2-1
785,2019-02-25,2.685378283,42.685696389,3,37.4,23.0,37.3,24.5,2019-02-25T03:20,2019-02-25T15:23,43397.71,41085.86,,,0.0,0.0,0.0,0.0,0.0,,25.28,7.68,42,14.7,7.68,45,0.0,1010.5,974.1,,14.5,0.149,34.2,10906X0039/C2-1
786,2019-02-26,2.685378283,42.685696389,3,38.8,23.2,37.2,23.0,2019-02-26T03:20,2019-02-26T15:23,43405.89,40145.6,,,0.0,0.0,0.0,0.0,0.0,,26.47,9.48,58,14.0,9.48,42,0.0,1009.0,972.7,,22.1,0.149,34.2,10906X0039/C2-1
787,2019-02-27,2.685378283,42.685696389,3,37.1,23.9,37.5,24.3,2019-02-27T03:20,2019-02-27T15:23,43414.08,41299.99,,,0.0,0.0,0.0,0.0,0.0,,26.81,8.68,21,15.1,8.68,45,0.0,1009.4,973.1,,19.9,0.149,34.2,10906X0039/C2-1
788,2019-02-28,2.685378283,42.685696389,3,39.5,23.1,38.6,22.5,2019-02-28T03:19,2019-02-28T15:23,43422.28,41290.47,,,0.0,0.0,0.0,0.0,0.0,,27.3,9.25,70,12.4,9.25,39,0.0,1008.8,972.6,,18.4,0.148,34.3,10906X0039/C2-1
789,2019-03-01,2.685378283,42.685696389,3,40.0,22.3,41.0,23.2,2019-03-01T03:19,2019-03-01T15:23,43430.55,41512.84,,,0.0,0.0,0.0,0.0,0.0,,27.48,7.97,10,13.0,7.97,41,0.0,1007.9,971.7,,13.4,0.148,34.5,10906X0039/C2-1
790,2019-03-02,2.685378283,42.685696389,3,38.2,23.0,39.9,24.0,2019-03-02T03:19,2019-03-02T15:23,43438.92,41038.73,,,0.0,0.0,0.0,0.0,0.0,,26.28,7.66,22,16.2,7.66,49,0.0,1009.0,972.6,,16.3,0.148,34.5,10906X0039/C2-1
791,2019-03-03,2.685378283,42.685696389,3,38.8,22.8,40.9,25.0,2019-03-03T03:19,2019-03-03T15:23,43447.36,41492.01,,,0.0,0.0,0.0,0.0,0.0,,24.49,7.02,35,16.6,7.02,49,0.0,1009.2,972.9,,12.9,0.148,34.7,10906X0039/C2-1
792,2019-03-04,2.685378283,42.685696389,2,36.6,24.4,39.7,26.7,2019-03-04T03:18,2019-03-04T15:23,43455.86,41018.09,,,0.0,0.0,0.0,0.0,0.0,,23.99,7.39,31,17.9,7.39,50,0.0,1009.5,973.2,,15.1,0.148,34.7,10906X0039/C2-1
793,2019-03-05,2.685378283,42.685696389,3,38.7,24.3,38.5,25.3,2019-03-05T03:18,2019-03-05T15:23,43464.44,41470.16,,,0.0,0.0,0.0,0.0,0.0,,24.56,7.85,34,16.6,7.85,48,0.0,1009.7,973.4,,16.9,0.147,34.7,10906X0039/C2-1
794,2019-03-06,2.685378283,42.685696389,3,38.3,23.9,37.9,24.8,2019-03-06T03:18,2019-03-06T15:22,43473.07,41690.17,,,0.0,0.0,0.0,0.0,0.0,,24.43,8.55,17,15.1,8.55,43,0.0,1009.6,973.3,,18.2,0.147,34.6,10906X0039/C2-1
795,2019-03-07,2.685378283,42.685696389,3,38.6,23.7,37.9,23.5,2019-03-07T03:18,2019-03-07T15:22,43481.76,41909.74,,,0.0,0.0,0.0,0.0,0.0,,26.59,9.13,13,15.1,9.13,44,0.0,1008.8,972.5,,21.0,0.146,34.6,10906X0039/C2-1
796,2019-03-08,2.685378283,42.685696389,3,38.4,23.2,38.3,23.3,2019-03-08T03:17,2019-03-08T15:22,43490.49,41897.96,,,0.0,0.0,0.0,0.0,0.0,,27.32,9.44,33,14.2,9.44,42,0.0,1009.5,973.2,,20.5,0.146,34.6,10906X0039/C2-1
797,2019-03-09,2.685378283,42.685696389,3,38.4,23.2,37.1,22.2,2019-03-09T03:17,2019-03-09T15:22,43499.27,41655.31,,,0.0,0.0,0.0,0.0,0.0,,27.66,9.6,28,13.4,9.6,40,0.0,1011.0,974.7,,21.2,0.146,34.6,10906X0039/C2-1
798,2019-03-10,2.685378283,42.685696389,3,38.7,23.1,37.2,22.9,2019-03-10T03:17,2019-03-10T15:22,43508.08,41972.09,,,0.0,0.0,0.0,0.0,0.0,,27.54,9.66,25,12.7,9.66,40,0.0,1011.3,975.0,,22.2,0.146,34.6,10906X0039/C2-1
799,2019-03-11,2.685378283,42.685696389,3,38.0,23.7,36.6,23.8,2019-03-11T03:16,2019-03-11T15:21,43516.91,41401.27,,,0.0,0.0,0.0,0.0,0.0,,27.31,9.69,24,13.1,9.69,39,0.0,1011.1,974.8,,21.2,0.146,34.5,10906X0039/C2-1
800,2019-03-12,2.685378283,42.685696389,1,39.3,23.4,37.9,23.3,2019-03-12T03:16,2019-03-12T15:21,43525.77,42013.37,,,0.0,0.0,0.0,0.0,0.0,,27.65,9.53,11,13.4,9.53,43,0.0,1010.5,974.1,,22.4,0.146,34.6,10906X0039/C2-1
801,2019-03-13,2.685378283,42.685696389,3,37.6,23.4,37.6,24.5,2019-03-13T03:16,2019-03-13T15:21,43534.64,42034.35,,,0.0,0.0,0.0,0.0,0.0,,25.79,8.72,10,15.7,8.72,47,0.0,1011.4,975.0,,20.3,0.146,34.5,10906X0039/C2-1
802,2019-03-14,2.685378283,42.685696389,2,37.0,24.4,37.3,26.6,2019-03-14T03:15,2019-03-14T15:21,43543.53,41596.85,,,0.0,0.0,0.0,0.0,0.0,,23.91,7.79,14,16.9,7.79,49,0.0,1011.6,975.2,,17.8,0.146,34.6,10906X0039/C2-1
803,2019-03-15,2.685378283,42.685696389,2,37.4,23.7,38.1,25.2,2019-03-15T03:15,2019-03-15T15:21,43552.41,42045.9,,,0.0,0.0,0.0,0.0,0.0,,25.82,8.12,7,16.5,8.12,49,0.0,1010.8,974.4,,17.3,0.146,34.6,10906X0039/C2-1
804,2019-03-16,2.685378283,42.685696389,3,38.6,23.3,40.0,25.0,2019-03-16T03:14,2019-03-16T15:20,43561.29,42097.94,,,0.0,0.0,0.0,0.0,0.0,,26.23,8.17,35,15.8,8.17,47,0.0,1010.2,973.9,,16.2,0.146,34.6,10906X0039/C2-1
805,2019-03-17,2.685378283,42.685696389,2,37.7,23.7,38.2,24.9,2019-03-17T03:14,2019-03-17T15:20,43570.16,42119.15,,,0.0,0.0,0.0,0.0,0.0,,25.48,7.68,15,16.1,7.68,48,0.0,1010.7,974.4,,16.3,0.145,34.7,10906X0039/C2-1
806,2019-03-18,2.685378283,42.685696389,1,38.7,23.6,39.9,25.2,2019-03-18T03:14,2019-03-18T15:20,43579.02,42140.28,,,0.0,0.0,0.0,0.0,0.0,,26.18,8.08,10,17.1,8.08,51,0.0,1010.6,974.2,,18.3,0.146,34.8,10906X0039/C2-1
807,2019-03-19,2.685378283,42.685696389,1,39.2,24.2,39.1,25.6,2019-03-19T03:13,2019-03-19T15:20,43587.85,41541.19,,,0.0,0.0,0.0,0.0,0.0,,26.32,8.65,9,16.1,8.65,47,0.0,1009.3,973.1,,18.0,0.147,34.9,10906X0039/C2-1
808,2019-03-20,2.685378283,42.685696389,0,39.1,23.7,39.0,25.2,2019-03-20T03:13,2019-03-20T15:20,43596.66,42182.03,,,0.0,0.0,0.0,0.0,0.0,,27.19,8.62,2,15.2,8.62,45,0.0,1008.6,972.3,,16.9,0.147,34.9,10906X0039/C2-1
809,2019-03-21,2.685378283,42.685696389,1,38.9,24.0,39.5,26.3,2019-03-21T03:13,2019-03-21T15:19,43605.52,41980.47,,,0.0,0.0,0.0,0.0,0.0,,26.63,8.32,6,16.3,8.32,49,0.0,1009.3,972.9,,17.3,0.147,35.0,10906X0039/C2-1
810,2019-03-22,2.685378283,42.685696389,2,38.9,24.7,39.9,25.8,2019-03-22T03:12,2019-03-22T15:19,43614.43,40589.12,,,0.0,0.0,0.0,0.0,0.0,,26.73,8.23,14,16.0,8.23,47,0.0,1009.8,973.5,,16.8,0.147,35.1,10906X0039/C2-1
811,2019-03-23,2.685378283,42.685696389,2,38.6,23.2,39.9,25.1,2019-03-23T03:12,2019-03-23T15:19,43623.39,42246.46,,,0.0,0.0,0.0,0.0,0.0,,26.68,8.45,17,16.9,8.45,50,0.0,1009.4,973.0,,18.6,0.147,35.0,10906X0039/C2-1
812,2019-03-24,2.685378283,42.685696389,3,37.7,24.0,38.3,25.2,2019-03-24T03:12,2019-03-24T15:19,43632.38,42268.71,,,0.0,0.0,0.0,0.0,0.0,,24.53,7.85,63,17.1,7.85,50,0.0,1009.0,972.7,,18.2,0.147,35.0,10906X0039/C2-1
813,2019-03-25,2.685378283,42.685696389,51,36.9,24.9,40.8,26.6,2019-03-25T03:11,2019-03-25T15:19,43641.4,34968.61,,,0.2,0.0,0.0,0.2,1.0,,21.46,6.22,62,19.9,6.22,59,0.0,1009.7,973.3,,14.5,0.147,34.9,10906X0039/C2-1
814,2019-03-26,2.685378283,42.685696389,3,37.8,25.0,40.4,27.8,2019-03-26T03:11,2019-03-26T15:18,43650.46,41927.89,,,0.0,0.0,0.0,0.0,0.0,,22.76,6.81,59,20.2,6.81,58,0.0,1011.1,974.7,,15.8,0.147,34.8,10906X0039/C2-1
815,2019-03-27,2.685378283,42.685696389,63,36.2,24.5,38.6,28.1,2019-03-27T03:10,2019-03-27T15:18,43659.54,41705.61,,,9.7,0.0,0.0,9.7,10.0,,20.58,5.49,45,21.4,5.49,68,0.0,1013.2,976.5,,12.8,0.151,34.6,10906X0039/C2-1
816,2019-03-28,2.685378283,42.685696389,1,34.0,23.8,38.2,26.6,2019-03-28T03:10,2019-03-28T15:18,43668.64,42360.1,,,0.0,0.0,0.0,0.0,0.0,,23.96,6.08,12,20.1,6.08,64,0.0,1012.7,976.0,,13.0,0.173,33.8,10906X0039/C2-1
817,2019-03-29,2.685378283,42.685696389,3,35.4,23.8,37.1,25.0,2019-03-29T03:10,2019-03-29T15:18,43677.74,42383.23,,,0.0,0.0,0.0,0.0,0.0,,24.49,6.55,31,18.9,6.55,59,0.0,1011.0,974.4,,15.1,0.167,33.4,10906X0039/C2-1
818,2019-03-30,2.685378283,42.685696389,3,36.1,23.3,37.8,25.4,2019-03-30T03:09,2019-03-30T15:17,43686.85,42406.35,,,0.0,0.0,0.0,0.0,0.0,,24.8,6.63,34,18.9,6.63,60,0.0,1010.4,973.8,,15.5,0.162,33.2,10906X0039/C2-1
819,2019-03-31,2.685378283,42.685696389,3,34.7,23.7,37.4,25.9,2019-03-31T03:09,2019-03-31T15:17,43695.96,42429.41,,,0.0,0.0,0.0,0.0,0.0,,24.79,6.61,42,18.9,6.61,58,0.0,1010.6,974.0,,15.1,0.159,33.1,10906X0039/C2-1
820,2019-04-01,2.685378283,42.685696389,51,34.0,23.7,37.2,25.4,2019-04-01T03:09,2019-04-01T15:17,43705.06,42452.35,,,0.2,0.0,0.0,0.2,2.0,,22.26,6.09,21,19.4,6.09,58,0.0,1011.2,974.6,,14.1,0.156,33.1,10906X0039/C2-1
821,2019-04-02,2.685378283,42.685696389,1,36.9,23.6,39.7,26.0,2019-04-02T03:08,2019-04-02T15:17,43714.14,42475.1,,,0.0,0.0,0.0,0.0,0.0,,25.31,6.86,10,18.3,6.86,54,0.0,1010.2,973.8,,14.6,0.155,33.3,10906X0039/C2-1
822,2019-04-03,2.685378283,42.685696389,2,36.4,24.4,39.8,25.9,2019-04-03T03:08,2019-04-03T15:16,43723.21,42497.62,,,0.0,0.0,0.0,0.0,0.0,,23.61,7.14,16,19.2,7.14,55,0.0,1010.1,973.7,,16.6,0.153,33.5,10906X0039/C2-1
823,2019-04-04,2.685378283,42.685696389,3,37.2,24.3,39.5,25.8,2019-04-04T03:07,2019-04-04T15:16,43732.24,42519.82,,,0.0,0.0,0.0,0.0,0.0,,24.83,7.37,37,18.1,7.37,51,0.0,1010.3,973.9,,15.8,0.153,33.8,10906X0039/C2-1
824,2019-04-05,2.685378283,42.685696389,51,35.8,24.6,37.7,25.6,2019-04-05T03:07,2019-04-05T15:16,43741.24,42527.42,,,0.4,0.0,0.0,0.4,3.0,,22.22,6.86,32,18.2,6.86,54,0.0,1011.3,974.8,,16.8,0.153,33.8,10906X0039/C2-1
825,2019-04-06,2.685378283,42.685696389,3,37.9,23.8,38.2,25.7,2019-04-06T03:07,2019-04-06T15:16,43750.21,40908.01,,,0.0,0.0,0.0,0.0,0.0,,24.07,7.58,28,17.9,7.58,53,0.0,1011.2,974.7,,17.3,0.153,33.8,10906X0039/C2-1
826,2019-04-07,2.685378283,42.685696389,51,36.4,24.5,38.5,26.3,2019-04-07T03:06,2019-04-07T15:16,43759.12,42584.05,,,0.1,0.0,0.0,0.1,1.0,,23.62,7.16,37,17.8,7.16,51,0.0,1010.5,974.2,,15.0,0.152,33.9,10906X0039/C2-1
827,2019-04-08,2.685378283,42.685696389,2,37.1,23.6,39.1,25.7,2019-04-08T03:06,2019-04-08T15:15,43767.98,42604.46,,,0.0,0.0,0.0,0.0,0.0,,25.78,7.5,28,17.7,7.5,52,0.0,1009.3,972.9,,16.0,0.152,34.1,10906X0039/C2-1
828,2019-04-09,2.685378283,42.685696389,3,36.8,24.2,39.1,26.5,2019-04-09T03:06,2019-04-09T15:15,43776.78,42624.27,,,0.0,0.0,0.0,0.0,0.0,,24.89,7.16,82,18.1,7.16,52,0.0,1009.0,972.7,,15.5,0.151,34.2,10906X0039/C2-1
829,2019-04-10,2.685378283,42.685696389,3,36.8,24.3,38.4,26.5,2019-04-10T03:05,2019-04-10T15:15,43785.6,42643.87,,,0.0,0.0,0.0,0.0,0.0,,24.27,7.57,64,18.1,7.57,52,0.0,1009.6,973.2,,16.1,0.15,34.3,10906X0039/C2-1
830,2019-04-11,2.685378283,42.685696389,3,36.7,25.0,38.8,26.6,2019-04-11T03:05,2019-04-11T15:15,43794.44,42663.47,,,0.0,0.0,0.0,0.0,0.0,,22.57,7.07,37,18.4,7.07,53,0.0,1009.4,973.0,,16.2,0.15,34.4,10906X0039/C2-1
831,2019-04-12,2.685378283,42.685696389,51,36.1,24.0,38.0,25.1,2019-04-12T03:05,2019-04-12T15:15,43803.28,42683.0,,,0.1,0.0,0.0,0.1,1.0,,24.15,7.41,21,17.0,7.41,50,0.0,1009.6,973.2,,16.2,0.151,34.4,10906X0039/C2-1
832,2019-04-13,2.685378283,42.685696389,3,37.7,23.1,38.3,24.6,2019-04-13T03:04,2019-04-13T15:15,43812.13,42702.44,,,0.0,0.0,0.0,0.0,0.0,,25.31,7.69,34,16.5,7.69,50,0.0,1009.3,972.9,,15.9,0.15,34.4,10906X0039/C2-1
833,2019-04-14,2.685378283,42.685696389,2,37.1,23.3,39.2,25.7,2019-04-14T03:04,2019-04-14T15:14,43820.98,42721.74,,,0.0,0.0,0.0,0.0,0.0,,26.15,7.55,15,17.2,7.55,51,0.0,1010.0,973.6,,15.2,0.15,34.4,10906X0039/C2-1
834,2019-04-15,2.685378283,42.685696389,3,37.1,24.0,38.8,25.5,2019-04-15T03:04,2019-04-15T15:14,43829.82,41767.16,,,0.0,0.0,0.0,0.0,0.0,,23.77,7.38,78,18.1,7.38,52,0.0,1010.6,974.2,,17.4,0.15,34.5,10906X0039/C2-1
835,2019-04-16,2.685378283,42.685696389,3,37.2,24.9,40.3,27.9,2019-04-16T03:03,2019-04-16T15:14,43838.64,42333.05,,,0.0,0.0,0.0,0.0,0.0,,23.51,6.71,71,18.9,6.71,53,0.0,1011.1,974.7,,12.2,0.15,34.7,10906X0039/C2-1
836,2019-04-17,2.685378283,42.685696389,53,35.2,25.8,38.5,28.1,2019-04-17T03:03,2019-04-17T15:14,43847.44,42778.34,,,0.7,0.0,0.0,0.7,3.0,,20.2,5.64,41,20.3,5.64,58,0.0,1011.1,974.6,,12.2,0.151,34.5,10906X0039/C2-1
837,2019-04-18,2.685378283,42.685696389,63,36.2,25.1,40.0,27.9,2019-04-18T03:03,2019-04-18T15:14,43856.22,42796.64,,,2.7,0.0,0.0,2.7,1.0,,21.91,6.2,47,21.0,6.2,62,0.0,1011.0,974.5,,15.1,0.151,34.3,10906X0039/C2-1
838,2019-04-19,2.685378283,42.685696389,51,36.2,25.0,38.3,27.9,2019-04-19T03:02,2019-04-19T15:14,43864.96,42814.58,,,0.2,0.0,0.0,0.2,2.0,,23.54,6.31,23,19.7,6.31,56,0.0,1010.4,974.0,,12.1,0.15,34.2,10906X0039/C2-1
839,2019-04-20,2.685378283,42.685696389,51,36.4,25.6,39.1,29.0,2019-04-20T03:02,2019-04-20T15:13,43873.65,42832.12,,,0.1,0.0,0.0,0.1,1.0,,22.9,6.79,53,20.0,6.79,55,0.0,1008.8,972.6,,14.0,0.149,34.3,10906X0039/C2-1
840,2019-04-21,2.685378283,42.685696389,51,36.4,25.8,39.1,29.0,2019-04-21T03:02,2019-04-21T15:13,43882.3,42849.22,,,0.1,0.0,0.0,0.1,1.0,,21.86,6.72,56,20.8,6.72,57,0.0,1007.8,971.6,,15.9,0.147,34.4,10906X0039/C2-1
841,2019-04-22,2.685378283,42.685696389,63,35.8,25.3,38.8,28.9,2019-04-22T03:02,2019-04-22T15:13,43890.89,41736.23,,,7.6,0.0,0.0,7.6,8.0,,20.07,5.92,78,21.7,5.92,63,0.0,1008.3,971.9,,15.5,0.148,34.3,10906X0039/C2-1
842,2019-04-23,2.685378283,42.685696389,61,33.5,25.0,37.3,28.9,2019-04-23T03:01,2019-04-23T15:13,43899.42,36508.3,,,3.5,0.0,0.0,3.5,7.0,,17.38,4.65,84,22.6,4.65,73,0.0,1010.3,973.6,,13.3,0.148,34.0,10906X0039/C2-1
843,2019-04-24,2.685378283,42.685696389,63,33.6,24.8,36.3,28.3,2019-04-24T03:01,2019-04-24T15:13,43907.88,38388.75,,,11.3,0.0,0.0,11.3,8.0,,16.98,3.94,97,22.9,3.94,77,0.0,1011.5,974.7,,10.7,0.149,33.5,10906X0039/C2-1
844,2019-04-25,2.685378283,42.685696389,65,32.1,24.5,36.7,28.3,2019-04-25T03:01,2019-04-25T15:13,43916.25,39312.34,,,19.9,0.0,0.0,19.9,8.0,,16.93,3.92,81,22.9,3.92,78,0.0,1011.0,974.3,,10.8,0.152,33.3,10906X0039/C2-1
845,2019-04-26,2.685378283,42.685696389,61,33.1,24.4,37.7,29.3,2019-04-26T03:01,2019-04-26T15:13,43924.55,42926.58,,,4.3,0.0,0.0,4.3,12.0,,19.99,4.41,42,23.0,4.41,78,0.0,1010.6,973.9,,8.8,0.156,33.0,10906X0039/C2-1
846,2019-04-27,2.685378283,42.685696389,63,32.9,23.8,38.0,28.9,2019-04-27T03:00,2019-04-27T15:13,43932.74,42940.13,,,6.3,0.0,0.0,6.3,8.0,,20.33,4.48,50,22.9,4.48,79,0.0,1011.5,974.7,,6.3,0.16,32.7,10906X0039/C2-1
847,2019-04-28,2.685378283,42.685696389,61,33.2,24.0,38.5,28.5,2019-04-28T03:00,2019-04-28T15:12,43940.83,42952.92,,,2.5,0.0,0.0,2.5,8.0,,21.05,4.64,60,22.9,4.64,76,0.0,1011.8,975.0,,7.1,0.16,32.5,10906X0039/C2-1
848,2019-04-29,2.685378283,42.685696389,51,33.9,24.7,38.4,28.6,2019-04-29T03:00,2019-04-29T15:12,43948.81,42964.94,,,0.1,0.0,0.0,0.1,1.0,,21.75,5.26,24,22.2,5.26,69,0.0,1011.7,975.1,,10.4,0.155,32.6,10906X0039/C2-1
849,2019-04-30,2.685378283,42.685696389,51,35.0,24.5,39.5,28.8,2019-04-30T03:00,2019-04-30T15:12,43956.77,42976.35,,,0.1,0.0,0.0,0.1,1.0,,23.35,5.52,24,21.7,5.52,67,0.0,1011.6,975.0,,9.5,0.15,32.6,10906X0039/C2-1
850,2019-05-01,2.685378283,42.685696389,51,33.9,24.4,37.9,28.2,2019-05-01T03:00,2019-05-01T15:12,43964.69,42914.19,,,0.3,0.0,0.0,0.3,2.0,,21.46,5.35,69,21.7,5.35,66,0.0,1011.1,974.6,,11.5,0.147,32.6,10906X0039/C2-1
851,2019-05-02,2.685378283,42.685696389,51,34.3,24.9,37.5,28.0,2019-05-02T02:59,2019-05-02T15:12,43972.56,42997.65,,,0.8,0.0,0.0,0.8,5.0,,20.83,5.6,70,21.8,5.6,66,0.0,1011.4,974.9,,15.5,0.145,32.6,10906X0039/C2-1
852,2019-05-03,2.685378283,42.685696389,51,33.7,25.4,36.1,28.5,2019-05-03T02:59,2019-05-03T15:12,43980.38,43007.55,,,0.2,0.0,0.0,0.2,1.0,,19.61,5.24,35,21.9,5.24,69,0.0,1011.7,975.0,,15.4,0.145,32.6,10906X0039/C2-1
853,2019-05-04,2.685378283,42.685696389,61,34.2,24.4,37.6,27.9,2019-05-04T02:59,2019-05-04T15:12,43988.15,43016.92,,,5.7,0.0,0.0,5.7,8.0,,20.87,5.15,49,22.3,5.15,73,0.0,1011.5,974.8,,13.8,0.145,32.5,10906X0039/C2-1
854,2019-05-05,2.685378283,42.685696389,51,34.0,24.4,37.5,28.5,2019-05-05T02:59,2019-05-05T15:12,43995.85,43025.76,,,0.3,0.0,0.0,0.3,3.0,,20.53,5.3,49,21.4,5.3,66,0.0,1012.0,975.4,,11.8,0.145,32.4,10906X0039/C2-1
855,2019-05-06,2.685378283,42.685696389,53,34.3,24.5,38.0,28.3,2019-05-06T02:59,2019-05-06T15:12,44003.48,42696.08,,,0.8,0.0,0.0,0.8,2.0,,22.05,5.65,48,21.4,5.65,66,0.0,1011.6,975.0,,12.2,0.143,32.5,10906X0039/C2-1
856,2019-05-07,2.685378283,42.685696389,63,34.2,24.3,36.1,27.7,2019-05-07T02:59,2019-05-07T15:12,44011.03,43041.83,,,3.6,0.0,0.0,3.6,6.0,,20.29,5.26,58,21.9,5.26,71,0.0,1012.0,975.3,,14.9,0.143,32.5,10906X0039/C2-1
857,2019-05-08,2.685378283,42.685696389,61,33.4,23.7,35.6,27.0,2019-05-08T02:59,2019-05-08T15:12,44018.5,43049.05,,,5.5,0.0,0.0,5.5,15.0,,18.54,4.68,57,22.0,4.68,73,0.0,1011.6,974.9,,14.9,0.145,32.4,10906X0039/C2-1
858,2019-05-09,2.685378283,42.685696389,61,32.7,24.0,35.5,27.5,2019-05-09T02:58,2019-05-09T15:12,44025.88,43055.72,,,5.1,0.0,0.0,5.1,18.0,,19.29,4.49,65,22.4,4.49,77,0.0,1010.9,974.1,,13.2,0.146,32.1,10906X0039/C2-1
859,2019-05-10,2.685378283,42.685696389,53,32.6,23.8,35.5,27.5,2019-05-10T02:58,2019-05-10T15:12,44033.15,40768.44,,,2.0,0.0,0.0,2.0,8.0,,18.67,4.64,46,22.2,4.64,75,0.0,1011.2,974.4,,14.4,0.145,31.9,10906X0039/C2-1
860,2019-05-11,2.685378283,42.685696389,53,33.1,23.8,36.3,27.7,2019-05-11T02:58,2019-05-11T15:12,44040.32,40285.98,,,2.2,0.0,0.0,2.2,10.0,,20.1,4.89,54,22.1,4.89,74,0.0,1011.4,974.6,,13.1,0.145,31.9,10906X0039/C2-1
861,2019-05-12,2.685378283,42.685696389,61,31.9,23.7,34.6,27.9,2019-05-12T02:58,2019-05-12T15:12,44047.37,43072.31,,,8.8,0.0,0.0,8.8,19.0,,19.15,4.43,74,22.3,4.43,77,0.0,1011.7,974.8,,12.0,0.146,31.8,10906X0039/C2-1
862,2019-05-13,2.685378283,42.685696389,53,32.0,23.6,36.0,27.0,2019-05-13T02:58,2019-05-13T15:12,44054.29,35272.36,,,2.8,0.0,0.0,2.8,13.0,,17.31,4.02,90,22.3,4.02,77,0.0,1011.6,974.7,,11.1,0.146,31.6,10906X0039/C2-1
863,2019-05-14,2.685378283,42.685696389,53,32.0,23.0,35.3,26.9,2019-05-14T02:58,2019-05-14T15:12,44061.08,43080.48,,,3.3,0.0,0.0,3.3,12.0,,20.62,4.94,49,21.4,4.94,71,0.0,1011.4,974.7,,11.4,0.146,31.5,10906X0039/C2-1
864,2019-05-15,2.685378283,42.685696389,51,32.9,23.7,36.1,27.4,2019-05-15T02:58,2019-05-15T15:12,44067.73,43083.67,,,0.8,0.0,0.0,0.8,5.0,,20.97,5.36,56,21.5,5.36,70,0.0,1011.9,975.1,,15.1,0.144,31.5,10906X0039/C2-1
865,2019-05-16,2.685378283,42.685696389,53,32.6,23.8,35.3,27.3,2019-05-16T02:58,2019-05-16T15:12,44074.23,41268.67,,,1.6,0.0,0.0,1.6,6.0,,20.72,5.39,86,20.7,5.39,67,0.0,1012.4,975.6,,14.4,0.142,31.4,10906X0039/C2-1
866,2019-05-17,2.685378283,42.685696389,51,33.8,23.9,35.8,27.2,2019-05-17T02:58,2019-05-17T15:12,44080.57,43088.23,,,0.7,0.0,0.0,0.7,7.0,,21.14,5.66,58,20.7,5.66,67,0.0,1012.1,975.4,,14.9,0.14,31.5,10906X0039/C2-1
867,2019-05-18,2.685378283,42.685696389,53,32.8,23.9,35.4,26.3,2019-05-18T02:58,2019-05-18T15:13,44086.74,42049.93,,,6.3,0.0,0.0,6.3,15.0,,18.1,4.45,47,21.9,4.45,75,0.0,1011.7,974.9,,14.4,0.14,31.5,10906X0039/C2-1
868,2019-05-19,2.685378283,42.685696389,53,33.4,23.5,36.7,26.2,2019-05-19T02:58,2019-05-19T15:13,44092.75,42334.59,,,2.9,0.0,0.0,2.9,11.0,,19.9,5.01,66,21.5,5.01,72,0.0,1012.4,975.6,,14.9,0.14,31.5,10906X0039/C2-1
869,2019-05-20,2.685378283,42.685696389,51,31.8,23.3,33.8,26.4,2019-05-20T02:58,2019-05-20T15:13,44098.64,40059.92,,,1.5,0.0,0.0,1.5,6.0,,18.86,4.63,71,21.4,4.63,73,0.0,1013.2,976.3,,13.5,0.141,31.3,10906X0039/C2-1
870,2019-05-21,2.685378283,42.685696389,3,33.4,22.8,36.4,25.9,2019-05-21T02:58,2019-05-21T15:13,44104.42,43089.46,,,0.0,0.0,0.0,0.0,0.0,,20.62,5.38,53,20.7,5.38,67,0.0,1012.7,976.0,,13.7,0.14,31.3,10906X0039/C2-1
871,2019-05-22,2.685378283,42.685696389,53,33.1,23.6,36.6,27.1,2019-05-22T02:58,2019-05-22T15:13,44110.08,40803.65,,,1.3,0.0,0.0,1.3,9.0,,20.16,4.99,46,21.1,4.99,70,0.0,1012.3,975.5,,11.9,0.139,31.5,10906X0039/C2-1
872,2019-05-23,2.685378283,42.685696389,63,29.9,22.5,33.5,26.2,2019-05-23T02:58,2019-05-23T15:13,44115.61,39968.76,,,19.1,0.0,0.0,19.1,19.0,,15.54,3.38,91,22.4,3.38,81,0.0,1012.8,975.8,,9.6,0.146,31.3,10906X0039/C2-1
873,2019-05-24,2.685378283,42.685696389,61,30.9,22.4,34.7,26.1,2019-05-24T02:58,2019-05-24T15:13,44121.01,41265.48,,,7.0,0.0,0.0,7.0,14.0,,19.07,4.22,66,21.7,4.22,78,0.0,1013.4,976.4,,9.8,0.148,31.0,10906X0039/C2-1
874,2019-05-25,2.685378283,42.685696389,53,31.3,22.8,34.5,25.8,2019-05-25T02:58,2019-05-25T15:13,44126.28,43078.93,,,1.2,0.0,0.0,1.2,3.0,,20.65,4.72,38,21.6,4.72,75,0.0,1013.2,976.2,,13.3,0.147,30.9,10906X0039/C2-1
875,2019-05-26,2.685378283,42.685696389,53,31.2,23.1,34.3,25.9,2019-05-26T02:58,2019-05-26T15:14,44131.4,40824.56,,,2.1,0.0,0.0,2.1,11.0,,19.67,4.58,33,21.8,4.58,77,0.0,1012.0,975.1,,16.3,0.145,30.8,10906X0039/C2-1
876,2019-05-27,2.685378283,42.685696389,51,31.2,23.1,33.8,25.8,2019-05-27T02:58,2019-05-27T15:14,44136.38,39600.0,,,0.7,0.0,0.0,0.7,7.0,,17.46,4.35,52,21.3,4.35,76,0.0,1011.8,974.9,,17.3,0.144,30.6,10906X0039/C2-1
877,2019-05-28,2.685378283,42.685696389,53,30.9,22.7,33.1,25.2,2019-05-28T02:58,2019-05-28T15:14,44141.2,39600.0,,,2.7,0.0,0.0,2.7,11.0,,17.65,4.41,73,21.1,4.41,75,0.0,1012.4,975.4,,17.1,0.142,30.5,10906X0039/C2-1
878,2019-05-29,2.685378283,42.685696389,51,31.4,22.7,33.9,25.0,2019-05-29T02:58,2019-05-29T15:14,44145.86,42384.93,,,0.5,0.0,0.0,0.5,3.0,,19.13,4.76,76,21.1,4.76,75,0.0,1012.7,975.8,,18.5,0.14,30.4,10906X0039/C2-1
879,2019-05-30,2.685378283,42.685696389,51,32.4,22.5,33.8,25.2,2019-05-30T02:58,2019-05-30T15:14,44150.35,39912.11,,,0.5,0.0,0.0,0.5,5.0,,19.92,5.34,39,20.5,5.34,71,0.0,1011.7,974.8,,18.9,0.137,30.4,10906X0039/C2-1
880,2019-05-31,2.685378283,42.685696389,51,32.0,22.7,33.3,25.0,2019-05-31T02:58,2019-05-31T15:14,44154.67,42429.88,,,0.4,0.0,0.0,0.4,4.0,,19.1,5.17,51,20.5,5.17,70,0.0,1011.1,974.2,,19.3,0.136,30.4,10906X0039/C2-1
881,2019-06-01,2.685378283,42.685696389,51,31.7,22.7,33.1,24.8,2019-06-01T02:59,2019-06-01T15:15,44158.82,40184.63,,,1.1,0.0,0.0,1.1,9.0,,18.08,5.01,76,20.4,5.01,70,0.0,1011.0,974.2,,18.5,0.135,30.4,10906X0039/C2-1
882,2019-06-02,2.685378283,42.685696389,3,33.1,23.0,33.7,24.7,2019-06-02T02:59,2019-06-02T15:15,44162.78,41607.82,,,0.0,0.0,0.0,0.0,0.0,,18.31,5.7,66,19.3,5.7,63,0.0,1012.0,975.2,,19.4,0.134,30.5,10906X0039/C2-1
883,2019-06-03,2.685378283,42.685696389,3,33.3,22.8,32.2,23.0,2019-06-03T02:59,2019-06-03T15:15,44166.54,32676.33,,,0.0,0.0,0.0,0.0,0.0,,19.34,6.79,53,16.4,6.79,53,0.0,1012.3,975.6,,20.9,0.134,30.7,10906X0039/C2-1
884,2019-06-04,2.685378283,42.685696389,3,31.6,23.1,30.4,23.2,2019-06-04T02:59,2019-06-04T15:15,44170.11,29764.43,,,0.0,0.0,0.0,0.0,0.0,,13.66,5.75,80,17.2,5.75,55,0.0,1012.3,975.5,,21.8,0.133,30.6,10906X0039/C2-1
885,2019-06-05,2.685378283,42.685696389,3,31.9,22.9,30.6,24.0,2019-06-05T02:59,2019-06-05T15:15,44173.48,39754.1,,,0.0,0.0,0.0,0.0,0.0,,15.8,5.51,62,18.6,5.51,62,0.0,1012.0,975.2,,21.9,0.133,30.6,10906X0039/C2-1
886,2019-06-06,2.685378283,42.685696389,51,33.1,23.3,32.4,24.2,2019-06-06T02:59,2019-06-06T15:16,44176.64,37561.63,,,0.1,0.0,0.0,0.1,1.0,,17.16,6.23,48,18.4,6.23,58,0.0,1012.1,975.3,,22.4,0.132,30.7,10906X0039/C2-1
887,2019-06-07,2.685378283,42.685696389,51,33.1,23.2,33.7,25.3,2019-06-07T02:59,2019-06-07T15:16,44179.58,41234.68,,,0.6,0.0,0.0,0.6,5.0,,19.17,5.87,61,19.7,5.87,64,0.0,1013.1,976.3,,21.2,0.133,30.8,10906X0039/C2-1
888,2019-06-08,2.685378283,42.685696389,51,33.5,23.1,32.9,24.7,2019-06-08T03:00,2019-06-08T15:16,44182.31,36604.67,,,0.1,0.0,0.0,0.1,1.0,,16.62,5.96,40,19.2,5.96,61,0.0,1013.5,976.7,,23.5,0.132,30.9,10906X0039/C2-1
889,2019-06-09,2.685378283,42.685696389,51,33.7,23.5,33.0,24.8,2019-06-09T03:00,2019-06-09T15:16,44184.84,42163.39,,,0.4,0.0,0.0,0.4,4.0,,20.57,6.56,42,19.1,6.56,61,0.0,1013.7,976.9,,24.4,0.133,30.9,10906X0039/C2-1
890,2019-06-10,2.685378283,42.685696389,51,31.9,23.4,30.5,23.9,2019-06-10T03:00,2019-06-10T15:16,44187.18,32902.49,,,1.2,0.0,0.0,1.2,9.0,,16.55,5.52,69,18.9,5.52,64,0.0,1013.8,976.8,,23.2,0.133,30.8,10906X0039/C2-1
891,2019-06-11,2.685378283,42.685696389,53,31.7,23.1,31.1,23.6,2019-06-11T03:00,2019-06-11T15:17,44189.33,30421.21,,,1.3,0.0,0.0,1.3,8.0,,14.5,5.03,72,19.2,5.03,65,0.0,1014.1,977.1,,22.6,0.133,30.6,10906X0039/C2-1
892,2019-06-12,2.685378283,42.685696389,51,32.6,22.6,32.3,24.7,2019-06-12T03:00,2019-06-12T15:17,44191.29,41935.51,,,1.2,0.0,0.0,1.2,10.0,,20.81,6.18,53,19.2,6.18,64,0.0,1014.2,977.3,,22.5,0.132,30.6,10906X0039/C2-1
893,2019-06-13,2.685378283,42.685696389,51,31.9,23.0,30.9,24.8,2019-06-13T03:00,2019-06-13T15:17,44193.05,41293.3,,,0.2,0.0,0.0,0.2,2.0,,16.65,5.57,55,19.2,5.57,64,0.0,1014.3,977.4,,22.4,0.131,30.6,10906X0039/C2-1
894,2019-06-14,2.685378283,42.685696389,51,32.7,22.8,32.9,23.9,2019-06-14T03:01,2019-06-14T15:17,44194.62,42201.11,,,1.0,0.0,0.0,1.0,7.0,,20.25,6.01,47,19.3,6.01,65,0.0,1014.1,977.1,,22.9,0.131,30.6,10906X0039/C2-1
895,2019-06-15,2.685378283,42.685696389,3,31.3,22.4,28.9,22.9,2019-06-15T03:01,2019-06-15T15:17,44195.98,34887.69,,,0.0,0.0,0.0,0.0,0.0,,14.91,6.13,76,16.7,6.13,55,0.0,1014.2,977.3,,24.1,0.131,30.6,10906X0039/C2-1
896,2019-06-16,2.685378283,42.685696389,3,33.4,22.6,31.6,22.6,2019-06-16T03:01,2019-06-16T15:18,44197.15,30162.86,,,0.0,0.0,0.0,0.0,0.0,,20.16,7.25,80,16.1,7.25,52,0.0,1014.6,977.7,,24.6,0.132,30.6,10906X0039/C2-1
897,2019-06-17,2.685378283,42.685696389,53,31.6,22.3,30.4,22.7,2019-06-17T03:01,2019-06-17T15:18,44198.12,35993.35,,,2.8,0.0,0.0,2.8,8.0,,15.47,4.92,92,19.0,4.92,67,0.0,1016.0,978.9,,20.6,0.131,30.5,10906X0039/C2-1
898,2019-06-18,2.685378283,42.685696389,51,32.9,22.2,32.9,24.3,2019-06-18T03:02,2019-06-18T15:18,44198.89,41398.77,,,0.2,0.0,0.0,0.2,2.0,,17.95,5.57,63,18.7,5.57,63,0.0,1015.6,978.6,,18.7,0.131,30.4,10906X0039/C2-1
899,2019-06-19,2.685378283,42.685696389,51,32.2,22.2,32.8,24.0,2019-06-19T03:02,2019-06-19T15:18,44199.46,40168.38,,,0.3,0.0,0.0,0.3,3.0,,16.75,5.29,43,19.3,5.29,65,0.0,1014.6,977.6,,21.3,0.131,30.5,10906X0039/C2-1
900,2019-06-20,2.685378283,42.685696389,51,32.4,21.9,31.8,23.3,2019-06-20T03:02,2019-06-20T15:19,44199.82,42837.79,,,0.1,0.0,0.0,0.1,1.0,,19.19,6.32,54,17.9,6.32,59,0.0,1014.0,977.1,,22.3,0.131,30.5,10906X0039/C2-1
901,2019-06-21,2.685378283,42.685696389,51,31.7,22.9,31.1,23.3,2019-06-21T03:02,2019-06-21T15:19,44199.99,39984.38,,,2.2,0.0,0.0,2.2,12.0,,18.09,5.51,58,19.0,5.51,66,0.0,1014.2,977.2,,23.1,0.132,30.5,10906X0039/C2-1
902,2019-06-22,2.685378283,42.685696389,51,31.4,22.6,30.4,23.7,2019-06-22T03:02,2019-06-22T15:19,44199.94,38414.81,,,0.3,0.0,0.0,0.3,2.0,,15.92,5.35,63,18.4,5.35,62,0.0,1013.2,976.2,,21.2,0.133,30.4,10906X0039/C2-1
903,2019-06-23,2.685378283,42.685696389,3,33.2,21.9,33.3,23.2,2019-06-23T03:03,2019-06-23T15:19,44199.69,42602.55,,,0.0,0.0,0.0,0.0,0.0,,21.49,6.39,38,18.2,6.39,61,0.0,1012.0,975.1,,20.5,0.133,30.4,10906X0039/C2-1
904,2019-06-24,2.685378283,42.685696389,3,32.7,22.5,33.1,24.6,2019-06-24T03:03,2019-06-24T15:19,44199.25,41409.57,,,0.0,0.0,0.0,0.0,0.0,,17.07,5.35,49,19.5,5.35,65,0.0,1011.8,975.0,,20.4,0.133,30.5,10906X0039/C2-1
905,2019-06-25,2.685378283,42.685696389,51,32.7,22.7,33.4,23.9,2019-06-25T03:03,2019-06-25T15:20,44198.59,41524.53,,,0.2,0.0,0.0,0.2,2.0,,18.81,5.97,29,18.9,5.97,62,0.0,1012.5,975.7,,21.1,0.133,30.6,10906X0039/C2-1
906,2019-06-26,2.685378283,42.685696389,3,33.2,22.4,33.2,24.0,2019-06-26T03:03,2019-06-26T15:20,44197.73,41780.67,,,0.0,0.0,0.0,0.0,0.0,,19.7,6.38,41,18.0,6.38,58,0.0,1013.4,976.6,,20.5,0.132,30.7,10906X0039/C2-1
907,2019-06-27,2.685378283,42.685696389,51,31.9,22.3,30.4,23.5,2019-06-27T03:03,2019-06-27T15:20,44196.65,38557.44,,,0.2,0.0,0.0,0.2,2.0,,16.21,5.49,70,18.5,5.49,63,0.0,1014.0,977.0,,22.4,0.133,30.6,10906X0039/C2-1
908,2019-06-28,2.685378283,42.685696389,51,31.9,22.7,30.8,22.8,2019-06-28T03:04,2019-06-28T15:20,44195.38,39252.66,,,0.5,0.0,0.0,0.5,5.0,,18.93,6.4,47,17.9,6.4,60,0.0,1013.6,976.7,,25.0,0.134,30.6,10906X0039/C2-1
909,2019-06-29,2.685378283,42.685696389,3,33.0,21.8,30.8,22.2,2019-06-29T03:04,2019-06-29T15:20,44193.88,31969.79,,,0.0,0.0,0.0,0.0,0.0,,20.55,7.17,55,16.0,7.17,53,0.0,1013.4,976.5,,23.1,0.134,30.6,10906X0039/C2-1
910,2019-06-30,2.685378283,42.685696389,51,33.9,22.3,31.7,23.4,2019-06-30T03:04,2019-06-30T15:21,44192.16,42299.64,,,1.2,0.0,0.0,1.2,6.0,,20.42,6.52,72,18.2,6.52,60,0.0,1014.1,977.2,,21.9,0.134,30.7,10906X0039/C2-1
911,2019-07-01,2.685378283,42.685696389,51,33.0,23.1,33.4,24.9,2019-07-01T03:04,2019-07-01T15:21,44190.23,39674.91,,,0.6,0.0,0.0,0.6,5.0,,18.71,5.7,69,19.9,5.7,66,0.0,1013.3,976.4,,22.2,0.135,30.7,10906X0039/C2-1
912,2019-07-02,2.685378283,42.685696389,3,32.9,22.6,31.1,22.9,2019-07-02T03:04,2019-07-02T15:21,44188.08,41306.99,,,0.0,0.0,0.0,0.0,0.0,,19.35,6.38,75,17.7,6.38,60,0.0,1012.4,975.6,,22.5,0.135,30.7,10906X0039/C2-1
913,2019-07-03,2.685378283,42.685696389,3,32.9,21.8,31.4,22.8,2019-07-03T03:05,2019-07-03T15:21,44185.72,31407.92,,,0.0,0.0,0.0,0.0,0.0,,16.19,6.05,87,16.8,6.05,56,0.0,1013.0,976.1,,22.1,0.134,30.6,10906X0039/C2-1
914,2019-07-04,2.685378283,42.685696389,3,33.7,21.5,31.7,22.5,2019-07-04T03:05,2019-07-04T15:21,44183.16,39417.77,,,0.0,0.0,0.0,0.0,0.0,,21.82,7.2,91,16.3,7.2,54,0.0,1013.3,976.5,,21.8,0.134,30.7,10906X0039/C2-1
915,2019-07-05,2.685378283,42.685696389,51,32.1,22.0,31.2,23.3,2019-07-05T03:05,2019-07-05T15:21,44180.41,41651.34,,,0.2,0.0,0.0,0.2,2.0,,18.41,6.15,82,18.0,6.15,60,0.0,1012.8,976.0,,22.8,0.134,30.7,10906X0039/C2-1
916,2019-07-06,2.685378283,42.685696389,51,32.5,22.7,32.3,23.7,2019-07-06T03:05,2019-07-06T15:22,44177.46,37409.28,,,0.5,0.0,0.0,0.5,4.0,,19.69,6.11,87,18.6,6.11,62,0.0,1012.8,976.0,,21.5,0.134,30.7,10906X0039/C2-1
917,2019-07-07,2.685378283,42.685696389,51,31.8,22.8,31.9,24.6,2019-07-07T03:05,2019-07-07T15:22,44174.32,40079.88,,,0.9,0.0,0.0,0.9,6.0,,18.56,5.39,83,19.4,5.39,67,0.0,1013.7,976.7,,20.2,0.135,30.7,10906X0039/C2-1
918,2019-07-08,2.685378283,42.685696389,51,32.1,22.0,31.8,23.8,2019-07-08T03:06,2019-07-08T15:22,44171.0,36404.35,,,0.8,0.0,0.0,0.8,3.0,,16.45,5.08,47,18.8,5.08,65,0.0,1014.4,977.4,,18.3,0.135,30.5,10906X0039/C2-1
919,2019-07-09,2.685378283,42.685696389,3,32.3,21.5,31.1,23.7,2019-07-09T03:06,2019-07-09T15:22,44167.51,36051.35,,,0.0,0.0,0.0,0.0,0.0,,15.45,5.25,72,18.8,5.25,63,0.0,1013.7,976.8,,19.9,0.135,30.4,10906X0039/C2-1
920,2019-07-10,2.685378283,42.685696389,51,31.6,22.5,31.9,23.7,2019-07-10T03:06,2019-07-10T15:22,44163.83,31616.09,,,0.5,0.0,0.0,0.5,5.0,,15.93,5.07,69,19.7,5.07,68,0.0,1012.9,976.0,,22.6,0.136,30.4,10906X0039/C2-1
921,2019-07-11,2.685378283,42.685696389,51,31.2,23.0,32.3,24.6,2019-07-11T03:06,2019-07-11T15:22,44159.99,38288.15,,,1.2,0.0,0.0,1.2,8.0,,17.95,4.98,96,19.9,4.98,70,0.0,1013.7,976.7,,19.8,0.135,30.4,10906X0039/C2-1
922,2019-07-12,2.685378283,42.685696389,51,31.6,22.3,32.5,24.2,2019-07-12T03:06,2019-07-12T15:22,44155.99,39312.45,,,0.9,0.0,0.0,0.9,7.0,,17.7,5.17,97,19.2,5.17,66,0.0,1013.9,976.9,,18.5,0.134,30.3,10906X0039/C2-1
923,2019-07-13,2.685378283,42.685696389,3,31.9,21.7,31.8,22.7,2019-07-13T03:07,2019-07-13T15:22,44151.83,35990.21,,,0.0,0.0,0.0,0.0,0.0,,16.63,5.31,67,18.6,5.31,66,0.0,1014.9,977.8,,23.4,0.134,30.2,10906X0039/C2-1
924,2019-07-14,2.685378283,42.685696389,51,31.1,22.1,31.4,23.1,2019-07-14T03:07,2019-07-14T15:23,44147.51,39608.72,,,1.4,0.0,0.0,1.4,9.0,,19.06,5.35,43,19.0,5.35,68,0.0,1015.2,978.1,,21.5,0.134,30.1,10906X0039/C2-1
925,2019-07-15,2.685378283,42.685696389,53,30.6,21.5,30.2,23.2,2019-07-15T03:07,2019-07-15T15:23,44143.05,39819.03,,,2.2,0.0,0.0,2.2,9.0,,18.49,5.16,51,18.3,5.16,67,0.0,1015.1,978.0,,18.8,0.135,30.0,10906X0039/C2-1
926,2019-07-16,2.685378283,42.685696389,53,29.6,21.4,28.6,22.5,2019-07-16T03:07,2019-07-16T15:23,44138.44,37973.29,,,3.0,0.0,0.0,3.0,13.0,,17.88,4.77,70,18.8,4.77,72,0.0,1016.3,979.0,,21.7,0.136,29.8,10906X0039/C2-1
927,2019-07-17,2.685378283,42.685696389,61,29.2,21.1,28.3,21.9,2019-07-17T03:07,2019-07-17T15:23,44133.69,35625.12,,,3.5,0.0,0.0,3.5,14.0,,16.6,4.3,51,18.9,4.3,74,0.0,1017.0,979.6,,21.7,0.139,29.4,10906X0039/C2-1
928,2019-07-18,2.685378283,42.685696389,51,30.3,20.6,29.3,21.4,2019-07-18T03:07,2019-07-18T15:23,44128.8,30989.6,,,0.9,0.0,0.0,0.9,5.0,,17.06,4.9,77,17.9,4.9,67,0.0,1015.9,978.7,,19.6,0.138,29.2,10906X0039/C2-1
929,2019-07-19,2.685378283,42.685696389,51,31.0,21.0,30.1,22.7,2019-07-19T03:07,2019-07-19T15:23,44123.72,39348.15,,,0.7,0.0,0.0,0.7,5.0,,18.89,5.51,62,17.5,5.51,64,0.0,1014.4,977.3,,20.0,0.137,29.2,10906X0039/C2-1
930,2019-07-20,2.685378283,42.685696389,51,30.8,20.8,29.6,22.1,2019-07-20T03:07,2019-07-20T15:23,44118.45,30309.26,,,1.0,0.0,0.0,1.0,8.0,,17.06,5.52,73,17.8,5.52,63,0.0,1013.6,976.6,,22.3,0.136,29.2,10906X0039/C2-1
931,2019-07-21,2.685378283,42.685696389,3,32.8,20.9,31.1,22.0,2019-07-21T03:08,2019-07-21T15:23,44113.01,30361.02,,,0.0,0.0,0.0,0.0,0.0,,20.08,6.51,95,16.4,6.51,58,0.0,1013.0,976.0,,21.8,0.134,29.4,10906X0039/C2-1
932,2019-07-22,2.685378283,42.685696389,3,32.1,21.5,29.3,20.6,2019-07-22T03:08,2019-07-22T15:23,44107.4,34176.35,,,0.0,0.0,0.0,0.0,0.0,,20.57,7.57,91,14.2,7.57,49,0.0,1013.1,976.2,,26.4,0.134,29.5,10906X0039/C2-1
933,2019-07-23,2.685378283,42.685696389,3,31.3,21.3,28.3,20.8,2019-07-23T03:08,2019-07-23T15:23,44101.63,27488.82,,,0.0,0.0,0.0,0.0,0.0,,14.45,6.18,84,15.8,6.18,55,0.0,1012.5,975.5,,26.7,0.133,29.4,10906X0039/C2-1
934,2019-07-24,2.685378283,42.685696389,51,31.9,21.5,28.9,20.9,2019-07-24T03:08,2019-07-24T15:23,44095.69,29050.37,,,0.1,0.0,0.0,0.1,1.0,,14.88,6.2,74,15.0,6.2,52,0.0,1012.6,975.6,,24.0,0.132,29.4,10906X0039/C2-1
935,2019-07-25,2.685378283,42.685696389,3,31.7,21.5,30.2,20.8,2019-07-25T03:08,2019-07-25T15:23,44089.62,26213.03,,,0.0,0.0,0.0,0.0,0.0,,16.13,5.86,72,16.2,5.86,58,0.0,1013.3,976.2,,24.0,0.132,29.3,10906X0039/C2-1
936,2019-07-26,2.685378283,42.685696389,3,30.6,21.6,27.2,20.1,2019-07-26T03:08,2019-07-26T15:23,44083.4,18286.99,,,0.0,0.0,0.0,0.0,0.0,,11.16,5.88,90,13.9,5.88,50,0.0,1013.3,976.2,,24.2,0.132,29.2,10906X0039/C2-1
937,2019-07-27,2.685378283,42.685696389,3,30.4,22.0,27.5,21.5,2019-07-27T03:08,2019-07-27T15:23,44077.06,27570.18,,,0.0,0.0,0.0,0.0,0.0,,15.73,6.16,88,15.3,6.16,53,0.0,1012.9,975.9,,23.8,0.132,29.2,10906X0039/C2-1
938,2019-07-28,2.685378283,42.685696389,3,30.7,21.5,28.4,21.8,2019-07-28T03:08,2019-07-28T15:22,44070.59,22925.9,,,0.0,0.0,0.0,0.0,0.0,,14.34,5.8,93,16.2,5.8,56,0.0,1012.6,975.7,,22.8,0.131,29.2,10906X0039/C2-1
939,2019-07-29,2.685378283,42.685696389,51,30.3,22.2,29.0,22.3,2019-07-29T03:08,2019-07-29T15:22,44064.01,23303.92,,,0.1,0.0,0.0,0.1,1.0,,13.59,5.11,90,17.7,5.11,62,0.0,1013.1,976.1,,22.6,0.13,29.3,10906X0039/C2-1
940,2019-07-30,2.685378283,42.685696389,51,30.9,21.7,29.8,22.8,2019-07-30T03:08,2019-07-30T15:22,44057.31,29169.62,,,0.8,0.0,0.0,0.8,5.0,,14.36,4.75,93,18.4,4.75,66,0.0,1013.1,976.1,,20.7,0.13,29.3,10906X0039/C2-1
941,2019-07-31,2.685378283,42.685696389,51,31.1,22.0,30.4,23.1,2019-07-31T03:08,2019-07-31T15:22,44050.52,33869.43,,,0.3,0.0,0.0,0.3,2.0,,15.9,4.96,84,17.8,4.96,64,0.0,1013.9,976.9,,17.6,0.13,29.2,10906X0039/C2-1
942,2019-08-01,2.685378283,42.685696389,3,32.9,20.8,32.6,22.7,2019-08-01T03:08,2019-08-01T15:22,44043.63,37646.43,,,0.0,0.0,0.0,0.0,0.0,,21.32,6.38,94,17.1,6.38,60,0.0,1014.1,977.1,,18.7,0.13,29.4,10906X0039/C2-1
943,2019-08-02,2.685378283,42.685696389,3,33.8,21.6,32.4,23.4,2019-08-02T03:08,2019-08-02T15:22,44036.66,39722.41,,,0.0,0.0,0.0,0.0,0.0,,20.81,6.48,52,17.8,6.48,61,0.0,1014.0,977.0,,21.3,0.129,29.6,10906X0039/C2-1
944,2019-08-03,2.685378283,42.685696389,51,32.2,22.2,31.0,22.2,2019-08-03T03:08,2019-08-03T15:22,44029.61,33896.23,,,0.5,0.0,0.0,0.5,5.0,,15.75,5.68,73,17.5,5.68,60,0.0,1014.6,977.6,,22.6,0.129,29.7,10906X0039/C2-1
945,2019-08-04,2.685378283,42.685696389,51,29.8,21.2,28.4,22.1,2019-08-04T03:08,2019-08-04T15:22,44022.48,11946.89,,,0.6,0.0,0.0,0.6,3.0,,12.06,4.54,96,17.5,4.54,63,0.0,1015.1,978.0,,20.0,0.13,29.5,10906X0039/C2-1
946,2019-08-05,2.685378283,42.685696389,3,33.5,20.3,32.6,21.8,2019-08-05T03:08,2019-08-05T15:22,44015.29,36916.02,,,0.0,0.0,0.0,0.0,0.0,,20.08,6.46,72,17.5,6.46,59,0.0,1014.4,977.5,,20.0,0.131,29.6,10906X0039/C2-1
947,2019-08-06,2.685378283,42.685696389,51,32.7,22.4,33.3,24.2,2019-08-06T03:08,2019-08-06T15:21,44008.04,38772.51,,,0.7,0.0,0.0,0.7,6.0,,17.99,5.53,65,19.5,5.53,66,0.0,1014.5,977.5,,20.9,0.131,29.7,10906X0039/C2-1
948,2019-08-07,2.685378283,42.685696389,51,32.6,21.8,32.6,22.6,2019-08-07T03:08,2019-08-07T15:21,44000.73,39600.0,,,0.8,0.0,0.0,0.8,7.0,,19.53,6.1,46,18.7,6.1,63,0.0,1014.7,977.7,,23.2,0.131,29.8,10906X0039/C2-1
949,2019-08-08,2.685378283,42.685696389,51,32.7,21.5,31.8,21.3,2019-08-08T03:08,2019-08-08T15:21,43993.3,39438.79,,,0.4,0.0,0.0,0.4,3.0,,22.91,7.05,51,15.4,7.05,55,0.0,1014.8,977.7,,20.8,0.132,29.8,10906X0039/C2-1
950,2019-08-09,2.685378283,42.685696389,3,32.5,19.7,31.3,20.7,2019-08-09T03:08,2019-08-09T15:21,43985.74,42220.93,,,0.0,0.0,0.0,0.0,0.0,,21.56,6.98,27,15.0,6.98,53,0.0,1015.2,978.1,,20.7,0.132,29.8,10906X0039/C2-1
951,2019-08-10,2.685378283,42.685696389,51,31.2,20.9,29.8,21.9,2019-08-10T03:08,2019-08-10T15:21,43978.07,40429.66,,,0.5,0.0,0.0,0.5,3.0,,17.37,5.75,58,17.7,5.75,62,0.0,1015.7,978.6,,23.5,0.132,29.7,10906X0039/C2-1
952,2019-08-11,2.685378283,42.685696389,51,31.5,21.1,30.7,21.7,2019-08-11T03:08,2019-08-11T15:20,43970.29,41726.88,,,0.3,0.0,0.0,0.3,3.0,,18.7,6.2,57,17.1,6.2,60,0.0,1015.3,978.2,,24.7,0.132,29.7,10906X0039/C2-1
953,2019-08-12,2.685378283,42.685696389,51,31.4,21.1,28.9,21.5,2019-08-12T03:07,2019-08-12T15:20,43962.42,30557.37,,,0.1,0.0,0.0,0.1,1.0,,16.19,6.13,69,16.1,6.13,56,0.0,1014.8,977.8,,23.4,0.132,29.6,10906X0039/C2-1
954,2019-08-13,2.685378283,42.685696389,3,31.7,21.5,29.2,22.2,2019-08-13T03:07,2019-08-13T15:20,43954.46,33274.92,,,0.0,0.0,0.0,0.0,0.0,,17.01,6.21,72,16.7,6.21,58,0.0,1015.2,978.2,,23.7,0.132,29.7,10906X0039/C2-1
955,2019-08-14,2.685378283,42.685696389,3,31.4,21.8,29.6,21.8,2019-08-14T03:07,2019-08-14T15:20,43946.4,27186.21,,,0.0,0.0,0.0,0.0,0.0,,17.58,6.51,68,15.7,6.51,54,0.0,1015.9,978.9,,22.9,0.131,29.7,10906X0039/C2-1
956,2019-08-15,2.685378283,42.685696389,3,30.4,20.7,28.0,21.4,2019-08-15T03:07,2019-08-15T15:19,43938.29,32725.64,,,0.0,0.0,0.0,0.0,0.0,,15.29,5.71,82,16.4,5.71,58,0.0,1016.3,979.1,,22.9,0.131,29.6,10906X0039/C2-1
957,2019-08-16,2.685378283,42.685696389,3,30.8,20.5,28.2,21.3,2019-08-16T03:07,2019-08-16T15:19,43930.1,33751.57,,,0.0,0.0,0.0,0.0,0.0,,15.28,5.62,78,16.5,5.62,59,0.0,1015.3,978.2,,22.0,0.131,29.6,10906X0039/C2-1
958,2019-08-17,2.685378283,42.685696389,3,32.6,21.0,30.5,21.4,2019-08-17T03:07,2019-08-17T15:19,43921.85,32817.85,,,0.0,0.0,0.0,0.0,0.0,,20.42,7.0,51,15.8,7.0,56,0.0,1013.5,976.5,,24.2,0.132,29.6,10906X0039/C2-1
959,2019-08-18,2.685378283,42.685696389,3,32.1,21.1,30.6,21.6,2019-08-18T03:07,2019-08-18T15:19,43913.55,29249.83,,,0.0,0.0,0.0,0.0,0.0,,17.17,6.36,51,16.1,6.36,56,0.0,1013.7,976.7,,23.3,0.131,29.7,10906X0039/C2-1
960,2019-08-19,2.685378283,42.685696389,3,35.0,21.2,32.5,21.4,2019-08-19T03:07,2019-08-19T15:18,43905.2,36085.77,,,0.0,0.0,0.0,0.0,0.0,,22.8,7.85,24,14.9,7.85,51,0.0,1013.7,976.8,,24.6,0.129,29.8,10906X0039/C2-1
961,2019-08-20,2.685378283,42.685696389,3,33.9,21.3,32.1,21.5,2019-08-20T03:06,2019-08-20T15:18,43896.81,42354.02,,,0.0,0.0,0.0,0.0,0.0,,21.75,7.25,76,16.5,7.25,55,0.0,1014.1,977.2,,24.2,0.129,29.9,10906X0039/C2-1
962,2019-08-21,2.685378283,42.685696389,3,32.6,22.2,32.8,22.9,2019-08-21T03:06,2019-08-21T15:18,43888.4,41002.98,,,0.0,0.0,0.0,0.0,0.0,,18.37,6.37,81,17.7,6.37,59,0.0,1014.6,977.7,,24.1,0.13,30.0,10906X0039/C2-1
963,2019-08-22,2.685378283,42.685696389,51,32.5,22.6,31.7,22.9,2019-08-22T03:06,2019-08-22T15:17,43879.95,41392.1,,,0.1,0.0,0.0,0.1,1.0,,19.94,6.72,81,17.3,6.72,57,0.0,1014.4,977.5,,23.4,0.13,30.1,10906X0039/C2-1
964,2019-08-23,2.685378283,42.685696389,3,32.0,22.1,30.3,22.9,2019-08-23T03:06,2019-08-23T15:17,43871.48,30077.77,,,0.0,0.0,0.0,0.0,0.0,,15.4,5.56,51,18.3,5.56,62,0.0,1014.8,977.9,,23.5,0.13,30.0,10906X0039/C2-1
965,2019-08-24,2.685378283,42.685696389,51,32.3,22.3,32.5,23.4,2019-08-24T03:06,2019-08-24T15:17,43863.01,41842.6,,,1.6,0.0,0.0,1.6,10.0,,20.79,5.82,41,19.2,5.82,67,0.0,1015.5,978.5,,22.3,0.131,30.0,10906X0039/C2-1
966,2019-08-25,2.685378283,42.685696389,53,31.1,22.2,31.5,23.2,2019-08-25T03:05,2019-08-25T15:16,43854.53,39600.0,,,3.2,0.0,0.0,3.2,11.0,,18.21,5.03,69,19.4,5.03,71,0.0,1015.0,977.9,,22.4,0.132,29.9,10906X0039/C2-1
967,2019-08-26,2.685378283,42.685696389,3,30.9,21.3,29.4,21.3,2019-08-26T03:05,2019-08-26T15:16,43846.04,34321.11,,,0.0,0.0,0.0,0.0,0.0,,16.51,5.39,52,17.5,5.39,62,0.0,1015.3,978.2,,20.9,0.132,29.7,10906X0039/C2-1
968,2019-08-27,2.685378283,42.685696389,3,32.9,20.2,31.7,20.9,2019-08-27T03:05,2019-08-27T15:16,43837.55,42660.62,,,0.0,0.0,0.0,0.0,0.0,,24.89,7.3,60,16.1,7.3,57,0.0,1014.4,977.4,,21.7,0.131,29.8,10906X0039/C2-1
969,2019-08-28,2.685378283,42.685696389,51,33.5,20.9,31.9,21.5,2019-08-28T03:05,2019-08-28T15:15,43829.0,41802.58,,,0.2,0.0,0.0,0.2,1.0,,24.06,7.51,69,16.5,7.51,57,0.0,1013.5,976.6,,24.3,0.131,30.0,10906X0039/C2-1
970,2019-08-29,2.685378283,42.685696389,3,33.9,20.7,33.2,21.4,2019-08-29T03:05,2019-08-29T15:15,43820.38,39040.02,,,0.0,0.0,0.0,0.0,0.0,,20.75,6.56,52,17.4,6.56,59,0.0,1013.6,976.7,,21.5,0.131,30.0,10906X0039/C2-1
971,2019-08-30,2.685378283,42.685696389,3,32.5,22.5,31.7,24.0,2019-08-30T03:04,2019-08-30T15:15,43811.69,28731.94,,,0.0,0.0,0.0,0.0,0.0,,17.23,6.0,77,18.1,6.0,60,0.0,1012.3,975.5,,21.6,0.131,30.0,10906X0039/C2-1
972,2019-08-31,2.685378283,42.685696389,3,33.1,22.3,32.4,23.9,2019-08-31T03:04,2019-08-31T15:14,43802.96,33783.51,,,0.0,0.0,0.0,0.0,0.0,,19.18,6.5,48,17.7,6.5,59,0.0,1011.1,974.3,,21.8,0.131,30.2,10906X0039/C2-1
973,2019-09-01,2.685378283,42.685696389,3,33.4,22.5,33.6,23.4,2019-09-01T03:04,2019-09-01T15:14,43794.18,30590.44,,,0.0,0.0,0.0,0.0,0.0,,18.82,6.41,56,17.7,6.41,58,0.0,1011.2,974.5,,21.3,0.131,30.3,10906X0039/C2-1
974,2019-09-02,2.685378283,42.685696389,3,33.8,21.8,33.7,22.9,2019-09-02T03:04,2019-09-02T15:13,43785.35,30481.89,,,0.0,0.0,0.0,0.0,0.0,,18.18,6.26,62,17.7,6.26,59,0.0,1013.0,976.1,,21.8,0.131,30.3,10906X0039/C2-1
975,2019-09-03,2.685378283,42.685696389,3,34.1,21.8,32.1,22.5,2019-09-03T03:03,2019-09-03T15:13,43776.49,33082.17,,,0.0,0.0,0.0,0.0,0.0,,20.87,7.24,59,16.6,7.24,55,0.0,1013.7,976.9,,23.5,0.131,30.3,10906X0039/C2-1
976,2019-09-04,2.685378283,42.685696389,51,33.1,22.5,33.2,23.2,2019-09-04T03:03,2019-09-04T15:13,43767.61,41696.89,,,0.4,0.0,0.0,0.4,2.0,,21.03,6.92,70,17.7,6.92,58,0.0,1013.2,976.4,,24.3,0.131,30.4,10906X0039/C2-1
977,2019-09-05,2.685378283,42.685696389,3,33.9,22.5,32.6,23.3,2019-09-05T03:03,2019-09-05T15:12,43758.71,36390.35,,,0.0,0.0,0.0,0.0,0.0,,21.1,7.02,72,17.2,7.02,57,0.0,1013.4,976.6,,22.7,0.131,30.5,10906X0039/C2-1
978,2019-09-06,2.685378283,42.685696389,3,35.0,22.6,34.0,22.6,2019-09-06T03:03,2019-09-06T15:12,43749.79,32008.34,,,0.0,0.0,0.0,0.0,0.0,,23.0,7.67,85,16.7,7.67,54,0.0,1013.8,977.0,,23.6,0.13,30.6,10906X0039/C2-1
979,2019-09-07,2.685378283,42.685696389,3,34.2,22.0,32.2,22.2,2019-09-07T03:02,2019-09-07T15:11,43740.85,39650.22,,,0.0,0.0,0.0,0.0,0.0,,23.71,8.12,90,16.1,8.12,54,0.0,1014.4,977.6,,26.4,0.131,30.7,10906X0039/C2-1
980,2019-09-08,2.685378283,42.685696389,51,34.6,22.2,32.2,22.0,2019-09-08T03:02,2019-09-08T15:11,43731.92,42841.56,,,0.3,0.0,0.0,0.3,2.0,,23.95,7.93,73,16.4,7.93,54,0.0,1014.7,977.8,,26.0,0.131,30.7,10906X0039/C2-1
981,2019-09-09,2.685378283,42.685696389,53,29.2,21.8,27.5,22.8,2019-09-09T03:02,2019-09-09T15:11,43722.99,24317.75,,,1.8,0.0,0.0,1.8,5.0,,14.32,4.1,88,19.2,4.1,74,0.0,1015.0,977.8,,21.1,0.132,30.3,10906X0039/C2-1
982,2019-09-10,2.685378283,42.685696389,51,31.7,21.8,33.1,23.8,2019-09-10T03:02,2019-09-10T15:10,43714.07,39600.0,,,1.1,0.0,0.0,1.1,9.0,,21.33,5.37,64,19.9,5.37,72,0.0,1013.9,976.8,,17.6,0.133,30.1,10906X0039/C2-1
983,2019-09-11,2.685378283,42.685696389,3,31.1,21.5,30.2,22.7,2019-09-11T03:01,2019-09-11T15:10,43705.17,36273.0,,,0.0,0.0,0.0,0.0,0.0,,17.59,5.21,70,18.3,5.21,65,0.0,1014.1,977.1,,19.0,0.133,30.0,10906X0039/C2-1
984,2019-09-12,2.685378283,42.685696389,3,33.4,21.1,33.0,22.9,2019-09-12T03:01,2019-09-12T15:09,43696.28,37617.06,,,0.0,0.0,0.0,0.0,0.0,,23.36,6.38,67,18.0,6.38,63,0.0,1014.6,977.6,,17.8,0.132,30.1,10906X0039/C2-1
985,2019-09-13,2.685378283,42.685696389,51,32.4,20.5,32.9,22.7,2019-09-13T03:01,2019-09-13T15:09,43687.42,41832.95,,,0.1,0.0,0.0,0.1,1.0,,17.99,5.17,63,18.9,5.17,67,0.0,1014.0,977.0,,17.1,0.131,30.1,10906X0039/C2-1
986,2019-09-14,2.685378283,42.685696389,51,32.2,22.0,34.0,23.8,2019-09-14T03:00,2019-09-14T15:08,43678.59,42317.44,,,1.6,0.0,0.0,1.6,7.0,,20.04,5.2,43,20.3,5.2,71,0.0,1013.5,976.5,,18.2,0.132,30.1,10906X0039/C2-1
987,2019-09-15,2.685378283,42.685696389,51,31.7,21.9,31.8,23.5,2019-09-15T03:00,2019-09-15T15:08,43669.8,35385.52,,,0.5,0.0,0.0,0.5,3.0,,16.5,5.1,52,18.9,5.1,67,0.0,1013.6,976.6,,19.9,0.132,30.1,10906X0039/C2-1
988,2019-09-16,2.685378283,42.685696389,3,33.6,21.2,33.2,21.7,2019-09-16T03:00,2019-09-16T15:08,43661.03,41144.73,,,0.0,0.0,0.0,0.0,0.0,,24.27,6.94,50,16.8,6.94,59,0.0,1013.0,976.1,,20.1,0.132,30.2,10906X0039/C2-1
989,2019-09-17,2.685378283,42.685696389,3,33.6,20.2,32.6,21.0,2019-09-17T03:00,2019-09-17T15:07,43652.24,40871.61,,,0.0,0.0,0.0,0.0,0.0,,25.09,7.5,32,15.2,7.5,54,0.0,1012.7,975.8,,20.6,0.132,30.3,10906X0039/C2-1
990,2019-09-18,2.685378283,42.685696389,3,34.9,21.4,34.1,23.0,2019-09-18T02:59,2019-09-18T15:07,43643.42,43005.96,,,0.0,0.0,0.0,0.0,0.0,,23.82,7.13,29,17.3,7.13,60,0.0,1012.9,976.0,,21.4,0.132,30.4,10906X0039/C2-1
991,2019-09-19,2.685378283,42.685696389,3,33.8,22.6,32.6,23.5,2019-09-19T02:59,2019-09-19T15:06,43634.57,41118.44,,,0.0,0.0,0.0,0.0,0.0,,23.44,7.39,67,17.2,7.39,57,0.0,1013.0,976.2,,23.2,0.132,30.5,10906X0039/C2-1
992,2019-09-20,2.685378283,42.685696389,3,33.9,22.1,32.6,22.1,2019-09-20T02:59,2019-09-20T15:06,43625.7,39956.36,,,0.0,0.0,0.0,0.0,0.0,,21.38,7.01,83,17.0,7.01,57,0.0,1012.9,976.0,,23.2,0.132,30.6,10906X0039/C2-1
993,2019-09-21,2.685378283,42.685696389,3,34.2,20.9,32.4,21.8,2019-09-21T02:58,2019-09-21T15:05,43616.81,34766.94,,,0.0,0.0,0.0,0.0,0.0,,23.82,7.7,67,15.5,7.7,54,0.0,1012.5,975.7,,22.2,0.132,30.6,10906X0039/C2-1
994,2019-09-22,2.685378283,42.685696389,3,34.7,21.1,33.0,21.6,2019-09-22T02:58,2019-09-22T15:05,43607.93,43073.49,,,0.0,0.0,0.0,0.0,0.0,,25.45,8.0,59,15.7,8.0,54,0.0,1013.0,976.2,,22.7,0.133,30.7,10906X0039/C2-1
995,2019-09-23,2.685378283,42.685696389,3,34.6,21.7,33.8,22.6,2019-09-23T02:58,2019-09-23T15:05,43599.04,38773.59,,,0.0,0.0,0.0,0.0,0.0,,24.72,7.71,36,16.7,7.71,55,0.0,1013.0,976.2,,22.3,0.132,30.8,10906X0039/C2-1
996,2019-09-24,2.685378283,42.685696389,1,35.9,22.1,34.4,23.4,2019-09-24T02:58,2019-09-24T15:04,43590.15,43107.74,,,0.0,0.0,0.0,0.0,0.0,,25.72,8.1,10,16.4,8.1,52,0.0,1012.0,975.3,,21.5,0.132,31.0,10906X0039/C2-1
997,2019-09-25,2.685378283,42.685696389,3,36.1,22.1,34.8,22.9,2019-09-25T02:57,2019-09-25T15:04,43581.27,43124.78,,,0.0,0.0,0.0,0.0,0.0,,26.54,8.19,17,16.8,8.19,52,0.0,1011.1,974.5,,21.6,0.132,31.2,10906X0039/C2-1
998,2019-09-26,2.685378283,42.685696389,61,33.3,22.9,34.3,24.3,2019-09-26T02:57,2019-09-26T15:03,43572.4,42213.85,,,5.3,0.0,0.0,5.3,8.0,,20.03,5.6,68,20.1,5.6,70,0.0,1013.1,976.2,,22.4,0.134,31.1,10906X0039/C2-1
999,2019-09-27,2.685378283,42.685696389,51,31.8,22.3,33.1,24.1,2019-09-27T02:57,2019-09-27T15:03,43563.56,42608.96,,,1.7,0.0,0.0,1.7,12.0,,19.76,5.12,92,19.7,5.12,70,0.0,1014.5,977.5,,17.9,0.136,30.6,10906X0039/C2-1
1000,2019-09-28,2.685378283,42.685696389,3,31.9,21.2,31.3,23.1,2019-09-28T02:57,2019-09-28T15:02,43554.75,37237.75,,,0.0,0.0,0.0,0.0,0.0,,16.72,4.97,49,17.7,4.97,62,0.0,1012.5,975.5,,15.6,0.135,30.4,10906X0039/C2-1
1001,2019-09-29,2.685378283,42.685696389,3,34.6,20.7,35.4,22.2,2019-09-29T02:56,2019-09-29T15:02,43545.96,43136.75,,,0.0,0.0,0.0,0.0,0.0,,26.0,6.98,36,17.5,6.98,58,0.0,1010.7,974.0,,17.1,0.134,30.5,10906X0039/C2-1
1002,2019-09-30,2.685378283,42.685696389,3,35.3,22.9,37.0,25.5,2019-09-30T02:56,2019-09-30T15:02,43537.22,42324.46,,,0.0,0.0,0.0,0.0,0.0,,24.61,6.93,49,18.9,6.93,60,0.0,1010.2,973.6,,17.1,0.133,30.8,10906X0039/C2-1
1003,2019-10-01,2.685378283,42.685696389,3,36.1,22.6,38.4,25.2,2019-10-01T02:56,2019-10-01T15:01,43528.51,43097.04,,,0.0,0.0,0.0,0.0,0.0,,25.48,7.21,47,17.9,7.21,55,0.0,1010.5,973.9,,15.0,0.133,31.2,10906X0039/C2-1
1004,2019-10-02,2.685378283,42.685696389,51,33.1,23.4,36.0,26.0,2019-10-02T02:55,2019-10-02T15:01,43519.86,36804.2,,,0.2,0.0,0.0,0.2,2.0,,17.94,4.89,48,19.7,4.89,63,0.0,1012.2,975.5,,11.2,0.132,31.3,10906X0039/C2-1
1005,2019-10-03,2.685378283,42.685696389,51,35.1,23.0,36.4,25.4,2019-10-03T02:55,2019-10-03T15:00,43511.26,43050.53,,,0.1,0.0,0.0,0.1,1.0,,23.56,6.78,33,18.3,6.78,57,0.0,1012.1,975.5,,15.3,0.133,31.5,10906X0039/C2-1
1006,2019-10-04,2.685378283,42.685696389,61,34.6,23.4,37.3,26.0,2019-10-04T02:55,2019-10-04T15:00,43502.73,43028.21,,,7.9,0.0,0.0,7.9,9.0,,20.98,5.47,75,20.4,5.47,67,0.0,1011.7,975.0,,13.3,0.133,31.5,10906X0039/C2-1
1007,2019-10-05,2.685378283,42.685696389,65,29.5,22.8,33.0,25.8,2019-10-05T02:55,2019-10-05T15:00,43494.25,40659.27,,,49.6,0.0,0.0,49.6,21.0,,16.47,3.55,92,21.7,3.55,82,0.0,1012.3,975.2,,10.5,0.157,30.7,10906X0039/C2-1
1008,2019-10-06,2.685378283,42.685696389,65,29.3,22.2,34.4,25.3,2019-10-06T02:55,2019-10-06T14:59,43485.84,42985.61,,,14.9,0.0,0.0,14.9,17.0,,18.58,3.9,89,21.8,3.9,82,0.0,1012.3,975.3,,11.7,0.185,30.2,10906X0039/C2-1
1009,2019-10-07,2.685378283,42.685696389,51,30.4,21.9,33.3,24.5,2019-10-07T02:54,2019-10-07T14:59,43477.43,39358.22,,,1.8,0.0,0.0,1.8,15.0,,21.78,4.9,62,20.6,4.9,75,0.0,1011.8,974.8,,14.1,0.188,29.8,10906X0039/C2-1
1010,2019-10-08,2.685378283,42.685696389,51,30.4,22.1,33.2,24.9,2019-10-08T02:54,2019-10-08T14:59,43469.01,42943.94,,,0.4,0.0,0.0,0.4,4.0,,19.25,4.31,71,20.9,4.31,75,0.0,1011.5,974.5,,11.2,0.185,29.7,10906X0039/C2-1
1011,2019-10-09,2.685378283,42.685696389,61,30.1,22.5,35.5,25.9,2019-10-09T02:54,2019-10-09T14:58,43460.59,40222.13,,,5.4,0.0,0.0,5.4,13.0,,19.49,4.13,74,21.5,4.13,79,0.0,1011.9,974.9,,8.5,0.182,29.6,10906X0039/C2-1
1012,2019-10-10,2.685378283,42.685696389,61,30.5,22.5,35.4,26.3,2019-10-10T02:54,2019-10-10T14:58,43452.18,30261.84,,,9.2,0.0,0.0,9.2,17.0,,18.5,3.92,92,21.9,3.92,82,0.0,1012.2,975.1,,7.6,0.187,29.3,10906X0039/C2-1
1013,2019-10-11,2.685378283,42.685696389,61,30.2,22.0,35.6,26.0,2019-10-11T02:54,2019-10-11T14:58,43443.78,42696.85,,,5.4,0.0,0.0,5.4,11.0,,19.77,4.2,87,21.5,4.2,80,0.0,1011.5,974.5,,7.2,0.194,29.1,10906X0039/C2-1
1014,2019-10-12,2.685378283,42.685696389,61,29.9,22.5,34.8,25.5,2019-10-12T02:53,2019-10-12T14:57,43435.39,42862.92,,,6.7,0.0,0.0,6.7,18.0,,20.03,4.1,66,21.8,4.1,82,0.0,1011.1,974.1,,10.1,0.215,29.0,10906X0039/C2-1
1015,2019-10-13,2.685378283,42.685696389,63,29.1,22.5,33.6,26.6,2019-10-13T02:53,2019-10-13T14:57,43427.04,42843.47,,,14.7,0.0,0.0,14.7,22.0,,20.06,3.98,80,22.0,3.98,82,0.0,1011.5,974.5,,7.2,0.219,28.8,10906X0039/C2-1
1016,2019-10-14,2.685378283,42.685696389,51,29.3,22.4,33.5,26.6,2019-10-14T02:53,2019-10-14T14:57,43418.72,39800.22,,,1.1,0.0,0.0,1.1,7.0,,17.97,3.74,90,22.2,3.74,83,0.0,1012.5,975.4,,9.3,0.217,28.7,10906X0039/C2-1
1017,2019-10-15,2.685378283,42.685696389,53,30.1,22.3,33.7,26.4,2019-10-15T02:53,2019-10-15T14:56,43410.43,42805.89,,,1.9,0.0,0.0,1.9,11.0,,21.87,4.61,44,21.7,4.61,78,0.0,1011.5,974.6,,11.3,0.214,28.7,10906X0039/C2-1
1018,2019-10-16,2.685378283,42.685696389,61,29.5,22.6,33.3,25.7,2019-10-16T02:53,2019-10-16T14:56,43402.18,39143.47,,,3.7,0.0,0.0,3.7,8.0,,18.3,3.77,83,22.0,3.77,83,0.0,1011.4,974.4,,9.6,0.211,28.5,10906X0039/C2-1
1019,2019-10-17,2.685378283,42.685696389,61,29.5,22.4,33.6,25.9,2019-10-17T02:53,2019-10-17T14:56,43393.99,42770.45,,,3.6,0.0,0.0,3.6,7.0,,19.41,4.0,71,21.9,4.0,81,0.0,1011.9,974.9,,11.0,0.21,28.5,10906X0039/C2-1
1020,2019-10-18,2.685378283,42.685696389,51,30.1,22.2,34.6,25.6,2019-10-18T02:52,2019-10-18T14:56,43385.85,38666.42,,,1.3,0.0,0.0,1.3,6.0,,19.39,4.06,74,21.9,4.06,82,0.0,1011.6,974.6,,11.6,0.208,28.4,10906X0039/C2-1
1021,2019-10-19,2.685378283,42.685696389,61,28.4,22.0,32.6,25.6,2019-10-19T02:52,2019-10-19T14:55,43377.78,32592.17,,,11.0,0.0,0.0,11.0,18.0,,15.28,3.16,96,21.9,3.16,85,0.0,1012.4,975.2,,9.2,0.216,28.1,10906X0039/C2-1
1022,2019-10-20,2.685378283,42.685696389,63,28.9,21.9,33.0,25.7,2019-10-20T02:52,2019-10-20T14:55,43369.77,35076.5,,,10.4,0.0,0.0,10.4,10.0,,17.15,3.51,92,21.8,3.51,84,0.0,1012.4,975.2,,7.5,0.226,28.0,10906X0039/C2-1
1023,2019-10-21,2.685378283,42.685696389,51,29.8,22.6,34.4,26.3,2019-10-21T02:52,2019-10-21T14:55,43361.85,39191.97,,,1.6,0.0,0.0,1.6,6.0,,21.05,4.38,84,22.1,4.38,82,0.0,1010.9,973.9,,8.9,0.222,28.1,10906X0039/C2-1
1024,2019-10-22,2.685378283,42.685696389,63,29.9,22.7,35.3,26.5,2019-10-22T02:52,2019-10-22T14:55,43353.99,36000.0,,,7.0,0.0,0.0,7.0,10.0,,18.62,3.89,87,22.3,3.89,83,0.0,1010.0,973.1,,8.9,0.219,28.1,10906X0039/C2-1
1025,2019-10-23,2.685378283,42.685696389,55,29.3,22.9,34.0,26.6,2019-10-23T02:52,2019-10-23T14:54,43346.23,40854.9,,,1.7,0.0,0.0,1.7,7.0,,16.88,3.66,75,22.0,3.66,80,0.0,1010.5,973.6,,8.6,0.217,28.1,10906X0039/C2-1
1026,2019-10-24,2.685378283,42.685696389,63,29.9,22.3,35.7,26.0,2019-10-24T02:52,2019-10-24T14:54,43338.57,42669.48,,,7.0,0.0,0.0,7.0,8.0,,19.26,4.02,59,22.2,4.02,81,0.0,1012.0,975.0,,8.4,0.216,28.2,10906X0039/C2-1
1027,2019-10-25,2.685378283,42.685696389,61,30.7,22.9,36.8,26.8,2019-10-25T02:52,2019-10-25T14:54,43331.01,42658.7,,,3.5,0.0,0.0,3.5,5.0,,20.21,4.28,39,22.3,4.28,81,0.0,1011.7,974.7,,8.4,0.214,28.3,10906X0039/C2-1
1028,2019-10-26,2.685378283,42.685696389,61,30.4,22.7,35.0,26.1,2019-10-26T02:52,2019-10-26T14:54,43323.55,42648.9,,,5.8,0.0,0.0,5.8,15.0,,19.55,4.21,50,21.9,4.21,80,0.0,1011.2,974.2,,10.3,0.211,28.4,10906X0039/C2-1
1029,2019-10-27,2.685378283,42.685696389,55,30.0,22.5,34.3,26.4,2019-10-27T02:52,2019-10-27T14:54,43316.11,33901.24,,,5.5,0.0,0.0,5.5,14.0,,18.41,3.83,77,22.1,3.83,83,0.0,1010.5,973.5,,8.8,0.21,28.2,10906X0039/C2-1
1030,2019-10-28,2.685378283,42.685696389,61,29.7,22.2,34.5,25.8,2019-10-28T02:52,2019-10-28T14:53,43308.7,42631.24,,,4.0,0.0,0.0,4.0,9.0,,18.85,3.88,61,22.1,3.88,82,0.0,1010.1,973.1,,6.6,0.21,28.1,10906X0039/C2-1
1031,2019-10-29,2.685378283,42.685696389,63,29.4,23.0,33.8,26.6,2019-10-29T02:52,2019-10-29T14:53,43301.33,42623.39,,,12.3,0.0,0.0,12.3,10.0,,16.61,3.49,64,22.4,3.49,83,0.0,1010.6,973.6,,8.7,0.214,28.1,10906X0039/C2-1
1032,2019-10-30,2.685378283,42.685696389,53,29.9,22.9,34.9,26.4,2019-10-30T02:52,2019-10-30T14:53,43293.99,38981.57,,,0.9,0.0,0.0,0.9,4.0,,18.2,3.87,76,22.0,3.87,82,0.0,1011.3,974.3,,10.1,0.212,28.1,10906X0039/C2-1
1033,2019-10-31,2.685378283,42.685696389,53,30.0,22.6,34.0,26.0,2019-10-31T02:52,2019-10-31T14:53,43286.71,42609.7,,,1.5,0.0,0.0,1.5,5.0,,18.98,4.15,48,21.5,4.15,78,0.0,1012.1,975.1,,10.7,0.21,28.1,10906X0039/C2-1
1034,2019-11-01,2.685378283,42.685696389,51,29.8,22.7,33.5,25.5,2019-11-01T02:52,2019-11-01T14:53,43279.47,41413.38,,,0.5,0.0,0.0,0.5,5.0,,17.78,3.94,43,22.0,3.94,80,0.0,1011.7,974.7,,13.7,0.207,28.1,10906X0039/C2-1
1035,2019-11-02,2.685378283,42.685696389,3,30.5,21.7,32.7,24.7,2019-11-02T02:52,2019-11-02T14:53,43272.3,42598.87,,,0.0,0.0,0.0,0.0,0.0,,21.59,4.97,45,19.5,4.97,71,0.0,1011.7,974.7,,13.6,0.203,28.1,10906X0039/C2-1
1036,2019-11-03,2.685378283,42.685696389,51,30.5,21.1,33.4,23.6,2019-11-03T02:52,2019-11-03T14:53,43265.19,42594.58,,,0.1,0.0,0.0,0.1,1.0,,23.43,5.18,29,20.2,5.18,73,0.0,1012.6,975.6,,13.4,0.199,28.1,10906X0039/C2-1
1037,2019-11-04,2.685378283,42.685696389,51,30.7,21.7,34.4,24.6,2019-11-04T02:52,2019-11-04T14:53,43258.17,42591.05,,,0.5,0.0,0.0,0.5,4.0,,20.26,4.39,77,21.2,4.39,77,0.0,1013.1,976.1,,11.2,0.196,28.2,10906X0039/C2-1
1038,2019-11-05,2.685378283,42.685696389,51,30.7,22.6,34.1,25.9,2019-11-05T02:52,2019-11-05T14:53,43251.22,41938.33,,,1.1,0.0,0.0,1.1,9.0,,19.05,4.13,76,21.5,4.13,79,0.0,1012.4,975.4,,11.0,0.194,28.2,10906X0039/C2-1
1039,2019-11-06,2.685378283,42.685696389,51,30.7,22.2,33.9,25.6,2019-11-06T02:52,2019-11-06T14:53,43244.37,42586.41,,,2.1,0.0,0.0,2.1,13.0,,20.13,4.34,65,21.2,4.34,77,0.0,1011.6,974.7,,8.9,0.192,28.3,10906X0039/C2-1
1040,2019-11-07,2.685378283,42.685696389,55,30.2,21.9,34.7,25.6,2019-11-07T02:52,2019-11-07T14:53,43237.61,40750.27,,,7.4,0.0,0.0,7.4,13.0,,16.6,3.52,67,21.7,3.52,82,0.0,1012.5,975.4,,5.9,0.192,28.2,10906X0039/C2-1
1041,2019-11-08,2.685378283,42.685696389,61,29.3,21.5,34.4,25.2,2019-11-08T02:52,2019-11-08T14:53,43230.95,41669.29,,,4.5,0.0,0.0,4.5,11.0,,16.55,3.45,65,21.5,3.45,80,0.0,1012.9,975.9,,5.4,0.199,28.2,10906X0039/C2-1
1042,2019-11-09,2.685378283,42.685696389,63,28.9,22.6,33.7,26.7,2019-11-09T02:52,2019-11-09T14:53,43224.41,42343.3,,,8.7,0.0,0.0,8.7,9.0,,18.12,3.71,56,21.9,3.71,81,0.0,1012.2,975.2,,6.4,0.204,28.2,10906X0039/C2-1
1043,2019-11-10,2.685378283,42.685696389,63,30.0,22.7,34.7,26.8,2019-11-10T02:52,2019-11-10T14:53,43217.99,39756.36,,,21.6,0.0,0.0,21.6,19.0,,16.61,3.4,76,22.2,3.4,85,0.0,1010.8,973.7,,6.0,0.206,28.1,10906X0039/C2-1
1044,2019-11-11,2.685378283,42.685696389,63,29.3,22.8,34.4,27.0,2019-11-11T02:53,2019-11-11T14:53,43211.7,29646.33,,,14.4,0.0,0.0,14.4,15.0,,14.12,3.02,91,22.2,3.02,84,0.0,1009.6,972.7,,7.9,0.216,27.9,10906X0039/C2-1
1045,2019-11-12,2.685378283,42.685696389,3,31.7,22.0,33.9,26.0,2019-11-12T02:53,2019-11-12T14:53,43205.54,42593.15,,,0.0,0.0,0.0,0.0,0.0,,22.09,5.14,79,19.9,5.14,70,0.0,1009.6,972.8,,9.9,0.218,27.9,10906X0039/C2-1
1046,2019-11-13,2.685378283,42.685696389,51,32.6,22.0,34.6,25.4,2019-11-13T02:53,2019-11-13T14:53,43199.52,42597.49,,,0.1,0.0,0.0,0.1,1.0,,22.15,5.16,59,19.3,5.16,66,0.0,1010.6,973.8,,8.2,0.213,28.1,10906X0039/C2-1
1047,2019-11-14,2.685378283,42.685696389,2,32.4,21.5,34.9,24.9,2019-11-14T02:53,2019-11-14T14:53,43193.66,42602.82,,,0.0,0.0,0.0,0.0,0.0,,23.58,5.48,24,19.7,5.48,69,0.0,1011.6,974.7,,9.6,0.208,28.2,10906X0039/C2-1
1048,2019-11-15,2.685378283,42.685696389,3,32.2,21.7,34.5,25.3,2019-11-15T02:53,2019-11-15T14:53,43187.94,40447.09,,,0.0,0.0,0.0,0.0,0.0,,22.45,5.19,52,19.6,5.19,69,0.0,1010.8,973.9,,9.3,0.204,28.3,10906X0039/C2-1
1049,2019-11-16,2.685378283,42.685696389,3,33.2,22.1,34.2,23.9,2019-11-16T02:54,2019-11-16T14:53,43182.31,42616.62,,,0.0,0.0,0.0,0.0,0.0,,23.65,6.14,26,18.1,6.14,60,0.0,1009.1,972.4,,13.4,0.199,28.3,10906X0039/C2-1
1050,2019-11-17,2.685378283,42.685696389,3,33.8,22.0,35.0,23.9,2019-11-17T02:54,2019-11-17T14:53,43176.76,42625.13,,,0.0,0.0,0.0,0.0,0.0,,24.49,6.44,57,18.1,6.44,59,0.0,1009.6,972.9,,14.4,0.194,28.5,10906X0039/C2-1
1051,2019-11-18,2.685378283,42.685696389,61,31.2,23.0,34.2,26.3,2019-11-18T02:54,2019-11-18T14:54,43171.3,25895.15,,,4.8,0.0,0.0,4.8,10.0,,11.99,3.08,87,21.7,3.08,78,0.0,1011.5,974.5,,11.6,0.192,28.4,10906X0039/C2-1
1052,2019-11-19,2.685378283,42.685696389,65,31.8,22.4,36.3,26.2,2019-11-19T02:54,2019-11-19T14:54,43165.94,28270.43,,,34.9,0.0,0.0,34.9,16.0,,15.16,3.31,85,22.0,3.31,84,0.0,1011.6,974.5,,8.9,0.199,28.4,10906X0039/C2-1
1053,2019-11-20,2.685378283,42.685696389,61,29.7,22.4,34.8,26.3,2019-11-20T02:55,2019-11-20T14:54,43160.66,30669.38,,,8.4,0.0,0.0,8.4,18.0,,16.17,3.41,75,21.7,3.41,82,0.0,1010.5,973.5,,5.3,0.214,28.2,10906X0039/C2-1
1054,2019-11-21,2.685378283,42.685696389,63,29.8,22.4,34.4,25.9,2019-11-21T02:55,2019-11-21T14:54,43155.51,38980.49,,,12.4,0.0,0.0,12.4,10.0,,16.25,3.52,56,22.0,3.52,81,0.0,1010.0,973.1,,7.5,0.219,28.1,10906X0039/C2-1
1055,2019-11-22,2.685378283,42.685696389,53,30.2,22.7,34.5,26.6,2019-11-22T02:55,2019-11-22T14:54,43150.46,41745.15,,,2.4,0.0,0.0,2.4,9.0,,20.68,4.46,48,21.8,4.46,79,0.0,1010.3,973.4,,9.6,0.218,28.2,10906X0039/C2-1
1056,2019-11-23,2.685378283,42.685696389,51,30.3,22.7,34.0,26.7,2019-11-23T02:56,2019-11-23T14:55,43145.54,42696.48,,,1.4,0.0,0.0,1.4,8.0,,18.87,4.15,55,21.6,4.15,77,0.0,1010.5,973.6,,10.3,0.216,28.1,10906X0039/C2-1
1057,2019-11-24,2.685378283,42.685696389,63,30.6,23.3,34.2,26.6,2019-11-24T02:56,2019-11-24T14:55,43140.74,30281.73,,,24.9,0.0,0.0,24.9,22.0,,15.09,3.28,84,22.2,3.28,83,0.0,1011.2,974.2,,8.2,0.223,28.0,10906X0039/C2-1
1058,2019-11-25,2.685378283,42.685696389,65,26.0,22.6,30.4,26.6,2019-11-25T02:56,2019-11-25T14:55,43136.08,852.52,,,53.4,0.0,0.0,53.4,23.0,,6.38,1.41,100,22.2,1.41,91,0.0,1012.1,974.8,,5.3,0.247,27.4,10906X0039/C2-1
1059,2019-11-26,2.685378283,42.685696389,63,25.7,22.1,28.9,24.6,2019-11-26T02:57,2019-11-26T14:55,43131.55,0.0,,,29.0,0.0,0.0,29.0,24.0,,5.73,1.33,100,21.6,1.33,90,0.0,1012.3,975.0,,7.9,0.281,27.0,10906X0039/C2-1
1060,2019-11-27,2.685378283,42.685696389,51,30.2,21.4,32.2,23.6,2019-11-27T02:57,2019-11-27T14:56,43127.17,36825.29,,,0.7,0.0,0.0,0.7,6.0,,18.45,4.2,69,20.6,4.2,77,0.0,1011.1,974.1,,10.4,0.28,27.1,10906X0039/C2-1
1061,2019-11-28,2.685378283,42.685696389,51,31.4,20.0,32.4,21.2,2019-11-28T02:57,2019-11-28T14:56,43122.95,42702.9,,,0.1,0.0,0.0,0.1,1.0,,21.96,5.27,60,18.2,5.27,65,0.0,1011.5,974.5,,12.5,0.276,27.1,10906X0039/C2-1
1062,2019-11-29,2.685378283,42.685696389,3,30.9,21.7,34.1,23.4,2019-11-29T02:58,2019-11-29T14:56,43118.88,42658.4,,,0.0,0.0,0.0,0.0,0.0,,23.62,5.31,72,18.4,5.31,65,0.0,1011.7,974.8,,9.1,0.271,27.2,10906X0039/C2-1
1063,2019-11-30,2.685378283,42.685696389,51,30.5,21.2,33.7,22.0,2019-11-30T02:58,2019-11-30T14:57,43114.98,42694.33,,,0.4,0.0,0.0,0.4,4.0,,21.86,4.83,64,19.0,4.83,69,0.0,1011.5,974.5,,9.0,0.266,27.2,10906X0039/C2-1
1064,2019-12-01,2.685378283,42.685696389,51,30.0,21.4,32.9,24.2,2019-12-01T02:58,2019-12-01T14:57,43111.26,42690.31,,,0.1,0.0,0.0,0.1,1.0,,19.35,4.17,56,20.3,4.17,74,0.0,1011.3,974.3,,8.3,0.263,27.3,10906X0039/C2-1
1065,2019-12-02,2.685378283,42.685696389,3,30.4,21.0,36.1,24.7,2019-12-02T02:59,2019-12-02T14:57,43107.72,39678.09,,,0.0,0.0,0.0,0.0,0.0,,21.7,4.45,59,20.7,4.45,76,0.0,1010.4,973.4,,5.7,0.261,27.5,10906X0039/C2-1
1066,2019-12-03,2.685378283,42.685696389,51,30.7,22.0,35.0,25.0,2019-12-03T02:59,2019-12-03T14:58,43104.36,42682.79,,,0.1,0.0,0.0,0.1,1.0,,21.59,4.61,62,20.9,4.61,74,0.0,1009.8,973.0,,8.9,0.256,27.6,10906X0039/C2-1
1067,2019-12-04,2.685378283,42.685696389,51,30.7,22.7,35.7,26.6,2019-12-04T03:00,2019-12-04T14:58,43101.2,42679.34,,,0.5,0.0,0.0,0.5,5.0,,19.76,4.25,61,21.8,4.25,76,0.0,1009.8,973.0,,8.8,0.253,27.8,10906X0039/C2-1
1068,2019-12-05,2.685378283,42.685696389,51,30.7,22.8,34.4,26.2,2019-12-05T03:00,2019-12-05T14:58,43098.23,37483.31,,,0.5,0.0,0.0,0.5,4.0,,17.47,3.84,94,21.1,3.84,75,0.0,1010.3,973.4,,7.3,0.249,27.9,10906X0039/C2-1
1069,2019-12-06,2.685378283,42.685696389,51,31.3,22.8,35.4,26.1,2019-12-06T03:00,2019-12-06T14:59,43095.42,39339.91,,,0.7,0.0,0.0,0.7,5.0,,20.04,4.39,76,20.9,4.39,74,0.0,1009.6,972.8,,7.7,0.246,28.0,10906X0039/C2-1
1070,2019-12-07,2.685378283,42.685696389,51,31.7,22.4,34.7,25.8,2019-12-07T03:01,2019-12-07T14:59,43092.76,42670.9,,,0.5,0.0,0.0,0.5,3.0,,19.61,4.36,38,20.8,4.36,73,0.0,1009.1,972.3,,9.4,0.243,28.1,10906X0039/C2-1
1071,2019-12-08,2.685378283,42.685696389,63,29.4,23.0,33.3,25.8,2019-12-08T03:01,2019-12-08T14:59,43090.26,29503.95,,,8.3,0.0,0.0,8.3,11.0,,11.56,2.82,84,21.6,2.82,79,0.0,1010.3,973.3,,10.0,0.242,28.0,10906X0039/C2-1
1072,2019-12-09,2.685378283,42.685696389,61,32.4,22.9,33.9,25.8,2019-12-09T03:02,2019-12-09T15:00,43087.91,36696.78,,,4.3,0.0,0.0,4.3,4.0,,20.95,5.14,39,19.9,5.14,70,0.0,1010.5,973.6,,14.1,0.245,27.9,10906X0039/C2-1
1073,2019-12-10,2.685378283,42.685696389,51,31.5,21.7,33.8,24.2,2019-12-10T03:02,2019-12-10T15:00,43085.73,42663.93,,,0.7,0.0,0.0,0.7,7.0,,20.22,4.75,34,20.1,4.75,70,0.0,1010.9,974.0,,11.4,0.245,27.8,10906X0039/C2-1
1074,2019-12-11,2.685378283,42.685696389,51,31.7,21.9,35.0,24.1,2019-12-11T03:03,2019-12-11T15:01,43083.71,42661.89,,,0.2,0.0,0.0,0.2,2.0,,21.36,4.69,77,20.4,4.69,71,0.0,1010.9,974.0,,8.7,0.241,27.9,10906X0039/C2-1
1075,2019-12-12,2.685378283,42.685696389,51,31.5,20.9,36.2,23.6,2019-12-12T03:03,2019-12-12T15:01,43081.86,42660.0,,,0.1,0.0,0.0,0.1,1.0,,21.39,4.72,20,20.4,4.72,72,0.0,1010.9,974.0,,7.8,0.238,28.1,10906X0039/C2-1
1076,2019-12-13,2.685378283,42.685696389,63,31.2,22.6,34.9,25.8,2019-12-13T03:04,2019-12-13T15:02,43080.17,42658.25,,,14.7,0.0,0.0,14.7,8.0,,18.56,3.91,44,21.7,3.91,81,0.0,1012.2,975.2,,8.2,0.241,28.1,10906X0039/C2-1
1077,2019-12-14,2.685378283,42.685696389,61,30.8,21.6,33.9,25.1,2019-12-14T03:04,2019-12-14T15:02,43078.65,40554.11,,,3.4,0.0,0.0,3.4,9.0,,18.01,3.77,45,21.7,3.77,82,0.0,1013.0,975.9,,6.8,0.24,27.9,10906X0039/C2-1
1078,2019-12-15,2.685378283,42.685696389,1,31.3,21.5,33.3,25.2,2019-12-15T03:05,2019-12-15T15:03,43077.31,42655.22,,,0.0,0.0,0.0,0.0,0.0,,22.37,5.14,9,19.9,5.14,71,0.0,1012.0,975.0,,10.5,0.241,27.9,10906X0039/C2-1
1079,2019-12-16,2.685378283,42.685696389,51,31.7,21.4,34.5,24.5,2019-12-16T03:05,2019-12-16T15:03,43076.14,42645.35,,,0.2,0.0,0.0,0.2,2.0,,21.67,5.08,23,19.6,5.08,67,0.0,1010.7,973.8,,9.8,0.237,28.0,10906X0039/C2-1
1080,2019-12-17,2.685378283,42.685696389,3,33.0,21.4,34.0,22.3,2019-12-17T03:06,2019-12-17T15:04,43075.15,42614.85,,,0.0,0.0,0.0,0.0,0.0,,24.31,6.29,34,16.1,6.29,54,0.0,1010.4,973.6,,11.9,0.232,28.1,10906X0039/C2-1
1081,2019-12-18,2.685378283,42.685696389,0,33.3,20.9,32.7,20.9,2019-12-18T03:06,2019-12-18T15:04,43074.34,42584.42,,,0.0,0.0,0.0,0.0,0.0,,24.89,7.22,0,14.8,7.22,50,0.0,1011.3,974.5,,16.8,0.229,28.1,10906X0039/C2-1
1082,2019-12-19,2.685378283,42.685696389,51,32.9,20.9,33.4,22.4,2019-12-19T03:07,2019-12-19T15:05,43073.71,42554.11,,,0.1,0.0,0.0,0.1,1.0,,21.47,5.57,42,18.7,5.57,63,0.0,1011.5,974.7,,14.1,0.226,28.2,10906X0039/C2-1
1083,2019-12-20,2.685378283,42.685696389,63,30.0,22.7,32.3,24.9,2019-12-20T03:07,2019-12-20T15:05,43073.27,34293.65,,,9.8,0.0,0.0,9.8,10.0,,14.14,3.34,85,21.0,3.34,77,0.0,1011.9,974.9,,11.6,0.241,28.0,10906X0039/C2-1
1084,2019-12-21,2.685378283,42.685696389,3,31.3,21.9,33.0,21.9,2019-12-21T03:08,2019-12-21T15:06,43073.01,42494.3,,,0.0,0.0,0.0,0.0,0.0,,23.74,6.07,49,17.3,6.07,58,0.0,1011.4,974.5,,14.5,0.248,27.8,10906X0039/C2-1
1085,2019-12-22,2.685378283,42.685696389,3,31.3,21.9,33.1,23.3,2019-12-22T03:08,2019-12-22T15:06,43072.94,42464.97,,,0.0,0.0,0.0,0.0,0.0,,20.53,5.13,60,18.3,5.13,64,0.0,1012.3,975.4,,13.0,0.244,27.8,10906X0039/C2-1
1086,2019-12-23,2.685378283,42.685696389,2,32.0,21.4,34.3,22.5,2019-12-23T03:09,2019-12-23T15:07,43073.06,42436.14,,,0.0,0.0,0.0,0.0,0.0,,22.53,5.26,10,18.1,5.26,65,0.0,1012.0,975.0,,10.8,0.242,27.7,10906X0039/C2-1
1087,2019-12-24,2.685378283,42.685696389,3,32.4,21.2,34.9,22.5,2019-12-24T03:09,2019-12-24T15:07,43073.38,42407.9,,,0.0,0.0,0.0,0.0,0.0,,24.19,6.04,37,17.5,6.04,60,0.0,1011.4,974.5,,12.8,0.239,27.8,10906X0039/C2-1
1088,2019-12-25,2.685378283,42.685696389,3,33.4,21.1,34.6,22.4,2019-12-25T03:10,2019-12-25T15:08,43073.89,42380.32,,,0.0,0.0,0.0,0.0,0.0,,24.49,6.2,39,16.7,6.2,57,0.0,1010.3,973.5,,12.9,0.237,27.9,10906X0039/C2-1
1089,2019-12-26,2.685378283,42.685696389,0,33.2,20.9,33.7,21.4,2019-12-26T03:10,2019-12-26T15:08,43074.6,42352.78,,,0.0,0.0,0.0,0.0,0.0,,24.51,6.31,0,16.0,6.31,55,0.0,1010.1,973.3,,14.3,0.236,27.9,10906X0039/C2-1
1090,2019-12-27,2.685378283,42.685696389,2,33.5,20.9,34.4,22.2,2019-12-27T03:11,2019-12-27T15:08,43075.51,42324.96,,,0.0,0.0,0.0,0.0,0.0,,24.49,6.36,3,16.0,6.36,55,0.0,1008.9,972.1,,12.6,0.236,28.0,10906X0039/C2-1
1091,2019-12-28,2.685378283,42.685696389,3,34.1,20.7,34.3,22.7,2019-12-28T03:11,2019-12-28T15:09,43076.62,42296.93,,,0.0,0.0,0.0,0.0,0.0,,24.57,6.56,47,16.0,6.56,55,0.0,1008.8,972.1,,14.3,0.237,28.1,10906X0039/C2-1
1092,2019-12-29,2.685378283,42.685696389,51,34.5,21.9,35.5,22.8,2019-12-29T03:11,2019-12-29T15:09,43077.91,42268.78,,,0.1,0.0,0.0,0.1,1.0,,23.13,6.17,79,18.4,6.17,60,0.0,1009.2,972.5,,16.0,0.236,28.3,10906X0039/C2-1
1093,2019-12-30,2.685378283,42.685696389,51,34.1,22.8,34.1,23.8,2019-12-30T03:12,2019-12-30T15:10,43079.4,42240.6,,,0.1,0.0,0.0,0.1,1.0,,21.74,6.77,24,17.7,6.77,56,0.0,1010.4,973.7,,19.9,0.234,28.5,10906X0039/C2-1
1094,2019-12-31,2.685378283,42.685696389,2,34.6,22.6,34.6,23.6,2019-12-31T03:12,2019-12-31T15:10,43081.07,42212.45,,,0.0,0.0,0.0,0.0,0.0,,23.84,6.95,5,16.5,6.95,52,0.0,1010.9,974.3,,16.8,0.233,28.7,10906X0039/C2-1
1095,2020-01-01,2.685378283,42.685696389,1,34.0,23.5,35.0,25.2,2020-01-01T03:13,2020-01-01T15:11,43082.92,42184.42,,,0.0,0.0,0.0,0.0,0.0,,21.53,6.36,11,18.5,6.36,56,0.0,1010.7,974.1,,16.3,0.231,29.0,10906X0039/C2-1
1096,2020-01-02,2.685378283,42.685696389,3,35.5,23.5,35.1,24.2,2020-01-02T03:13,2020-01-02T15:11,43084.94,42156.58,,,0.0,0.0,0.0,0.0,0.0,,23.71,7.38,24,16.4,7.38,48,0.0,1011.5,974.9,,16.6,0.23,29.3,10906X0039/C2-1
1097,2020-01-03,2.685378283,42.685696389,3,34.5,25.3,33.8,26.4,2020-01-03T03:14,2020-01-03T15:12,43087.14,39522.18,,,0.0,0.0,0.0,0.0,0.0,,21.13,6.55,65,17.5,6.55,54,0.0,1012.8,976.1,,16.3,0.229,29.4,10906X0039/C2-1
1098,2020-01-04,2.685378283,42.685696389,3,34.5,23.6,34.1,24.8,2020-01-04T03:14,2020-01-04T15:12,43089.51,40098.1,,,0.0,0.0,0.0,0.0,0.0,,23.03,6.92,57,15.5,6.92,49,0.0,1011.6,974.9,,15.6,0.227,29.5,10906X0039/C2-1
1099,2020-01-05,2.685378283,42.685696389,3,35.3,22.6,37.5,23.9,2020-01-05T03:15,2020-01-05T15:13,43092.05,42075.05,,,0.0,0.0,0.0,0.0,0.0,,23.2,6.1,29,17.5,6.1,53,0.0,1010.0,973.5,,11.6,0.224,29.9,10906X0039/C2-1
1100,2020-01-06,2.685378283,42.685696389,3,35.6,23.7,38.3,25.5,2020-01-06T03:15,2020-01-06T15:13,43094.75,38068.03,,,0.0,0.0,0.0,0.0,0.0,,22.18,6.42,19,18.5,6.42,54,0.0,1010.2,973.8,,13.8,0.224,30.3,10906X0039/C2-1
1101,2020-01-07,2.685378283,42.685696389,51,34.6,23.8,35.3,26.1,2020-01-07T03:16,2020-01-07T15:14,43097.61,40485.93,,,0.5,0.0,0.0,0.5,3.0,,21.51,6.58,67,19.1,6.58,56,0.0,1011.2,974.6,,16.6,0.223,30.5,10906X0039/C2-1
1102,2020-01-08,2.685378283,42.685696389,3,35.1,24.6,35.6,26.5,2020-01-08T03:16,2020-01-08T15:14,43100.63,40143.53,,,0.0,0.0,0.0,0.0,0.0,,22.45,6.77,52,17.5,6.77,51,0.0,1010.8,974.3,,15.1,0.222,30.6,10906X0039/C2-1
1103,2020-01-09,2.685378283,42.685696389,2,35.8,22.8,36.1,24.1,2020-01-09T03:16,2020-01-09T15:15,43103.79,41973.92,,,0.0,0.0,0.0,0.0,0.0,,24.89,6.96,20,15.2,6.96,47,0.0,1010.0,973.4,,13.1,0.222,30.7,10906X0039/C2-1
1104,2020-01-10,2.685378283,42.685696389,2,34.9,22.6,38.1,24.4,2020-01-10T03:17,2020-01-10T15:15,43107.11,41950.52,,,0.0,0.0,0.0,0.0,0.0,,24.46,6.14,7,16.9,6.14,53,0.0,1010.1,973.5,,10.9,0.22,30.8,10906X0039/C2-1
1105,2020-01-11,2.685378283,42.685696389,3,35.5,22.8,38.6,25.4,2020-01-11T03:17,2020-01-11T15:16,43110.57,41928.02,,,0.0,0.0,0.0,0.0,0.0,,23.68,6.12,19,17.5,6.12,53,0.0,1009.9,973.4,,10.9,0.22,31.1,10906X0039/C2-1
1106,2020-01-12,2.685378283,42.685696389,53,33.9,24.2,36.6,27.0,2020-01-12T03:18,2020-01-12T15:16,43114.17,41173.33,,,2.4,0.0,0.0,2.4,9.0,,20.32,5.2,47,20.4,5.2,65,0.0,1011.1,974.4,,11.7,0.22,31.1,10906X0039/C2-1
1107,2020-01-13,2.685378283,42.685696389,55,33.5,23.4,34.8,26.3,2020-01-13T03:18,2020-01-13T15:17,43117.91,41427.99,,,1.4,0.0,0.0,1.4,3.0,,22.19,6.24,23,18.8,6.24,59,0.0,1011.1,974.4,,15.2,0.223,30.7,10906X0039/C2-1
1108,2020-01-14,2.685378283,42.685696389,2,33.7,23.3,34.9,24.3,2020-01-14T03:18,2020-01-14T15:17,43121.79,41681.38,,,0.0,0.0,0.0,0.0,0.0,,22.13,6.74,20,17.7,6.74,54,0.0,1010.5,973.9,,16.9,0.218,30.6,10906X0039/C2-1
1109,2020-01-15,2.685378283,42.685696389,2,33.9,22.5,34.2,22.9,2020-01-15T03:19,2020-01-15T15:17,43125.86,41686.68,,,0.0,0.0,0.0,0.0,0.0,,23.26,7.11,15,15.8,7.11,49,0.0,1010.9,974.2,,17.6,0.215,30.5,10906X0039/C2-1
1110,2020-01-16,2.685378283,42.685696389,0,34.8,21.9,33.7,19.4,2020-01-16T03:19,2020-01-16T15:18,43130.11,41830.28,,,0.0,0.0,0.0,0.0,0.0,,25.24,8.56,0,9.5,8.56,32,0.0,1011.3,974.6,,17.5,0.213,30.6,10906X0039/C2-1
1111,2020-01-17,2.685378283,42.685696389,3,34.9,22.5,33.2,18.3,2020-01-17T03:19,2020-01-17T15:18,43134.55,41812.88,,,0.0,0.0,0.0,0.0,0.0,,25.44,8.99,12,6.0,8.99,25,0.0,1010.5,973.9,,17.3,0.213,30.7,10906X0039/C2-1
1112,2020-01-18,2.685378283,42.685696389,3,35.2,21.5,34.3,17.7,2020-01-18T03:19,2020-01-18T15:18,43139.15,41796.06,,,0.0,0.0,0.0,0.0,0.0,,25.42,8.56,18,10.8,8.56,34,0.0,1010.0,973.4,,17.8,0.214,30.8,10906X0039/C2-1
1113,2020-01-19,2.685378283,42.685696389,3,35.6,22.0,35.1,21.2,2020-01-19T03:20,2020-01-19T15:19,43143.92,41703.81,,,0.0,0.0,0.0,0.0,0.0,,25.51,8.0,37,13.6,8.0,42,0.0,1010.4,973.9,,17.5,0.216,30.9,10906X0039/C2-1
1114,2020-01-20,2.685378283,42.685696389,3,36.0,22.0,35.1,21.9,2020-01-20T03:20,2020-01-20T15:19,43148.85,41707.04,,,0.0,0.0,0.0,0.0,0.0,,25.41,7.78,14,13.3,7.78,42,0.0,1010.2,973.6,,16.7,0.212,31.0,10906X0039/C2-1
1115,2020-01-21,2.685378283,42.685696389,2,36.1,22.0,35.3,21.7,2020-01-21T03:20,2020-01-21T15:19,43153.92,41709.86,,,0.0,0.0,0.0,0.0,0.0,,25.42,7.93,3,13.8,7.93,42,0.0,1009.0,972.5,,16.6,0.212,31.1,10906X0039/C2-1
1116,2020-01-22,2.685378283,42.685696389,3,36.6,23.0,36.0,23.0,2020-01-22T03:20,2020-01-22T15:20,43159.15,41467.67,,,0.0,0.0,0.0,0.0,0.0,,25.48,8.15,71,14.0,8.15,42,0.0,1008.8,972.5,,17.5,0.211,31.3,10906X0039/C2-1
1117,2020-01-23,2.685378283,42.685696389,3,38.0,24.6,38.1,23.6,2020-01-23T03:21,2020-01-23T15:20,43164.5,41470.04,,,0.0,0.0,0.0,0.0,0.0,,24.9,8.48,65,15.5,8.48,42,0.0,1009.1,972.9,,17.7,0.21,31.6,10906X0039/C2-1
1118,2020-01-24,2.685378283,42.685696389,3,36.9,25.2,38.7,26.2,2020-01-24T03:21,2020-01-24T15:20,43169.99,40000.4,,,0.0,0.0,0.0,0.0,0.0,,22.35,7.56,87,18.1,7.56,49,0.0,1010.9,974.5,,18.0,0.209,31.9,10906X0039/C2-1
1119,2020-01-25,2.685378283,42.685696389,3,36.9,25.2,37.8,25.7,2020-01-25T03:21,2020-01-25T15:21,43175.59,40986.51,,,0.0,0.0,0.0,0.0,0.0,,22.64,7.54,80,18.2,7.54,49,0.0,1011.3,975.0,,18.7,0.208,32.1,10906X0039/C2-1
1120,2020-01-26,2.685378283,42.685696389,51,36.7,25.2,37.4,25.8,2020-01-26T03:21,2020-01-26T15:21,43181.31,40988.38,,,0.2,0.0,0.0,0.2,2.0,,22.83,7.84,52,18.4,7.84,50,0.0,1011.2,974.8,,19.9,0.207,32.2,10906X0039/C2-1
1121,2020-01-27,2.685378283,42.685696389,51,35.3,24.9,35.9,24.9,2020-01-27T03:21,2020-01-27T15:21,43187.14,40989.82,,,0.5,0.0,0.0,0.5,3.0,,22.37,7.42,83,17.6,7.42,49,0.0,1011.5,975.0,,17.6,0.206,32.2,10906X0039/C2-1
1122,2020-01-28,2.685378283,42.685696389,51,34.6,24.3,36.1,25.1,2020-01-28T03:22,2020-01-28T15:21,43193.06,39720.92,,,0.1,0.0,0.0,0.1,1.0,,21.79,6.89,81,17.0,6.89,49,0.0,1011.4,974.8,,15.9,0.205,32.2,10906X0039/C2-1
1123,2020-01-29,2.685378283,42.685696389,3,36.0,23.1,37.1,24.2,2020-01-29T03:22,2020-01-29T15:22,43199.08,40098.72,,,0.0,0.0,0.0,0.0,0.0,,22.72,7.27,80,15.9,7.27,47,0.0,1011.4,974.9,,15.5,0.204,32.3,10906X0039/C2-1
1124,2020-01-30,2.685378283,42.685696389,3,36.0,23.1,37.8,23.3,2020-01-30T03:22,2020-01-30T15:22,43205.19,38611.36,,,0.0,0.0,0.0,0.0,0.0,,22.8,7.4,69,15.0,7.4,44,0.0,1011.8,975.3,,15.1,0.203,32.4,10906X0039/C2-1
1125,2020-01-31,2.685378283,42.685696389,3,36.1,23.0,37.9,23.5,2020-01-31T03:22,2020-01-31T15:22,43211.37,40991.35,,,0.0,0.0,0.0,0.0,0.0,,24.99,7.04,76,15.5,7.04,45,0.0,1010.7,974.3,,12.6,0.202,32.6,10906X0039/C2-1
1126,2020-02-01,2.685378283,42.685696389,3,36.2,23.1,37.2,24.5,2020-02-01T03:22,2020-02-01T15:22,43217.63,40508.86,,,0.0,0.0,0.0,0.0,0.0,,23.9,6.47,70,15.5,6.47,46,0.0,1011.4,974.9,,10.1,0.201,32.8,10906X0039/C2-1
1127,2020-02-02,2.685378283,42.685696389,3,34.8,23.1,38.0,25.0,2020-02-02T03:22,2020-02-02T15:23,43223.96,39030.89,,,0.0,0.0,0.0,0.0,0.0,,23.33,6.4,42,17.3,6.4,53,0.0,1012.0,975.4,,11.7,0.201,32.8,10906X0039/C2-1
1128,2020-02-03,2.685378283,42.685696389,3,35.6,22.8,36.3,23.1,2020-02-03T03:22,2020-02-03T15:23,43230.35,38532.17,,,0.0,0.0,0.0,0.0,0.0,,23.31,7.3,34,14.9,7.3,45,0.0,1012.0,975.4,,15.3,0.2,32.8,10906X0039/C2-1
1129,2020-02-04,2.685378283,42.685696389,3,36.0,22.4,36.0,22.4,2020-02-04T03:22,2020-02-04T15:23,43236.89,40985.72,,,0.0,0.0,0.0,0.0,0.0,,25.83,8.09,28,13.4,8.09,42,0.0,1011.4,974.9,,16.6,0.199,32.8,10906X0039/C2-1
1130,2020-02-05,2.685378283,42.685696389,3,36.6,22.2,36.3,21.5,2020-02-05T03:22,2020-02-05T15:23,43243.56,40983.09,,,0.0,0.0,0.0,0.0,0.0,,24.8,8.41,59,13.4,8.41,41,0.0,1011.5,975.0,,18.5,0.198,32.7,10906X0039/C2-1
1131,2020-02-06,2.685378283,42.685696389,3,37.2,22.4,36.5,23.2,2020-02-06T03:22,2020-02-06T15:23,43250.37,40501.83,,,0.0,0.0,0.0,0.0,0.0,,25.08,8.15,68,13.7,8.15,42,0.0,1012.2,975.7,,16.6,0.197,32.8,10906X0039/C2-1
1132,2020-02-07,2.685378283,42.685696389,3,37.6,22.1,36.8,22.1,2020-02-07T03:22,2020-02-07T15:23,43257.3,40737.67,,,0.0,0.0,0.0,0.0,0.0,,25.99,8.68,48,13.1,8.68,42,0.0,1012.3,975.8,,19.3,0.197,32.8,10906X0039/C2-1
1133,2020-02-08,2.685378283,42.685696389,3,37.1,21.9,36.5,22.3,2020-02-08T03:22,2020-02-08T15:23,43264.34,40972.36,,,0.0,0.0,0.0,0.0,0.0,,26.07,8.2,53,15.1,8.2,49,0.0,1012.7,976.0,,19.2,0.196,32.8,10906X0039/C2-1
1134,2020-02-09,2.685378283,42.685696389,3,36.7,21.6,37.7,22.9,2020-02-09T03:22,2020-02-09T15:23,43271.5,40967.91,,,0.0,0.0,0.0,0.0,0.0,,26.17,7.72,87,15.1,7.72,46,0.0,1011.8,975.3,,13.8,0.195,32.9,10906X0039/C2-1
1135,2020-02-10,2.685378283,42.685696389,3,36.8,22.8,39.3,24.4,2020-02-10T03:22,2020-02-10T15:24,43278.75,40963.09,,,0.0,0.0,0.0,0.0,0.0,,24.52,7.1,76,16.8,7.1,51,0.0,1010.4,974.0,,14.7,0.194,33.0,10906X0039/C2-1
1136,2020-02-11,2.685378283,42.685696389,2,35.3,23.4,38.9,24.8,2020-02-11T03:22,2020-02-11T15:24,43286.1,40008.77,,,0.0,0.0,0.0,0.0,0.0,,24.41,6.29,23,17.5,6.29,51,0.0,1009.8,973.3,,11.1,0.194,33.2,10906X0039/C2-1
1137,2020-02-12,2.685378283,42.685696389,2,35.9,23.9,38.9,24.6,2020-02-12T03:22,2020-02-12T15:24,43293.54,40952.34,,,0.0,0.0,0.0,0.0,0.0,,23.59,6.99,14,18.4,6.99,51,0.0,1009.7,973.3,,15.5,0.193,33.3,10906X0039/C2-1
1138,2020-02-13,2.685378283,42.685696389,2,38.1,25.1,36.0,25.2,2020-02-13T03:22,2020-02-13T15:24,43301.06,40946.49,,,0.0,0.0,0.0,0.0,0.0,,25.57,9.69,16,14.4,9.69,39,0.0,1010.4,974.2,,22.3,0.193,33.3,10906X0039/C2-1
1139,2020-02-14,2.685378283,42.685696389,3,34.8,25.6,34.0,24.7,2020-02-14T03:22,2020-02-14T15:24,43308.65,40940.31,,,0.0,0.0,0.0,0.0,0.0,,24.02,8.68,39,16.8,8.68,47,0.0,1011.3,974.8,,24.6,0.192,33.3,10906X0039/C2-1
1140,2020-02-15,2.685378283,42.685696389,51,36.0,24.9,35.7,23.8,2020-02-15T03:22,2020-02-15T15:24,43316.3,40933.82,,,0.1,0.0,0.0,0.1,1.0,,22.29,7.78,45,16.6,7.78,45,0.0,1011.7,975.3,,18.8,0.191,33.2,10906X0039/C2-1
1141,2020-02-16,2.685378283,42.685696389,3,37.2,24.6,38.0,26.1,2020-02-16T03:22,2020-02-16T15:24,43324.01,40927.14,,,0.0,0.0,0.0,0.0,0.0,,24.73,8.0,13,16.5,8.0,46,0.0,1011.0,974.6,,15.9,0.191,33.3,10906X0039/C2-1
1142,2020-02-17,2.685378283,42.685696389,2,37.0,24.3,39.0,25.4,2020-02-17T03:22,2020-02-17T15:24,43331.77,40920.16,,,0.0,0.0,0.0,0.0,0.0,,24.69,7.34,9,17.9,7.34,50,0.0,1010.4,974.0,,14.9,0.19,33.5,10906X0039/C2-1
1143,2020-02-18,2.685378283,42.685696389,3,36.3,23.6,38.6,24.9,2020-02-18T03:21,2020-02-18T15:24,43339.58,40912.99,,,0.0,0.0,0.0,0.0,0.0,,24.57,6.99,13,17.7,6.99,52,0.0,1011.2,974.7,,15.0,0.19,33.6,10906X0039/C2-1
1144,2020-02-19,2.685378283,42.685696389,2,36.8,23.2,38.6,24.3,2020-02-19T03:21,2020-02-19T15:24,43347.42,41140.31,,,0.0,0.0,0.0,0.0,0.0,,24.76,7.22,12,17.0,7.22,51,0.0,1010.6,974.2,,14.7,0.189,33.6,10906X0039/C2-1
1145,2020-02-20,2.685378283,42.685696389,3,37.5,23.5,41.0,26.4,2020-02-20T03:21,2020-02-20T15:24,43355.3,40898.05,,,0.0,0.0,0.0,0.0,0.0,,25.52,7.26,31,18.0,7.26,51,0.0,1009.2,972.9,,12.7,0.188,33.8,10906X0039/C2-1
1146,2020-02-21,2.685378283,42.685696389,2,37.5,25.0,38.8,27.2,2020-02-21T03:21,2020-02-21T15:24,43363.19,40422.07,,,0.0,0.0,0.0,0.0,0.0,,24.02,7.94,23,18.3,7.94,51,0.0,1009.5,973.2,,18.5,0.188,33.9,10906X0039/C2-1
1147,2020-02-22,2.685378283,42.685696389,3,38.3,24.5,37.9,26.8,2020-02-22T03:21,2020-02-22T15:24,43371.1,41116.26,,,0.0,0.0,0.0,0.0,0.0,,25.95,8.58,27,18.4,8.58,53,0.0,1010.0,973.7,,22.1,0.187,33.9,10906X0039/C2-1
1148,2020-02-23,2.685378283,42.685696389,3,38.7,24.2,36.8,25.5,2020-02-23T03:21,2020-02-23T15:24,43379.03,41341.57,,,0.0,0.0,0.0,0.0,0.0,,27.55,9.3,44,12.2,9.3,39,0.0,1009.7,973.4,,19.1,0.187,33.9,10906X0039/C2-1
1149,2020-02-24,2.685378283,42.685696389,3,38.0,24.8,36.2,25.2,2020-02-24T03:20,2020-02-24T15:24,43387.05,41332.75,,,0.0,0.0,0.0,0.0,0.0,,26.62,9.2,59,13.2,9.2,40,0.0,1009.6,973.3,,19.1,0.186,33.9,10906X0039/C2-1
1150,2020-02-25,2.685378283,42.685696389,3,38.7,25.4,39.9,26.7,2020-02-25T03:20,2020-02-25T15:24,43395.17,40429.08,,,0.0,0.0,0.0,0.0,0.0,,24.12,8.38,70,17.4,8.38,45,0.0,1008.6,972.4,,17.4,0.185,34.1,10906X0039/C2-1
1151,2020-02-26,2.685378283,42.685696389,3,39.5,26.1,38.0,28.6,2020-02-26T03:20,2020-02-26T15:23,43403.37,31432.63,,,0.0,0.0,0.0,0.0,0.0,,17.83,7.22,86,17.8,7.22,48,0.0,1009.1,972.9,,17.6,0.185,34.1,10906X0039/C2-1
1152,2020-02-27,2.685378283,42.685696389,3,38.0,24.4,37.5,26.1,2020-02-27T03:20,2020-02-27T15:23,43411.65,41071.42,,,0.0,0.0,0.0,0.0,0.0,,26.12,8.44,83,15.1,8.44,44,0.0,1010.0,973.7,,16.2,0.184,34.1,10906X0039/C2-1
1153,2020-02-28,2.685378283,42.685696389,3,37.3,23.5,36.6,24.2,2020-02-28T03:20,2020-02-28T15:23,43420.0,41526.22,,,0.0,0.0,0.0,0.0,0.0,,27.1,8.85,14,13.8,8.85,42,0.0,1009.9,973.5,,18.0,0.183,34.0,10906X0039/C2-1
1154,2020-02-29,2.685378283,42.685696389,3,38.0,23.4,39.7,25.0,2020-02-29T03:19,2020-02-29T15:23,43428.42,41515.6,,,0.0,0.0,0.0,0.0,0.0,,26.97,7.94,29,15.5,7.94,46,0.0,1008.7,972.4,,14.8,0.182,34.2,10906X0039/C2-1
1155,2020-03-01,2.685378283,42.685696389,3,37.3,23.5,39.9,25.5,2020-03-01T03:19,2020-03-01T15:23,43436.91,41504.74,,,0.0,0.0,0.0,0.0,0.0,,26.85,7.68,18,16.1,7.68,46,0.0,1008.3,972.0,,13.0,0.181,34.4,10906X0039/C2-1
1156,2020-03-02,2.685378283,42.685696389,3,38.8,24.0,38.9,25.3,2020-03-02T03:19,2020-03-02T15:23,43445.45,41725.48,,,0.0,0.0,0.0,0.0,0.0,,24.57,7.67,50,14.8,7.67,43,0.0,1009.5,973.3,,14.8,0.181,34.5,10906X0039/C2-1
1157,2020-03-03,2.685378283,42.685696389,3,37.2,23.1,39.7,25.1,2020-03-03T03:18,2020-03-03T15:23,43454.04,41482.54,,,0.0,0.0,0.0,0.0,0.0,,25.21,6.99,69,17.2,6.99,52,0.0,1011.3,974.8,,13.7,0.18,34.5,10906X0039/C2-1
1158,2020-03-04,2.685378283,42.685696389,3,37.4,23.5,39.0,25.2,2020-03-04T03:18,2020-03-04T15:23,43462.67,41008.42,,,0.0,0.0,0.0,0.0,0.0,,24.35,7.24,66,16.0,7.24,47,0.0,1011.4,975.0,,14.4,0.18,34.4,10906X0039/C2-1
1159,2020-03-05,2.685378283,42.685696389,3,36.6,23.6,39.0,25.9,2020-03-05T03:18,2020-03-05T15:22,43471.33,41691.19,,,0.0,0.0,0.0,0.0,0.0,,24.37,6.6,61,17.2,6.6,49,0.0,1010.8,974.4,,11.1,0.179,34.5,10906X0039/C2-1
1160,2020-03-06,2.685378283,42.685696389,3,37.9,25.0,41.0,27.9,2020-03-06T03:18,2020-03-06T15:22,43480.03,39830.77,,,0.0,0.0,0.0,0.0,0.0,,24.29,7.44,74,18.0,7.44,51,0.0,1009.6,973.3,,14.4,0.179,34.7,10906X0039/C2-1
1161,2020-03-07,2.685378283,42.685696389,3,37.6,25.6,40.5,28.0,2020-03-07T03:17,2020-03-07T15:22,43488.74,40744.2,,,0.0,0.0,0.0,0.0,0.0,,25.21,7.47,42,18.6,7.47,50,0.0,1009.4,973.2,,14.3,0.178,34.8,10906X0039/C2-1
1162,2020-03-08,2.685378283,42.685696389,3,36.8,25.6,39.6,28.0,2020-03-08T03:17,2020-03-08T15:22,43497.48,40271.52,,,0.0,0.0,0.0,0.0,0.0,,22.38,7.06,90,19.9,7.06,55,0.0,1009.2,972.9,,16.5,0.178,34.7,10906X0039/C2-1
1163,2020-03-09,2.685378283,42.685696389,3,36.9,24.3,40.3,26.5,2020-03-09T03:17,2020-03-09T15:22,43506.23,41183.63,,,0.0,0.0,0.0,0.0,0.0,,24.6,6.95,82,18.5,6.95,53,0.0,1008.7,972.4,,13.7,0.178,34.8,10906X0039/C2-1
1164,2020-03-10,2.685378283,42.685696389,51,36.6,25.5,39.0,26.4,2020-03-10T03:16,2020-03-10T15:21,43514.98,41989.6,,,0.2,0.0,0.0,0.2,2.0,,24.14,7.48,80,18.4,7.48,50,0.0,1008.8,972.5,,16.4,0.177,34.8,10906X0039/C2-1
1165,2020-03-11,2.685378283,42.685696389,3,38.3,24.1,39.0,25.5,2020-03-11T03:16,2020-03-11T15:21,43523.72,41852.92,,,0.0,0.0,0.0,0.0,0.0,,25.81,8.38,44,16.3,8.38,46,0.0,1008.6,972.3,,17.6,0.177,34.8,10906X0039/C2-1
1166,2020-03-12,2.685378283,42.685696389,3,38.3,24.1,38.6,24.1,2020-03-12T03:16,2020-03-12T15:21,43532.46,42029.24,,,0.0,0.0,0.0,0.0,0.0,,26.36,9.11,57,15.0,9.11,42,0.0,1008.8,972.6,,19.7,0.176,34.7,10906X0039/C2-1
1167,2020-03-13,2.685378283,42.685696389,3,38.0,24.8,39.2,25.1,2020-03-13T03:15,2020-03-13T15:21,43541.18,42049.04,,,0.0,0.0,0.0,0.0,0.0,,24.85,8.52,64,17.4,8.52,48,0.0,1009.1,972.8,,21.7,0.176,34.7,10906X0039/C2-1
1168,2020-03-14,2.685378283,42.685696389,51,38.5,24.5,38.5,26.5,2020-03-14T03:15,2020-03-14T15:21,43549.89,42068.76,,,0.1,0.0,0.0,0.1,1.0,,23.31,7.76,88,17.6,7.76,49,0.0,1009.7,973.4,,18.3,0.176,34.8,10906X0039/C2-1
1169,2020-03-15,2.685378283,42.685696389,2,37.4,25.2,39.6,27.0,2020-03-15T03:15,2020-03-15T15:21,43558.66,41808.99,,,0.0,0.0,0.0,0.0,0.0,,24.24,7.49,22,19.2,7.49,53,0.0,1008.7,972.4,,17.4,0.175,34.8,10906X0039/C2-1
1170,2020-03-16,2.685378283,42.685696389,1,39.0,25.1,40.0,27.6,2020-03-16T03:14,2020-03-16T15:20,43567.48,42109.52,,,0.0,0.0,0.0,0.0,0.0,,24.98,8.27,9,18.4,8.27,50,0.0,1007.7,971.5,,19.1,0.175,34.9,10906X0039/C2-1
1171,2020-03-17,2.685378283,42.685696389,3,37.3,25.0,39.1,27.2,2020-03-17T03:14,2020-03-17T15:20,43576.36,39600.0,,,0.0,0.0,0.0,0.0,0.0,,23.76,7.53,45,19.2,7.53,53,0.0,1008.8,972.5,,16.5,0.174,35.0,10906X0039/C2-1
1172,2020-03-18,2.685378283,42.685696389,3,37.8,25.2,38.5,27.9,2020-03-18T03:14,2020-03-18T15:20,43585.29,41315.51,,,0.0,0.0,0.0,0.0,0.0,,24.94,8.24,69,18.6,8.24,53,0.0,1010.1,973.8,,20.2,0.174,34.9,10906X0039/C2-1
1173,2020-03-19,2.685378283,42.685696389,51,36.8,25.3,39.1,27.1,2020-03-19T03:13,2020-03-19T15:20,43594.25,41534.47,,,0.2,0.0,0.0,0.2,2.0,,22.34,7.02,63,20.1,7.02,56,0.0,1010.8,974.4,,16.9,0.174,34.9,10906X0039/C2-1
1174,2020-03-20,2.685378283,42.685696389,2,37.4,24.6,38.7,26.8,2020-03-20T03:13,2020-03-20T15:20,43603.26,41983.55,,,0.0,0.0,0.0,0.0,0.0,,25.18,7.98,31,18.7,7.98,54,0.0,1010.7,974.3,,18.9,0.174,34.8,10906X0039/C2-1
1175,2020-03-21,2.685378283,42.685696389,51,36.8,23.7,38.0,25.9,2020-03-21T03:12,2020-03-21T15:19,43612.29,42219.51,,,0.1,0.0,0.0,0.1,1.0,,25.3,7.37,42,18.3,7.37,54,0.0,1010.2,973.8,,16.9,0.175,34.7,10906X0039/C2-1
1176,2020-03-22,2.685378283,42.685696389,3,37.8,23.8,39.5,25.6,2020-03-22T03:12,2020-03-22T15:19,43621.35,42242.42,,,0.0,0.0,0.0,0.0,0.0,,26.28,8.11,47,16.3,8.11,47,0.0,1010.1,973.8,,16.1,0.174,34.8,10906X0039/C2-1
1177,2020-03-23,2.685378283,42.685696389,51,36.1,24.1,39.3,26.5,2020-03-23T03:12,2020-03-23T15:19,43630.42,42265.47,,,0.1,0.0,0.0,0.1,1.0,,23.48,7.34,75,17.2,7.34,48,0.0,1010.9,974.5,,14.4,0.173,34.8,10906X0039/C2-1
1178,2020-03-24,2.685378283,42.685696389,61,36.1,24.5,37.4,27.1,2020-03-24T03:11,2020-03-24T15:19,43639.51,42288.63,,,2.5,0.0,0.0,2.5,4.0,,23.38,7.07,49,18.6,7.07,54,0.0,1009.6,973.2,,15.0,0.173,34.8,10906X0039/C2-1
1179,2020-03-25,2.685378283,42.685696389,63,34.8,24.5,37.7,28.3,2020-03-25T03:11,2020-03-25T15:18,43648.61,40887.95,,,5.4,0.0,0.0,5.4,6.0,,20.24,5.48,84,21.2,5.48,65,0.0,1008.3,971.8,,12.1,0.174,34.6,10906X0039/C2-1
1180,2020-03-26,2.685378283,42.685696389,63,33.0,24.2,37.3,27.0,2020-03-26T03:10,2020-03-26T15:18,43657.71,28381.4,,,10.9,0.0,0.0,10.9,7.0,,18.22,4.24,94,22.2,4.24,78,0.0,1009.0,972.3,,7.7,0.183,33.8,10906X0039/C2-1
1181,2020-03-27,2.685378283,42.685696389,63,31.8,24.4,36.8,28.8,2020-03-27T03:10,2020-03-27T15:18,43666.8,31698.41,,,3.6,0.0,0.0,3.6,3.0,,16.52,3.77,91,22.5,3.77,77,0.0,1011.3,974.5,,8.8,0.187,33.3,10906X0039/C2-1
1182,2020-03-28,2.685378283,42.685696389,63,31.2,23.8,36.6,28.3,2020-03-28T03:10,2020-03-28T15:18,43675.87,41667.5,,,8.6,0.0,0.0,8.6,10.0,,18.2,3.98,78,22.4,3.98,78,0.0,1012.1,975.3,,7.8,0.199,32.7,10906X0039/C2-1
1183,2020-03-29,2.685378283,42.685696389,61,30.4,23.9,35.1,28.0,2020-03-29T03:09,2020-03-29T15:17,43684.93,41968.7,,,2.6,0.0,0.0,2.6,8.0,,18.28,4.05,68,22.6,4.05,78,0.0,1011.4,974.5,,8.5,0.204,32.4,10906X0039/C2-1
1184,2020-03-30,2.685378283,42.685696389,51,32.6,23.9,38.1,27.7,2020-03-30T03:09,2020-03-30T15:17,43693.96,42426.21,,,0.4,0.0,0.0,0.4,3.0,,20.93,4.85,31,22.6,4.85,75,0.0,1010.3,973.6,,10.8,0.2,32.2,10906X0039/C2-1
1185,2020-03-31,2.685378283,42.685696389,51,33.0,24.2,37.1,27.9,2020-03-31T03:09,2020-03-31T15:17,43702.97,42448.35,,,0.6,0.0,0.0,0.6,3.0,,21.34,5.0,46,22.6,5.0,72,0.0,1011.1,974.5,,10.4,0.194,32.1,10906X0039/C2-1
1186,2020-04-01,2.685378283,42.685696389,51,33.7,24.6,37.7,28.5,2020-04-01T03:08,2020-04-01T15:17,43711.93,42470.1,,,1.4,0.0,0.0,1.4,8.0,,22.56,5.25,27,22.7,5.25,73,0.0,1011.3,974.6,,11.0,0.189,32.1,10906X0039/C2-1
1187,2020-04-02,2.685378283,42.685696389,2,33.8,23.5,36.6,26.1,2020-04-02T03:08,2020-04-02T15:17,43720.85,42491.39,,,0.0,0.0,0.0,0.0,0.0,,23.81,6.09,30,20.4,6.09,64,0.0,1009.8,973.3,,14.4,0.187,31.9,10906X0039/C2-1
1188,2020-04-03,2.685378283,42.685696389,3,35.0,24.0,37.2,27.1,2020-04-03T03:08,2020-04-03T15:16,43729.72,42512.19,,,0.0,0.0,0.0,0.0,0.0,,24.76,6.68,46,19.9,6.68,62,0.0,1010.2,973.6,,15.7,0.183,32.0,10906X0039/C2-1
1189,2020-04-04,2.685378283,42.685696389,3,35.4,24.3,37.6,27.2,2020-04-04T03:07,2020-04-04T15:16,43738.62,42530.88,,,0.0,0.0,0.0,0.0,0.0,,24.8,6.57,25,19.3,6.57,60,0.0,1011.3,974.7,,13.7,0.18,32.1,10906X0039/C2-1
1190,2020-04-05,2.685378283,42.685696389,61,34.2,23.8,37.1,27.0,2020-04-05T03:07,2020-04-05T15:16,43747.54,42553.72,,,1.7,0.0,0.0,1.7,3.0,,21.23,5.18,62,21.2,5.18,68,0.0,1012.6,975.8,,11.7,0.176,32.1,10906X0039/C2-1
1191,2020-04-06,2.685378283,42.685696389,53,36.1,24.0,38.5,26.4,2020-04-06T03:06,2020-04-06T15:16,43756.48,42574.61,,,0.5,0.0,0.0,0.5,1.0,,23.08,6.6,66,19.1,6.6,56,0.0,1011.8,975.3,,14.0,0.175,32.4,10906X0039/C2-1
1192,2020-04-07,2.685378283,42.685696389,3,35.3,24.1,38.1,26.2,2020-04-07T03:06,2020-04-07T15:16,43765.44,42595.53,,,0.0,0.0,0.0,0.0,0.0,,22.87,6.77,93,19.4,6.77,57,0.0,1011.5,975.0,,16.8,0.173,32.5,10906X0039/C2-1
1193,2020-04-08,2.685378283,42.685696389,51,35.8,24.5,38.3,26.9,2020-04-08T03:06,2020-04-08T15:15,43774.41,42616.4,,,0.1,0.0,0.0,0.1,1.0,,24.08,6.92,29,19.8,6.92,57,0.0,1011.6,975.1,,15.7,0.172,32.7,10906X0039/C2-1
1194,2020-04-09,2.685378283,42.685696389,3,36.2,24.4,38.7,26.9,2020-04-09T03:05,2020-04-09T15:15,43783.39,42637.21,,,0.0,0.0,0.0,0.0,0.0,,24.36,6.89,29,19.8,6.89,58,0.0,1011.0,974.5,,15.3,0.172,32.9,10906X0039/C2-1
1195,2020-04-10,2.685378283,42.685696389,53,36.2,24.7,38.6,28.3,2020-04-10T03:05,2020-04-10T15:15,43792.35,42657.89,,,0.6,0.0,0.0,0.6,1.0,,22.9,6.28,62,21.0,6.28,62,0.0,1010.9,974.4,,13.7,0.173,33.0,10906X0039/C2-1
1196,2020-04-11,2.685378283,42.685696389,61,35.2,25.3,39.5,28.2,2020-04-11T03:05,2020-04-11T15:15,43801.3,42584.73,,,3.5,0.0,0.0,3.5,4.0,,20.65,5.32,72,21.9,5.32,69,0.0,1010.6,974.0,,13.2,0.175,32.9,10906X0039/C2-1
1197,2020-04-12,2.685378283,42.685696389,63,31.9,25.1,34.9,28.7,2020-04-12T03:04,2020-04-12T15:15,43810.24,38767.56,,,12.6,0.0,0.0,12.6,11.0,,15.94,4.07,83,22.4,4.07,73,0.0,1010.3,973.6,,11.8,0.176,32.6,10906X0039/C2-1
1198,2020-04-13,2.685378283,42.685696389,55,35.0,24.8,39.0,28.8,2020-04-13T03:04,2020-04-13T15:14,43819.16,42706.62,,,1.4,0.0,0.0,1.4,4.0,,24.36,6.05,72,20.6,6.05,62,0.0,1010.3,973.9,,10.5,0.173,32.6,10906X0039/C2-1
1199,2020-04-14,2.685378283,42.685696389,63,33.4,24.5,37.2,28.3,2020-04-14T03:04,2020-04-14T15:14,43828.05,39191.49,,,12.5,0.0,0.0,12.5,11.0,,19.1,4.7,83,22.5,4.7,74,0.0,1011.0,974.3,,13.0,0.173,32.6,10906X0039/C2-1
1200,2020-04-15,2.685378283,42.685696389,51,31.9,24.2,37.2,28.5,2020-04-15T03:03,2020-04-15T15:14,43836.89,26984.1,,,1.8,0.0,0.0,1.8,9.0,,15.07,3.43,97,22.5,3.43,78,0.0,1011.8,975.0,,7.8,0.167,32.3,10906X0039/C2-1
1201,2020-04-16,2.685378283,42.685696389,63,32.9,23.9,39.5,27.8,2020-04-16T03:03,2020-04-16T15:14,43845.7,41685.1,,,7.3,0.0,0.0,7.3,7.0,,20.4,4.67,93,22.3,4.67,75,0.0,1010.4,973.6,,9.5,0.166,32.1,10906X0039/C2-1
1202,2020-04-17,2.685378283,42.685696389,63,33.1,23.7,38.9,27.8,2020-04-17T03:03,2020-04-17T15:14,43854.46,40431.76,,,8.5,0.0,0.0,8.5,13.0,,21.1,4.78,77,22.5,4.78,75,0.0,1009.5,972.8,,8.1,0.166,32.0,10906X0039/C2-1
1203,2020-04-18,2.685378283,42.685696389,55,32.0,23.6,36.6,28.1,2020-04-18T03:02,2020-04-18T15:14,43863.15,41747.59,,,4.4,0.0,0.0,4.4,15.0,,20.55,4.54,94,22.6,4.54,78,0.0,1010.2,973.5,,6.9,0.172,31.7,10906X0039/C2-1
1204,2020-04-19,2.685378283,42.685696389,63,30.8,23.0,34.6,26.7,2020-04-19T03:02,2020-04-19T15:13,43871.78,42830.21,,,12.2,0.0,0.0,12.2,16.0,,18.68,3.96,98,22.5,3.96,79,0.0,1011.4,974.5,,7.1,0.171,31.4,10906X0039/C2-1
1205,2020-04-20,2.685378283,42.685696389,63,28.9,23.1,32.7,26.9,2020-04-20T03:02,2020-04-20T15:13,43880.34,20420.61,,,27.5,0.0,0.0,27.5,11.0,,11.88,2.58,95,22.5,2.58,85,0.0,1011.4,974.4,,7.6,0.199,30.8,10906X0039/C2-1
1206,2020-04-21,2.685378283,42.685696389,61,30.7,23.2,33.4,26.7,2020-04-21T03:02,2020-04-21T15:13,43888.81,42779.58,,,7.5,0.0,0.0,7.5,15.0,,18.51,4.01,85,22.3,4.01,80,0.0,1011.7,974.8,,11.0,0.203,30.5,10906X0039/C2-1
1207,2020-04-22,2.685378283,42.685696389,63,27.9,23.4,32.0,27.7,2020-04-22T03:01,2020-04-22T15:13,43897.2,16829.04,,,9.2,0.0,0.0,9.2,13.0,,12.39,2.52,99,22.6,2.52,89,0.0,1011.9,974.8,,6.8,0.214,30.1,10906X0039/C2-1
1208,2020-04-23,2.685378283,42.685696389,51,31.0,22.2,36.9,26.1,2020-04-23T03:01,2020-04-23T15:13,43905.51,42892.91,,,0.4,0.0,0.0,0.4,3.0,,22.07,4.94,76,21.2,4.94,73,0.0,1011.5,974.7,,7.2,0.219,30.0,10906X0039/C2-1
1209,2020-04-24,2.685378283,42.685696389,63,30.5,23.5,35.1,27.8,2020-04-24T03:01,2020-04-24T15:13,43913.78,34529.11,,,10.9,0.0,0.0,10.9,11.0,,19.95,4.15,84,22.6,4.15,83,0.0,1012.0,975.0,,8.4,0.22,29.9,10906X0039/C2-1
1210,2020-04-25,2.685378283,42.685696389,53,29.7,23.4,33.4,27.3,2020-04-25T03:01,2020-04-25T15:13,43922.04,42003.29,,,3.7,0.0,0.0,3.7,9.0,,18.65,3.95,89,22.5,3.95,82,0.0,1011.8,974.9,,11.0,0.226,29.7,10906X0039/C2-1
1211,2020-04-26,2.685378283,42.685696389,51,30.8,22.9,34.7,26.9,2020-04-26T03:00,2020-04-26T15:13,43930.28,40540.56,,,0.9,0.0,0.0,0.9,7.0,,20.9,4.62,63,21.9,4.62,77,0.0,1012.1,975.2,,11.1,0.224,29.6,10906X0039/C2-1
1212,2020-04-27,2.685378283,42.685696389,63,31.7,23.5,35.6,27.5,2020-04-27T03:00,2020-04-27T15:13,43938.48,42946.87,,,6.5,0.0,0.0,6.5,10.0,,20.95,4.55,67,22.7,4.55,80,0.0,1012.8,975.9,,11.3,0.22,29.6,10906X0039/C2-1
1213,2020-04-28,2.685378283,42.685696389,63,31.0,23.4,34.9,27.4,2020-04-28T03:00,2020-04-28T15:12,43946.63,42632.22,,,8.0,0.0,0.0,8.0,13.0,,20.96,4.41,71,22.6,4.41,81,0.0,1013.1,976.1,,10.0,0.221,29.5,10906X0039/C2-1
1214,2020-04-29,2.685378283,42.685696389,61,30.6,22.8,33.6,26.8,2020-04-29T03:00,2020-04-29T15:12,43954.74,37902.52,,,5.5,0.0,0.0,5.5,9.0,,17.04,3.84,79,22.5,3.84,82,0.0,1013.2,976.2,,13.3,0.222,29.3,10906X0039/C2-1
1215,2020-04-30,2.685378283,42.685696389,53,30.2,23.2,33.8,26.6,2020-04-30T03:00,2020-04-30T15:12,43962.8,42982.87,,,1.5,0.0,0.0,1.5,3.0,,18.48,4.07,75,22.4,4.07,81,0.0,1013.8,976.8,,14.1,0.223,29.1,10906X0039/C2-1
1216,2020-05-01,2.685378283,42.685696389,61,28.4,23.0,31.9,25.8,2020-05-01T02:59,2020-05-01T15:12,43970.8,34410.12,,,5.3,0.0,0.0,5.3,13.0,,16.07,3.21,85,22.7,3.21,86,0.0,1013.9,976.8,,14.2,0.23,28.9,10906X0039/C2-1
1217,2020-05-02,2.685378283,42.685696389,51,30.3,22.8,33.5,26.6,2020-05-02T02:59,2020-05-02T15:12,43978.73,43004.47,,,0.5,0.0,0.0,0.5,5.0,,20.75,4.58,52,21.8,4.58,77,0.0,1012.5,975.6,,12.5,0.228,28.9,10906X0039/C2-1
1218,2020-05-03,2.685378283,42.685696389,51,30.8,23.4,33.4,26.4,2020-05-03T02:59,2020-05-03T15:12,43986.58,43014.49,,,0.7,0.0,0.0,0.7,6.0,,20.5,4.65,90,21.9,4.65,76,0.0,1012.2,975.3,,15.8,0.228,28.9,10906X0039/C2-1
1219,2020-05-04,2.685378283,42.685696389,51,31.3,23.3,34.8,26.6,2020-05-04T02:59,2020-05-04T15:12,43994.35,43023.97,,,0.5,0.0,0.0,0.5,5.0,,22.94,5.0,44,22.2,5.0,77,0.0,1012.5,975.6,,14.6,0.224,28.9,10906X0039/C2-1
1220,2020-05-05,2.685378283,42.685696389,53,31.0,22.9,35.1,27.1,2020-05-05T02:59,2020-05-05T15:12,44002.03,42616.8,,,1.8,0.0,0.0,1.8,3.0,,20.69,4.38,95,22.7,4.38,82,0.0,1012.5,975.5,,12.0,0.221,28.9,10906X0039/C2-1
1221,2020-05-06,2.685378283,42.685696389,53,30.1,23.3,33.5,26.8,2020-05-06T02:59,2020-05-06T15:12,44009.6,41486.63,,,4.7,0.0,0.0,4.7,15.0,,19.01,4.05,70,22.8,4.05,82,0.0,1012.2,975.3,,14.1,0.223,28.8,10906X0039/C2-1
1222,2020-05-07,2.685378283,42.685696389,61,29.6,23.2,33.3,26.4,2020-05-07T02:59,2020-05-07T15:12,44017.07,31087.32,,,10.1,0.0,0.0,10.1,18.0,,15.02,3.14,93,22.7,3.14,86,0.0,1012.5,975.4,,11.5,0.227,28.7,10906X0039/C2-1
1223,2020-05-08,2.685378283,42.685696389,51,30.0,23.1,34.2,26.6,2020-05-08T02:58,2020-05-08T15:12,44024.42,41972.17,,,1.1,0.0,0.0,1.1,7.0,,20.68,4.37,60,22.5,4.37,81,0.0,1012.1,975.2,,13.0,0.226,28.7,10906X0039/C2-1
1224,2020-05-09,2.685378283,42.685696389,51,30.3,23.2,33.7,26.5,2020-05-09T02:58,2020-05-09T15:12,44031.65,43062.6,,,0.7,0.0,0.0,0.7,4.0,,19.88,4.39,57,21.9,4.39,77,0.0,1012.3,975.4,,14.2,0.224,28.7,10906X0039/C2-1
1225,2020-05-10,2.685378283,42.685696389,51,30.8,23.2,33.8,25.8,2020-05-10T02:58,2020-05-10T15:12,44038.75,38827.47,,,0.5,0.0,0.0,0.5,5.0,,18.44,4.38,71,21.7,4.38,76,0.0,1013.0,976.0,,16.4,0.22,28.7,10906X0039/C2-1
1226,2020-05-11,2.685378283,42.685696389,51,32.1,22.9,33.8,24.8,2020-05-11T02:58,2020-05-11T15:12,44045.7,43073.6,,,0.9,0.0,0.0,0.9,4.0,,21.5,5.14,67,21.0,5.14,72,0.0,1012.8,975.9,,15.0,0.216,28.8,10906X0039/C2-1
1227,2020-05-12,2.685378283,42.685696389,3,31.1,22.5,34.2,24.6,2020-05-12T02:58,2020-05-12T15:12,44052.51,43078.07,,,0.0,0.0,0.0,0.0,0.0,,21.45,4.92,47,21.4,4.92,75,0.0,1012.7,975.8,,16.1,0.213,28.8,10906X0039/C2-1
1228,2020-05-13,2.685378283,42.685696389,3,32.3,23.3,34.8,26.4,2020-05-13T02:58,2020-05-13T15:12,44059.16,43081.83,,,0.0,0.0,0.0,0.0,0.0,,22.99,5.39,42,21.6,5.39,74,0.0,1012.6,975.7,,18.2,0.209,28.8,10906X0039/C2-1
1229,2020-05-14,2.685378283,42.685696389,3,32.4,22.5,34.9,26.1,2020-05-14T02:58,2020-05-14T15:12,44065.73,43084.84,,,0.0,0.0,0.0,0.0,0.0,,22.48,5.59,32,20.8,5.59,70,0.0,1012.5,975.7,,16.3,0.206,28.9,10906X0039/C2-1
1230,2020-05-15,2.685378283,42.685696389,51,32.1,22.9,35.4,25.9,2020-05-15T02:58,2020-05-15T15:12,44072.2,43087.1,,,0.1,0.0,0.0,0.1,1.0,,21.33,5.23,32,21.6,5.23,74,0.0,1012.6,975.7,,16.8,0.204,29.0,10906X0039/C2-1
1231,2020-05-16,2.685378283,42.685696389,3,32.4,23.1,33.1,24.3,2020-05-16T02:58,2020-05-16T15:12,44078.57,42713.21,,,0.0,0.0,0.0,0.0,0.0,,21.81,5.87,30,19.9,5.87,68,0.0,1013.0,976.1,,19.7,0.201,29.2,10906X0039/C2-1
1232,2020-05-17,2.685378283,42.685696389,51,31.9,22.2,31.5,24.0,2020-05-17T02:58,2020-05-17T15:13,44084.84,43089.45,,,0.1,0.0,0.0,0.1,1.0,,18.56,5.26,35,19.5,5.26,66,0.0,1014.6,977.6,,18.7,0.199,29.1,10906X0039/C2-1
1233,2020-05-18,2.685378283,42.685696389,3,31.6,21.9,31.9,23.5,2020-05-18T02:58,2020-05-18T15:13,44091.0,41056.45,,,0.0,0.0,0.0,0.0,0.0,,18.22,4.92,39,19.6,4.92,68,0.0,1014.0,977.0,,16.8,0.198,29.1,10906X0039/C2-1
1234,2020-05-19,2.685378283,42.685696389,3,33.3,22.0,34.1,23.9,2020-05-19T02:58,2020-05-19T15:13,44097.04,43089.13,,,0.0,0.0,0.0,0.0,0.0,,23.63,6.32,56,19.8,6.32,65,0.0,1013.3,976.5,,18.8,0.197,29.3,10906X0039/C2-1
1235,2020-05-20,2.685378283,42.685696389,51,31.8,23.1,32.8,24.9,2020-05-20T02:58,2020-05-20T15:13,44102.96,38667.04,,,0.2,0.0,0.0,0.2,2.0,,20.0,5.43,49,20.3,5.43,70,0.0,1014.2,977.2,,20.9,0.196,29.3,10906X0039/C2-1
1236,2020-05-21,2.685378283,42.685696389,51,30.5,22.5,31.8,24.8,2020-05-21T02:58,2020-05-21T15:13,44108.75,38169.82,,,2.9,0.0,0.0,2.9,14.0,,18.44,4.67,78,20.8,4.67,75,0.0,1015.2,978.1,,20.3,0.196,29.2,10906X0039/C2-1
1237,2020-05-22,2.685378283,42.685696389,51,31.1,22.6,31.4,24.8,2020-05-22T02:58,2020-05-22T15:13,44114.4,42037.76,,,1.6,0.0,0.0,1.6,9.0,,19.33,4.98,44,20.3,4.98,72,0.0,1015.7,978.6,,19.7,0.196,29.1,10906X0039/C2-1
1238,2020-05-23,2.685378283,42.685696389,53,30.9,21.8,31.5,23.8,2020-05-23T02:58,2020-05-23T15:13,44119.92,43081.24,,,2.1,0.0,0.0,2.1,6.0,,20.7,5.14,23,20.1,5.14,70,0.0,1015.1,978.1,,17.8,0.196,29.1,10906X0039/C2-1
1239,2020-05-24,2.685378283,42.685696389,3,32.3,21.8,31.6,24.0,2020-05-24T02:58,2020-05-24T15:13,44125.28,43077.92,,,0.0,0.0,0.0,0.0,0.0,,20.17,5.6,39,19.1,5.6,65,0.0,1013.5,976.6,,18.8,0.195,29.1,10906X0039/C2-1
1240,2020-05-25,2.685378283,42.685696389,51,32.4,22.4,33.9,24.8,2020-05-25T02:58,2020-05-25T15:14,44130.48,42391.4,,,0.1,0.0,0.0,0.1,1.0,,18.01,4.89,70,20.9,4.89,72,0.0,1013.4,976.4,,19.6,0.192,29.2,10906X0039/C2-1
1241,2020-05-26,2.685378283,42.685696389,51,32.5,23.1,34.1,25.0,2020-05-26T02:58,2020-05-26T15:14,44135.51,36628.73,,,0.3,0.0,0.0,0.3,3.0,,18.5,5.3,38,19.9,5.3,66,0.0,1013.2,976.3,,17.6,0.191,29.3,10906X0039/C2-1
1242,2020-05-27,2.685378283,42.685696389,3,32.3,21.4,33.1,23.4,2020-05-27T02:58,2020-05-27T15:14,44140.38,42667.35,,,0.0,0.0,0.0,0.0,0.0,,18.57,5.07,50,20.3,5.07,70,0.0,1013.8,976.9,,18.1,0.19,29.3,10906X0039/C2-1
1243,2020-05-28,2.685378283,42.685696389,51,31.9,23.5,34.7,26.6,2020-05-28T02:58,2020-05-28T15:14,44145.06,32689.75,,,1.8,0.0,0.0,1.8,9.0,,17.51,4.51,75,21.9,4.51,74,0.0,1013.2,976.3,,16.4,0.19,29.4,10906X0039/C2-1
1244,2020-05-29,2.685378283,42.685696389,3,32.7,22.9,33.1,24.2,2020-05-29T02:58,2020-05-29T15:14,44149.57,43054.52,,,0.0,0.0,0.0,0.0,0.0,,19.8,5.75,78,19.6,5.75,65,0.0,1012.8,976.0,,19.5,0.189,29.5,10906X0039/C2-1
1245,2020-05-30,2.685378283,42.685696389,3,33.5,21.7,32.6,23.4,2020-05-30T02:58,2020-05-30T15:14,44153.87,43048.67,,,0.0,0.0,0.0,0.0,0.0,,22.96,6.69,46,18.2,6.69,61,0.0,1012.7,975.9,,20.4,0.187,29.5,10906X0039/C2-1
1246,2020-05-31,2.685378283,42.685696389,51,33.3,22.6,33.5,24.6,2020-05-31T02:59,2020-05-31T15:15,44157.99,42667.61,,,0.1,0.0,0.0,0.1,1.0,,19.28,5.83,47,20.2,5.83,67,0.0,1013.7,976.9,,22.0,0.186,29.6,10906X0039/C2-1
1247,2020-06-01,2.685378283,42.685696389,51,33.4,23.6,34.5,25.4,2020-06-01T02:59,2020-06-01T15:15,44161.89,43036.01,,,0.4,0.0,0.0,0.4,4.0,,20.94,6.01,67,20.6,6.01,67,0.0,1013.9,977.0,,21.7,0.184,29.8,10906X0039/C2-1
1248,2020-06-02,2.685378283,42.685696389,51,31.8,23.4,32.7,25.5,2020-06-02T02:59,2020-06-02T15:15,44165.58,38877.7,,,1.6,0.0,0.0,1.6,9.0,,17.02,5.05,58,20.6,5.05,69,0.0,1013.5,976.6,,21.3,0.185,29.8,10906X0039/C2-1
1249,2020-06-03,2.685378283,42.685696389,51,32.6,23.0,31.2,24.5,2020-06-03T02:59,2020-06-03T15:15,44169.1,41923.14,,,0.2,0.0,0.0,0.2,2.0,,16.95,5.39,61,19.5,5.39,65,0.0,1013.4,976.5,,21.9,0.185,29.7,10906X0039/C2-1
1250,2020-06-04,2.685378283,42.685696389,51,31.5,22.9,31.6,23.9,2020-06-04T02:59,2020-06-04T15:15,44172.44,34110.35,,,0.4,0.0,0.0,0.4,3.0,,15.7,5.02,81,19.5,5.02,65,0.0,1013.6,976.6,,20.5,0.187,29.5,10906X0039/C2-1
1251,2020-06-05,2.685378283,42.685696389,51,33.1,23.0,32.2,23.7,2020-06-05T02:59,2020-06-05T15:15,44175.62,38661.78,,,0.1,0.0,0.0,0.1,1.0,,16.47,5.77,63,19.1,5.77,61,0.0,1013.6,976.8,,22.3,0.185,29.6,10906X0039/C2-1
1252,2020-06-06,2.685378283,42.685696389,3,32.2,23.5,32.2,25.0,2020-06-06T02:59,2020-06-06T15:16,44178.6,35218.3,,,0.0,0.0,0.0,0.0,0.0,,15.87,5.15,77,20.2,5.15,66,0.0,1013.1,976.2,,20.7,0.185,29.6,10906X0039/C2-1
1253,2020-06-07,2.685378283,42.685696389,51,31.7,23.3,32.8,24.6,2020-06-07T02:59,2020-06-07T15:16,44181.42,24506.11,,,0.9,0.0,0.0,0.9,5.0,,14.86,4.48,95,20.8,4.48,73,0.0,1012.8,975.8,,23.2,0.185,29.6,10906X0039/C2-1
1254,2020-06-08,2.685378283,42.685696389,61,30.8,22.6,29.7,23.6,2020-06-08T03:00,2020-06-08T15:16,44184.04,30083.33,,,3.5,0.0,0.0,3.5,10.0,,16.11,4.31,94,20.1,4.31,75,0.0,1013.5,976.3,,22.0,0.187,29.2,10906X0039/C2-1
1255,2020-06-09,2.685378283,42.685696389,51,30.1,22.2,30.5,23.6,2020-06-09T03:00,2020-06-09T15:16,44186.48,39918.7,,,1.0,0.0,0.0,1.0,6.0,,17.67,4.79,83,19.5,4.79,70,0.0,1013.5,976.4,,19.2,0.186,29.1,10906X0039/C2-1
1256,2020-06-10,2.685378283,42.685696389,3,31.5,21.4,31.2,23.7,2020-06-10T03:00,2020-06-10T15:17,44188.72,42927.79,,,0.0,0.0,0.0,0.0,0.0,,21.21,5.66,54,18.9,5.66,67,0.0,1013.4,976.4,,19.2,0.184,29.1,10906X0039/C2-1
1257,2020-06-11,2.685378283,42.685696389,51,32.2,21.4,31.5,22.9,2020-06-11T03:00,2020-06-11T15:17,44190.78,42940.14,,,0.8,0.0,0.0,0.8,3.0,,21.89,5.85,74,18.9,5.85,67,0.0,1012.9,975.9,,20.5,0.183,29.1,10906X0039/C2-1
1258,2020-06-12,2.685378283,42.685696389,3,31.9,21.4,30.7,23.1,2020-06-12T03:00,2020-06-12T15:17,44192.64,42928.01,,,0.0,0.0,0.0,0.0,0.0,,19.93,6.0,78,18.4,6.0,64,0.0,1012.4,975.4,,21.9,0.182,29.2,10906X0039/C2-1
1259,2020-06-13,2.685378283,42.685696389,3,32.0,21.8,30.7,22.8,2020-06-13T03:01,2020-06-13T15:17,44194.3,30684.0,,,0.0,0.0,0.0,0.0,0.0,,16.85,5.69,80,17.9,5.69,62,0.0,1012.9,976.0,,23.3,0.182,29.2,10906X0039/C2-1
1260,2020-06-14,2.685378283,42.685696389,3,32.5,22.5,30.4,22.7,2020-06-14T03:01,2020-06-14T15:17,44195.76,38156.42,,,0.0,0.0,0.0,0.0,0.0,,18.66,6.66,59,16.8,6.66,55,0.0,1014.2,977.3,,24.3,0.181,29.4,10906X0039/C2-1
1261,2020-06-15,2.685378283,42.685696389,51,32.1,22.3,31.2,23.0,2020-06-15T03:01,2020-06-15T15:18,44197.02,42742.48,,,0.4,0.0,0.0,0.4,4.0,,19.44,6.13,65,18.2,6.13,62,0.0,1014.5,977.5,,23.6,0.18,29.4,10906X0039/C2-1
1262,2020-06-16,2.685378283,42.685696389,51,31.0,22.3,29.5,22.9,2020-06-16T03:01,2020-06-16T15:18,44198.08,37678.49,,,0.2,0.0,0.0,0.2,2.0,,16.01,5.86,91,17.6,5.86,60,0.0,1014.1,977.1,,24.4,0.18,29.4,10906X0039/C2-1
1263,2020-06-17,2.685378283,42.685696389,3,32.8,22.1,30.4,21.9,2020-06-17T03:01,2020-06-17T15:18,44198.92,31697.59,,,0.0,0.0,0.0,0.0,0.0,,21.25,7.48,75,15.1,7.48,51,0.0,1013.9,976.9,,24.4,0.18,29.5,10906X0039/C2-1
1264,2020-06-18,2.685378283,42.685696389,3,32.2,22.1,29.6,22.0,2020-06-18T03:02,2020-06-18T15:18,44199.56,35841.49,,,0.0,0.0,0.0,0.0,0.0,,16.55,6.14,82,17.2,6.14,58,0.0,1013.8,976.9,,23.8,0.18,29.4,10906X0039/C2-1
1265,2020-06-19,2.685378283,42.685696389,3,31.9,22.4,30.0,23.5,2020-06-19T03:02,2020-06-19T15:19,44199.99,38214.93,,,0.0,0.0,0.0,0.0,0.0,,16.14,5.83,80,18.2,5.83,60,0.0,1013.7,976.8,,24.0,0.179,29.5,10906X0039/C2-1
1266,2020-06-20,2.685378283,42.685696389,3,33.2,22.2,30.9,22.1,2020-06-20T03:02,2020-06-20T15:19,44200.2,34983.47,,,0.0,0.0,0.0,0.0,0.0,,21.14,7.36,43,16.6,7.36,54,0.0,1013.1,976.3,,25.1,0.179,29.6,10906X0039/C2-1
1267,2020-06-21,2.685378283,42.685696389,3,34.1,22.4,32.0,21.8,2020-06-21T03:02,2020-06-21T15:19,44200.2,37041.27,,,0.0,0.0,0.0,0.0,0.0,,22.15,8.05,66,15.7,8.05,49,0.0,1012.1,975.4,,25.5,0.179,29.8,10906X0039/C2-1
1268,2020-06-22,2.685378283,42.685696389,3,34.4,22.9,32.6,23.0,2020-06-22T03:02,2020-06-22T15:19,44199.99,42599.75,,,0.0,0.0,0.0,0.0,0.0,,22.17,7.5,56,17.2,7.5,53,0.0,1011.5,974.9,,23.8,0.178,30.0,10906X0039/C2-1
1269,2020-06-23,2.685378283,42.685696389,51,33.1,23.2,31.8,24.4,2020-06-23T03:03,2020-06-23T15:19,44199.55,42016.86,,,0.3,0.0,0.0,0.3,3.0,,18.03,6.34,60,18.8,6.34,60,0.0,1011.9,975.2,,24.6,0.178,30.2,10906X0039/C2-1
1270,2020-06-24,2.685378283,42.685696389,51,32.0,23.4,32.6,24.5,2020-06-24T03:03,2020-06-24T15:20,44198.89,37972.29,,,0.7,0.0,0.0,0.7,6.0,,17.54,5.65,49,19.4,5.65,64,0.0,1012.7,975.8,,22.6,0.178,30.1,10906X0039/C2-1
1271,2020-06-25,2.685378283,42.685696389,51,31.4,22.7,29.7,23.9,2020-06-25T03:03,2020-06-25T15:20,44198.01,34702.76,,,0.2,0.0,0.0,0.2,2.0,,15.67,5.45,67,18.3,5.45,61,0.0,1012.0,975.1,,21.8,0.178,29.9,10906X0039/C2-1
1272,2020-06-26,2.685378283,42.685696389,51,30.7,22.1,30.4,23.3,2020-06-26T03:03,2020-06-26T15:20,44196.92,29689.67,,,1.4,0.0,0.0,1.4,8.0,,15.8,4.93,50,19.2,4.93,67,0.0,1012.0,975.0,,22.4,0.179,29.7,10906X0039/C2-1
1273,2020-06-27,2.685378283,42.685696389,51,31.1,22.2,31.2,22.9,2020-06-27T03:04,2020-06-27T15:20,44195.62,32302.49,,,0.1,0.0,0.0,0.1,1.0,,14.8,4.6,67,19.5,4.6,69,0.0,1012.7,975.7,,22.0,0.179,29.6,10906X0039/C2-1
1274,2020-06-28,2.685378283,42.685696389,55,30.7,22.3,31.3,24.0,2020-06-28T03:04,2020-06-28T15:20,44194.12,31256.81,,,2.4,0.0,0.0,2.4,7.0,,15.04,4.03,70,20.6,4.03,76,0.0,1012.8,975.7,,19.9,0.181,29.4,10906X0039/C2-1
1275,2020-06-29,2.685378283,42.685696389,55,30.1,22.9,30.9,24.8,2020-06-29T03:04,2020-06-29T15:21,44192.41,26934.94,,,2.5,0.0,0.0,2.5,5.0,,14.84,3.91,75,21.1,3.91,76,0.0,1012.5,975.4,,19.6,0.181,29.3,10906X0039/C2-1
1276,2020-06-30,2.685378283,42.685696389,61,29.5,22.7,30.6,23.4,2020-06-30T03:04,2020-06-30T15:21,44190.5,33744.37,,,3.8,0.0,0.0,3.8,12.0,,15.63,4.09,82,20.7,4.09,76,0.0,1012.4,975.3,,20.6,0.187,29.2,10906X0039/C2-1
1277,2020-07-01,2.685378283,42.685696389,51,29.8,22.0,28.3,22.0,2020-07-01T03:04,2020-07-01T15:21,44188.39,36252.16,,,0.6,0.0,0.0,0.6,3.0,,16.45,5.38,88,18.0,5.38,65,0.0,1013.2,976.1,,25.2,0.193,29.1,10906X0039/C2-1
1278,2020-07-02,2.685378283,42.685696389,3,30.9,21.3,28.2,21.8,2020-07-02T03:05,2020-07-02T15:21,44186.09,34589.97,,,0.0,0.0,0.0,0.0,0.0,,16.88,5.95,80,16.7,5.95,60,0.0,1013.4,976.3,,25.1,0.191,28.9,10906X0039/C2-1
1279,2020-07-03,2.685378283,42.685696389,3,31.4,21.2,29.6,21.3,2020-07-03T03:05,2020-07-03T15:21,44183.6,41105.46,,,0.0,0.0,0.0,0.0,0.0,,20.02,6.47,69,16.1,6.47,57,0.0,1013.3,976.3,,23.5,0.19,28.9,10906X0039/C2-1
1280,2020-07-04,2.685378283,42.685696389,3,31.3,20.4,29.2,20.9,2020-07-04T03:05,2020-07-04T15:21,44180.93,37707.86,,,0.0,0.0,0.0,0.0,0.0,,18.27,5.93,67,16.8,5.93,60,0.0,1013.3,976.3,,22.5,0.189,28.8,10906X0039/C2-1
1281,2020-07-05,2.685378283,42.685696389,51,31.3,21.1,28.7,21.8,2020-07-05T03:05,2020-07-05T15:22,44178.07,37179.77,,,0.1,0.0,0.0,0.1,1.0,,17.05,5.96,73,17.2,5.96,60,0.0,1012.0,975.1,,24.9,0.189,28.9,10906X0039/C2-1
1282,2020-07-06,2.685378283,42.685696389,3,32.6,21.8,30.3,21.6,2020-07-06T03:05,2020-07-06T15:22,44175.03,29756.72,,,0.0,0.0,0.0,0.0,0.0,,18.98,6.91,92,15.9,6.91,55,0.0,1011.7,974.8,,26.3,0.188,29.0,10906X0039/C2-1
1283,2020-07-07,2.685378283,42.685696389,3,32.5,21.5,30.3,22.1,2020-07-07T03:06,2020-07-07T15:22,44171.82,33488.49,,,0.0,0.0,0.0,0.0,0.0,,19.12,6.56,89,16.7,6.56,56,0.0,1012.4,975.6,,22.1,0.188,29.2,10906X0039/C2-1
1284,2020-07-08,2.685378283,42.685696389,3,32.5,23.0,32.1,24.0,2020-07-08T03:06,2020-07-08T15:22,44168.43,27537.03,,,0.0,0.0,0.0,0.0,0.0,,13.14,5.25,85,18.3,5.25,59,0.0,1012.7,975.9,,21.2,0.187,29.3,10906X0039/C2-1
1285,2020-07-09,2.685378283,42.685696389,51,32.3,22.8,32.0,24.9,2020-07-09T03:06,2020-07-09T15:22,44164.88,40340.6,,,1.0,0.0,0.0,1.0,6.0,,19.6,5.85,48,18.8,5.85,62,0.0,1012.4,975.5,,19.4,0.187,29.5,10906X0039/C2-1
1286,2020-07-10,2.685378283,42.685696389,53,31.3,22.2,31.0,23.1,2020-07-10T03:06,2020-07-10T15:22,44161.16,40111.18,,,1.7,0.0,0.0,1.7,9.0,,16.57,5.01,81,19.2,5.01,67,0.0,1012.6,975.6,,20.3,0.187,29.4,10906X0039/C2-1
1287,2020-07-11,2.685378283,42.685696389,3,31.3,21.1,29.8,22.8,2020-07-11T03:06,2020-07-11T15:22,44157.29,37979.76,,,0.0,0.0,0.0,0.0,0.0,,17.48,5.59,67,18.3,5.59,64,0.0,1013.0,976.0,,22.3,0.187,29.3,10906X0039/C2-1
1288,2020-07-12,2.685378283,42.685696389,53,31.1,22.1,31.1,22.8,2020-07-12T03:06,2020-07-12T15:22,44153.24,29393.1,,,1.7,0.0,0.0,1.7,7.0,,15.25,4.57,81,19.6,4.57,70,0.0,1012.6,975.6,,21.7,0.187,29.3,10906X0039/C2-1
1289,2020-07-13,2.685378283,42.685696389,51,31.2,21.9,30.8,22.9,2020-07-13T03:07,2020-07-13T15:22,44149.01,37306.1,,,0.1,0.0,0.0,0.1,1.0,,17.35,5.39,54,18.5,5.39,65,0.0,1011.6,974.6,,23.2,0.187,29.2,10906X0039/C2-1
1290,2020-07-14,2.685378283,42.685696389,51,31.0,21.9,31.0,22.7,2020-07-14T03:07,2020-07-14T15:23,44144.56,39333.3,,,0.1,0.0,0.0,0.1,1.0,,16.81,5.25,71,18.7,5.25,66,0.0,1012.3,975.3,,23.3,0.186,29.1,10906X0039/C2-1
1291,2020-07-15,2.685378283,42.685696389,3,32.0,21.8,30.0,22.8,2020-07-15T03:07,2020-07-15T15:23,44139.93,30204.99,,,0.0,0.0,0.0,0.0,0.0,,18.55,6.04,98,17.4,6.04,61,0.0,1014.1,977.1,,22.2,0.186,29.2,10906X0039/C2-1
1292,2020-07-16,2.685378283,42.685696389,51,31.0,21.9,29.3,21.3,2020-07-16T03:07,2020-07-16T15:23,44135.11,37510.0,,,1.1,0.0,0.0,1.1,8.0,,18.62,5.95,96,17.5,5.95,63,0.0,1014.7,977.5,,26.0,0.186,29.1,10906X0039/C2-1
1293,2020-07-17,2.685378283,42.685696389,3,31.2,21.2,28.3,20.7,2020-07-17T03:07,2020-07-17T15:23,44130.11,26448.56,,,0.0,0.0,0.0,0.0,0.0,,17.97,6.39,97,15.7,6.39,56,0.0,1013.6,976.5,,25.8,0.186,28.9,10906X0039/C2-1
1294,2020-07-18,2.685378283,42.685696389,3,32.6,21.5,29.5,20.3,2020-07-18T03:07,2020-07-18T15:23,44124.94,36105.13,,,0.0,0.0,0.0,0.0,0.0,,19.35,6.93,83,15.7,6.93,56,0.0,1013.0,976.0,,28.9,0.185,28.9,10906X0039/C2-1
1295,2020-07-19,2.685378283,42.685696389,53,29.1,21.9,27.7,21.6,2020-07-19T03:07,2020-07-19T15:23,44119.61,27988.24,,,2.6,0.0,0.0,2.6,12.0,,15.66,4.71,74,18.3,4.71,70,0.0,1013.9,976.7,,26.0,0.185,28.8,10906X0039/C2-1
1296,2020-07-20,2.685378283,42.685696389,3,31.2,21.3,28.8,21.6,2020-07-20T03:07,2020-07-20T15:23,44114.13,31752.65,,,0.0,0.0,0.0,0.0,0.0,,19.81,6.69,86,15.6,6.69,55,0.0,1013.3,976.3,,24.2,0.185,28.8,10906X0039/C2-1
1297,2020-07-21,2.685378283,42.685696389,51,30.0,21.6,27.9,21.3,2020-07-21T03:08,2020-07-21T15:23,44108.49,24231.0,,,0.2,0.0,0.0,0.2,2.0,,12.77,4.78,88,17.7,4.78,65,0.0,1012.8,975.7,,25.8,0.184,28.7,10906X0039/C2-1
1298,2020-07-22,2.685378283,42.685696389,51,30.5,21.5,27.9,21.4,2020-07-22T03:08,2020-07-22T15:23,44102.72,29961.01,,,0.1,0.0,0.0,0.1,1.0,,15.02,5.52,86,17.4,5.52,62,0.0,1011.7,974.7,,26.6,0.183,28.6,10906X0039/C2-1
1299,2020-07-23,2.685378283,42.685696389,3,30.4,21.1,27.7,20.9,2020-07-23T03:08,2020-07-23T15:23,44096.81,27766.81,,,0.0,0.0,0.0,0.0,0.0,,16.34,5.84,78,16.4,5.84,60,0.0,1011.9,974.8,,25.7,0.183,28.6,10906X0039/C2-1
1300,2020-07-24,2.685378283,42.685696389,3,31.6,21.3,29.0,20.3,2020-07-24T03:08,2020-07-24T15:23,44090.78,27823.67,,,0.0,0.0,0.0,0.0,0.0,,18.95,6.88,76,15.2,6.88,54,0.0,1011.9,974.9,,27.5,0.183,28.7,10906X0039/C2-1
1301,2020-07-25,2.685378283,42.685696389,3,32.4,21.3,29.1,20.5,2020-07-25T03:08,2020-07-25T15:23,44084.62,33213.88,,,0.0,0.0,0.0,0.0,0.0,,19.05,6.87,49,15.7,6.87,55,0.0,1012.4,975.4,,26.9,0.183,28.8,10906X0039/C2-1
1302,2020-07-26,2.685378283,42.685696389,53,30.0,21.2,28.9,20.9,2020-07-26T03:08,2020-07-26T15:23,44078.36,30033.86,,,2.3,0.0,0.0,2.3,10.0,,14.46,4.59,70,18.4,4.59,68,0.0,1013.0,975.8,,23.3,0.184,28.7,10906X0039/C2-1
1303,2020-07-27,2.685378283,42.685696389,51,31.4,21.3,29.2,21.7,2020-07-27T03:08,2020-07-27T15:23,44071.98,37364.55,,,0.4,0.0,0.0,0.4,1.0,,16.33,5.69,58,17.9,5.69,63,0.0,1012.2,975.3,,25.1,0.183,28.8,10906X0039/C2-1
1304,2020-07-28,2.685378283,42.685696389,51,29.3,22.4,28.3,22.7,2020-07-28T03:08,2020-07-28T15:22,44065.51,16279.21,,,0.8,0.0,0.0,0.8,5.0,,9.85,3.87,69,19.1,3.87,71,0.0,1013.0,975.9,,24.2,0.182,28.7,10906X0039/C2-1
1305,2020-07-29,2.685378283,42.685696389,53,30.9,22.1,31.0,23.1,2020-07-29T03:08,2020-07-29T15:22,44058.95,36670.95,,,1.4,0.0,0.0,1.4,7.0,,17.19,5.02,59,18.9,5.02,67,0.0,1013.5,976.5,,19.9,0.183,28.7,10906X0039/C2-1
1306,2020-07-30,2.685378283,42.685696389,51,31.0,22.2,31.6,24.2,2020-07-30T03:08,2020-07-30T15:22,44052.3,31894.04,,,1.5,0.0,0.0,1.5,10.0,,18.02,4.91,41,19.9,4.91,71,0.0,1014.4,977.3,,19.3,0.183,28.7,10906X0039/C2-1
1307,2020-07-31,2.685378283,42.685696389,51,29.9,22.2,29.8,23.2,2020-07-31T03:08,2020-07-31T15:22,44045.58,36475.21,,,2.7,0.0,0.0,2.7,14.0,,17.59,4.93,48,19.6,4.93,71,0.0,1014.5,977.4,,22.9,0.184,28.7,10906X0039/C2-1
1308,2020-08-01,2.685378283,42.685696389,51,29.5,21.4,28.1,20.8,2020-08-01T03:08,2020-08-01T15:22,44038.77,36000.0,,,2.2,0.0,0.0,2.2,12.0,,17.02,5.05,44,18.2,5.05,68,0.0,1014.9,977.7,,25.0,0.184,28.5,10906X0039/C2-1
1309,2020-08-02,2.685378283,42.685696389,51,28.5,20.2,27.4,21.4,2020-08-02T03:08,2020-08-02T15:22,44031.82,38011.57,,,1.1,0.0,0.0,1.1,6.0,,16.6,4.68,72,17.7,4.68,68,0.0,1016.0,978.7,,21.4,0.184,28.2,10906X0039/C2-1
1310,2020-08-03,2.685378283,42.685696389,51,28.8,20.7,27.0,21.3,2020-08-03T03:08,2020-08-03T15:22,44024.74,30658.62,,,0.2,0.0,0.0,0.2,2.0,,13.34,4.36,90,18.1,4.36,70,0.0,1016.4,979.0,,23.7,0.182,28.1,10906X0039/C2-1
1311,2020-08-04,2.685378283,42.685696389,51,29.9,21.3,27.9,21.8,2020-08-04T03:08,2020-08-04T15:22,44017.52,10874.66,,,0.4,0.0,0.0,0.4,3.0,,9.68,3.61,78,18.6,3.61,73,0.0,1015.2,977.9,,22.9,0.182,27.9,10906X0039/C2-1
1312,2020-08-05,2.685378283,42.685696389,51,30.8,21.6,29.9,22.5,2020-08-05T03:08,2020-08-05T15:21,44010.18,36319.29,,,2.3,0.0,0.0,2.3,11.0,,17.3,4.91,66,19.1,4.91,71,0.0,1014.5,977.3,,23.1,0.181,27.9,10906X0039/C2-1
1313,2020-08-06,2.685378283,42.685696389,3,31.7,20.3,30.9,20.8,2020-08-06T03:08,2020-08-06T15:21,44002.72,39863.11,,,0.0,0.0,0.0,0.0,0.0,,23.01,6.54,44,16.8,6.54,61,0.0,1014.3,977.2,,21.6,0.18,28.1,10906X0039/C2-1
1314,2020-08-07,2.685378283,42.685696389,3,31.6,19.1,29.5,19.6,2020-08-07T03:08,2020-08-07T15:21,43995.16,39687.26,,,0.0,0.0,0.0,0.0,0.0,,23.59,6.97,45,16.0,6.97,59,0.0,1014.5,977.4,,24.4,0.18,28.2,10906X0039/C2-1
1315,2020-08-08,2.685378283,42.685696389,51,29.5,20.9,26.5,20.1,2020-08-08T03:08,2020-08-08T15:21,43987.51,33632.11,,,0.3,0.0,0.0,0.3,3.0,,15.0,5.6,75,16.0,5.6,60,0.0,1015.3,978.0,,26.5,0.18,28.2,10906X0039/C2-1
1316,2020-08-09,2.685378283,42.685696389,51,30.4,20.6,28.0,20.9,2020-08-09T03:08,2020-08-09T15:21,43979.75,31544.02,,,0.5,0.0,0.0,0.5,3.0,,17.47,5.77,63,16.4,5.77,61,0.0,1014.3,977.1,,23.2,0.179,28.1,10906X0039/C2-1
1317,2020-08-10,2.685378283,42.685696389,3,30.5,19.7,28.7,20.6,2020-08-10T03:08,2020-08-10T15:20,43971.92,34500.72,,,0.0,0.0,0.0,0.0,0.0,,18.01,6.15,71,15.7,6.15,57,0.0,1013.3,976.2,,22.3,0.179,28.1,10906X0039/C2-1
1318,2020-08-11,2.685378283,42.685696389,51,31.1,21.5,29.6,20.9,2020-08-11T03:07,2020-08-11T15:20,43964.01,32030.27,,,0.3,0.0,0.0,0.3,3.0,,19.05,6.03,85,16.5,6.03,60,0.0,1013.5,976.4,,23.6,0.179,28.2,10906X0039/C2-1
1319,2020-08-12,2.685378283,42.685696389,3,31.9,21.5,31.2,21.9,2020-08-12T03:07,2020-08-12T15:20,43956.04,27716.83,,,0.0,0.0,0.0,0.0,0.0,,15.67,5.18,82,17.5,5.18,63,0.0,1014.3,977.2,,21.0,0.179,28.2,10906X0039/C2-1
1320,2020-08-13,2.685378283,42.685696389,3,32.0,20.8,31.6,21.6,2020-08-13T03:07,2020-08-13T15:20,43948.0,30430.58,,,0.0,0.0,0.0,0.0,0.0,,19.79,6.25,66,16.5,6.25,58,0.0,1012.8,975.8,,20.5,0.178,28.4,10906X0039/C2-1
1321,2020-08-14,2.685378283,42.685696389,3,33.0,20.8,32.0,20.8,2020-08-14T03:07,2020-08-14T15:19,43939.91,30691.41,,,0.0,0.0,0.0,0.0,0.0,,21.62,6.74,95,16.9,6.74,59,0.0,1011.5,974.6,,24.0,0.178,28.5,10906X0039/C2-1
1322,2020-08-15,2.685378283,42.685696389,3,32.5,21.0,30.9,21.5,2020-08-15T03:07,2020-08-15T15:19,43931.78,30411.54,,,0.0,0.0,0.0,0.0,0.0,,18.33,6.2,99,16.4,6.2,59,0.0,1011.7,974.7,,23.7,0.178,28.6,10906X0039/C2-1
1323,2020-08-16,2.685378283,42.685696389,53,32.1,21.0,30.9,21.2,2020-08-16T03:07,2020-08-16T15:19,43923.6,34623.91,,,1.7,0.0,0.0,1.7,6.0,,17.43,5.39,95,17.6,5.39,64,0.0,1012.3,975.3,,20.0,0.178,28.6,10906X0039/C2-1
1324,2020-08-17,2.685378283,42.685696389,3,32.6,21.7,31.5,22.2,2020-08-17T03:07,2020-08-17T15:19,43915.39,34329.22,,,0.0,0.0,0.0,0.0,0.0,,18.59,6.07,95,17.1,6.07,59,0.0,1011.9,974.9,,20.4,0.178,28.7,10906X0039/C2-1
1325,2020-08-18,2.685378283,42.685696389,3,33.6,20.7,32.3,20.8,2020-08-18T03:07,2020-08-18T15:18,43907.15,31572.96,,,0.0,0.0,0.0,0.0,0.0,,21.88,6.66,85,17.4,6.66,61,0.0,1011.5,974.6,,22.7,0.178,28.8,10906X0039/C2-1
1326,2020-08-19,2.685378283,42.685696389,51,32.2,22.4,32.3,24.0,2020-08-19T03:06,2020-08-19T15:18,43898.9,39327.62,,,0.9,0.0,0.0,0.9,5.0,,18.47,5.33,64,19.4,5.33,68,0.0,1011.6,974.7,,21.6,0.178,28.9,10906X0039/C2-1
1327,2020-08-20,2.685378283,42.685696389,51,30.5,21.4,32.4,22.3,2020-08-20T03:06,2020-08-20T15:18,43890.64,40760.96,,,1.9,0.0,0.0,1.9,9.0,,19.36,5.12,46,19.3,5.12,70,0.0,1012.0,975.0,,19.1,0.178,28.9,10906X0039/C2-1
1328,2020-08-21,2.685378283,42.685696389,3,31.9,20.7,30.9,22.3,2020-08-21T03:06,2020-08-21T15:17,43882.35,33287.39,,,0.0,0.0,0.0,0.0,0.0,,18.24,5.73,74,17.3,5.73,62,0.0,1013.7,976.6,,20.5,0.177,28.8,10906X0039/C2-1
1329,2020-08-22,2.685378283,42.685696389,3,32.6,20.4,30.5,21.6,2020-08-22T03:06,2020-08-22T15:17,43873.99,36532.27,,,0.0,0.0,0.0,0.0,0.0,,20.24,6.52,87,16.8,6.52,61,0.0,1013.6,976.5,,22.9,0.178,28.9,10906X0039/C2-1
1330,2020-08-23,2.685378283,42.685696389,53,30.6,21.2,30.3,21.9,2020-08-23T03:06,2020-08-23T15:17,43865.55,40827.25,,,2.9,0.0,0.0,2.9,11.0,,19.82,5.35,61,18.2,5.35,68,0.0,1013.4,976.3,,20.8,0.179,28.8,10906X0039/C2-1
1331,2020-08-24,2.685378283,42.685696389,3,31.5,21.0,29.3,21.8,2020-08-24T03:06,2020-08-24T15:17,43857.04,39759.6,,,0.0,0.0,0.0,0.0,0.0,,17.57,5.96,65,16.8,5.96,60,0.0,1012.8,975.8,,22.4,0.179,28.8,10906X0039/C2-1
1332,2020-08-25,2.685378283,42.685696389,51,31.2,21.1,30.6,22.3,2020-08-25T03:05,2020-08-25T15:16,43848.46,35442.98,,,0.6,0.0,0.0,0.6,3.0,,16.76,4.91,82,18.9,4.91,69,0.0,1014.2,977.1,,20.3,0.18,28.8,10906X0039/C2-1
1333,2020-08-26,2.685378283,42.685696389,3,32.5,21.9,31.5,23.7,2020-08-26T03:05,2020-08-26T15:16,43839.82,40177.99,,,0.0,0.0,0.0,0.0,0.0,,20.93,5.99,77,18.4,5.99,65,0.0,1014.2,977.2,,20.1,0.18,28.9,10906X0039/C2-1
1334,2020-08-27,2.685378283,42.685696389,51,31.6,21.8,32.2,22.4,2020-08-27T03:05,2020-08-27T15:15,43831.13,39600.0,,,1.7,0.0,0.0,1.7,9.0,,19.76,5.46,53,18.8,5.46,67,0.0,1013.3,976.3,,18.8,0.18,29.0,10906X0039/C2-1
1335,2020-08-28,2.685378283,42.685696389,3,32.0,20.5,30.3,21.8,2020-08-28T03:05,2020-08-28T15:15,43822.4,36861.07,,,0.0,0.0,0.0,0.0,0.0,,20.06,6.19,59,17.0,6.19,62,0.0,1011.8,974.9,,21.6,0.181,28.9,10906X0039/C2-1
1336,2020-08-29,2.685378283,42.685696389,51,31.8,21.7,32.7,22.9,2020-08-29T03:04,2020-08-29T15:15,43813.63,39600.0,,,0.7,0.0,0.0,0.7,7.0,,20.29,5.85,52,18.4,5.85,64,0.0,1011.8,974.9,,19.6,0.181,29.0,10906X0039/C2-1
1337,2020-08-30,2.685378283,42.685696389,51,31.8,22.0,32.8,23.7,2020-08-30T03:04,2020-08-30T15:14,43804.82,39600.0,,,0.3,0.0,0.0,0.3,3.0,,19.59,5.58,55,19.3,5.58,67,0.0,1012.2,975.3,,19.9,0.181,29.2,10906X0039/C2-1
1338,2020-08-31,2.685378283,42.685696389,3,32.7,22.1,33.3,22.8,2020-08-31T03:04,2020-08-31T15:14,43795.99,39531.48,,,0.0,0.0,0.0,0.0,0.0,,19.62,5.91,51,18.9,5.91,65,0.0,1012.6,975.7,,21.9,0.18,29.3,10906X0039/C2-1
1339,2020-09-01,2.685378283,42.685696389,51,33.0,21.6,32.5,22.7,2020-09-01T03:04,2020-09-01T15:13,43787.15,42742.98,,,0.1,0.0,0.0,0.1,1.0,,21.66,6.39,45,17.8,6.39,62,0.0,1013.4,976.4,,21.7,0.18,29.3,10906X0039/C2-1
1340,2020-09-02,2.685378283,42.685696389,3,33.0,21.2,31.9,22.3,2020-09-02T03:03,2020-09-02T15:13,43778.29,42437.65,,,0.0,0.0,0.0,0.0,0.0,,23.7,6.95,46,15.7,6.95,56,0.0,1013.4,976.4,,20.0,0.179,29.5,10906X0039/C2-1
1341,2020-09-03,2.685378283,42.685696389,3,33.1,19.2,30.9,21.0,2020-09-03T03:03,2020-09-03T15:13,43769.42,42774.15,,,0.0,0.0,0.0,0.0,0.0,,24.63,7.38,30,15.3,7.38,56,0.0,1013.4,976.4,,21.3,0.181,29.5,10906X0039/C2-1
1342,2020-09-04,2.685378283,42.685696389,3,34.4,20.6,32.8,21.1,2020-09-04T03:03,2020-09-04T15:12,43760.56,42789.93,,,0.0,0.0,0.0,0.0,0.0,,25.19,7.79,43,16.1,7.79,56,0.0,1012.9,976.0,,24.7,0.18,29.6,10906X0039/C2-1
1343,2020-09-05,2.685378283,42.685696389,3,32.0,21.0,31.4,21.2,2020-09-05T03:03,2020-09-05T15:12,43751.69,29903.47,,,0.0,0.0,0.0,0.0,0.0,,19.72,6.57,75,16.5,6.57,57,0.0,1011.7,974.8,,22.8,0.179,29.6,10906X0039/C2-1
1344,2020-09-06,2.685378283,42.685696389,3,31.2,21.5,29.6,22.2,2020-09-06T03:02,2020-09-06T15:11,43742.85,33421.42,,,0.0,0.0,0.0,0.0,0.0,,15.47,5.71,70,16.6,5.71,58,0.0,1011.2,974.3,,21.7,0.179,29.5,10906X0039/C2-1
1345,2020-09-07,2.685378283,42.685696389,51,32.2,21.3,30.9,22.2,2020-09-07T03:02,2020-09-07T15:11,43734.01,39402.65,,,0.1,0.0,0.0,0.1,1.0,,18.34,5.94,70,17.0,5.94,60,0.0,1012.9,975.9,,21.4,0.179,29.5,10906X0039/C2-1
1346,2020-09-08,2.685378283,42.685696389,3,32.4,21.0,31.6,21.8,2020-09-08T03:02,2020-09-08T15:11,43725.21,42853.38,,,0.0,0.0,0.0,0.0,0.0,,22.96,6.58,45,16.6,6.58,59,0.0,1014.4,977.4,,20.3,0.18,29.4,10906X0039/C2-1
1347,2020-09-09,2.685378283,42.685696389,3,33.6,20.5,32.1,20.8,2020-09-09T03:02,2020-09-09T15:10,43716.42,41209.01,,,0.0,0.0,0.0,0.0,0.0,,24.97,7.74,50,15.6,7.74,54,0.0,1013.8,976.8,,23.0,0.18,29.5,10906X0039/C2-1
1348,2020-09-10,2.685378283,42.685696389,51,32.6,20.4,31.4,20.8,2020-09-10T03:01,2020-09-10T15:10,43707.67,35876.48,,,0.1,0.0,0.0,0.1,1.0,,19.29,6.1,69,17.4,6.1,60,0.0,1012.7,975.7,,21.3,0.18,29.5,10906X0039/C2-1
1349,2020-09-11,2.685378283,42.685696389,51,32.5,22.1,32.8,23.6,2020-09-11T03:01,2020-09-11T15:09,43698.87,42900.43,,,0.3,0.0,0.0,0.3,3.0,,23.12,6.27,77,19.1,6.27,65,0.0,1012.3,975.4,,20.6,0.18,29.6,10906X0039/C2-1
1350,2020-09-12,2.685378283,42.685696389,51,31.9,22.2,33.0,22.7,2020-09-12T03:01,2020-09-12T15:09,43690.03,36000.0,,,0.6,0.0,0.0,0.6,5.0,,19.85,5.67,75,19.4,5.67,67,0.0,1013.6,976.6,,21.2,0.179,29.7,10906X0039/C2-1
1351,2020-09-13,2.685378283,42.685696389,51,32.1,22.0,32.7,22.9,2020-09-13T03:01,2020-09-13T15:09,43681.17,35015.2,,,1.3,0.0,0.0,1.3,8.0,,19.5,5.39,58,19.6,5.39,68,0.0,1014.3,977.3,,20.3,0.179,29.6,10906X0039/C2-1
1352,2020-09-14,2.685378283,42.685696389,53,32.6,22.6,33.9,24.6,2020-09-14T03:00,2020-09-14T15:08,43672.27,32577.85,,,1.1,0.0,0.0,1.1,5.0,,17.98,5.24,74,20.0,5.24,69,0.0,1013.6,976.6,,19.7,0.179,29.6,10906X0039/C2-1
1353,2020-09-15,2.685378283,42.685696389,51,32.2,22.7,33.4,24.4,2020-09-15T03:00,2020-09-15T15:08,43663.35,42533.13,,,1.3,0.0,0.0,1.3,6.0,,21.6,5.83,40,19.8,5.83,67,0.0,1013.1,976.1,,20.0,0.178,29.6,10906X0039/C2-1
1354,2020-09-16,2.685378283,42.685696389,3,33.4,21.8,32.8,22.7,2020-09-16T03:00,2020-09-16T15:07,43654.42,40778.91,,,0.0,0.0,0.0,0.0,0.0,,20.52,6.12,39,18.4,6.12,63,0.0,1012.2,975.3,,19.3,0.178,29.7,10906X0039/C2-1
1355,2020-09-17,2.685378283,42.685696389,3,33.7,20.8,33.7,22.3,2020-09-17T02:59,2020-09-17T15:07,43645.48,39600.0,,,0.0,0.0,0.0,0.0,0.0,,25.26,7.12,16,17.2,7.12,59,0.0,1012.9,976.0,,20.0,0.178,29.8,10906X0039/C2-1
1356,2020-09-18,2.685378283,42.685696389,51,31.9,21.6,31.3,22.9,2020-09-18T02:59,2020-09-18T15:06,43636.53,32994.58,,,0.1,0.0,0.0,0.1,1.0,,15.79,5.19,59,18.0,5.19,62,0.0,1013.0,976.1,,18.4,0.177,29.8,10906X0039/C2-1
1357,2020-09-19,2.685378283,42.685696389,51,31.3,21.8,32.1,22.8,2020-09-19T02:59,2020-09-19T15:06,43627.58,43037.04,,,1.5,0.0,0.0,1.5,11.0,,20.08,5.3,38,19.5,5.3,71,0.0,1013.1,976.0,,21.0,0.178,29.6,10906X0039/C2-1
1358,2020-09-20,2.685378283,42.685696389,3,31.9,21.3,30.9,21.7,2020-09-20T02:59,2020-09-20T15:06,43618.65,34579.65,,,0.0,0.0,0.0,0.0,0.0,,19.98,6.0,67,17.2,6.0,61,0.0,1013.2,976.2,,19.6,0.178,29.5,10906X0039/C2-1
1359,2020-09-21,2.685378283,42.685696389,3,33.4,19.9,32.5,21.1,2020-09-21T02:58,2020-09-21T15:05,43609.73,39600.0,,,0.0,0.0,0.0,0.0,0.0,,26.04,7.07,75,16.0,7.07,58,0.0,1012.8,975.9,,18.4,0.178,29.6,10906X0039/C2-1
1360,2020-09-22,2.685378283,42.685696389,3,34.4,21.0,33.1,21.9,2020-09-22T02:58,2020-09-22T15:05,43600.83,39276.14,,,0.0,0.0,0.0,0.0,0.0,,25.21,7.47,93,16.6,7.47,56,0.0,1013.0,976.2,,20.7,0.177,29.8,10906X0039/C2-1
1361,2020-09-23,2.685378283,42.685696389,51,33.2,23.0,34.4,24.0,2020-09-23T02:58,2020-09-23T15:04,43591.95,38280.88,,,1.9,0.0,0.0,1.9,13.0,,20.06,5.71,77,19.7,5.71,67,0.0,1013.2,976.3,,20.6,0.177,29.8,10906X0039/C2-1
1362,2020-09-24,2.685378283,42.685696389,51,32.5,21.9,33.6,22.3,2020-09-24T02:57,2020-09-24T15:04,43583.1,43123.22,,,0.5,0.0,0.0,0.5,4.0,,20.65,6.05,51,18.4,6.05,63,0.0,1013.1,976.2,,20.4,0.177,29.8,10906X0039/C2-1
1363,2020-09-25,2.685378283,42.685696389,3,32.8,21.0,31.9,22.6,2020-09-25T02:57,2020-09-25T15:03,43574.29,31331.98,,,0.0,0.0,0.0,0.0,0.0,,20.67,6.39,59,17.1,6.39,60,0.0,1012.9,975.9,,20.1,0.176,29.8,10906X0039/C2-1
1364,2020-09-26,2.685378283,42.685696389,51,34.3,21.4,34.3,22.5,2020-09-26T02:57,2020-09-26T15:03,43565.53,43155.92,,,0.1,0.0,0.0,0.1,1.0,,24.61,7.18,34,17.5,7.18,59,0.0,1011.3,974.5,,21.1,0.177,29.9,10906X0039/C2-1
1365,2020-09-27,2.685378283,42.685696389,3,34.7,21.6,36.6,23.7,2020-09-27T02:57,2020-09-27T15:03,43556.8,40330.15,,,0.0,0.0,0.0,0.0,0.0,,24.0,6.66,46,18.3,6.66,59,0.0,1010.2,973.5,,16.5,0.177,30.2,10906X0039/C2-1
1366,2020-09-28,2.685378283,42.685696389,2,34.2,23.0,35.7,24.7,2020-09-28T02:56,2020-09-28T15:02,43548.14,43139.45,,,0.0,0.0,0.0,0.0,0.0,,21.81,6.53,61,19.0,6.53,60,0.0,1011.0,974.3,,19.1,0.176,30.4,10906X0039/C2-1
1367,2020-09-29,2.685378283,42.685696389,3,34.3,22.4,35.0,23.9,2020-09-29T02:56,2020-09-29T15:02,43539.52,43129.33,,,0.0,0.0,0.0,0.0,0.0,,22.78,6.66,85,18.1,6.66,59,0.0,1011.3,974.6,,17.9,0.178,30.5,10906X0039/C2-1
1368,2020-09-30,2.685378283,42.685696389,3,32.6,22.3,33.3,23.8,2020-09-30T02:56,2020-09-30T15:01,43530.97,41852.49,,,0.0,0.0,0.0,0.0,0.0,,19.47,5.77,81,18.1,5.77,60,0.0,1011.3,974.5,,17.3,0.179,30.4,10906X0039/C2-1
1369,2020-10-01,2.685378283,42.685696389,3,34.3,21.1,34.8,22.8,2020-10-01T02:56,2020-10-01T15:01,43522.4,42005.74,,,0.0,0.0,0.0,0.0,0.0,,26.04,7.01,65,17.4,7.01,58,0.0,1011.2,974.5,,16.2,0.178,30.5,10906X0039/C2-1
1370,2020-10-02,2.685378283,42.685696389,3,34.7,22.4,36.2,23.8,2020-10-02T02:55,2020-10-02T15:01,43513.81,43061.22,,,0.0,0.0,0.0,0.0,0.0,,24.02,6.96,29,18.6,6.96,60,0.0,1011.3,974.6,,19.2,0.177,30.7,10906X0039/C2-1
1371,2020-10-03,2.685378283,42.685696389,3,34.6,22.4,35.3,24.1,2020-10-03T02:55,2020-10-03T15:00,43505.23,43038.53,,,0.0,0.0,0.0,0.0,0.0,,24.16,6.79,46,18.4,6.79,60,0.0,1012.2,975.4,,17.5,0.177,30.8,10906X0039/C2-1
1372,2020-10-04,2.685378283,42.685696389,51,31.5,23.2,31.8,24.8,2020-10-04T02:55,2020-10-04T15:00,43496.64,13005.35,,,0.1,0.0,0.0,0.1,1.0,,10.76,3.89,92,18.8,3.89,62,0.0,1012.7,975.8,,14.2,0.177,30.6,10906X0039/C2-1
1373,2020-10-05,2.685378283,42.685696389,3,33.1,23.2,34.6,25.9,2020-10-05T02:55,2020-10-05T14:59,43488.06,23336.07,,,0.0,0.0,0.0,0.0,0.0,,13.79,4.31,55,20.1,4.31,66,0.0,1012.2,975.4,,14.6,0.176,30.6,10906X0039/C2-1
1374,2020-10-06,2.685378283,42.685696389,3,34.0,23.5,35.5,26.0,2020-10-06T02:54,2020-10-06T14:59,43479.49,42971.27,,,0.0,0.0,0.0,0.0,0.0,,19.89,5.84,56,20.1,5.84,64,0.0,1011.3,974.7,,17.4,0.177,30.7,10906X0039/C2-1
1375,2020-10-07,2.685378283,42.685696389,51,31.8,23.5,32.9,25.1,2020-10-07T02:54,2020-10-07T14:59,43470.94,31173.85,,,0.2,0.0,0.0,0.2,2.0,,13.86,4.22,84,20.2,4.22,66,0.0,1011.7,974.9,,15.2,0.177,30.5,10906X0039/C2-1
1376,2020-10-08,2.685378283,42.685696389,3,32.2,23.6,34.6,26.3,2020-10-08T02:54,2020-10-08T14:58,43462.41,39245.05,,,0.0,0.0,0.0,0.0,0.0,,17.42,4.91,52,20.5,4.91,67,0.0,1011.6,974.9,,15.8,0.18,30.4,10906X0039/C2-1
1377,2020-10-09,2.685378283,42.685696389,3,34.0,23.2,36.3,25.7,2020-10-09T02:54,2020-10-09T14:58,43453.91,42906.41,,,0.0,0.0,0.0,0.0,0.0,,21.47,5.84,53,20.2,5.84,64,0.0,1010.8,974.2,,15.7,0.18,30.6,10906X0039/C2-1
1378,2020-10-10,2.685378283,42.685696389,61,34.2,23.7,36.5,25.9,2020-10-10T02:54,2020-10-10T14:58,43445.44,41131.74,,,3.1,0.0,0.0,3.1,4.0,,19.43,5.03,70,21.0,5.03,70,0.0,1011.3,974.5,,13.9,0.182,30.7,10906X0039/C2-1
1379,2020-10-11,2.685378283,42.685696389,3,34.7,22.5,38.0,25.9,2020-10-11T02:53,2020-10-11T14:57,43437.02,42865.27,,,0.0,0.0,0.0,0.0,0.0,,24.28,5.98,50,20.1,5.98,64,0.0,1010.3,973.7,,11.9,0.184,30.5,10906X0039/C2-1
1380,2020-10-12,2.685378283,42.685696389,3,34.3,23.2,37.9,25.7,2020-10-12T02:53,2020-10-12T14:57,43428.65,42845.51,,,0.0,0.0,0.0,0.0,0.0,,22.82,5.67,41,20.7,5.67,65,0.0,1010.1,973.5,,12.4,0.184,30.6,10906X0039/C2-1
1381,2020-10-13,2.685378283,42.685696389,61,33.1,23.1,36.4,25.8,2020-10-13T02:53,2020-10-13T14:57,43420.33,42826.35,,,2.4,0.0,0.0,2.4,3.0,,20.14,5.14,92,20.5,5.14,66,0.0,1011.2,974.5,,12.8,0.189,30.5,10906X0039/C2-1
1382,2020-10-14,2.685378283,42.685696389,51,33.8,23.2,36.9,25.4,2020-10-14T02:53,2020-10-14T14:56,43412.07,41726.69,,,0.1,0.0,0.0,0.1,1.0,,21.01,5.75,83,19.6,5.75,63,0.0,1012.7,975.9,,14.5,0.187,30.5,10906X0039/C2-1
1383,2020-10-15,2.685378283,42.685696389,51,33.9,23.4,35.4,24.8,2020-10-15T02:53,2020-10-15T14:56,43403.88,42790.11,,,0.1,0.0,0.0,0.1,1.0,,22.61,6.5,49,18.7,6.5,59,0.0,1012.4,975.7,,17.0,0.185,30.6,10906X0039/C2-1
1384,2020-10-16,2.685378283,42.685696389,51,33.4,22.9,35.4,24.7,2020-10-16T02:53,2020-10-16T14:56,43395.76,42773.14,,,0.2,0.0,0.0,0.2,2.0,,22.31,6.38,49,18.8,6.38,60,0.0,1011.2,974.5,,17.2,0.184,30.7,10906X0039/C2-1
1385,2020-10-17,2.685378283,42.685696389,51,33.0,23.0,34.0,24.6,2020-10-17T02:52,2020-10-17T14:56,43387.71,42230.95,,,1.2,0.0,0.0,1.2,7.0,,19.14,5.4,83,19.5,5.4,67,0.0,1011.6,974.8,,17.1,0.184,30.7,10906X0039/C2-1
1386,2020-10-18,2.685378283,42.685696389,51,33.5,23.5,34.9,25.5,2020-10-18T02:52,2020-10-18T14:55,43379.76,42741.77,,,0.2,0.0,0.0,0.2,2.0,,22.25,6.32,49,18.5,6.32,59,0.0,1011.4,974.6,,16.1,0.183,30.8,10906X0039/C2-1
1387,2020-10-19,2.685378283,42.685696389,51,32.6,23.5,33.7,25.5,2020-10-19T02:52,2020-10-19T14:55,43371.89,38576.53,,,0.1,0.0,0.0,0.1,1.0,,19.08,5.19,51,18.8,5.19,61,0.0,1011.3,974.6,,12.9,0.183,30.8,10906X0039/C2-1
1388,2020-10-20,2.685378283,42.685696389,51,33.8,22.6,36.9,24.7,2020-10-20T02:52,2020-10-20T14:55,43364.11,42714.12,,,0.4,0.0,0.0,0.4,3.0,,22.75,6.04,29,19.0,6.04,60,0.0,1010.6,974.0,,14.2,0.183,31.0,10906X0039/C2-1
1389,2020-10-21,2.685378283,42.685696389,51,33.4,24.3,35.9,26.4,2020-10-21T02:52,2020-10-21T14:55,43356.35,42701.24,,,0.5,0.0,0.0,0.5,3.0,,21.32,5.92,58,19.8,5.92,61,0.0,1011.4,974.8,,15.1,0.181,31.1,10906X0039/C2-1
1390,2020-10-22,2.685378283,42.685696389,3,35.5,23.6,37.6,25.8,2020-10-22T02:52,2020-10-22T14:54,43348.61,42688.86,,,0.0,0.0,0.0,0.0,0.0,,23.68,6.63,39,19.6,6.63,59,0.0,1011.7,975.1,,16.2,0.181,31.3,10906X0039/C2-1
1391,2020-10-23,2.685378283,42.685696389,3,35.0,24.0,36.7,25.8,2020-10-23T02:52,2020-10-23T14:54,43340.89,42243.02,,,0.0,0.0,0.0,0.0,0.0,,23.3,6.76,56,19.0,6.76,58,0.0,1011.0,974.5,,18.0,0.182,31.3,10906X0039/C2-1
1392,2020-10-24,2.685378283,42.685696389,51,33.6,23.9,35.0,25.7,2020-10-24T02:52,2020-10-24T14:54,43333.2,42436.89,,,0.7,0.0,0.0,0.7,6.0,,19.56,5.52,77,20.8,5.52,68,0.0,1011.3,974.6,,18.5,0.184,31.2,10906X0039/C2-1
1393,2020-10-25,2.685378283,42.685696389,51,33.0,23.4,35.1,26.1,2020-10-25T02:52,2020-10-25T14:54,43325.55,40771.25,,,0.1,0.0,0.0,0.1,1.0,,20.18,5.42,65,20.3,5.42,66,0.0,1010.5,973.8,,14.5,0.184,31.2,10906X0039/C2-1
1394,2020-10-26,2.685378283,42.685696389,51,34.2,22.9,36.8,25.7,2020-10-26T02:52,2020-10-26T14:54,43317.94,41150.5,,,0.6,0.0,0.0,0.6,5.0,,21.33,5.83,82,19.9,5.83,65,0.0,1010.8,974.2,,15.5,0.184,31.2,10906X0039/C2-1
1395,2020-10-27,2.685378283,42.685696389,63,33.0,22.9,36.6,26.0,2020-10-27T02:52,2020-10-27T14:54,43310.38,39160.0,,,13.3,0.0,0.0,13.3,17.0,,19.62,4.45,94,21.4,4.45,77,0.0,1011.9,974.9,,11.0,0.188,30.9,10906X0039/C2-1
1396,2020-10-28,2.685378283,42.685696389,61,30.3,23.4,33.0,26.8,2020-10-28T02:52,2020-10-28T14:53,43302.88,25352.53,,,2.7,0.0,0.0,2.7,5.0,,12.42,2.95,87,21.9,2.95,81,0.0,1011.9,974.9,,11.4,0.192,30.3,10906X0039/C2-1
1397,2020-10-29,2.685378283,42.685696389,61,30.8,23.0,33.0,26.5,2020-10-29T02:52,2020-10-29T14:53,43295.44,23258.66,,,6.4,0.0,0.0,6.4,15.0,,13.18,2.99,87,21.9,2.99,82,0.0,1012.7,975.6,,10.1,0.191,29.9,10906X0039/C2-1
1398,2020-10-30,2.685378283,42.685696389,53,31.5,22.3,33.9,25.9,2020-10-30T02:52,2020-10-30T14:53,43288.07,42611.2,,,1.9,0.0,0.0,1.9,8.0,,20.1,4.57,70,20.1,4.57,71,0.0,1013.3,976.4,,8.8,0.189,29.8,10906X0039/C2-1
1399,2020-10-31,2.685378283,42.685696389,61,31.0,22.2,34.3,25.3,2020-10-31T02:52,2020-10-31T14:53,43280.78,42382.44,,,3.9,0.0,0.0,3.9,8.0,,20.44,4.61,55,20.9,4.61,77,0.0,1013.4,976.4,,12.9,0.186,29.8,10906X0039/C2-1
1400,2020-11-01,2.685378283,42.685696389,61,30.2,22.5,32.8,25.9,2020-11-01T02:52,2020-11-01T14:53,43273.58,42153.17,,,9.5,0.0,0.0,9.5,15.0,,16.63,3.55,67,21.5,3.55,80,0.0,1013.1,976.0,,8.4,0.189,29.5,10906X0039/C2-1
1401,2020-11-02,2.685378283,42.685696389,65,27.5,22.1,32.9,25.5,2020-11-02T02:52,2020-11-02T14:53,43266.47,20994.03,,,123.0,0.0,0.0,123.0,17.0,,12.05,2.51,85,21.4,2.51,87,0.0,1014.3,977.0,,5.9,0.273,29.0,10906X0039/C2-1
1402,2020-11-03,2.685378283,42.685696389,63,29.1,21.6,32.8,24.8,2020-11-03T02:52,2020-11-03T14:53,43259.46,39720.41,,,15.3,0.0,0.0,15.3,19.0,,14.78,3.09,84,21.6,3.09,85,0.0,1014.3,977.1,,7.9,0.287,28.7,10906X0039/C2-1
1403,2020-11-04,2.685378283,42.685696389,65,27.7,21.4,32.1,25.1,2020-11-04T02:52,2020-11-04T14:53,43252.55,35524.42,,,23.8,0.0,0.0,23.8,14.0,,14.23,2.89,74,21.6,2.89,86,0.0,1013.5,976.2,,8.8,0.304,28.4,10906X0039/C2-1
1404,2020-11-05,2.685378283,42.685696389,63,28.7,22.1,32.3,25.6,2020-11-05T02:52,2020-11-05T14:53,43245.76,36000.0,,,17.1,0.0,0.0,17.1,17.0,,16.87,3.48,77,21.8,3.48,84,0.0,1012.5,975.3,,10.9,0.308,28.2,10906X0039/C2-1
1405,2020-11-06,2.685378283,42.685696389,63,29.4,21.9,34.7,25.8,2020-11-06T02:52,2020-11-06T14:53,43239.1,28938.14,,,12.1,0.0,0.0,12.1,14.0,,15.97,3.34,78,21.7,3.34,85,0.0,1013.0,975.9,,8.2,0.337,28.0,10906X0039/C2-1
1406,2020-11-07,2.685378283,42.685696389,63,28.1,22.5,32.8,26.0,2020-11-07T02:52,2020-11-07T14:53,43232.56,38251.72,,,14.1,0.0,0.0,14.1,14.0,,14.63,2.96,88,22.2,2.96,87,0.0,1013.7,976.6,,6.3,0.344,27.9,10906X0039/C2-1
1407,2020-11-08,2.685378283,42.685696389,65,29.8,21.9,35.7,25.6,2020-11-08T02:52,2020-11-08T14:53,43226.16,41721.51,,,11.6,0.0,0.0,11.6,13.0,,18.5,3.86,63,21.8,3.86,82,0.0,1014.0,976.8,,7.0,0.341,28.0,10906X0039/C2-1
1408,2020-11-09,2.685378283,42.685696389,53,31.6,22.0,34.5,26.5,2020-11-09T02:52,2020-11-09T14:53,43219.89,42586.12,,,1.1,0.0,0.0,1.1,3.0,,23.79,5.24,38,20.6,5.24,74,0.0,1013.2,976.2,,8.5,0.342,28.0,10906X0039/C2-1
1409,2020-11-10,2.685378283,42.685696389,51,30.5,22.8,35.4,24.8,2020-11-10T02:53,2020-11-10T14:53,43213.69,34695.67,,,0.2,0.0,0.0,0.2,2.0,,16.67,3.98,60,21.4,3.98,78,0.0,1012.1,975.1,,14.1,0.337,28.0,10906X0039/C2-1
1410,2020-11-11,2.685378283,42.685696389,51,29.6,21.8,33.5,24.5,2020-11-11T02:53,2020-11-11T14:53,43207.56,37267.23,,,0.1,0.0,0.0,0.1,1.0,,16.41,3.72,54,20.7,3.72,78,0.0,1012.5,975.5,,10.5,0.334,27.9,10906X0039/C2-1
1411,2020-11-12,2.685378283,42.685696389,63,29.0,22.0,34.3,25.8,2020-11-12T02:53,2020-11-12T14:53,43201.49,40875.57,,,7.0,0.0,0.0,7.0,4.0,,15.44,3.26,58,21.8,3.26,83,0.0,1012.8,975.7,,8.1,0.332,27.8,10906X0039/C2-1
1412,2020-11-13,2.685378283,42.685696389,51,30.1,22.3,33.6,25.1,2020-11-13T02:53,2020-11-13T14:53,43195.51,40970.86,,,0.5,0.0,0.0,0.5,3.0,,19.52,4.3,31,21.1,4.3,77,0.0,1012.4,975.4,,10.9,0.327,27.8,10906X0039/C2-1
1413,2020-11-14,2.685378283,42.685696389,51,30.4,21.9,35.3,25.1,2020-11-14T02:53,2020-11-14T14:53,43189.61,42610.28,,,0.1,0.0,0.0,0.1,1.0,,21.92,4.55,17,20.9,4.55,77,0.0,1011.7,974.7,,8.4,0.322,27.9,10906X0039/C2-1
1414,2020-11-15,2.685378283,42.685696389,51,30.8,21.7,34.5,25.0,2020-11-15T02:54,2020-11-15T14:53,43183.8,42617.88,,,0.3,0.0,0.0,0.3,3.0,,21.17,4.72,13,20.9,4.72,75,0.0,1010.8,973.8,,10.5,0.318,27.9,10906X0039/C2-1
1415,2020-11-16,2.685378283,42.685696389,51,30.5,21.4,33.3,24.1,2020-11-16T02:54,2020-11-16T14:53,43178.1,28385.73,,,0.4,0.0,0.0,0.4,4.0,,16.88,4.03,75,20.3,4.03,75,0.0,1011.7,974.7,,12.9,0.314,27.8,10906X0039/C2-1
1416,2020-11-17,2.685378283,42.685696389,51,31.3,20.8,32.7,23.7,2020-11-17T02:54,2020-11-17T14:54,43172.49,42635.67,,,0.2,0.0,0.0,0.2,2.0,,22.34,5.13,25,19.7,5.13,72,0.0,1011.0,974.1,,13.3,0.309,27.8,10906X0039/C2-1
1417,2020-11-18,2.685378283,42.685696389,51,31.2,22.0,33.2,24.6,2020-11-18T02:54,2020-11-18T14:54,43167.0,40297.62,,,0.2,0.0,0.0,0.2,2.0,,19.5,4.76,42,20.1,4.76,72,0.0,1010.8,973.8,,14.3,0.304,27.9,10906X0039/C2-1
1418,2020-11-19,2.685378283,42.685696389,3,31.4,21.3,33.2,23.4,2020-11-19T02:55,2020-11-19T14:54,43161.63,42656.76,,,0.0,0.0,0.0,0.0,0.0,,21.43,5.23,30,18.7,5.23,66,0.0,1010.5,973.6,,13.0,0.299,27.9,10906X0039/C2-1
1419,2020-11-20,2.685378283,42.685696389,3,32.2,21.3,34.3,23.3,2020-11-20T02:55,2020-11-20T14:54,43156.38,42668.5,,,0.0,0.0,0.0,0.0,0.0,,22.29,5.49,35,19.1,5.49,67,0.0,1010.2,973.3,,14.9,0.295,27.9,10906X0039/C2-1
1420,2020-11-21,2.685378283,42.685696389,3,32.2,21.9,34.1,23.8,2020-11-21T02:55,2020-11-21T14:54,43151.27,37753.74,,,0.0,0.0,0.0,0.0,0.0,,21.44,5.68,67,18.6,5.68,65,0.0,1010.6,973.7,,16.4,0.291,28.0,10906X0039/C2-1
1421,2020-11-22,2.685378283,42.685696389,51,31.7,20.5,35.0,23.2,2020-11-22T02:55,2020-11-22T14:55,43146.31,42694.24,,,0.1,0.0,0.0,0.1,1.0,,22.86,4.97,35,19.6,4.97,70,0.0,1011.5,974.6,,9.7,0.288,28.1,10906X0039/C2-1
1422,2020-11-23,2.685378283,42.685696389,3,31.9,22.0,35.9,24.7,2020-11-23T02:56,2020-11-23T14:55,43141.48,42203.49,,,0.0,0.0,0.0,0.0,0.0,,21.83,4.86,76,20.4,4.86,71,0.0,1011.9,975.0,,10.0,0.286,28.3,10906X0039/C2-1
1423,2020-11-24,2.685378283,42.685696389,51,31.9,22.1,37.2,24.9,2020-11-24T02:56,2020-11-24T14:55,43136.82,42265.43,,,0.1,0.0,0.0,0.1,1.0,,21.84,4.9,20,20.2,4.9,69,0.0,1010.5,973.7,,9.0,0.283,28.6,10906X0039/C2-1
1424,2020-11-25,2.685378283,42.685696389,51,31.9,22.1,36.4,24.8,2020-11-25T02:56,2020-11-25T14:55,43132.32,42712.45,,,0.3,0.0,0.0,0.3,3.0,,21.84,5.12,48,20.5,5.12,69,0.0,1010.8,974.0,,10.9,0.281,28.8,10906X0039/C2-1
1425,2020-11-26,2.685378283,42.685696389,61,32.7,22.8,36.8,26.1,2020-11-26T02:57,2020-11-26T14:56,43127.99,42707.81,,,2.9,0.0,0.0,2.9,7.0,,18.98,4.25,45,21.4,4.25,74,0.0,1011.3,974.4,,8.3,0.279,28.9,10906X0039/C2-1
1426,2020-11-27,2.685378283,42.685696389,51,31.7,23.4,34.9,27.0,2020-11-27T02:57,2020-11-27T14:56,43123.83,42703.36,,,0.9,0.0,0.0,0.9,5.0,,19.96,4.61,29,21.5,4.61,74,0.0,1011.6,974.8,,11.0,0.284,28.7,10906X0039/C2-1
1427,2020-11-28,2.685378283,42.685696389,1,31.9,22.1,33.4,24.6,2020-11-28T02:57,2020-11-28T14:56,43119.87,42699.1,,,0.0,0.0,0.0,0.0,0.0,,22.2,5.53,10,19.5,5.53,67,0.0,1011.3,974.4,,14.7,0.281,28.6,10906X0039/C2-1
1428,2020-11-29,2.685378283,42.685696389,3,32.1,20.6,34.8,22.4,2020-11-29T02:58,2020-11-29T14:56,43116.08,42695.16,,,0.0,0.0,0.0,0.0,0.0,,22.83,5.36,12,17.9,5.36,62,0.0,1011.3,974.4,,9.9,0.276,28.6,10906X0039/C2-1
1429,2020-11-30,2.685378283,42.685696389,1,32.6,21.8,35.6,23.3,2020-11-30T02:58,2020-11-30T14:57,43112.44,42691.55,,,0.0,0.0,0.0,0.0,0.0,,22.87,5.51,6,19.1,5.51,64,0.0,1011.2,974.4,,11.8,0.272,28.8,10906X0039/C2-1
1430,2020-12-01,2.685378283,42.685696389,1,33.9,21.9,36.5,23.9,2020-12-01T02:59,2020-12-01T14:57,43108.93,42688.05,,,0.0,0.0,0.0,0.0,0.0,,23.7,6.09,7,18.9,6.09,63,0.0,1010.6,973.9,,15.1,0.269,29.0,10906X0039/C2-1
1431,2020-12-02,2.685378283,42.685696389,51,34.1,21.3,34.1,22.0,2020-12-02T02:59,2020-12-02T14:57,43105.56,42684.65,,,0.1,0.0,0.0,0.1,1.0,,22.46,6.49,60,17.6,6.49,58,0.0,1010.8,974.0,,18.7,0.267,29.1,10906X0039/C2-1
1432,2020-12-03,2.685378283,42.685696389,51,33.5,22.3,34.0,22.7,2020-12-03T02:59,2020-12-03T14:58,43102.33,42681.39,,,0.1,0.0,0.0,0.1,1.0,,22.28,6.34,59,17.6,6.34,58,0.0,1012.0,975.3,,18.5,0.265,29.3,10906X0039/C2-1
1433,2020-12-04,2.685378283,42.685696389,3,34.1,21.8,35.3,22.7,2020-12-04T03:00,2020-12-04T14:58,43099.25,42678.24,,,0.0,0.0,0.0,0.0,0.0,,23.18,6.57,81,17.2,6.57,57,0.0,1012.3,975.5,,16.7,0.263,29.4,10906X0039/C2-1
1434,2020-12-05,2.685378283,42.685696389,3,33.8,21.4,36.8,24.1,2020-12-05T03:00,2020-12-05T14:59,43096.33,42675.23,,,0.0,0.0,0.0,0.0,0.0,,23.9,6.1,39,17.8,6.1,59,0.0,1011.6,974.9,,12.3,0.261,29.6,10906X0039/C2-1
1435,2020-12-06,2.685378283,42.685696389,1,34.1,22.3,37.7,23.8,2020-12-06T03:01,2020-12-06T14:59,43093.55,42672.35,,,0.0,0.0,0.0,0.0,0.0,,22.63,5.75,12,18.5,5.75,58,0.0,1011.6,974.9,,12.8,0.26,29.9,10906X0039/C2-1
1436,2020-12-07,2.685378283,42.685696389,3,34.7,22.5,36.8,24.1,2020-12-07T03:01,2020-12-07T14:59,43090.93,42669.6,,,0.0,0.0,0.0,0.0,0.0,,22.04,6.11,38,18.8,6.11,58,0.0,1012.1,975.4,,14.4,0.259,30.1,10906X0039/C2-1
1437,2020-12-08,2.685378283,42.685696389,51,31.8,22.9,34.0,25.2,2020-12-08T03:02,2020-12-08T15:00,43088.47,41540.49,,,0.7,0.0,0.0,0.7,4.0,,19.14,4.77,43,19.6,4.77,64,0.0,1012.9,976.1,,11.3,0.258,30.2,10906X0039/C2-1
1438,2020-12-09,2.685378283,42.685696389,51,33.8,22.4,34.1,23.5,2020-12-09T03:02,2020-12-09T15:00,43086.18,42664.56,,,0.1,0.0,0.0,0.1,1.0,,21.13,6.1,51,17.0,6.1,56,0.0,1011.4,974.7,,16.6,0.257,30.2,10906X0039/C2-1
1439,2020-12-10,2.685378283,42.685696389,3,34.7,21.5,34.5,22.5,2020-12-10T03:03,2020-12-10T15:01,43084.05,42662.28,,,0.0,0.0,0.0,0.0,0.0,,24.68,6.84,18,14.5,6.84,48,0.0,1011.7,974.9,,14.0,0.255,30.2,10906X0039/C2-1
1440,2020-12-11,2.685378283,42.685696389,3,35.1,22.0,34.9,21.3,2020-12-11T03:03,2020-12-11T15:01,43082.1,42660.14,,,0.0,0.0,0.0,0.0,0.0,,24.67,7.18,38,14.6,7.18,46,0.0,1011.5,974.9,,15.6,0.253,30.3,10906X0039/C2-1
1441,2020-12-12,2.685378283,42.685696389,3,34.6,21.9,33.5,22.3,2020-12-12T03:04,2020-12-12T15:02,43080.33,42658.17,,,0.0,0.0,0.0,0.0,0.0,,25.03,7.35,49,12.5,7.35,44,0.0,1011.5,974.8,,16.6,0.252,30.4,10906X0039/C2-1
1442,2020-12-13,2.685378283,42.685696389,3,34.3,21.1,32.5,20.3,2020-12-13T03:04,2020-12-13T15:02,43078.74,42656.37,,,0.0,0.0,0.0,0.0,0.0,,25.01,7.43,39,11.6,7.43,43,0.0,1011.3,974.5,,17.3,0.25,30.4,10906X0039/C2-1
1443,2020-12-14,2.685378283,42.685696389,1,34.1,20.5,33.8,20.4,2020-12-14T03:05,2020-12-14T15:03,43077.34,42654.74,,,0.0,0.0,0.0,0.0,0.0,,24.85,6.61,13,13.7,6.61,47,0.0,1011.2,974.4,,12.9,0.248,30.4,10906X0039/C2-1
1444,2020-12-15,2.685378283,42.685696389,3,34.6,21.9,35.3,21.5,2020-12-15T03:05,2020-12-15T15:03,43076.12,42649.78,,,0.0,0.0,0.0,0.0,0.0,,24.69,7.16,21,13.7,7.16,44,0.0,1010.7,974.1,,14.2,0.246,30.6,10906X0039/C2-1
1445,2020-12-16,2.685378283,42.685696389,2,35.2,21.6,34.7,21.1,2020-12-16T03:06,2020-12-16T15:04,43075.09,42620.72,,,0.0,0.0,0.0,0.0,0.0,,24.93,7.34,10,12.7,7.34,43,0.0,1010.6,974.0,,15.8,0.245,30.7,10906X0039/C2-1
1446,2020-12-17,2.685378283,42.685696389,3,35.1,21.7,35.3,21.3,2020-12-17T03:06,2020-12-17T15:04,43074.26,42591.98,,,0.0,0.0,0.0,0.0,0.0,,24.32,7.22,60,14.5,7.22,46,0.0,1010.5,973.9,,15.7,0.243,30.7,10906X0039/C2-1
1447,2020-12-18,2.685378283,42.685696389,3,35.7,22.5,35.3,22.8,2020-12-18T03:07,2020-12-18T15:04,43073.63,42563.63,,,0.0,0.0,0.0,0.0,0.0,,22.84,7.34,54,15.8,7.34,48,0.0,1009.7,973.2,,17.0,0.242,30.9,10906X0039/C2-1
1448,2020-12-19,2.685378283,42.685696389,3,33.7,24.0,34.7,26.0,2020-12-19T03:07,2020-12-19T15:05,43073.2,42535.74,,,0.0,0.0,0.0,0.0,0.0,,18.97,5.69,30,18.6,5.69,56,0.0,1010.6,974.0,,14.4,0.24,31.0,10906X0039/C2-1
1449,2020-12-20,2.685378283,42.685696389,3,34.3,24.0,35.6,24.9,2020-12-20T03:08,2020-12-20T15:05,43072.96,42507.67,,,0.0,0.0,0.0,0.0,0.0,,20.91,6.3,49,19.0,6.3,56,0.0,1011.3,974.8,,17.2,0.239,31.1,10906X0039/C2-1
1450,2020-12-21,2.685378283,42.685696389,2,36.4,23.8,35.4,25.4,2020-12-21T03:08,2020-12-21T15:06,43072.92,42479.11,,,0.0,0.0,0.0,0.0,0.0,,24.32,7.64,15,16.3,7.64,50,0.0,1011.1,974.6,,17.5,0.238,31.3,10906X0039/C2-1
1451,2020-12-22,2.685378283,42.685696389,3,35.9,23.1,35.6,24.3,2020-12-22T03:08,2020-12-22T15:06,43073.07,38443.87,,,0.0,0.0,0.0,0.0,0.0,,21.38,7.16,51,16.0,7.16,48,0.0,1010.4,973.9,,16.9,0.236,31.4,10906X0039/C2-1
1452,2020-12-23,2.685378283,42.685696389,3,35.8,24.2,35.2,24.1,2020-12-23T03:09,2020-12-23T15:07,43073.4,42420.87,,,0.0,0.0,0.0,0.0,0.0,,22.99,7.7,59,13.9,7.7,42,0.0,1009.6,973.2,,18.0,0.235,31.5,10906X0039/C2-1
1453,2020-12-24,2.685378283,42.685696389,3,35.9,22.6,35.1,22.4,2020-12-24T03:09,2020-12-24T15:07,43073.92,42391.37,,,0.0,0.0,0.0,0.0,0.0,,24.55,7.59,32,13.0,7.59,42,0.0,1008.9,972.4,,15.9,0.234,31.6,10906X0039/C2-1
1454,2020-12-25,2.685378283,42.685696389,3,35.3,22.1,34.7,21.4,2020-12-25T03:10,2020-12-25T15:08,43074.62,42361.73,,,0.0,0.0,0.0,0.0,0.0,,24.79,7.64,37,12.7,7.64,41,0.0,1008.6,972.1,,16.1,0.232,31.6,10906X0039/C2-1
1455,2020-12-26,2.685378283,42.685696389,3,35.1,21.9,33.5,21.2,2020-12-26T03:10,2020-12-26T15:08,43075.51,42332.04,,,0.0,0.0,0.0,0.0,0.0,,24.72,8.29,47,11.2,8.29,39,0.0,1009.6,973.0,,18.6,0.231,31.5,10906X0039/C2-1
1456,2020-12-27,2.685378283,42.685696389,3,35.2,22.6,34.4,20.9,2020-12-27T03:11,2020-12-27T15:09,43076.57,42302.39,,,0.0,0.0,0.0,0.0,0.0,,24.41,8.28,33,13.2,8.28,42,0.0,1009.7,973.1,,20.0,0.23,31.5,10906X0039/C2-1
1457,2020-12-28,2.685378283,42.685696389,3,35.9,22.3,35.5,21.8,2020-12-28T03:11,2020-12-28T15:09,43077.81,42272.86,,,0.0,0.0,0.0,0.0,0.0,,24.15,7.89,32,15.1,7.89,46,0.0,1010.1,973.5,,19.5,0.229,31.6,10906X0039/C2-1
1458,2020-12-29,2.685378283,42.685696389,3,35.8,23.3,36.0,24.5,2020-12-29T03:12,2020-12-29T15:10,43079.24,42243.56,,,0.0,0.0,0.0,0.0,0.0,,22.18,7.23,52,16.8,7.23,49,0.0,1009.7,973.3,,17.3,0.227,31.8,10906X0039/C2-1
1459,2020-12-30,2.685378283,42.685696389,61,34.9,25.5,35.3,26.6,2020-12-30T03:12,2020-12-30T15:10,43080.83,38889.36,,,3.2,0.0,0.0,3.2,7.0,,18.56,5.72,40,19.4,5.72,58,0.0,1009.7,973.2,,15.5,0.227,31.7,10906X0039/C2-1
1460,2020-12-31,2.685378283,42.685696389,51,34.4,23.5,35.9,25.0,2020-12-31T03:13,2020-12-31T15:11,43082.59,42185.92,,,0.1,0.0,0.0,0.1,1.0,,21.64,6.25,36,17.8,6.25,54,0.0,1010.0,973.5,,14.7,0.227,31.5,10906X0039/C2-1
1461,2021-01-01,2.685378283,42.685696389,3,34.7,21.8,35.4,23.3,2021-01-01T03:13,2021-01-01T15:11,43084.52,42157.76,,,0.0,0.0,0.0,0.0,0.0,,24.45,6.23,23,15.3,6.23,50,0.0,1010.8,974.2,,10.7,0.224,31.5,10906X0039/C2-1
1462,2021-01-02,2.685378283,42.685696389,3,34.9,22.2,35.7,23.2,2021-01-02T03:14,2021-01-02T15:12,43086.62,42130.18,,,0.0,0.0,0.0,0.0,0.0,,22.6,6.51,75,16.1,6.51,51,0.0,1011.4,974.8,,14.5,0.223,31.7,10906X0039/C2-1
1463,2021-01-03,2.685378283,42.685696389,3,35.7,21.4,34.9,23.1,2021-01-03T03:14,2021-01-03T15:12,43088.88,42103.24,,,0.0,0.0,0.0,0.0,0.0,,24.89,7.19,72,13.4,7.19,46,0.0,1011.0,974.3,,14.5,0.222,31.6,10906X0039/C2-1
1464,2021-01-04,2.685378283,42.685696389,3,35.0,21.8,34.7,21.7,2021-01-04T03:15,2021-01-04T15:13,43091.31,41211.7,,,0.0,0.0,0.0,0.0,0.0,,22.96,7.05,95,14.3,7.05,47,0.0,1010.4,973.8,,16.8,0.221,31.6,10906X0039/C2-1
1465,2021-01-05,2.685378283,42.685696389,3,35.6,21.8,34.8,20.2,2021-01-05T03:15,2021-01-05T15:13,43093.9,42051.66,,,0.0,0.0,0.0,0.0,0.0,,25.0,7.95,43,13.3,7.95,43,0.0,1010.4,973.8,,19.2,0.22,31.6,10906X0039/C2-1
1466,2021-01-06,2.685378283,42.685696389,3,34.9,21.6,33.3,19.9,2021-01-06T03:16,2021-01-06T15:14,43096.64,42027.19,,,0.0,0.0,0.0,0.0,0.0,,24.49,7.87,54,11.5,7.87,39,0.0,1011.3,974.6,,17.9,0.219,31.6,10906X0039/C2-1
1467,2021-01-07,2.685378283,42.685696389,2,35.3,20.6,33.9,19.4,2021-01-07T03:16,2021-01-07T15:14,43099.54,42003.73,,,0.0,0.0,0.0,0.0,0.0,,25.31,7.39,14,12.6,7.39,44,0.0,1009.5,972.9,,16.4,0.218,31.5,10906X0039/C2-1
1468,2021-01-08,2.685378283,42.685696389,3,35.2,21.0,34.1,19.7,2021-01-08T03:16,2021-01-08T15:15,43102.6,41981.34,,,0.0,0.0,0.0,0.0,0.0,,25.45,7.51,25,11.6,7.51,41,0.0,1008.4,971.8,,16.8,0.217,31.5,10906X0039/C2-1
1469,2021-01-09,2.685378283,42.685696389,1,34.9,20.6,33.8,19.6,2021-01-09T03:17,2021-01-09T15:15,43105.86,41959.55,,,0.0,0.0,0.0,0.0,0.0,,25.37,7.8,3,11.1,7.8,39,0.0,1008.7,972.1,,15.9,0.216,31.5,10906X0039/C2-1
1470,2021-01-10,2.685378283,42.685696389,3,34.8,21.8,34.0,20.6,2021-01-10T03:17,2021-01-10T15:15,43109.31,41938.11,,,0.0,0.0,0.0,0.0,0.0,,24.94,7.72,53,13.1,7.72,43,0.0,1009.5,972.9,,18.2,0.215,31.5,10906X0039/C2-1
1471,2021-01-11,2.685378283,42.685696389,3,35.2,21.9,34.5,20.0,2021-01-11T03:17,2021-01-11T15:16,43112.94,41917.07,,,0.0,0.0,0.0,0.0,0.0,,24.83,7.92,14,12.6,7.92,40,0.0,1009.8,973.2,,18.5,0.214,31.6,10906X0039/C2-1
1472,2021-01-12,2.685378283,42.685696389,2,35.4,22.4,33.8,20.9,2021-01-12T03:18,2021-01-12T15:16,43116.76,41176.25,,,0.0,0.0,0.0,0.0,0.0,,24.57,8.15,9,12.1,8.15,39,0.0,1011.0,974.4,,19.7,0.213,31.6,10906X0039/C2-1
1473,2021-01-13,2.685378283,42.685696389,2,35.7,21.8,34.0,20.3,2021-01-13T03:18,2021-01-13T15:17,43120.76,41876.31,,,0.0,0.0,0.0,0.0,0.0,,25.14,8.04,9,11.7,8.04,39,0.0,1010.9,974.3,,17.9,0.212,31.6,10906X0039/C2-1
1474,2021-01-14,2.685378283,42.685696389,3,36.4,22.2,35.1,22.3,2021-01-14T03:18,2021-01-14T15:17,43124.92,41856.67,,,0.0,0.0,0.0,0.0,0.0,,25.11,7.82,15,13.9,7.82,46,0.0,1009.8,973.3,,18.7,0.212,31.7,10906X0039/C2-1
1475,2021-01-15,2.685378283,42.685696389,2,35.4,22.0,35.7,23.0,2021-01-15T03:19,2021-01-15T15:18,43129.24,41688.82,,,0.0,0.0,0.0,0.0,0.0,,24.05,6.88,16,15.9,6.88,51,0.0,1009.5,972.9,,15.1,0.211,31.8,10906X0039/C2-1
1476,2021-01-16,2.685378283,42.685696389,1,35.9,22.2,36.6,22.7,2021-01-16T03:19,2021-01-16T15:18,43133.73,41693.77,,,0.0,0.0,0.0,0.0,0.0,,23.4,6.76,9,15.8,6.76,50,0.0,1008.3,971.9,,15.5,0.21,31.9,10906X0039/C2-1
1477,2021-01-17,2.685378283,42.685696389,3,36.2,22.2,36.1,22.9,2021-01-17T03:19,2021-01-17T15:18,43138.35,41698.32,,,0.0,0.0,0.0,0.0,0.0,,25.39,7.56,33,13.8,7.56,44,0.0,1008.6,972.2,,15.1,0.209,32.1,10906X0039/C2-1
1478,2021-01-18,2.685378283,42.685696389,3,37.4,22.7,35.3,21.7,2021-01-18T03:20,2021-01-18T15:19,43143.12,41784.03,,,0.0,0.0,0.0,0.0,0.0,,25.61,8.55,85,10.7,8.55,35,0.0,1008.1,971.8,,17.1,0.208,32.1,10906X0039/C2-1
1479,2021-01-19,2.685378283,42.685696389,3,37.8,22.7,35.7,22.0,2021-01-19T03:20,2021-01-19T15:19,43148.02,41706.16,,,0.0,0.0,0.0,0.0,0.0,,25.66,9.14,79,11.5,9.14,36,0.0,1008.3,971.9,,19.3,0.207,32.2,10906X0039/C2-1
1480,2021-01-20,2.685378283,42.685696389,3,36.8,23.3,36.8,22.0,2021-01-20T03:20,2021-01-20T15:19,43153.05,37125.1,,,0.0,0.0,0.0,0.0,0.0,,23.76,8.43,77,14.8,8.43,42,0.0,1009.7,973.3,,19.7,0.206,32.3,10906X0039/C2-1
1481,2021-01-21,2.685378283,42.685696389,3,36.3,24.9,36.2,25.6,2021-01-21T03:20,2021-01-21T15:20,43158.2,41222.93,,,0.0,0.0,0.0,0.0,0.0,,21.64,7.87,67,17.6,7.87,49,0.0,1009.9,973.6,,21.1,0.206,32.4,10906X0039/C2-1
1482,2021-01-22,2.685378283,42.685696389,3,35.4,24.3,34.7,24.4,2021-01-22T03:21,2021-01-22T15:20,43163.47,40981.74,,,0.0,0.0,0.0,0.0,0.0,,23.5,7.95,85,17.1,7.95,50,0.0,1010.2,973.8,,22.4,0.205,32.4,10906X0039/C2-1
1483,2021-01-23,2.685378283,42.685696389,3,35.3,23.4,34.5,24.2,2021-01-23T03:21,2021-01-23T15:20,43168.84,40984.74,,,0.0,0.0,0.0,0.0,0.0,,22.47,7.38,93,16.2,7.38,49,0.0,1010.7,974.1,,19.1,0.204,32.3,10906X0039/C2-1
1484,2021-01-24,2.685378283,42.685696389,3,36.7,23.5,36.0,23.6,2021-01-24T03:21,2021-01-24T15:21,43174.32,38305.17,,,0.0,0.0,0.0,0.0,0.0,,24.75,8.06,45,14.8,8.06,46,0.0,1010.3,973.8,,18.3,0.203,32.5,10906X0039/C2-1
1485,2021-01-25,2.685378283,42.685696389,3,36.6,22.3,35.0,21.6,2021-01-25T03:21,2021-01-25T15:21,43179.89,41475.73,,,0.0,0.0,0.0,0.0,0.0,,26.0,8.01,17,11.3,8.01,40,0.0,1011.1,974.5,,16.8,0.203,32.5,10906X0039/C2-1
1486,2021-01-26,2.685378283,42.685696389,3,35.6,21.7,35.4,22.2,2021-01-26T03:21,2021-01-26T15:21,43185.56,40101.85,,,0.0,0.0,0.0,0.0,0.0,,24.84,7.56,62,14.6,7.56,48,0.0,1011.3,974.7,,17.1,0.202,32.4,10906X0039/C2-1
1487,2021-01-27,2.685378283,42.685696389,3,35.2,22.0,35.4,23.3,2021-01-27T03:22,2021-01-27T15:21,43191.31,41234.33,,,0.0,0.0,0.0,0.0,0.0,,23.03,7.34,30,16.7,7.34,52,0.0,1010.6,974.0,,18.2,0.201,32.4,10906X0039/C2-1
1488,2021-01-28,2.685378283,42.685696389,3,37.1,23.0,36.4,22.9,2021-01-28T03:22,2021-01-28T15:22,43197.15,34253.89,,,0.0,0.0,0.0,0.0,0.0,,23.06,7.95,28,14.4,7.95,45,0.0,1010.2,973.7,,19.6,0.2,32.4,10906X0039/C2-1
1489,2021-01-29,2.685378283,42.685696389,3,36.9,22.5,35.5,22.7,2021-01-29T03:22,2021-01-29T15:22,43203.14,40992.3,,,0.0,0.0,0.0,0.0,0.0,,25.64,8.24,15,13.0,8.24,42,0.0,1011.4,974.9,,17.6,0.2,32.5,10906X0039/C2-1
1490,2021-01-30,2.685378283,42.685696389,2,37.1,21.6,35.6,21.1,2021-01-30T03:22,2021-01-30T15:22,43209.28,41233.16,,,0.0,0.0,0.0,0.0,0.0,,26.83,7.94,8,11.2,7.94,42,0.0,1010.8,974.2,,16.8,0.199,32.5,10906X0039/C2-1
1491,2021-01-31,2.685378283,42.685696389,1,36.2,21.0,34.4,20.4,2021-01-31T03:22,2021-01-31T15:22,43215.56,41231.81,,,0.0,0.0,0.0,0.0,0.0,,26.28,8.23,3,13.1,8.23,45,0.0,1010.6,974.0,,19.4,0.198,32.4,10906X0039/C2-1
1492,2021-02-01,2.685378283,42.685696389,3,36.1,21.6,36.1,21.1,2021-02-01T03:22,2021-02-01T15:22,43221.99,41229.92,,,0.0,0.0,0.0,0.0,0.0,,25.1,7.9,65,14.8,7.9,48,0.0,1011.8,975.1,,18.3,0.198,32.4,10906X0039/C2-1
1493,2021-02-02,2.685378283,42.685696389,3,36.6,21.7,35.5,22.1,2021-02-02T03:22,2021-02-02T15:23,43228.54,41227.66,,,0.0,0.0,0.0,0.0,0.0,,26.18,7.7,29,12.1,7.7,42,0.0,1012.3,975.7,,14.6,0.197,32.5,10906X0039/C2-1
1494,2021-02-03,2.685378283,42.685696389,3,36.5,21.4,35.6,20.1,2021-02-03T03:22,2021-02-03T15:23,43235.21,41224.94,,,0.0,0.0,0.0,0.0,0.0,,26.57,8.06,24,10.6,8.06,38,0.0,1011.6,975.0,,15.6,0.196,32.5,10906X0039/C2-1
1495,2021-02-04,2.685378283,42.685696389,3,36.0,21.1,36.1,20.9,2021-02-04T03:22,2021-02-04T15:23,43242.01,41221.81,,,0.0,0.0,0.0,0.0,0.0,,26.52,7.5,30,13.2,7.5,45,0.0,1011.4,974.8,,15.0,0.195,32.5,10906X0039/C2-1
1496,2021-02-05,2.685378283,42.685696389,3,35.4,21.6,37.6,22.3,2021-02-05T03:22,2021-02-05T15:23,43248.9,40979.15,,,0.0,0.0,0.0,0.0,0.0,,26.05,6.72,23,15.3,6.72,49,0.0,1010.9,974.2,,13.2,0.195,32.7,10906X0039/C2-1
1497,2021-02-06,2.685378283,42.685696389,1,35.6,21.9,38.2,22.4,2021-02-06T03:22,2021-02-06T15:23,43255.9,40975.62,,,0.0,0.0,0.0,0.0,0.0,,26.02,7.05,8,16.0,7.05,50,0.0,1009.7,973.1,,14.6,0.194,32.8,10906X0039/C2-1
1498,2021-02-07,2.685378283,42.685696389,3,37.0,22.2,37.8,23.1,2021-02-07T03:22,2021-02-07T15:23,43262.98,40971.75,,,0.0,0.0,0.0,0.0,0.0,,25.74,7.75,21,15.6,7.75,47,0.0,1008.5,972.1,,15.5,0.194,32.9,10906X0039/C2-1
1499,2021-02-08,2.685378283,42.685696389,3,36.6,23.7,36.6,22.7,2021-02-08T03:22,2021-02-08T15:23,43270.15,40967.54,,,0.0,0.0,0.0,0.0,0.0,,24.79,8.73,61,15.4,8.73,44,0.0,1009.3,972.9,,21.7,0.193,33.0,10906X0039/C2-1
1500,2021-02-09,2.685378283,42.685696389,3,36.6,23.9,35.1,23.3,2021-02-09T03:22,2021-02-09T15:24,43277.4,38075.35,,,0.0,0.0,0.0,0.0,0.0,,21.88,8.16,60,13.6,8.16,40,0.0,1010.1,973.7,,20.1,0.192,32.9,10906X0039/C2-1
1501,2021-02-10,2.685378283,42.685696389,2,36.7,23.2,35.3,21.7,2021-02-10T03:22,2021-02-10T15:24,43284.71,40958.1,,,0.0,0.0,0.0,0.0,0.0,,26.09,8.8,15,12.6,8.8,39,0.0,1009.6,973.2,,20.3,0.192,32.9,10906X0039/C2-1
1502,2021-02-11,2.685378283,42.685696389,3,37.8,23.1,37.4,22.3,2021-02-11T03:22,2021-02-11T15:24,43292.09,40715.94,,,0.0,0.0,0.0,0.0,0.0,,25.51,8.54,87,14.6,8.54,43,0.0,1009.0,972.6,,19.2,0.191,33.0,10906X0039/C2-1
1503,2021-02-12,2.685378283,42.685696389,3,37.6,22.8,38.3,23.2,2021-02-12T03:22,2021-02-12T15:24,43299.53,40947.49,,,0.0,0.0,0.0,0.0,0.0,,26.02,7.71,34,15.2,7.71,46,0.0,1008.8,972.4,,15.6,0.191,33.2,10906X0039/C2-1
1504,2021-02-13,2.685378283,42.685696389,3,37.4,23.1,37.6,22.1,2021-02-13T03:22,2021-02-13T15:24,43307.01,40232.78,,,0.0,0.0,0.0,0.0,0.0,,25.37,8.15,62,13.5,8.15,42,0.0,1009.5,973.1,,17.5,0.19,33.3,10906X0039/C2-1
1505,2021-02-14,2.685378283,42.685696389,0,37.6,22.5,38.3,23.0,2021-02-14T03:22,2021-02-14T15:24,43314.53,40935.79,,,0.0,0.0,0.0,0.0,0.0,,26.19,7.96,1,15.6,7.96,48,0.0,1009.9,973.5,,16.8,0.189,33.4,10906X0039/C2-1
1506,2021-02-15,2.685378283,42.685696389,0,38.0,22.2,36.9,23.1,2021-02-15T03:22,2021-02-15T15:24,43322.08,41165.26,,,0.0,0.0,0.0,0.0,0.0,,26.58,8.93,0,15.2,8.93,47,0.0,1009.2,972.7,,21.2,0.189,33.3,10906X0039/C2-1
1507,2021-02-16,2.685378283,42.685696389,3,37.0,22.4,37.7,22.2,2021-02-16T03:22,2021-02-16T15:24,43329.66,41158.51,,,0.0,0.0,0.0,0.0,0.0,,26.58,8.5,46,15.5,8.5,47,0.0,1008.5,972.1,,19.9,0.188,33.3,10906X0039/C2-1
1508,2021-02-17,2.685378283,42.685696389,3,37.4,22.1,39.0,22.8,2021-02-17T03:22,2021-02-17T15:24,43337.27,40916.45,,,0.0,0.0,0.0,0.0,0.0,,26.38,8.13,95,15.9,8.13,49,0.0,1009.1,972.7,,18.0,0.187,33.4,10906X0039/C2-1
1509,2021-02-18,2.685378283,42.685696389,3,37.0,21.9,38.9,23.7,2021-02-18T03:21,2021-02-18T15:24,43344.98,41144.17,,,0.0,0.0,0.0,0.0,0.0,,25.65,7.49,32,16.7,7.49,51,0.0,1009.5,973.0,,15.3,0.187,33.4,10906X0039/C2-1
1510,2021-02-19,2.685378283,42.685696389,3,37.5,22.8,37.8,24.2,2021-02-19T03:21,2021-02-19T15:24,43352.8,41034.98,,,0.0,0.0,0.0,0.0,0.0,,23.63,7.34,53,16.0,7.34,49,0.0,1009.7,973.3,,15.6,0.187,33.5,10906X0039/C2-1
1511,2021-02-20,2.685378283,42.685696389,3,36.3,22.9,38.7,23.6,2021-02-20T03:21,2021-02-20T15:24,43360.72,39957.17,,,0.0,0.0,0.0,0.0,0.0,,23.95,6.7,95,16.9,6.7,48,0.0,1009.8,973.4,,13.4,0.186,33.6,10906X0039/C2-1
1512,2021-02-21,2.685378283,42.685696389,3,37.2,22.9,38.3,22.4,2021-02-21T03:21,2021-02-21T15:24,43368.72,41119.61,,,0.0,0.0,0.0,0.0,0.0,,26.46,7.85,57,14.8,7.85,44,0.0,1009.7,973.3,,16.1,0.186,33.7,10906X0039/C2-1
1513,2021-02-22,2.685378283,42.685696389,3,37.4,23.1,36.7,24.0,2021-02-22T03:21,2021-02-22T15:24,43376.81,40877.04,,,0.0,0.0,0.0,0.0,0.0,,24.47,8.04,69,14.8,8.04,45,0.0,1010.2,973.8,,17.0,0.185,33.8,10906X0039/C2-1
1514,2021-02-23,2.685378283,42.685696389,3,37.2,23.5,35.7,24.6,2021-02-23T03:21,2021-02-23T15:24,43384.98,38063.31,,,0.0,0.0,0.0,0.0,0.0,,20.48,6.92,76,14.2,6.92,43,0.0,1009.9,973.5,,14.7,0.184,33.7,10906X0039/C2-1
1515,2021-02-24,2.685378283,42.685696389,3,38.4,23.1,37.8,23.4,2021-02-24T03:20,2021-02-24T15:24,43393.21,41558.27,,,0.0,0.0,0.0,0.0,0.0,,26.76,8.69,68,15.5,8.69,48,0.0,1009.0,972.7,,20.3,0.184,33.7,10906X0039/C2-1
1516,2021-02-25,2.685378283,42.685696389,3,38.4,22.1,38.0,23.1,2021-02-25T03:20,2021-02-25T15:23,43401.51,40383.53,,,0.0,0.0,0.0,0.0,0.0,,27.13,8.27,45,15.1,8.27,50,0.0,1009.1,972.6,,18.3,0.184,33.7,10906X0039/C2-1
1517,2021-02-26,2.685378283,42.685696389,3,38.1,22.0,38.2,23.7,2021-02-26T03:20,2021-02-26T15:23,43409.87,40839.6,,,0.0,0.0,0.0,0.0,0.0,,25.86,7.61,25,16.3,7.61,52,0.0,1008.6,972.2,,16.0,0.183,33.7,10906X0039/C2-1
1518,2021-02-27,2.685378283,42.685696389,1,39.0,22.7,39.5,24.4,2021-02-27T03:20,2021-02-27T15:23,43418.28,41526.99,,,0.0,0.0,0.0,0.0,0.0,,25.9,7.95,13,14.4,7.95,45,0.0,1007.7,971.5,,14.9,0.182,33.9,10906X0039/C2-1
1519,2021-02-28,2.685378283,42.685696389,3,39.6,23.8,38.1,25.0,2021-02-28T03:19,2021-02-28T15:23,43426.74,41748.47,,,0.0,0.0,0.0,0.0,0.0,,26.27,9.04,51,13.7,9.04,41,0.0,1007.8,971.6,,17.3,0.182,34.0,10906X0039/C2-1
1520,2021-03-01,2.685378283,42.685696389,3,39.4,23.5,36.6,24.2,2021-03-01T03:19,2021-03-01T15:23,43435.23,41505.43,,,0.0,0.0,0.0,0.0,0.0,,27.58,9.74,38,12.4,9.74,40,0.0,1008.6,972.4,,20.6,0.181,34.0,10906X0039/C2-1
1521,2021-03-02,2.685378283,42.685696389,3,38.1,23.6,36.3,21.7,2021-03-02T03:19,2021-03-02T15:23,43443.75,41726.32,,,0.0,0.0,0.0,0.0,0.0,,26.61,9.99,16,11.6,9.99,35,0.0,1009.2,973.0,,22.7,0.181,34.0,10906X0039/C2-1
1522,2021-03-03,2.685378283,42.685696389,2,38.3,23.8,36.4,23.2,2021-03-03T03:18,2021-03-03T15:23,43452.29,41715.17,,,0.0,0.0,0.0,0.0,0.0,,25.09,8.87,26,15.9,8.87,46,0.0,1008.8,972.4,,23.2,0.18,33.9,10906X0039/C2-1
1523,2021-03-04,2.685378283,42.685696389,3,36.6,23.4,36.7,23.1,2021-03-04T03:18,2021-03-04T15:23,43460.85,41704.04,,,0.0,0.0,0.0,0.0,0.0,,25.59,8.31,54,15.9,8.31,46,0.0,1009.8,973.3,,19.2,0.18,33.9,10906X0039/C2-1
1524,2021-03-05,2.685378283,42.685696389,3,39.2,24.5,37.3,23.4,2021-03-05T03:18,2021-03-05T15:22,43469.43,41692.92,,,0.0,0.0,0.0,0.0,0.0,,27.1,10.12,85,11.5,10.12,33,0.0,1009.0,972.8,,21.1,0.18,34.0,10906X0039/C2-1
1525,2021-03-06,2.685378283,42.685696389,3,38.6,24.0,37.3,21.7,2021-03-06T03:18,2021-03-06T15:22,43478.01,41908.19,,,0.0,0.0,0.0,0.0,0.0,,26.6,9.49,62,12.7,9.49,37,0.0,1009.2,972.9,,21.3,0.179,34.1,10906X0039/C2-1
1526,2021-03-07,2.685378283,42.685696389,3,38.2,22.8,37.3,22.4,2021-03-07T03:17,2021-03-07T15:22,43486.59,41926.18,,,0.0,0.0,0.0,0.0,0.0,,27.47,8.49,22,12.8,8.49,41,0.0,1008.9,972.5,,17.5,0.178,34.1,10906X0039/C2-1
1527,2021-03-08,2.685378283,42.685696389,3,37.8,22.9,37.5,22.7,2021-03-08T03:17,2021-03-08T15:22,43495.16,41944.25,,,0.0,0.0,0.0,0.0,0.0,,27.4,9.2,36,14.5,9.2,44,0.0,1008.7,972.3,,21.2,0.178,34.1,10906X0039/C2-1
1528,2021-03-09,2.685378283,42.685696389,2,37.1,22.7,37.3,23.4,2021-03-09T03:17,2021-03-09T15:22,43503.73,41962.38,,,0.0,0.0,0.0,0.0,0.0,,25.16,7.59,20,15.8,7.59,49,0.0,1010.4,974.0,,17.4,0.178,34.1,10906X0039/C2-1
1529,2021-03-10,2.685378283,42.685696389,3,37.0,23.8,38.6,24.3,2021-03-10T03:16,2021-03-10T15:22,43512.36,40946.49,,,0.0,0.0,0.0,0.0,0.0,,25.33,7.53,45,16.9,7.53,51,0.0,1010.7,974.2,,16.7,0.177,34.2,10906X0039/C2-1
1530,2021-03-11,2.685378283,42.685696389,3,38.2,22.9,38.1,24.9,2021-03-11T03:16,2021-03-11T15:21,43521.06,41396.79,,,0.0,0.0,0.0,0.0,0.0,,25.35,8.06,20,15.9,8.06,50,0.0,1009.5,973.1,,18.0,0.177,34.2,10906X0039/C2-1
1531,2021-03-12,2.685378283,42.685696389,3,38.6,23.2,38.3,24.8,2021-03-12T03:16,2021-03-12T15:21,43529.81,41846.54,,,0.0,0.0,0.0,0.0,0.0,,25.87,8.21,42,16.2,8.21,50,0.0,1009.2,972.9,,18.4,0.176,34.2,10906X0039/C2-1
1532,2021-03-13,2.685378283,42.685696389,3,37.2,24.1,37.0,25.5,2021-03-13T03:15,2021-03-13T15:21,43538.63,41143.99,,,0.0,0.0,0.0,0.0,0.0,,23.14,7.25,73,16.9,7.25,52,0.0,1010.0,973.6,,17.1,0.176,34.2,10906X0039/C2-1
1533,2021-03-14,2.685378283,42.685696389,3,35.9,23.9,37.1,25.4,2021-03-14T03:15,2021-03-14T15:21,43547.49,41132.65,,,0.0,0.0,0.0,0.0,0.0,,22.89,6.85,45,18.4,6.85,55,0.0,1009.8,973.4,,16.6,0.176,34.2,10906X0039/C2-1
1534,2021-03-15,2.685378283,42.685696389,61,35.1,24.4,37.4,25.7,2021-03-15T03:15,2021-03-15T15:21,43556.4,39734.14,,,3.6,0.0,0.0,3.6,3.0,,20.92,5.73,75,20.2,5.73,65,0.0,1009.6,973.0,,14.7,0.176,34.0,10906X0039/C2-1
1535,2021-03-16,2.685378283,42.685696389,3,36.6,24.2,37.5,26.0,2021-03-16T03:14,2021-03-16T15:20,43565.35,41339.93,,,0.0,0.0,0.0,0.0,0.0,,23.67,7.34,59,17.3,7.34,51,0.0,1009.0,972.6,,16.3,0.175,34.1,10906X0039/C2-1
1536,2021-03-17,2.685378283,42.685696389,51,35.9,24.3,37.8,26.2,2021-03-17T03:14,2021-03-17T15:20,43574.33,41558.54,,,0.4,0.0,0.0,0.4,2.0,,21.12,6.31,78,18.8,6.31,55,0.0,1009.5,973.0,,14.9,0.175,34.1,10906X0039/C2-1
1537,2021-03-18,2.685378283,42.685696389,61,35.3,23.7,39.2,25.4,2021-03-18T03:14,2021-03-18T15:20,43583.33,42149.83,,,2.7,0.0,0.0,2.7,4.0,,21.89,5.99,43,19.3,5.99,58,0.0,1009.9,973.4,,12.7,0.175,33.9,10906X0039/C2-1
1538,2021-03-19,2.685378283,42.685696389,55,32.0,23.6,35.3,26.0,2021-03-19T03:13,2021-03-19T15:20,43592.36,38295.14,,,1.2,0.0,0.0,1.2,2.0,,17.95,4.63,69,20.7,4.63,67,0.0,1010.3,973.6,,11.4,0.177,33.6,10906X0039/C2-1
1539,2021-03-20,2.685378283,42.685696389,3,34.6,23.6,38.2,25.7,2021-03-20T03:13,2021-03-20T15:19,43601.39,42195.3,,,0.0,0.0,0.0,0.0,0.0,,23.39,6.25,31,20.0,6.25,62,0.0,1009.2,972.7,,14.4,0.18,33.1,10906X0039/C2-1
1540,2021-03-21,2.685378283,42.685696389,51,34.4,23.7,37.5,25.0,2021-03-21T03:12,2021-03-21T15:19,43610.44,41512.78,,,0.2,0.0,0.0,0.2,2.0,,21.65,6.05,26,19.5,6.05,59,0.0,1008.5,972.0,,14.1,0.177,33.0,10906X0039/C2-1
1541,2021-03-22,2.685378283,42.685696389,3,35.5,24.1,36.4,26.4,2021-03-22T03:12,2021-03-22T15:19,43619.49,42241.08,,,0.0,0.0,0.0,0.0,0.0,,23.5,6.82,21,18.3,6.82,55,0.0,1009.4,973.0,,16.5,0.176,33.1,10906X0039/C2-1
1542,2021-03-23,2.685378283,42.685696389,2,37.7,23.8,37.0,25.1,2021-03-23T03:12,2021-03-23T15:19,43628.54,42263.93,,,0.0,0.0,0.0,0.0,0.0,,25.91,7.59,20,15.4,7.59,50,0.0,1010.5,974.1,,15.3,0.176,33.2,10906X0039/C2-1
1543,2021-03-24,2.685378283,42.685696389,3,37.6,23.1,37.7,25.4,2021-03-24T03:11,2021-03-24T15:19,43637.57,42286.66,,,0.0,0.0,0.0,0.0,0.0,,27.3,7.42,34,15.3,7.42,49,0.0,1010.0,973.6,,13.3,0.176,33.3,10906X0039/C2-1
1544,2021-03-25,2.685378283,42.685696389,3,36.9,22.5,38.0,25.1,2021-03-25T03:11,2021-03-25T15:18,43646.59,42309.23,,,0.0,0.0,0.0,0.0,0.0,,25.75,6.89,25,15.9,6.89,51,0.0,1008.1,971.7,,13.0,0.176,33.5,10906X0039/C2-1
1545,2021-03-26,2.685378283,42.685696389,3,37.0,22.6,38.7,23.6,2021-03-26T03:11,2021-03-26T15:18,43655.58,42331.57,,,0.0,0.0,0.0,0.0,0.0,,26.58,7.25,28,15.3,7.25,48,0.0,1009.1,972.7,,14.3,0.175,33.6,10906X0039/C2-1
1546,2021-03-27,2.685378283,42.685696389,3,37.5,22.6,39.2,23.3,2021-03-27T03:10,2021-03-27T15:18,43664.55,41433.37,,,0.0,0.0,0.0,0.0,0.0,,25.65,7.23,89,14.6,7.23,45,0.0,1009.8,973.4,,14.3,0.175,33.8,10906X0039/C2-1
1547,2021-03-28,2.685378283,42.685696389,3,38.5,23.9,40.4,25.1,2021-03-28T03:10,2021-03-28T15:18,43673.48,42375.3,,,0.0,0.0,0.0,0.0,0.0,,24.18,7.23,78,16.1,7.23,48,0.0,1009.6,973.3,,15.5,0.174,33.9,10906X0039/C2-1
1548,2021-03-29,2.685378283,42.685696389,3,38.9,24.3,38.4,26.5,2021-03-29T03:09,2021-03-29T15:17,43682.37,40741.03,,,0.0,0.0,0.0,0.0,0.0,,24.21,8.23,61,16.9,8.23,50,0.0,1009.2,972.9,,18.6,0.174,34.1,10906X0039/C2-1
1549,2021-03-30,2.685378283,42.685696389,3,37.7,23.8,38.4,25.5,2021-03-30T03:09,2021-03-30T15:17,43691.3,42417.89,,,0.0,0.0,0.0,0.0,0.0,,23.83,7.67,35,16.9,7.67,51,0.0,1008.7,972.3,,17.4,0.173,34.1,10906X0039/C2-1
1550,2021-03-31,2.685378283,42.685696389,3,36.6,23.5,38.9,25.4,2021-03-31T03:09,2021-03-31T15:17,43700.25,42439.43,,,0.0,0.0,0.0,0.0,0.0,,25.03,7.25,60,18.0,7.25,53,0.0,1010.0,973.5,,15.7,0.173,34.1,10906X0039/C2-1
1551,2021-04-01,2.685378283,42.685696389,2,36.2,24.7,38.3,27.1,2021-04-01T03:08,2021-04-01T15:17,43709.24,41402.75,,,0.0,0.0,0.0,0.0,0.0,,24.09,6.92,30,18.4,6.92,54,0.0,1010.3,973.9,,15.5,0.173,34.2,10906X0039/C2-1
1552,2021-04-02,2.685378283,42.685696389,2,35.9,24.8,39.3,27.4,2021-04-02T03:08,2021-04-02T15:17,43718.26,42483.03,,,0.0,0.0,0.0,0.0,0.0,,23.81,6.61,24,19.8,6.61,57,0.0,1010.4,974.0,,13.6,0.172,34.3,10906X0039/C2-1
1553,2021-04-03,2.685378283,42.685696389,61,34.8,25.0,37.8,28.1,2021-04-03T03:08,2021-04-03T15:16,43727.3,38358.59,,,6.0,0.0,0.0,6.0,7.0,,21.01,5.49,72,21.6,5.49,69,0.0,1010.4,973.8,,14.5,0.173,34.1,10906X0039/C2-1
1554,2021-04-04,2.685378283,42.685696389,61,33.7,24.2,37.3,27.5,2021-04-04T03:07,2021-04-04T15:16,43736.34,42526.96,,,3.6,0.0,0.0,3.6,8.0,,22.58,5.38,62,21.9,5.38,72,0.0,1011.1,974.4,,12.4,0.177,33.4,10906X0039/C2-1
1555,2021-04-05,2.685378283,42.685696389,55,33.9,24.3,38.6,28.1,2021-04-05T03:07,2021-04-05T15:16,43745.39,42548.9,,,2.9,0.0,0.0,2.9,10.0,,20.3,4.81,60,22.0,4.81,70,0.0,1011.0,974.3,,9.2,0.174,33.1,10906X0039/C2-1
1556,2021-04-06,2.685378283,42.685696389,3,34.9,23.6,38.7,26.8,2021-04-06T03:07,2021-04-06T15:16,43754.44,42570.77,,,0.0,0.0,0.0,0.0,0.0,,23.52,5.96,37,20.3,5.96,62,0.0,1011.2,974.6,,11.2,0.172,33.1,10906X0039/C2-1
1557,2021-04-07,2.685378283,42.685696389,51,32.6,23.9,37.3,27.7,2021-04-07T03:06,2021-04-07T15:16,43763.49,42592.51,,,0.6,0.0,0.0,0.6,4.0,,20.38,4.91,30,20.7,4.91,65,0.0,1012.3,975.6,,9.0,0.171,33.0,10906X0039/C2-1
1558,2021-04-08,2.685378283,42.685696389,2,34.9,23.2,38.0,25.7,2021-04-08T03:06,2021-04-08T15:15,43772.53,42614.07,,,0.0,0.0,0.0,0.0,0.0,,23.4,5.96,20,19.7,5.96,61,0.0,1011.0,974.4,,13.1,0.169,33.0,10906X0039/C2-1
1559,2021-04-09,2.685378283,42.685696389,53,33.2,24.5,36.0,27.5,2021-04-09T03:05,2021-04-09T15:15,43781.54,42635.39,,,1.2,0.0,0.0,1.2,4.0,,20.28,5.42,27,21.2,5.42,67,0.0,1009.6,973.0,,15.1,0.166,33.1,10906X0039/C2-1
1560,2021-04-10,2.685378283,42.685696389,51,34.3,24.6,37.7,27.9,2021-04-10T03:05,2021-04-10T15:15,43790.53,41771.77,,,0.4,0.0,0.0,0.4,4.0,,19.79,5.45,57,21.3,5.45,67,0.0,1010.1,973.4,,14.5,0.163,33.0,10906X0039/C2-1
1561,2021-04-11,2.685378283,42.685696389,3,35.7,23.4,38.0,26.6,2021-04-11T03:05,2021-04-11T15:15,43799.49,42677.1,,,0.0,0.0,0.0,0.0,0.0,,23.79,6.58,86,19.7,6.58,60,0.0,1011.0,974.4,,14.5,0.163,33.1,10906X0039/C2-1
1562,2021-04-12,2.685378283,42.685696389,51,34.8,23.8,36.2,27.0,2021-04-12T03:04,2021-04-12T15:15,43808.41,42697.4,,,0.1,0.0,0.0,0.1,1.0,,22.74,6.33,39,18.7,6.33,58,0.0,1011.9,975.4,,14.5,0.168,33.2,10906X0039/C2-1
1563,2021-04-13,2.685378283,42.685696389,3,34.6,23.6,37.7,26.1,2021-04-13T03:04,2021-04-13T15:14,43817.28,42717.23,,,0.0,0.0,0.0,0.0,0.0,,23.51,5.84,48,17.7,5.84,54,0.0,1011.8,975.2,,9.5,0.174,33.3,10906X0039/C2-1
1564,2021-04-14,2.685378283,42.685696389,2,35.0,23.6,37.7,25.8,2021-04-14T03:04,2021-04-14T15:14,43826.1,42736.57,,,0.0,0.0,0.0,0.0,0.0,,24.06,6.39,22,18.8,6.39,57,0.0,1010.8,974.3,,13.4,0.176,33.4,10906X0039/C2-1
1565,2021-04-15,2.685378283,42.685696389,51,34.5,24.8,38.0,27.2,2021-04-15T03:03,2021-04-15T15:14,43834.85,42463.55,,,0.1,0.0,0.0,0.1,1.0,,20.38,5.84,55,20.2,5.84,60,0.0,1010.5,974.0,,14.1,0.175,33.4,10906X0039/C2-1
1566,2021-04-16,2.685378283,42.685696389,55,33.2,24.7,37.3,27.7,2021-04-16T03:03,2021-04-16T15:14,43843.55,42773.53,,,1.7,0.0,0.0,1.7,6.0,,18.76,5.06,35,20.9,5.06,64,0.0,1010.4,973.8,,12.5,0.178,33.3,10906X0039/C2-1
1567,2021-04-17,2.685378283,42.685696389,63,33.6,24.4,37.0,27.8,2021-04-17T03:03,2021-04-17T15:14,43852.16,42791.03,,,9.4,0.0,0.0,9.4,8.0,,19.77,5.12,69,21.5,5.12,69,0.0,1011.4,974.7,,13.2,0.18,33.1,10906X0039/C2-1
1568,2021-04-18,2.685378283,42.685696389,63,33.3,23.8,37.6,27.3,2021-04-18T03:03,2021-04-18T15:14,43860.7,42807.82,,,6.9,0.0,0.0,6.9,15.0,,18.63,4.44,66,21.1,4.44,70,0.0,1012.5,975.8,,8.3,0.179,32.9,10906X0039/C2-1
1569,2021-04-19,2.685378283,42.685696389,63,29.3,23.3,35.6,27.3,2021-04-19T03:02,2021-04-19T15:13,43869.23,37030.89,,,11.1,0.0,0.0,11.1,14.0,,18.82,3.86,86,22.2,3.86,81,0.0,1012.5,975.5,,4.2,0.266,32.2,10906X0039/C2-1
1570,2021-04-20,2.685378283,42.685696389,55,29.6,22.8,35.8,26.3,2021-04-20T03:02,2021-04-20T15:13,43877.76,42840.36,,,3.4,0.0,0.0,3.4,13.0,,19.16,3.97,70,22.1,3.97,81,0.0,1012.0,975.1,,6.7,0.273,31.5,10906X0039/C2-1
1571,2021-04-21,2.685378283,42.685696389,63,29.8,23.1,35.2,27.6,2021-04-21T03:02,2021-04-21T15:13,43886.27,32368.37,,,5.2,0.0,0.0,5.2,14.0,,17.95,3.69,91,22.5,3.69,85,0.0,1012.5,975.5,,8.9,0.276,31.0,10906X0039/C2-1
1572,2021-04-22,2.685378283,42.685696389,61,29.3,23.3,34.0,27.2,2021-04-22T03:01,2021-04-22T15:13,43894.76,36985.35,,,5.5,0.0,0.0,5.5,8.0,,18.25,3.76,94,22.7,3.76,84,0.0,1012.7,975.7,,8.9,0.28,30.6,10906X0039/C2-1
1573,2021-04-23,2.685378283,42.685696389,51,30.7,22.9,36.5,27.4,2021-04-23T03:01,2021-04-23T15:13,43903.24,39771.86,,,0.1,0.0,0.0,0.1,1.0,,20.91,4.34,82,22.3,4.34,81,0.0,1011.5,974.5,,7.8,0.284,30.4,10906X0039/C2-1
1574,2021-04-24,2.685378283,42.685696389,51,30.8,22.5,35.8,26.5,2021-04-24T03:01,2021-04-24T15:13,43911.67,42901.87,,,0.2,0.0,0.0,0.2,1.0,,21.86,4.67,54,22.0,4.67,77,0.0,1010.3,973.5,,7.7,0.285,30.3,10906X0039/C2-1
1575,2021-04-25,2.685378283,42.685696389,51,31.0,22.8,34.5,26.0,2021-04-25T03:01,2021-04-25T15:13,43920.07,42916.35,,,0.4,0.0,0.0,0.4,2.0,,21.66,4.72,92,21.5,4.72,75,0.0,1011.0,974.2,,10.0,0.282,30.1,10906X0039/C2-1
1576,2021-04-26,2.685378283,42.685696389,53,30.9,22.8,34.9,26.2,2021-04-26T03:01,2021-04-26T15:13,43928.43,41726.41,,,1.8,0.0,0.0,1.8,10.0,,21.34,4.53,60,22.0,4.53,79,0.0,1011.4,974.5,,8.8,0.278,30.0,10906X0039/C2-1
1577,2021-04-27,2.685378283,42.685696389,61,29.9,23.5,35.4,27.4,2021-04-27T03:00,2021-04-27T15:13,43936.73,37588.49,,,3.3,0.0,0.0,3.3,7.0,,18.46,4.0,67,22.3,4.0,79,0.0,1010.8,974.0,,8.1,0.274,30.0,10906X0039/C2-1
1578,2021-04-28,2.685378283,42.685696389,55,31.3,23.2,35.7,26.7,2021-04-28T03:00,2021-04-28T15:12,43944.97,42957.14,,,2.2,0.0,0.0,2.2,7.0,,22.92,5.03,58,21.6,5.03,74,0.0,1010.7,973.9,,9.8,0.268,30.0,10906X0039/C2-1
1579,2021-04-29,2.685378283,42.685696389,53,31.1,23.4,36.5,27.0,2021-04-29T03:00,2021-04-29T15:12,43953.14,42969.77,,,0.7,0.0,0.0,0.7,3.0,,22.1,4.77,68,21.8,4.77,74,0.0,1010.7,973.9,,6.7,0.264,30.1,10906X0039/C2-1
1580,2021-04-30,2.685378283,42.685696389,53,30.6,23.3,35.0,27.3,2021-04-30T03:00,2021-04-30T15:12,43961.24,42981.87,,,3.0,0.0,0.0,3.0,10.0,,19.74,4.16,63,22.0,4.16,76,0.0,1010.5,973.7,,5.9,0.261,30.1,10906X0039/C2-1
1581,2021-05-01,2.685378283,42.685696389,63,30.3,23.3,34.8,27.6,2021-05-01T02:59,2021-05-01T15:12,43969.25,42993.4,,,9.5,0.0,0.0,9.5,13.0,,18.65,3.86,62,22.4,3.86,80,0.0,1010.4,973.5,,6.5,0.263,29.9,10906X0039/C2-1
1582,2021-05-02,2.685378283,42.685696389,61,31.2,23.5,36.2,27.3,2021-05-02T02:59,2021-05-02T15:12,43977.17,42438.99,,,8.2,0.0,0.0,8.2,9.0,,20.69,4.5,60,22.2,4.5,77,0.0,1010.1,973.3,,10.1,0.261,29.9,10906X0039/C2-1
1583,2021-05-03,2.685378283,42.685696389,53,30.6,23.1,35.5,27.3,2021-05-03T02:59,2021-05-03T15:12,43984.99,43014.68,,,1.8,0.0,0.0,1.8,9.0,,21.49,4.56,81,22.3,4.56,79,0.0,1010.4,973.5,,9.9,0.259,29.8,10906X0039/C2-1
1584,2021-05-04,2.685378283,42.685696389,3,30.9,23.5,35.2,26.8,2021-05-04T02:59,2021-05-04T15:12,43992.71,41723.1,,,0.0,0.0,0.0,0.0,0.0,,21.11,4.52,79,21.9,4.52,78,0.0,1010.2,973.4,,11.8,0.257,29.6,10906X0039/C2-1
1585,2021-05-05,2.685378283,42.685696389,61,30.4,23.4,34.9,27.4,2021-05-05T02:59,2021-05-05T15:12,44000.31,34382.34,,,5.4,0.0,0.0,5.4,12.0,,20.8,4.39,69,22.3,4.39,80,0.0,1010.5,973.6,,11.4,0.255,29.6,10906X0039/C2-1
1586,2021-05-06,2.685378283,42.685696389,53,31.3,23.6,34.7,26.0,2021-05-06T02:59,2021-05-06T15:12,44007.79,40247.83,,,0.7,0.0,0.0,0.7,2.0,,22.3,4.92,71,21.8,4.92,76,0.0,1011.2,974.3,,14.3,0.252,29.5,10906X0039/C2-1
1587,2021-05-07,2.685378283,42.685696389,63,29.5,23.1,32.4,26.1,2021-05-07T02:58,2021-05-07T15:12,44015.13,27365.59,,,14.1,0.0,0.0,14.1,18.0,,13.38,2.98,95,22.1,2.98,84,0.0,1012.7,975.6,,13.8,0.254,29.3,10906X0039/C2-1
1588,2021-05-08,2.685378283,42.685696389,61,29.0,22.4,33.0,25.5,2021-05-08T02:58,2021-05-08T15:12,44022.34,41245.51,,,4.6,0.0,0.0,4.6,11.0,,19.02,3.97,91,21.9,3.97,81,0.0,1011.8,974.8,,13.1,0.258,29.1,10906X0039/C2-1
1589,2021-05-09,2.685378283,42.685696389,51,29.2,23.0,31.4,25.9,2021-05-09T02:58,2021-05-09T15:12,44029.48,17837.58,,,0.2,0.0,0.0,0.2,2.0,,11.65,2.97,94,21.3,2.97,78,0.0,1011.5,974.5,,13.2,0.255,29.0,10906X0039/C2-1
1590,2021-05-10,2.685378283,42.685696389,51,30.5,23.0,32.1,25.8,2021-05-10T02:58,2021-05-10T15:12,44036.55,27010.64,,,0.8,0.0,0.0,0.8,5.0,,16.88,3.82,95,21.8,3.82,80,0.0,1012.8,975.8,,15.3,0.251,28.9,10906X0039/C2-1
1591,2021-05-11,2.685378283,42.685696389,3,31.5,22.3,32.1,23.3,2021-05-11T02:58,2021-05-11T15:12,44043.54,39472.32,,,0.0,0.0,0.0,0.0,0.0,,19.67,5.4,70,19.1,5.4,66,0.0,1013.4,976.4,,19.5,0.213,29.1,10906X0039/C2-1
1592,2021-05-12,2.685378283,42.685696389,3,30.4,21.9,29.5,22.8,2021-05-12T02:58,2021-05-12T15:12,44050.44,35262.75,,,0.0,0.0,0.0,0.0,0.0,,17.29,5.17,93,18.3,5.17,64,0.0,1013.7,976.6,,19.9,0.175,29.3,10906X0039/C2-1
1593,2021-05-13,2.685378283,42.685696389,3,32.8,21.1,33.5,21.7,2021-05-13T02:58,2021-05-13T15:12,44057.26,43079.9,,,0.0,0.0,0.0,0.0,0.0,,24.87,6.64,64,18.0,6.64,61,0.0,1012.9,975.9,,19.4,0.174,29.4,10906X0039/C2-1
1594,2021-05-14,2.685378283,42.685696389,3,33.3,21.1,33.5,22.0,2021-05-14T02:58,2021-05-14T15:12,44063.98,42522.51,,,0.0,0.0,0.0,0.0,0.0,,22.91,6.5,56,18.7,6.5,63,0.0,1012.3,975.5,,20.7,0.173,29.6,10906X0039/C2-1
1595,2021-05-15,2.685378283,42.685696389,3,33.2,22.8,34.0,24.5,2021-05-15T02:58,2021-05-15T15:12,44070.6,43085.01,,,0.0,0.0,0.0,0.0,0.0,,22.73,6.51,47,19.5,6.51,62,0.0,1012.0,975.2,,20.6,0.172,29.9,10906X0039/C2-1
1596,2021-05-16,2.685378283,42.685696389,3,34.1,22.3,34.4,24.6,2021-05-16T02:58,2021-05-16T15:12,44077.11,43086.67,,,0.0,0.0,0.0,0.0,0.0,,24.58,6.79,41,19.0,6.79,61,0.0,1011.0,974.3,,18.3,0.173,30.1,10906X0039/C2-1
1597,2021-05-17,2.685378283,42.685696389,3,33.5,23.0,33.4,25.7,2021-05-17T02:58,2021-05-17T15:13,44083.49,42251.5,,,0.0,0.0,0.0,0.0,0.0,,19.0,5.71,82,19.9,5.71,64,0.0,1011.6,974.9,,18.2,0.174,30.3,10906X0039/C2-1
1598,2021-05-18,2.685378283,42.685696389,51,33.9,23.1,33.8,25.0,2021-05-18T02:58,2021-05-18T15:13,44089.75,43088.26,,,0.1,0.0,0.0,0.1,1.0,,23.0,6.95,94,18.6,6.95,60,0.0,1012.2,975.4,,21.9,0.173,30.5,10906X0039/C2-1
1599,2021-05-19,2.685378283,42.685696389,51,33.1,23.1,33.9,24.4,2021-05-19T02:58,2021-05-19T15:13,44095.88,40304.4,,,0.7,0.0,0.0,0.7,5.0,,19.67,5.75,90,20.1,5.75,67,0.0,1013.3,976.5,,22.1,0.175,30.5,10906X0039/C2-1
1600,2021-05-20,2.685378283,42.685696389,3,31.6,22.0,30.7,23.4,2021-05-20T02:58,2021-05-20T15:13,44101.87,36919.13,,,0.0,0.0,0.0,0.0,0.0,,17.19,5.85,82,18.0,5.85,60,0.0,1013.6,976.7,,21.5,0.175,30.3,10906X0039/C2-1
1601,2021-05-21,2.685378283,42.685696389,3,31.6,21.6,30.4,22.6,2021-05-21T02:58,2021-05-21T15:13,44107.71,35266.76,,,0.0,0.0,0.0,0.0,0.0,,17.59,5.56,56,18.1,5.56,61,0.0,1013.7,976.8,,20.1,0.175,30.2,10906X0039/C2-1
1602,2021-05-22,2.685378283,42.685696389,51,32.4,22.4,32.8,24.4,2021-05-22T02:58,2021-05-22T15:13,44113.39,43084.98,,,0.5,0.0,0.0,0.5,3.0,,21.04,6.02,46,19.2,6.02,65,0.0,1012.9,976.0,,20.8,0.175,30.3,10906X0039/C2-1
1603,2021-05-23,2.685378283,42.685696389,51,32.0,22.4,31.7,23.7,2021-05-23T02:58,2021-05-23T15:13,44118.91,43082.89,,,0.1,0.0,0.0,0.1,1.0,,20.47,6.33,31,18.1,6.33,61,0.0,1013.6,976.6,,23.4,0.174,30.3,10906X0039/C2-1
1604,2021-05-24,2.685378283,42.685696389,51,31.7,21.9,30.7,22.9,2021-05-24T02:58,2021-05-24T15:13,44124.26,43080.32,,,0.8,0.0,0.0,0.8,4.0,,21.36,6.13,31,18.0,6.13,62,0.0,1015.2,978.1,,21.3,0.174,30.3,10906X0039/C2-1
1605,2021-05-25,2.685378283,42.685696389,51,31.9,21.3,31.3,22.1,2021-05-25T02:58,2021-05-25T15:13,44129.43,43077.28,,,1.1,0.0,0.0,1.1,5.0,,22.64,6.45,31,17.2,6.45,59,0.0,1014.8,977.8,,20.8,0.175,30.2,10906X0039/C2-1
1606,2021-05-26,2.685378283,42.685696389,51,30.6,21.8,31.3,22.7,2021-05-26T02:58,2021-05-26T15:14,44134.41,43073.78,,,0.8,0.0,0.0,0.8,6.0,,19.07,5.31,64,18.6,5.31,66,0.0,1014.6,977.5,,19.7,0.175,30.0,10906X0039/C2-1
1607,2021-05-27,2.685378283,42.685696389,51,30.1,21.7,31.3,23.2,2021-05-27T02:58,2021-05-27T15:14,44139.2,43069.85,,,0.2,0.0,0.0,0.2,1.0,,18.23,4.84,89,19.4,4.84,69,0.0,1014.8,977.7,,17.2,0.174,30.0,10906X0039/C2-1
1608,2021-05-28,2.685378283,42.685696389,51,30.8,21.7,30.9,23.7,2021-05-28T02:58,2021-05-28T15:14,44143.8,39600.0,,,1.2,0.0,0.0,1.2,7.0,,18.34,4.88,59,19.6,4.88,70,0.0,1014.9,977.8,,18.1,0.174,30.0,10906X0039/C2-1
1609,2021-05-29,2.685378283,42.685696389,51,31.2,21.4,31.8,23.8,2021-05-29T02:58,2021-05-29T15:14,44148.23,43060.42,,,0.9,0.0,0.0,0.9,6.0,,20.33,5.49,29,18.5,5.49,64,0.0,1014.6,977.5,,16.2,0.173,30.0,10906X0039/C2-1
1610,2021-05-30,2.685378283,42.685696389,3,32.1,21.1,33.1,23.3,2021-05-30T02:58,2021-05-30T15:14,44152.52,39139.56,,,0.0,0.0,0.0,0.0,0.0,,20.17,5.79,47,18.2,5.79,62,0.0,1013.8,976.9,,17.4,0.173,30.1,10906X0039/C2-1
1611,2021-05-31,2.685378283,42.685696389,3,32.3,22.0,32.0,23.8,2021-05-31T02:58,2021-05-31T15:14,44156.64,42708.11,,,0.0,0.0,0.0,0.0,0.0,,18.34,5.53,59,18.6,5.53,64,0.0,1012.6,975.7,,19.2,0.172,30.1,10906X0039/C2-1
1612,2021-06-01,2.685378283,42.685696389,51,31.1,22.3,31.7,23.7,2021-06-01T02:59,2021-06-01T15:15,44160.61,43040.56,,,1.0,0.0,0.0,1.0,8.0,,19.74,5.44,37,19.1,5.44,67,0.0,1012.3,975.4,,18.9,0.171,30.1,10906X0039/C2-1
1613,2021-06-02,2.685378283,42.685696389,51,32.2,21.5,31.7,22.8,2021-06-02T02:59,2021-06-02T15:15,44164.41,40602.38,,,0.8,0.0,0.0,0.8,4.0,,20.17,6.1,54,17.5,6.1,60,0.0,1013.2,976.3,,20.0,0.171,30.0,10906X0039/C2-1
1614,2021-06-03,2.685378283,42.685696389,3,33.0,20.9,32.6,22.6,2021-06-03T02:59,2021-06-03T15:15,44168.05,43023.99,,,0.0,0.0,0.0,0.0,0.0,,21.45,6.49,54,17.4,6.49,59,0.0,1013.9,977.0,,20.0,0.171,30.1,10906X0039/C2-1
1615,2021-06-04,2.685378283,42.685696389,51,32.5,22.1,32.4,23.9,2021-06-04T02:59,2021-06-04T15:15,44171.5,43014.86,,,0.1,0.0,0.0,0.1,1.0,,20.51,6.14,25,18.1,6.14,60,0.0,1014.0,977.1,,19.8,0.17,30.2,10906X0039/C2-1
1616,2021-06-05,2.685378283,42.685696389,51,33.9,21.9,32.8,23.8,2021-06-05T02:59,2021-06-05T15:15,44174.78,40417.96,,,0.1,0.0,0.0,0.1,1.0,,21.96,6.71,67,17.2,6.71,58,0.0,1013.4,976.6,,19.7,0.169,30.3,10906X0039/C2-1
1617,2021-06-06,2.685378283,42.685696389,51,32.2,22.2,32.3,23.8,2021-06-06T02:59,2021-06-06T15:16,44177.88,42995.21,,,0.2,0.0,0.0,0.2,2.0,,20.65,6.36,45,18.6,6.36,61,0.0,1014.0,977.1,,22.4,0.169,30.4,10906X0039/C2-1
1618,2021-06-07,2.685378283,42.685696389,51,31.9,22.7,31.5,23.5,2021-06-07T03:00,2021-06-07T15:16,44180.8,42984.8,,,0.6,0.0,0.0,0.6,5.0,,17.89,5.6,47,19.0,5.6,65,0.0,1014.5,977.6,,22.7,0.169,30.3,10906X0039/C2-1
1619,2021-06-08,2.685378283,42.685696389,51,30.8,22.4,30.9,23.7,2021-06-08T03:00,2021-06-08T15:16,44183.52,39216.53,,,1.4,0.0,0.0,1.4,8.0,,17.12,4.94,39,19.2,4.94,68,0.0,1014.9,977.8,,20.3,0.17,30.1,10906X0039/C2-1
1620,2021-06-09,2.685378283,42.685696389,51,31.3,21.8,31.6,23.5,2021-06-09T03:00,2021-06-09T15:16,44186.05,42613.51,,,0.9,0.0,0.0,0.9,5.0,,18.57,5.23,38,19.1,5.23,67,0.0,1014.1,977.1,,18.8,0.17,30.0,10906X0039/C2-1
1621,2021-06-10,2.685378283,42.685696389,51,30.3,22.1,30.0,22.8,2021-06-10T03:00,2021-06-10T15:17,44188.39,41168.16,,,0.9,0.0,0.0,0.9,7.0,,17.6,5.18,67,18.7,5.18,67,0.0,1013.5,976.4,,20.6,0.169,29.9,10906X0039/C2-1
1622,2021-06-11,2.685378283,42.685696389,3,30.7,21.4,28.9,22.2,2021-06-11T03:00,2021-06-11T15:17,44190.52,39060.72,,,0.0,0.0,0.0,0.0,0.0,,16.82,5.63,63,17.1,5.63,61,0.0,1013.4,976.4,,21.9,0.168,29.8,10906X0039/C2-1
1623,2021-06-12,2.685378283,42.685696389,3,32.2,20.2,30.5,21.3,2021-06-12T03:00,2021-06-12T15:17,44192.44,35729.0,,,0.0,0.0,0.0,0.0,0.0,,22.0,6.9,55,15.3,6.9,54,0.0,1014.0,977.0,,21.1,0.167,29.8,10906X0039/C2-1
1624,2021-06-13,2.685378283,42.685696389,3,32.5,20.7,30.1,21.4,2021-06-13T03:01,2021-06-13T15:17,44194.17,35717.48,,,0.0,0.0,0.0,0.0,0.0,,20.2,6.61,95,15.7,6.61,55,0.0,1014.5,977.5,,21.0,0.167,29.9,10906X0039/C2-1
1625,2021-06-14,2.685378283,42.685696389,3,32.4,20.8,30.9,22.2,2021-06-14T03:01,2021-06-14T15:17,44195.67,38403.02,,,0.0,0.0,0.0,0.0,0.0,,19.68,6.4,96,16.8,6.4,58,0.0,1013.8,976.8,,20.9,0.166,30.0,10906X0039/C2-1
1626,2021-06-15,2.685378283,42.685696389,3,33.2,21.4,31.9,21.6,2021-06-15T03:01,2021-06-15T15:18,44196.96,42894.51,,,0.0,0.0,0.0,0.0,0.0,,23.58,7.59,89,15.2,7.59,50,0.0,1013.2,976.3,,21.1,0.166,30.2,10906X0039/C2-1
1627,2021-06-16,2.685378283,42.685696389,3,33.0,21.1,31.6,21.1,2021-06-16T03:01,2021-06-16T15:18,44198.03,34260.98,,,0.0,0.0,0.0,0.0,0.0,,21.75,7.0,65,15.9,7.0,54,0.0,1013.9,976.9,,21.3,0.165,30.2,10906X0039/C2-1
1628,2021-06-17,2.685378283,42.685696389,3,33.1,21.1,31.9,22.6,2021-06-17T03:01,2021-06-17T15:18,44198.88,40498.32,,,0.0,0.0,0.0,0.0,0.0,,22.97,6.91,88,15.8,6.91,54,0.0,1014.3,977.4,,19.2,0.165,30.4,10906X0039/C2-1
1629,2021-06-18,2.685378283,42.685696389,51,33.7,21.3,31.3,22.6,2021-06-18T03:02,2021-06-18T15:18,44199.51,42484.73,,,0.3,0.0,0.0,0.3,2.0,,21.13,6.58,94,17.7,6.58,61,0.0,1015.4,978.4,,22.3,0.165,30.4,10906X0039/C2-1
1630,2021-06-19,2.685378283,42.685696389,51,31.4,22.9,30.3,22.6,2021-06-19T03:02,2021-06-19T15:18,44199.93,40168.21,,,1.3,0.0,0.0,1.3,9.0,,18.7,6.0,77,17.9,6.0,62,0.0,1016.8,979.7,,24.7,0.165,30.3,10906X0039/C2-1
1631,2021-06-20,2.685378283,42.685696389,3,32.1,21.6,30.2,22.0,2021-06-20T03:02,2021-06-20T15:19,44200.14,34519.14,,,0.0,0.0,0.0,0.0,0.0,,20.38,6.64,62,16.0,6.64,56,0.0,1016.3,979.2,,22.9,0.165,30.2,10906X0039/C2-1
1632,2021-06-21,2.685378283,42.685696389,51,31.5,21.3,31.1,22.1,2021-06-21T03:02,2021-06-21T15:19,44200.13,42503.8,,,0.6,0.0,0.0,0.6,4.0,,20.68,5.88,41,18.0,5.88,64,0.0,1015.5,978.4,,21.4,0.165,30.1,10906X0039/C2-1
1633,2021-06-22,2.685378283,42.685696389,51,30.8,21.4,31.1,22.6,2021-06-22T03:02,2021-06-22T15:19,44199.92,41190.57,,,1.0,0.0,0.0,1.0,9.0,,17.29,4.84,58,18.8,4.84,69,0.0,1014.8,977.7,,20.2,0.165,30.0,10906X0039/C2-1
1634,2021-06-23,2.685378283,42.685696389,51,29.2,21.6,29.4,22.3,2021-06-23T03:03,2021-06-23T15:19,44199.5,39262.84,,,1.2,0.0,0.0,1.2,10.0,,16.44,4.54,54,18.9,4.54,71,0.0,1015.3,978.1,,20.5,0.165,29.8,10906X0039/C2-1
1635,2021-06-24,2.685378283,42.685696389,51,28.0,20.9,27.0,22.0,2021-06-24T03:03,2021-06-24T15:20,44198.88,35337.1,,,1.5,0.0,0.0,1.5,9.0,,13.12,3.71,73,18.9,3.71,74,0.0,1015.8,978.4,,19.8,0.166,29.4,10906X0039/C2-1
1636,2021-06-25,2.685378283,42.685696389,3,29.7,20.8,28.6,21.9,2021-06-25T03:03,2021-06-25T15:20,44198.05,35573.99,,,0.0,0.0,0.0,0.0,0.0,,16.34,5.05,80,17.4,5.05,65,0.0,1014.7,977.5,,19.8,0.166,29.3,10906X0039/C2-1
1637,2021-06-26,2.685378283,42.685696389,3,30.9,20.1,29.1,21.5,2021-06-26T03:03,2021-06-26T15:20,44197.02,29219.82,,,0.0,0.0,0.0,0.0,0.0,,16.89,5.62,80,16.6,5.62,60,0.0,1013.5,976.4,,20.7,0.165,29.2,10906X0039/C2-1
1638,2021-06-27,2.685378283,42.685696389,3,31.4,19.9,30.2,21.3,2021-06-27T03:04,2021-06-27T15:20,44195.79,30582.71,,,0.0,0.0,0.0,0.0,0.0,,17.94,5.57,73,16.6,5.57,60,0.0,1013.7,976.6,,18.3,0.165,29.3,10906X0039/C2-1
1639,2021-06-28,2.685378283,42.685696389,51,30.3,20.2,29.8,22.1,2021-06-28T03:04,2021-06-28T15:20,44194.36,40796.76,,,0.7,0.0,0.0,0.7,4.0,,17.78,4.91,72,17.9,4.91,66,0.0,1014.4,977.2,,16.6,0.165,29.3,10906X0039/C2-1
1640,2021-06-29,2.685378283,42.685696389,51,30.3,21.2,30.9,22.9,2021-06-29T03:04,2021-06-29T15:21,44192.73,39600.0,,,0.8,0.0,0.0,0.8,7.0,,18.51,4.86,50,19.0,4.86,71,0.0,1014.8,977.6,,19.9,0.165,29.2,10906X0039/C2-1
1641,2021-06-30,2.685378283,42.685696389,51,29.9,20.9,28.9,21.6,2021-06-30T03:04,2021-06-30T15:21,44190.92,38876.38,,,1.5,0.0,0.0,1.5,11.0,,17.81,5.32,54,17.5,5.32,65,0.0,1016.1,978.9,,22.1,0.165,29.1,10906X0039/C2-1
1642,2021-07-01,2.685378283,42.685696389,51,31.1,19.9,28.7,20.8,2021-07-01T03:04,2021-07-01T15:21,44188.91,33057.56,,,0.1,0.0,0.0,0.1,1.0,,19.01,6.22,53,15.6,6.22,58,0.0,1015.6,978.4,,22.1,0.166,29.0,10906X0039/C2-1
1643,2021-07-02,2.685378283,42.685696389,3,31.9,20.2,29.6,20.7,2021-07-02T03:05,2021-07-02T15:21,44186.71,40679.44,,,0.0,0.0,0.0,0.0,0.0,,22.2,6.99,54,15.2,6.99,55,0.0,1014.8,977.7,,22.7,0.165,29.1,10906X0039/C2-1
1644,2021-07-03,2.685378283,42.685696389,3,30.6,20.3,28.5,20.2,2021-07-03T03:05,2021-07-03T15:21,44184.33,39307.88,,,0.0,0.0,0.0,0.0,0.0,,16.2,5.61,75,16.7,5.61,60,0.0,1014.3,977.2,,23.1,0.165,29.1,10906X0039/C2-1
1645,2021-07-04,2.685378283,42.685696389,3,30.6,20.9,28.1,21.0,2021-07-04T03:05,2021-07-04T15:21,44181.76,32073.12,,,0.0,0.0,0.0,0.0,0.0,,16.29,5.85,48,16.5,5.85,60,0.0,1014.4,977.3,,24.9,0.165,29.1,10906X0039/C2-1
1646,2021-07-05,2.685378283,42.685696389,3,30.7,20.5,28.4,21.3,2021-07-05T03:05,2021-07-05T15:22,44179.01,32177.72,,,0.0,0.0,0.0,0.0,0.0,,15.67,5.84,79,16.3,5.84,58,0.0,1014.4,977.3,,23.1,0.165,29.0,10906X0039/C2-1
1647,2021-07-06,2.685378283,42.685696389,3,31.8,20.9,29.4,20.5,2021-07-06T03:05,2021-07-06T15:22,44176.08,35339.08,,,0.0,0.0,0.0,0.0,0.0,,18.76,6.46,55,16.1,6.46,57,0.0,1013.7,976.6,,25.3,0.165,29.0,10906X0039/C2-1
1648,2021-07-07,2.685378283,42.685696389,3,31.3,21.7,28.6,21.7,2021-07-07T03:06,2021-07-07T15:22,44172.97,30235.17,,,0.0,0.0,0.0,0.0,0.0,,17.59,6.06,47,16.6,6.06,59,0.0,1014.3,977.2,,25.0,0.165,29.1,10906X0039/C2-1
1649,2021-07-08,2.685378283,42.685696389,3,30.4,20.9,27.9,21.1,2021-07-08T03:06,2021-07-08T15:22,44169.65,31956.41,,,0.0,0.0,0.0,0.0,0.0,,16.24,5.65,70,16.6,5.65,59,0.0,1015.7,978.5,,23.4,0.164,29.0,10906X0039/C2-1
1650,2021-07-09,2.685378283,42.685696389,3,31.3,21.3,28.5,21.1,2021-07-09T03:06,2021-07-09T15:22,44166.11,33486.68,,,0.0,0.0,0.0,0.0,0.0,,16.76,6.22,91,16.3,6.22,57,0.0,1015.3,978.2,,25.9,0.164,29.0,10906X0039/C2-1
1651,2021-07-10,2.685378283,42.685696389,3,30.3,22.2,27.8,21.7,2021-07-10T03:06,2021-07-10T15:22,44162.37,27861.76,,,0.0,0.0,0.0,0.0,0.0,,13.58,5.97,80,16.0,5.97,55,0.0,1014.3,977.3,,25.7,0.164,29.0,10906X0039/C2-1
1652,2021-07-11,2.685378283,42.685696389,3,31.1,22.1,28.2,22.3,2021-07-11T03:06,2021-07-11T15:22,44158.43,24798.95,,,0.0,0.0,0.0,0.0,0.0,,13.37,5.67,71,16.6,5.67,58,0.0,1014.6,977.6,,24.9,0.164,29.0,10906X0039/C2-1
1653,2021-07-12,2.685378283,42.685696389,3,32.4,21.8,30.1,21.9,2021-07-12T03:06,2021-07-12T15:22,44154.3,40237.24,,,0.0,0.0,0.0,0.0,0.0,,20.03,6.92,58,16.0,6.92,55,0.0,1014.4,977.5,,24.9,0.164,29.2,10906X0039/C2-1
1654,2021-07-13,2.685378283,42.685696389,51,29.2,22.3,28.8,22.3,2021-07-13T03:07,2021-07-13T15:22,44149.99,13054.99,,,0.8,0.0,0.0,0.8,5.0,,9.58,4.0,87,18.7,4.0,68,0.0,1014.2,977.1,,23.2,0.164,29.1,10906X0039/C2-1
1655,2021-07-14,2.685378283,42.685696389,53,29.2,21.7,28.3,20.1,2021-07-14T03:07,2021-07-14T15:22,44145.5,27027.41,,,2.4,0.0,0.0,2.4,8.0,,13.31,4.41,81,17.9,4.41,68,0.0,1014.6,977.3,,21.8,0.166,28.8,10906X0039/C2-1
1656,2021-07-15,2.685378283,42.685696389,3,30.6,20.5,28.3,20.1,2021-07-15T03:07,2021-07-15T15:23,44140.84,35898.74,,,0.0,0.0,0.0,0.0,0.0,,16.71,5.65,84,16.3,5.65,60,0.0,1014.4,977.3,,22.8,0.164,28.7,10906X0039/C2-1
1657,2021-07-16,2.685378283,42.685696389,3,29.4,20.6,26.9,20.2,2021-07-16T03:07,2021-07-16T15:23,44136.02,24496.65,,,0.0,0.0,0.0,0.0,0.0,,14.16,5.66,98,15.9,5.66,57,0.0,1014.2,977.1,,24.8,0.163,28.6,10906X0039/C2-1
1658,2021-07-17,2.685378283,42.685696389,3,31.0,21.1,27.4,20.7,2021-07-17T03:07,2021-07-17T15:23,44131.03,30085.91,,,0.0,0.0,0.0,0.0,0.0,,15.54,6.48,72,15.1,6.48,54,0.0,1014.2,977.1,,27.6,0.163,28.7,10906X0039/C2-1
1659,2021-07-18,2.685378283,42.685696389,3,30.8,21.5,28.2,20.6,2021-07-18T03:07,2021-07-18T15:23,44125.9,31765.45,,,0.0,0.0,0.0,0.0,0.0,,13.47,5.62,64,16.2,5.62,57,0.0,1014.4,977.3,,25.3,0.162,28.6,10906X0039/C2-1
1660,2021-07-19,2.685378283,42.685696389,3,30.7,22.0,28.5,21.4,2021-07-19T03:07,2021-07-19T15:23,44120.62,28261.32,,,0.0,0.0,0.0,0.0,0.0,,15.91,6.2,89,16.1,6.2,55,0.0,1014.8,977.8,,24.9,0.162,28.7,10906X0039/C2-1
1661,2021-07-20,2.685378283,42.685696389,3,32.0,21.8,29.1,21.8,2021-07-20T03:07,2021-07-20T15:23,44115.21,29397.19,,,0.0,0.0,0.0,0.0,0.0,,16.55,6.62,57,15.6,6.62,55,0.0,1015.4,978.4,,26.4,0.161,28.7,10906X0039/C2-1
1662,2021-07-21,2.685378283,42.685696389,51,30.7,21.6,29.3,21.5,2021-07-21T03:08,2021-07-21T15:23,44109.65,32168.96,,,0.3,0.0,0.0,0.3,3.0,,14.72,5.26,54,17.7,5.26,63,0.0,1017.1,979.9,,23.6,0.162,28.7,10906X0039/C2-1
1663,2021-07-22,2.685378283,42.685696389,3,32.1,21.8,30.0,20.9,2021-07-22T03:08,2021-07-22T15:23,44103.99,39622.12,,,0.0,0.0,0.0,0.0,0.0,,19.22,6.6,57,16.4,6.6,57,0.0,1015.7,978.7,,24.2,0.161,28.8,10906X0039/C2-1
1664,2021-07-23,2.685378283,42.685696389,3,32.1,20.7,28.5,19.9,2021-07-23T03:08,2021-07-23T15:23,44098.2,36253.7,,,0.0,0.0,0.0,0.0,0.0,,18.71,7.16,78,15.4,7.16,54,0.0,1014.0,976.9,,29.7,0.162,28.8,10906X0039/C2-1
1665,2021-07-24,2.685378283,42.685696389,53,29.1,21.8,25.2,21.1,2021-07-24T03:08,2021-07-24T15:23,44092.29,23588.28,,,1.0,0.0,0.0,1.0,3.0,,12.77,5.41,89,16.2,5.41,60,0.0,1015.3,978.1,,28.7,0.163,28.7,10906X0039/C2-1
1666,2021-07-25,2.685378283,42.685696389,51,29.7,21.5,26.9,20.2,2021-07-25T03:08,2021-07-25T15:23,44086.29,40843.78,,,1.2,0.0,0.0,1.2,8.0,,17.3,5.88,42,16.1,5.88,60,0.0,1015.4,978.2,,27.4,0.163,28.6,10906X0039/C2-1
1667,2021-07-26,2.685378283,42.685696389,51,28.6,20.9,26.1,20.3,2021-07-26T03:08,2021-07-26T15:23,44080.17,19065.55,,,0.1,0.0,0.0,0.1,1.0,,12.81,5.07,68,16.2,5.07,61,0.0,1015.5,978.2,,26.1,0.163,28.4,10906X0039/C2-1
1668,2021-07-27,2.685378283,42.685696389,53,27.4,21.4,25.3,21.1,2021-07-27T03:08,2021-07-27T15:23,44073.96,15290.55,,,2.1,0.0,0.0,2.1,7.0,,10.36,3.58,91,18.0,3.58,72,0.0,1015.3,977.9,,23.7,0.164,28.2,10906X0039/C2-1
1669,2021-07-28,2.685378283,42.685696389,51,28.6,20.7,26.3,21.3,2021-07-28T03:08,2021-07-28T15:22,44067.59,18926.91,,,1.0,0.0,0.0,1.0,6.0,,12.85,4.31,95,17.1,4.31,67,0.0,1015.1,977.8,,21.7,0.165,27.9,10906X0039/C2-1
1670,2021-07-29,2.685378283,42.685696389,51,28.9,20.8,26.4,21.0,2021-07-29T03:08,2021-07-29T15:22,44061.06,24215.38,,,0.7,0.0,0.0,0.7,2.0,,12.25,4.69,85,16.5,4.69,63,0.0,1016.0,978.7,,22.5,0.165,27.9,10906X0039/C2-1
1671,2021-07-30,2.685378283,42.685696389,3,30.1,21.1,27.2,20.0,2021-07-30T03:08,2021-07-30T15:22,44054.39,28254.76,,,0.0,0.0,0.0,0.0,0.0,,16.9,6.06,94,15.6,6.06,58,0.0,1016.6,979.4,,25.2,0.164,28.0,10906X0039/C2-1
1672,2021-07-31,2.685378283,42.685696389,3,31.1,20.0,28.2,19.5,2021-07-31T03:08,2021-07-31T15:22,44047.58,29716.82,,,0.0,0.0,0.0,0.0,0.0,,18.86,6.3,60,15.1,6.3,56,0.0,1016.7,979.5,,23.3,0.163,28.1,10906X0039/C2-1
1673,2021-08-01,2.685378283,42.685696389,51,29.0,21.5,27.8,21.3,2021-08-01T03:08,2021-08-01T15:22,44040.63,26614.69,,,1.2,0.0,0.0,1.2,7.0,,14.06,4.18,86,18.5,4.18,72,0.0,1016.9,979.5,,23.8,0.163,28.0,10906X0039/C2-1
1674,2021-08-02,2.685378283,42.685696389,51,29.1,21.4,28.0,22.0,2021-08-02T03:08,2021-08-02T15:22,44033.56,35507.33,,,0.5,0.0,0.0,0.5,5.0,,15.66,4.65,80,18.1,4.65,69,0.0,1017.2,979.8,,22.4,0.163,28.0,10906X0039/C2-1
1675,2021-08-03,2.685378283,42.685696389,3,28.8,21.1,27.5,21.8,2021-08-03T03:08,2021-08-03T15:22,44026.38,25229.27,,,0.0,0.0,0.0,0.0,0.0,,11.99,4.11,92,17.7,4.11,68,0.0,1017.7,980.3,,20.5,0.162,28.0,10906X0039/C2-1
1676,2021-08-04,2.685378283,42.685696389,51,31.3,20.3,29.4,21.4,2021-08-04T03:08,2021-08-04T15:22,44019.09,30987.68,,,0.3,0.0,0.0,0.3,1.0,,15.87,5.1,88,17.5,5.1,66,0.0,1018.5,981.1,,21.2,0.162,28.0,10906X0039/C2-1
1677,2021-08-05,2.685378283,42.685696389,51,30.1,20.2,28.4,21.0,2021-08-05T03:08,2021-08-05T15:21,44011.7,36540.89,,,0.2,0.0,0.0,0.2,2.0,,16.9,5.31,68,16.9,5.31,63,0.0,1018.0,980.7,,20.8,0.162,28.1,10906X0039/C2-1
1678,2021-08-06,2.685378283,42.685696389,51,30.8,20.0,29.5,21.3,2021-08-06T03:08,2021-08-06T15:21,44004.22,29627.66,,,0.1,0.0,0.0,0.1,1.0,,17.58,5.83,63,16.0,5.83,60,0.0,1016.2,979.0,,21.4,0.162,28.2,10906X0039/C2-1
1679,2021-08-07,2.685378283,42.685696389,3,31.4,19.8,28.9,20.5,2021-08-07T03:08,2021-08-07T15:21,43996.65,36360.31,,,0.0,0.0,0.0,0.0,0.0,,18.51,6.13,66,16.2,6.13,58,0.0,1015.1,978.0,,21.6,0.162,28.3,10906X0039/C2-1
1680,2021-08-08,2.685378283,42.685696389,3,33.3,20.2,31.3,21.0,2021-08-08T03:08,2021-08-08T15:21,43989.01,35907.59,,,0.0,0.0,0.0,0.0,0.0,,22.51,7.06,89,16.1,7.06,57,0.0,1014.8,977.8,,23.1,0.162,28.5,10906X0039/C2-1
1681,2021-08-09,2.685378283,42.685696389,3,31.9,21.2,30.1,21.3,2021-08-09T03:08,2021-08-09T15:21,43981.29,28542.52,,,0.0,0.0,0.0,0.0,0.0,,17.41,6.01,82,16.7,6.01,59,0.0,1014.7,977.6,,23.0,0.162,28.6,10906X0039/C2-1
1682,2021-08-10,2.685378283,42.685696389,3,31.4,20.4,30.2,21.2,2021-08-10T03:08,2021-08-10T15:21,43973.52,34131.87,,,0.0,0.0,0.0,0.0,0.0,,17.73,6.12,81,16.3,6.12,59,0.0,1014.0,977.0,,22.9,0.162,28.6,10906X0039/C2-1
1683,2021-08-11,2.685378283,42.685696389,3,32.0,20.8,29.8,21.5,2021-08-11T03:08,2021-08-11T15:20,43965.69,31979.57,,,0.0,0.0,0.0,0.0,0.0,,19.72,6.74,69,15.5,6.74,55,0.0,1014.5,977.5,,23.3,0.162,28.7,10906X0039/C2-1
1684,2021-08-12,2.685378283,42.685696389,3,32.2,21.3,30.9,21.2,2021-08-12T03:07,2021-08-12T15:20,43957.81,32504.7,,,0.0,0.0,0.0,0.0,0.0,,21.68,6.94,76,15.7,6.94,55,0.0,1014.7,977.7,,21.7,0.162,28.9,10906X0039/C2-1
1685,2021-08-13,2.685378283,42.685696389,3,32.2,20.6,30.4,21.2,2021-08-13T03:07,2021-08-13T15:20,43949.9,38394.42,,,0.0,0.0,0.0,0.0,0.0,,19.14,6.32,69,17.0,6.32,59,0.0,1014.6,977.6,,22.7,0.161,29.0,10906X0039/C2-1
1686,2021-08-14,2.685378283,42.685696389,51,32.4,22.3,31.4,22.7,2021-08-14T03:07,2021-08-14T15:20,43941.94,41222.37,,,0.3,0.0,0.0,0.3,3.0,,21.25,6.76,59,17.8,6.76,61,0.0,1014.4,977.4,,26.1,0.161,29.1,10906X0039/C2-1
1687,2021-08-15,2.685378283,42.685696389,3,31.2,21.9,31.1,21.6,2021-08-15T03:07,2021-08-15T15:19,43933.96,38129.53,,,0.0,0.0,0.0,0.0,0.0,,19.88,6.13,60,17.6,6.13,61,0.0,1015.1,978.0,,23.7,0.161,29.1,10906X0039/C2-1
1688,2021-08-16,2.685378283,42.685696389,3,30.3,21.0,27.8,20.8,2021-08-16T03:07,2021-08-16T15:19,43925.96,29919.64,,,0.0,0.0,0.0,0.0,0.0,,15.97,6.0,73,15.9,6.0,58,0.0,1015.9,978.7,,25.0,0.161,29.0,10906X0039/C2-1
1689,2021-08-17,2.685378283,42.685696389,3,31.3,20.1,28.9,21.2,2021-08-17T03:07,2021-08-17T15:19,43917.85,36622.01,,,0.0,0.0,0.0,0.0,0.0,,18.03,6.18,89,15.9,6.18,58,0.0,1015.8,978.7,,22.3,0.161,28.9,10906X0039/C2-1
1690,2021-08-18,2.685378283,42.685696389,3,31.6,20.0,29.9,21.5,2021-08-18T03:07,2021-08-18T15:19,43909.66,38539.41,,,0.0,0.0,0.0,0.0,0.0,,19.83,6.61,74,15.6,6.61,56,0.0,1013.5,976.4,,21.4,0.161,28.9,10906X0039/C2-1
1691,2021-08-19,2.685378283,42.685696389,3,34.8,19.9,32.2,20.9,2021-08-19T03:07,2021-08-19T15:18,43901.38,42572.08,,,0.0,0.0,0.0,0.0,0.0,,24.96,7.45,70,16.5,7.45,57,0.0,1011.4,974.6,,22.6,0.162,29.1,10906X0039/C2-1
1692,2021-08-20,2.685378283,42.685696389,51,32.4,22.3,32.7,23.2,2021-08-20T03:06,2021-08-20T15:18,43893.01,34505.53,,,0.9,0.0,0.0,0.9,7.0,,19.75,5.82,77,19.4,5.82,67,0.0,1011.9,975.0,,22.9,0.162,29.3,10906X0039/C2-1
1693,2021-08-21,2.685378283,42.685696389,53,31.5,22.5,32.0,23.4,2021-08-21T03:06,2021-08-21T15:18,43884.58,37871.88,,,2.1,0.0,0.0,2.1,8.0,,18.16,5.04,50,19.8,5.04,70,0.0,1012.6,975.7,,20.9,0.162,29.3,10906X0039/C2-1
1694,2021-08-22,2.685378283,42.685696389,51,32.3,22.2,33.0,23.4,2021-08-22T03:06,2021-08-22T15:17,43876.08,41154.0,,,0.7,0.0,0.0,0.7,5.0,,21.42,6.02,43,19.1,6.02,66,0.0,1013.0,976.0,,21.7,0.162,29.3,10906X0039/C2-1
1695,2021-08-23,2.685378283,42.685696389,51,32.0,21.4,30.9,22.3,2021-08-23T03:06,2021-08-23T15:17,43867.53,36224.95,,,0.7,0.0,0.0,0.7,3.0,,18.0,5.64,51,17.7,5.64,64,0.0,1012.8,975.8,,21.5,0.162,29.3,10906X0039/C2-1
1696,2021-08-24,2.685378283,42.685696389,51,30.2,21.3,29.2,21.9,2021-08-24T03:06,2021-08-24T15:17,43858.93,37994.94,,,0.4,0.0,0.0,0.4,3.0,,16.48,5.07,56,17.9,5.07,65,0.0,1013.5,976.4,,20.6,0.162,29.2,10906X0039/C2-1
1697,2021-08-25,2.685378283,42.685696389,3,33.2,20.5,31.8,21.4,2021-08-25T03:05,2021-08-25T15:16,43850.29,39953.46,,,0.0,0.0,0.0,0.0,0.0,,24.21,7.05,64,16.0,7.05,58,0.0,1012.8,975.8,,21.4,0.161,29.2,10906X0039/C2-1
1698,2021-08-26,2.685378283,42.685696389,51,33.3,21.2,30.8,21.6,2021-08-26T03:05,2021-08-26T15:16,43841.6,39600.0,,,0.1,0.0,0.0,0.1,1.0,,19.73,6.48,41,16.1,6.48,57,0.0,1012.8,975.8,,22.1,0.161,29.3,10906X0039/C2-1
1699,2021-08-27,2.685378283,42.685696389,3,33.0,20.4,31.3,20.2,2021-08-27T03:05,2021-08-27T15:15,43832.89,40871.35,,,0.0,0.0,0.0,0.0,0.0,,21.53,6.57,40,16.6,6.57,60,0.0,1013.2,976.2,,22.8,0.16,29.3,10906X0039/C2-1
1700,2021-08-28,2.685378283,42.685696389,2,33.1,19.7,30.0,19.5,2021-08-28T03:05,2021-08-28T15:15,43824.16,42496.57,,,0.0,0.0,0.0,0.0,0.0,,24.6,7.65,11,14.3,7.65,53,0.0,1011.3,974.4,,24.5,0.16,29.3,10906X0039/C2-1
1701,2021-08-29,2.685378283,42.685696389,3,33.7,20.0,31.6,20.5,2021-08-29T03:04,2021-08-29T15:15,43815.4,42485.17,,,0.0,0.0,0.0,0.0,0.0,,23.48,7.38,71,15.4,7.38,55,0.0,1009.7,972.9,,22.9,0.159,29.4,10906X0039/C2-1
1702,2021-08-30,2.685378283,42.685696389,3,34.6,20.3,31.9,20.0,2021-08-30T03:04,2021-08-30T15:14,43806.65,42710.89,,,0.0,0.0,0.0,0.0,0.0,,25.64,8.29,44,14.7,8.29,51,0.0,1009.9,973.1,,25.3,0.159,29.6,10906X0039/C2-1
1703,2021-08-31,2.685378283,42.685696389,3,35.2,21.3,33.5,21.3,2021-08-31T03:04,2021-08-31T15:14,43797.88,40915.95,,,0.0,0.0,0.0,0.0,0.0,,23.56,7.93,46,16.0,7.93,54,0.0,1010.7,973.9,,26.2,0.159,29.7,10906X0039/C2-1
1704,2021-09-01,2.685378283,42.685696389,51,32.6,21.4,32.5,21.6,2021-09-01T03:04,2021-09-01T15:14,43789.12,39600.0,,,0.2,0.0,0.0,0.2,2.0,,18.06,6.16,62,17.4,6.16,59,0.0,1012.4,975.5,,21.8,0.159,29.7,10906X0039/C2-1
1705,2021-09-02,2.685378283,42.685696389,51,32.0,21.7,33.9,23.2,2021-09-02T03:04,2021-09-02T15:13,43780.36,42754.63,,,0.4,0.0,0.0,0.4,3.0,,21.28,5.98,32,19.0,5.98,65,0.0,1012.3,975.4,,20.0,0.159,29.8,10906X0039/C2-1
1706,2021-09-03,2.685378283,42.685696389,51,30.1,22.0,29.3,22.5,2021-09-03T03:03,2021-09-03T15:13,43771.62,35892.2,,,0.1,0.0,0.0,0.1,1.0,,17.82,5.66,60,17.2,5.66,60,0.0,1012.8,975.8,,20.5,0.159,29.7,10906X0039/C2-1
1707,2021-09-04,2.685378283,42.685696389,51,31.9,20.9,31.5,21.7,2021-09-04T03:03,2021-09-04T15:12,43762.89,37748.83,,,0.9,0.0,0.0,0.9,7.0,,19.03,5.78,68,17.7,5.78,64,0.0,1013.3,976.2,,21.9,0.159,29.5,10906X0039/C2-1
1708,2021-09-05,2.685378283,42.685696389,51,31.1,20.8,29.9,22.2,2021-09-05T03:03,2021-09-05T15:12,43754.18,40310.31,,,0.1,0.0,0.0,0.1,1.0,,18.89,5.7,72,17.6,5.7,63,0.0,1014.1,977.0,,20.3,0.16,29.4,10906X0039/C2-1
1709,2021-09-06,2.685378283,42.685696389,3,32.1,21.6,30.9,22.8,2021-09-06T03:03,2021-09-06T15:12,43745.42,33381.6,,,0.0,0.0,0.0,0.0,0.0,,18.63,6.03,69,17.4,6.03,61,0.0,1014.3,977.3,,21.3,0.159,29.5,10906X0039/C2-1
1710,2021-09-07,2.685378283,42.685696389,51,32.2,22.0,33.1,22.9,2021-09-07T03:02,2021-09-07T15:11,43736.62,41803.94,,,0.7,0.0,0.0,0.7,3.0,,19.78,6.02,77,18.2,6.02,63,0.0,1013.8,976.8,,21.6,0.16,29.5,10906X0039/C2-1
1711,2021-09-08,2.685378283,42.685696389,3,33.0,21.4,31.4,22.0,2021-09-08T03:02,2021-09-08T15:11,43727.78,38731.76,,,0.0,0.0,0.0,0.0,0.0,,22.4,6.83,53,16.8,6.83,59,0.0,1013.9,976.9,,22.6,0.159,29.6,10906X0039/C2-1
1712,2021-09-09,2.685378283,42.685696389,51,32.6,20.8,33.6,22.1,2021-09-09T03:02,2021-09-09T15:10,43718.9,41660.76,,,0.5,0.0,0.0,0.5,3.0,,19.65,5.68,81,18.6,5.68,66,0.0,1015.0,977.9,,20.8,0.159,29.6,10906X0039/C2-1
1713,2021-09-10,2.685378283,42.685696389,3,33.0,21.7,31.4,22.1,2021-09-10T03:01,2021-09-10T15:10,43709.99,42586.58,,,0.0,0.0,0.0,0.0,0.0,,24.02,7.56,59,16.1,7.56,56,0.0,1015.6,978.6,,23.7,0.158,29.7,10906X0039/C2-1
1714,2021-09-11,2.685378283,42.685696389,3,34.3,20.8,32.4,20.9,2021-09-11T03:01,2021-09-11T15:10,43701.05,41799.41,,,0.0,0.0,0.0,0.0,0.0,,25.1,7.68,79,16.5,7.68,58,0.0,1014.9,977.9,,25.2,0.158,29.9,10906X0039/C2-1
1715,2021-09-12,2.685378283,42.685696389,61,23.1,21.2,24.6,21.9,2021-09-12T03:01,2021-09-12T15:09,43692.1,0.0,,,11.3,0.0,0.0,11.3,15.0,,4.16,1.26,93,20.0,1.26,88,0.0,1015.8,978.2,,17.1,0.16,29.1,10906X0039/C2-1
1716,2021-09-13,2.685378283,42.685696389,51,29.5,20.7,28.3,21.3,2021-09-13T03:01,2021-09-13T15:09,43683.14,38171.82,,,0.7,0.0,0.0,0.7,4.0,,17.9,4.92,71,17.9,4.92,68,0.0,1014.4,977.2,,19.6,0.163,28.7,10906X0039/C2-1
1717,2021-09-14,2.685378283,42.685696389,51,30.6,19.0,29.8,20.7,2021-09-14T03:00,2021-09-14T15:08,43674.17,34195.83,,,0.3,0.0,0.0,0.3,3.0,,16.78,4.93,84,18.0,4.93,68,0.0,1013.7,976.6,,19.6,0.163,28.6,10906X0039/C2-1
1718,2021-09-15,2.685378283,42.685696389,3,32.9,20.9,32.2,22.6,2021-09-15T03:00,2021-09-15T15:08,43665.2,39994.86,,,0.0,0.0,0.0,0.0,0.0,,24.1,6.73,64,17.6,6.73,63,0.0,1012.8,975.9,,20.9,0.162,28.8,10906X0039/C2-1
1719,2021-09-16,2.685378283,42.685696389,51,32.9,21.7,34.6,23.0,2021-09-16T03:00,2021-09-16T15:07,43656.24,32537.71,,,0.2,0.0,0.0,0.2,2.0,,19.07,5.62,72,19.4,5.62,67,0.0,1011.7,974.8,,20.7,0.161,29.0,10906X0039/C2-1
1720,2021-09-17,2.685378283,42.685696389,3,33.9,21.0,33.6,22.6,2021-09-17T02:59,2021-09-17T15:07,43647.3,42053.02,,,0.0,0.0,0.0,0.0,0.0,,25.36,6.94,59,17.4,6.94,60,0.0,1010.6,973.8,,19.2,0.16,29.3,10906X0039/C2-1
1721,2021-09-18,2.685378283,42.685696389,3,34.6,21.5,33.7,22.4,2021-09-18T02:59,2021-09-18T15:06,43638.36,43018.31,,,0.0,0.0,0.0,0.0,0.0,,25.22,7.15,33,17.3,7.15,59,0.0,1011.6,974.8,,20.5,0.16,29.5,10906X0039/C2-1
1722,2021-09-19,2.685378283,42.685696389,3,32.9,21.4,31.5,21.9,2021-09-19T02:59,2021-09-19T15:06,43629.46,42781.96,,,0.0,0.0,0.0,0.0,0.0,,19.83,6.6,34,17.2,6.6,59,0.0,1012.5,975.7,,23.8,0.161,29.6,10906X0039/C2-1
1723,2021-09-20,2.685378283,42.685696389,51,33.0,21.6,31.6,22.3,2021-09-20T02:59,2021-09-20T15:06,43620.58,35366.47,,,0.1,0.0,0.0,0.1,1.0,,19.22,6.57,47,16.4,6.57,57,0.0,1013.0,976.1,,22.4,0.161,29.5,10906X0039/C2-1
1724,2021-09-21,2.685378283,42.685696389,3,34.6,21.1,33.8,22.1,2021-09-21T02:58,2021-09-21T15:05,43611.73,42310.25,,,0.0,0.0,0.0,0.0,0.0,,23.42,7.32,49,16.6,7.32,57,0.0,1013.4,976.5,,22.9,0.16,29.7,10906X0039/C2-1
1725,2021-09-22,2.685378283,42.685696389,51,34.3,20.7,33.9,22.1,2021-09-22T02:58,2021-09-22T15:05,43602.92,43086.16,,,0.1,0.0,0.0,0.1,1.0,,24.56,7.08,47,18.5,7.08,62,0.0,1013.2,976.3,,21.8,0.16,29.9,10906X0039/C2-1
1726,2021-09-23,2.685378283,42.685696389,51,33.2,22.4,34.5,23.1,2021-09-23T02:58,2021-09-23T15:04,43594.16,43102.32,,,0.2,0.0,0.0,0.2,2.0,,21.87,6.37,43,19.0,6.37,64,0.0,1013.0,976.1,,21.9,0.16,30.0,10906X0039/C2-1
1727,2021-09-24,2.685378283,42.685696389,3,31.4,21.6,29.7,22.9,2021-09-24T02:57,2021-09-24T15:04,43585.46,40199.33,,,0.0,0.0,0.0,0.0,0.0,,19.06,6.31,86,16.7,6.31,57,0.0,1013.8,976.8,,21.3,0.16,29.9,10906X0039/C2-1
1728,2021-09-25,2.685378283,42.685696389,51,33.1,20.8,31.7,21.6,2021-09-25T02:57,2021-09-25T15:04,43576.78,43133.3,,,0.2,0.0,0.0,0.2,2.0,,21.2,6.36,48,17.4,6.36,60,0.0,1014.4,977.4,,19.3,0.16,29.9,10906X0039/C2-1
1729,2021-09-26,2.685378283,42.685696389,2,33.3,22.3,33.1,22.7,2021-09-26T02:57,2021-09-26T15:03,43568.1,43148.48,,,0.0,0.0,0.0,0.0,0.0,,21.83,6.8,25,17.7,6.8,59,0.0,1013.0,976.1,,22.0,0.158,30.1,10906X0039/C2-1
1730,2021-09-27,2.685378283,42.685696389,3,34.5,21.2,32.9,21.9,2021-09-27T02:57,2021-09-27T15:03,43559.4,43150.62,,,0.0,0.0,0.0,0.0,0.0,,25.75,7.79,39,16.0,7.79,54,0.0,1011.7,974.9,,21.8,0.158,30.2,10906X0039/C2-1
1731,2021-09-28,2.685378283,42.685696389,3,34.3,21.1,33.9,21.5,2021-09-28T02:56,2021-09-28T15:02,43550.69,43141.79,,,0.0,0.0,0.0,0.0,0.0,,24.87,7.49,53,17.5,7.49,58,0.0,1011.2,974.5,,23.3,0.158,30.3,10906X0039/C2-1
1732,2021-09-29,2.685378283,42.685696389,3,35.5,22.4,35.2,23.7,2021-09-29T02:56,2021-09-29T15:02,43541.96,40744.21,,,0.0,0.0,0.0,0.0,0.0,,23.17,7.15,42,18.1,7.15,59,0.0,1011.1,974.4,,22.3,0.158,30.5,10906X0039/C2-1
1733,2021-09-30,2.685378283,42.685696389,3,34.5,22.2,34.3,23.4,2021-09-30T02:56,2021-09-30T15:02,43533.24,43114.23,,,0.0,0.0,0.0,0.0,0.0,,24.69,7.28,38,18.2,7.28,59,0.0,1011.4,974.7,,20.6,0.158,30.6,10906X0039/C2-1
1734,2021-10-01,2.685378283,42.685696389,51,32.8,22.9,33.6,24.0,2021-10-01T02:56,2021-10-01T15:01,43524.52,43090.15,,,1.7,0.0,0.0,1.7,8.0,,20.77,5.99,82,19.3,5.99,65,0.0,1011.5,974.7,,20.2,0.159,30.6,10906X0039/C2-1
1735,2021-10-02,2.685378283,42.685696389,3,34.7,22.2,35.1,23.3,2021-10-02T02:55,2021-10-02T15:01,43515.81,40641.67,,,0.0,0.0,0.0,0.0,0.0,,22.74,6.91,55,17.2,6.91,57,0.0,1010.7,974.0,,19.7,0.159,30.5,10906X0039/C2-1
1736,2021-10-03,2.685378283,42.685696389,3,34.9,21.7,35.0,23.2,2021-10-03T02:55,2021-10-03T15:00,43507.12,43042.54,,,0.0,0.0,0.0,0.0,0.0,,25.2,7.11,37,17.6,7.11,59,0.0,1011.0,974.3,,19.1,0.158,30.6,10906X0039/C2-1
1737,2021-10-04,2.685378283,42.685696389,3,35.2,22.5,36.4,23.9,2021-10-04T02:55,2021-10-04T15:00,43498.45,43019.12,,,0.0,0.0,0.0,0.0,0.0,,23.88,6.99,88,18.4,6.99,59,0.0,1011.0,974.4,,18.8,0.158,30.8,10906X0039/C2-1
1738,2021-10-05,2.685378283,42.685696389,51,35.2,22.6,34.5,24.0,2021-10-05T02:55,2021-10-05T15:00,43489.8,42996.05,,,0.1,0.0,0.0,0.1,1.0,,21.93,6.52,63,17.9,6.52,58,0.0,1011.2,974.5,,19.0,0.158,30.9,10906X0039/C2-1
1739,2021-10-06,2.685378283,42.685696389,3,34.2,22.2,33.3,23.5,2021-10-06T02:54,2021-10-06T14:59,43481.2,42973.37,,,0.0,0.0,0.0,0.0,0.0,,23.86,7.32,50,16.6,7.32,55,0.0,1010.8,974.1,,20.5,0.158,30.9,10906X0039/C2-1
1740,2021-10-07,2.685378283,42.685696389,2,35.4,22.1,34.1,23.1,2021-10-07T02:54,2021-10-07T14:59,43472.63,42951.15,,,0.0,0.0,0.0,0.0,0.0,,25.3,7.75,37,16.3,7.75,53,0.0,1010.7,974.0,,21.0,0.157,31.0,10906X0039/C2-1
1741,2021-10-08,2.685378283,42.685696389,2,35.7,21.6,34.5,22.5,2021-10-08T02:54,2021-10-08T14:58,43464.11,42929.46,,,0.0,0.0,0.0,0.0,0.0,,26.03,8.1,11,16.2,8.1,52,0.0,1010.2,973.6,,22.3,0.157,31.1,10906X0039/C2-1
1742,2021-10-09,2.685378283,42.685696389,2,35.4,22.0,34.5,22.4,2021-10-09T02:54,2021-10-09T14:58,43455.64,42331.09,,,0.0,0.0,0.0,0.0,0.0,,23.3,7.39,20,17.4,7.39,56,0.0,1011.2,974.6,,22.1,0.157,31.1,10906X0039/C2-1
1743,2021-10-10,2.685378283,42.685696389,51,34.7,22.5,35.0,24.2,2021-10-10T02:54,2021-10-10T14:58,43447.23,39420.46,,,0.1,0.0,0.0,0.1,1.0,,19.8,6.4,50,18.4,6.4,59,0.0,1011.8,975.1,,19.3,0.157,31.2,10906X0039/C2-1
1744,2021-10-11,2.685378283,42.685696389,51,33.9,23.6,35.1,24.7,2021-10-11T02:53,2021-10-11T14:57,43438.88,42616.07,,,0.1,0.0,0.0,0.1,1.0,,19.75,6.02,78,19.5,6.02,63,0.0,1012.2,975.4,,20.3,0.157,31.2,10906X0039/C2-1
1745,2021-10-12,2.685378283,42.685696389,3,32.3,22.9,31.5,23.7,2021-10-12T02:53,2021-10-12T14:57,43430.6,37759.26,,,0.0,0.0,0.0,0.0,0.0,,17.56,5.68,85,18.1,5.68,61,0.0,1012.3,975.4,,19.3,0.156,31.0,10906X0039/C2-1
1746,2021-10-13,2.685378283,42.685696389,51,34.6,22.3,34.7,24.1,2021-10-13T02:53,2021-10-13T14:57,43422.39,42830.86,,,0.6,0.0,0.0,0.6,3.0,,23.25,6.86,87,17.1,6.86,56,0.0,1012.5,975.7,,17.3,0.155,31.1,10906X0039/C2-1
1747,2021-10-14,2.685378283,42.685696389,51,35.3,21.8,36.6,23.1,2021-10-14T02:53,2021-10-14T14:57,43414.27,42813.53,,,0.1,0.0,0.0,0.1,1.0,,24.97,7.04,39,16.8,7.04,54,0.0,1012.0,975.3,,16.5,0.156,31.4,10906X0039/C2-1
1748,2021-10-15,2.685378283,42.685696389,3,35.6,21.8,37.1,23.4,2021-10-15T02:53,2021-10-15T14:56,43406.23,42797.02,,,0.0,0.0,0.0,0.0,0.0,,23.89,7.06,43,17.7,7.06,56,0.0,1011.0,974.4,,18.1,0.156,31.5,10906X0039/C2-1
1749,2021-10-16,2.685378283,42.685696389,3,33.9,23.2,35.5,24.4,2021-10-16T02:53,2021-10-16T14:56,43398.2,42780.86,,,0.0,0.0,0.0,0.0,0.0,,21.62,6.19,54,18.3,6.19,57,0.0,1010.2,973.6,,16.6,0.156,31.5,10906X0039/C2-1
1750,2021-10-17,2.685378283,42.685696389,3,34.8,22.4,36.1,23.7,2021-10-17T02:53,2021-10-17T14:56,43390.17,30740.25,,,0.0,0.0,0.0,0.0,0.0,,18.82,5.75,69,18.5,5.75,60,0.0,1010.2,973.5,,17.5,0.156,31.5,10906X0039/C2-1
1751,2021-10-18,2.685378283,42.685696389,3,33.8,23.2,35.5,24.2,2021-10-18T02:52,2021-10-18T14:55,43382.15,33048.24,,,0.0,0.0,0.0,0.0,0.0,,18.35,5.6,85,18.8,5.6,61,0.0,1010.9,974.2,,17.7,0.156,31.4,10906X0039/C2-1
1752,2021-10-19,2.685378283,42.685696389,51,34.6,22.5,36.6,24.2,2021-10-19T02:52,2021-10-19T14:55,43374.16,39134.66,,,0.4,0.0,0.0,0.4,3.0,,18.86,5.59,71,19.0,5.59,62,0.0,1012.5,975.7,,17.1,0.156,31.4,10906X0039/C2-1
1753,2021-10-20,2.685378283,42.685696389,53,33.2,22.7,34.7,24.5,2021-10-20T02:52,2021-10-20T14:55,43366.2,35442.91,,,2.1,0.0,0.0,2.1,10.0,,18.39,4.97,78,19.6,4.97,68,0.0,1013.6,976.6,,15.9,0.155,31.2,10906X0039/C2-1
1754,2021-10-21,2.685378283,42.685696389,53,31.7,23.2,33.2,25.0,2021-10-21T02:52,2021-10-21T14:55,43358.27,36402.44,,,2.9,0.0,0.0,2.9,7.0,,17.88,4.53,97,19.9,4.53,70,0.0,1013.6,976.6,,14.0,0.156,31.0,10906X0039/C2-1
1755,2021-10-22,2.685378283,42.685696389,53,32.7,22.8,35.6,24.7,2021-10-22T02:52,2021-10-22T14:55,43350.38,33969.41,,,1.0,0.0,0.0,1.0,4.0,,17.0,4.53,90,19.9,4.53,70,0.0,1013.4,976.4,,15.2,0.155,30.9,10906X0039/C2-1
1756,2021-10-23,2.685378283,42.685696389,55,33.1,22.6,36.8,24.9,2021-10-23T02:52,2021-10-23T14:54,43342.54,28896.12,,,1.5,0.0,0.0,1.5,2.0,,17.87,4.24,55,20.5,4.24,74,0.0,1013.7,976.7,,11.5,0.162,30.6,10906X0039/C2-1
1757,2021-10-24,2.685378283,42.685696389,51,32.9,21.9,37.1,24.4,2021-10-24T02:52,2021-10-24T14:54,43334.75,39336.34,,,0.2,0.0,0.0,0.2,2.0,,22.67,5.41,43,20.8,5.41,71,0.0,1012.6,975.7,,13.9,0.166,30.4,10906X0039/C2-1
1758,2021-10-25,2.685378283,42.685696389,53,31.0,22.3,32.8,24.2,2021-10-25T02:52,2021-10-25T14:54,43327.02,36143.52,,,0.7,0.0,0.0,0.7,3.0,,14.73,3.79,63,20.2,3.79,72,0.0,1013.4,976.4,,13.8,0.165,30.2,10906X0039/C2-1
1759,2021-10-26,2.685378283,42.685696389,3,32.8,21.3,36.4,24.2,2021-10-26T02:52,2021-10-26T14:54,43319.37,39726.67,,,0.0,0.0,0.0,0.0,0.0,,22.65,5.46,33,19.8,5.46,68,0.0,1013.7,976.7,,12.3,0.164,30.1,10906X0039/C2-1
1760,2021-10-27,2.685378283,42.685696389,3,33.5,21.9,35.8,24.0,2021-10-27T02:52,2021-10-27T14:54,43311.78,42635.35,,,0.0,0.0,0.0,0.0,0.0,,23.97,5.93,23,19.2,5.93,66,0.0,1013.5,976.6,,14.1,0.164,30.2,10906X0039/C2-1
1761,2021-10-28,2.685378283,42.685696389,51,32.6,22.2,35.7,25.1,2021-10-28T02:52,2021-10-28T14:53,43304.27,42352.23,,,0.7,0.0,0.0,0.7,5.0,,20.62,4.99,48,20.0,4.99,69,0.0,1012.3,975.4,,11.9,0.165,30.1,10906X0039/C2-1
1762,2021-10-29,2.685378283,42.685696389,51,32.6,22.3,35.8,24.1,2021-10-29T02:52,2021-10-29T14:53,43296.85,39017.75,,,0.6,0.0,0.0,0.6,3.0,,23.93,5.49,36,18.7,5.49,63,0.0,1011.7,974.8,,10.1,0.164,30.2,10906X0039/C2-1
1763,2021-10-30,2.685378283,42.685696389,51,33.5,22.5,36.4,24.8,2021-10-30T02:52,2021-10-30T14:53,43289.53,42610.26,,,0.4,0.0,0.0,0.4,2.0,,23.53,6.04,74,18.7,6.04,61,0.0,1011.6,974.9,,11.7,0.162,30.3,10906X0039/C2-1
1764,2021-10-31,2.685378283,42.685696389,51,33.7,21.8,35.3,23.3,2021-10-31T02:52,2021-10-31T14:53,43282.31,42603.71,,,0.1,0.0,0.0,0.1,1.0,,22.87,6.41,15,18.2,6.41,59,0.0,1012.6,975.8,,16.9,0.161,30.4,10906X0039/C2-1
1765,2021-11-01,2.685378283,42.685696389,3,34.3,22.1,35.5,22.5,2021-11-01T02:52,2021-11-01T14:53,43275.21,42598.12,,,0.0,0.0,0.0,0.0,0.0,,24.3,6.98,12,18.3,6.98,58,0.0,1011.5,974.8,,19.0,0.161,30.6,10906X0039/C2-1
1766,2021-11-02,2.685378283,42.685696389,53,33.3,22.6,36.3,24.4,2021-11-02T02:52,2021-11-02T14:53,43268.21,35393.55,,,1.2,0.0,0.0,1.2,5.0,,16.72,4.91,31,19.2,4.91,63,0.0,1011.7,974.9,,15.3,0.162,30.6,10906X0039/C2-1
1767,2021-11-03,2.685378283,42.685696389,51,34.9,22.2,37.3,24.2,2021-11-03T02:52,2021-11-03T14:53,43261.34,42563.89,,,0.2,0.0,0.0,0.2,2.0,,21.86,6.02,42,18.6,6.02,59,0.0,1011.9,975.2,,15.3,0.162,30.7,10906X0039/C2-1
1768,2021-11-04,2.685378283,42.685696389,3,34.3,21.7,37.6,24.0,2021-11-04T02:52,2021-11-04T14:53,43254.59,39160.59,,,0.0,0.0,0.0,0.0,0.0,,20.19,5.33,25,18.3,5.33,59,0.0,1012.0,975.3,,11.6,0.162,30.8,10906X0039/C2-1
1769,2021-11-05,2.685378283,42.685696389,3,35.2,22.5,38.4,24.7,2021-11-05T02:52,2021-11-05T14:53,43247.89,37758.86,,,0.0,0.0,0.0,0.0,0.0,,19.76,5.43,31,18.8,5.43,60,0.0,1011.4,974.7,,12.9,0.162,30.8,10906X0039/C2-1
1770,2021-11-06,2.685378283,42.685696389,3,34.8,22.2,37.8,24.4,2021-11-06T02:52,2021-11-06T14:53,43241.24,42585.27,,,0.0,0.0,0.0,0.0,0.0,,22.93,6.07,30,19.1,6.07,61,0.0,1011.0,974.3,,14.1,0.162,31.0,10906X0039/C2-1
1771,2021-11-07,2.685378283,42.685696389,51,34.3,22.5,37.6,25.0,2021-11-07T02:52,2021-11-07T14:53,43234.66,41875.69,,,0.6,0.0,0.0,0.6,3.0,,23.01,5.77,37,19.4,5.77,63,0.0,1010.0,973.3,,13.3,0.162,31.2,10906X0039/C2-1
1772,2021-11-08,2.685378283,42.685696389,51,34.8,22.3,37.9,24.7,2021-11-08T02:52,2021-11-08T14:53,43228.13,35792.81,,,0.3,0.0,0.0,0.3,2.0,,20.46,5.49,67,19.3,5.49,62,0.0,1010.1,973.5,,13.3,0.162,31.2,10906X0039/C2-1
1773,2021-11-09,2.685378283,42.685696389,51,35.2,21.7,37.2,24.8,2021-11-09T02:52,2021-11-09T14:53,43221.68,42588.25,,,0.1,0.0,0.0,0.1,1.0,,23.31,6.04,45,18.1,6.04,59,0.0,1011.7,975.0,,12.6,0.161,31.2,10906X0039/C2-1
1774,2021-11-10,2.685378283,42.685696389,51,34.3,22.8,36.6,25.0,2021-11-10T02:53,2021-11-10T14:53,43215.3,41962.64,,,0.3,0.0,0.0,0.3,2.0,,21.79,5.85,30,18.0,5.85,57,0.0,1012.0,975.3,,13.0,0.16,31.4,10906X0039/C2-1
1775,2021-11-11,2.685378283,42.685696389,3,35.8,22.6,37.9,25.2,2021-11-11T02:53,2021-11-11T14:53,43209.0,38994.46,,,0.0,0.0,0.0,0.0,0.0,,23.01,6.44,82,17.8,6.44,56,0.0,1010.3,973.7,,14.2,0.163,31.6,10906X0039/C2-1
1776,2021-11-12,2.685378283,42.685696389,3,35.6,23.8,37.8,26.0,2021-11-12T02:53,2021-11-12T14:53,43202.8,40496.47,,,0.0,0.0,0.0,0.0,0.0,,23.19,6.53,97,18.3,6.53,55,0.0,1010.4,973.9,,14.4,0.167,31.9,10906X0039/C2-1
1777,2021-11-13,2.685378283,42.685696389,51,34.7,23.4,37.2,25.2,2021-11-13T02:53,2021-11-13T14:53,43196.7,42604.01,,,0.2,0.0,0.0,0.2,2.0,,22.14,6.32,42,18.8,6.32,59,0.0,1011.3,974.7,,15.7,0.169,31.9,10906X0039/C2-1
1778,2021-11-14,2.685378283,42.685696389,51,33.2,23.0,34.4,25.4,2021-11-14T02:53,2021-11-14T14:53,43190.7,36865.73,,,0.4,0.0,0.0,0.4,3.0,,15.13,4.6,72,19.3,4.6,62,0.0,1012.0,975.3,,14.5,0.172,31.8,10906X0039/C2-1
1779,2021-11-15,2.685378283,42.685696389,51,33.3,22.6,35.7,25.0,2021-11-15T02:54,2021-11-15T14:53,43184.81,41986.44,,,0.4,0.0,0.0,0.4,2.0,,21.74,5.77,41,19.2,5.77,61,0.0,1011.5,974.7,,13.6,0.172,31.7,10906X0039/C2-1
1780,2021-11-16,2.685378283,42.685696389,51,34.4,22.6,37.7,24.9,2021-11-16T02:54,2021-11-16T14:53,43179.05,39450.62,,,0.2,0.0,0.0,0.2,2.0,,20.74,5.54,50,19.2,5.54,61,0.0,1010.1,973.5,,12.8,0.173,31.7,10906X0039/C2-1
1781,2021-11-17,2.685378283,42.685696389,51,34.1,22.7,36.9,24.9,2021-11-17T02:54,2021-11-17T14:54,43173.42,34585.39,,,0.1,0.0,0.0,0.1,1.0,,19.32,5.32,72,19.1,5.32,61,0.0,1010.7,974.0,,12.9,0.174,31.6,10906X0039/C2-1
1782,2021-11-18,2.685378283,42.685696389,3,34.3,23.0,37.8,24.8,2021-11-18T02:54,2021-11-18T14:54,43167.92,42642.17,,,0.0,0.0,0.0,0.0,0.0,,22.88,5.72,23,18.5,5.72,57,0.0,1011.5,974.9,,11.0,0.175,31.8,10906X0039/C2-1
1783,2021-11-19,2.685378283,42.685696389,3,35.0,22.8,37.5,24.7,2021-11-19T02:54,2021-11-19T14:54,43162.56,42652.22,,,0.0,0.0,0.0,0.0,0.0,,23.04,5.6,19,18.5,5.6,57,0.0,1010.3,973.8,,11.0,0.172,32.0,10906X0039/C2-1
1784,2021-11-20,2.685378283,42.685696389,51,35.1,22.7,38.3,24.9,2021-11-20T02:55,2021-11-20T14:54,43157.36,42663.06,,,0.1,0.0,0.0,0.1,1.0,,23.33,5.93,39,19.0,5.93,59,0.0,1009.4,972.9,,12.3,0.172,32.2,10906X0039/C2-1
1785,2021-11-21,2.685378283,42.685696389,3,35.3,22.7,38.2,24.7,2021-11-21T02:55,2021-11-21T14:54,43152.31,42674.7,,,0.0,0.0,0.0,0.0,0.0,,23.2,6.19,29,17.7,6.19,56,0.0,1009.7,973.2,,13.0,0.173,32.3,10906X0039/C2-1
1786,2021-11-22,2.685378283,42.685696389,3,34.5,22.2,37.6,24.7,2021-11-22T02:55,2021-11-22T14:54,43147.43,42687.12,,,0.0,0.0,0.0,0.0,0.0,,23.15,5.67,72,17.2,5.67,54,0.0,1010.9,974.2,,10.4,0.172,32.4,10906X0039/C2-1
1787,2021-11-23,2.685378283,42.685696389,51,34.3,22.5,36.3,24.4,2021-11-23T02:56,2021-11-23T14:55,43142.73,42700.32,,,0.2,0.0,0.0,0.2,2.0,,21.32,5.58,66,17.0,5.58,54,0.0,1011.0,974.4,,11.0,0.171,32.4,10906X0039/C2-1
1788,2021-11-24,2.685378283,42.685696389,0,35.8,22.4,38.0,24.3,2021-11-24T02:56,2021-11-24T14:55,43138.19,42714.39,,,0.0,0.0,0.0,0.0,0.0,,23.46,6.11,5,16.2,6.11,50,0.0,1009.1,972.6,,10.5,0.171,32.5,10906X0039/C2-1
1789,2021-11-25,2.685378283,42.685696389,3,36.7,22.9,37.9,23.8,2021-11-25T02:56,2021-11-25T14:55,43133.78,42714.08,,,0.0,0.0,0.0,0.0,0.0,,22.41,6.37,44,17.1,6.37,51,0.0,1008.6,972.2,,14.1,0.17,32.6,10906X0039/C2-1
1790,2021-11-26,2.685378283,42.685696389,63,33.0,22.3,34.8,25.4,2021-11-26T02:57,2021-11-26T14:55,43129.48,38519.1,,,6.8,0.0,0.0,6.8,12.0,,17.6,4.51,99,20.5,4.51,72,0.0,1012.0,975.1,,14.2,0.173,32.2,10906X0039/C2-1
1791,2021-11-27,2.685378283,42.685696389,61,28.5,22.1,31.2,25.2,2021-11-27T02:57,2021-11-27T14:56,43125.31,24335.76,,,3.8,0.0,0.0,3.8,9.0,,13.19,2.93,86,21.0,2.93,80,0.0,1013.0,975.9,,9.8,0.177,31.4,10906X0039/C2-1
1792,2021-11-28,2.685378283,42.685696389,63,29.6,21.4,31.5,24.8,2021-11-28T02:57,2021-11-28T14:56,43121.26,39028.72,,,3.9,0.0,0.0,3.9,4.0,,15.41,3.31,56,20.8,3.31,79,0.0,1012.7,975.6,,8.5,0.175,30.8,10906X0039/C2-1
1793,2021-11-29,2.685378283,42.685696389,61,30.0,22.0,31.6,24.6,2021-11-29T02:58,2021-11-29T14:56,43117.33,35884.28,,,4.1,0.0,0.0,4.1,8.0,,14.44,3.31,49,21.0,3.31,80,0.0,1012.2,975.1,,11.0,0.174,30.4,10906X0039/C2-1
1794,2021-11-30,2.685378283,42.685696389,3,32.8,21.8,33.7,23.1,2021-11-30T02:58,2021-11-30T14:57,43113.55,40717.78,,,0.0,0.0,0.0,0.0,0.0,,23.04,5.56,90,17.9,5.56,63,0.0,1011.7,974.8,,11.2,0.172,30.3,10906X0039/C2-1
1795,2021-12-01,2.685378283,42.685696389,3,33.2,21.3,34.4,22.2,2021-12-01T02:59,2021-12-01T14:57,43109.9,42689.55,,,0.0,0.0,0.0,0.0,0.0,,23.24,5.73,76,16.4,5.73,58,0.0,1011.4,974.5,,12.2,0.168,30.3,10906X0039/C2-1
1796,2021-12-02,2.685378283,42.685696389,3,33.1,22.8,34.7,24.5,2021-12-02T02:59,2021-12-02T14:57,43106.4,42685.88,,,0.0,0.0,0.0,0.0,0.0,,20.52,5.6,44,18.2,5.6,61,0.0,1011.7,974.9,,14.4,0.163,30.3,10906X0039/C2-1
1797,2021-12-03,2.685378283,42.685696389,3,33.6,22.7,35.6,24.8,2021-12-03T02:59,2021-12-03T14:58,43103.05,40580.86,,,0.0,0.0,0.0,0.0,0.0,,21.54,5.7,29,18.6,5.7,62,0.0,1012.5,975.7,,13.7,0.161,30.4,10906X0039/C2-1
1798,2021-12-04,2.685378283,42.685696389,51,33.9,22.2,35.3,24.9,2021-12-04T03:00,2021-12-04T14:58,43099.86,42678.94,,,0.1,0.0,0.0,0.1,1.0,,22.33,5.81,24,18.3,5.81,60,0.0,1013.0,976.2,,13.7,0.16,30.6,10906X0039/C2-1
1799,2021-12-05,2.685378283,42.685696389,3,35.4,22.2,35.2,23.8,2021-12-05T03:00,2021-12-05T14:59,43096.83,40673.02,,,0.0,0.0,0.0,0.0,0.0,,22.02,6.48,35,16.4,6.48,54,0.0,1012.7,976.0,,15.4,0.159,30.8,10906X0039/C2-1
1800,2021-12-06,2.685378283,42.685696389,3,34.5,21.9,36.2,24.1,2021-12-06T03:01,2021-12-06T14:59,43093.96,42672.58,,,0.0,0.0,0.0,0.0,0.0,,23.07,6.05,19,16.8,6.05,54,0.0,1012.9,976.2,,11.9,0.159,31.1,10906X0039/C2-1
1801,2021-12-07,2.685378283,42.685696389,51,34.3,22.5,36.9,25.2,2021-12-07T03:01,2021-12-07T14:59,43091.26,42669.65,,,0.1,0.0,0.0,0.1,1.0,,22.36,5.93,30,18.0,5.93,57,0.0,1012.9,976.2,,12.3,0.159,31.4,10906X0039/C2-1
1802,2021-12-08,2.685378283,42.685696389,3,34.9,22.9,37.1,25.3,2021-12-08T03:02,2021-12-08T15:00,43088.74,42666.87,,,0.0,0.0,0.0,0.0,0.0,,22.93,5.99,34,16.5,5.99,51,0.0,1012.5,975.9,,10.9,0.158,31.6,10906X0039/C2-1
1803,2021-12-09,2.685378283,42.685696389,2,35.8,22.7,36.4,24.9,2021-12-09T03:02,2021-12-09T15:00,43086.4,42664.28,,,0.0,0.0,0.0,0.0,0.0,,24.33,6.16,9,15.5,6.16,50,0.0,1012.2,975.6,,11.7,0.161,31.8,10906X0039/C2-1
1804,2021-12-10,2.685378283,42.685696389,0,35.8,22.1,34.8,22.5,2021-12-10T03:03,2021-12-10T15:01,43084.25,42661.85,,,0.0,0.0,0.0,0.0,0.0,,24.8,7.27,0,11.9,7.27,41,0.0,1011.6,974.9,,13.7,0.162,31.8,10906X0039/C2-1
1805,2021-12-11,2.685378283,42.685696389,3,35.8,22.3,34.3,21.6,2021-12-11T03:03,2021-12-11T15:01,43082.29,42659.61,,,0.0,0.0,0.0,0.0,0.0,,24.4,7.87,33,12.4,7.87,39,0.0,1011.2,974.7,,16.3,0.162,31.9,10906X0039/C2-1
1806,2021-12-12,2.685378283,42.685696389,3,36.1,23.5,35.5,22.9,2021-12-12T03:04,2021-12-12T15:02,43080.52,42050.68,,,0.0,0.0,0.0,0.0,0.0,,20.22,7.3,27,14.9,7.3,44,0.0,1011.4,974.9,,17.4,0.161,32.0,10906X0039/C2-1
1807,2021-12-13,2.685378283,42.685696389,51,35.9,24.3,35.8,25.3,2021-12-13T03:04,2021-12-13T15:02,43078.96,41485.72,,,0.2,0.0,0.0,0.2,1.0,,20.6,6.55,55,16.4,6.55,49,0.0,1011.3,974.8,,14.9,0.161,32.1,10906X0039/C2-1
1808,2021-12-14,2.685378283,42.685696389,3,35.5,23.3,36.6,25.0,2021-12-14T03:04,2021-12-14T15:02,43077.6,42654.24,,,0.0,0.0,0.0,0.0,0.0,,22.16,6.51,48,17.2,6.51,52,0.0,1010.5,973.9,,13.9,0.161,32.2,10906X0039/C2-1
1809,2021-12-15,2.685378283,42.685696389,51,34.6,23.0,36.6,25.3,2021-12-15T03:05,2021-12-15T15:03,43076.42,42653.25,,,0.1,0.0,0.0,0.1,1.0,,21.83,5.99,47,17.6,5.99,54,0.0,1011.0,974.4,,12.6,0.161,32.3,10906X0039/C2-1
1810,2021-12-16,2.685378283,42.685696389,3,36.3,22.8,36.0,25.1,2021-12-16T03:05,2021-12-16T15:03,43075.42,41977.92,,,0.0,0.0,0.0,0.0,0.0,,23.32,7.69,71,15.7,7.69,48,0.0,1010.9,974.4,,16.6,0.161,32.3,10906X0039/C2-1
1811,2021-12-17,2.685378283,42.685696389,51,34.9,23.5,36.5,26.0,2021-12-17T03:06,2021-12-17T15:04,43074.61,42607.11,,,1.6,0.0,0.0,1.6,8.0,,18.61,5.38,86,19.0,5.38,61,0.0,1011.6,974.9,,12.6,0.161,32.2,10906X0039/C2-1
1812,2021-12-18,2.685378283,42.685696389,55,35.7,23.9,36.9,26.4,2021-12-18T03:06,2021-12-18T15:04,43073.98,38977.57,,,1.6,0.0,0.0,1.6,5.0,,19.9,5.59,64,19.3,5.59,61,0.0,1011.7,975.1,,12.9,0.162,32.1,10906X0039/C2-1
1813,2021-12-19,2.685378283,42.685696389,53,36.1,24.0,35.8,27.2,2021-12-19T03:07,2021-12-19T15:05,43073.52,39141.49,,,0.5,0.0,0.0,0.5,1.0,,15.68,4.93,81,19.8,4.93,62,0.0,1011.4,974.8,,12.6,0.158,32.0,10906X0039/C2-1
1814,2021-12-20,2.685378283,42.685696389,53,34.9,23.9,35.5,26.7,2021-12-20T03:07,2021-12-20T15:05,43073.24,36733.42,,,1.3,0.0,0.0,1.3,4.0,,16.07,4.65,82,20.0,4.65,65,0.0,1012.6,975.8,,11.7,0.161,31.9,10906X0039/C2-1
1815,2021-12-21,2.685378283,42.685696389,3,35.8,23.9,36.4,26.6,2021-12-21T03:08,2021-12-21T15:06,43073.14,39600.0,,,0.0,0.0,0.0,0.0,0.0,,21.01,6.13,98,18.7,6.13,57,0.0,1012.3,975.7,,13.2,0.163,31.9,10906X0039/C2-1
1816,2021-12-22,2.685378283,42.685696389,51,34.7,22.7,36.2,25.6,2021-12-22T03:08,2021-12-22T15:06,43073.23,38856.3,,,1.6,0.0,0.0,1.6,6.0,,21.56,5.52,61,18.5,5.52,58,0.0,1011.8,975.2,,10.4,0.164,31.9,10906X0039/C2-1
1817,2021-12-23,2.685378283,42.685696389,51,35.5,21.9,36.5,24.7,2021-12-23T03:09,2021-12-23T15:07,43073.49,42425.67,,,1.1,0.0,0.0,1.1,5.0,,22.58,6.41,66,18.2,6.41,57,0.0,1010.6,974.0,,13.4,0.16,31.8,10906X0039/C2-1
1818,2021-12-24,2.685378283,42.685696389,51,34.6,24.1,36.4,26.4,2021-12-24T03:09,2021-12-24T15:07,43073.93,42395.1,,,0.1,0.0,0.0,0.1,1.0,,21.29,6.11,69,19.3,6.11,59,0.0,1010.6,974.1,,14.8,0.159,31.9,10906X0039/C2-1
1819,2021-12-25,2.685378283,42.685696389,3,35.9,23.1,37.2,25.8,2021-12-25T03:10,2021-12-25T15:08,43074.54,42364.69,,,0.0,0.0,0.0,0.0,0.0,,22.38,6.52,63,17.6,6.52,54,0.0,1011.0,974.5,,13.3,0.163,32.1,10906X0039/C2-1
1820,2021-12-26,2.685378283,42.685696389,3,35.7,22.8,35.6,24.8,2021-12-26T03:10,2021-12-26T15:08,43075.33,42334.52,,,0.0,0.0,0.0,0.0,0.0,,21.47,6.49,34,16.6,6.49,51,0.0,1011.4,974.8,,13.5,0.163,32.2,10906X0039/C2-1
1821,2021-12-27,2.685378283,42.685696389,3,36.0,22.6,36.7,25.4,2021-12-27T03:11,2021-12-27T15:09,43076.3,42304.69,,,0.0,0.0,0.0,0.0,0.0,,22.63,6.92,82,17.5,6.92,53,0.0,1011.4,974.9,,14.5,0.163,32.3,10906X0039/C2-1
1822,2021-12-28,2.685378283,42.685696389,3,37.2,23.1,36.0,24.7,2021-12-28T03:11,2021-12-28T15:09,43077.44,42275.29,,,0.0,0.0,0.0,0.0,0.0,,24.63,6.97,57,12.5,6.97,43,0.0,1011.4,974.9,,11.7,0.164,32.4,10906X0039/C2-1
1823,2021-12-29,2.685378283,42.685696389,3,38.2,20.9,36.8,22.5,2021-12-29T03:12,2021-12-29T15:10,43078.76,42246.41,,,0.0,0.0,0.0,0.0,0.0,,24.69,7.26,34,11.7,7.26,43,0.0,1010.6,974.1,,12.0,0.163,32.5,10906X0039/C2-1
1824,2021-12-30,2.685378283,42.685696389,3,37.2,22.2,35.5,23.3,2021-12-30T03:12,2021-12-30T15:10,43080.26,42218.16,,,0.0,0.0,0.0,0.0,0.0,,24.0,7.47,86,12.1,7.47,41,0.0,1009.8,973.3,,14.6,0.163,32.6,10906X0039/C2-1
1825,2021-12-31,2.685378283,42.685696389,3,36.6,21.8,35.7,22.3,2021-12-31T03:13,2021-12-31T15:11,43081.92,42190.61,,,0.0,0.0,0.0,0.0,0.0,,25.04,7.85,44,12.2,7.85,42,0.0,1011.0,974.4,,16.1,0.163,32.6,10906X0039/C2-1
1826,2022-01-01,2.685378283,42.685696389,3,37.0,21.7,35.0,22.6,2022-01-01T03:13,2022-01-01T15:11,43083.76,42163.86,,,0.0,0.0,0.0,0.0,0.0,,25.33,8.08,18,11.3,8.08,40,0.0,1011.5,974.9,,15.5,0.163,32.7,10906X0039/C2-1
1827,2022-01-02,2.685378283,42.685696389,1,36.6,21.7,37.7,23.0,2022-01-02T03:14,2022-01-02T15:12,43085.77,42138.0,,,0.0,0.0,0.0,0.0,0.0,,24.8,7.45,5,14.8,7.45,48,0.0,1010.2,973.6,,15.7,0.163,32.8,10906X0039/C2-1
1828,2022-01-03,2.685378283,42.685696389,3,35.8,21.6,36.4,23.6,2022-01-03T03:14,2022-01-03T15:12,43087.96,40593.31,,,0.0,0.0,0.0,0.0,0.0,,24.31,7.22,34,15.4,7.22,49,0.0,1010.4,973.8,,15.0,0.162,32.8,10906X0039/C2-1
1829,2022-01-04,2.685378283,42.685696389,3,37.5,23.3,38.0,24.7,2022-01-04T03:14,2022-01-04T15:13,43090.34,42088.66,,,0.0,0.0,0.0,0.0,0.0,,23.38,7.31,69,15.7,7.31,47,0.0,1010.4,974.0,,14.1,0.162,33.0,10906X0039/C2-1
1830,2022-01-05,2.685378283,42.685696389,51,36.6,23.5,37.5,25.0,2022-01-05T03:15,2022-01-05T15:13,43092.93,41612.28,,,0.1,0.0,0.0,0.1,1.0,,20.24,6.55,67,18.6,6.55,56,0.0,1011.5,975.0,,18.5,0.162,33.0,10906X0039/C2-1
1831,2022-01-06,2.685378283,42.685696389,3,37.1,23.7,37.0,25.2,2022-01-06T03:15,2022-01-06T15:14,43095.71,39237.67,,,0.0,0.0,0.0,0.0,0.0,,23.21,7.85,43,15.9,7.85,47,0.0,1010.9,974.5,,17.6,0.161,33.0,10906X0039/C2-1
1832,2022-01-07,2.685378283,42.685696389,3,36.7,23.5,36.6,23.9,2022-01-07T03:16,2022-01-07T15:14,43098.67,42016.34,,,0.0,0.0,0.0,0.0,0.0,,24.02,7.9,58,15.3,7.9,46,0.0,1011.1,974.7,,18.2,0.161,33.1,10906X0039/C2-1
1833,2022-01-08,2.685378283,42.685696389,3,36.6,23.3,36.9,22.3,2022-01-08T03:16,2022-01-08T15:14,43101.82,41992.77,,,0.0,0.0,0.0,0.0,0.0,,22.45,7.16,53,15.7,7.16,46,0.0,1011.0,974.5,,17.1,0.161,33.1,10906X0039/C2-1
1834,2022-01-09,2.685378283,42.685696389,2,35.7,23.3,35.4,23.7,2022-01-09T03:16,2022-01-09T15:15,43105.15,41969.55,,,0.0,0.0,0.0,0.0,0.0,,21.95,6.88,17,15.8,6.88,47,0.0,1011.0,974.5,,15.9,0.161,33.1,10906X0039/C2-1
1835,2022-01-10,2.685378283,42.685696389,3,37.0,22.8,37.3,23.1,2022-01-10T03:17,2022-01-10T15:15,43108.64,41946.75,,,0.0,0.0,0.0,0.0,0.0,,24.36,8.14,23,15.3,8.14,46,0.0,1010.0,973.5,,19.1,0.16,33.1,10906X0039/C2-1
1836,2022-01-11,2.685378283,42.685696389,3,36.2,22.4,35.3,22.2,2022-01-11T03:17,2022-01-11T15:16,43112.3,39603.19,,,0.0,0.0,0.0,0.0,0.0,,23.99,8.04,73,14.5,8.04,45,0.0,1010.7,974.2,,19.3,0.16,33.1,10906X0039/C2-1
1837,2022-01-12,2.685378283,42.685696389,3,36.9,22.2,36.0,22.5,2022-01-12T03:18,2022-01-12T15:16,43116.13,41902.61,,,0.0,0.0,0.0,0.0,0.0,,25.29,7.98,49,13.1,7.98,42,0.0,1011.5,975.0,,16.4,0.16,33.1,10906X0039/C2-1
1838,2022-01-13,2.685378283,42.685696389,3,37.0,22.0,36.6,23.2,2022-01-13T03:18,2022-01-13T15:17,43120.1,41881.38,,,0.0,0.0,0.0,0.0,0.0,,25.22,7.65,72,14.5,7.65,47,0.0,1010.9,974.4,,16.6,0.16,33.2,10906X0039/C2-1
1839,2022-01-14,2.685378283,42.685696389,3,37.1,21.8,38.0,22.8,2022-01-14T03:18,2022-01-14T15:17,43124.22,41860.78,,,0.0,0.0,0.0,0.0,0.0,,25.31,7.51,64,15.2,7.51,48,0.0,1010.5,974.0,,15.3,0.16,33.3,10906X0039/C2-1
1840,2022-01-15,2.685378283,42.685696389,3,37.9,22.2,38.8,24.3,2022-01-15T03:19,2022-01-15T15:17,43128.49,41840.88,,,0.0,0.0,0.0,0.0,0.0,,24.0,7.02,56,15.6,7.02,50,0.0,1009.2,972.8,,12.9,0.16,33.5,10906X0039/C2-1
1841,2022-01-16,2.685378283,42.685696389,3,37.0,22.8,38.8,24.4,2022-01-16T03:19,2022-01-16T15:18,43132.88,41693.24,,,0.0,0.0,0.0,0.0,0.0,,24.25,6.89,38,17.1,6.89,51,0.0,1008.9,972.4,,13.7,0.16,33.6,10906X0039/C2-1
1842,2022-01-17,2.685378283,42.685696389,3,37.3,23.1,38.3,24.4,2022-01-17T03:19,2022-01-17T15:18,43137.42,40959.7,,,0.0,0.0,0.0,0.0,0.0,,23.35,6.86,44,16.9,6.86,50,0.0,1010.1,973.7,,13.7,0.159,33.7,10906X0039/C2-1
1843,2022-01-18,2.685378283,42.685696389,3,35.0,23.1,36.0,25.3,2022-01-18T03:20,2022-01-18T15:19,43142.07,40227.7,,,0.0,0.0,0.0,0.0,0.0,,23.38,6.15,86,16.4,6.15,49,0.0,1012.0,975.5,,9.3,0.159,33.7,10906X0039/C2-1
1844,2022-01-19,2.685378283,42.685696389,3,37.2,23.4,36.0,24.5,2022-01-19T03:20,2022-01-19T15:19,43146.84,41460.9,,,0.0,0.0,0.0,0.0,0.0,,23.41,7.99,76,14.5,7.99,43,0.0,1011.3,974.8,,16.8,0.159,33.7,10906X0039/C2-1
1845,2022-01-20,2.685378283,42.685696389,3,37.6,22.9,36.2,23.4,2022-01-20T03:20,2022-01-20T15:19,43151.73,41464.6,,,0.0,0.0,0.0,0.0,0.0,,23.5,8.44,48,13.9,8.44,41,0.0,1010.4,974.1,,17.9,0.159,33.6,10906X0039/C2-1
1846,2022-01-21,2.685378283,42.685696389,3,37.4,24.1,35.8,23.4,2022-01-21T03:20,2022-01-21T15:20,43156.73,39754.35,,,0.0,0.0,0.0,0.0,0.0,,24.66,9.16,73,11.0,9.16,34,0.0,1010.7,974.3,,18.5,0.158,33.7,10906X0039/C2-1
1847,2022-01-22,2.685378283,42.685696389,3,36.1,23.0,34.2,22.0,2022-01-22T03:21,2022-01-22T15:20,43161.83,40248.2,,,0.0,0.0,0.0,0.0,0.0,,24.11,8.52,100,12.2,8.52,38,0.0,1010.8,974.3,,19.5,0.158,33.6,10906X0039/C2-1
1848,2022-01-23,2.685378283,42.685696389,3,37.0,23.3,34.0,23.5,2022-01-23T03:21,2022-01-23T15:20,43167.03,41472.29,,,0.0,0.0,0.0,0.0,0.0,,24.17,8.55,53,10.3,8.55,35,0.0,1010.6,974.1,,17.8,0.158,33.6,10906X0039/C2-1
1849,2022-01-24,2.685378283,42.685696389,3,37.8,23.0,34.3,21.7,2022-01-24T03:21,2022-01-24T15:21,43172.4,40742.61,,,0.0,0.0,0.0,0.0,0.0,,26.03,10.35,33,8.8,10.35,30,0.0,1009.2,972.9,,22.6,0.158,33.5,10906X0039/C2-1
1850,2022-01-25,2.685378283,42.685696389,0,36.8,22.5,34.3,21.1,2022-01-25T03:21,2022-01-25T15:21,43177.94,41474.71,,,0.0,0.0,0.0,0.0,0.0,,26.05,9.34,1,10.0,9.34,33,0.0,1009.4,973.0,,20.2,0.158,33.5,10906X0039/C2-1
1851,2022-01-26,2.685378283,42.685696389,3,36.3,21.8,35.1,19.8,2022-01-26T03:21,2022-01-26T15:21,43183.64,41475.21,,,0.0,0.0,0.0,0.0,0.0,,26.16,8.49,22,11.1,8.49,38,0.0,1009.7,973.2,,18.7,0.157,33.4,10906X0039/C2-1
1852,2022-01-27,2.685378283,42.685696389,3,36.2,22.1,35.9,21.6,2022-01-27T03:21,2022-01-27T15:21,43189.48,41232.67,,,0.0,0.0,0.0,0.0,0.0,,25.98,7.93,16,12.1,7.93,40,0.0,1010.1,973.6,,15.6,0.157,33.4,10906X0039/C2-1
1853,2022-01-28,2.685378283,42.685696389,3,36.7,21.0,37.8,22.8,2022-01-28T03:22,2022-01-28T15:22,43195.47,41232.64,,,0.0,0.0,0.0,0.0,0.0,,25.44,6.87,51,14.3,6.87,47,0.0,1009.7,973.2,,11.0,0.157,33.6,10906X0039/C2-1
1854,2022-01-29,2.685378283,42.685696389,3,37.1,22.0,36.4,22.3,2022-01-29T03:22,2022-01-29T15:22,43201.6,40990.31,,,0.0,0.0,0.0,0.0,0.0,,25.37,7.52,31,13.7,7.52,45,0.0,1010.5,974.0,,16.0,0.157,33.5,10906X0039/C2-1
1855,2022-01-30,2.685378283,42.685696389,3,36.8,21.6,35.4,21.5,2022-01-30T03:22,2022-01-30T15:22,43207.84,41231.31,,,0.0,0.0,0.0,0.0,0.0,,26.38,7.91,21,11.8,7.91,42,0.0,1009.6,973.1,,16.2,0.157,33.5,10906X0039/C2-1
1856,2022-01-31,2.685378283,42.685696389,3,36.5,21.3,35.8,22.3,2022-01-31T03:22,2022-01-31T15:22,43214.21,40506.74,,,0.0,0.0,0.0,0.0,0.0,,25.4,7.52,83,13.4,7.52,45,0.0,1009.5,973.0,,15.3,0.156,33.4,10906X0039/C2-1
1857,2022-02-01,2.685378283,42.685696389,3,36.9,22.3,37.5,22.9,2022-02-01T03:22,2022-02-01T15:22,43220.69,40506.21,,,0.0,0.0,0.0,0.0,0.0,,23.82,7.31,100,15.6,7.31,47,0.0,1009.1,972.7,,15.5,0.156,33.5,10906X0039/C2-1
1858,2022-02-02,2.685378283,42.685696389,3,37.6,23.5,36.9,24.7,2022-02-02T03:22,2022-02-02T15:23,43227.28,37866.62,,,0.0,0.0,0.0,0.0,0.0,,22.29,7.96,100,16.2,7.96,47,0.0,1009.8,973.4,,18.9,0.156,33.6,10906X0039/C2-1
1859,2022-02-03,2.685378283,42.685696389,3,36.9,23.7,34.9,24.3,2022-02-03T03:22,2022-02-03T15:23,43233.96,40743.94,,,0.0,0.0,0.0,0.0,0.0,,24.05,8.89,69,14.0,8.89,42,0.0,1010.4,974.0,,20.8,0.156,33.6,10906X0039/C2-1
1860,2022-02-04,2.685378283,42.685696389,3,38.2,23.2,35.7,23.1,2022-02-04T03:22,2022-02-04T15:23,43240.73,40981.49,,,0.0,0.0,0.0,0.0,0.0,,26.41,8.63,29,9.6,8.63,36,0.0,1009.1,972.8,,17.4,0.156,33.6,10906X0039/C2-1
1861,2022-02-05,2.685378283,42.685696389,3,38.6,22.5,37.0,22.2,2022-02-05T03:22,2022-02-05T15:23,43247.59,41217.94,,,0.0,0.0,0.0,0.0,0.0,,26.71,7.97,34,10.8,7.97,39,0.0,1008.5,972.2,,14.9,0.155,33.6,10906X0039/C2-1
1862,2022-02-06,2.685378283,42.685696389,3,37.2,22.1,37.1,23.6,2022-02-06T03:22,2022-02-06T15:23,43254.51,40736.73,,,0.0,0.0,0.0,0.0,0.0,,26.07,7.56,71,14.0,7.56,46,0.0,1009.8,973.3,,15.5,0.155,33.7,10906X0039/C2-1
1863,2022-02-07,2.685378283,42.685696389,3,37.6,22.5,35.8,21.4,2022-02-07T03:22,2022-02-07T15:23,43261.51,40495.16,,,0.0,0.0,0.0,0.0,0.0,,26.47,9.21,28,12.0,9.21,39,0.0,1010.6,974.1,,21.0,0.155,33.6,10906X0039/C2-1
1864,2022-02-08,2.685378283,42.685696389,3,37.3,22.2,33.7,20.8,2022-02-08T03:22,2022-02-08T15:23,43268.57,41206.47,,,0.0,0.0,0.0,0.0,0.0,,26.61,9.86,58,8.8,9.86,34,0.0,1011.1,974.6,,21.8,0.155,33.5,10906X0039/C2-1
1865,2022-02-09,2.685378283,42.685696389,3,38.3,22.6,35.2,21.3,2022-02-09T03:22,2022-02-09T15:24,43275.67,41201.98,,,0.0,0.0,0.0,0.0,0.0,,26.32,9.14,60,9.0,9.14,34,0.0,1009.8,973.4,,18.8,0.155,33.6,10906X0039/C2-1
1866,2022-02-10,2.685378283,42.685696389,3,38.2,23.0,36.8,21.8,2022-02-10T03:22,2022-02-10T15:24,43282.83,41197.16,,,0.0,0.0,0.0,0.0,0.0,,26.83,9.09,16,11.2,9.09,36,0.0,1009.1,972.8,,18.3,0.155,33.7,10906X0039/C2-1
1867,2022-02-11,2.685378283,42.685696389,3,37.3,22.4,35.8,21.4,2022-02-11T03:22,2022-02-11T15:24,43290.03,40955.0,,,0.0,0.0,0.0,0.0,0.0,,26.58,8.42,68,12.0,8.42,41,0.0,1008.9,972.4,,18.7,0.155,33.7,10906X0039/C2-1
1868,2022-02-12,2.685378283,42.685696389,3,36.3,21.9,35.3,20.8,2022-02-12T03:22,2022-02-12T15:24,43297.26,41270.93,,,0.0,0.0,0.0,0.0,0.0,,26.98,8.14,60,11.6,8.14,40,0.0,1009.3,972.8,,16.8,0.155,33.6,10906X0039/C2-1
1869,2022-02-13,2.685378283,42.685696389,3,36.9,22.0,36.9,21.8,2022-02-13T03:22,2022-02-13T15:24,43304.61,41180.87,,,0.0,0.0,0.0,0.0,0.0,,26.65,7.82,62,13.7,7.82,45,0.0,1008.6,972.1,,16.2,0.154,33.6,10906X0039/C2-1
1870,2022-02-14,2.685378283,42.685696389,3,37.8,22.1,37.0,22.2,2022-02-14T03:22,2022-02-14T15:24,43312.08,41174.56,,,0.0,0.0,0.0,0.0,0.0,,26.33,7.79,54,14.3,7.79,46,0.0,1008.2,971.7,,16.6,0.154,33.6,10906X0039/C2-1
1871,2022-02-15,2.685378283,42.685696389,3,36.2,22.2,37.3,22.0,2022-02-15T03:22,2022-02-15T15:24,43319.66,41167.84,,,0.0,0.0,0.0,0.0,0.0,,26.56,7.46,15,13.9,7.46,44,0.0,1009.7,973.2,,13.9,0.153,33.7,10906X0039/C2-1
1872,2022-02-16,2.685378283,42.685696389,3,37.5,22.1,39.5,22.3,2022-02-16T03:22,2022-02-16T15:24,43327.33,41160.66,,,0.0,0.0,0.0,0.0,0.0,,26.16,7.75,77,15.4,7.75,47,0.0,1007.6,971.2,,14.6,0.151,33.9,10906X0039/C2-1
1873,2022-02-17,2.685378283,42.685696389,3,37.1,22.1,40.7,23.6,2022-02-17T03:22,2022-02-17T15:24,43335.11,41153.11,,,0.0,0.0,0.0,0.0,0.0,,26.26,6.86,38,15.8,6.86,47,0.0,1006.5,970.2,,11.1,0.15,34.1,10906X0039/C2-1
1874,2022-02-18,2.685378283,42.685696389,3,35.8,22.4,39.2,24.7,2022-02-18T03:21,2022-02-18T15:24,43342.97,37742.8,,,0.0,0.0,0.0,0.0,0.0,,23.65,6.67,87,17.1,6.67,52,0.0,1007.5,971.1,,13.2,0.15,34.3,10906X0039/C2-1
1875,2022-02-19,2.685378283,42.685696389,3,38.4,23.4,40.1,23.9,2022-02-19T03:21,2022-02-19T15:24,43350.9,40902.47,,,0.0,0.0,0.0,0.0,0.0,,25.62,7.38,78,15.0,7.38,44,0.0,1007.7,971.4,,12.5,0.148,34.4,10906X0039/C2-1
1876,2022-02-20,2.685378283,42.685696389,3,38.8,22.8,39.2,22.9,2022-02-20T03:21,2022-02-20T15:24,43358.92,41128.51,,,0.0,0.0,0.0,0.0,0.0,,24.51,7.67,72,15.1,7.67,46,0.0,1007.9,971.6,,16.3,0.151,34.4,10906X0039/C2-1
1877,2022-02-21,2.685378283,42.685696389,3,38.2,22.9,37.7,24.0,2022-02-21T03:21,2022-02-21T15:24,43367.01,41119.73,,,0.0,0.0,0.0,0.0,0.0,,25.97,7.97,58,14.0,7.97,43,0.0,1008.3,972.0,,15.8,0.15,34.4,10906X0039/C2-1
1878,2022-02-22,2.685378283,42.685696389,3,39.0,23.3,38.0,22.4,2022-02-22T03:21,2022-02-22T15:24,43375.15,41344.45,,,0.0,0.0,0.0,0.0,0.0,,26.16,8.73,67,14.0,8.73,42,0.0,1007.7,971.4,,18.0,0.15,34.4,10906X0039/C2-1
1879,2022-02-23,2.685378283,42.685696389,3,37.2,24.2,37.2,23.9,2022-02-23T03:21,2022-02-23T15:24,43383.34,39700.83,,,0.0,0.0,0.0,0.0,0.0,,25.28,8.8,88,16.2,8.8,45,0.0,1008.9,972.6,,21.8,0.15,34.4,10906X0039/C2-1
1880,2022-02-24,2.685378283,42.685696389,3,37.4,24.5,37.5,23.6,2022-02-24T03:20,2022-02-24T15:23,43391.58,41325.31,,,0.0,0.0,0.0,0.0,0.0,,25.29,8.76,58,16.0,8.76,46,0.0,1010.8,974.4,,22.0,0.148,34.4,10906X0039/C2-1
1881,2022-02-25,2.685378283,42.685696389,3,37.5,23.2,38.3,24.8,2022-02-25T03:20,2022-02-25T15:23,43399.87,40849.63,,,0.0,0.0,0.0,0.0,0.0,,25.6,7.8,90,17.0,7.8,51,0.0,1010.8,974.3,,16.4,0.147,34.4,10906X0039/C2-1
1882,2022-02-26,2.685378283,42.685696389,3,36.8,22.8,39.3,24.4,2022-02-26T03:20,2022-02-26T15:23,43408.18,36000.0,,,0.0,0.0,0.0,0.0,0.0,,24.16,7.18,57,17.0,7.18,52,0.0,1010.5,974.0,,15.5,0.148,34.4,10906X0039/C2-1
1883,2022-02-27,2.685378283,42.685696389,3,38.5,22.4,39.3,24.7,2022-02-27T03:20,2022-02-27T15:23,43416.52,41295.62,,,0.0,0.0,0.0,0.0,0.0,,26.14,7.61,52,16.2,7.61,51,0.0,1009.8,973.4,,14.2,0.147,34.6,10906X0039/C2-1
1884,2022-02-28,2.685378283,42.685696389,1,37.7,22.8,38.4,24.7,2022-02-28T03:19,2022-02-28T15:23,43424.88,41285.53,,,0.0,0.0,0.0,0.0,0.0,,24.54,7.59,19,17.5,7.59,53,0.0,1009.9,973.5,,17.3,0.146,34.6,10906X0039/C2-1
1885,2022-03-01,2.685378283,42.685696389,3,38.4,23.3,36.1,23.8,2022-03-01T03:19,2022-03-01T15:23,43433.25,41507.5,,,0.0,0.0,0.0,0.0,0.0,,23.53,8.2,32,15.2,8.2,47,0.0,1009.8,973.4,,20.1,0.147,34.5,10906X0039/C2-1
1886,2022-03-02,2.685378283,42.685696389,3,36.8,23.4,35.2,22.5,2022-03-02T03:19,2022-03-02T15:23,43441.63,41067.97,,,0.0,0.0,0.0,0.0,0.0,,23.4,8.99,18,15.3,8.99,44,0.0,1009.4,973.0,,23.5,0.147,34.3,10906X0039/C2-1
1887,2022-03-03,2.685378283,42.685696389,3,38.5,24.1,36.5,24.1,2022-03-03T03:19,2022-03-03T15:23,43450.01,41718.57,,,0.0,0.0,0.0,0.0,0.0,,27.38,9.35,18,12.4,9.35,39,0.0,1009.5,973.2,,20.9,0.148,34.4,10906X0039/C2-1
1888,2022-03-04,2.685378283,42.685696389,3,38.6,23.2,37.1,22.1,2022-03-04T03:18,2022-03-04T15:23,43458.39,41865.84,,,0.0,0.0,0.0,0.0,0.0,,27.78,9.11,44,11.6,9.11,39,0.0,1008.7,972.4,,20.0,0.148,34.5,10906X0039/C2-1
1889,2022-03-05,2.685378283,42.685696389,3,38.0,22.4,37.6,21.6,2022-03-05T03:18,2022-03-05T15:22,43466.85,41882.41,,,0.0,0.0,0.0,0.0,0.0,,27.62,8.69,34,12.5,8.69,40,0.0,1008.7,972.3,,17.9,0.148,34.5,10906X0039/C2-1
1890,2022-03-06,2.685378283,42.685696389,3,38.3,22.8,38.1,21.6,2022-03-06T03:18,2022-03-06T15:22,43475.37,41899.79,,,0.0,0.0,0.0,0.0,0.0,,27.48,8.66,60,13.7,8.66,42,0.0,1008.0,971.7,,18.7,0.148,34.6,10906X0039/C2-1
1891,2022-03-07,2.685378283,42.685696389,3,38.1,22.7,38.9,23.5,2022-03-07T03:17,2022-03-07T15:22,43483.98,41917.9,,,0.0,0.0,0.0,0.0,0.0,,26.95,8.0,35,15.5,8.0,47,0.0,1007.8,971.5,,16.3,0.147,34.6,10906X0039/C2-1
1892,2022-03-08,2.685378283,42.685696389,1,37.0,22.6,39.6,24.2,2022-03-08T03:17,2022-03-08T15:22,43492.64,41936.71,,,0.0,0.0,0.0,0.0,0.0,,26.58,7.61,8,16.6,7.61,51,0.0,1007.8,971.4,,15.4,0.147,34.7,10906X0039/C2-1
1893,2022-03-09,2.685378283,42.685696389,3,38.4,22.8,39.7,24.8,2022-03-09T03:17,2022-03-09T15:22,43501.36,41956.13,,,0.0,0.0,0.0,0.0,0.0,,26.43,7.53,31,16.3,7.53,51,0.0,1007.8,971.5,,15.4,0.146,34.8,10906X0039/C2-1
1894,2022-03-10,2.685378283,42.685696389,3,38.8,22.7,39.4,24.4,2022-03-10T03:16,2022-03-10T15:22,43510.13,41976.1,,,0.0,0.0,0.0,0.0,0.0,,26.37,7.55,72,15.3,7.55,48,0.0,1008.3,971.9,,15.3,0.147,34.8,10906X0039/C2-1
1895,2022-03-11,2.685378283,42.685696389,3,38.8,22.9,39.4,24.8,2022-03-11T03:16,2022-03-11T15:21,43518.95,41996.56,,,0.0,0.0,0.0,0.0,0.0,,26.89,7.86,43,15.8,7.86,49,0.0,1008.2,971.8,,16.3,0.146,34.9,10906X0039/C2-1
1896,2022-03-12,2.685378283,42.685696389,3,38.4,22.6,38.8,24.1,2022-03-12T03:16,2022-03-12T15:21,43527.81,42017.46,,,0.0,0.0,0.0,0.0,0.0,,25.99,7.51,95,14.7,7.51,46,0.0,1007.4,971.2,,14.4,0.146,34.9,10906X0039/C2-1
1897,2022-03-13,2.685378283,42.685696389,3,38.3,22.9,38.2,23.8,2022-03-13T03:15,2022-03-13T15:21,43536.7,42038.73,,,0.0,0.0,0.0,0.0,0.0,,24.88,7.87,65,16.2,7.87,50,0.0,1007.5,971.2,,18.0,0.145,34.9,10906X0039/C2-1
1898,2022-03-14,2.685378283,42.685696389,3,38.1,23.0,39.0,24.2,2022-03-14T03:15,2022-03-14T15:21,43545.62,42060.3,,,0.0,0.0,0.0,0.0,0.0,,25.42,7.76,25,16.9,7.76,52,0.0,1008.9,972.5,,17.7,0.145,34.9,10906X0039/C2-1
1899,2022-03-15,2.685378283,42.685696389,3,39.0,23.9,38.2,25.2,2022-03-15T03:15,2022-03-15T15:21,43554.56,42082.12,,,0.0,0.0,0.0,0.0,0.0,,24.93,7.46,49,15.9,7.46,48,0.0,1008.2,972.0,,15.1,0.145,35.0,10906X0039/C2-1
1900,2022-03-16,2.685378283,42.685696389,1,38.9,23.3,40.2,23.9,2022-03-16T03:14,2022-03-16T15:20,43563.52,42104.11,,,0.0,0.0,0.0,0.0,0.0,,26.95,8.4,9,15.9,8.4,46,0.0,1006.9,970.7,,17.4,0.145,35.1,10906X0039/C2-1
1901,2022-03-17,2.685378283,42.685696389,1,39.4,23.3,38.8,25.3,2022-03-17T03:14,2022-03-17T15:20,43572.49,42126.23,,,0.0,0.0,0.0,0.0,0.0,,25.8,8.28,13,15.7,8.28,47,0.0,1007.7,971.4,,16.9,0.144,35.1,10906X0039/C2-1
1902,2022-03-18,2.685378283,42.685696389,3,37.5,23.4,37.9,25.4,2022-03-18T03:14,2022-03-18T15:20,43581.46,42148.4,,,0.0,0.0,0.0,0.0,0.0,,25.31,7.74,45,16.7,7.74,51,0.0,1010.0,973.6,,17.0,0.144,35.1,10906X0039/C2-1
1903,2022-03-19,2.685378283,42.685696389,3,38.4,23.2,39.1,25.3,2022-03-19T03:13,2022-03-19T15:20,43590.43,42170.57,,,0.0,0.0,0.0,0.0,0.0,,25.53,7.87,64,15.9,7.87,48,0.0,1009.6,973.3,,15.3,0.144,35.1,10906X0039/C2-1
1904,2022-03-20,2.685378283,42.685696389,2,38.6,23.4,39.9,24.7,2022-03-20T03:13,2022-03-20T15:20,43599.39,42192.67,,,0.0,0.0,0.0,0.0,0.0,,25.68,7.86,19,16.7,7.86,50,0.0,1009.0,972.7,,16.7,0.144,35.2,10906X0039/C2-1
1905,2022-03-21,2.685378283,42.685696389,3,37.6,23.6,39.6,25.1,2022-03-21T03:13,2022-03-21T15:19,43608.33,42214.64,,,0.0,0.0,0.0,0.0,0.0,,25.73,7.9,28,17.5,7.9,51,0.0,1009.3,972.9,,17.2,0.144,35.2,10906X0039/C2-1
1906,2022-03-22,2.685378283,42.685696389,2,37.7,23.0,39.6,24.7,2022-03-22T03:12,2022-03-22T15:19,43617.25,42236.42,,,0.0,0.0,0.0,0.0,0.0,,26.14,7.76,17,17.3,7.76,52,0.0,1009.4,973.0,,16.5,0.144,35.2,10906X0039/C2-1
1907,2022-03-23,2.685378283,42.685696389,2,37.5,23.4,39.7,25.5,2022-03-23T03:12,2022-03-23T15:19,43626.14,42257.95,,,0.0,0.0,0.0,0.0,0.0,,26.07,7.56,16,17.9,7.56,52,0.0,1010.4,974.0,,15.1,0.143,35.2,10906X0039/C2-1
1908,2022-03-24,2.685378283,42.685696389,3,37.3,24.0,40.2,26.5,2022-03-24T03:11,2022-03-24T15:19,43635.01,30748.67,,,0.0,0.0,0.0,0.0,0.0,,21.29,6.22,61,18.9,6.22,54,0.0,1009.7,973.4,,13.8,0.144,35.2,10906X0039/C2-1
1909,2022-03-25,2.685378283,42.685696389,61,35.1,24.5,38.7,27.0,2022-03-25T03:11,2022-03-25T15:18,43643.92,39861.61,,,2.5,0.0,0.0,2.5,4.0,,20.94,5.22,50,20.5,5.22,63,0.0,1009.8,973.3,,10.9,0.152,34.7,10906X0039/C2-1
1910,2022-03-26,2.685378283,42.685696389,3,33.9,24.4,38.2,27.4,2022-03-26T03:11,2022-03-26T15:18,43652.87,41716.32,,,0.0,0.0,0.0,0.0,0.0,,21.77,5.23,23,20.4,5.23,63,0.0,1009.9,973.3,,8.5,0.155,34.2,10906X0039/C2-1
1911,2022-03-27,2.685378283,42.685696389,3,35.8,23.4,38.3,26.5,2022-03-27T03:10,2022-03-27T15:18,43661.86,42344.3,,,0.0,0.0,0.0,0.0,0.0,,25.94,7.05,25,19.1,7.05,59,0.0,1010.3,973.8,,14.4,0.151,33.9,10906X0039/C2-1
1912,2022-03-28,2.685378283,42.685696389,3,37.6,23.3,38.3,25.2,2022-03-28T03:10,2022-03-28T15:18,43670.89,42366.58,,,0.0,0.0,0.0,0.0,0.0,,25.75,7.1,82,17.4,7.1,54,0.0,1009.8,973.3,,13.9,0.149,33.8,10906X0039/C2-1
1913,2022-03-29,2.685378283,42.685696389,3,37.2,22.7,38.2,24.7,2022-03-29T03:10,2022-03-29T15:18,43679.94,42389.06,,,0.0,0.0,0.0,0.0,0.0,,25.19,7.1,38,17.1,7.1,52,0.0,1008.6,972.2,,15.7,0.146,33.8,10906X0039/C2-1
1914,2022-03-30,2.685378283,42.685696389,3,37.9,23.9,38.9,25.0,2022-03-30T03:09,2022-03-30T15:17,43689.01,42411.67,,,0.0,0.0,0.0,0.0,0.0,,25.44,7.7,60,17.1,7.7,50,0.0,1008.9,972.6,,18.0,0.145,33.9,10906X0039/C2-1
1915,2022-03-31,2.685378283,42.685696389,1,36.8,23.9,38.6,25.1,2022-03-31T03:09,2022-03-31T15:17,43698.1,42434.37,,,0.0,0.0,0.0,0.0,0.0,,23.99,7.4,23,18.4,7.4,54,0.0,1009.7,973.3,,18.0,0.144,34.1,10906X0039/C2-1
1916,2022-04-01,2.685378283,42.685696389,51,35.8,25.0,38.2,27.1,2022-04-01T03:08,2022-04-01T15:17,43707.2,42457.09,,,0.1,0.0,0.0,0.1,1.0,,20.6,6.36,39,19.7,6.36,58,0.0,1011.0,974.5,,16.4,0.143,34.2,10906X0039/C2-1
1917,2022-04-02,2.685378283,42.685696389,3,37.8,23.9,38.1,26.7,2022-04-02T03:08,2022-04-02T15:17,43716.3,42479.78,,,0.0,0.0,0.0,0.0,0.0,,25.19,8.04,46,18.4,8.04,54,0.0,1009.9,973.6,,18.9,0.144,34.2,10906X0039/C2-1
1918,2022-04-03,2.685378283,42.685696389,3,38.2,24.1,38.0,26.2,2022-04-03T03:08,2022-04-03T15:16,43725.4,42502.38,,,0.0,0.0,0.0,0.0,0.0,,25.02,8.21,58,16.9,8.21,49,0.0,1009.5,973.2,,17.6,0.143,34.3,10906X0039/C2-1
1919,2022-04-04,2.685378283,42.685696389,1,38.2,23.4,39.0,25.0,2022-04-04T03:07,2022-04-04T15:16,43734.49,42524.83,,,0.0,0.0,0.0,0.0,0.0,,24.94,7.53,15,16.5,7.53,47,0.0,1009.9,973.6,,14.5,0.143,34.5,10906X0039/C2-1
1920,2022-04-05,2.685378283,42.685696389,3,38.5,23.5,39.7,26.1,2022-04-05T03:07,2022-04-05T15:16,43743.56,42547.07,,,0.0,0.0,0.0,0.0,0.0,,25.42,7.73,15,17.4,7.73,52,0.0,1010.3,973.9,,16.4,0.142,34.6,10906X0039/C2-1
1921,2022-04-06,2.685378283,42.685696389,3,38.0,23.5,38.2,25.9,2022-04-06T03:07,2022-04-06T15:16,43752.62,42569.07,,,0.0,0.0,0.0,0.0,0.0,,24.88,7.64,43,16.2,7.64,49,0.0,1010.0,973.6,,15.7,0.142,34.7,10906X0039/C2-1
1922,2022-04-07,2.685378283,42.685696389,3,38.4,23.9,39.0,26.1,2022-04-07T03:06,2022-04-07T15:16,43761.64,42590.74,,,0.0,0.0,0.0,0.0,0.0,,24.81,7.56,80,16.6,7.56,49,0.0,1010.6,974.2,,15.4,0.142,34.8,10906X0039/C2-1
1923,2022-04-08,2.685378283,42.685696389,3,38.2,24.5,39.1,26.7,2022-04-08T03:06,2022-04-08T15:15,43770.62,36350.67,,,0.0,0.0,0.0,0.0,0.0,,24.16,7.62,88,17.1,7.62,48,0.0,1010.4,974.1,,15.8,0.142,34.9,10906X0039/C2-1
1924,2022-04-09,2.685378283,42.685696389,3,36.5,25.3,38.7,26.3,2022-04-09T03:06,2022-04-09T15:15,43779.57,40406.45,,,0.0,0.0,0.0,0.0,0.0,,23.5,7.39,51,18.1,7.39,51,0.0,1009.5,973.1,,17.5,0.142,34.9,10906X0039/C2-1
1925,2022-04-10,2.685378283,42.685696389,3,36.6,24.5,39.1,26.9,2022-04-10T03:05,2022-04-10T15:15,43788.47,42653.3,,,0.0,0.0,0.0,0.0,0.0,,24.69,6.89,30,18.2,6.89,52,0.0,1009.2,972.9,,13.7,0.142,35.0,10906X0039/C2-1
1926,2022-04-11,2.685378283,42.685696389,3,35.9,25.2,39.3,27.1,2022-04-11T03:05,2022-04-11T15:15,43797.3,35978.21,,,0.0,0.0,0.0,0.0,0.0,,20.84,6.16,57,18.9,6.16,53,0.0,1009.3,972.9,,13.5,0.143,35.0,10906X0039/C2-1
1927,2022-04-12,2.685378283,42.685696389,3,35.8,25.2,40.7,27.8,2022-04-12T03:05,2022-04-12T15:15,43806.08,42692.38,,,0.0,0.0,0.0,0.0,0.0,,23.21,6.35,36,19.6,6.35,55,0.0,1008.3,972.1,,12.1,0.144,35.0,10906X0039/C2-1
1928,2022-04-13,2.685378283,42.685696389,3,36.9,25.5,40.5,28.2,2022-04-13T03:04,2022-04-13T15:14,43814.8,35510.97,,,0.0,0.0,0.0,0.0,0.0,,21.83,6.31,37,20.6,6.31,60,0.0,1007.3,971.0,,15.2,0.144,35.0,10906X0039/C2-1
1929,2022-04-14,2.685378283,42.685696389,53,36.0,25.6,39.7,28.6,2022-04-14T03:04,2022-04-14T15:14,43823.51,39241.31,,,0.8,0.0,0.0,0.8,2.0,,21.57,6.08,71,21.1,6.08,63,0.0,1007.6,971.3,,14.6,0.144,34.9,10906X0039/C2-1
1930,2022-04-15,2.685378283,42.685696389,51,36.0,24.9,39.3,27.9,2022-04-15T03:04,2022-04-15T15:14,43832.24,42747.41,,,0.5,0.0,0.0,0.5,4.0,,23.63,6.63,88,20.2,6.63,58,0.0,1008.7,972.3,,14.0,0.143,34.8,10906X0039/C2-1
1931,2022-04-16,2.685378283,42.685696389,3,35.8,24.3,38.9,27.4,2022-04-16T03:03,2022-04-16T15:14,43840.97,42765.42,,,0.0,0.0,0.0,0.0,0.0,,24.15,6.71,81,19.9,6.71,57,0.0,1008.8,972.5,,13.1,0.144,34.8,10906X0039/C2-1
1932,2022-04-17,2.685378283,42.685696389,51,36.7,25.0,38.9,27.6,2022-04-17T03:03,2022-04-17T15:14,43849.69,40200.65,,,0.1,0.0,0.0,0.1,1.0,,22.54,6.8,77,20.6,6.8,60,0.0,1008.9,972.5,,18.1,0.143,34.8,10906X0039/C2-1
1933,2022-04-18,2.685378283,42.685696389,51,34.4,24.7,36.6,27.1,2022-04-18T03:03,2022-04-18T15:14,43858.39,28442.67,,,0.5,0.0,0.0,0.5,2.0,,15.51,4.62,93,20.7,4.62,65,0.0,1010.0,973.4,,14.2,0.142,34.5,10906X0039/C2-1
1934,2022-04-19,2.685378283,42.685696389,51,35.8,24.2,40.0,28.1,2022-04-19T03:02,2022-04-19T15:14,43867.08,39218.1,,,0.1,0.0,0.0,0.1,1.0,,21.12,5.62,49,20.5,5.62,64,0.0,1010.1,973.5,,11.7,0.142,34.4,10906X0039/C2-1
1935,2022-04-20,2.685378283,42.685696389,63,33.6,22.8,36.7,26.1,2022-04-20T03:02,2022-04-20T15:13,43875.75,36586.12,,,15.7,0.0,0.0,15.7,12.0,,18.52,4.53,73,21.1,4.53,72,0.0,1010.4,973.7,,10.4,0.148,33.9,10906X0039/C2-1
1936,2022-04-21,2.685378283,42.685696389,51,33.2,22.1,37.2,26.3,2022-04-21T03:02,2022-04-21T15:13,43884.38,42851.75,,,0.1,0.0,0.0,0.1,1.0,,24.07,5.72,56,20.2,5.72,67,0.0,1009.9,973.2,,9.8,0.156,33.4,10906X0039/C2-1
1937,2022-04-22,2.685378283,42.685696389,3,32.8,24.1,36.5,26.4,2022-04-22T03:02,2022-04-22T15:13,43892.98,34061.34,,,0.0,0.0,0.0,0.0,0.0,,19.42,4.92,86,20.6,4.92,66,0.0,1010.2,973.6,,11.0,0.153,33.2,10906X0039/C2-1
1938,2022-04-23,2.685378283,42.685696389,51,35.2,23.2,37.8,26.5,2022-04-23T03:01,2022-04-23T15:13,43901.53,42883.89,,,0.3,0.0,0.0,0.3,3.0,,23.95,6.44,68,19.8,6.44,63,0.0,1009.3,972.8,,14.7,0.153,33.1,10906X0039/C2-1
1939,2022-04-24,2.685378283,42.685696389,3,35.6,23.7,37.8,27.0,2022-04-24T03:01,2022-04-24T15:13,43910.02,42899.31,,,0.0,0.0,0.0,0.0,0.0,,24.23,6.81,33,19.9,6.81,61,0.0,1008.7,972.3,,16.5,0.152,33.1,10906X0039/C2-1
1940,2022-04-25,2.685378283,42.685696389,3,36.4,23.8,38.5,27.3,2022-04-25T03:01,2022-04-25T15:13,43918.46,42201.48,,,0.0,0.0,0.0,0.0,0.0,,25.22,7.0,53,19.2,7.0,58,0.0,1008.4,972.0,,14.6,0.149,33.3,10906X0039/C2-1
1941,2022-04-26,2.685378283,42.685696389,53,35.4,23.5,39.0,27.5,2022-04-26T03:01,2022-04-26T15:13,43926.82,42381.24,,,0.8,0.0,0.0,0.8,2.0,,23.54,5.47,68,19.7,5.47,61,0.0,1009.5,972.9,,5.7,0.148,33.4,10906X0039/C2-1
1942,2022-04-27,2.685378283,42.685696389,61,30.7,24.6,33.7,28.1,2022-04-27T03:00,2022-04-27T15:13,43935.12,35742.49,,,5.1,0.0,0.0,5.1,10.0,,16.3,3.94,95,21.1,3.94,70,0.0,1009.8,973.0,,8.6,0.152,33.1,10906X0039/C2-1
1943,2022-04-28,2.685378283,42.685696389,53,33.2,22.9,36.6,26.6,2022-04-28T03:00,2022-04-28T15:12,43943.32,41568.68,,,1.7,0.0,0.0,1.7,4.0,,21.01,4.81,77,21.6,4.81,75,0.0,1010.5,973.7,,11.1,0.156,32.6,10906X0039/C2-1
1944,2022-04-29,2.685378283,42.685696389,61,32.1,22.2,36.2,25.8,2022-04-29T03:00,2022-04-29T15:12,43951.44,39368.36,,,2.5,0.0,0.0,2.5,7.0,,18.96,4.28,71,21.2,4.28,74,0.0,1011.6,974.7,,10.0,0.158,32.1,10906X0039/C2-1
1945,2022-04-30,2.685378283,42.685696389,61,31.9,23.1,36.5,26.8,2022-04-30T03:00,2022-04-30T15:12,43959.45,37357.67,,,5.9,0.0,0.0,5.9,5.0,,19.16,4.26,68,21.6,4.26,77,0.0,1011.9,975.0,,10.1,0.158,31.8,10906X0039/C2-1
1946,2022-05-01,2.685378283,42.685696389,65,30.6,22.6,34.7,26.0,2022-05-01T02:59,2022-05-01T15:12,43967.36,31407.13,,,14.2,0.0,0.0,14.2,12.0,,17.9,3.8,96,21.9,3.8,82,0.0,1012.9,975.8,,11.0,0.174,31.3,10906X0039/C2-1
1947,2022-05-02,2.685378283,42.685696389,53,29.9,22.6,33.3,25.8,2022-05-02T02:59,2022-05-02T15:12,43975.15,34034.38,,,3.7,0.0,0.0,3.7,10.0,,16.88,3.63,100,21.8,3.63,84,0.0,1012.9,975.8,,12.7,0.18,30.8,10906X0039/C2-1
1948,2022-05-03,2.685378283,42.685696389,51,28.8,22.8,30.6,25.4,2022-05-03T02:59,2022-05-03T15:12,43982.83,27890.83,,,1.7,0.0,0.0,1.7,8.0,,15.12,3.54,84,21.5,3.54,81,0.0,1013.0,975.9,,17.5,0.179,30.5,10906X0039/C2-1
1949,2022-05-04,2.685378283,42.685696389,61,30.1,22.0,33.4,25.1,2022-05-04T02:59,2022-05-04T15:12,43990.45,26298.54,,,6.0,0.0,0.0,6.0,9.0,,16.51,3.6,88,21.3,3.6,83,0.0,1014.2,977.0,,14.0,0.184,30.1,10906X0039/C2-1
1950,2022-05-05,2.685378283,42.685696389,63,29.6,22.0,33.0,24.7,2022-05-05T02:59,2022-05-05T15:12,43998.02,29426.02,,,6.3,0.0,0.0,6.3,9.0,,15.94,3.53,64,21.4,3.53,82,0.0,1013.4,976.3,,14.3,0.188,29.8,10906X0039/C2-1
1951,2022-05-06,2.685378283,42.685696389,51,30.9,22.2,34.5,25.2,2022-05-06T02:59,2022-05-06T15:12,44005.54,40748.35,,,0.7,0.0,0.0,0.7,5.0,,20.38,4.53,43,21.3,4.53,79,0.0,1012.0,974.9,,14.5,0.186,29.7,10906X0039/C2-1
1952,2022-05-07,2.685378283,42.685696389,51,30.7,22.5,33.8,24.8,2022-05-07T02:59,2022-05-07T15:12,44012.98,35426.58,,,1.1,0.0,0.0,1.1,9.0,,20.1,4.54,42,21.6,4.54,78,0.0,1011.2,974.3,,17.2,0.185,29.7,10906X0039/C2-1
1953,2022-05-08,2.685378283,42.685696389,3,31.8,22.3,34.5,25.5,2022-05-08T02:58,2022-05-08T15:12,44020.37,43051.39,,,0.0,0.0,0.0,0.0,0.0,,21.7,5.07,26,21.5,5.07,75,0.0,1011.3,974.5,,15.8,0.184,29.7,10906X0039/C2-1
1954,2022-05-09,2.685378283,42.685696389,51,31.5,23.3,34.3,25.3,2022-05-09T02:58,2022-05-09T15:12,44027.66,29754.43,,,0.7,0.0,0.0,0.7,5.0,,18.16,4.41,69,21.6,4.41,76,0.0,1011.7,974.8,,17.8,0.179,29.6,10906X0039/C2-1
1955,2022-05-10,2.685378283,42.685696389,53,31.9,22.7,35.1,25.2,2022-05-10T02:58,2022-05-10T15:12,44034.88,41307.29,,,1.3,0.0,0.0,1.3,5.0,,19.03,4.63,66,21.6,4.63,76,0.0,1011.3,974.4,,17.3,0.178,29.6,10906X0039/C2-1
1956,2022-05-11,2.685378283,42.685696389,51,32.2,22.8,35.6,25.6,2022-05-11T02:58,2022-05-11T15:12,44042.0,39600.0,,,0.3,0.0,0.0,0.3,3.0,,21.55,5.24,48,21.5,5.24,74,0.0,1011.5,974.7,,17.4,0.175,29.7,10906X0039/C2-1
1957,2022-05-12,2.685378283,42.685696389,51,32.1,22.7,34.5,24.8,2022-05-12T02:58,2022-05-12T15:12,44049.02,36818.06,,,0.6,0.0,0.0,0.6,4.0,,20.74,5.25,88,21.1,5.25,73,0.0,1012.7,975.8,,19.1,0.175,29.7,10906X0039/C2-1
1958,2022-05-13,2.685378283,42.685696389,3,32.6,22.4,33.7,23.9,2022-05-13T02:58,2022-05-13T15:12,44055.94,43076.73,,,0.0,0.0,0.0,0.0,0.0,,24.47,6.48,70,19.2,6.48,64,0.0,1013.0,976.1,,19.4,0.175,29.8,10906X0039/C2-1
1959,2022-05-14,2.685378283,42.685696389,51,32.7,22.0,34.1,23.7,2022-05-14T02:58,2022-05-14T15:12,44062.73,33436.96,,,0.4,0.0,0.0,0.4,4.0,,21.21,5.59,84,20.1,5.59,69,0.0,1013.3,976.4,,19.3,0.174,29.8,10906X0039/C2-1
1960,2022-05-15,2.685378283,42.685696389,51,31.9,22.2,33.8,24.5,2022-05-15T02:58,2022-05-15T15:12,44069.41,33563.7,,,0.8,0.0,0.0,0.8,6.0,,19.71,5.13,80,20.5,5.13,72,0.0,1014.5,977.5,,18.0,0.176,29.8,10906X0039/C2-1
1961,2022-05-16,2.685378283,42.685696389,61,30.2,22.4,31.1,24.7,2022-05-16T02:58,2022-05-16T15:12,44075.96,37522.14,,,3.1,0.0,0.0,3.1,9.0,,18.68,4.75,66,20.5,4.75,74,0.0,1014.8,977.7,,19.9,0.177,29.7,10906X0039/C2-1
1962,2022-05-17,2.685378283,42.685696389,51,30.8,22.8,32.1,24.0,2022-05-17T02:58,2022-05-17T15:13,44082.36,28800.0,,,1.0,0.0,0.0,1.0,7.0,,17.49,4.83,63,19.9,4.83,70,0.0,1013.6,976.6,,20.3,0.179,29.6,10906X0039/C2-1
1963,2022-05-18,2.685378283,42.685696389,51,31.8,22.3,32.8,24.3,2022-05-18T02:58,2022-05-18T15:13,44088.62,40300.62,,,1.0,0.0,0.0,1.0,7.0,,20.82,5.37,52,19.9,5.37,70,0.0,1013.1,976.1,,19.8,0.179,29.6,10906X0039/C2-1
1964,2022-05-19,2.685378283,42.685696389,3,32.2,21.8,32.1,24.1,2022-05-19T02:58,2022-05-19T15:13,44094.72,43088.55,,,0.0,0.0,0.0,0.0,0.0,,20.53,5.81,55,18.7,5.81,64,0.0,1012.8,975.9,,19.0,0.182,29.6,10906X0039/C2-1
1965,2022-05-20,2.685378283,42.685696389,51,32.5,22.1,33.8,24.1,2022-05-20T02:58,2022-05-20T15:13,44100.66,39600.0,,,0.1,0.0,0.0,0.1,1.0,,22.96,6.3,87,19.2,6.3,64,0.0,1012.3,975.5,,19.3,0.18,29.8,10906X0039/C2-1
1966,2022-05-21,2.685378283,42.685696389,51,33.2,22.8,34.0,24.9,2022-05-21T02:58,2022-05-21T15:13,44106.43,37524.92,,,0.2,0.0,0.0,0.2,2.0,,21.66,6.23,61,19.6,6.23,65,0.0,1012.5,975.7,,20.8,0.179,30.0,10906X0039/C2-1
1967,2022-05-22,2.685378283,42.685696389,3,33.8,22.4,33.6,24.9,2022-05-22T02:58,2022-05-22T15:13,44112.01,43017.08,,,0.0,0.0,0.0,0.0,0.0,,21.53,6.4,94,18.7,6.4,61,0.0,1011.4,974.7,,18.6,0.179,30.1,10906X0039/C2-1
1968,2022-05-23,2.685378283,42.685696389,3,34.1,22.7,34.5,24.7,2022-05-23T02:58,2022-05-23T15:13,44117.42,41789.58,,,0.0,0.0,0.0,0.0,0.0,,23.19,6.88,91,19.7,6.88,62,0.0,1010.2,973.6,,21.7,0.177,30.3,10906X0039/C2-1
1969,2022-05-24,2.685378283,42.685696389,53,33.7,23.7,35.3,25.4,2022-05-24T02:58,2022-05-24T15:13,44122.7,39239.15,,,1.3,0.0,0.0,1.3,8.0,,20.61,5.81,98,20.4,5.81,67,0.0,1011.4,974.7,,19.1,0.176,30.5,10906X0039/C2-1
1970,2022-05-25,2.685378283,42.685696389,51,33.4,22.7,34.4,25.0,2022-05-25T02:58,2022-05-25T15:13,44127.84,34072.52,,,0.5,0.0,0.0,0.5,4.0,,18.63,5.61,99,19.9,5.61,65,0.0,1013.5,976.7,,19.3,0.177,30.4,10906X0039/C2-1
1971,2022-05-26,2.685378283,42.685696389,51,33.4,23.0,34.4,25.0,2022-05-26T02:58,2022-05-26T15:14,44132.85,41981.24,,,0.1,0.0,0.0,0.1,1.0,,20.26,5.97,92,19.9,5.97,65,0.0,1013.7,976.9,,20.5,0.177,30.5,10906X0039/C2-1
1972,2022-05-27,2.685378283,42.685696389,3,33.6,22.4,33.8,24.6,2022-05-27T02:58,2022-05-27T15:14,44137.71,43070.95,,,0.0,0.0,0.0,0.0,0.0,,22.65,6.52,59,19.2,6.52,63,0.0,1012.6,975.8,,20.7,0.178,30.5,10906X0039/C2-1
1973,2022-05-28,2.685378283,42.685696389,3,33.4,22.3,33.3,24.0,2022-05-28T02:58,2022-05-28T15:14,44142.43,43065.55,,,0.0,0.0,0.0,0.0,0.0,,22.94,6.83,36,18.4,6.83,60,0.0,1012.2,975.5,,21.3,0.178,30.6,10906X0039/C2-1
1974,2022-05-29,2.685378283,42.685696389,51,32.0,22.5,33.2,23.9,2022-05-29T02:58,2022-05-29T15:14,44146.99,43059.51,,,0.1,0.0,0.0,0.1,1.0,,20.02,5.62,42,19.2,5.62,66,0.0,1013.4,976.4,,20.0,0.178,30.5,10906X0039/C2-1
1975,2022-05-30,2.685378283,42.685696389,51,31.9,22.2,32.4,23.8,2022-05-30T02:58,2022-05-30T15:14,44151.4,43052.88,,,0.2,0.0,0.0,0.2,1.0,,20.42,5.7,61,18.9,5.7,65,0.0,1014.1,977.1,,19.6,0.177,30.4,10906X0039/C2-1
1976,2022-05-31,2.685378283,42.685696389,3,32.9,21.7,33.5,23.5,2022-05-31T02:58,2022-05-31T15:14,44155.65,43045.71,,,0.0,0.0,0.0,0.0,0.0,,21.57,6.33,26,18.6,6.33,62,0.0,1012.8,976.0,,20.2,0.177,30.5,10906X0039/C2-1
1977,2022-06-01,2.685378283,42.685696389,3,33.1,22.1,33.2,24.1,2022-06-01T02:59,2022-06-01T15:15,44159.73,43038.04,,,0.0,0.0,0.0,0.0,0.0,,21.69,6.47,30,18.3,6.47,61,0.0,1012.3,975.4,,20.9,0.177,30.6,10906X0039/C2-1
1978,2022-06-02,2.685378283,42.685696389,51,32.1,22.2,32.6,23.8,2022-06-02T02:59,2022-06-02T15:15,44163.64,43029.93,,,0.4,0.0,0.0,0.4,4.0,,20.82,6.2,64,18.6,6.2,62,0.0,1012.6,975.7,,21.4,0.176,30.6,10906X0039/C2-1
1979,2022-06-03,2.685378283,42.685696389,51,31.7,22.1,31.7,23.2,2022-06-03T02:59,2022-06-03T15:15,44167.37,43021.4,,,0.7,0.0,0.0,0.7,6.0,,21.05,6.24,63,18.1,6.24,61,0.0,1013.1,976.2,,21.9,0.176,30.6,10906X0039/C2-1
1980,2022-06-04,2.685378283,42.685696389,53,32.1,22.1,32.8,23.5,2022-06-04T02:59,2022-06-04T15:15,44170.92,32058.98,,,2.2,0.0,0.0,2.2,13.0,,18.68,5.39,56,18.9,5.39,66,0.0,1012.6,975.7,,19.1,0.176,30.5,10906X0039/C2-1
1981,2022-06-05,2.685378283,42.685696389,51,32.2,22.5,32.7,24.0,2022-06-05T02:59,2022-06-05T15:15,44174.27,36178.52,,,0.9,0.0,0.0,0.9,8.0,,21.17,6.17,85,18.6,6.17,62,0.0,1011.9,975.0,,20.0,0.175,30.5,10906X0039/C2-1
1982,2022-06-06,2.685378283,42.685696389,51,31.5,21.8,30.4,23.0,2022-06-06T02:59,2022-06-06T15:16,44177.44,39495.81,,,0.1,0.0,0.0,0.1,1.0,,16.65,5.85,81,18.0,5.85,60,0.0,1012.0,975.1,,22.7,0.175,30.5,10906X0039/C2-1
1983,2022-06-07,2.685378283,42.685696389,51,29.0,22.2,28.8,22.8,2022-06-07T03:00,2022-06-07T15:16,44180.4,17564.2,,,0.7,0.0,0.0,0.7,5.0,,10.99,3.92,95,18.9,3.92,68,0.0,1013.0,975.9,,19.8,0.174,30.2,10906X0039/C2-1
1984,2022-06-08,2.685378283,42.685696389,53,30.9,22.5,31.0,24.0,2022-06-08T03:00,2022-06-08T15:16,44183.17,31361.68,,,2.2,0.0,0.0,2.2,8.0,,17.23,4.63,72,19.5,4.63,71,0.0,1013.4,976.3,,19.5,0.175,30.1,10906X0039/C2-1
1985,2022-06-09,2.685378283,42.685696389,51,32.0,21.6,32.3,23.1,2022-06-09T03:00,2022-06-09T15:16,44185.72,40780.97,,,0.6,0.0,0.0,0.6,5.0,,19.21,5.49,83,18.8,5.49,66,0.0,1013.1,976.1,,19.6,0.173,30.1,10906X0039/C2-1
1986,2022-06-10,2.685378283,42.685696389,3,32.1,21.6,31.5,22.9,2022-06-10T03:00,2022-06-10T15:16,44188.05,40924.65,,,0.0,0.0,0.0,0.0,0.0,,20.11,5.95,70,18.3,5.95,63,0.0,1013.8,976.8,,21.3,0.174,30.1,10906X0039/C2-1
1987,2022-06-11,2.685378283,42.685696389,53,30.6,20.8,29.8,22.1,2022-06-11T03:00,2022-06-11T15:17,44190.17,42944.16,,,1.1,0.0,0.0,1.1,4.0,,16.23,4.96,70,18.7,4.96,66,0.0,1014.1,977.0,,20.6,0.175,30.0,10906X0039/C2-1
1988,2022-06-12,2.685378283,42.685696389,53,30.5,22.0,31.1,23.7,2022-06-12T03:00,2022-06-12T15:17,44192.07,29952.73,,,1.9,0.0,0.0,1.9,8.0,,18.51,5.07,58,19.4,5.07,70,0.0,1013.4,976.4,,21.2,0.177,29.9,10906X0039/C2-1
1989,2022-06-13,2.685378283,42.685696389,51,31.2,21.8,31.0,23.1,2022-06-13T03:01,2022-06-13T15:17,44193.76,36000.0,,,1.8,0.0,0.0,1.8,9.0,,19.83,5.46,70,18.9,5.46,67,0.0,1013.5,976.5,,20.7,0.178,29.8,10906X0039/C2-1
1990,2022-06-14,2.685378283,42.685696389,51,31.0,21.0,29.9,22.4,2022-06-14T03:01,2022-06-14T15:17,44195.25,39627.9,,,0.1,0.0,0.0,0.1,1.0,,17.1,5.47,72,17.9,5.47,63,0.0,1013.1,976.1,,20.9,0.178,29.8,10906X0039/C2-1
1991,2022-06-15,2.685378283,42.685696389,3,32.7,21.6,31.6,23.1,2022-06-15T03:01,2022-06-15T15:18,44196.54,40899.17,,,0.0,0.0,0.0,0.0,0.0,,20.98,6.43,67,17.4,6.43,59,0.0,1012.4,975.5,,21.1,0.177,29.9,10906X0039/C2-1
1992,2022-06-16,2.685378283,42.685696389,3,31.9,20.4,32.1,21.7,2022-06-16T03:01,2022-06-16T15:18,44197.62,38573.66,,,0.0,0.0,0.0,0.0,0.0,,18.14,5.39,67,18.2,5.39,63,0.0,1012.3,975.4,,18.8,0.176,30.0,10906X0039/C2-1
1993,2022-06-17,2.685378283,42.685696389,51,31.8,20.8,31.3,22.6,2022-06-17T03:01,2022-06-17T15:18,44198.5,40647.14,,,1.3,0.0,0.0,1.3,4.0,,19.63,5.86,64,17.7,5.86,62,0.0,1012.1,975.1,,19.4,0.176,30.0,10906X0039/C2-1
1994,2022-06-18,2.685378283,42.685696389,51,31.4,20.7,30.2,22.2,2022-06-18T03:02,2022-06-18T15:18,44199.18,36107.81,,,0.4,0.0,0.0,0.4,3.0,,21.12,6.08,78,17.3,6.08,62,0.0,1012.5,975.6,,20.3,0.176,30.0,10906X0039/C2-1
1995,2022-06-19,2.685378283,42.685696389,51,31.8,20.6,30.2,21.7,2022-06-19T03:02,2022-06-19T15:18,44199.65,42849.56,,,0.4,0.0,0.0,0.4,3.0,,19.68,6.17,71,16.7,6.17,58,0.0,1013.4,976.4,,21.0,0.176,29.9,10906X0039/C2-1
1996,2022-06-20,2.685378283,42.685696389,51,31.9,21.3,30.9,23.1,2022-06-20T03:02,2022-06-20T15:19,44199.92,40490.49,,,0.8,0.0,0.0,0.8,5.0,,21.33,6.24,73,18.1,6.24,64,0.0,1014.4,977.3,,22.7,0.176,30.0,10906X0039/C2-1
1997,2022-06-21,2.685378283,42.685696389,51,31.9,21.7,29.9,22.6,2022-06-21T03:02,2022-06-21T15:19,44199.99,41751.59,,,0.2,0.0,0.0,0.2,2.0,,19.62,6.18,85,17.5,6.18,61,0.0,1013.2,976.2,,23.0,0.176,30.0,10906X0039/C2-1
1998,2022-06-22,2.685378283,42.685696389,51,31.6,20.8,31.0,22.0,2022-06-22T03:02,2022-06-22T15:19,44199.86,38139.67,,,0.6,0.0,0.0,0.6,6.0,,18.13,5.65,95,18.0,5.65,64,0.0,1012.5,975.5,,23.1,0.177,29.9,10906X0039/C2-1
1999,2022-06-23,2.685378283,42.685696389,51,30.2,21.7,28.9,22.2,2022-06-23T03:03,2022-06-23T15:19,44199.53,32972.49,,,0.6,0.0,0.0,0.6,4.0,,16.7,5.17,100,18.1,5.17,66,0.0,1013.7,976.6,,24.1,0.177,29.8,10906X0039/C2-1
2000,2022-06-24,2.685378283,42.685696389,53,30.2,21.1,29.2,22.2,2022-06-24T03:03,2022-06-24T15:20,44198.99,26868.71,,,2.4,0.0,0.0,2.4,11.0,,15.73,4.53,86,18.5,4.53,70,0.0,1014.3,977.1,,21.5,0.178,29.5,10906X0039/C2-1
2001,2022-06-25,2.685378283,42.685696389,51,29.9,21.2,28.4,21.8,2022-06-25T03:03,2022-06-25T15:20,44198.26,33591.56,,,0.5,0.0,0.0,0.5,4.0,,15.48,4.86,71,17.0,4.86,62,0.0,1014.0,976.9,,18.5,0.178,29.3,10906X0039/C2-1
2002,2022-06-26,2.685378283,42.685696389,51,31.2,20.7,30.5,20.7,2022-06-26T03:03,2022-06-26T15:20,44197.32,39877.92,,,0.9,0.0,0.0,0.9,6.0,,19.49,5.8,30,17.5,5.8,63,0.0,1014.8,977.6,,23.5,0.179,29.3,10906X0039/C2-1
2003,2022-06-27,2.685378283,42.685696389,51,30.1,21.7,29.1,22.2,2022-06-27T03:04,2022-06-27T15:20,44196.19,39600.0,,,1.5,0.0,0.0,1.5,9.0,,20.43,5.71,58,18.2,5.71,67,0.0,1015.8,978.6,,24.2,0.179,29.2,10906X0039/C2-1
2004,2022-06-28,2.685378283,42.685696389,53,29.0,21.2,28.0,22.0,2022-06-28T03:04,2022-06-28T15:20,44194.85,26522.91,,,4.4,0.0,0.0,4.4,14.0,,15.96,4.25,90,18.6,4.25,74,0.0,1015.5,978.2,,21.8,0.18,29.0,10906X0039/C2-1
2005,2022-06-29,2.685378283,42.685696389,51,29.4,21.3,27.6,21.5,2022-06-29T03:04,2022-06-29T15:21,44193.32,27729.49,,,0.4,0.0,0.0,0.4,3.0,,16.44,5.23,79,16.9,5.23,63,0.0,1015.3,978.1,,22.1,0.18,28.8,10906X0039/C2-1
2006,2022-06-30,2.685378283,42.685696389,53,29.1,21.1,28.1,21.1,2022-06-30T03:04,2022-06-30T15:21,44191.59,36791.06,,,2.1,0.0,0.0,2.1,10.0,,18.13,4.56,54,18.6,4.56,74,0.0,1015.5,978.1,,24.7,0.179,28.6,10906X0039/C2-1
2007,2022-07-01,2.685378283,42.685696389,3,29.5,20.2,27.2,20.6,2022-07-01T03:04,2022-07-01T15:21,44189.67,38406.26,,,0.0,0.0,0.0,0.0,0.0,,17.11,5.32,48,16.1,5.32,62,0.0,1015.9,978.6,,22.2,0.178,28.5,10906X0039/C2-1
2008,2022-07-02,2.685378283,42.685696389,3,29.2,20.2,27.0,20.3,2022-07-02T03:05,2022-07-02T15:21,44187.55,13350.7,,,0.0,0.0,0.0,0.0,0.0,,12.12,4.46,76,16.9,4.46,66,0.0,1015.5,978.2,,22.2,0.178,28.3,10906X0039/C2-1
2009,2022-07-03,2.685378283,42.685696389,3,29.2,20.0,26.3,19.5,2022-07-03T03:05,2022-07-03T15:21,44185.21,33243.11,,,0.0,0.0,0.0,0.0,0.0,,15.75,5.71,85,15.7,5.71,59,0.0,1015.9,978.6,,26.6,0.176,28.3,10906X0039/C2-1
2010,2022-07-04,2.685378283,42.685696389,3,31.1,20.2,29.0,20.5,2022-07-04T03:05,2022-07-04T15:21,44182.65,35070.17,,,0.0,0.0,0.0,0.0,0.0,,17.04,5.78,78,16.4,5.78,61,0.0,1015.6,978.4,,24.3,0.176,28.4,10906X0039/C2-1
2011,2022-07-05,2.685378283,42.685696389,3,29.5,20.3,27.4,20.6,2022-07-05T03:05,2022-07-05T15:21,44179.88,28133.47,,,0.0,0.0,0.0,0.0,0.0,,13.85,5.25,84,16.3,5.25,60,0.0,1014.4,977.2,,23.8,0.176,28.4,10906X0039/C2-1
2012,2022-07-06,2.685378283,42.685696389,3,29.5,20.5,26.6,20.2,2022-07-06T03:05,2022-07-06T15:22,44176.9,20839.33,,,0.0,0.0,0.0,0.0,0.0,,13.36,5.25,97,16.7,5.25,62,0.0,1014.3,977.1,,26.2,0.176,28.4,10906X0039/C2-1
2013,2022-07-07,2.685378283,42.685696389,51,31.4,22.1,28.8,21.9,2022-07-07T03:06,2022-07-07T15:22,44173.72,18087.5,,,0.3,0.0,0.0,0.3,3.0,,12.14,5.06,93,17.5,5.06,63,0.0,1015.5,978.3,,26.9,0.176,28.4,10906X0039/C2-1
2014,2022-07-08,2.685378283,42.685696389,3,29.9,21.5,26.9,21.0,2022-07-08T03:06,2022-07-08T15:22,44170.34,31623.02,,,0.0,0.0,0.0,0.0,0.0,,16.03,5.97,74,16.2,5.97,59,0.0,1016.4,979.1,,26.8,0.176,28.5,10906X0039/C2-1
2015,2022-07-09,2.685378283,42.685696389,3,31.2,21.6,28.1,20.8,2022-07-09T03:06,2022-07-09T15:22,44166.78,20918.24,,,0.0,0.0,0.0,0.0,0.0,,15.75,6.03,89,16.0,6.03,58,0.0,1015.5,978.4,,27.0,0.175,28.4,10906X0039/C2-1
2016,2022-07-10,2.685378283,42.685696389,51,30.2,21.7,28.3,20.9,2022-07-10T03:06,2022-07-10T15:22,44163.03,13863.11,,,1.0,0.0,0.0,1.0,4.0,,13.62,4.83,90,17.3,4.83,66,0.0,1014.8,977.5,,25.7,0.175,28.3,10906X0039/C2-1
2017,2022-07-11,2.685378283,42.685696389,51,29.1,20.7,27.3,20.6,2022-07-11T03:06,2022-07-11T15:22,44159.1,14049.83,,,0.8,0.0,0.0,0.8,4.0,,12.1,4.34,86,17.1,4.34,66,0.0,1015.4,978.1,,22.8,0.176,28.1,10906X0039/C2-1
2018,2022-07-12,2.685378283,42.685696389,51,30.1,19.9,28.3,19.9,2022-07-12T03:06,2022-07-12T15:22,44155.0,36770.06,,,0.5,0.0,0.0,0.5,5.0,,18.53,5.81,89,16.0,5.81,61,0.0,1016.4,979.1,,22.1,0.175,28.1,10906X0039/C2-1
2019,2022-07-13,2.685378283,42.685696389,51,31.8,19.4,29.2,18.5,2022-07-13T03:07,2022-07-13T15:22,44150.73,31804.79,,,0.2,0.0,0.0,0.2,2.0,,17.79,6.3,100,15.8,6.3,56,0.0,1014.6,977.5,,24.5,0.175,28.2,10906X0039/C2-1
2020,2022-07-14,2.685378283,42.685696389,53,30.4,21.7,29.8,22.5,2022-07-14T03:07,2022-07-14T15:23,44146.3,26067.22,,,3.7,0.0,0.0,3.7,18.0,,15.76,4.32,99,19.6,4.32,75,0.0,1013.5,976.4,,23.4,0.175,28.3,10906X0039/C2-1
2021,2022-07-15,2.685378283,42.685696389,53,28.9,20.6,28.9,20.7,2022-07-15T03:07,2022-07-15T15:23,44141.72,28544.36,,,3.6,0.0,0.0,3.6,14.0,,15.97,4.09,82,19.2,4.09,76,0.0,1014.3,977.0,,23.5,0.179,28.0,10906X0039/C2-1
2022,2022-07-16,2.685378283,42.685696389,51,27.7,19.6,26.3,20.1,2022-07-16T03:07,2022-07-16T15:23,44136.99,32667.76,,,0.9,0.0,0.0,0.9,6.0,,15.51,4.39,91,17.8,4.39,70,0.0,1015.2,977.8,,22.3,0.179,27.7,10906X0039/C2-1
2023,2022-07-17,2.685378283,42.685696389,51,29.2,19.8,26.6,20.8,2022-07-17T03:07,2022-07-17T15:23,44132.11,33725.32,,,0.2,0.0,0.0,0.2,2.0,,16.65,5.3,82,16.6,5.3,64,0.0,1015.3,978.0,,24.4,0.178,27.7,10906X0039/C2-1
2024,2022-07-18,2.685378283,42.685696389,51,28.3,19.8,26.6,20.3,2022-07-18T03:07,2022-07-18T15:23,44127.09,32653.87,,,0.3,0.0,0.0,0.3,2.0,,14.82,4.51,72,17.5,4.51,69,0.0,1015.4,978.0,,23.4,0.177,27.6,10906X0039/C2-1
2025,2022-07-19,2.685378283,42.685696389,51,29.7,19.7,27.4,20.0,2022-07-19T03:07,2022-07-19T15:23,44121.94,34049.8,,,0.2,0.0,0.0,0.2,2.0,,18.41,5.78,74,15.5,5.78,61,0.0,1015.6,978.2,,23.3,0.176,27.6,10906X0039/C2-1
2026,2022-07-20,2.685378283,42.685696389,3,28.9,19.1,26.2,19.2,2022-07-20T03:08,2022-07-20T15:23,44116.66,36868.1,,,0.0,0.0,0.0,0.0,0.0,,16.47,5.6,74,14.9,5.6,59,0.0,1015.2,977.9,,23.7,0.174,27.6,10906X0039/C2-1
2027,2022-07-21,2.685378283,42.685696389,3,29.3,18.9,27.3,18.7,2022-07-21T03:08,2022-07-21T15:23,44111.26,37224.92,,,0.0,0.0,0.0,0.0,0.0,,15.73,5.17,55,15.9,5.17,62,0.0,1014.3,977.1,,23.2,0.173,27.6,10906X0039/C2-1
2028,2022-07-22,2.685378283,42.685696389,51,29.1,21.2,27.2,21.1,2022-07-22T03:08,2022-07-22T15:23,44105.74,16943.75,,,0.1,0.0,0.0,0.1,1.0,,12.2,4.51,85,17.4,4.51,66,0.0,1014.8,977.5,,24.1,0.172,27.6,10906X0039/C2-1
2029,2022-07-23,2.685378283,42.685696389,3,31.2,19.5,28.9,20.4,2022-07-23T03:08,2022-07-23T15:23,44100.04,41556.09,,,0.0,0.0,0.0,0.0,0.0,,21.09,6.3,74,15.9,6.3,60,0.0,1014.4,977.2,,22.2,0.171,27.8,10906X0039/C2-1
2030,2022-07-24,2.685378283,42.685696389,3,30.8,20.4,27.3,20.3,2022-07-24T03:08,2022-07-24T15:23,44094.17,32202.05,,,0.0,0.0,0.0,0.0,0.0,,17.04,6.1,94,15.3,6.1,58,0.0,1013.7,976.6,,24.4,0.17,27.9,10906X0039/C2-1
2031,2022-07-25,2.685378283,42.685696389,3,31.9,19.7,29.1,19.7,2022-07-25T03:08,2022-07-25T15:23,44088.14,41577.35,,,0.0,0.0,0.0,0.0,0.0,,20.83,6.83,43,14.6,6.83,56,0.0,1014.2,977.0,,24.6,0.17,28.0,10906X0039/C2-1
2032,2022-07-26,2.685378283,42.685696389,3,32.0,19.1,29.1,19.1,2022-07-26T03:08,2022-07-26T15:23,44081.94,40908.49,,,0.0,0.0,0.0,0.0,0.0,,20.61,6.35,49,15.9,6.35,61,0.0,1013.8,976.7,,24.2,0.17,28.0,10906X0039/C2-1
2033,2022-07-27,2.685378283,42.685696389,3,30.2,19.3,27.9,20.0,2022-07-27T03:08,2022-07-27T15:23,44075.6,37835.33,,,0.0,0.0,0.0,0.0,0.0,,18.36,6.14,63,14.9,6.14,56,0.0,1012.9,975.8,,21.5,0.169,28.1,10906X0039/C2-1
2034,2022-07-28,2.685378283,42.685696389,3,31.9,19.1,29.6,20.3,2022-07-28T03:08,2022-07-28T15:22,44069.12,32966.76,,,0.0,0.0,0.0,0.0,0.0,,19.1,6.41,69,15.3,6.41,57,0.0,1013.3,976.2,,21.5,0.169,28.2,10906X0039/C2-1
2035,2022-07-29,2.685378283,42.685696389,3,32.9,18.9,30.8,19.5,2022-07-29T03:08,2022-07-29T15:22,44062.5,38691.6,,,0.0,0.0,0.0,0.0,0.0,,22.15,6.92,55,15.0,6.92,55,0.0,1014.1,977.0,,20.9,0.169,28.3,10906X0039/C2-1
2036,2022-07-30,2.685378283,42.685696389,3,31.5,20.2,29.5,20.9,2022-07-30T03:08,2022-07-30T15:22,44055.76,41208.48,,,0.0,0.0,0.0,0.0,0.0,,20.15,6.3,71,16.3,6.3,59,0.0,1014.2,977.1,,22.3,0.168,28.5,10906X0039/C2-1
2037,2022-07-31,2.685378283,42.685696389,51,31.4,20.3,30.2,21.5,2022-07-31T03:08,2022-07-31T15:22,44048.91,33806.47,,,0.6,0.0,0.0,0.6,4.0,,18.04,5.71,69,17.0,5.71,62,0.0,1014.0,976.9,,21.3,0.168,28.6,10906X0039/C2-1
2038,2022-08-01,2.685378283,42.685696389,3,32.3,20.8,29.9,21.3,2022-08-01T03:08,2022-08-01T15:22,44041.94,35997.83,,,0.0,0.0,0.0,0.0,0.0,,20.83,6.93,52,15.9,6.93,56,0.0,1014.4,977.3,,24.9,0.168,28.7,10906X0039/C2-1
2039,2022-08-02,2.685378283,42.685696389,3,30.6,20.1,28.0,20.3,2022-08-02T03:08,2022-08-02T15:22,44034.88,31864.29,,,0.0,0.0,0.0,0.0,0.0,,17.29,6.01,53,16.0,6.01,59,0.0,1014.8,977.7,,24.1,0.169,28.6,10906X0039/C2-1
2040,2022-08-03,2.685378283,42.685696389,3,30.0,20.2,27.9,20.6,2022-08-03T03:08,2022-08-03T15:22,44027.72,27042.07,,,0.0,0.0,0.0,0.0,0.0,,16.67,5.62,72,16.8,5.62,63,0.0,1014.2,977.0,,24.3,0.17,28.5,10906X0039/C2-1
2041,2022-08-04,2.685378283,42.685696389,51,30.5,21.2,28.8,21.3,2022-08-04T03:08,2022-08-04T15:22,44020.47,22488.47,,,0.3,0.0,0.0,0.3,3.0,,15.35,5.6,80,16.4,5.6,60,0.0,1014.8,977.6,,23.1,0.169,28.6,10906X0039/C2-1
2042,2022-08-05,2.685378283,42.685696389,3,31.6,20.0,29.5,19.9,2022-08-05T03:08,2022-08-05T15:22,44013.15,27848.37,,,0.0,0.0,0.0,0.0,0.0,,19.48,6.66,64,15.2,6.66,56,0.0,1014.7,977.6,,24.3,0.168,28.6,10906X0039/C2-1
2043,2022-08-06,2.685378283,42.685696389,3,32.1,20.7,30.0,20.3,2022-08-06T03:08,2022-08-06T15:21,44005.75,30480.41,,,0.0,0.0,0.0,0.0,0.0,,21.18,7.01,61,14.9,7.01,54,0.0,1013.6,976.6,,23.9,0.168,28.8,10906X0039/C2-1
2044,2022-08-07,2.685378283,42.685696389,51,29.9,19.5,26.7,19.2,2022-08-07T03:08,2022-08-07T15:21,43998.29,28733.3,,,0.1,0.0,0.0,0.1,1.0,,15.16,6.07,79,14.9,6.07,56,0.0,1013.4,976.2,,25.8,0.167,28.6,10906X0039/C2-1
2045,2022-08-08,2.685378283,42.685696389,3,30.5,20.0,27.9,20.0,2022-08-08T03:08,2022-08-08T15:21,43990.78,31079.13,,,0.0,0.0,0.0,0.0,0.0,,18.0,6.53,62,15.0,6.53,55,0.0,1013.7,976.6,,24.6,0.167,28.7,10906X0039/C2-1
2046,2022-08-09,2.685378283,42.685696389,3,32.5,20.2,30.4,20.3,2022-08-09T03:08,2022-08-09T15:21,43983.21,31847.7,,,0.0,0.0,0.0,0.0,0.0,,21.33,7.2,81,15.2,7.2,54,0.0,1013.5,976.5,,24.6,0.167,28.8,10906X0039/C2-1
2047,2022-08-10,2.685378283,42.685696389,61,30.8,21.2,29.6,21.6,2022-08-10T03:08,2022-08-10T15:21,43975.59,17524.53,,,3.6,0.0,0.0,3.6,8.0,,14.16,4.36,99,18.5,4.36,71,0.0,1013.7,976.5,,22.4,0.168,28.7,10906X0039/C2-1
2048,2022-08-11,2.685378283,42.685696389,53,29.7,20.8,27.5,21.2,2022-08-11T03:08,2022-08-11T15:20,43967.93,29184.37,,,0.9,0.0,0.0,0.9,4.0,,15.57,5.28,90,17.0,5.28,64,0.0,1014.0,976.8,,24.5,0.168,28.5,10906X0039/C2-1
2049,2022-08-12,2.685378283,42.685696389,3,29.6,19.9,26.9,20.1,2022-08-12T03:07,2022-08-12T15:20,43960.16,26130.01,,,0.0,0.0,0.0,0.0,0.0,,14.2,5.23,83,16.0,5.23,60,0.0,1013.8,976.7,,22.5,0.168,28.3,10906X0039/C2-1
2050,2022-08-13,2.685378283,42.685696389,3,31.9,21.2,29.9,21.4,2022-08-13T03:07,2022-08-13T15:20,43952.28,19109.06,,,0.0,0.0,0.0,0.0,0.0,,17.18,6.12,96,16.1,6.12,58,0.0,1012.9,975.9,,23.3,0.167,28.4,10906X0039/C2-1
2051,2022-08-14,2.685378283,42.685696389,51,30.8,20.5,29.1,20.7,2022-08-14T03:07,2022-08-14T15:20,43944.3,29674.07,,,0.2,0.0,0.0,0.2,2.0,,15.61,5.53,92,17.5,5.53,62,0.0,1012.3,975.3,,23.9,0.166,28.5,10906X0039/C2-1
2052,2022-08-15,2.685378283,42.685696389,51,31.8,21.8,30.9,22.9,2022-08-15T03:07,2022-08-15T15:19,43936.23,28800.0,,,0.5,0.0,0.0,0.5,5.0,,19.19,5.74,99,17.8,5.74,63,0.0,1012.4,975.4,,19.9,0.166,28.7,10906X0039/C2-1
2053,2022-08-16,2.685378283,42.685696389,3,32.9,21.2,31.4,22.0,2022-08-16T03:07,2022-08-16T15:19,43928.07,41791.12,,,0.0,0.0,0.0,0.0,0.0,,20.06,6.68,70,16.6,6.68,58,0.0,1012.5,975.6,,23.1,0.165,28.8,10906X0039/C2-1
2054,2022-08-17,2.685378283,42.685696389,51,31.1,21.3,30.9,21.7,2022-08-17T03:07,2022-08-17T15:19,43919.84,35789.67,,,1.1,0.0,0.0,1.1,8.0,,20.22,6.02,72,17.8,6.02,64,0.0,1012.9,975.9,,24.0,0.165,28.9,10906X0039/C2-1
2055,2022-08-18,2.685378283,42.685696389,3,33.0,20.6,31.3,21.7,2022-08-18T03:07,2022-08-18T15:19,43911.53,41428.49,,,0.0,0.0,0.0,0.0,0.0,,23.44,6.95,66,15.5,6.95,56,0.0,1012.9,975.9,,20.2,0.165,29.0,10906X0039/C2-1
2056,2022-08-19,2.685378283,42.685696389,3,33.6,19.9,33.7,21.2,2022-08-19T03:07,2022-08-19T15:18,43903.16,37869.73,,,0.0,0.0,0.0,0.0,0.0,,23.66,6.73,85,17.2,6.73,61,0.0,1013.0,976.1,,20.7,0.164,29.2,10906X0039/C2-1
2057,2022-08-20,2.685378283,42.685696389,51,32.7,20.9,32.8,22.1,2022-08-20T03:06,2022-08-20T15:18,43894.74,32694.29,,,0.1,0.0,0.0,0.1,1.0,,20.56,6.04,78,17.0,6.04,60,0.0,1013.5,976.5,,18.6,0.164,29.2,10906X0039/C2-1
2058,2022-08-21,2.685378283,42.685696389,51,33.4,20.9,32.2,20.6,2022-08-21T03:06,2022-08-21T15:18,43886.26,31185.43,,,0.1,0.0,0.0,0.1,1.0,,17.45,5.91,68,16.5,5.91,59,0.0,1013.5,976.5,,22.4,0.164,29.3,10906X0039/C2-1
2059,2022-08-22,2.685378283,42.685696389,51,33.0,19.9,30.4,20.0,2022-08-22T03:06,2022-08-22T15:17,43877.74,35294.6,,,0.3,0.0,0.0,0.3,3.0,,20.48,6.69,68,15.9,6.69,59,0.0,1013.9,976.8,,24.8,0.164,29.2,10906X0039/C2-1
2060,2022-08-23,2.685378283,42.685696389,3,32.0,20.1,28.7,20.6,2022-08-23T03:06,2022-08-23T15:17,43869.19,35712.14,,,0.0,0.0,0.0,0.0,0.0,,19.57,6.95,78,15.1,6.95,55,0.0,1014.5,977.4,,25.7,0.164,29.1,10906X0039/C2-1
2061,2022-08-24,2.685378283,42.685696389,55,28.8,20.5,27.7,20.7,2022-08-24T03:06,2022-08-24T15:17,43860.62,21744.31,,,2.2,0.0,0.0,2.2,4.0,,13.4,4.2,98,18.0,4.2,70,0.0,1015.5,978.1,,22.9,0.164,28.9,10906X0039/C2-1
2062,2022-08-25,2.685378283,42.685696389,51,31.8,20.8,30.8,21.5,2022-08-25T03:05,2022-08-25T15:16,43852.01,36657.18,,,0.3,0.0,0.0,0.3,3.0,,20.16,6.33,52,16.7,6.33,60,0.0,1014.0,976.9,,23.2,0.164,28.9,10906X0039/C2-1
2063,2022-08-26,2.685378283,42.685696389,3,30.0,20.3,27.1,20.7,2022-08-26T03:05,2022-08-26T15:16,43843.4,29980.76,,,0.0,0.0,0.0,0.0,0.0,,16.01,5.7,78,16.0,5.7,59,0.0,1013.2,976.1,,23.6,0.163,28.9,10906X0039/C2-1
2064,2022-08-27,2.685378283,42.685696389,51,31.5,20.0,30.5,21.2,2022-08-27T03:05,2022-08-27T15:16,43834.77,42664.57,,,0.3,0.0,0.0,0.3,3.0,,22.41,6.62,60,16.2,6.62,59,0.0,1013.5,976.4,,21.8,0.163,29.0,10906X0039/C2-1
2065,2022-08-28,2.685378283,42.685696389,3,31.5,19.5,30.1,20.5,2022-08-28T03:05,2022-08-28T15:15,43826.14,28987.55,,,0.0,0.0,0.0,0.0,0.0,,19.4,6.11,44,15.3,6.11,57,0.0,1013.1,976.1,,20.1,0.164,28.9,10906X0039/C2-1
2066,2022-08-29,2.685378283,42.685696389,3,32.4,20.7,30.7,21.1,2022-08-29T03:05,2022-08-29T15:15,43817.52,39539.14,,,0.0,0.0,0.0,0.0,0.0,,19.8,6.34,57,16.2,6.34,58,0.0,1013.3,976.3,,22.2,0.164,29.0,10906X0039/C2-1
2067,2022-08-30,2.685378283,42.685696389,3,33.3,20.0,32.8,20.6,2022-08-30T03:04,2022-08-30T15:15,43808.9,41066.06,,,0.0,0.0,0.0,0.0,0.0,,23.64,6.77,37,16.5,6.77,59,0.0,1013.3,976.2,,21.4,0.164,29.1,10906X0039/C2-1
2068,2022-08-31,2.685378283,42.685696389,3,33.2,20.2,31.9,21.0,2022-08-31T03:04,2022-08-31T15:14,43800.29,32736.64,,,0.0,0.0,0.0,0.0,0.0,,23.16,7.11,81,16.0,7.11,58,0.0,1013.8,976.7,,23.2,0.164,29.2,10906X0039/C2-1
2069,2022-09-01,2.685378283,42.685696389,3,32.2,19.2,30.2,20.2,2022-09-01T03:04,2022-09-01T15:14,43791.63,39182.58,,,0.0,0.0,0.0,0.0,0.0,,23.39,7.44,56,14.0,7.44,52,0.0,1013.7,976.6,,22.2,0.164,29.3,10906X0039/C2-1
2070,2022-09-02,2.685378283,42.685696389,3,33.9,20.2,32.2,20.2,2022-09-02T03:04,2022-09-02T15:13,43782.9,35545.87,,,0.0,0.0,0.0,0.0,0.0,,22.98,7.54,98,15.3,7.54,54,0.0,1013.7,976.7,,24.5,0.163,29.4,10906X0039/C2-1
2071,2022-09-03,2.685378283,42.685696389,3,31.7,21.8,28.8,21.0,2022-09-03T03:03,2022-09-03T15:13,43774.13,26354.0,,,0.0,0.0,0.0,0.0,0.0,,15.21,6.24,94,15.6,6.24,54,0.0,1014.7,977.7,,25.0,0.163,29.3,10906X0039/C2-1
2072,2022-09-04,2.685378283,42.685696389,3,33.6,20.3,32.5,20.9,2022-09-04T03:03,2022-09-04T15:13,43765.31,34094.05,,,0.0,0.0,0.0,0.0,0.0,,23.19,7.22,58,15.7,7.22,56,0.0,1014.8,977.7,,22.0,0.163,29.4,10906X0039/C2-1
2073,2022-09-05,2.685378283,42.685696389,3,33.5,20.5,32.6,20.8,2022-09-05T03:03,2022-09-05T15:12,43756.45,40864.19,,,0.0,0.0,0.0,0.0,0.0,,20.82,7.01,47,15.6,7.01,55,0.0,1014.2,977.2,,22.9,0.163,29.5,10906X0039/C2-1
2074,2022-09-06,2.685378283,42.685696389,3,32.1,20.4,30.0,20.7,2022-09-06T03:03,2022-09-06T15:12,43747.56,32664.46,,,0.0,0.0,0.0,0.0,0.0,,19.09,6.6,42,15.9,6.6,56,0.0,1013.8,976.8,,23.7,0.163,29.5,10906X0039/C2-1
2075,2022-09-07,2.685378283,42.685696389,3,32.9,20.8,31.1,20.5,2022-09-07T03:02,2022-09-07T15:11,43738.64,32187.2,,,0.0,0.0,0.0,0.0,0.0,,20.56,7.36,71,15.3,7.36,52,0.0,1013.6,976.6,,24.5,0.163,29.5,10906X0039/C2-1
2076,2022-09-08,2.685378283,42.685696389,3,33.7,21.2,32.2,21.1,2022-09-08T03:02,2022-09-08T15:11,43729.71,29423.25,,,0.0,0.0,0.0,0.0,0.0,,21.63,7.54,39,14.9,7.54,51,0.0,1013.3,976.4,,22.5,0.163,29.6,10906X0039/C2-1
2077,2022-09-09,2.685378283,42.685696389,3,34.5,20.4,33.0,20.4,2022-09-09T03:02,2022-09-09T15:10,43720.75,33399.67,,,0.0,0.0,0.0,0.0,0.0,,22.77,7.65,58,15.2,7.65,53,0.0,1013.1,976.2,,23.9,0.162,29.7,10906X0039/C2-1
2078,2022-09-10,2.685378283,42.685696389,51,34.2,20.6,33.6,20.9,2022-09-10T03:01,2022-09-10T15:10,43711.8,42876.1,,,0.1,0.0,0.0,0.1,1.0,,24.85,7.22,90,17.3,7.22,60,0.0,1013.9,976.9,,23.3,0.162,29.8,10906X0039/C2-1
2079,2022-09-11,2.685378283,42.685696389,3,32.3,21.8,30.7,21.8,2022-09-11T03:01,2022-09-11T15:10,43702.83,35721.05,,,0.0,0.0,0.0,0.0,0.0,,19.02,6.18,95,16.6,6.18,57,0.0,1013.4,976.5,,20.6,0.163,29.8,10906X0039/C2-1
2080,2022-09-12,2.685378283,42.685696389,3,34.8,20.6,33.0,21.6,2022-09-12T03:01,2022-09-12T15:09,43693.88,42690.46,,,0.0,0.0,0.0,0.0,0.0,,24.65,7.65,89,15.6,7.65,54,0.0,1012.0,975.2,,21.3,0.164,29.9,10906X0039/C2-1
2081,2022-09-13,2.685378283,42.685696389,3,34.2,20.8,33.8,21.2,2022-09-13T03:01,2022-09-13T15:09,43684.93,32824.06,,,0.0,0.0,0.0,0.0,0.0,,22.4,7.54,97,16.1,7.54,55,0.0,1012.6,975.8,,24.6,0.165,30.0,10906X0039/C2-1
2082,2022-09-14,2.685378283,42.685696389,51,34.1,20.8,32.7,21.0,2022-09-14T03:00,2022-09-14T15:08,43676.0,35275.56,,,0.2,0.0,0.0,0.2,1.0,,22.37,7.25,93,16.7,7.25,57,0.0,1014.3,977.4,,23.6,0.164,30.0,10906X0039/C2-1
2083,2022-09-15,2.685378283,42.685696389,51,33.1,22.5,32.4,23.0,2022-09-15T03:00,2022-09-15T15:08,43667.09,32162.6,,,0.1,0.0,0.0,0.1,1.0,,22.11,6.82,92,17.1,6.82,58,0.0,1015.2,978.2,,22.6,0.164,30.0,10906X0039/C2-1
2084,2022-09-16,2.685378283,42.685696389,51,31.7,22.2,31.8,22.6,2022-09-16T03:00,2022-09-16T15:07,43658.21,38491.41,,,0.5,0.0,0.0,0.5,3.0,,19.29,5.67,70,17.7,5.67,64,0.0,1014.5,977.4,,21.8,0.164,29.9,10906X0039/C2-1
2085,2022-09-17,2.685378283,42.685696389,3,33.3,21.6,32.3,21.7,2022-09-17T02:59,2022-09-17T15:07,43649.36,37295.92,,,0.0,0.0,0.0,0.0,0.0,,20.37,6.54,39,15.6,6.54,55,0.0,1012.9,975.9,,19.7,0.165,29.9,10906X0039/C2-1
2086,2022-09-18,2.685378283,42.685696389,2,34.0,20.1,33.1,21.0,2022-09-18T02:59,2022-09-18T15:07,43640.55,43012.99,,,0.0,0.0,0.0,0.0,0.0,,25.69,7.54,20,16.4,7.54,56,0.0,1012.7,975.9,,21.4,0.163,30.1,10906X0039/C2-1
2087,2022-09-19,2.685378283,42.685696389,3,35.1,22.3,34.6,23.4,2022-09-19T02:59,2022-09-19T15:06,43631.78,41115.01,,,0.0,0.0,0.0,0.0,0.0,,24.74,7.23,69,17.9,7.23,61,0.0,1013.5,976.6,,21.5,0.161,30.3,10906X0039/C2-1
2088,2022-09-20,2.685378283,42.685696389,51,32.5,22.3,33.8,23.4,2022-09-20T02:59,2022-09-20T15:06,43623.04,36000.0,,,0.6,0.0,0.0,0.6,5.0,,19.78,5.97,81,17.9,5.97,60,0.0,1013.2,976.3,,18.4,0.16,30.3,10906X0039/C2-1
2089,2022-09-21,2.685378283,42.685696389,3,32.9,20.9,33.3,22.7,2022-09-21T02:58,2022-09-21T15:05,43614.28,28320.06,,,0.0,0.0,0.0,0.0,0.0,,18.31,5.45,38,18.3,5.45,64,0.0,1012.0,975.1,,18.0,0.16,30.3,10906X0039/C2-1
2090,2022-09-22,2.685378283,42.685696389,53,29.5,21.6,30.8,22.1,2022-09-22T02:58,2022-09-22T15:05,43605.5,29631.82,,,1.8,0.0,0.0,1.8,8.0,,17.18,4.62,81,19.6,4.62,72,0.0,1012.9,975.8,,20.7,0.161,30.0,10906X0039/C2-1
2091,2022-09-23,2.685378283,42.685696389,3,32.6,20.8,33.0,21.9,2022-09-23T02:58,2022-09-23T15:05,43596.69,36832.16,,,0.0,0.0,0.0,0.0,0.0,,22.86,6.39,63,16.7,6.39,60,0.0,1013.0,976.0,,17.7,0.159,30.0,10906X0039/C2-1
2092,2022-09-24,2.685378283,42.685696389,3,33.4,20.6,33.4,21.9,2022-09-24T02:58,2022-09-24T15:04,43587.87,39600.0,,,0.0,0.0,0.0,0.0,0.0,,22.03,6.54,56,16.7,6.54,59,0.0,1012.3,975.4,,19.3,0.156,30.1,10906X0039/C2-1
2093,2022-09-25,2.685378283,42.685696389,53,33.4,21.3,33.6,22.1,2022-09-25T02:57,2022-09-25T15:04,43579.05,29093.1,,,2.7,0.0,0.0,2.7,9.0,,20.5,6.17,77,17.6,6.17,60,0.0,1012.3,975.4,,19.8,0.156,30.1,10906X0039/C2-1
2094,2022-09-26,2.685378283,42.685696389,51,33.4,22.6,34.9,24.2,2022-09-26T02:57,2022-09-26T15:03,43570.22,42213.43,,,1.0,0.0,0.0,1.0,6.0,,20.47,5.86,52,19.1,5.86,65,0.0,1013.4,976.4,,18.7,0.156,30.1,10906X0039/C2-1
2095,2022-09-27,2.685378283,42.685696389,51,33.1,22.4,34.7,24.0,2022-09-27T02:57,2022-09-27T15:03,43561.4,40583.13,,,0.5,0.0,0.0,0.5,4.0,,23.01,6.39,56,18.7,6.39,63,0.0,1013.3,976.4,,18.9,0.155,30.3,10906X0039/C2-1
2096,2022-09-28,2.685378283,42.685696389,51,33.5,22.2,33.7,22.6,2022-09-28T02:57,2022-09-28T15:02,43552.58,38281.14,,,0.1,0.0,0.0,0.1,1.0,,22.76,6.66,46,17.7,6.66,59,0.0,1012.5,975.7,,20.5,0.154,30.4,10906X0039/C2-1
2097,2022-09-29,2.685378283,42.685696389,3,33.3,21.4,32.5,21.7,2022-09-29T02:56,2022-09-29T15:02,43543.78,39534.47,,,0.0,0.0,0.0,0.0,0.0,,21.39,6.78,73,16.5,6.78,58,0.0,1012.6,975.7,,22.6,0.154,30.3,10906X0039/C2-1
2098,2022-09-30,2.685378283,42.685696389,3,33.4,21.7,33.7,22.5,2022-09-30T02:56,2022-09-30T15:02,43535.0,36164.27,,,0.0,0.0,0.0,0.0,0.0,,23.54,7.05,37,16.6,7.05,56,0.0,1013.1,976.2,,20.0,0.154,30.4,10906X0039/C2-1
2099,2022-10-01,2.685378283,42.685696389,1,34.3,20.8,34.3,22.0,2022-10-01T02:56,2022-10-01T15:01,43526.25,43093.12,,,0.0,0.0,0.0,0.0,0.0,,25.52,7.48,12,16.6,7.48,56,0.0,1013.8,976.9,,20.4,0.154,30.6,10906X0039/C2-1
2100,2022-10-02,2.685378283,42.685696389,3,35.1,20.4,33.7,21.1,2022-10-02T02:55,2022-10-02T15:01,43517.53,43068.96,,,0.0,0.0,0.0,0.0,0.0,,25.15,7.7,69,16.0,7.7,55,0.0,1012.5,975.6,,22.0,0.154,30.6,10906X0039/C2-1
2101,2022-10-03,2.685378283,42.685696389,3,33.6,20.8,33.4,20.6,2022-10-03T02:55,2022-10-03T15:00,43508.85,43045.22,,,0.0,0.0,0.0,0.0,0.0,,24.8,7.62,78,14.5,7.62,50,0.0,1012.2,975.3,,20.8,0.154,30.6,10906X0039/C2-1
2102,2022-10-04,2.685378283,42.685696389,3,33.9,21.2,34.4,22.0,2022-10-04T02:55,2022-10-04T15:00,43500.21,39421.97,,,0.0,0.0,0.0,0.0,0.0,,21.86,6.6,64,17.0,6.6,57,0.0,1012.6,975.8,,18.5,0.153,30.7,10906X0039/C2-1
2103,2022-10-05,2.685378283,42.685696389,53,33.9,21.7,35.3,23.3,2022-10-05T02:55,2022-10-05T15:00,43491.62,36938.91,,,1.1,0.0,0.0,1.1,5.0,,21.72,6.13,46,18.3,6.13,62,0.0,1013.3,976.4,,17.6,0.154,30.7,10906X0039/C2-1
2104,2022-10-06,2.685378283,42.685696389,51,34.3,22.0,35.8,24.0,2022-10-06T02:54,2022-10-06T14:59,43483.1,35916.83,,,0.4,0.0,0.0,0.4,2.0,,21.89,6.04,68,18.7,6.04,63,0.0,1013.2,976.3,,16.4,0.154,30.7,10906X0039/C2-1
2105,2022-10-07,2.685378283,42.685696389,53,32.2,22.3,32.5,23.3,2022-10-07T02:54,2022-10-07T14:59,43474.62,36912.23,,,0.7,0.0,0.0,0.7,2.0,,18.93,5.81,72,17.8,5.81,60,0.0,1012.6,975.7,,18.6,0.153,30.6,10906X0039/C2-1
2106,2022-10-08,2.685378283,42.685696389,51,32.9,21.3,33.7,22.9,2022-10-08T02:54,2022-10-08T14:59,43466.22,40483.93,,,0.1,0.0,0.0,0.1,1.0,,23.31,6.51,49,17.9,6.51,61,0.0,1012.9,976.0,,18.7,0.154,30.6,10906X0039/C2-1
2107,2022-10-09,2.685378283,42.685696389,3,32.9,21.6,33.0,23.3,2022-10-09T02:54,2022-10-09T14:58,43457.89,40975.71,,,0.0,0.0,0.0,0.0,0.0,,23.54,6.71,35,17.3,6.71,59,0.0,1013.7,976.8,,19.3,0.153,30.7,10906X0039/C2-1
2108,2022-10-10,2.685378283,42.685696389,3,33.6,21.8,33.5,22.2,2022-10-10T02:54,2022-10-10T14:58,43449.62,42895.97,,,0.0,0.0,0.0,0.0,0.0,,23.96,6.92,39,16.8,6.92,56,0.0,1014.4,977.5,,18.7,0.152,30.8,10906X0039/C2-1
2109,2022-10-11,2.685378283,42.685696389,51,33.1,21.4,34.0,22.2,2022-10-11T02:54,2022-10-11T14:58,43441.36,31642.94,,,0.3,0.0,0.0,0.3,2.0,,18.04,5.88,51,17.3,5.88,59,0.0,1014.1,977.1,,19.7,0.151,30.7,10906X0039/C2-1
2110,2022-10-12,2.685378283,42.685696389,3,32.7,21.1,32.9,22.1,2022-10-12T02:53,2022-10-12T14:57,43433.1,39340.24,,,0.0,0.0,0.0,0.0,0.0,,21.35,6.28,33,16.9,6.28,58,0.0,1013.8,976.8,,18.8,0.151,30.6,10906X0039/C2-1
2111,2022-10-13,2.685378283,42.685696389,51,32.7,21.6,32.6,22.5,2022-10-13T02:53,2022-10-13T14:57,43424.85,39274.62,,,0.3,0.0,0.0,0.3,2.0,,18.52,5.54,47,18.0,5.54,63,0.0,1013.2,976.2,,19.6,0.151,30.5,10906X0039/C2-1
2112,2022-10-14,2.685378283,42.685696389,3,31.6,21.3,31.9,22.7,2022-10-14T02:53,2022-10-14T14:57,43416.6,30592.92,,,0.0,0.0,0.0,0.0,0.0,,16.85,5.08,68,18.2,5.08,64,0.0,1012.7,975.7,,17.7,0.15,30.4,10906X0039/C2-1
2113,2022-10-15,2.685378283,42.685696389,53,33.0,21.8,34.6,23.6,2022-10-15T02:53,2022-10-15T14:56,43408.37,38464.83,,,1.7,0.0,0.0,1.7,4.0,,21.73,5.84,80,18.4,5.84,63,0.0,1011.9,975.0,,15.8,0.151,30.4,10906X0039/C2-1
2114,2022-10-16,2.685378283,42.685696389,3,32.9,21.8,35.2,24.1,2022-10-16T02:53,2022-10-16T14:56,43400.17,40192.55,,,0.0,0.0,0.0,0.0,0.0,,20.79,5.71,78,18.5,5.71,62,0.0,1012.9,976.0,,15.6,0.151,30.5,10906X0039/C2-1
2115,2022-10-17,2.685378283,42.685696389,53,32.8,22.3,34.8,24.6,2022-10-17T02:53,2022-10-17T14:56,43392.01,30152.73,,,1.6,0.0,0.0,1.6,8.0,,17.94,4.93,93,19.4,4.93,67,0.0,1014.3,977.3,,15.8,0.151,30.3,10906X0039/C2-1
2116,2022-10-18,2.685378283,42.685696389,63,31.1,22.2,33.2,24.1,2022-10-18T02:52,2022-10-18T14:56,43383.88,29777.5,,,6.1,0.0,0.0,6.1,5.0,,17.0,4.32,87,19.7,4.32,72,0.0,1014.9,977.8,,13.2,0.155,30.1,10906X0039/C2-1
2117,2022-10-19,2.685378283,42.685696389,61,30.6,21.7,31.3,23.2,2022-10-19T02:52,2022-10-19T14:55,43375.79,29003.61,,,5.6,0.0,0.0,5.6,8.0,,15.5,3.98,54,19.5,3.98,73,0.0,1014.0,976.9,,14.5,0.167,29.6,10906X0039/C2-1
2118,2022-10-20,2.685378283,42.685696389,3,33.1,20.5,34.5,22.3,2022-10-20T02:52,2022-10-20T14:55,43367.75,41657.88,,,0.0,0.0,0.0,0.0,0.0,,23.38,5.94,38,17.8,5.94,64,0.0,1013.0,976.0,,15.8,0.162,29.5,10906X0039/C2-1
2119,2022-10-21,2.685378283,42.685696389,53,31.0,21.7,33.1,23.5,2022-10-21T02:52,2022-10-21T14:55,43359.78,36035.7,,,2.1,0.0,0.0,2.1,8.0,,17.32,4.41,86,19.6,4.41,72,0.0,1013.8,976.7,,15.8,0.159,29.3,10906X0039/C2-1
2120,2022-10-22,2.685378283,42.685696389,51,31.4,20.9,33.4,23.6,2022-10-22T02:52,2022-10-22T14:55,43351.87,36444.92,,,0.4,0.0,0.0,0.4,2.0,,17.98,4.6,63,19.0,4.6,67,0.0,1014.5,977.5,,12.1,0.158,29.2,10906X0039/C2-1
2121,2022-10-23,2.685378283,42.685696389,51,32.1,21.3,35.9,23.4,2022-10-23T02:52,2022-10-23T14:54,43344.02,39080.4,,,0.4,0.0,0.0,0.4,3.0,,20.88,5.09,45,19.3,5.09,66,0.0,1014.9,977.9,,11.6,0.154,29.3,10906X0039/C2-1
2122,2022-10-24,2.685378283,42.685696389,51,32.7,21.7,36.8,24.4,2022-10-24T02:52,2022-10-24T14:54,43336.26,42668.05,,,0.3,0.0,0.0,0.3,3.0,,23.32,5.6,20,19.3,5.6,64,0.0,1012.9,976.1,,11.7,0.154,29.6,10906X0039/C2-1
2123,2022-10-25,2.685378283,42.685696389,3,32.7,22.5,35.6,25.0,2022-10-25T02:52,2022-10-25T14:54,43328.58,37155.94,,,0.0,0.0,0.0,0.0,0.0,,17.71,4.56,48,19.9,4.56,67,0.0,1012.4,975.6,,12.7,0.153,29.6,10906X0039/C2-1
2124,2022-10-26,2.685378283,42.685696389,51,32.6,22.2,34.4,24.8,2022-10-26T02:52,2022-10-26T14:54,43320.99,33586.64,,,0.1,0.0,0.0,0.1,1.0,,15.34,4.34,70,19.6,4.34,65,0.0,1012.5,975.7,,12.0,0.151,29.6,10906X0039/C2-1
2125,2022-10-27,2.685378283,42.685696389,63,29.3,22.3,32.3,25.3,2022-10-27T02:52,2022-10-27T14:54,43313.49,31500.63,,,9.9,0.0,0.0,9.9,17.0,,13.58,3.25,73,20.6,3.25,77,0.0,1013.7,976.5,,11.0,0.151,29.4,10906X0039/C2-1
2126,2022-10-28,2.685378283,42.685696389,55,28.9,21.7,34.1,24.9,2022-10-28T02:52,2022-10-28T14:53,43306.11,29389.48,,,2.9,0.0,0.0,2.9,9.0,,15.84,3.27,72,21.2,3.27,82,0.0,1012.7,975.5,,8.2,0.163,29.0,10906X0039/C2-1
2127,2022-10-29,2.685378283,42.685696389,65,28.9,22.2,31.9,25.0,2022-10-29T02:52,2022-10-29T14:53,43298.83,21522.93,,,14.6,0.0,0.0,14.6,8.0,,12.65,2.86,94,20.9,2.86,82,0.0,1012.2,975.0,,9.9,0.167,28.7,10906X0039/C2-1
2128,2022-10-30,2.685378283,42.685696389,55,27.5,21.9,30.9,24.4,2022-10-30T02:52,2022-10-30T14:53,43291.66,16044.92,,,5.9,0.0,0.0,5.9,9.0,,11.34,2.44,92,21.1,2.44,85,0.0,1012.7,975.4,,9.2,0.203,28.2,10906X0039/C2-1
2129,2022-10-31,2.685378283,42.685696389,51,31.1,21.2,35.2,23.6,2022-10-31T02:52,2022-10-31T14:53,43284.53,38777.79,,,0.8,0.0,0.0,0.8,6.0,,19.74,4.13,40,20.7,4.13,81,0.0,1012.9,975.8,,10.4,0.198,28.1,10906X0039/C2-1
2130,2022-11-01,2.685378283,42.685696389,53,29.7,21.4,33.3,24.2,2022-11-01T02:52,2022-11-01T14:53,43277.44,37856.9,,,1.6,0.0,0.0,1.6,6.0,,16.28,3.52,60,20.6,3.52,81,0.0,1014.0,976.7,,10.3,0.192,28.0,10906X0039/C2-1
2131,2022-11-02,2.685378283,42.685696389,61,29.5,21.6,32.4,24.2,2022-11-02T02:52,2022-11-02T14:53,43270.4,31797.9,,,2.2,0.0,0.0,2.2,6.0,,17.0,3.74,54,20.5,3.74,78,0.0,1013.4,976.3,,10.4,0.188,27.9,10906X0039/C2-1
2132,2022-11-03,2.685378283,42.685696389,51,30.3,20.9,34.1,23.8,2022-11-03T02:52,2022-11-03T14:53,43263.4,42594.25,,,0.3,0.0,0.0,0.3,2.0,,20.69,4.46,28,20.3,4.46,77,0.0,1012.8,975.7,,10.7,0.185,28.0,10906X0039/C2-1
2133,2022-11-04,2.685378283,42.685696389,53,30.2,21.3,35.8,24.2,2022-11-04T02:52,2022-11-04T14:53,43256.46,35391.37,,,1.3,0.0,0.0,1.3,4.0,,17.91,3.81,32,20.6,3.81,78,0.0,1012.6,975.5,,9.8,0.184,27.9,10906X0039/C2-1
2134,2022-11-05,2.685378283,42.685696389,51,31.0,21.3,34.6,23.8,2022-11-05T02:52,2022-11-05T14:53,43249.58,42589.26,,,0.8,0.0,0.0,0.8,4.0,,19.49,4.33,52,20.5,4.33,77,0.0,1013.1,976.0,,12.0,0.181,27.8,10906X0039/C2-1
2135,2022-11-06,2.685378283,42.685696389,51,30.9,21.3,34.9,23.8,2022-11-06T02:52,2022-11-06T14:53,43242.78,39266.49,,,0.7,0.0,0.0,0.7,4.0,,19.8,4.53,71,20.3,4.53,74,0.0,1013.6,976.5,,12.1,0.176,27.8,10906X0039/C2-1
2136,2022-11-07,2.685378283,42.685696389,51,31.3,21.1,35.2,23.2,2022-11-07T02:52,2022-11-07T14:53,43236.05,42587.4,,,0.3,0.0,0.0,0.3,3.0,,22.45,5.12,55,20.2,5.12,72,0.0,1013.5,976.5,,12.4,0.173,28.0,10906X0039/C2-1
2137,2022-11-08,2.685378283,42.685696389,51,31.9,21.3,35.4,23.9,2022-11-08T02:52,2022-11-08T14:53,43229.41,38715.25,,,0.1,0.0,0.0,0.1,1.0,,21.16,4.82,57,19.8,4.82,69,0.0,1013.0,976.0,,10.5,0.17,28.1,10906X0039/C2-1
2138,2022-11-09,2.685378283,42.685696389,3,31.7,21.4,36.1,23.5,2022-11-09T02:52,2022-11-09T14:53,43222.87,41239.95,,,0.0,0.0,0.0,0.0,0.0,,22.42,5.1,85,19.9,5.1,70,0.0,1012.2,975.2,,10.9,0.172,28.1,10906X0039/C2-1
2139,2022-11-10,2.685378283,42.685696389,3,32.4,22.1,34.3,24.1,2022-11-10T02:53,2022-11-10T14:53,43216.42,42590.66,,,0.0,0.0,0.0,0.0,0.0,,19.73,4.99,96,20.1,4.99,70,0.0,1012.0,975.1,,15.4,0.172,28.1,10906X0039/C2-1
2140,2022-11-11,2.685378283,42.685696389,3,32.8,21.4,35.1,23.7,2022-11-11T02:53,2022-11-11T14:53,43210.08,42593.4,,,0.0,0.0,0.0,0.0,0.0,,23.57,5.75,90,19.4,5.75,67,0.0,1012.7,975.8,,14.9,0.175,28.2,10906X0039/C2-1
2141,2022-11-12,2.685378283,42.685696389,3,32.7,21.3,35.7,23.2,2022-11-12T02:53,2022-11-12T14:53,43203.85,42596.99,,,0.0,0.0,0.0,0.0,0.0,,22.95,5.59,47,19.2,5.59,66,0.0,1013.1,976.1,,13.4,0.175,28.4,10906X0039/C2-1
2142,2022-11-13,2.685378283,42.685696389,51,31.9,21.9,36.3,24.6,2022-11-13T02:53,2022-11-13T14:53,43197.75,35750.3,,,0.3,0.0,0.0,0.3,2.0,,18.46,4.36,52,19.8,4.36,70,0.0,1013.2,976.2,,10.3,0.175,28.4,10906X0039/C2-1
2143,2022-11-14,2.685378283,42.685696389,51,32.7,21.5,36.3,24.2,2022-11-14T02:53,2022-11-14T14:53,43191.78,42606.74,,,0.4,0.0,0.0,0.4,3.0,,22.44,5.49,28,19.5,5.49,67,0.0,1012.8,975.9,,12.1,0.176,28.5,10906X0039/C2-1
2144,2022-11-15,2.685378283,42.685696389,3,32.9,21.9,35.5,24.7,2022-11-15T02:53,2022-11-15T14:53,43185.95,42612.92,,,0.0,0.0,0.0,0.0,0.0,,21.21,5.52,24,19.4,5.52,65,0.0,1012.1,975.3,,14.2,0.176,28.8,10906X0039/C2-1
2145,2022-11-16,2.685378283,42.685696389,51,32.6,22.1,35.3,24.9,2022-11-16T02:54,2022-11-16T14:53,43180.26,41970.64,,,0.2,0.0,0.0,0.2,2.0,,20.03,5.33,42,18.9,5.33,63,0.0,1011.3,974.5,,12.8,0.172,29.0,10906X0039/C2-1
2146,2022-11-17,2.685378283,42.685696389,51,34.0,22.1,36.4,24.4,2022-11-17T02:54,2022-11-17T14:53,43174.73,41563.01,,,0.1,0.0,0.0,0.1,1.0,,22.17,5.95,23,18.9,5.95,62,0.0,1011.4,974.7,,14.1,0.172,29.3,10906X0039/C2-1
2147,2022-11-18,2.685378283,42.685696389,3,33.0,22.4,35.4,25.5,2022-11-18T02:54,2022-11-18T14:54,43169.36,37849.88,,,0.0,0.0,0.0,0.0,0.0,,17.87,4.86,56,19.5,4.86,64,0.0,1011.6,974.8,,12.5,0.171,29.4,10906X0039/C2-1
2148,2022-11-19,2.685378283,42.685696389,51,34.2,23.1,36.1,25.9,2022-11-19T02:54,2022-11-19T14:54,43164.14,42476.98,,,0.1,0.0,0.0,0.1,1.0,,21.88,6.09,36,19.1,6.09,62,0.0,1011.7,975.0,,15.2,0.171,29.5,10906X0039/C2-1
2149,2022-11-20,2.685378283,42.685696389,3,33.2,22.6,36.8,25.8,2022-11-20T02:55,2022-11-20T14:54,43159.03,42657.66,,,0.0,0.0,0.0,0.0,0.0,,20.2,5.31,68,19.6,5.31,63,0.0,1011.5,974.8,,11.8,0.17,29.9,10906X0039/C2-1
2150,2022-11-21,2.685378283,42.685696389,63,29.5,22.9,32.3,25.4,2022-11-21T02:55,2022-11-21T14:54,43154.01,39706.7,,,16.6,0.0,0.0,16.6,8.0,,16.78,3.75,49,20.6,3.75,74,0.0,1011.6,974.6,,10.2,0.175,29.6,10906X0039/C2-1
2151,2022-11-22,2.685378283,42.685696389,3,33.3,23.2,35.7,24.7,2022-11-22T02:55,2022-11-22T14:54,43149.1,38239.73,,,0.0,0.0,0.0,0.0,0.0,,20.24,5.74,75,18.6,5.74,60,0.0,1011.0,974.3,,14.4,0.179,29.3,10906X0039/C2-1
2152,2022-11-23,2.685378283,42.685696389,3,33.2,22.1,34.9,23.7,2022-11-23T02:56,2022-11-23T14:55,43144.3,42697.12,,,0.0,0.0,0.0,0.0,0.0,,22.85,6.07,33,18.2,6.07,61,0.0,1012.1,975.3,,16.5,0.175,29.3,10906X0039/C2-1
2153,2022-11-24,2.685378283,42.685696389,3,33.3,21.7,36.1,23.7,2022-11-24T02:56,2022-11-24T14:55,43139.6,42712.26,,,0.0,0.0,0.0,0.0,0.0,,23.35,5.93,21,18.3,5.93,61,0.0,1012.3,975.5,,13.6,0.172,29.4,10906X0039/C2-1
2154,2022-11-25,2.685378283,42.685696389,3,34.1,21.8,36.8,24.7,2022-11-25T02:56,2022-11-25T14:55,43135.03,42715.89,,,0.0,0.0,0.0,0.0,0.0,,22.85,5.6,59,18.5,5.6,61,0.0,1012.0,975.3,,11.1,0.169,29.6,10906X0039/C2-1
2155,2022-11-26,2.685378283,42.685696389,3,33.0,23.3,36.7,25.4,2022-11-26T02:57,2022-11-26T14:55,43130.59,40508.69,,,0.0,0.0,0.0,0.0,0.0,,20.3,5.12,83,19.2,5.12,64,0.0,1011.3,974.5,,11.5,0.172,29.7,10906X0039/C2-1
2156,2022-11-27,2.685378283,42.685696389,55,33.8,22.3,36.2,25.3,2022-11-27T02:57,2022-11-27T14:56,43126.27,42024.99,,,2.4,0.0,0.0,2.4,4.0,,20.35,5.08,92,19.3,5.08,66,0.0,1009.8,973.0,,12.0,0.175,29.6,10906X0039/C2-1
2157,2022-11-28,2.685378283,42.685696389,51,33.8,22.3,35.9,24.7,2022-11-28T02:57,2022-11-28T14:56,43122.1,42702.28,,,0.2,0.0,0.0,0.2,2.0,,22.08,5.87,30,19.1,5.87,62,0.0,1009.1,972.4,,14.4,0.172,29.8,10906X0039/C2-1
2158,2022-11-29,2.685378283,42.685696389,2,34.1,22.7,34.7,24.6,2022-11-29T02:58,2022-11-29T14:56,43118.07,42698.01,,,0.0,0.0,0.0,0.0,0.0,,22.67,6.47,15,18.4,6.47,59,0.0,1009.1,972.6,,17.9,0.17,29.9,10906X0039/C2-1
2159,2022-11-30,2.685378283,42.685696389,1,34.6,22.5,34.5,24.1,2022-11-30T02:58,2022-11-30T14:57,43114.19,42693.87,,,0.0,0.0,0.0,0.0,0.0,,23.08,6.9,14,16.9,6.9,55,0.0,1009.8,973.2,,18.3,0.17,30.1,10906X0039/C2-1
2160,2022-12-01,2.685378283,42.685696389,3,36.0,22.3,35.5,23.8,2022-12-01T02:59,2022-12-01T14:57,43110.46,42689.87,,,0.0,0.0,0.0,0.0,0.0,,23.03,6.79,70,16.3,6.79,54,0.0,1010.1,973.5,,16.3,0.173,30.3,10906X0039/C2-1
2161,2022-12-02,2.685378283,42.685696389,61,33.3,22.6,35.7,24.2,2022-12-02T02:59,2022-12-02T14:57,43106.89,32061.95,,,2.5,0.0,0.0,2.5,2.0,,17.36,4.5,71,19.6,4.5,71,0.0,1011.0,974.0,,14.4,0.177,30.2,10906X0039/C2-1
2162,2022-12-03,2.685378283,42.685696389,55,31.9,22.5,32.8,24.7,2022-12-03T02:59,2022-12-03T14:58,43103.5,42462.96,,,2.2,0.0,0.0,2.2,5.0,,18.45,4.58,50,20.3,4.58,73,0.0,1010.5,973.6,,15.8,0.182,29.6,10906X0039/C2-1
2163,2022-12-04,2.685378283,42.685696389,51,33.0,21.7,34.2,23.7,2022-12-04T03:00,2022-12-04T14:58,43100.28,39078.85,,,0.1,0.0,0.0,0.1,1.0,,21.94,6.02,15,17.1,6.02,58,0.0,1010.9,974.1,,14.3,0.18,29.4,10906X0039/C2-1
2164,2022-12-05,2.685378283,42.685696389,51,33.6,21.4,34.5,23.2,2022-12-05T03:00,2022-12-05T14:58,43097.24,42675.51,,,0.1,0.0,0.0,0.1,1.0,,23.27,6.06,53,16.7,6.06,56,0.0,1011.6,974.8,,13.2,0.177,29.4,10906X0039/C2-1
2165,2022-12-06,2.685378283,42.685696389,3,34.2,21.9,35.8,24.6,2022-12-06T03:01,2022-12-06T14:59,43094.38,42672.36,,,0.0,0.0,0.0,0.0,0.0,,22.5,6.0,59,18.6,6.0,61,0.0,1011.1,974.4,,14.3,0.176,29.6,10906X0039/C2-1
2166,2022-12-07,2.685378283,42.685696389,3,34.9,23.0,38.3,24.9,2022-12-07T03:01,2022-12-07T14:59,43091.72,42669.4,,,0.0,0.0,0.0,0.0,0.0,,20.13,5.61,56,18.4,5.61,58,0.0,1010.4,973.8,,12.7,0.175,29.9,10906X0039/C2-1
2167,2022-12-08,2.685378283,42.685696389,53,34.5,23.3,36.5,25.7,2022-12-08T03:01,2022-12-08T15:00,43089.26,41078.72,,,0.5,0.0,0.0,0.5,1.0,,21.2,5.72,46,19.0,5.72,60,0.0,1011.5,974.8,,13.1,0.174,30.2,10906X0039/C2-1
2168,2022-12-09,2.685378283,42.685696389,51,33.8,23.5,36.0,25.6,2022-12-09T03:02,2022-12-09T15:00,43086.99,39552.2,,,0.1,0.0,0.0,0.1,1.0,,19.0,5.11,46,19.0,5.11,61,0.0,1011.5,974.7,,11.8,0.173,30.2,10906X0039/C2-1
2169,2022-12-10,2.685378283,42.685696389,51,33.6,22.4,36.7,25.5,2022-12-10T03:02,2022-12-10T15:00,43084.9,42662.3,,,0.3,0.0,0.0,0.3,3.0,,21.67,5.34,76,19.2,5.34,63,0.0,1011.3,974.5,,11.1,0.171,30.3,10906X0039/C2-1
2170,2022-12-11,2.685378283,42.685696389,3,34.8,22.5,35.6,25.0,2022-12-11T03:03,2022-12-11T15:01,43082.97,42660.49,,,0.0,0.0,0.0,0.0,0.0,,21.06,6.02,41,17.5,6.02,55,0.0,1011.3,974.7,,13.7,0.169,30.5,10906X0039/C2-1
2171,2022-12-12,2.685378283,42.685696389,3,36.3,22.4,35.8,23.9,2022-12-12T03:03,2022-12-12T15:01,43081.21,42658.83,,,0.0,0.0,0.0,0.0,0.0,,22.69,7.06,14,14.3,7.06,46,0.0,1010.3,973.8,,15.0,0.168,30.7,10906X0039/C2-1
2172,2022-12-13,2.685378283,42.685696389,2,36.4,21.7,35.1,23.4,2022-12-13T03:04,2022-12-13T15:02,43079.62,42657.31,,,0.0,0.0,0.0,0.0,0.0,,23.91,7.23,6,13.6,7.23,45,0.0,1010.8,974.2,,14.6,0.168,30.8,10906X0039/C2-1
2173,2022-12-14,2.685378283,42.685696389,0,36.1,22.2,35.7,24.2,2022-12-14T03:04,2022-12-14T15:02,43078.2,42655.95,,,0.0,0.0,0.0,0.0,0.0,,24.24,7.1,2,14.6,7.1,48,0.0,1011.0,974.4,,14.9,0.167,31.0,10906X0039/C2-1
2174,2022-12-15,2.685378283,42.685696389,1,36.4,22.0,36.6,22.3,2022-12-15T03:05,2022-12-15T15:03,43076.95,42654.74,,,0.0,0.0,0.0,0.0,0.0,,24.19,7.03,8,14.0,7.03,45,0.0,1009.9,973.3,,13.3,0.167,31.2,10906X0039/C2-1
2175,2022-12-16,2.685378283,42.685696389,2,35.4,21.9,36.0,23.4,2022-12-16T03:05,2022-12-16T15:03,43075.88,42642.66,,,0.0,0.0,0.0,0.0,0.0,,23.86,6.89,7,14.4,6.89,48,0.0,1009.6,973.0,,13.7,0.167,31.3,10906X0039/C2-1
2176,2022-12-17,2.685378283,42.685696389,3,35.5,21.7,35.7,22.3,2022-12-17T03:06,2022-12-17T15:04,43074.98,42612.06,,,0.0,0.0,0.0,0.0,0.0,,24.01,7.07,16,13.9,7.07,44,0.0,1009.2,972.7,,14.2,0.166,31.4,10906X0039/C2-1
2177,2022-12-18,2.685378283,42.685696389,3,35.5,21.8,34.3,21.8,2022-12-18T03:06,2022-12-18T15:04,43074.25,42581.27,,,0.0,0.0,0.0,0.0,0.0,,24.74,7.71,50,13.2,7.71,44,0.0,1009.5,973.0,,17.4,0.166,31.4,10906X0039/C2-1
2178,2022-12-19,2.685378283,42.685696389,3,36.0,21.3,34.3,21.8,2022-12-19T03:07,2022-12-19T15:05,43073.7,42550.39,,,0.0,0.0,0.0,0.0,0.0,,24.8,7.8,13,12.2,7.8,41,0.0,1009.0,972.4,,15.9,0.165,31.4,10906X0039/C2-1
2179,2022-12-20,2.685378283,42.685696389,3,36.1,22.3,35.8,21.9,2022-12-20T03:07,2022-12-20T15:05,43073.33,42519.51,,,0.0,0.0,0.0,0.0,0.0,,23.94,7.61,51,13.7,7.61,43,0.0,1008.3,971.9,,16.1,0.165,31.5,10906X0039/C2-1
2180,2022-12-21,2.685378283,42.685696389,3,36.5,23.4,36.5,24.6,2022-12-21T03:08,2022-12-21T15:06,43073.14,42488.72,,,0.0,0.0,0.0,0.0,0.0,,22.87,7.15,74,16.1,7.15,47,0.0,1009.4,972.9,,15.7,0.164,31.7,10906X0039/C2-1
2181,2022-12-22,2.685378283,42.685696389,2,35.6,23.5,35.8,24.2,2022-12-22T03:08,2022-12-22T15:06,43073.12,42458.12,,,0.0,0.0,0.0,0.0,0.0,,22.6,7.04,26,16.7,7.04,50,0.0,1009.5,973.1,,17.6,0.164,31.8,10906X0039/C2-1
2182,2022-12-23,2.685378283,42.685696389,2,36.0,23.0,36.8,22.9,2022-12-23T03:09,2022-12-23T15:07,43073.29,42427.79,,,0.0,0.0,0.0,0.0,0.0,,22.81,7.38,28,16.0,7.38,47,0.0,1010.1,973.7,,17.0,0.164,31.9,10906X0039/C2-1
2183,2022-12-24,2.685378283,42.685696389,2,35.4,22.8,36.2,23.7,2022-12-24T03:09,2022-12-24T15:07,43073.64,42397.85,,,0.0,0.0,0.0,0.0,0.0,,22.53,6.81,24,16.9,6.81,52,0.0,1011.1,974.5,,16.2,0.163,32.0,10906X0039/C2-1
2184,2022-12-25,2.685378283,42.685696389,2,36.5,22.5,38.2,23.0,2022-12-25T03:10,2022-12-25T15:08,43074.17,42368.37,,,0.0,0.0,0.0,0.0,0.0,,23.22,6.81,13,16.4,6.81,51,0.0,1011.6,975.0,,15.2,0.163,32.1,10906X0039/C2-1
2185,2022-12-26,2.685378283,42.685696389,1,36.4,22.1,36.1,23.3,2022-12-26T03:10,2022-12-26T15:08,43074.89,42339.46,,,0.0,0.0,0.0,0.0,0.0,,23.37,7.27,8,16.7,7.27,53,0.0,1012.0,975.3,,17.3,0.163,32.2,10906X0039/C2-1
2186,2022-12-27,2.685378283,42.685696389,3,35.4,22.1,35.9,22.9,2022-12-27T03:11,2022-12-27T15:09,43075.78,42311.19,,,0.0,0.0,0.0,0.0,0.0,,23.08,7.15,36,16.4,7.15,52,0.0,1012.7,976.0,,18.1,0.163,32.2,10906X0039/C2-1
2187,2022-12-28,2.685378283,42.685696389,3,36.4,21.8,35.8,22.9,2022-12-28T03:11,2022-12-28T15:09,43076.86,42283.69,,,0.0,0.0,0.0,0.0,0.0,,24.32,7.95,32,14.8,7.95,47,0.0,1012.5,975.9,,17.9,0.162,32.2,10906X0039/C2-1
2188,2022-12-29,2.685378283,42.685696389,3,35.9,22.2,34.2,22.9,2022-12-29T03:12,2022-12-29T15:10,43078.14,42257.01,,,0.0,0.0,0.0,0.0,0.0,,24.09,8.1,27,13.1,8.1,42,0.0,1012.5,975.9,,18.0,0.162,32.2,10906X0039/C2-1
2189,2022-12-30,2.685378283,42.685696389,3,35.9,22.7,34.7,21.7,2022-12-30T03:12,2022-12-30T15:10,43079.61,42230.55,,,0.0,0.0,0.0,0.0,0.0,,24.61,8.36,52,12.6,8.36,40,0.0,1013.8,977.2,,19.1,0.162,32.2,10906X0039/C2-1
2190,2022-12-31,2.685378283,42.685696389,3,36.1,22.3,35.1,22.4,2022-12-31T03:13,2022-12-31T15:11,43081.29,42204.01,,,0.0,0.0,0.0,0.0,0.0,,24.29,8.3,29,13.8,8.3,43,0.0,1013.7,977.0,,19.3,0.162,32.2,10906X0039/C2-1
2191,2023-01-01,2.685378283,42.685696389,51,34.8,23.9,35.2,24.6,2023-01-01T03:13,2023-01-01T15:11,43083.16,41316.1,,,0.4,0.0,0.0,0.4,2.0,,21.77,7.01,29,16.9,7.01,50,0.0,1013.5,976.8,,16.6,0.162,32.2,10906X0039/C2-1
2192,2023-01-02,2.685378283,42.685696389,53,34.0,23.5,34.8,24.4,2023-01-02T03:13,2023-01-02T15:12,43085.22,34583.06,,,2.5,0.0,0.0,2.5,5.0,,16.85,5.53,61,18.1,5.53,58,0.0,1013.3,976.5,,16.2,0.161,31.8,10906X0039/C2-1
2193,2023-01-03,2.685378283,42.685696389,3,34.7,23.4,32.3,24.0,2023-01-03T03:14,2023-01-03T15:12,43087.47,26461.41,,,0.0,0.0,0.0,0.0,0.0,,16.98,6.45,63,13.5,6.45,43,0.0,1013.6,976.9,,16.0,0.159,31.6,10906X0039/C2-1
2194,2023-01-04,2.685378283,42.685696389,3,36.3,22.5,35.2,23.0,2023-01-04T03:14,2023-01-04T15:12,43089.9,42098.35,,,0.0,0.0,0.0,0.0,0.0,,24.75,8.23,42,13.6,8.23,43,0.0,1012.7,976.1,,18.1,0.157,31.7,10906X0039/C2-1
2195,2023-01-05,2.685378283,42.685696389,3,36.2,22.5,34.5,22.8,2023-01-05T03:15,2023-01-05T15:13,43092.51,42072.41,,,0.0,0.0,0.0,0.0,0.0,,24.9,8.25,9,12.8,8.25,42,0.0,1011.9,975.4,,18.9,0.154,31.8,10906X0039/C2-1
2196,2023-01-06,2.685378283,42.685696389,3,37.4,22.0,35.6,21.3,2023-01-06T03:15,2023-01-06T15:13,43095.29,35284.93,,,0.0,0.0,0.0,0.0,0.0,,23.6,8.19,53,13.4,8.19,43,0.0,1012.0,975.5,,19.8,0.15,31.9,10906X0039/C2-1
2197,2023-01-07,2.685378283,42.685696389,3,37.8,22.3,36.1,21.5,2023-01-07T03:16,2023-01-07T15:14,43098.24,42021.59,,,0.0,0.0,0.0,0.0,0.0,,23.44,8.21,24,14.3,8.21,45,0.0,1011.3,974.8,,20.3,0.149,32.0,10906X0039/C2-1
2198,2023-01-08,2.685378283,42.685696389,3,36.0,22.7,35.8,23.8,2023-01-08T03:16,2023-01-08T15:14,43101.36,41996.84,,,0.0,0.0,0.0,0.0,0.0,,23.58,7.14,24,16.4,7.14,51,0.0,1011.8,975.2,,17.1,0.149,32.2,10906X0039/C2-1
2199,2023-01-09,2.685378283,42.685696389,3,36.5,22.6,36.7,22.8,2023-01-09T03:16,2023-01-09T15:15,43104.63,41972.63,,,0.0,0.0,0.0,0.0,0.0,,23.43,7.55,32,15.7,7.55,49,0.0,1012.3,975.8,,18.2,0.149,32.3,10906X0039/C2-1
2200,2023-01-10,2.685378283,42.685696389,3,37.1,23.2,37.5,24.2,2023-01-10T03:17,2023-01-10T15:15,43108.06,41949.02,,,0.0,0.0,0.0,0.0,0.0,,23.71,7.45,32,16.2,7.45,51,0.0,1013.1,976.5,,17.6,0.149,32.4,10906X0039/C2-1
2201,2023-01-11,2.685378283,42.685696389,2,36.4,22.4,35.9,24.1,2023-01-11T03:17,2023-01-11T15:16,43111.63,41926.08,,,0.0,0.0,0.0,0.0,0.0,,23.77,7.17,24,15.4,7.17,50,0.0,1011.8,975.2,,15.6,0.149,32.4,10906X0039/C2-1
2202,2023-01-12,2.685378283,42.685696389,1,36.3,22.2,35.2,22.6,2023-01-12T03:18,2023-01-12T15:16,43115.35,41903.88,,,0.0,0.0,0.0,0.0,0.0,,25.17,7.8,4,13.6,7.8,46,0.0,1010.8,974.2,,18.4,0.149,32.4,10906X0039/C2-1
2203,2023-01-13,2.685378283,42.685696389,0,36.0,22.2,33.9,21.0,2023-01-13T03:18,2023-01-13T15:17,43119.21,41882.49,,,0.0,0.0,0.0,0.0,0.0,,25.37,8.56,1,11.2,8.56,39,0.0,1011.3,974.7,,20.1,0.149,32.4,10906X0039/C2-1
2204,2023-01-14,2.685378283,42.685696389,3,35.9,22.3,35.0,21.4,2023-01-14T03:18,2023-01-14T15:17,43123.21,41861.99,,,0.0,0.0,0.0,0.0,0.0,,24.89,8.07,25,13.2,8.07,42,0.0,1011.7,975.1,,18.0,0.149,32.4,10906X0039/C2-1
2205,2023-01-15,2.685378283,42.685696389,3,36.3,23.2,35.3,22.7,2023-01-15T03:19,2023-01-15T15:17,43127.34,41688.15,,,0.0,0.0,0.0,0.0,0.0,,25.12,8.29,20,13.5,8.29,41,0.0,1010.7,974.3,,18.2,0.149,32.5,10906X0039/C2-1
2206,2023-01-16,2.685378283,42.685696389,1,35.6,22.9,34.1,22.9,2023-01-16T03:19,2023-01-16T15:18,43131.6,41823.88,,,0.0,0.0,0.0,0.0,0.0,,25.47,8.51,6,11.5,8.51,38,0.0,1011.3,974.7,,18.7,0.149,32.5,10906X0039/C2-1
2207,2023-01-17,2.685378283,42.685696389,3,37.4,21.7,35.0,20.4,2023-01-17T03:19,2023-01-17T15:18,43135.97,41806.42,,,0.0,0.0,0.0,0.0,0.0,,25.8,8.92,44,9.6,8.92,36,0.0,1010.6,974.1,,18.6,0.148,32.5,10906X0039/C2-1
2208,2023-01-18,2.685378283,42.685696389,3,37.6,21.1,35.9,22.5,2023-01-18T03:19,2023-01-18T15:18,43140.48,41455.92,,,0.0,0.0,0.0,0.0,0.0,,25.45,7.97,23,12.5,7.97,43,0.0,1010.5,973.9,,15.1,0.148,32.6,10906X0039/C2-1
2209,2023-01-19,2.685378283,42.685696389,3,37.1,21.7,35.3,22.1,2023-01-19T03:20,2023-01-19T15:19,43145.15,41705.2,,,0.0,0.0,0.0,0.0,0.0,,25.38,7.83,62,12.5,7.83,41,0.0,1010.3,973.8,,15.7,0.148,32.6,10906X0039/C2-1
2210,2023-01-20,2.685378283,42.685696389,3,37.5,23.0,34.7,22.1,2023-01-20T03:20,2023-01-20T15:19,43150.01,41708.13,,,0.0,0.0,0.0,0.0,0.0,,25.43,9.79,31,10.7,9.79,33,0.0,1009.7,973.4,,21.8,0.148,32.6,10906X0039/C2-1
2211,2023-01-21,2.685378283,42.685696389,3,36.8,23.8,36.6,23.7,2023-01-21T03:20,2023-01-21T15:19,43155.05,41465.76,,,0.0,0.0,0.0,0.0,0.0,,24.53,8.81,74,15.1,8.81,42,0.0,1009.2,972.8,,21.0,0.148,32.7,10906X0039/C2-1
2212,2023-01-22,2.685378283,42.685696389,3,37.2,25.0,36.8,24.4,2023-01-22T03:20,2023-01-22T15:20,43160.23,38983.4,,,0.0,0.0,0.0,0.0,0.0,,22.88,8.38,80,15.3,8.38,43,0.0,1009.4,973.1,,20.4,0.148,32.9,10906X0039/C2-1
2213,2023-01-23,2.685378283,42.685696389,3,38.5,23.6,37.1,23.5,2023-01-23T03:21,2023-01-23T15:20,43165.58,38960.96,,,0.0,0.0,0.0,0.0,0.0,,24.46,8.83,39,14.8,8.83,44,0.0,1009.2,972.9,,21.7,0.148,32.9,10906X0039/C2-1
2214,2023-01-24,2.685378283,42.685696389,3,37.3,23.1,38.0,22.8,2023-01-24T03:21,2023-01-24T15:20,43171.07,41227.86,,,0.0,0.0,0.0,0.0,0.0,,24.29,7.96,54,14.8,7.96,46,0.0,1010.0,973.6,,18.0,0.148,33.1,10906X0039/C2-1
2215,2023-01-25,2.685378283,42.685696389,3,38.0,22.9,37.2,23.0,2023-01-25T03:21,2023-01-25T15:21,43176.71,41229.35,,,0.0,0.0,0.0,0.0,0.0,,25.76,8.02,22,11.4,8.02,37,0.0,1008.6,972.2,,14.1,0.147,33.1,10906X0039/C2-1
2216,2023-01-26,2.685378283,42.685696389,3,37.9,22.7,36.5,22.4,2023-01-26T03:21,2023-01-26T15:21,43182.48,41473.5,,,0.0,0.0,0.0,0.0,0.0,,26.1,8.99,38,11.4,8.99,36,0.0,1008.3,972.0,,17.8,0.147,33.2,10906X0039/C2-1
2217,2023-01-27,2.685378283,42.685696389,3,37.3,22.3,36.7,20.6,2023-01-27T03:21,2023-01-27T15:21,43188.37,41473.81,,,0.0,0.0,0.0,0.0,0.0,,26.0,8.89,18,13.5,8.89,43,0.0,1009.7,973.2,,21.4,0.147,33.2,10906X0039/C2-1
2218,2023-01-28,2.685378283,42.685696389,0,36.6,21.7,35.6,21.8,2023-01-28T03:22,2023-01-28T15:21,43194.38,41231.4,,,0.0,0.0,0.0,0.0,0.0,,26.37,8.71,0,12.1,8.71,41,0.0,1009.8,973.3,,18.8,0.147,33.1,10906X0039/C2-1
2219,2023-01-29,2.685378283,42.685696389,3,37.6,21.9,37.1,21.5,2023-01-29T03:22,2023-01-29T15:22,43200.5,41473.21,,,0.0,0.0,0.0,0.0,0.0,,25.99,8.14,17,12.7,8.14,42,0.0,1009.6,973.1,,16.7,0.147,33.2,10906X0039/C2-1
2220,2023-01-30,2.685378283,42.685696389,1,35.1,21.8,36.2,21.8,2023-01-30T03:22,2023-01-30T15:22,43206.72,41230.78,,,0.0,0.0,0.0,0.0,0.0,,24.49,6.89,11,15.5,6.89,48,0.0,1010.8,974.2,,14.3,0.147,33.2,10906X0039/C2-1
2221,2023-01-31,2.685378283,42.685696389,3,37.0,22.4,38.2,22.2,2023-01-31T03:22,2023-01-31T15:22,43213.03,40988.72,,,0.0,0.0,0.0,0.0,0.0,,25.32,7.54,17,14.4,7.54,45,0.0,1010.6,974.1,,15.9,0.147,33.3,10906X0039/C2-1
2222,2023-02-01,2.685378283,42.685696389,2,37.2,21.4,38.0,21.5,2023-02-01T03:22,2023-02-01T15:22,43219.44,40987.79,,,0.0,0.0,0.0,0.0,0.0,,25.83,7.11,8,13.8,7.11,46,0.0,1011.0,974.4,,13.7,0.147,33.4,10906X0039/C2-1
2223,2023-02-02,2.685378283,42.685696389,3,37.3,22.0,38.9,22.4,2023-02-02T03:22,2023-02-02T15:23,43225.93,40024.84,,,0.0,0.0,0.0,0.0,0.0,,25.79,7.01,40,14.4,7.01,45,0.0,1010.5,974.0,,12.2,0.147,33.6,10906X0039/C2-1
2224,2023-02-03,2.685378283,42.685696389,3,37.8,22.7,39.8,23.4,2023-02-03T03:22,2023-02-03T15:23,43232.49,40984.8,,,0.0,0.0,0.0,0.0,0.0,,25.89,7.84,13,14.0,7.84,44,0.0,1010.6,974.1,,15.4,0.147,33.7,10906X0039/C2-1
2225,2023-02-04,2.685378283,42.685696389,3,37.7,21.9,36.4,22.1,2023-02-04T03:22,2023-02-04T15:23,43239.12,41222.4,,,0.0,0.0,0.0,0.0,0.0,,26.32,8.36,14,11.8,8.36,41,0.0,1010.2,973.7,,16.0,0.147,33.6,10906X0039/C2-1
2226,2023-02-05,2.685378283,42.685696389,2,37.3,21.4,34.5,20.5,2023-02-05T03:22,2023-02-05T15:23,43245.81,41219.56,,,0.0,0.0,0.0,0.0,0.0,,26.68,8.58,24,10.0,8.58,37,0.0,1009.1,972.7,,17.5,0.147,33.5,10906X0039/C2-1
2227,2023-02-06,2.685378283,42.685696389,3,36.9,21.9,35.8,20.6,2023-02-06T03:22,2023-02-06T15:23,43252.55,41216.35,,,0.0,0.0,0.0,0.0,0.0,,26.1,8.4,22,12.1,8.4,39,0.0,1009.3,972.9,,18.1,0.147,33.5,10906X0039/C2-1
2228,2023-02-07,2.685378283,42.685696389,3,37.2,22.3,36.3,21.6,2023-02-07T03:22,2023-02-07T15:23,43259.36,40974.13,,,0.0,0.0,0.0,0.0,0.0,,24.63,8.14,17,13.4,8.14,43,0.0,1009.6,973.2,,18.5,0.147,33.5,10906X0039/C2-1
2229,2023-02-08,2.685378283,42.685696389,2,36.8,22.4,36.1,22.8,2023-02-08T03:22,2023-02-08T15:23,43266.28,40859.85,,,0.0,0.0,0.0,0.0,0.0,,23.64,8.03,14,15.3,8.03,47,0.0,1010.0,973.5,,20.3,0.147,33.5,10906X0039/C2-1
2230,2023-02-09,2.685378283,42.685696389,3,37.5,22.7,37.2,21.8,2023-02-09T03:22,2023-02-09T15:23,43273.33,40966.19,,,0.0,0.0,0.0,0.0,0.0,,24.67,8.13,27,14.0,8.13,42,0.0,1010.4,974.0,,16.8,0.147,33.6,10906X0039/C2-1
2231,2023-02-10,2.685378283,42.685696389,3,38.6,23.0,36.8,22.9,2023-02-10T03:22,2023-02-10T15:24,43280.52,41290.67,,,0.0,0.0,0.0,0.0,0.0,,26.43,8.91,13,11.5,8.91,39,0.0,1010.5,974.2,,17.9,0.147,33.7,10906X0039/C2-1
2232,2023-02-11,2.685378283,42.685696389,2,37.9,22.4,34.6,21.6,2023-02-11T03:22,2023-02-11T15:24,43287.81,41282.11,,,0.0,0.0,0.0,0.0,0.0,,26.93,9.14,13,10.5,9.14,38,0.0,1011.5,975.0,,20.8,0.147,33.6,10906X0039/C2-1
2233,2023-02-12,2.685378283,42.685696389,0,37.5,22.4,37.4,21.5,2023-02-12T03:22,2023-02-12T15:24,43295.21,41273.54,,,0.0,0.0,0.0,0.0,0.0,,26.91,9.02,0,12.1,9.02,41,0.0,1011.4,974.8,,20.2,0.147,33.6,10906X0039/C2-1
2234,2023-02-13,2.685378283,42.685696389,0,36.9,22.1,35.4,22.3,2023-02-13T03:22,2023-02-13T15:24,43302.71,41264.99,,,0.0,0.0,0.0,0.0,0.0,,26.97,8.77,0,11.3,8.77,40,0.0,1011.5,975.0,,17.9,0.147,33.6,10906X0039/C2-1
2235,2023-02-14,2.685378283,42.685696389,3,37.9,22.8,38.5,21.7,2023-02-14T03:22,2023-02-14T15:24,43310.3,40039.92,,,0.0,0.0,0.0,0.0,0.0,,25.72,8.24,20,13.8,8.24,41,0.0,1009.8,973.4,,16.5,0.147,33.7,10906X0039/C2-1
2236,2023-02-15,2.685378283,42.685696389,3,38.1,23.1,37.8,22.8,2023-02-15T03:22,2023-02-15T15:24,43317.97,41012.08,,,0.0,0.0,0.0,0.0,0.0,,26.22,8.23,41,12.6,8.23,42,0.0,1008.4,972.1,,16.9,0.147,33.8,10906X0039/C2-1
2237,2023-02-16,2.685378283,42.685696389,3,38.6,22.0,37.1,21.8,2023-02-16T03:22,2023-02-16T15:24,43325.73,41160.54,,,0.0,0.0,0.0,0.0,0.0,,26.78,8.54,65,12.3,8.54,43,0.0,1008.9,972.5,,18.7,0.146,33.8,10906X0039/C2-1
2238,2023-02-17,2.685378283,42.685696389,3,38.0,22.7,36.8,22.2,2023-02-17T03:22,2023-02-17T15:24,43333.55,41152.97,,,0.0,0.0,0.0,0.0,0.0,,24.26,8.57,64,15.6,8.57,47,0.0,1010.1,973.7,,21.9,0.146,33.7,10906X0039/C2-1
2239,2023-02-18,2.685378283,42.685696389,3,39.1,24.0,36.1,23.9,2023-02-18T03:21,2023-02-18T15:24,43341.43,41145.17,,,0.0,0.0,0.0,0.0,0.0,,23.73,8.81,23,14.6,8.81,44,0.0,1010.1,973.7,,22.6,0.146,33.8,10906X0039/C2-1
2240,2023-02-19,2.685378283,42.685696389,3,37.3,22.9,34.3,21.1,2023-02-19T03:21,2023-02-19T15:24,43349.37,41371.74,,,0.0,0.0,0.0,0.0,0.0,,27.29,9.58,42,8.6,9.58,34,0.0,1010.8,974.3,,21.7,0.146,33.7,10906X0039/C2-1
2241,2023-02-20,2.685378283,42.685696389,1,37.2,23.3,34.1,21.1,2023-02-20T03:21,2023-02-20T15:24,43357.37,41440.58,,,0.0,0.0,0.0,0.0,0.0,,27.27,9.81,3,6.7,9.81,30,0.0,1011.2,974.7,,21.5,0.146,33.6,10906X0039/C2-1
2242,2023-02-21,2.685378283,42.685696389,3,37.4,22.9,35.1,19.5,2023-02-21T03:21,2023-02-21T15:24,43365.4,41432.22,,,0.0,0.0,0.0,0.0,0.0,,27.39,9.38,29,7.2,9.38,30,0.0,1011.4,974.9,,19.1,0.146,33.6,10906X0039/C2-1
2243,2023-02-22,2.685378283,42.685696389,0,36.8,22.4,36.5,20.4,2023-02-22T03:21,2023-02-22T15:24,43373.47,41345.55,,,0.0,0.0,0.0,0.0,0.0,,27.24,8.36,0,12.5,8.36,41,0.0,1010.6,974.0,,18.5,0.146,33.6,10906X0039/C2-1
2244,2023-02-23,2.685378283,42.685696389,3,36.5,22.1,38.2,22.7,2023-02-23T03:21,2023-02-23T15:24,43381.56,41336.54,,,0.0,0.0,0.0,0.0,0.0,,26.69,7.77,49,15.9,7.77,50,0.0,1009.9,973.4,,17.5,0.146,33.7,10906X0039/C2-1
2245,2023-02-24,2.685378283,42.685696389,3,37.3,22.4,39.3,23.8,2023-02-24T03:20,2023-02-24T15:23,43389.69,39600.0,,,0.0,0.0,0.0,0.0,0.0,,25.42,7.39,82,16.5,7.39,53,0.0,1010.4,973.9,,15.9,0.146,33.8,10906X0039/C2-1
2246,2023-02-25,2.685378283,42.685696389,3,36.6,22.7,38.1,23.7,2023-02-25T03:20,2023-02-25T15:23,43397.82,36891.35,,,0.0,0.0,0.0,0.0,0.0,,25.46,7.52,80,17.1,7.52,52,0.0,1011.5,974.9,,16.7,0.146,33.9,10906X0039/C2-1
2247,2023-02-26,2.685378283,42.685696389,3,38.0,23.0,38.6,24.6,2023-02-26T03:20,2023-02-26T15:23,43405.96,41308.89,,,0.0,0.0,0.0,0.0,0.0,,24.92,7.99,59,16.7,7.99,51,0.0,1011.6,975.1,,18.2,0.146,33.9,10906X0039/C2-1
2248,2023-02-27,2.685378283,42.685696389,3,37.4,22.7,37.4,23.4,2023-02-27T03:20,2023-02-27T15:23,43414.12,41299.54,,,0.0,0.0,0.0,0.0,0.0,,26.11,8.62,73,15.2,8.62,47,0.0,1012.2,975.7,,19.7,0.145,33.9,10906X0039/C2-1
2249,2023-02-28,2.685378283,42.685696389,3,37.5,22.7,37.3,22.6,2023-02-28T03:19,2023-02-28T15:23,43422.35,41522.29,,,0.0,0.0,0.0,0.0,0.0,,24.91,8.68,84,13.0,8.68,40,0.0,1012.3,975.8,,19.0,0.146,33.9,10906X0039/C2-1
2250,2023-03-01,2.685378283,42.685696389,3,37.4,22.4,38.5,23.0,2023-03-01T03:19,2023-03-01T15:23,43430.67,41512.13,,,0.0,0.0,0.0,0.0,0.0,,26.46,8.13,88,14.5,8.13,45,0.0,1011.6,975.1,,16.3,0.145,34.0,10906X0039/C2-1
2251,2023-03-02,2.685378283,42.685696389,3,37.9,22.3,38.8,23.2,2023-03-02T03:19,2023-03-02T15:23,43439.06,41733.58,,,0.0,0.0,0.0,0.0,0.0,,26.24,8.28,59,15.4,8.28,47,0.0,1011.0,974.5,,18.5,0.145,34.0,10906X0039/C2-1
2252,2023-03-03,2.685378283,42.685696389,3,38.8,23.9,38.1,24.0,2023-03-03T03:19,2023-03-03T15:23,43447.54,41722.67,,,0.0,0.0,0.0,0.0,0.0,,26.88,9.18,52,13.9,9.18,42,0.0,1011.0,974.7,,20.0,0.145,34.2,10906X0039/C2-1
2253,2023-03-04,2.685378283,42.685696389,2,39.0,24.1,38.3,23.8,2023-03-04T03:18,2023-03-04T15:23,43456.07,41860.37,,,0.0,0.0,0.0,0.0,0.0,,27.44,9.57,12,13.9,9.57,42,0.0,1011.7,975.3,,21.5,0.145,34.3,10906X0039/C2-1
2254,2023-03-05,2.685378283,42.685696389,3,37.7,23.9,37.3,23.4,2023-03-05T03:18,2023-03-05T15:23,43464.67,41878.24,,,0.0,0.0,0.0,0.0,0.0,,26.9,9.13,24,14.7,9.13,43,0.0,1012.3,975.8,,21.0,0.145,34.2,10906X0039/C2-1
2255,2023-03-06,2.685378283,42.685696389,3,38.6,23.9,37.3,24.1,2023-03-06T03:18,2023-03-06T15:22,43473.32,41896.71,,,0.0,0.0,0.0,0.0,0.0,,24.9,8.76,28,15.7,8.76,46,0.0,1010.2,973.8,,22.2,0.145,34.2,10906X0039/C2-1
2256,2023-03-07,2.685378283,42.685696389,3,37.4,23.3,36.9,22.9,2023-03-07T03:17,2023-03-07T15:22,43482.02,41915.7,,,0.0,0.0,0.0,0.0,0.0,,24.26,8.06,47,15.8,8.06,48,0.0,1009.1,972.8,,20.4,0.145,34.2,10906X0039/C2-1
2257,2023-03-08,2.685378283,42.685696389,3,38.0,23.8,38.4,25.6,2023-03-08T03:17,2023-03-08T15:22,43490.76,41665.46,,,0.0,0.0,0.0,0.0,0.0,,24.61,7.51,46,16.5,7.51,50,0.0,1009.0,972.7,,16.8,0.145,34.3,10906X0039/C2-1
2258,2023-03-09,2.685378283,42.685696389,2,38.4,23.5,40.0,24.8,2023-03-09T03:17,2023-03-09T15:22,43499.54,41884.55,,,0.0,0.0,0.0,0.0,0.0,,25.6,8.15,17,16.5,8.15,49,0.0,1008.8,972.5,,18.3,0.145,34.4,10906X0039/C2-1
2259,2023-03-10,2.685378283,42.685696389,3,38.9,24.0,39.9,25.5,2023-03-10T03:16,2023-03-10T15:22,43508.35,41975.25,,,0.0,0.0,0.0,0.0,0.0,,24.65,8.03,52,16.1,8.03,46,0.0,1008.0,971.8,,16.8,0.145,34.6,10906X0039/C2-1
2260,2023-03-11,2.685378283,42.685696389,3,38.0,24.4,38.3,26.1,2023-03-11T03:16,2023-03-11T15:21,43517.17,41995.76,,,0.0,0.0,0.0,0.0,0.0,,24.65,8.24,69,17.2,8.24,50,0.0,1008.2,972.0,,20.1,0.145,34.6,10906X0039/C2-1
2261,2023-03-12,2.685378283,42.685696389,3,37.7,24.2,37.0,26.1,2023-03-12T03:16,2023-03-12T15:21,43526.02,41388.06,,,0.0,0.0,0.0,0.0,0.0,,25.01,8.13,39,17.3,8.13,52,0.0,1008.4,972.1,,20.8,0.145,34.6,10906X0039/C2-1
2262,2023-03-13,2.685378283,42.685696389,63,36.6,24.7,38.8,26.7,2023-03-13T03:15,2023-03-13T15:21,43534.88,35383.17,,,3.1,0.0,0.0,3.1,2.0,,18.52,6.07,78,19.8,6.07,59,0.0,1008.9,972.5,,17.3,0.146,34.5,10906X0039/C2-1
2263,2023-03-14,2.685378283,42.685696389,51,34.5,24.2,36.1,26.5,2023-03-14T03:15,2023-03-14T15:21,43543.74,34345.97,,,0.5,0.0,0.0,0.5,4.0,,15.33,4.54,88,20.5,4.54,68,0.0,1008.9,972.3,,14.9,0.146,34.0,10906X0039/C2-1
2264,2023-03-15,2.685378283,42.685696389,51,35.3,23.9,38.8,26.6,2023-03-15T03:15,2023-03-15T15:21,43552.6,37557.68,,,0.2,0.0,0.0,0.2,2.0,,21.65,5.28,86,20.7,5.28,66,0.0,1008.9,972.4,,10.3,0.15,33.5,10906X0039/C2-1
2265,2023-03-16,2.685378283,42.685696389,51,35.2,23.4,38.7,26.8,2023-03-16T03:14,2023-03-16T15:20,43561.45,39916.34,,,0.4,0.0,0.0,0.4,2.0,,22.29,5.82,94,20.4,5.82,66,0.0,1009.4,972.7,,13.5,0.15,33.2,10906X0039/C2-1
2266,2023-03-17,2.685378283,42.685696389,53,34.7,24.1,36.2,26.9,2023-03-17T03:14,2023-03-17T15:20,43570.28,36000.0,,,0.6,0.0,0.0,0.6,2.0,,20.94,5.31,87,20.8,5.31,69,0.0,1009.8,973.1,,12.7,0.149,33.0,10906X0039/C2-1
2267,2023-03-18,2.685378283,42.685696389,61,35.0,23.6,34.6,25.3,2023-03-18T03:14,2023-03-18T15:20,43579.1,28865.17,,,4.4,0.0,0.0,4.4,10.0,,16.29,4.42,94,19.6,4.42,66,0.0,1011.0,974.2,,11.7,0.149,32.8,10906X0039/C2-1
2268,2023-03-19,2.685378283,42.685696389,53,33.8,22.7,38.5,26.6,2023-03-19T03:13,2023-03-19T15:20,43587.9,33680.11,,,2.0,0.0,0.0,2.0,5.0,,19.86,4.75,99,20.1,4.75,66,0.0,1010.8,974.1,,7.8,0.151,32.9,10906X0039/C2-1
2269,2023-03-20,2.685378283,42.685696389,53,34.4,23.3,37.6,26.3,2023-03-20T03:13,2023-03-20T15:20,43596.74,37418.34,,,2.1,0.0,0.0,2.1,5.0,,20.06,5.03,90,19.8,5.03,66,0.0,1010.4,973.6,,9.8,0.152,32.8,10906X0039/C2-1
2270,2023-03-21,2.685378283,42.685696389,53,32.8,22.5,34.4,25.4,2023-03-21T03:13,2023-03-21T15:19,43605.64,38362.4,,,1.8,0.0,0.0,1.8,7.0,,20.96,5.28,88,20.2,5.28,67,0.0,1009.5,972.8,,13.8,0.153,32.4,10906X0039/C2-1
2271,2023-03-22,2.685378283,42.685696389,63,34.1,23.0,37.4,25.4,2023-03-22T03:12,2023-03-22T15:19,43614.58,35515.72,,,8.4,0.0,0.0,8.4,8.0,,19.53,5.14,70,21.0,5.14,70,0.0,1009.6,972.9,,15.3,0.149,32.3,10906X0039/C2-1
2272,2023-03-23,2.685378283,42.685696389,61,33.7,22.8,36.5,26.7,2023-03-23T03:12,2023-03-23T15:19,43623.57,34903.21,,,2.1,0.0,0.0,2.1,4.0,,19.14,4.5,98,20.9,4.5,70,0.0,1010.5,973.7,,7.3,0.15,32.1,10906X0039/C2-1
2273,2023-03-24,2.685378283,42.685696389,63,29.7,22.5,33.1,26.0,2023-03-24T03:12,2023-03-24T15:19,43632.59,12255.25,,,19.3,0.0,0.0,19.3,11.0,,11.74,2.59,100,21.4,2.59,80,0.0,1010.5,973.5,,6.3,0.185,31.5,10906X0039/C2-1
2274,2023-03-25,2.685378283,42.685696389,63,31.0,22.9,35.9,26.8,2023-03-25T03:11,2023-03-25T15:19,43641.64,32114.12,,,16.4,0.0,0.0,16.4,11.0,,18.75,3.99,99,21.9,3.99,80,0.0,1010.7,973.7,,10.4,0.189,31.2,10906X0039/C2-1
2275,2023-03-26,2.685378283,42.685696389,63,30.0,21.9,35.0,25.8,2023-03-26T03:11,2023-03-26T15:18,43650.72,37353.48,,,16.7,0.0,0.0,16.7,10.0,,17.55,3.6,80,21.8,3.6,84,0.0,1011.6,974.5,,6.7,0.196,30.7,10906X0039/C2-1
2276,2023-03-27,2.685378283,42.685696389,53,31.8,21.6,37.6,25.4,2023-03-27T03:10,2023-03-27T15:18,43659.81,42340.52,,,1.0,0.0,0.0,1.0,5.0,,23.72,5.13,54,21.2,5.13,75,0.0,1010.6,973.7,,6.1,0.19,30.6,10906X0039/C2-1
2277,2023-03-28,2.685378283,42.685696389,3,33.2,22.2,37.3,23.5,2023-03-28T03:10,2023-03-28T15:18,43668.92,42363.67,,,0.0,0.0,0.0,0.0,0.0,,25.04,6.12,33,20.0,6.12,65,0.0,1010.3,973.6,,14.1,0.183,30.6,10906X0039/C2-1
2278,2023-03-29,2.685378283,42.685696389,51,32.5,23.0,36.3,25.7,2023-03-29T03:10,2023-03-29T15:18,43678.03,42053.71,,,0.2,0.0,0.0,0.2,2.0,,20.02,4.43,64,21.2,4.43,74,0.0,1011.9,975.0,,8.8,0.178,30.5,10906X0039/C2-1
2279,2023-03-30,2.685378283,42.685696389,51,32.8,22.7,37.0,25.3,2023-03-30T03:09,2023-03-30T15:17,43687.14,42409.96,,,0.2,0.0,0.0,0.2,2.0,,24.21,5.46,37,20.2,5.46,67,0.0,1011.1,974.3,,8.4,0.173,30.6,10906X0039/C2-1
2280,2023-03-31,2.685378283,42.685696389,51,33.6,22.3,36.6,24.8,2023-03-31T03:09,2023-03-31T15:17,43696.24,42432.97,,,0.1,0.0,0.0,0.1,1.0,,25.16,5.96,20,19.5,5.96,63,0.0,1010.1,973.4,,10.6,0.167,30.6,10906X0039/C2-1
2281,2023-04-01,2.685378283,42.685696389,3,33.6,22.7,37.9,25.4,2023-04-01T03:08,2023-04-01T15:17,43705.33,42455.81,,,0.0,0.0,0.0,0.0,0.0,,25.37,5.92,49,20.5,5.92,65,0.0,1010.4,973.7,,10.7,0.16,30.8,10906X0039/C2-1
2282,2023-04-02,2.685378283,42.685696389,55,34.9,23.7,39.2,27.0,2023-04-02T03:08,2023-04-02T15:17,43714.4,42478.42,,,1.5,0.0,0.0,1.5,2.0,,23.3,6.05,52,20.5,6.05,65,0.0,1010.0,973.4,,14.0,0.155,30.9,10906X0039/C2-1
2283,2023-04-03,2.685378283,42.685696389,63,31.7,22.7,35.1,24.1,2023-04-03T03:08,2023-04-03T15:16,43723.45,35641.24,,,9.5,0.0,0.0,9.5,10.0,,18.01,3.95,76,21.3,3.95,76,0.0,1009.9,973.1,,6.9,0.154,30.8,10906X0039/C2-1
2284,2023-04-04,2.685378283,42.685696389,53,31.9,22.6,36.1,26.2,2023-04-04T03:07,2023-04-04T15:16,43732.47,35724.77,,,1.0,0.0,0.0,1.0,3.0,,17.77,4.11,64,20.5,4.11,69,0.0,1010.5,973.7,,7.2,0.147,30.7,10906X0039/C2-1
2285,2023-04-05,2.685378283,42.685696389,51,33.7,23.4,37.4,25.5,2023-04-05T03:07,2023-04-05T15:16,43741.44,42544.29,,,0.1,0.0,0.0,0.1,1.0,,23.89,6.39,65,19.6,6.39,61,0.0,1010.5,973.9,,14.4,0.137,31.0,10906X0039/C2-1
2286,2023-04-06,2.685378283,42.685696389,53,34.0,23.5,38.3,26.6,2023-04-06T03:07,2023-04-06T15:16,43750.37,37003.6,,,1.3,0.0,0.0,1.3,3.0,,20.24,5.03,58,20.4,5.03,65,0.0,1010.2,973.5,,9.6,0.134,31.1,10906X0039/C2-1
2287,2023-04-07,2.685378283,42.685696389,51,33.9,23.5,38.1,26.6,2023-04-07T03:06,2023-04-07T15:16,43759.25,42585.95,,,0.2,0.0,0.0,0.2,2.0,,23.19,5.97,51,20.1,5.97,63,0.0,1010.8,974.2,,12.0,0.132,31.3,10906X0039/C2-1
2288,2023-04-08,2.685378283,42.685696389,2,35.7,23.6,38.2,26.0,2023-04-08T03:06,2023-04-08T15:15,43768.07,42605.94,,,0.0,0.0,0.0,0.0,0.0,,24.68,6.7,23,19.3,6.7,58,0.0,1010.9,974.4,,15.5,0.13,31.4,10906X0039/C2-1
2289,2023-04-09,2.685378283,42.685696389,53,35.0,23.5,37.2,26.8,2023-04-09T03:06,2023-04-09T15:15,43776.92,42625.73,,,1.7,0.0,0.0,1.7,6.0,,23.93,6.53,50,19.3,6.53,59,0.0,1011.3,974.7,,13.6,0.129,31.7,10906X0039/C2-1
2290,2023-04-10,2.685378283,42.685696389,53,35.4,23.7,37.4,26.4,2023-04-10T03:05,2023-04-10T15:15,43785.78,39045.51,,,0.8,0.0,0.0,0.8,2.0,,20.29,5.6,66,19.8,5.6,62,0.0,1010.7,974.1,,13.2,0.128,31.8,10906X0039/C2-1
2291,2023-04-11,2.685378283,42.685696389,51,35.5,23.5,38.2,26.5,2023-04-11T03:05,2023-04-11T15:15,43794.65,41236.37,,,0.9,0.0,0.0,0.9,5.0,,21.11,5.81,68,20.1,5.81,63,0.0,1010.3,973.7,,13.3,0.13,31.8,10906X0039/C2-1
2292,2023-04-12,2.685378283,42.685696389,63,35.1,23.4,37.5,26.1,2023-04-12T03:05,2023-04-12T15:15,43803.53,42157.99,,,3.9,0.0,0.0,3.9,7.0,,23.88,5.96,86,20.6,5.96,69,0.0,1011.0,974.2,,15.3,0.13,31.9,10906X0039/C2-1
2293,2023-04-13,2.685378283,42.685696389,3,34.0,23.3,38.0,26.9,2023-04-13T03:04,2023-04-13T15:14,43812.41,35898.06,,,0.0,0.0,0.0,0.0,0.0,,19.61,5.32,99,19.7,5.32,65,0.0,1012.4,975.7,,10.9,0.126,31.8,10906X0039/C2-1
2294,2023-04-14,2.685378283,42.685696389,3,36.0,23.0,38.1,25.9,2023-04-14T03:04,2023-04-14T15:14,43821.28,42005.17,,,0.0,0.0,0.0,0.0,0.0,,25.53,7.17,73,17.8,7.17,56,0.0,1011.7,975.2,,14.4,0.13,31.9,10906X0039/C2-1
2295,2023-04-15,2.685378283,42.685696389,55,35.3,22.8,38.2,25.7,2023-04-15T03:04,2023-04-15T15:14,43830.14,39142.95,,,3.7,0.0,0.0,3.7,11.0,,22.62,5.68,48,20.0,5.68,65,0.0,1011.3,974.6,,11.2,0.129,31.9,10906X0039/C2-1
2296,2023-04-16,2.685378283,42.685696389,63,29.2,22.6,33.3,26.4,2023-04-16T03:03,2023-04-16T15:14,43838.98,15448.51,,,14.5,0.0,0.0,14.5,9.0,,12.75,2.7,98,21.7,2.7,83,0.0,1011.0,973.9,,6.3,0.154,31.2,10906X0039/C2-1
2297,2023-04-17,2.685378283,42.685696389,53,30.6,22.5,34.9,27.0,2023-04-17T03:03,2023-04-17T15:14,43847.8,35580.44,,,1.4,0.0,0.0,1.4,5.0,,18.17,4.07,59,21.4,4.07,75,0.0,1010.0,973.2,,7.9,0.154,30.9,10906X0039/C2-1
2298,2023-04-18,2.685378283,42.685696389,63,29.3,22.7,33.8,25.6,2023-04-18T03:03,2023-04-18T15:14,43856.58,36423.31,,,17.6,0.0,0.0,17.6,15.0,,16.07,3.37,84,21.7,3.37,82,0.0,1012.3,975.2,,7.7,0.159,30.5,10906X0039/C2-1
2299,2023-04-19,2.685378283,42.685696389,55,29.9,22.3,35.0,26.1,2023-04-19T03:02,2023-04-19T15:13,43865.32,36927.94,,,1.8,0.0,0.0,1.8,7.0,,18.17,3.92,79,21.6,3.92,77,0.0,1011.2,974.3,,7.5,0.155,30.4,10906X0039/C2-1
2300,2023-04-20,2.685378283,42.685696389,53,31.0,23.2,35.3,26.6,2023-04-20T03:02,2023-04-20T15:13,43874.02,37962.23,,,1.4,0.0,0.0,1.4,8.0,,18.48,4.14,57,21.6,4.14,75,0.0,1008.6,971.9,,10.5,0.155,30.3,10906X0039/C2-1
2301,2023-04-21,2.685378283,42.685696389,61,32.3,23.1,37.7,27.4,2023-04-21T03:02,2023-04-21T15:13,43882.66,39856.8,,,4.1,0.0,0.0,4.1,9.0,,23.29,5.08,81,22.3,5.08,74,0.0,1006.4,969.8,,7.8,0.153,30.4,10906X0039/C2-1
2302,2023-04-22,2.685378283,42.685696389,63,27.8,22.5,31.3,26.9,2023-04-22T03:02,2023-04-22T15:13,43891.24,11888.72,,,10.7,0.0,0.0,10.7,16.0,,10.35,2.26,100,22.3,2.26,88,0.0,1009.1,972.1,,8.2,0.172,29.9,10906X0039/C2-1
2303,2023-04-23,2.685378283,42.685696389,63,29.8,22.6,34.3,26.9,2023-04-23T03:01,2023-04-23T15:13,43899.75,17808.62,,,4.5,0.0,0.0,4.5,11.0,,14.51,3.09,100,22.2,3.09,82,0.0,1010.2,973.2,,5.3,0.192,29.6,10906X0039/C2-1
2304,2023-04-24,2.685378283,42.685696389,61,31.0,22.8,36.1,26.5,2023-04-24T03:01,2023-04-24T15:13,43908.19,19925.31,,,2.6,0.0,0.0,2.6,7.0,,17.05,3.81,91,22.3,3.81,82,0.0,1010.3,973.4,,10.0,0.192,29.5,10906X0039/C2-1
2305,2023-04-25,2.685378283,42.685696389,51,31.3,22.6,36.1,26.5,2023-04-25T03:01,2023-04-25T15:13,43916.53,34829.13,,,1.0,0.0,0.0,1.0,8.0,,20.19,4.28,100,22.1,4.28,83,0.0,1011.2,974.2,,8.9,0.19,29.5,10906X0039/C2-1
2306,2023-04-26,2.685378283,42.685696389,53,30.8,21.6,35.5,25.4,2023-04-26T03:01,2023-04-26T15:13,43924.79,39765.99,,,0.6,0.0,0.0,0.6,2.0,,22.62,4.87,75,21.9,4.87,78,0.0,1010.6,973.7,,9.6,0.195,29.3,10906X0039/C2-1
2307,2023-04-27,2.685378283,42.685696389,51,31.5,22.9,35.8,26.9,2023-04-27T03:00,2023-04-27T15:13,43932.95,41487.16,,,0.5,0.0,0.0,0.5,5.0,,21.89,4.87,69,22.0,4.87,77,0.0,1010.0,973.2,,12.8,0.191,29.4,10906X0039/C2-1
2308,2023-04-28,2.685378283,42.685696389,63,28.4,23.0,32.5,26.2,2023-04-28T03:00,2023-04-28T15:12,43941.0,25494.61,,,11.3,0.0,0.0,11.3,10.0,,13.69,2.8,100,22.0,2.8,85,0.0,1011.5,974.4,,10.1,0.193,29.1,10906X0039/C2-1
2309,2023-04-29,2.685378283,42.685696389,53,30.3,23.0,34.8,26.0,2023-04-29T03:00,2023-04-29T15:12,43949.02,34502.91,,,2.7,0.0,0.0,2.7,11.0,,19.59,4.19,90,21.9,4.19,81,0.0,1010.9,973.9,,11.1,0.197,28.9,10906X0039/C2-1
2310,2023-04-30,2.685378283,42.685696389,63,29.7,22.3,33.4,26.1,2023-04-30T03:00,2023-04-30T15:12,43957.01,37017.66,,,11.4,0.0,0.0,11.4,9.0,,19.26,3.9,98,22.0,3.9,85,0.0,1011.3,974.2,,11.8,0.198,28.8,10906X0039/C2-1
2311,2023-05-01,2.685378283,42.685696389,51,29.9,21.8,33.3,24.8,2023-05-01T03:00,2023-05-01T15:12,43964.96,32104.55,,,1.0,0.0,0.0,1.0,6.0,,18.05,4.0,91,21.4,4.0,81,0.0,1011.9,974.8,,12.9,0.201,28.6,10906X0039/C2-1
2312,2023-05-02,2.685378283,42.685696389,51,30.6,22.0,34.8,25.5,2023-05-02T02:59,2023-05-02T15:12,43972.86,39993.13,,,0.6,0.0,0.0,0.6,4.0,,21.56,4.78,62,21.5,4.78,78,0.0,1012.6,975.6,,14.0,0.197,28.6,10906X0039/C2-1
2313,2023-05-03,2.685378283,42.685696389,51,31.1,22.2,33.9,25.3,2023-05-03T02:59,2023-05-03T15:12,43980.7,43007.54,,,0.3,0.0,0.0,0.3,2.0,,23.94,5.33,84,20.6,5.33,73,0.0,1014.1,977.1,,13.8,0.192,28.7,10906X0039/C2-1
2314,2023-05-04,2.685378283,42.685696389,51,30.8,22.3,33.4,25.2,2023-05-04T02:59,2023-05-04T15:12,43988.49,43016.98,,,0.5,0.0,0.0,0.5,4.0,,22.02,5.0,44,20.8,5.0,75,0.0,1014.4,977.4,,15.1,0.188,28.7,10906X0039/C2-1
2315,2023-05-05,2.685378283,42.685696389,51,31.1,22.2,34.1,25.1,2023-05-05T02:59,2023-05-05T15:12,43996.21,43025.9,,,0.5,0.0,0.0,0.5,4.0,,22.13,4.99,46,21.1,4.99,75,0.0,1013.8,976.8,,14.7,0.184,28.7,10906X0039/C2-1
2316,2023-05-06,2.685378283,42.685696389,51,31.4,22.1,34.0,24.9,2023-05-06T02:59,2023-05-06T15:12,44003.85,40556.11,,,0.6,0.0,0.0,0.6,6.0,,21.58,5.06,27,21.1,5.06,74,0.0,1013.0,976.1,,15.6,0.181,28.8,10906X0039/C2-1
2317,2023-05-07,2.685378283,42.685696389,51,31.9,22.2,34.5,25.4,2023-05-07T02:59,2023-05-07T15:12,44011.41,41688.5,,,0.6,0.0,0.0,0.6,6.0,,22.65,5.34,37,20.9,5.34,73,0.0,1012.7,975.8,,15.6,0.179,28.9,10906X0039/C2-1
2318,2023-05-08,2.685378283,42.685696389,51,31.9,22.1,34.4,25.3,2023-05-08T02:58,2023-05-08T15:12,44018.87,41949.13,,,0.3,0.0,0.0,0.3,3.0,,23.13,5.52,39,20.8,5.52,73,0.0,1012.4,975.5,,17.1,0.177,28.9,10906X0039/C2-1
2319,2023-05-09,2.685378283,42.685696389,51,32.1,22.5,33.9,24.9,2023-05-09T02:58,2023-05-09T15:12,44026.25,42631.35,,,0.9,0.0,0.0,0.9,6.0,,21.19,5.01,45,20.9,5.01,75,0.0,1012.4,975.4,,18.2,0.175,28.9,10906X0039/C2-1
2320,2023-05-10,2.685378283,42.685696389,51,32.2,22.2,34.3,24.8,2023-05-10T02:58,2023-05-10T15:12,44033.52,42217.31,,,0.3,0.0,0.0,0.3,3.0,,21.87,5.38,32,20.7,5.38,71,0.0,1012.4,975.5,,17.6,0.174,28.9,10906X0039/C2-1
2321,2023-05-11,2.685378283,42.685696389,51,32.6,22.4,34.9,25.2,2023-05-11T02:58,2023-05-11T15:12,44040.67,37828.51,,,0.4,0.0,0.0,0.4,4.0,,23.42,5.82,58,20.2,5.82,68,0.0,1013.3,976.4,,16.4,0.171,29.1,10906X0039/C2-1
2322,2023-05-12,2.685378283,42.685696389,51,32.3,22.4,34.5,25.0,2023-05-12T02:58,2023-05-12T15:12,44047.7,37577.06,,,0.3,0.0,0.0,0.3,3.0,,22.42,5.59,49,20.3,5.59,69,0.0,1013.3,976.4,,16.9,0.17,29.2,10906X0039/C2-1
2323,2023-05-13,2.685378283,42.685696389,51,33.0,23.0,35.0,25.7,2023-05-13T02:58,2023-05-13T15:12,44054.6,37917.02,,,0.3,0.0,0.0,0.3,3.0,,22.08,5.61,80,20.9,5.61,69,0.0,1014.0,977.2,,16.9,0.17,29.4,10906X0039/C2-1
2324,2023-05-14,2.685378283,42.685696389,3,33.4,22.8,34.1,25.2,2023-05-14T02:58,2023-05-14T15:12,44061.37,39600.0,,,0.0,0.0,0.0,0.0,0.0,,22.05,6.19,70,19.5,6.19,64,0.0,1013.4,976.6,,19.4,0.169,29.5,10906X0039/C2-1
2325,2023-05-15,2.685378283,42.685696389,3,33.3,23.0,33.7,25.3,2023-05-15T02:58,2023-05-15T15:12,44067.98,39600.0,,,0.0,0.0,0.0,0.0,0.0,,23.05,6.61,30,19.0,6.61,61,0.0,1013.3,976.6,,19.4,0.168,29.7,10906X0039/C2-1
2326,2023-05-16,2.685378283,42.685696389,3,33.7,22.4,34.6,24.7,2023-05-16T02:58,2023-05-16T15:12,44074.44,43087.08,,,0.0,0.0,0.0,0.0,0.0,,24.18,6.64,45,19.5,6.64,63,0.0,1013.1,976.4,,18.5,0.168,29.9,10906X0039/C2-1
2327,2023-05-17,2.685378283,42.685696389,51,34.1,23.0,36.1,26.1,2023-05-17T02:58,2023-05-17T15:12,44080.74,39201.13,,,0.4,0.0,0.0,0.4,2.0,,21.83,6.04,56,20.5,6.04,66,0.0,1013.1,976.3,,17.7,0.167,30.1,10906X0039/C2-1
2328,2023-05-18,2.685378283,42.685696389,51,33.5,23.0,35.5,26.1,2023-05-18T02:58,2023-05-18T15:13,44086.87,37424.56,,,0.8,0.0,0.0,0.8,5.0,,21.77,5.83,92,20.8,5.83,66,0.0,1013.1,976.4,,16.1,0.167,30.2,10906X0039/C2-1
2329,2023-05-19,2.685378283,42.685696389,51,33.5,23.3,35.8,26.2,2023-05-19T02:58,2023-05-19T15:13,44092.9,34508.09,,,0.7,0.0,0.0,0.7,7.0,,20.94,5.63,50,20.8,5.63,69,0.0,1013.3,976.5,,17.4,0.167,30.4,10906X0039/C2-1
2330,2023-05-20,2.685378283,42.685696389,3,33.8,22.3,34.9,25.4,2023-05-20T02:58,2023-05-20T15:13,44098.8,43090.56,,,0.0,0.0,0.0,0.0,0.0,,24.48,6.45,59,18.5,6.45,60,0.0,1011.9,975.2,,14.8,0.166,30.4,10906X0039/C2-1
2331,2023-05-21,2.685378283,42.685696389,3,34.4,22.7,36.0,25.3,2023-05-21T02:58,2023-05-21T15:13,44104.61,40308.54,,,0.0,0.0,0.0,0.0,0.0,,23.51,6.17,94,19.4,6.17,62,0.0,1011.8,975.1,,14.7,0.166,30.5,10906X0039/C2-1
2332,2023-05-22,2.685378283,42.685696389,1,34.4,22.3,36.3,24.9,2023-05-22T02:58,2023-05-22T15:13,44110.28,43087.82,,,0.0,0.0,0.0,0.0,0.0,,24.1,6.37,9,19.7,6.37,62,0.0,1012.0,975.3,,15.2,0.165,30.7,10906X0039/C2-1
2333,2023-05-23,2.685378283,42.685696389,51,33.9,23.2,36.3,25.7,2023-05-23T02:58,2023-05-23T15:13,44115.83,41932.06,,,0.3,0.0,0.0,0.3,3.0,,23.08,6.29,22,20.0,6.29,63,0.0,1013.0,976.2,,16.3,0.165,30.9,10906X0039/C2-1
2334,2023-05-24,2.685378283,42.685696389,53,32.7,23.4,34.5,25.9,2023-05-24T02:58,2023-05-24T15:13,44121.25,42537.62,,,1.7,0.0,0.0,1.7,9.0,,20.07,5.44,54,20.4,5.44,67,0.0,1013.6,976.8,,17.2,0.166,30.8,10906X0039/C2-1
2335,2023-05-25,2.685378283,42.685696389,2,34.3,22.7,35.0,25.3,2023-05-25T02:58,2023-05-25T15:13,44126.53,43078.67,,,0.0,0.0,0.0,0.0,0.0,,21.79,6.28,23,18.5,6.28,59,0.0,1013.3,976.5,,16.1,0.165,30.8,10906X0039/C2-1
2336,2023-05-26,2.685378283,42.685696389,51,33.1,22.7,34.9,24.6,2023-05-26T02:58,2023-05-26T15:14,44131.66,43074.42,,,0.6,0.0,0.0,0.6,4.0,,21.32,6.17,54,19.1,6.17,62,0.0,1013.5,976.7,,18.4,0.164,30.9,10906X0039/C2-1
2337,2023-05-27,2.685378283,42.685696389,51,33.4,22.1,34.3,24.6,2023-05-27T02:58,2023-05-27T15:14,44136.64,43069.62,,,0.5,0.0,0.0,0.5,3.0,,22.77,6.33,68,18.3,6.33,61,0.0,1014.0,977.1,,16.5,0.163,30.9,10906X0039/C2-1
2338,2023-05-28,2.685378283,42.685696389,63,31.6,20.8,33.1,23.6,2023-05-28T02:58,2023-05-28T15:14,44141.47,37382.95,,,8.1,0.0,0.0,8.1,9.0,,17.85,4.36,96,20.2,4.36,75,0.0,1014.2,977.1,,13.6,0.165,30.6,10906X0039/C2-1
2339,2023-05-29,2.685378283,42.685696389,51,32.2,21.6,33.6,24.7,2023-05-29T02:58,2023-05-29T15:14,44146.13,43058.54,,,0.7,0.0,0.0,0.7,5.0,,22.19,5.83,44,18.8,5.83,64,0.0,1014.2,977.3,,14.8,0.162,30.6,10906X0039/C2-1
2340,2023-05-30,2.685378283,42.685696389,3,32.9,22.1,35.0,25.3,2023-05-30T02:58,2023-05-30T15:14,44150.62,42832.41,,,0.0,0.0,0.0,0.0,0.0,,22.35,6.04,61,19.3,6.04,63,0.0,1014.1,977.3,,15.2,0.161,30.8,10906X0039/C2-1
2341,2023-05-31,2.685378283,42.685696389,51,32.8,22.8,34.0,24.8,2023-05-31T02:58,2023-05-31T15:14,44154.93,40607.13,,,0.2,0.0,0.0,0.2,2.0,,21.5,6.04,23,19.7,6.04,65,0.0,1014.1,977.2,,19.3,0.16,30.9,10906X0039/C2-1
2342,2023-06-01,2.685378283,42.685696389,51,32.7,22.4,34.0,24.6,2023-06-01T02:59,2023-06-01T15:15,44159.07,43038.72,,,0.6,0.0,0.0,0.6,5.0,,21.19,5.89,29,19.6,5.89,66,0.0,1013.6,976.7,,18.7,0.159,30.9,10906X0039/C2-1
2343,2023-06-02,2.685378283,42.685696389,51,32.7,22.0,34.1,24.7,2023-06-02T02:59,2023-06-02T15:15,44163.01,40243.61,,,0.2,0.0,0.0,0.2,2.0,,20.66,5.75,30,19.7,5.75,65,0.0,1013.8,976.9,,16.8,0.159,30.9,10906X0039/C2-1
2344,2023-06-03,2.685378283,42.685696389,51,32.9,22.5,34.6,25.4,2023-06-03T02:59,2023-06-03T15:15,44166.76,35256.11,,,0.6,0.0,0.0,0.6,6.0,,19.96,5.48,34,20.4,5.48,69,0.0,1014.2,977.3,,18.5,0.159,30.9,10906X0039/C2-1
2345,2023-06-04,2.685378283,42.685696389,51,31.5,22.9,32.4,25.2,2023-06-04T02:59,2023-06-04T15:15,44170.3,43015.89,,,0.5,0.0,0.0,0.5,4.0,,19.68,5.25,63,20.1,5.25,68,0.0,1014.2,977.3,,17.8,0.16,30.8,10906X0039/C2-1
2346,2023-06-05,2.685378283,42.685696389,3,32.2,22.2,31.8,24.7,2023-06-05T02:59,2023-06-05T15:15,44173.65,39804.04,,,0.0,0.0,0.0,0.0,0.0,,18.55,5.75,71,18.8,5.75,63,0.0,1013.6,976.7,,19.1,0.16,30.8,10906X0039/C2-1
2347,2023-06-06,2.685378283,42.685696389,51,33.9,23.5,33.2,24.2,2023-06-06T02:59,2023-06-06T15:16,44176.77,39600.0,,,0.2,0.0,0.0,0.2,2.0,,20.98,6.64,74,17.9,6.64,58,0.0,1014.1,977.2,,20.3,0.16,30.8,10906X0039/C2-1
2348,2023-06-07,2.685378283,42.685696389,3,32.7,21.8,32.6,23.8,2023-06-07T02:59,2023-06-07T15:16,44179.68,42990.98,,,0.0,0.0,0.0,0.0,0.0,,22.58,6.24,42,17.4,6.24,58,0.0,1014.0,977.1,,16.8,0.16,30.9,10906X0039/C2-1
2349,2023-06-08,2.685378283,42.685696389,3,34.1,21.8,33.9,24.5,2023-06-08T03:00,2023-06-08T15:16,44182.4,42981.94,,,0.0,0.0,0.0,0.0,0.0,,21.74,6.59,83,18.8,6.59,61,0.0,1013.6,976.8,,20.2,0.159,30.9,10906X0039/C2-1
2350,2023-06-09,2.685378283,42.685696389,51,33.6,22.5,33.9,24.9,2023-06-09T03:00,2023-06-09T15:16,44184.93,40913.48,,,0.2,0.0,0.0,0.2,1.0,,20.95,6.12,98,19.4,6.12,64,0.0,1013.6,976.7,,20.3,0.159,30.9,10906X0039/C2-1
2351,2023-06-10,2.685378283,42.685696389,3,33.9,22.2,32.6,23.8,2023-06-10T03:00,2023-06-10T15:16,44187.27,41170.47,,,0.0,0.0,0.0,0.0,0.0,,22.61,7.03,76,17.0,7.03,56,0.0,1013.1,976.3,,19.5,0.159,30.9,10906X0039/C2-1
2352,2023-06-11,2.685378283,42.685696389,3,33.1,22.1,33.5,23.5,2023-06-11T03:00,2023-06-11T15:17,44189.42,41181.52,,,0.0,0.0,0.0,0.0,0.0,,19.58,6.17,62,18.5,6.17,60,0.0,1013.3,976.4,,19.8,0.158,30.9,10906X0039/C2-1
2353,2023-06-12,2.685378283,42.685696389,3,33.6,22.4,32.4,23.8,2023-06-12T03:00,2023-06-12T15:17,44191.39,42939.23,,,0.0,0.0,0.0,0.0,0.0,,23.38,7.27,77,16.8,7.27,55,0.0,1012.4,975.6,,21.6,0.158,30.9,10906X0039/C2-1
2354,2023-06-13,2.685378283,42.685696389,3,33.7,21.9,33.0,23.1,2023-06-13T03:00,2023-06-13T15:17,44193.15,42927.22,,,0.0,0.0,0.0,0.0,0.0,,22.4,7.03,63,17.6,7.03,56,0.0,1012.7,976.0,,21.4,0.157,31.0,10906X0039/C2-1
2355,2023-06-14,2.685378283,42.685696389,51,34.5,23.4,33.5,24.0,2023-06-14T03:01,2023-06-14T15:17,44194.71,42257.16,,,0.3,0.0,0.0,0.3,2.0,,22.49,7.4,99,17.3,7.4,54,0.0,1013.1,976.4,,21.5,0.156,31.1,10906X0039/C2-1
2356,2023-06-15,2.685378283,42.685696389,3,33.3,22.3,33.0,23.3,2023-06-15T03:01,2023-06-15T15:17,44196.08,42902.07,,,0.0,0.0,0.0,0.0,0.0,,21.11,6.92,85,17.1,6.92,53,0.0,1013.8,977.0,,19.4,0.156,31.2,10906X0039/C2-1
2357,2023-06-16,2.685378283,42.685696389,3,33.9,22.2,32.7,22.0,2023-06-16T03:01,2023-06-16T15:18,44197.26,34049.11,,,0.0,0.0,0.0,0.0,0.0,,21.3,7.27,91,16.6,7.27,53,0.0,1012.9,976.1,,22.1,0.157,31.2,10906X0039/C2-1
2358,2023-06-17,2.685378283,42.685696389,51,32.1,22.6,31.3,23.7,2023-06-17T03:01,2023-06-17T15:18,44198.23,38751.36,,,0.9,0.0,0.0,0.9,3.0,,16.98,5.69,52,18.4,5.69,61,0.0,1013.9,977.0,,21.5,0.158,31.1,10906X0039/C2-1
2359,2023-06-18,2.685378283,42.685696389,51,32.9,23.4,33.3,25.1,2023-06-18T03:02,2023-06-18T15:18,44199.0,40978.35,,,0.1,0.0,0.0,0.1,1.0,,21.62,6.55,34,18.4,6.55,59,0.0,1013.7,976.9,,19.5,0.158,31.1,10906X0039/C2-1
2360,2023-06-19,2.685378283,42.685696389,51,33.0,22.5,33.3,24.7,2023-06-19T03:02,2023-06-19T15:18,44199.57,42239.6,,,0.3,0.0,0.0,0.3,3.0,,21.55,6.43,54,18.5,6.43,61,0.0,1013.3,976.4,,19.6,0.157,31.1,10906X0039/C2-1
2361,2023-06-20,2.685378283,42.685696389,51,33.7,22.3,32.3,24.3,2023-06-20T03:02,2023-06-20T15:19,44199.94,42835.6,,,0.2,0.0,0.0,0.2,2.0,,20.63,6.42,84,18.0,6.42,59,0.0,1012.7,975.9,,19.9,0.157,31.1,10906X0039/C2-1
2362,2023-06-21,2.685378283,42.685696389,51,33.3,22.1,32.4,23.4,2023-06-21T03:02,2023-06-21T15:19,44200.1,31955.16,,,0.1,0.0,0.0,0.1,1.0,,19.25,6.57,99,17.5,6.57,57,0.0,1012.8,976.0,,21.3,0.157,31.0,10906X0039/C2-1
2363,2023-06-22,2.685378283,42.685696389,51,32.7,22.8,32.4,23.9,2023-06-22T03:02,2023-06-22T15:19,44200.06,37326.89,,,0.6,0.0,0.0,0.6,5.0,,19.75,6.33,81,18.1,6.33,60,0.0,1013.1,976.2,,22.8,0.156,31.0,10906X0039/C2-1
2364,2023-06-23,2.685378283,42.685696389,51,32.3,23.6,30.9,23.2,2023-06-23T03:03,2023-06-23T15:19,44199.8,30770.38,,,0.1,0.0,0.0,0.1,1.0,,17.98,6.5,88,16.6,6.5,54,0.0,1014.0,977.1,,22.1,0.156,31.0,10906X0039/C2-1
2365,2023-06-24,2.685378283,42.685696389,3,31.6,22.5,30.2,22.3,2023-06-24T03:03,2023-06-24T15:20,44199.35,36169.35,,,0.0,0.0,0.0,0.0,0.0,,17.0,6.28,62,16.2,6.28,53,0.0,1013.8,976.8,,21.1,0.156,30.9,10906X0039/C2-1
2366,2023-06-25,2.685378283,42.685696389,3,33.8,21.8,32.1,22.0,2023-06-25T03:03,2023-06-25T15:20,44198.68,32865.43,,,0.0,0.0,0.0,0.0,0.0,,20.64,7.36,65,15.7,7.36,52,0.0,1012.5,975.7,,24.0,0.156,30.8,10906X0039/C2-1
2367,2023-06-26,2.685378283,42.685696389,51,32.4,22.6,31.6,22.8,2023-06-26T03:03,2023-06-26T15:20,44197.81,37414.88,,,1.0,0.0,0.0,1.0,7.0,,17.55,5.87,84,17.8,5.87,61,0.0,1013.2,976.2,,24.0,0.156,30.7,10906X0039/C2-1
2368,2023-06-27,2.685378283,42.685696389,3,31.9,22.4,30.1,22.9,2023-06-27T03:03,2023-06-27T15:20,44196.73,33624.17,,,0.0,0.0,0.0,0.0,0.0,,16.92,6.02,89,17.6,6.02,59,0.0,1013.5,976.6,,22.8,0.161,30.5,10906X0039/C2-1
2369,2023-06-28,2.685378283,42.685696389,51,32.6,22.5,32.0,24.2,2023-06-28T03:04,2023-06-28T15:20,44195.42,37402.05,,,1.3,0.0,0.0,1.3,8.0,,19.26,5.83,94,18.8,5.83,65,0.0,1014.6,977.6,,21.3,0.165,30.4,10906X0039/C2-1
2370,2023-06-29,2.685378283,42.685696389,51,31.7,22.1,31.4,23.3,2023-06-29T03:04,2023-06-29T15:20,44193.89,35528.47,,,1.5,0.0,0.0,1.5,8.0,,16.42,5.0,80,18.9,5.0,67,0.0,1015.1,978.0,,21.5,0.167,30.1,10906X0039/C2-1
2371,2023-06-30,2.685378283,42.685696389,51,30.8,21.4,30.3,23.2,2023-06-30T03:04,2023-06-30T15:21,44192.15,39384.84,,,1.0,0.0,0.0,1.0,6.0,,19.83,5.28,76,19.0,5.28,69,0.0,1015.4,978.3,,20.4,0.168,29.9,10906X0039/C2-1
2372,2023-07-01,2.685378283,42.685696389,53,30.8,21.9,30.1,22.3,2023-07-01T03:04,2023-07-01T15:21,44190.19,36934.01,,,1.6,0.0,0.0,1.6,5.0,,19.05,5.39,97,18.2,5.39,66,0.0,1016.5,979.3,,21.0,0.169,29.7,10906X0039/C2-1
2373,2023-07-02,2.685378283,42.685696389,3,29.4,21.4,27.5,22.3,2023-07-02T03:04,2023-07-02T15:21,44188.02,30889.35,,,0.0,0.0,0.0,0.0,0.0,,15.56,5.43,92,16.9,5.43,61,0.0,1017.2,980.0,,22.5,0.169,29.6,10906X0039/C2-1
2374,2023-07-03,2.685378283,42.685696389,3,31.0,21.7,30.4,22.3,2023-07-03T03:05,2023-07-03T15:21,44185.65,37742.21,,,0.0,0.0,0.0,0.0,0.0,,15.77,5.21,83,17.1,5.21,62,0.0,1017.5,980.3,,20.9,0.168,29.4,10906X0039/C2-1
2375,2023-07-04,2.685378283,42.685696389,3,29.3,21.2,27.9,21.7,2023-07-04T03:05,2023-07-04T15:21,44183.09,26734.05,,,0.0,0.0,0.0,0.0,0.0,,14.3,5.22,78,16.7,5.22,60,0.0,1016.4,979.2,,22.2,0.168,29.3,10906X0039/C2-1
2376,2023-07-05,2.685378283,42.685696389,3,31.0,21.0,28.9,21.6,2023-07-05T03:05,2023-07-05T15:21,44180.33,31907.9,,,0.0,0.0,0.0,0.0,0.0,,15.6,5.74,71,16.5,5.74,58,0.0,1014.6,977.5,,23.1,0.168,29.3,10906X0039/C2-1
2377,2023-07-06,2.685378283,42.685696389,3,31.5,20.9,29.0,21.7,2023-07-06T03:05,2023-07-06T15:22,44177.37,30978.55,,,0.0,0.0,0.0,0.0,0.0,,15.08,5.9,99,16.7,5.9,59,0.0,1015.0,977.9,,25.5,0.167,29.3,10906X0039/C2-1
2378,2023-07-07,2.685378283,42.685696389,51,31.4,21.9,30.0,21.9,2023-07-07T03:06,2023-07-07T15:22,44174.24,33628.85,,,0.2,0.0,0.0,0.2,1.0,,19.34,5.91,62,17.0,5.91,60,0.0,1016.6,979.5,,22.0,0.167,29.3,10906X0039/C2-1
2379,2023-07-08,2.685378283,42.685696389,3,30.0,20.8,27.8,21.4,2023-07-08T03:06,2023-07-08T15:22,44170.92,25008.06,,,0.0,0.0,0.0,0.0,0.0,,15.11,5.13,46,16.6,5.13,60,0.0,1015.8,978.7,,20.4,0.167,29.2,10906X0039/C2-1
2380,2023-07-09,2.685378283,42.685696389,53,30.6,21.7,30.1,22.9,2023-07-09T03:06,2023-07-09T15:22,44167.42,25200.0,,,2.1,0.0,0.0,2.1,8.0,,15.61,4.84,81,18.2,4.84,65,0.0,1014.8,977.7,,19.5,0.168,29.1,10906X0039/C2-1
2381,2023-07-10,2.685378283,42.685696389,3,33.1,21.0,31.6,21.8,2023-07-10T03:06,2023-07-10T15:22,44163.76,39449.96,,,0.0,0.0,0.0,0.0,0.0,,20.87,6.25,94,18.0,6.25,63,0.0,1013.8,976.9,,22.0,0.168,29.2,10906X0039/C2-1
2382,2023-07-11,2.685378283,42.685696389,3,33.3,21.5,32.9,23.1,2023-07-11T03:06,2023-07-11T15:22,44159.92,36000.0,,,0.0,0.0,0.0,0.0,0.0,,22.12,6.76,72,17.5,6.76,59,0.0,1013.6,976.8,,21.3,0.167,29.4,10906X0039/C2-1
2383,2023-07-12,2.685378283,42.685696389,3,33.0,21.5,31.1,22.4,2023-07-12T03:06,2023-07-12T15:22,44155.93,37988.34,,,0.0,0.0,0.0,0.0,0.0,,20.01,6.73,51,17.3,6.73,59,0.0,1014.4,977.4,,25.1,0.166,29.5,10906X0039/C2-1
2384,2023-07-13,2.685378283,42.685696389,3,31.2,21.6,29.0,22.2,2023-07-13T03:07,2023-07-13T15:22,44151.78,39685.67,,,0.0,0.0,0.0,0.0,0.0,,16.59,5.88,91,17.4,5.88,60,0.0,1015.0,978.0,,24.2,0.165,29.5,10906X0039/C2-1
2385,2023-07-14,2.685378283,42.685696389,53,30.6,21.7,29.2,22.8,2023-07-14T03:07,2023-07-14T15:23,44147.48,36308.3,,,2.8,0.0,0.0,2.8,11.0,,19.72,5.72,58,18.1,5.72,65,0.0,1015.5,978.4,,22.7,0.166,29.5,10906X0039/C2-1
2386,2023-07-15,2.685378283,42.685696389,53,31.5,21.6,31.2,22.9,2023-07-15T03:07,2023-07-15T15:23,44143.03,32791.52,,,2.0,0.0,0.0,2.0,10.0,,18.85,5.71,58,17.8,5.71,63,0.0,1015.8,978.7,,21.2,0.165,29.4,10906X0039/C2-1
2387,2023-07-16,2.685378283,42.685696389,51,31.2,21.8,30.5,21.5,2023-07-16T03:07,2023-07-16T15:23,44138.43,38917.75,,,0.9,0.0,0.0,0.9,8.0,,20.31,6.27,77,17.5,6.27,61,0.0,1016.1,979.0,,23.0,0.165,29.4,10906X0039/C2-1
2388,2023-07-17,2.685378283,42.685696389,3,31.2,20.4,28.9,21.0,2023-07-17T03:07,2023-07-17T15:23,44133.69,36756.61,,,0.0,0.0,0.0,0.0,0.0,,17.28,6.14,62,15.9,6.14,56,0.0,1016.2,979.0,,22.2,0.165,29.3,10906X0039/C2-1
2389,2023-07-18,2.685378283,42.685696389,51,31.9,20.9,29.5,21.7,2023-07-18T03:07,2023-07-18T15:23,44128.76,35980.83,,,0.2,0.0,0.0,0.2,2.0,,16.02,5.78,52,17.0,5.78,60,0.0,1015.8,978.7,,23.6,0.164,29.2,10906X0039/C2-1
2390,2023-07-19,2.685378283,42.685696389,51,31.2,21.1,29.2,22.4,2023-07-19T03:07,2023-07-19T15:23,44123.64,35714.1,,,0.1,0.0,0.0,0.1,1.0,,18.09,6.17,45,16.9,6.17,59,0.0,1014.3,977.3,,23.1,0.164,29.2,10906X0039/C2-1
2391,2023-07-20,2.685378283,42.685696389,3,32.4,21.0,29.9,21.8,2023-07-20T03:07,2023-07-20T15:23,44118.33,41660.05,,,0.0,0.0,0.0,0.0,0.0,,20.22,6.8,87,16.7,6.8,56,0.0,1014.2,977.2,,23.8,0.164,29.3,10906X0039/C2-1
2392,2023-07-21,2.685378283,42.685696389,3,32.1,22.6,29.6,23.4,2023-07-21T03:08,2023-07-21T15:23,44112.86,31798.55,,,0.0,0.0,0.0,0.0,0.0,,15.18,5.9,99,18.1,5.9,60,0.0,1015.8,978.8,,25.7,0.163,29.4,10906X0039/C2-1
2393,2023-07-22,2.685378283,42.685696389,53,32.5,22.3,32.3,23.4,2023-07-22T03:08,2023-07-22T15:23,44107.22,35813.28,,,2.8,0.0,0.0,2.8,11.0,,19.77,5.7,95,19.3,5.7,68,0.0,1017.1,979.9,,23.2,0.164,29.4,10906X0039/C2-1
2394,2023-07-23,2.685378283,42.685696389,51,31.2,21.9,29.8,22.6,2023-07-23T03:08,2023-07-23T15:23,44101.42,26887.04,,,0.1,0.0,0.0,0.1,1.0,,14.6,5.27,98,18.0,5.27,63,0.0,1016.4,979.3,,22.1,0.164,29.3,10906X0039/C2-1
2395,2023-07-24,2.685378283,42.685696389,51,31.7,20.9,29.8,22.4,2023-07-24T03:08,2023-07-24T15:23,44095.48,37245.78,,,0.3,0.0,0.0,0.3,3.0,,17.34,5.85,67,17.2,5.85,61,0.0,1014.8,977.7,,22.7,0.164,29.2,10906X0039/C2-1
2396,2023-07-25,2.685378283,42.685696389,3,31.7,21.3,29.0,21.7,2023-07-25T03:08,2023-07-25T15:23,44089.39,25043.2,,,0.0,0.0,0.0,0.0,0.0,,16.1,6.28,80,16.1,6.28,56,0.0,1014.5,977.4,,24.4,0.162,29.1,10906X0039/C2-1
2397,2023-07-26,2.685378283,42.685696389,3,32.5,21.2,29.6,21.8,2023-07-26T03:08,2023-07-26T15:23,44083.17,30473.64,,,0.0,0.0,0.0,0.0,0.0,,19.83,6.91,54,16.0,6.91,55,0.0,1015.1,978.1,,24.6,0.161,29.2,10906X0039/C2-1
2398,2023-07-27,2.685378283,42.685696389,3,31.3,21.2,29.4,21.2,2023-07-27T03:08,2023-07-27T15:23,44076.82,24610.1,,,0.0,0.0,0.0,0.0,0.0,,17.12,6.1,68,16.6,6.1,57,0.0,1015.7,978.6,,22.7,0.161,29.2,10906X0039/C2-1
2399,2023-07-28,2.685378283,42.685696389,51,30.3,22.0,29.1,22.4,2023-07-28T03:08,2023-07-28T15:23,44070.35,25934.64,,,0.4,0.0,0.0,0.4,4.0,,13.92,4.68,79,18.2,4.68,66,0.0,1016.2,978.9,,22.3,0.161,29.1,10906X0039/C2-1
2400,2023-07-29,2.685378283,42.685696389,51,32.5,21.5,32.1,22.6,2023-07-29T03:08,2023-07-29T15:22,44063.77,35627.02,,,1.1,0.0,0.0,1.1,7.0,,19.55,5.85,65,18.5,5.85,64,0.0,1015.3,978.2,,21.8,0.161,29.1,10906X0039/C2-1
2401,2023-07-30,2.685378283,42.685696389,51,32.2,22.1,30.9,22.0,2023-07-30T03:08,2023-07-30T15:22,44057.09,30458.24,,,0.7,0.0,0.0,0.7,6.0,,17.64,6.0,57,17.5,6.0,60,0.0,1014.4,977.4,,22.7,0.162,29.2,10906X0039/C2-1
2402,2023-07-31,2.685378283,42.685696389,51,31.6,20.6,29.3,20.7,2023-07-31T03:08,2023-07-31T15:22,44050.31,33279.63,,,0.3,0.0,0.0,0.3,1.0,,17.14,5.95,60,16.2,5.95,57,0.0,1014.8,977.7,,22.2,0.162,29.1,10906X0039/C2-1
2403,2023-08-01,2.685378283,42.685696389,51,30.8,22.2,29.1,21.4,2023-08-01T03:08,2023-08-01T15:22,44043.44,28433.24,,,0.1,0.0,0.0,0.1,1.0,,17.2,5.79,82,16.9,5.79,59,0.0,1015.7,978.6,,21.6,0.162,29.1,10906X0039/C2-1
2404,2023-08-02,2.685378283,42.685696389,51,28.9,22.1,27.5,22.7,2023-08-02T03:08,2023-08-02T15:22,44036.48,10800.0,,,0.2,0.0,0.0,0.2,2.0,,10.38,4.37,100,17.5,4.37,63,0.0,1017.3,980.1,,20.6,0.163,28.9,10906X0039/C2-1
2405,2023-08-03,2.685378283,42.685696389,51,31.7,21.5,31.1,22.4,2023-08-03T03:08,2023-08-03T15:22,44029.45,41298.87,,,0.6,0.0,0.0,0.6,5.0,,20.37,6.46,82,16.6,6.46,57,0.0,1017.9,980.7,,22.9,0.162,29.0,10906X0039/C2-1
2406,2023-08-04,2.685378283,42.685696389,51,31.5,21.1,30.1,21.8,2023-08-04T03:08,2023-08-04T15:22,44022.35,35321.22,,,0.6,0.0,0.0,0.6,4.0,,19.06,6.26,96,16.9,6.26,59,0.0,1017.3,980.2,,23.3,0.162,29.1,10906X0039/C2-1
2407,2023-08-05,2.685378283,42.685696389,51,31.9,21.6,31.5,22.5,2023-08-05T03:08,2023-08-05T15:22,44015.19,33366.43,,,1.3,0.0,0.0,1.3,10.0,,20.61,6.14,90,18.4,6.14,64,0.0,1017.6,980.4,,24.2,0.162,29.1,10906X0039/C2-1
2408,2023-08-06,2.685378283,42.685696389,51,31.3,20.9,30.8,22.1,2023-08-06T03:08,2023-08-06T15:21,44007.96,39688.27,,,1.0,0.0,0.0,1.0,7.0,,19.15,5.82,70,17.8,5.82,63,0.0,1017.7,980.5,,22.5,0.162,29.1,10906X0039/C2-1
2409,2023-08-07,2.685378283,42.685696389,51,31.4,21.7,30.7,22.2,2023-08-07T03:08,2023-08-07T15:21,44000.61,36731.5,,,1.8,0.0,0.0,1.8,10.0,,21.66,6.3,66,17.8,6.3,63,0.0,1015.8,978.7,,23.2,0.161,29.1,10906X0039/C2-1
2410,2023-08-08,2.685378283,42.685696389,3,31.3,20.4,28.9,21.5,2023-08-08T03:08,2023-08-08T15:21,43993.13,37796.9,,,0.0,0.0,0.0,0.0,0.0,,17.01,5.95,77,16.9,5.95,60,0.0,1014.9,977.8,,23.9,0.162,29.0,10906X0039/C2-1
2411,2023-08-09,2.685378283,42.685696389,3,31.9,21.6,29.7,22.4,2023-08-09T03:08,2023-08-09T15:21,43985.53,26990.54,,,0.0,0.0,0.0,0.0,0.0,,16.28,6.06,88,16.5,6.06,57,0.0,1015.3,978.3,,22.7,0.161,29.0,10906X0039/C2-1
2412,2023-08-10,2.685378283,42.685696389,51,32.7,21.9,31.8,22.7,2023-08-10T03:08,2023-08-10T15:21,43977.83,31702.32,,,0.1,0.0,0.0,0.1,1.0,,18.42,6.46,90,16.5,6.46,55,0.0,1015.3,978.4,,22.1,0.161,29.1,10906X0039/C2-1
2413,2023-08-11,2.685378283,42.685696389,51,32.3,22.0,31.6,22.0,2023-08-11T03:08,2023-08-11T15:20,43970.02,36000.0,,,0.4,0.0,0.0,0.4,3.0,,22.09,7.02,98,16.7,7.02,57,0.0,1014.6,977.6,,23.6,0.161,29.3,10906X0039/C2-1
2414,2023-08-12,2.685378283,42.685696389,51,32.6,20.8,31.8,21.8,2023-08-12T03:07,2023-08-12T15:20,43962.12,42433.57,,,0.6,0.0,0.0,0.6,2.0,,23.1,6.99,84,16.5,6.99,57,0.0,1014.3,977.4,,21.5,0.161,29.4,10906X0039/C2-1
2415,2023-08-13,2.685378283,42.685696389,3,33.1,20.3,33.3,22.2,2023-08-13T03:07,2023-08-13T15:20,43954.14,42424.23,,,0.0,0.0,0.0,0.0,0.0,,23.26,6.44,21,17.8,6.44,62,0.0,1014.3,977.3,,17.4,0.16,29.6,10906X0039/C2-1
2416,2023-08-14,2.685378283,42.685696389,3,34.7,20.9,34.6,23.3,2023-08-14T03:07,2023-08-14T15:20,43946.07,39449.7,,,0.0,0.0,0.0,0.0,0.0,,22.68,6.79,29,17.3,6.79,59,0.0,1014.3,977.4,,18.0,0.16,29.8,10906X0039/C2-1
2417,2023-08-15,2.685378283,42.685696389,51,33.7,21.5,34.6,23.6,2023-08-15T03:07,2023-08-15T15:19,43937.94,38092.97,,,0.2,0.0,0.0,0.2,2.0,,22.14,6.47,37,18.9,6.47,64,0.0,1014.2,977.3,,20.1,0.16,29.9,10906X0039/C2-1
2418,2023-08-16,2.685378283,42.685696389,51,32.7,21.1,32.2,22.8,2023-08-16T03:07,2023-08-16T15:19,43929.74,36214.13,,,0.1,0.0,0.0,0.1,1.0,,23.88,7.26,80,16.5,7.26,57,0.0,1014.0,977.1,,20.7,0.16,30.0,10906X0039/C2-1
2419,2023-08-17,2.685378283,42.685696389,3,33.7,20.6,32.1,21.8,2023-08-17T03:07,2023-08-17T15:19,43921.49,38924.03,,,0.0,0.0,0.0,0.0,0.0,,20.76,6.78,58,16.5,6.78,57,0.0,1014.1,977.1,,21.2,0.159,30.0,10906X0039/C2-1
2420,2023-08-18,2.685378283,42.685696389,3,33.1,21.3,31.5,23.1,2023-08-18T03:07,2023-08-18T15:19,43913.19,39774.6,,,0.0,0.0,0.0,0.0,0.0,,21.51,6.61,31,16.5,6.61,57,0.0,1014.0,977.1,,19.6,0.159,30.0,10906X0039/C2-1
2421,2023-08-19,2.685378283,42.685696389,51,32.6,21.2,32.1,22.5,2023-08-19T03:07,2023-08-19T15:18,43904.85,39600.0,,,0.2,0.0,0.0,0.2,2.0,,19.19,6.18,89,16.5,6.18,57,0.0,1013.3,976.4,,18.9,0.159,30.0,10906X0039/C2-1
2422,2023-08-20,2.685378283,42.685696389,3,33.8,21.1,33.4,22.3,2023-08-20T03:06,2023-08-20T15:18,43896.48,42579.88,,,0.0,0.0,0.0,0.0,0.0,,25.35,7.47,78,16.8,7.47,56,0.0,1012.0,975.2,,20.0,0.159,30.2,10906X0039/C2-1
2423,2023-08-21,2.685378283,42.685696389,53,31.5,23.0,33.1,24.5,2023-08-21T03:06,2023-08-21T15:18,43888.06,27073.28,,,2.3,0.0,0.0,2.3,10.0,,15.63,4.78,73,19.6,4.78,66,0.0,1012.0,975.1,,18.2,0.16,30.1,10906X0039/C2-1
2424,2023-08-22,2.685378283,42.685696389,63,29.2,21.1,32.1,22.9,2023-08-22T03:06,2023-08-22T15:17,43879.64,27429.61,,,8.4,0.0,0.0,8.4,9.0,,16.52,3.82,80,20.4,3.82,79,0.0,1013.3,976.1,,16.0,0.163,29.7,10906X0039/C2-1
2425,2023-08-23,2.685378283,42.685696389,51,31.1,21.0,31.2,22.0,2023-08-23T03:06,2023-08-23T15:17,43871.2,38764.37,,,0.3,0.0,0.0,0.3,3.0,,20.43,5.39,43,17.8,5.39,66,0.0,1013.2,976.1,,16.9,0.162,29.5,10906X0039/C2-1
2426,2023-08-24,2.685378283,42.685696389,3,32.7,19.6,32.7,21.4,2023-08-24T03:06,2023-08-24T15:17,43862.75,42623.07,,,0.0,0.0,0.0,0.0,0.0,,23.5,6.19,31,17.2,6.19,63,0.0,1012.6,975.6,,17.3,0.16,29.4,10906X0039/C2-1
2427,2023-08-25,2.685378283,42.685696389,3,32.4,20.6,32.2,22.6,2023-08-25T03:05,2023-08-25T15:16,43854.3,42634.56,,,0.0,0.0,0.0,0.0,0.0,,19.27,5.77,31,17.8,5.77,63,0.0,1012.3,975.3,,19.1,0.159,29.5,10906X0039/C2-1
2428,2023-08-26,2.685378283,42.685696389,3,32.4,20.9,31.4,21.2,2023-08-26T03:05,2023-08-26T15:16,43845.85,39249.83,,,0.0,0.0,0.0,0.0,0.0,,20.61,6.15,74,17.1,6.15,60,0.0,1012.9,975.9,,19.9,0.159,29.6,10906X0039/C2-1
2429,2023-08-27,2.685378283,42.685696389,51,31.7,19.8,30.5,21.7,2023-08-27T03:05,2023-08-27T15:16,43837.32,37762.57,,,0.1,0.0,0.0,0.1,1.0,,20.06,5.91,41,17.6,5.91,63,0.0,1014.5,977.4,,19.4,0.158,29.5,10906X0039/C2-1
2430,2023-08-28,2.685378283,42.685696389,51,33.9,21.8,33.1,23.5,2023-08-28T03:05,2023-08-28T15:15,43828.73,39600.0,,,0.2,0.0,0.0,0.2,2.0,,23.94,7.0,37,18.2,7.0,62,0.0,1015.7,978.7,,23.1,0.157,29.7,10906X0039/C2-1
2431,2023-08-29,2.685378283,42.685696389,51,32.0,21.9,31.8,22.7,2023-08-29T03:05,2023-08-29T15:15,43820.07,33924.01,,,1.2,0.0,0.0,1.2,8.0,,19.48,6.03,78,18.2,6.03,63,0.0,1015.2,978.1,,23.9,0.157,29.7,10906X0039/C2-1
2432,2023-08-30,2.685378283,42.685696389,3,31.6,22.2,30.6,23.2,2023-08-30T03:04,2023-08-30T15:15,43811.36,33570.83,,,0.0,0.0,0.0,0.0,0.0,,17.78,5.77,68,17.8,5.77,61,0.0,1015.4,978.3,,22.1,0.157,29.7,10906X0039/C2-1
2433,2023-08-31,2.685378283,42.685696389,51,31.3,21.2,31.6,22.5,2023-08-31T03:04,2023-08-31T15:14,43802.6,38013.88,,,0.3,0.0,0.0,0.3,3.0,,18.65,5.6,34,18.2,5.6,63,0.0,1015.1,978.0,,20.2,0.157,29.6,10906X0039/C2-1
2434,2023-09-01,2.685378283,42.685696389,51,33.1,20.7,33.0,22.3,2023-09-01T03:04,2023-09-01T15:14,43793.8,40620.47,,,0.2,0.0,0.0,0.2,2.0,,21.68,6.57,49,17.6,6.57,60,0.0,1014.6,977.6,,21.2,0.157,29.7,10906X0039/C2-1
2435,2023-09-02,2.685378283,42.685696389,3,33.9,21.2,33.3,22.5,2023-09-02T03:04,2023-09-02T15:13,43784.96,42743.57,,,0.0,0.0,0.0,0.0,0.0,,25.82,7.73,49,16.9,7.73,56,0.0,1013.7,976.9,,22.6,0.157,29.9,10906X0039/C2-1
2436,2023-09-03,2.685378283,42.685696389,3,32.4,21.1,30.9,21.9,2023-09-03T03:03,2023-09-03T15:13,43776.1,34418.14,,,0.0,0.0,0.0,0.0,0.0,,18.22,6.31,45,17.4,6.31,59,0.0,1012.6,975.8,,23.6,0.157,29.9,10906X0039/C2-1
2437,2023-09-04,2.685378283,42.685696389,51,34.0,20.7,32.4,21.2,2023-09-04T03:03,2023-09-04T15:13,43767.2,41332.1,,,0.1,0.0,0.0,0.1,1.0,,23.79,7.4,21,16.8,7.4,57,0.0,1012.1,975.2,,23.7,0.157,30.0,10906X0039/C2-1
2438,2023-09-05,2.685378283,42.685696389,51,34.5,21.5,32.9,23.2,2023-09-05T03:03,2023-09-05T15:12,43758.3,32400.0,,,0.1,0.0,0.0,0.1,1.0,,22.49,7.35,81,17.3,7.35,57,0.0,1012.0,975.3,,22.4,0.156,30.2,10906X0039/C2-1
2439,2023-09-06,2.685378283,42.685696389,51,34.7,22.8,35.2,24.3,2023-09-06T03:03,2023-09-06T15:12,43749.38,39600.0,,,0.1,0.0,0.0,0.1,1.0,,24.08,7.47,58,18.9,7.47,60,0.0,1012.0,975.3,,23.4,0.156,30.4,10906X0039/C2-1
2440,2023-09-07,2.685378283,42.685696389,3,35.1,22.6,35.0,23.7,2023-09-07T03:02,2023-09-07T15:11,43740.46,37926.48,,,0.0,0.0,0.0,0.0,0.0,,24.23,7.76,45,17.8,7.76,57,0.0,1012.2,975.5,,23.0,0.156,30.6,10906X0039/C2-1
2441,2023-09-08,2.685378283,42.685696389,3,35.0,21.8,34.8,22.9,2023-09-08T03:02,2023-09-08T15:11,43731.53,42207.57,,,0.0,0.0,0.0,0.0,0.0,,24.83,7.67,36,17.5,7.67,56,0.0,1013.0,976.2,,22.3,0.156,30.7,10906X0039/C2-1
2442,2023-09-09,2.685378283,42.685696389,3,35.2,21.6,34.7,22.7,2023-09-09T03:02,2023-09-09T15:11,43722.62,42857.61,,,0.0,0.0,0.0,0.0,0.0,,25.6,7.8,79,16.7,7.8,55,0.0,1013.0,976.2,,21.2,0.156,30.8,10906X0039/C2-1
2443,2023-09-10,2.685378283,42.685696389,3,36.0,21.6,34.7,21.9,2023-09-10T03:02,2023-09-10T15:10,43713.72,42874.28,,,0.0,0.0,0.0,0.0,0.0,,25.55,7.85,47,17.0,7.85,57,0.0,1012.5,975.7,,23.2,0.156,30.9,10906X0039/C2-1
2444,2023-09-11,2.685378283,42.685696389,51,33.5,22.8,34.5,24.2,2023-09-11T03:01,2023-09-11T15:10,43704.84,40835.95,,,0.6,0.0,0.0,0.6,4.0,,20.62,6.25,59,19.6,6.25,63,0.0,1012.5,975.8,,21.1,0.156,30.9,10906X0039/C2-1
2445,2023-09-12,2.685378283,42.685696389,3,34.9,21.3,35.6,23.5,2023-09-12T03:01,2023-09-12T15:09,43695.98,39600.0,,,0.0,0.0,0.0,0.0,0.0,,25.69,7.3,43,17.9,7.3,59,0.0,1012.7,976.0,,18.3,0.156,31.0,10906X0039/C2-1
2446,2023-09-13,2.685378283,42.685696389,3,33.3,22.8,33.9,23.0,2023-09-13T03:01,2023-09-13T15:09,43687.15,36000.0,,,0.0,0.0,0.0,0.0,0.0,,19.98,6.31,60,18.6,6.31,61,0.0,1012.8,976.0,,21.7,0.156,31.0,10906X0039/C2-1
2447,2023-09-14,2.685378283,42.685696389,53,32.2,21.6,31.8,22.4,2023-09-14T03:00,2023-09-14T15:08,43678.36,31059.64,,,1.3,0.0,0.0,1.3,6.0,,15.29,5.23,88,18.1,5.23,62,0.0,1012.8,975.9,,19.1,0.157,30.8,10906X0039/C2-1
2448,2023-09-15,2.685378283,42.685696389,53,30.5,22.0,30.3,23.0,2023-09-15T03:00,2023-09-15T15:08,43669.6,30073.57,,,2.8,0.0,0.0,2.8,10.0,,15.76,4.73,78,19.4,4.73,69,0.0,1013.6,976.5,,20.5,0.158,30.5,10906X0039/C2-1
2449,2023-09-16,2.685378283,42.685696389,3,33.9,21.1,32.9,22.8,2023-09-16T03:00,2023-09-16T15:08,43660.8,42971.93,,,0.0,0.0,0.0,0.0,0.0,,24.35,6.81,42,17.0,6.81,59,0.0,1012.9,976.0,,18.3,0.158,30.5,10906X0039/C2-1
2450,2023-09-17,2.685378283,42.685696389,3,34.2,21.1,34.2,22.7,2023-09-17T03:00,2023-09-17T15:07,43651.98,42988.35,,,0.0,0.0,0.0,0.0,0.0,,25.3,7.45,47,17.6,7.45,59,0.0,1011.3,974.5,,22.2,0.157,30.6,10906X0039/C2-1
2451,2023-09-18,2.685378283,42.685696389,3,34.7,21.9,34.5,23.3,2023-09-18T02:59,2023-09-18T15:07,43643.12,41107.62,,,0.0,0.0,0.0,0.0,0.0,,25.32,7.77,77,17.2,7.77,56,0.0,1011.0,974.3,,21.4,0.156,30.8,10906X0039/C2-1
2452,2023-09-19,2.685378283,42.685696389,3,34.3,21.9,34.5,23.6,2023-09-19T02:59,2023-09-19T15:06,43634.25,43022.01,,,0.0,0.0,0.0,0.0,0.0,,24.74,7.62,88,18.1,7.62,58,0.0,1012.0,975.3,,22.5,0.156,30.9,10906X0039/C2-1
2453,2023-09-20,2.685378283,42.685696389,3,35.3,22.1,34.9,23.9,2023-09-20T02:59,2023-09-20T15:06,43625.35,41102.01,,,0.0,0.0,0.0,0.0,0.0,,24.09,7.56,76,17.7,7.56,57,0.0,1012.2,975.5,,21.6,0.155,31.0,10906X0039/C2-1
2454,2023-09-21,2.685378283,42.685696389,1,35.2,21.6,35.0,23.6,2023-09-21T02:58,2023-09-21T15:05,43616.46,43056.38,,,0.0,0.0,0.0,0.0,0.0,,26.1,7.95,8,17.3,7.95,56,0.0,1011.7,975.1,,21.5,0.155,31.2,10906X0039/C2-1
2455,2023-09-22,2.685378283,42.685696389,51,34.8,22.4,36.2,24.2,2023-09-22T02:58,2023-09-22T15:05,43607.55,35275.27,,,0.1,0.0,0.0,0.1,1.0,,21.51,6.39,55,19.7,6.39,65,0.0,1012.1,975.3,,21.0,0.155,31.2,10906X0039/C2-1
2456,2023-09-23,2.685378283,42.685696389,53,32.9,23.4,34.3,24.5,2023-09-23T02:58,2023-09-23T15:05,43598.65,32922.03,,,1.9,0.0,0.0,1.9,8.0,,18.42,5.59,91,19.7,5.59,66,0.0,1012.8,976.0,,20.6,0.156,31.1,10906X0039/C2-1
2457,2023-09-24,2.685378283,42.685696389,51,33.6,22.7,34.5,23.5,2023-09-24T02:58,2023-09-24T15:04,43589.76,40152.86,,,0.6,0.0,0.0,0.6,4.0,,23.42,6.79,59,18.5,6.79,61,0.0,1013.5,976.6,,20.5,0.157,30.9,10906X0039/C2-1
2458,2023-09-25,2.685378283,42.685696389,3,34.4,21.6,34.6,23.3,2023-09-25T02:57,2023-09-25T15:04,43580.88,43125.37,,,0.0,0.0,0.0,0.0,0.0,,25.61,7.4,26,17.1,7.4,57,0.0,1012.4,975.6,,19.5,0.157,31.0,10906X0039/C2-1
2459,2023-09-26,2.685378283,42.685696389,3,34.7,21.4,34.2,22.4,2023-09-26T02:57,2023-09-26T15:03,43572.03,43142.34,,,0.0,0.0,0.0,0.0,0.0,,25.02,7.68,19,16.9,7.68,55,0.0,1011.7,975.0,,22.2,0.156,31.0,10906X0039/C2-1
2460,2023-09-27,2.685378283,42.685696389,2,35.7,22.0,36.1,23.8,2023-09-27T02:57,2023-09-27T15:03,43563.19,43153.89,,,0.0,0.0,0.0,0.0,0.0,,25.85,7.72,13,17.7,7.72,57,0.0,1011.7,975.0,,20.5,0.156,31.3,10906X0039/C2-1
2461,2023-09-28,2.685378283,42.685696389,51,35.1,22.8,36.8,24.7,2023-09-28T02:57,2023-09-28T15:02,43554.39,40783.47,,,0.4,0.0,0.0,0.4,3.0,,23.81,6.96,48,18.9,6.96,60,0.0,1012.9,976.2,,18.6,0.155,31.4,10906X0039/C2-1
2462,2023-09-29,2.685378283,42.685696389,51,35.6,23.1,37.5,25.1,2023-09-29T02:56,2023-09-29T15:02,43545.62,38721.4,,,0.3,0.0,0.0,0.3,2.0,,23.32,6.86,38,19.7,6.86,62,0.0,1013.2,976.5,,19.3,0.155,31.6,10906X0039/C2-1
2463,2023-09-30,2.685378283,42.685696389,53,34.1,23.7,35.1,25.2,2023-09-30T02:56,2023-09-30T15:02,43536.9,39182.88,,,1.2,0.0,0.0,1.2,5.0,,21.17,6.36,42,18.6,6.36,59,0.0,1013.8,977.0,,18.6,0.155,31.6,10906X0039/C2-1
2464,2023-10-01,2.685378283,42.685696389,3,34.9,22.3,35.9,24.2,2023-10-01T02:56,2023-10-01T15:01,43528.23,41632.33,,,0.0,0.0,0.0,0.0,0.0,,23.63,6.9,29,18.1,6.9,58,0.0,1013.1,976.4,,17.7,0.155,31.6,10906X0039/C2-1
2465,2023-10-02,2.685378283,42.685696389,3,36.1,22.4,36.6,24.1,2023-10-02T02:55,2023-10-02T15:01,43519.6,36685.72,,,0.0,0.0,0.0,0.0,0.0,,24.51,7.63,27,17.0,7.63,54,0.0,1013.0,976.3,,19.1,0.154,31.8,10906X0039/C2-1
2466,2023-10-03,2.685378283,42.685696389,51,34.6,23.0,37.4,24.8,2023-10-03T02:55,2023-10-03T15:00,43511.04,32260.11,,,0.9,0.0,0.0,0.9,6.0,,20.51,5.68,76,20.2,5.68,67,0.0,1013.5,976.6,,17.0,0.154,31.7,10906X0039/C2-1
2467,2023-10-04,2.685378283,42.685696389,63,33.2,23.0,35.4,25.2,2023-10-04T02:55,2023-10-04T15:00,43502.53,27369.39,,,6.7,0.0,0.0,6.7,12.0,,15.28,4.29,90,20.4,4.29,71,0.0,1014.2,977.2,,15.3,0.156,31.5,10906X0039/C2-1
2468,2023-10-05,2.685378283,42.685696389,63,29.5,22.5,30.5,24.3,2023-10-05T02:55,2023-10-05T15:00,43494.1,25823.21,,,4.6,0.0,0.0,4.6,7.0,,15.46,3.61,68,20.2,3.61,77,0.0,1014.7,977.5,,12.0,0.169,30.5,10906X0039/C2-1
2469,2023-10-06,2.685378283,42.685696389,51,32.1,22.3,35.8,24.7,2023-10-06T02:55,2023-10-06T14:59,43485.65,27128.81,,,0.8,0.0,0.0,0.8,6.0,,20.56,5.08,60,20.2,5.08,70,0.0,1012.8,975.9,,13.3,0.168,30.3,10906X0039/C2-1
2470,2023-10-07,2.685378283,42.685696389,51,31.1,22.5,33.3,24.9,2023-10-07T02:54,2023-10-07T14:59,43477.19,28564.87,,,1.5,0.0,0.0,1.5,8.0,,15.89,4.03,62,20.7,4.03,76,0.0,1012.5,975.5,,15.0,0.165,30.1,10906X0039/C2-1
2471,2023-10-08,2.685378283,42.685696389,3,33.4,21.9,35.6,24.2,2023-10-08T02:54,2023-10-08T14:59,43468.74,42943.86,,,0.0,0.0,0.0,0.0,0.0,,24.36,6.27,71,19.5,6.27,66,0.0,1012.2,975.4,,16.9,0.162,30.1,10906X0039/C2-1
2472,2023-10-09,2.685378283,42.685696389,51,33.6,21.8,35.9,23.7,2023-10-09T02:54,2023-10-09T14:58,43460.29,42923.04,,,0.1,0.0,0.0,0.1,1.0,,21.81,5.76,36,19.2,5.76,65,0.0,1012.8,976.0,,16.3,0.16,30.2,10906X0039/C2-1
2473,2023-10-10,2.685378283,42.685696389,3,35.0,21.2,37.0,23.2,2023-10-10T02:54,2023-10-10T14:58,43451.85,39302.47,,,0.0,0.0,0.0,0.0,0.0,,24.65,6.56,40,18.3,6.56,62,0.0,1012.3,975.5,,16.1,0.159,30.2,10906X0039/C2-1
2474,2023-10-11,2.685378283,42.685696389,51,33.7,22.2,36.6,24.3,2023-10-11T02:54,2023-10-11T14:58,43443.42,36063.23,,,0.4,0.0,0.0,0.4,3.0,,21.24,5.65,92,19.3,5.65,64,0.0,1012.5,975.7,,15.3,0.157,30.3,10906X0039/C2-1
2475,2023-10-12,2.685378283,42.685696389,61,32.9,22.9,37.3,25.8,2023-10-12T02:53,2023-10-12T14:57,43435.03,42024.8,,,2.0,0.0,0.0,2.0,3.0,,18.8,4.78,95,21.0,4.78,72,0.0,1012.9,976.0,,14.2,0.158,30.3,10906X0039/C2-1
2476,2023-10-13,2.685378283,42.685696389,63,33.3,22.8,38.0,25.4,2023-10-13T02:53,2023-10-13T14:57,43426.66,37461.02,,,11.2,0.0,0.0,11.2,5.0,,17.23,4.09,89,21.3,4.09,76,0.0,1012.9,975.9,,12.6,0.164,30.2,10906X0039/C2-1
2477,2023-10-14,2.685378283,42.685696389,61,33.0,22.6,39.0,25.6,2023-10-14T02:53,2023-10-14T14:57,43418.32,29613.29,,,1.8,0.0,0.0,1.8,2.0,,18.35,4.52,65,20.6,4.52,69,0.0,1011.6,974.8,,9.2,0.161,30.0,10906X0039/C2-1
2478,2023-10-15,2.685378283,42.685696389,51,34.1,22.9,37.3,25.5,2023-10-15T02:53,2023-10-15T14:56,43410.03,42805.3,,,0.5,0.0,0.0,0.5,4.0,,23.52,5.97,70,20.6,5.97,68,0.0,1011.1,974.4,,15.5,0.158,30.1,10906X0039/C2-1
2479,2023-10-16,2.685378283,42.685696389,51,34.2,22.6,38.0,25.9,2023-10-16T02:53,2023-10-16T14:56,43401.79,38534.15,,,0.8,0.0,0.0,0.8,5.0,,20.65,5.37,73,20.1,5.37,66,0.0,1011.3,974.6,,11.3,0.157,30.1,10906X0039/C2-1
2480,2023-10-17,2.685378283,42.685696389,53,34.4,23.1,38.4,27.1,2023-10-17T02:53,2023-10-17T14:56,43393.6,38153.9,,,0.6,0.0,0.0,0.6,2.0,,22.07,5.36,96,20.6,5.36,68,0.0,1012.2,975.4,,9.9,0.156,30.3,10906X0039/C2-1
2481,2023-10-18,2.685378283,42.685696389,63,32.7,23.1,36.4,26.9,2023-10-18T02:52,2023-10-18T14:56,43385.47,35652.97,,,12.7,0.0,0.0,12.7,9.0,,18.59,4.34,66,21.6,4.34,76,0.0,1013.3,976.3,,10.0,0.162,30.1,10906X0039/C2-1
2482,2023-10-19,2.685378283,42.685696389,63,32.5,22.3,36.6,26.2,2023-10-19T02:52,2023-10-19T14:55,43377.41,33411.24,,,17.4,0.0,0.0,17.4,16.0,,17.93,3.85,98,21.7,3.85,82,0.0,1014.2,977.1,,7.5,0.173,29.8,10906X0039/C2-1
2483,2023-10-20,2.685378283,42.685696389,63,30.5,22.3,35.9,26.4,2023-10-20T02:52,2023-10-20T14:55,43369.42,37565.56,,,4.9,0.0,0.0,4.9,10.0,,17.63,3.83,98,21.3,3.83,79,0.0,1013.6,976.5,,6.9,0.174,29.5,10906X0039/C2-1
2484,2023-10-21,2.685378283,42.685696389,63,28.4,22.3,32.0,25.9,2023-10-21T02:52,2023-10-21T14:55,43361.52,11287.65,,,21.5,0.0,0.0,21.5,16.0,,8.61,1.85,84,21.9,1.85,89,0.0,1013.9,976.6,,6.9,0.187,29.1,10906X0039/C2-1
2485,2023-10-22,2.685378283,42.685696389,61,30.8,22.5,34.3,25.5,2023-10-22T02:52,2023-10-22T14:55,43353.71,35206.59,,,2.0,0.0,0.0,2.0,3.0,,18.19,3.99,88,21.6,3.99,80,0.0,1012.8,975.7,,10.2,0.186,29.0,10906X0039/C2-1
2486,2023-10-23,2.685378283,42.685696389,51,32.3,22.8,37.8,25.1,2023-10-23T02:52,2023-10-23T14:54,43345.98,39307.1,,,1.4,0.0,0.0,1.4,9.0,,21.59,4.8,41,21.2,4.8,74,0.0,1011.3,974.4,,9.9,0.183,29.1,10906X0039/C2-1
2487,2023-10-24,2.685378283,42.685696389,63,31.1,22.9,37.0,26.1,2023-10-24T02:52,2023-10-24T14:54,43338.36,32967.58,,,12.7,0.0,0.0,12.7,6.0,,16.75,3.75,40,21.7,3.75,79,0.0,1010.4,973.4,,11.0,0.183,29.1,10906X0039/C2-1
2488,2023-10-25,2.685378283,42.685696389,53,32.3,22.5,37.0,25.2,2023-10-25T02:52,2023-10-25T14:54,43330.83,40020.48,,,1.1,0.0,0.0,1.1,4.0,,21.47,4.89,34,21.2,4.89,75,0.0,1011.6,974.8,,10.8,0.193,29.1,10906X0039/C2-1
2489,2023-10-26,2.685378283,42.685696389,61,31.4,22.7,36.1,26.0,2023-10-26T02:52,2023-10-26T14:54,43323.33,27851.23,,,5.0,0.0,0.0,5.0,4.0,,14.91,3.43,95,21.8,3.43,80,0.0,1012.6,975.6,,8.7,0.188,29.0,10906X0039/C2-1
2490,2023-10-27,2.685378283,42.685696389,63,29.5,21.8,35.3,25.1,2023-10-27T02:52,2023-10-27T14:54,43315.85,37493.63,,,11.9,0.0,0.0,11.9,15.0,,18.1,3.75,96,21.5,3.75,82,0.0,1012.3,975.2,,6.7,0.195,28.8,10906X0039/C2-1
2491,2023-10-28,2.685378283,42.685696389,63,29.0,21.7,33.9,25.1,2023-10-28T02:52,2023-10-28T14:54,43308.41,26453.33,,,30.1,0.0,0.0,30.1,18.0,,15.86,3.28,97,21.3,3.28,84,0.0,1012.1,975.0,,6.0,0.207,28.5,10906X0039/C2-1
2492,2023-10-29,2.685378283,42.685696389,63,26.7,21.9,30.4,25.6,2023-10-29T02:52,2023-10-29T14:53,43301.01,11528.34,,,29.7,0.0,0.0,29.7,24.0,,8.08,1.75,97,21.6,1.75,89,0.0,1012.4,975.1,,5.6,0.214,28.2,10906X0039/C2-1
2493,2023-10-30,2.685378283,42.685696389,63,28.0,22.3,32.9,25.9,2023-10-30T02:52,2023-10-30T14:53,43293.64,31707.59,,,12.0,0.0,0.0,12.0,10.0,,13.94,2.91,82,21.5,2.91,83,0.0,1011.8,974.7,,5.4,0.214,28.2,10906X0039/C2-1
2494,2023-10-31,2.685378283,42.685696389,63,31.1,22.3,36.4,25.6,2023-10-31T02:52,2023-10-31T14:53,43286.34,37627.49,,,10.4,0.0,0.0,10.4,11.0,,19.84,4.27,79,21.5,4.27,79,0.0,1011.0,974.1,,7.9,0.217,28.2,10906X0039/C2-1
2495,2023-11-01,2.685378283,42.685696389,63,28.5,22.2,33.5,25.4,2023-11-01T02:52,2023-11-01T14:53,43279.09,20901.01,,,19.8,0.0,0.0,19.8,22.0,,12.95,2.76,100,21.7,2.76,86,0.0,1011.7,974.6,,5.8,0.243,27.9,10906X0039/C2-1
2496,2023-11-02,2.685378283,42.685696389,61,27.2,22.6,31.4,26.7,2023-11-02T02:52,2023-11-02T14:53,43271.91,10749.5,,,12.2,0.0,0.0,12.2,18.0,,9.68,2.05,99,21.9,2.05,87,0.0,1011.9,974.7,,3.6,0.262,27.7,10906X0039/C2-1
2497,2023-11-03,2.685378283,42.685696389,65,29.8,22.0,35.4,25.7,2023-11-03T02:52,2023-11-03T14:53,43264.8,19975.85,,,37.4,0.0,0.0,37.4,23.0,,14.91,3.09,99,21.7,3.09,86,0.0,1011.8,974.6,,5.2,0.285,27.6,10906X0039/C2-1
2498,2023-11-04,2.685378283,42.685696389,61,29.3,21.7,35.0,25.5,2023-11-04T02:52,2023-11-04T14:53,43257.77,36216.59,,,4.2,0.0,0.0,4.2,11.0,,18.0,3.71,89,21.4,3.71,82,0.0,1011.9,974.8,,4.9,0.303,27.6,10906X0039/C2-1
2499,2023-11-05,2.685378283,42.685696389,63,28.4,22.1,32.6,25.9,2023-11-05T02:52,2023-11-05T14:53,43250.83,23904.15,,,21.0,0.0,0.0,21.0,21.0,,13.2,2.76,87,21.8,2.76,85,0.0,1012.5,975.3,,4.7,0.308,27.6,10906X0039/C2-1
2500,2023-11-06,2.685378283,42.685696389,63,27.3,22.1,30.9,26.0,2023-11-06T02:52,2023-11-06T14:53,43243.99,17532.93,,,13.5,0.0,0.0,13.5,14.0,,12.77,2.62,99,21.6,2.62,86,0.0,1013.6,976.3,,7.1,0.324,27.3,10906X0039/C2-1
2501,2023-11-07,2.685378283,42.685696389,63,30.1,22.0,35.4,25.6,2023-11-07T02:52,2023-11-07T14:53,43237.24,31615.41,,,23.4,0.0,0.0,23.4,18.0,,18.52,3.77,83,21.8,3.77,86,0.0,1012.7,975.5,,7.1,0.329,27.2,10906X0039/C2-1
2502,2023-11-08,2.685378283,42.685696389,55,29.0,21.1,32.5,24.5,2023-11-08T02:52,2023-11-08T14:53,43230.62,23194.95,,,2.6,0.0,0.0,2.6,10.0,,13.36,2.85,67,21.3,2.85,84,0.0,1012.6,975.4,,6.2,0.343,27.2,10906X0039/C2-1
2503,2023-11-09,2.685378283,42.685696389,51,31.4,20.8,34.4,24.2,2023-11-09T02:52,2023-11-09T14:53,43224.1,42586.28,,,0.1,0.0,0.0,0.1,1.0,,23.19,5.05,44,20.5,5.05,74,0.0,1011.6,974.7,,8.4,0.341,27.4,10906X0039/C2-1
2504,2023-11-10,2.685378283,42.685696389,51,31.7,21.2,34.9,23.9,2023-11-10T02:52,2023-11-10T14:53,43217.71,42587.84,,,0.1,0.0,0.0,0.1,1.0,,23.31,5.34,63,19.8,5.34,70,0.0,1012.3,975.4,,10.2,0.336,27.5,10906X0039/C2-1
2505,2023-11-11,2.685378283,42.685696389,63,29.7,20.6,34.3,23.6,2023-11-11T02:53,2023-11-11T14:53,43211.45,38217.39,,,8.3,0.0,0.0,8.3,8.0,,18.0,3.73,88,20.7,3.73,81,0.0,1013.8,976.6,,6.2,0.333,27.5,10906X0039/C2-1
2506,2023-11-12,2.685378283,42.685696389,63,30.2,22.1,34.4,25.4,2023-11-12T02:53,2023-11-12T14:53,43205.34,36498.48,,,15.0,0.0,0.0,15.0,16.0,,17.97,3.73,71,21.6,3.73,83,0.0,1013.8,976.6,,9.4,0.339,27.3,10906X0039/C2-1
2507,2023-11-13,2.685378283,42.685696389,63,28.4,21.7,32.8,25.5,2023-11-13T02:53,2023-11-13T14:53,43199.37,28455.27,,,19.6,0.0,0.0,19.6,17.0,,14.2,2.87,78,21.9,2.87,87,0.0,1013.6,976.4,,7.1,0.35,27.2,10906X0039/C2-1
2508,2023-11-14,2.685378283,42.685696389,65,29.2,21.2,34.3,24.6,2023-11-14T02:53,2023-11-14T14:53,43193.55,32400.0,,,21.1,0.0,0.0,21.1,13.0,,15.6,3.17,78,21.7,3.17,86,0.0,1012.9,975.7,,4.2,0.358,27.1,10906X0039/C2-1
2509,2023-11-15,2.685378283,42.685696389,61,28.8,21.5,33.8,25.3,2023-11-15T02:53,2023-11-15T14:53,43187.8,31186.57,,,6.8,0.0,0.0,6.8,15.0,,14.74,3.02,85,22.2,3.02,86,0.0,1012.3,975.2,,5.1,0.368,27.1,10906X0039/C2-1
2510,2023-11-16,2.685378283,42.685696389,65,29.1,22.4,34.2,26.4,2023-11-16T02:54,2023-11-16T14:53,43182.15,33036.17,,,17.3,0.0,0.0,17.3,14.0,,15.08,3.07,82,22.2,3.07,86,0.0,1012.8,975.7,,6.0,0.375,27.2,10906X0039/C2-1
2511,2023-11-17,2.685378283,42.685696389,63,28.5,22.1,32.8,26.1,2023-11-17T02:54,2023-11-17T14:53,43176.57,35093.44,,,9.1,0.0,0.0,9.1,11.0,,14.03,2.84,83,22.3,2.84,86,0.0,1012.7,975.6,,5.6,0.376,27.1,10906X0039/C2-1
2512,2023-11-18,2.685378283,42.685696389,63,29.3,21.5,34.9,25.2,2023-11-18T02:54,2023-11-18T14:54,43171.08,33085.35,,,20.2,0.0,0.0,20.2,15.0,,17.75,3.61,98,21.8,3.61,86,0.0,1012.9,975.7,,5.8,0.378,27.2,10906X0039/C2-1
2513,2023-11-19,2.685378283,42.685696389,65,24.5,20.8,28.5,23.8,2023-11-19T02:54,2023-11-19T14:54,43165.7,401.58,,,57.2,0.0,0.0,57.2,13.0,,4.56,1.04,83,21.5,1.04,93,0.0,1012.9,975.5,,5.8,0.408,26.6,10906X0039/C2-1
2514,2023-11-20,2.685378283,42.685696389,51,30.1,20.6,34.5,23.5,2023-11-20T02:55,2023-11-20T14:54,43160.42,37033.0,,,0.7,0.0,0.0,0.7,4.0,,18.18,3.86,71,21.5,3.86,82,0.0,1011.9,974.8,,7.4,0.406,26.7,10906X0039/C2-1
2515,2023-11-21,2.685378283,42.685696389,51,31.4,21.7,35.0,25.7,2023-11-21T02:55,2023-11-21T14:54,43155.24,42670.39,,,0.3,0.0,0.0,0.3,3.0,,22.59,4.88,52,21.1,4.88,75,0.0,1011.3,974.4,,7.9,0.399,27.1,10906X0039/C2-1
2516,2023-11-22,2.685378283,42.685696389,51,31.3,21.9,34.9,25.6,2023-11-22T02:55,2023-11-22T14:54,43150.19,42683.54,,,0.4,0.0,0.0,0.4,2.0,,21.63,4.81,61,21.3,4.81,75,0.0,1011.7,974.8,,9.5,0.389,27.3,10906X0039/C2-1
2517,2023-11-23,2.685378283,42.685696389,51,30.3,22.8,33.3,26.6,2023-11-23T02:56,2023-11-23T14:55,43145.26,41250.92,,,1.9,0.0,0.0,1.9,9.0,,19.59,4.37,82,21.5,4.37,77,0.0,1011.5,974.5,,11.1,0.382,27.4,10906X0039/C2-1
2518,2023-11-24,2.685378283,42.685696389,55,28.8,22.1,33.1,25.6,2023-11-24T02:56,2023-11-24T14:55,43140.46,28531.03,,,2.2,0.0,0.0,2.2,5.0,,14.82,3.13,82,21.6,3.13,83,0.0,1010.5,973.4,,7.1,0.39,27.2,10906X0039/C2-1
2519,2023-11-25,2.685378283,42.685696389,53,30.8,22.0,34.7,26.0,2023-11-25T02:56,2023-11-25T14:55,43135.8,39116.49,,,0.8,0.0,0.0,0.8,2.0,,18.41,4.02,84,21.4,4.02,79,0.0,1010.5,973.6,,7.1,0.385,27.3,10906X0039/C2-1
2520,2023-11-26,2.685378283,42.685696389,51,29.9,22.2,34.0,25.6,2023-11-26T02:57,2023-11-26T14:55,43131.28,35417.6,,,0.4,0.0,0.0,0.4,3.0,,17.89,3.94,71,21.4,3.94,79,0.0,1012.1,975.1,,9.6,0.379,27.3,10906X0039/C2-1
2521,2023-11-27,2.685378283,42.685696389,51,30.5,22.0,33.3,25.7,2023-11-27T02:57,2023-11-27T14:56,43126.92,38566.37,,,0.3,0.0,0.0,0.3,3.0,,19.69,4.25,87,21.2,4.25,77,0.0,1011.9,975.0,,8.7,0.373,27.4,10906X0039/C2-1
2522,2023-11-28,2.685378283,42.685696389,51,31.2,21.8,34.7,25.4,2023-11-28T02:57,2023-11-28T14:56,43122.71,42702.51,,,0.3,0.0,0.0,0.3,2.0,,22.36,4.78,56,20.7,4.78,73,0.0,1010.6,973.7,,7.1,0.368,27.6,10906X0039/C2-1
2523,2023-11-29,2.685378283,42.685696389,51,31.0,22.2,34.3,24.6,2023-11-29T02:58,2023-11-29T14:56,43118.67,42698.16,,,0.3,0.0,0.0,0.3,3.0,,22.15,4.96,43,20.3,4.96,72,0.0,1010.8,973.9,,10.7,0.361,27.6,10906X0039/C2-1
2524,2023-11-30,2.685378283,42.685696389,3,31.5,22.0,33.4,23.8,2023-11-30T02:58,2023-11-30T14:57,43114.79,42693.99,,,0.0,0.0,0.0,0.0,0.0,,23.39,5.45,58,18.6,5.45,65,0.0,1011.8,974.9,,11.6,0.354,27.6,10906X0039/C2-1
2525,2023-12-01,2.685378283,42.685696389,3,32.4,22.7,33.8,24.1,2023-12-01T02:58,2023-12-01T14:57,43111.1,40491.52,,,0.0,0.0,0.0,0.0,0.0,,23.76,5.86,71,17.8,5.86,60,0.0,1011.5,974.7,,12.4,0.348,27.6,10906X0039/C2-1
2526,2023-12-02,2.685378283,42.685696389,3,32.2,22.7,33.7,22.2,2023-12-02T02:59,2023-12-02T14:57,43107.59,39253.81,,,0.0,0.0,0.0,0.0,0.0,,22.98,5.88,75,16.9,5.88,57,0.0,1011.2,974.3,,12.7,0.343,27.6,10906X0039/C2-1
2527,2023-12-03,2.685378283,42.685696389,3,32.1,22.1,33.7,22.8,2023-12-03T02:59,2023-12-03T14:58,43104.28,42682.58,,,0.0,0.0,0.0,0.0,0.0,,24.25,6.09,18,16.9,6.09,58,0.0,1011.5,974.7,,13.1,0.337,27.7,10906X0039/C2-1
2528,2023-12-04,2.685378283,42.685696389,3,32.7,21.5,33.7,23.0,2023-12-04T03:00,2023-12-04T14:58,43101.15,42679.33,,,0.0,0.0,0.0,0.0,0.0,,24.13,5.88,24,17.6,5.88,61,0.0,1011.7,974.8,,12.9,0.332,27.7,10906X0039/C2-1
2529,2023-12-05,2.685378283,42.685696389,3,31.9,21.3,33.1,21.8,2023-12-05T03:00,2023-12-05T14:58,43098.19,40383.38,,,0.0,0.0,0.0,0.0,0.0,,23.89,5.84,53,15.9,5.84,56,0.0,1012.2,975.2,,10.6,0.327,27.7,10906X0039/C2-1
2530,2023-12-06,2.685378283,42.685696389,3,32.3,20.9,35.2,21.2,2023-12-06T03:00,2023-12-06T14:59,43095.37,42673.67,,,0.0,0.0,0.0,0.0,0.0,,24.35,5.55,24,16.9,5.55,59,0.0,1012.2,975.3,,8.9,0.324,27.8,10906X0039/C2-1
2531,2023-12-07,2.685378283,42.685696389,0,32.7,20.7,36.1,21.6,2023-12-07T03:01,2023-12-07T14:59,43092.71,42671.04,,,0.0,0.0,0.0,0.0,0.0,,24.59,5.89,0,16.5,5.89,56,0.0,1011.8,974.9,,9.6,0.321,27.9,10906X0039/C2-1
2532,2023-12-08,2.685378283,42.685696389,0,32.6,21.1,34.9,22.1,2023-12-08T03:01,2023-12-08T14:59,43090.19,42668.54,,,0.0,0.0,0.0,0.0,0.0,,23.15,5.59,5,17.6,5.59,60,0.0,1011.8,974.9,,11.4,0.316,28.0,10906X0039/C2-1
2533,2023-12-09,2.685378283,42.685696389,1,33.5,21.7,35.5,23.0,2023-12-09T03:02,2023-12-09T15:00,43087.83,42666.18,,,0.0,0.0,0.0,0.0,0.0,,23.35,6.28,8,16.9,6.28,54,0.0,1010.8,974.0,,12.9,0.314,28.2,10906X0039/C2-1
2534,2023-12-10,2.685378283,42.685696389,3,34.0,21.7,35.0,24.2,2023-12-10T03:02,2023-12-10T15:00,43085.65,42663.96,,,0.0,0.0,0.0,0.0,0.0,,23.7,6.08,45,17.8,6.08,58,0.0,1011.4,974.7,,12.0,0.312,28.5,10906X0039/C2-1
2535,2023-12-11,2.685378283,42.685696389,51,33.3,22.1,36.1,24.3,2023-12-11T03:03,2023-12-11T15:01,43083.62,42661.89,,,0.2,0.0,0.0,0.2,2.0,,22.51,5.58,73,19.2,5.58,62,0.0,1011.7,974.9,,11.2,0.311,28.7,10906X0039/C2-1
2536,2023-12-12,2.685378283,42.685696389,3,32.9,22.9,37.5,26.6,2023-12-12T03:03,2023-12-12T15:01,43081.75,42659.95,,,0.0,0.0,0.0,0.0,0.0,,22.85,5.29,89,20.1,5.29,64,0.0,1010.7,974.0,,8.5,0.308,29.0,10906X0039/C2-1
2537,2023-12-13,2.685378283,42.685696389,3,33.0,23.2,38.4,26.2,2023-12-13T03:04,2023-12-13T15:02,43080.06,42658.16,,,0.0,0.0,0.0,0.0,0.0,,21.99,4.75,58,21.1,4.75,68,0.0,1010.8,974.1,,6.8,0.305,29.3,10906X0039/C2-1
2538,2023-12-14,2.685378283,42.685696389,2,34.2,23.2,37.7,26.2,2023-12-14T03:04,2023-12-14T15:02,43078.53,42656.54,,,0.0,0.0,0.0,0.0,0.0,,22.83,5.64,12,20.2,5.64,63,0.0,1010.6,974.0,,10.9,0.303,29.4,10906X0039/C2-1
2539,2023-12-15,2.685378283,42.685696389,3,33.2,23.7,35.8,26.0,2023-12-15T03:05,2023-12-15T15:03,43077.19,38164.59,,,0.0,0.0,0.0,0.0,0.0,,21.79,5.52,62,19.4,5.52,62,0.0,1011.9,975.2,,12.0,0.302,29.5,10906X0039/C2-1
2540,2023-12-16,2.685378283,42.685696389,3,34.2,22.3,34.5,24.4,2023-12-16T03:05,2023-12-16T15:03,43076.02,42643.61,,,0.0,0.0,0.0,0.0,0.0,,23.99,6.63,34,16.2,6.63,52,0.0,1011.2,974.5,,13.0,0.299,29.6,10906X0039/C2-1
2541,2023-12-17,2.685378283,42.685696389,3,34.9,23.8,34.5,22.9,2023-12-17T03:06,2023-12-17T15:04,43075.03,42613.21,,,0.0,0.0,0.0,0.0,0.0,,24.33,7.61,55,14.1,7.61,42,0.0,1010.3,973.8,,16.0,0.296,29.7,10906X0039/C2-1
2542,2023-12-18,2.685378283,42.685696389,3,34.3,22.7,34.4,22.8,2023-12-18T03:06,2023-12-18T15:04,43074.22,42582.94,,,0.0,0.0,0.0,0.0,0.0,,23.8,7.11,82,14.5,7.11,45,0.0,1010.4,973.7,,13.6,0.293,29.9,10906X0039/C2-1
2543,2023-12-19,2.685378283,42.685696389,3,35.1,22.8,35.4,22.0,2023-12-19T03:07,2023-12-19T15:05,43073.59,41134.49,,,0.0,0.0,0.0,0.0,0.0,,23.05,7.16,79,14.8,7.16,43,0.0,1010.2,973.6,,14.3,0.29,30.0,10906X0039/C2-1
2544,2023-12-20,2.685378283,42.685696389,3,35.6,23.6,36.6,25.1,2023-12-20T03:07,2023-12-20T15:05,43073.15,42523.1,,,0.0,0.0,0.0,0.0,0.0,,23.36,6.9,49,16.9,6.9,48,0.0,1010.9,974.4,,12.9,0.288,30.3,10906X0039/C2-1
2545,2023-12-21,2.685378283,42.685696389,3,35.9,23.9,37.3,26.3,2023-12-21T03:08,2023-12-21T15:06,43072.91,42493.71,,,0.0,0.0,0.0,0.0,0.0,,23.28,6.99,46,18.5,6.99,54,0.0,1011.4,974.9,,16.2,0.285,30.5,10906X0039/C2-1
2546,2023-12-22,2.685378283,42.685696389,3,35.6,24.1,36.5,25.9,2023-12-22T03:08,2023-12-22T15:06,43072.85,42464.79,,,0.0,0.0,0.0,0.0,0.0,,22.78,6.89,89,18.6,6.89,54,0.0,1012.5,976.0,,16.0,0.283,30.7,10906X0039/C2-1
2547,2023-12-23,2.685378283,42.685696389,3,34.6,24.2,36.9,27.2,2023-12-23T03:09,2023-12-23T15:07,43072.99,42436.44,,,0.0,0.0,0.0,0.0,0.0,,22.9,6.24,89,19.7,6.24,58,0.0,1012.5,976.0,,13.7,0.282,30.8,10906X0039/C2-1
2548,2023-12-24,2.685378283,42.685696389,3,34.9,24.1,38.5,26.7,2023-12-24T03:09,2023-12-24T15:07,43073.33,42408.73,,,0.0,0.0,0.0,0.0,0.0,,21.96,5.64,49,20.2,5.64,61,0.0,1012.4,975.8,,11.6,0.28,31.0,10906X0039/C2-1
2549,2023-12-25,2.685378283,42.685696389,3,36.0,23.4,38.1,26.3,2023-12-25T03:10,2023-12-25T15:08,43073.87,42381.02,,,0.0,0.0,0.0,0.0,0.0,,23.18,6.69,49,19.3,6.69,57,0.0,1011.1,974.6,,13.2,0.279,31.2,10906X0039/C2-1
2550,2023-12-26,2.685378283,42.685696389,3,35.6,23.2,35.5,24.5,2023-12-26T03:10,2023-12-26T15:08,43074.6,42352.99,,,0.0,0.0,0.0,0.0,0.0,,24.29,7.22,46,16.4,7.22,50,0.0,1011.0,974.5,,16.6,0.277,31.2,10906X0039/C2-1
2551,2023-12-27,2.685378283,42.685696389,3,35.8,24.0,35.0,26.0,2023-12-27T03:11,2023-12-27T15:08,43075.53,42324.72,,,0.0,0.0,0.0,0.0,0.0,,22.65,6.98,91,16.8,6.98,49,0.0,1011.4,974.9,,15.2,0.274,31.2,10906X0039/C2-1
2552,2023-12-28,2.685378283,42.685696389,51,36.0,24.2,38.0,27.4,2023-12-28T03:11,2023-12-28T15:09,43076.65,41202.61,,,0.2,0.0,0.0,0.2,2.0,,21.25,5.99,86,19.6,5.99,58,0.0,1011.7,975.2,,12.1,0.272,31.3,10906X0039/C2-1
2553,2023-12-29,2.685378283,42.685696389,53,35.9,24.6,38.5,26.6,2023-12-29T03:12,2023-12-29T15:09,43077.96,42267.8,,,0.7,0.0,0.0,0.7,3.0,,22.59,6.51,64,19.6,6.51,57,0.0,1011.3,974.7,,14.3,0.27,31.4,10906X0039/C2-1
2554,2023-12-30,2.685378283,42.685696389,3,36.2,24.3,36.5,26.2,2023-12-30T03:12,2023-12-30T15:10,43079.46,42239.3,,,0.0,0.0,0.0,0.0,0.0,,23.99,7.3,31,16.9,7.3,49,0.0,1010.5,974.0,,15.8,0.267,31.5,10906X0039/C2-1
2555,2023-12-31,2.685378283,42.685696389,3,35.6,22.7,36.8,24.1,2023-12-31T03:12,2023-12-31T15:10,43081.13,42210.9,,,0.0,0.0,0.0,0.0,0.0,,23.76,6.88,22,17.0,6.88,51,0.0,1010.8,974.2,,15.0,0.265,31.5,10906X0039/C2-1
2556,2024-01-01,2.685378283,42.685696389,3,36.2,22.7,36.3,23.6,2024-01-01T03:13,2024-01-01T15:11,43082.98,42182.67,,,0.0,0.0,0.0,0.0,0.0,,24.69,7.39,33,15.1,7.39,46,0.0,1011.4,974.9,,14.6,0.263,31.6,10906X0039/C2-1
2557,2024-01-02,2.685378283,42.685696389,3,35.7,22.3,34.8,23.9,2024-01-02T03:13,2024-01-02T15:11,43085.0,41325.56,,,0.0,0.0,0.0,0.0,0.0,,24.11,7.3,46,14.7,7.3,47,0.0,1011.1,974.6,,15.6,0.261,31.6,10906X0039/C2-1
2558,2024-01-03,2.685378283,42.685696389,3,35.7,22.3,34.5,22.9,2024-01-03T03:14,2024-01-03T15:12,43087.21,42127.05,,,0.0,0.0,0.0,0.0,0.0,,24.72,7.35,73,13.4,7.35,44,0.0,1010.7,974.1,,15.8,0.259,31.5,10906X0039/C2-1
2559,2024-01-04,2.685378283,42.685696389,3,35.7,21.8,34.6,21.5,2024-01-04T03:14,2024-01-04T15:12,43089.57,42099.82,,,0.0,0.0,0.0,0.0,0.0,,24.58,7.33,47,13.3,7.33,44,0.0,1011.5,974.9,,15.5,0.257,31.4,10906X0039/C2-1
2560,2024-01-05,2.685378283,42.685696389,3,35.4,21.5,35.3,22.3,2024-01-05T03:15,2024-01-05T15:13,43092.1,42073.09,,,0.0,0.0,0.0,0.0,0.0,,24.91,6.88,20,14.6,6.88,48,0.0,1012.0,975.4,,13.2,0.255,31.5,10906X0039/C2-1
2561,2024-01-06,2.685378283,42.685696389,3,35.2,21.8,35.5,22.3,2024-01-06T03:15,2024-01-06T15:13,43094.79,41868.4,,,0.0,0.0,0.0,0.0,0.0,,24.65,7.06,30,13.9,7.06,43,0.0,1012.1,975.5,,13.0,0.254,31.5,10906X0039/C2-1
2562,2024-01-07,2.685378283,42.685696389,3,35.3,21.9,34.2,21.5,2024-01-07T03:16,2024-01-07T15:14,43097.64,42021.43,,,0.0,0.0,0.0,0.0,0.0,,24.46,7.77,41,12.6,7.77,40,0.0,1011.4,974.8,,16.6,0.252,31.5,10906X0039/C2-1
2563,2024-01-08,2.685378283,42.685696389,3,35.2,22.1,33.9,21.7,2024-01-08T03:16,2024-01-08T15:14,43100.64,41996.67,,,0.0,0.0,0.0,0.0,0.0,,24.71,8.03,20,12.8,8.03,41,0.0,1011.1,974.5,,18.4,0.251,31.4,10906X0039/C2-1
2564,2024-01-09,2.685378283,42.685696389,3,34.4,22.1,32.5,21.8,2024-01-09T03:16,2024-01-09T15:15,43103.8,41972.73,,,0.0,0.0,0.0,0.0,0.0,,24.97,8.16,46,10.8,8.16,37,0.0,1011.1,974.5,,18.0,0.249,31.4,10906X0039/C2-1
2565,2024-01-10,2.685378283,42.685696389,3,34.6,21.6,33.7,19.9,2024-01-10T03:17,2024-01-10T15:15,43107.11,41949.69,,,0.0,0.0,0.0,0.0,0.0,,24.8,7.59,22,13.1,7.59,41,0.0,1010.7,974.1,,16.0,0.248,31.3,10906X0039/C2-1
2566,2024-01-11,2.685378283,42.685696389,3,35.2,22.6,35.2,22.7,2024-01-11T03:17,2024-01-11T15:16,43110.55,41927.63,,,0.0,0.0,0.0,0.0,0.0,,24.25,7.22,78,15.0,7.22,47,0.0,1010.1,973.6,,15.9,0.246,31.4,10906X0039/C2-1
2567,2024-01-12,2.685378283,42.685696389,3,35.3,22.5,35.9,22.4,2024-01-12T03:18,2024-01-12T15:16,43114.14,41906.65,,,0.0,0.0,0.0,0.0,0.0,,24.56,7.12,38,15.7,7.12,48,0.0,1010.0,973.5,,16.1,0.245,31.5,10906X0039/C2-1
2568,2024-01-13,2.685378283,42.685696389,3,36.1,23.1,36.5,24.0,2024-01-13T03:18,2024-01-13T15:16,43117.87,41473.69,,,0.0,0.0,0.0,0.0,0.0,,24.0,7.36,34,16.1,7.36,47,0.0,1010.0,973.5,,15.8,0.243,31.6,10906X0039/C2-1
2569,2024-01-14,2.685378283,42.685696389,3,36.9,23.8,37.6,25.3,2024-01-14T03:18,2024-01-14T15:17,43121.8,41867.67,,,0.0,0.0,0.0,0.0,0.0,,23.99,8.03,71,16.6,8.03,46,0.0,1010.2,973.9,,17.8,0.242,31.8,10906X0039/C2-1
2570,2024-01-15,2.685378283,42.685696389,3,37.5,24.8,37.3,25.7,2024-01-15T03:19,2024-01-15T15:17,43125.9,41686.27,,,0.0,0.0,0.0,0.0,0.0,,24.7,8.63,45,15.4,8.63,41,0.0,1010.7,974.4,,18.1,0.241,32.0,10906X0039/C2-1
2571,2024-01-16,2.685378283,42.685696389,3,36.6,24.7,37.5,26.3,2024-01-16T03:19,2024-01-16T15:18,43130.19,41691.16,,,0.0,0.0,0.0,0.0,0.0,,23.31,7.43,24,16.8,7.43,46,0.0,1010.6,974.3,,15.0,0.239,32.2,10906X0039/C2-1
2572,2024-01-17,2.685378283,42.685696389,51,36.4,24.5,38.4,27.1,2024-01-17T03:19,2024-01-17T15:18,43134.66,39639.87,,,0.8,0.0,0.0,0.8,4.0,,21.99,6.76,30,19.3,6.76,54,0.0,1010.5,974.1,,14.6,0.238,32.3,10906X0039/C2-1
2573,2024-01-18,2.685378283,42.685696389,51,35.3,24.9,38.6,26.7,2024-01-18T03:19,2024-01-18T15:18,43139.29,41453.7,,,0.1,0.0,0.0,0.1,1.0,,22.0,6.08,28,20.0,6.08,56,0.0,1010.4,974.0,,12.6,0.238,32.4,10906X0039/C2-1
2574,2024-01-19,2.685378283,42.685696389,51,35.7,23.3,37.0,25.2,2024-01-19T03:20,2024-01-19T15:19,43144.08,40248.74,,,0.1,0.0,0.0,0.1,1.0,,21.68,6.2,33,18.4,6.2,56,0.0,1009.9,973.3,,12.6,0.243,31.8,10906X0039/C2-1
2575,2024-01-20,2.685378283,42.685696389,3,37.1,24.3,35.0,23.2,2024-01-20T03:20,2024-01-20T15:19,43149.01,41461.3,,,0.0,0.0,0.0,0.0,0.0,,25.37,8.88,62,11.9,8.88,35,0.0,1009.7,973.3,,18.0,0.239,31.6,10906X0039/C2-1
2576,2024-01-21,2.685378283,42.685696389,3,36.7,23.4,34.2,22.4,2024-01-21T03:20,2024-01-21T15:19,43154.1,41464.47,,,0.0,0.0,0.0,0.0,0.0,,25.4,8.67,77,12.8,8.67,39,0.0,1010.7,974.2,,19.5,0.236,31.6,10906X0039/C2-1
2577,2024-01-22,2.685378283,42.685696389,3,35.9,23.2,34.6,23.2,2024-01-22T03:20,2024-01-22T15:20,43159.33,41467.23,,,0.0,0.0,0.0,0.0,0.0,,25.46,8.57,42,13.1,8.57,40,0.0,1012.4,975.8,,18.7,0.235,31.6,10906X0039/C2-1
2578,2024-01-23,2.685378283,42.685696389,3,36.7,23.1,34.2,21.8,2024-01-23T03:21,2024-01-23T15:20,43164.69,41469.61,,,0.0,0.0,0.0,0.0,0.0,,25.6,8.66,15,10.7,8.66,35,0.0,1012.1,975.6,,17.1,0.233,31.7,10906X0039/C2-1
2579,2024-01-24,2.685378283,42.685696389,3,37.1,23.9,37.8,23.9,2024-01-24T03:21,2024-01-24T15:20,43170.16,41227.71,,,0.0,0.0,0.0,0.0,0.0,,24.21,7.25,18,16.4,7.25,47,0.0,1011.9,975.4,,14.9,0.232,32.0,10906X0039/C2-1
2580,2024-01-25,2.685378283,42.685696389,3,37.3,23.6,38.8,25.6,2024-01-25T03:21,2024-01-25T15:21,43175.76,41229.59,,,0.0,0.0,0.0,0.0,0.0,,24.47,7.44,11,17.8,7.44,51,0.0,1011.5,975.1,,15.1,0.231,32.2,10906X0039/C2-1
2581,2024-01-26,2.685378283,42.685696389,3,34.7,23.9,38.7,25.9,2024-01-26T03:21,2024-01-26T15:21,43181.46,39809.58,,,0.0,0.0,0.0,0.0,0.0,,21.64,6.21,37,19.2,6.21,56,0.0,1012.4,975.9,,14.6,0.23,32.4,10906X0039/C2-1
2582,2024-01-27,2.685378283,42.685696389,3,35.1,23.6,38.0,25.2,2024-01-27T03:21,2024-01-27T15:21,43187.27,40989.37,,,0.0,0.0,0.0,0.0,0.0,,22.31,6.51,58,19.2,6.51,56,0.0,1012.4,975.9,,15.6,0.229,32.5,10906X0039/C2-1
2583,2024-01-28,2.685378283,42.685696389,3,36.7,23.6,37.8,24.7,2024-01-28T03:22,2024-01-28T15:21,43193.18,40990.35,,,0.0,0.0,0.0,0.0,0.0,,23.61,7.52,26,17.8,7.52,52,0.0,1011.7,975.2,,18.4,0.228,32.6,10906X0039/C2-1
2584,2024-01-29,2.685378283,42.685696389,3,37.1,23.9,38.9,25.5,2024-01-29T03:22,2024-01-29T15:22,43199.17,40748.91,,,0.0,0.0,0.0,0.0,0.0,,24.01,6.86,90,18.5,6.86,54,0.0,1011.8,975.3,,15.3,0.228,32.7,10906X0039/C2-1
2585,2024-01-30,2.685378283,42.685696389,3,36.7,23.6,38.1,25.1,2024-01-30T03:22,2024-01-30T15:22,43205.25,40991.02,,,0.0,0.0,0.0,0.0,0.0,,24.18,7.21,56,18.2,7.21,53,0.0,1012.0,975.5,,16.3,0.227,32.8,10906X0039/C2-1
2586,2024-01-31,2.685378283,42.685696389,3,36.2,23.5,37.0,25.3,2024-01-31T03:22,2024-01-31T15:22,43211.41,40749.42,,,0.0,0.0,0.0,0.0,0.0,,23.87,7.33,100,17.3,7.33,52,0.0,1012.7,976.2,,16.6,0.226,32.9,10906X0039/C2-1
2587,2024-02-01,2.685378283,42.685696389,3,36.2,23.6,38.0,24.9,2024-02-01T03:22,2024-02-01T15:22,43217.63,40989.89,,,0.0,0.0,0.0,0.0,0.0,,24.16,7.06,98,17.6,7.06,52,0.0,1013.4,976.8,,15.3,0.224,33.0,10906X0039/C2-1
2588,2024-02-02,2.685378283,42.685696389,51,36.5,23.9,39.4,27.0,2024-02-02T03:22,2024-02-02T15:23,43223.93,40248.19,,,0.1,0.0,0.0,0.1,1.0,,23.79,6.7,99,19.0,6.7,55,0.0,1011.8,975.4,,12.8,0.223,33.1,10906X0039/C2-1
2589,2024-02-03,2.685378283,42.685696389,51,36.0,24.2,38.2,26.3,2024-02-03T03:22,2024-02-03T15:23,43230.37,40026.24,,,0.4,0.0,0.0,0.4,3.0,,22.75,6.66,59,19.3,6.66,56,0.0,1011.3,974.8,,15.7,0.223,33.2,10906X0039/C2-1
2590,2024-02-04,2.685378283,42.685696389,3,38.0,24.1,37.7,24.9,2024-02-04T03:22,2024-02-04T15:23,43236.95,40984.61,,,0.0,0.0,0.0,0.0,0.0,,24.06,7.9,78,16.5,7.9,46,0.0,1011.9,975.5,,18.1,0.222,33.1,10906X0039/C2-1
2591,2024-02-05,2.685378283,42.685696389,3,36.9,24.4,36.5,25.2,2024-02-05T03:22,2024-02-05T15:23,43243.67,38188.41,,,0.0,0.0,0.0,0.0,0.0,,22.26,8.01,87,15.5,8.01,45,0.0,1012.7,976.2,,18.8,0.222,33.1,10906X0039/C2-1
2592,2024-02-06,2.685378283,42.685696389,3,35.5,24.8,35.0,26.5,2024-02-06T03:22,2024-02-06T15:23,43250.51,32310.73,,,0.0,0.0,0.0,0.0,0.0,,16.95,6.09,78,17.7,6.09,52,0.0,1013.4,976.8,,16.1,0.221,33.0,10906X0039/C2-1
2593,2024-02-07,2.685378283,42.685696389,1,36.3,24.1,38.2,26.3,2024-02-07T03:22,2024-02-07T15:23,43257.47,40736.33,,,0.0,0.0,0.0,0.0,0.0,,24.1,7.32,12,18.9,7.32,54,0.0,1013.0,976.5,,16.1,0.219,33.0,10906X0039/C2-1
2594,2024-02-08,2.685378283,42.685696389,3,36.7,24.9,38.5,26.4,2024-02-08T03:22,2024-02-08T15:23,43264.55,40732.64,,,0.0,0.0,0.0,0.0,0.0,,24.5,7.8,50,18.2,7.8,50,0.0,1012.3,975.9,,16.9,0.218,33.2,10906X0039/C2-1
2595,2024-02-09,2.685378283,42.685696389,3,37.8,25.2,37.8,25.1,2024-02-09T03:22,2024-02-09T15:23,43271.72,40966.54,,,0.0,0.0,0.0,0.0,0.0,,25.84,8.88,57,15.8,8.88,43,0.0,1011.0,974.7,,19.9,0.218,33.3,10906X0039/C2-1
2596,2024-02-10,2.685378283,42.685696389,0,36.8,24.6,37.6,24.4,2024-02-10T03:22,2024-02-10T15:24,43278.99,40961.72,,,0.0,0.0,0.0,0.0,0.0,,25.53,8.45,3,17.0,8.45,47,0.0,1012.1,975.6,,21.0,0.217,33.3,10906X0039/C2-1
2597,2024-02-11,2.685378283,42.685696389,3,36.8,24.1,36.4,23.4,2024-02-11T03:22,2024-02-11T15:24,43286.35,40956.55,,,0.0,0.0,0.0,0.0,0.0,,26.4,8.93,12,15.1,8.93,43,0.0,1012.7,976.2,,20.6,0.216,33.3,10906X0039/C2-1
2598,2024-02-12,2.685378283,42.685696389,3,37.6,23.5,37.4,24.7,2024-02-12T03:22,2024-02-12T15:24,43293.8,40003.36,,,0.0,0.0,0.0,0.0,0.0,,26.0,8.43,53,16.9,8.43,49,0.0,1011.8,975.4,,19.7,0.215,33.4,10906X0039/C2-1
2599,2024-02-13,2.685378283,42.685696389,3,37.8,24.3,38.0,24.2,2024-02-13T03:22,2024-02-13T15:24,43301.32,40235.5,,,0.0,0.0,0.0,0.0,0.0,,25.98,8.71,61,16.3,8.71,46,0.0,1011.1,974.7,,20.7,0.214,33.5,10906X0039/C2-1
2600,2024-02-14,2.685378283,42.685696389,3,37.4,23.8,38.0,24.5,2024-02-14T03:22,2024-02-14T15:24,43308.9,40939.13,,,0.0,0.0,0.0,0.0,0.0,,26.35,8.45,58,16.6,8.45,46,0.0,1010.6,974.3,,18.5,0.213,33.5,10906X0039/C2-1
2601,2024-02-15,2.685378283,42.685696389,2,38.2,25.4,39.4,26.5,2024-02-15T03:22,2024-02-15T15:24,43316.55,40932.77,,,0.0,0.0,0.0,0.0,0.0,,25.95,8.52,7,17.7,8.52,47,0.0,1010.7,974.4,,19.2,0.212,33.7,10906X0039/C2-1
2602,2024-02-16,2.685378283,42.685696389,3,38.4,25.2,38.3,26.4,2024-02-16T03:22,2024-02-16T15:24,43324.25,40926.13,,,0.0,0.0,0.0,0.0,0.0,,26.34,8.76,27,17.3,8.76,47,0.0,1011.4,975.1,,20.0,0.211,33.8,10906X0039/C2-1
2603,2024-02-17,2.685378283,42.685696389,1,38.1,25.0,39.6,25.6,2024-02-17T03:22,2024-02-17T15:24,43331.99,40919.29,,,0.0,0.0,0.0,0.0,0.0,,26.05,8.15,4,17.3,8.15,47,0.0,1010.5,974.2,,17.3,0.21,33.9,10906X0039/C2-1
2604,2024-02-18,2.685378283,42.685696389,3,39.0,24.1,40.2,24.9,2024-02-18T03:21,2024-02-18T15:24,43339.77,41147.18,,,0.0,0.0,0.0,0.0,0.0,,26.06,7.97,55,17.0,7.97,48,0.0,1009.2,973.0,,15.4,0.209,34.1,10906X0039/C2-1
2605,2024-02-19,2.685378283,42.685696389,3,39.2,24.2,41.5,26.1,2024-02-19T03:21,2024-02-19T15:24,43347.59,41139.63,,,0.0,0.0,0.0,0.0,0.0,,25.51,7.46,73,18.4,7.46,51,0.0,1009.2,972.9,,14.0,0.208,34.2,10906X0039/C2-1
2606,2024-02-20,2.685378283,42.685696389,3,37.9,23.7,38.6,25.5,2024-02-20T03:21,2024-02-20T15:24,43355.42,40897.49,,,0.0,0.0,0.0,0.0,0.0,,25.32,7.89,67,16.9,7.89,49,0.0,1010.0,973.6,,16.6,0.207,34.2,10906X0039/C2-1
2607,2024-02-21,2.685378283,42.685696389,3,37.8,23.6,37.1,23.8,2024-02-21T03:21,2024-02-21T15:24,43363.28,41123.96,,,0.0,0.0,0.0,0.0,0.0,,26.67,9.07,58,15.7,9.07,45,0.0,1009.3,973.0,,21.6,0.206,34.1,10906X0039/C2-1
2608,2024-02-22,2.685378283,42.685696389,3,37.8,24.8,36.9,24.9,2024-02-22T03:21,2024-02-22T15:24,43371.16,41115.93,,,0.0,0.0,0.0,0.0,0.0,,26.58,9.25,62,16.7,9.25,46,0.0,1009.3,973.0,,23.3,0.206,34.1,10906X0039/C2-1
2609,2024-02-23,2.685378283,42.685696389,3,38.2,25.4,38.2,26.0,2024-02-23T03:21,2024-02-23T15:24,43379.13,38951.58,,,0.0,0.0,0.0,0.0,0.0,,24.39,9.18,99,17.3,9.18,46,0.0,1009.5,973.3,,23.5,0.205,34.1,10906X0039/C2-1
2610,2024-02-24,2.685378283,42.685696389,3,38.7,25.0,38.7,24.1,2024-02-24T03:20,2024-02-24T15:24,43387.19,40865.47,,,0.0,0.0,0.0,0.0,0.0,,24.54,8.94,83,14.3,8.94,39,0.0,1010.2,974.0,,19.8,0.204,34.2,10906X0039/C2-1
2611,2024-02-25,2.685378283,42.685696389,3,39.2,23.8,40.4,25.4,2024-02-25T03:20,2024-02-25T15:24,43395.34,37735.35,,,0.0,0.0,0.0,0.0,0.0,,24.88,7.26,68,16.2,7.26,46,0.0,1009.3,973.1,,12.4,0.203,34.4,10906X0039/C2-1
2612,2024-02-26,2.685378283,42.685696389,3,37.1,24.5,41.5,26.6,2024-02-26T03:20,2024-02-26T15:23,43403.58,39600.0,,,0.0,0.0,0.0,0.0,0.0,,24.56,6.85,65,18.5,6.85,51,0.0,1008.2,972.0,,12.4,0.202,34.5,10906X0039/C2-1
2613,2024-02-27,2.685378283,42.685696389,3,37.9,25.0,41.0,26.5,2024-02-27T03:20,2024-02-27T15:23,43411.89,40139.97,,,0.0,0.0,0.0,0.0,0.0,,24.6,7.66,44,18.0,7.66,47,0.0,1008.6,972.4,,15.2,0.202,34.7,10906X0039/C2-1
2614,2024-02-28,2.685378283,42.685696389,3,38.4,24.8,39.9,26.4,2024-02-28T03:20,2024-02-28T15:23,43420.27,41292.72,,,0.0,0.0,0.0,0.0,0.0,,25.62,7.08,40,17.3,7.08,49,0.0,1009.2,972.9,,12.7,0.201,34.8,10906X0039/C2-1
2615,2024-02-29,2.685378283,42.685696389,2,37.3,24.2,39.3,26.0,2024-02-29T03:19,2024-02-29T15:23,43428.71,41282.24,,,0.0,0.0,0.0,0.0,0.0,,25.37,7.44,16,17.7,7.44,51,0.0,1009.2,972.9,,13.9,0.2,34.8,10906X0039/C2-1
2616,2024-03-01,2.685378283,42.685696389,3,37.5,23.6,39.1,25.1,2024-03-01T03:19,2024-03-01T15:23,43437.21,41503.51,,,0.0,0.0,0.0,0.0,0.0,,26.49,8.32,41,15.7,8.32,46,0.0,1009.9,973.6,,16.6,0.199,34.7,10906X0039/C2-1
2617,2024-03-02,2.685378283,42.685696389,3,37.9,23.7,39.0,25.1,2024-03-02T03:19,2024-03-02T15:23,43445.76,41492.47,,,0.0,0.0,0.0,0.0,0.0,,26.31,8.26,45,15.6,8.26,45,0.0,1010.4,974.1,,16.3,0.198,34.7,10906X0039/C2-1
2618,2024-03-03,2.685378283,42.685696389,3,39.3,23.8,40.0,25.0,2024-03-03T03:18,2024-03-03T15:23,43454.36,41712.87,,,0.0,0.0,0.0,0.0,0.0,,26.91,8.44,74,15.8,8.44,45,0.0,1009.5,973.2,,15.9,0.198,34.8,10906X0039/C2-1
2619,2024-03-04,2.685378283,42.685696389,3,38.5,24.4,40.9,27.1,2024-03-04T03:18,2024-03-04T15:22,43462.98,41470.03,,,0.0,0.0,0.0,0.0,0.0,,25.12,7.81,74,18.6,7.81,52,0.0,1009.4,973.1,,16.3,0.197,34.8,10906X0039/C2-1
2620,2024-03-05,2.685378283,42.685696389,3,37.8,25.2,38.9,27.4,2024-03-05T03:18,2024-03-05T15:22,43471.65,40533.72,,,0.0,0.0,0.0,0.0,0.0,,25.85,8.27,52,18.6,8.27,52,0.0,1011.3,974.9,,19.9,0.196,34.9,10906X0039/C2-1
2621,2024-03-06,2.685378283,42.685696389,3,37.8,25.0,39.4,27.1,2024-03-06T03:18,2024-03-06T15:22,43480.33,41678.5,,,0.0,0.0,0.0,0.0,0.0,,25.1,7.42,31,18.7,7.42,52,0.0,1011.8,975.5,,15.6,0.195,34.9,10906X0039/C2-1
2622,2024-03-07,2.685378283,42.685696389,51,36.5,24.5,40.6,27.3,2024-03-07T03:17,2024-03-07T15:22,43489.04,41667.0,,,0.1,0.0,0.0,0.1,1.0,,24.54,6.74,26,19.2,6.74,53,0.0,1011.8,975.4,,11.7,0.195,34.9,10906X0039/C2-1
2623,2024-03-08,2.685378283,42.685696389,3,38.5,24.7,40.6,27.9,2024-03-08T03:17,2024-03-08T15:22,43497.75,41886.42,,,0.0,0.0,0.0,0.0,0.0,,25.74,7.74,9,18.8,7.74,53,0.0,1010.6,974.3,,15.4,0.195,34.8,10906X0039/C2-1
2624,2024-03-09,2.685378283,42.685696389,3,38.9,24.8,39.2,26.7,2024-03-09T03:17,2024-03-09T15:22,43506.47,39600.0,,,0.0,0.0,0.0,0.0,0.0,,25.92,7.98,33,17.3,7.98,50,0.0,1010.6,974.3,,16.0,0.194,34.9,10906X0039/C2-1
2625,2024-03-10,2.685378283,42.685696389,2,39.4,23.8,38.3,25.5,2024-03-10T03:16,2024-03-10T15:21,43515.19,41990.94,,,0.0,0.0,0.0,0.0,0.0,,26.01,8.67,8,16.6,8.67,49,0.0,1011.6,975.2,,18.5,0.193,34.8,10906X0039/C2-1
2626,2024-03-11,2.685378283,42.685696389,0,38.9,23.2,37.4,24.0,2024-03-11T03:16,2024-03-11T15:21,43523.91,42010.49,,,0.0,0.0,0.0,0.0,0.0,,27.54,9.17,1,14.9,9.17,45,0.0,1013.4,977.0,,20.7,0.192,34.7,10906X0039/C2-1
2627,2024-03-12,2.685378283,42.685696389,1,37.6,23.9,39.2,24.8,2024-03-12T03:16,2024-03-12T15:21,43532.6,42030.02,,,0.0,0.0,0.0,0.0,0.0,,26.02,7.75,11,17.8,7.75,50,0.0,1013.4,977.0,,16.9,0.192,34.8,10906X0039/C2-1
2628,2024-03-13,2.685378283,42.685696389,51,37.2,25.2,39.2,27.2,2024-03-13T03:15,2024-03-13T15:21,43541.29,41600.07,,,0.6,0.0,0.0,0.6,2.0,,22.63,6.5,22,20.2,6.5,61,0.0,1013.6,977.0,,15.7,0.191,34.7,10906X0039/C2-1
2629,2024-03-14,2.685378283,42.685696389,3,39.1,24.5,39.1,26.8,2024-03-14T03:15,2024-03-14T15:21,43550.03,42069.39,,,0.0,0.0,0.0,0.0,0.0,,25.75,8.53,24,16.7,8.53,47,0.0,1011.8,975.5,,18.2,0.191,34.8,10906X0039/C2-1
2630,2024-03-15,2.685378283,42.685696389,0,37.7,24.7,37.3,25.0,2024-03-15T03:15,2024-03-15T15:21,43558.83,42089.89,,,0.0,0.0,0.0,0.0,0.0,,27.68,9.12,0,14.8,9.12,43,0.0,1012.2,975.8,,20.4,0.19,34.8,10906X0039/C2-1
2631,2024-03-16,2.685378283,42.685696389,3,39.3,24.0,38.8,25.1,2024-03-16T03:14,2024-03-16T15:20,43567.69,42110.95,,,0.0,0.0,0.0,0.0,0.0,,27.22,8.24,59,15.6,8.24,46,0.0,1011.1,974.8,,15.3,0.189,34.9,10906X0039/C2-1
2632,2024-03-17,2.685378283,42.685696389,3,38.9,25.2,40.1,27.3,2024-03-17T03:14,2024-03-17T15:20,43576.59,42132.5,,,0.0,0.0,0.0,0.0,0.0,,25.11,7.14,21,18.5,7.14,52,0.0,1010.3,974.0,,14.8,0.188,35.1,10906X0039/C2-1
2633,2024-03-18,2.685378283,42.685696389,2,37.4,25.1,39.6,27.0,2024-03-18T03:14,2024-03-18T15:20,43585.55,42154.48,,,0.0,0.0,0.0,0.0,0.0,,24.99,7.43,10,18.1,7.43,51,0.0,1009.7,973.4,,16.0,0.188,35.1,10906X0039/C2-1
2634,2024-03-19,2.685378283,42.685696389,51,37.1,24.8,39.3,26.9,2024-03-19T03:13,2024-03-19T15:20,43594.53,42176.82,,,0.1,0.0,0.0,0.1,1.0,,24.94,7.11,68,18.2,7.11,51,0.0,1009.3,973.0,,14.2,0.187,35.1,10906X0039/C2-1
2635,2024-03-20,2.685378283,42.685696389,3,38.5,24.8,39.7,26.7,2024-03-20T03:13,2024-03-20T15:19,43603.55,42199.47,,,0.0,0.0,0.0,0.0,0.0,,25.23,8.13,77,17.4,8.13,49,0.0,1009.3,973.0,,17.5,0.187,35.2,10906X0039/C2-1
2636,2024-03-21,2.685378283,42.685696389,3,39.6,24.8,40.1,27.3,2024-03-21T03:12,2024-03-21T15:19,43612.59,42222.36,,,0.0,0.0,0.0,0.0,0.0,,26.8,8.18,82,17.0,8.18,48,0.0,1008.9,972.6,,15.6,0.186,35.3,10906X0039/C2-1
2637,2024-03-22,2.685378283,42.685696389,3,38.7,25.3,40.3,28.3,2024-03-22T03:12,2024-03-22T15:19,43621.66,42245.43,,,0.0,0.0,0.0,0.0,0.0,,25.65,7.63,87,18.8,7.63,53,0.0,1007.2,971.0,,16.1,0.186,35.3,10906X0039/C2-1
2638,2024-03-23,2.685378283,42.685696389,3,38.0,25.4,40.6,27.0,2024-03-23T03:12,2024-03-23T15:19,43630.74,42268.62,,,0.0,0.0,0.0,0.0,0.0,,25.32,7.4,69,19.0,7.4,53,0.0,1007.1,971.0,,15.5,0.185,35.4,10906X0039/C2-1
2639,2024-03-24,2.685378283,42.685696389,3,38.7,25.8,40.9,28.1,2024-03-24T03:11,2024-03-24T15:19,43639.82,42291.86,,,0.0,0.0,0.0,0.0,0.0,,24.3,7.65,46,19.6,7.65,54,0.0,1008.8,972.6,,18.0,0.184,35.4,10906X0039/C2-1
2640,2024-03-25,2.685378283,42.685696389,53,35.3,26.0,39.5,28.6,2024-03-25T03:11,2024-03-25T15:18,43648.91,37636.37,,,1.3,0.0,0.0,1.3,4.0,,20.11,6.12,80,21.1,6.12,60,0.0,1011.3,974.9,,16.5,0.184,35.3,10906X0039/C2-1
2641,2024-03-26,2.685378283,42.685696389,3,38.0,25.8,40.7,28.7,2024-03-26T03:10,2024-03-26T15:18,43657.99,42338.26,,,0.0,0.0,0.0,0.0,0.0,,24.57,7.19,53,19.9,7.19,54,0.0,1011.0,974.7,,14.8,0.184,35.3,10906X0039/C2-1
2642,2024-03-27,2.685378283,42.685696389,3,37.9,25.9,40.2,28.3,2024-03-27T03:10,2024-03-27T15:18,43667.06,42361.29,,,0.0,0.0,0.0,0.0,0.0,,24.67,8.1,63,19.0,8.1,51,0.0,1011.3,975.0,,18.1,0.183,35.4,10906X0039/C2-1
2643,2024-03-28,2.685378283,42.685696389,53,36.6,25.5,39.1,28.5,2024-03-28T03:10,2024-03-28T15:18,43676.12,37374.4,,,1.3,0.0,0.0,1.3,5.0,,19.59,5.62,80,20.8,5.62,62,0.0,1011.9,975.3,,12.7,0.183,35.1,10906X0039/C2-1
2644,2024-03-29,2.685378283,42.685696389,51,36.1,24.8,38.6,27.8,2024-03-29T03:09,2024-03-29T15:17,43685.15,40449.55,,,0.2,0.0,0.0,0.2,2.0,,23.96,6.88,32,20.2,6.88,58,0.0,1010.8,974.4,,15.0,0.183,34.8,10906X0039/C2-1
2645,2024-03-30,2.685378283,42.685696389,51,37.5,24.3,39.2,27.0,2024-03-30T03:09,2024-03-30T15:17,43694.15,42428.96,,,0.1,0.0,0.0,0.1,1.0,,24.96,7.83,62,18.6,7.83,53,0.0,1010.7,974.3,,17.1,0.182,34.9,10906X0039/C2-1
2646,2024-03-31,2.685378283,42.685696389,61,36.4,24.7,39.4,28.3,2024-03-31T03:09,2024-03-31T15:17,43703.12,38730.21,,,2.6,0.0,0.0,2.6,4.0,,22.13,5.85,77,21.4,5.85,67,0.0,1012.3,975.7,,13.7,0.182,34.8,10906X0039/C2-1
2647,2024-04-01,2.685378283,42.685696389,65,35.4,23.8,38.8,27.7,2024-04-01T03:08,2024-04-01T15:17,43712.04,38872.26,,,24.8,0.0,0.0,24.8,9.0,,21.32,5.32,71,21.6,5.32,70,0.0,1011.6,975.0,,11.0,0.185,34.4,10906X0039/C2-1
2648,2024-04-02,2.685378283,42.685696389,63,32.8,23.6,39.0,27.6,2024-04-02T03:08,2024-04-02T15:17,43720.92,38020.42,,,12.1,0.0,0.0,12.1,13.0,,19.72,4.36,90,22.1,4.36,77,0.0,1011.1,974.3,,7.1,0.193,33.6,10906X0039/C2-1
2649,2024-04-03,2.685378283,42.685696389,65,29.6,22.8,34.1,27.3,2024-04-03T03:08,2024-04-03T15:16,43729.83,20060.3,,,34.8,0.0,0.0,34.8,19.0,,14.1,3.01,86,22.5,3.01,85,0.0,1011.4,974.4,,6.4,0.225,32.8,10906X0039/C2-1
2650,2024-04-04,2.685378283,42.685696389,63,31.7,22.6,36.3,26.4,2024-04-04T03:07,2024-04-04T15:16,43738.77,34215.98,,,7.3,0.0,0.0,7.3,8.0,,21.9,4.86,87,21.9,4.86,75,0.0,1010.9,974.1,,8.6,0.268,32.3,10906X0039/C2-1
2651,2024-04-05,2.685378283,42.685696389,63,31.4,23.5,36.1,26.9,2024-04-05T03:07,2024-04-05T15:16,43747.73,38956.1,,,9.1,0.0,0.0,9.1,10.0,,20.32,4.34,67,22.6,4.34,80,0.0,1011.6,974.7,,9.6,0.267,32.1,10906X0039/C2-1
2652,2024-04-06,2.685378283,42.685696389,51,32.0,22.8,38.9,27.3,2024-04-06T03:06,2024-04-06T15:16,43756.71,42577.19,,,1.0,0.0,0.0,1.0,4.0,,22.54,4.86,81,22.5,4.86,78,0.0,1010.8,974.0,,7.3,0.277,31.8,10906X0039/C2-1
2653,2024-04-07,2.685378283,42.685696389,61,31.5,23.8,37.7,28.3,2024-04-07T03:06,2024-04-07T15:16,43765.69,39768.1,,,3.4,0.0,0.0,3.4,7.0,,20.04,4.36,82,22.8,4.36,79,0.0,1010.2,973.4,,8.7,0.275,31.5,10906X0039/C2-1
2654,2024-04-08,2.685378283,42.685696389,61,31.7,24.0,38.1,28.3,2024-04-08T03:06,2024-04-08T15:15,43774.68,35170.61,,,2.1,0.0,0.0,2.1,9.0,,20.42,4.41,69,23.2,4.41,81,0.0,1010.0,973.2,,9.9,0.272,31.3,10906X0039/C2-1
2655,2024-04-09,2.685378283,42.685696389,51,31.3,23.2,35.6,27.8,2024-04-09T03:05,2024-04-09T15:15,43783.67,36574.45,,,0.4,0.0,0.0,0.4,1.0,,17.48,3.77,58,22.6,3.77,80,0.0,1010.3,973.5,,7.8,0.268,31.0,10906X0039/C2-1
2656,2024-04-10,2.685378283,42.685696389,53,32.6,24.1,39.3,28.4,2024-04-10T03:05,2024-04-10T15:15,43792.65,39413.49,,,1.0,0.0,0.0,1.0,3.0,,21.92,4.75,41,22.9,4.75,76,0.0,1010.0,973.3,,7.6,0.266,31.0,10906X0039/C2-1
2657,2024-04-11,2.685378283,42.685696389,51,32.9,23.9,39.4,28.1,2024-04-11T03:05,2024-04-11T15:15,43801.62,42681.46,,,0.4,0.0,0.0,0.4,2.0,,22.88,5.08,31,23.1,5.08,76,0.0,1010.3,973.6,,9.5,0.262,31.0,10906X0039/C2-1
2658,2024-04-12,2.685378283,42.685696389,51,32.9,24.3,38.4,28.2,2024-04-12T03:04,2024-04-12T15:15,43810.57,42701.72,,,0.7,0.0,0.0,0.7,4.0,,22.74,5.11,63,23.0,5.11,77,0.0,1010.0,973.4,,11.3,0.261,31.0,10906X0039/C2-1
2659,2024-04-13,2.685378283,42.685696389,51,32.6,23.5,39.3,26.3,2024-04-13T03:04,2024-04-13T15:14,43819.48,39121.68,,,1.6,0.0,0.0,1.6,5.0,,21.12,4.61,83,22.6,4.61,78,0.0,1010.3,973.5,,9.4,0.262,30.8,10906X0039/C2-1
2660,2024-04-14,2.685378283,42.685696389,51,33.0,23.3,38.2,27.5,2024-04-14T03:04,2024-04-14T15:14,43828.37,42741.27,,,0.2,0.0,0.0,0.2,2.0,,24.25,5.52,89,23.0,5.52,76,0.0,1010.3,973.7,,13.6,0.258,30.7,10906X0039/C2-1
2661,2024-04-15,2.685378283,42.685696389,51,32.8,24.1,36.8,27.6,2024-04-15T03:03,2024-04-15T15:14,43837.21,39562.34,,,0.3,0.0,0.0,0.3,3.0,,21.44,5.19,81,22.5,5.19,75,0.0,1011.8,975.1,,17.3,0.254,30.7,10906X0039/C2-1
2662,2024-04-16,2.685378283,42.685696389,51,32.1,23.9,35.5,27.3,2024-04-16T03:03,2024-04-16T15:14,43846.01,42692.11,,,0.8,0.0,0.0,0.8,6.0,,23.32,5.46,73,22.0,5.46,73,0.0,1011.5,974.7,,16.0,0.252,30.6,10906X0039/C2-1
2663,2024-04-17,2.685378283,42.685696389,2,33.5,23.6,36.5,26.9,2024-04-17T03:03,2024-04-17T15:14,43854.74,42797.42,,,0.0,0.0,0.0,0.0,0.0,,25.49,6.16,17,21.9,6.16,70,0.0,1010.2,973.6,,15.7,0.25,30.7,10906X0039/C2-1
2664,2024-04-18,2.685378283,42.685696389,63,31.4,24.5,34.4,27.8,2024-04-18T03:02,2024-04-18T15:13,43863.42,25683.1,,,6.0,0.0,0.0,6.0,8.0,,16.0,3.96,85,23.0,3.96,78,0.0,1011.1,974.3,,16.4,0.248,30.6,10906X0039/C2-1
2665,2024-04-19,2.685378283,42.685696389,53,32.4,23.9,36.0,27.2,2024-04-19T03:02,2024-04-19T15:13,43872.02,32999.92,,,2.8,0.0,0.0,2.8,11.0,,17.14,4.3,61,22.6,4.3,77,0.0,1010.0,973.3,,13.9,0.246,30.5,10906X0039/C2-1
2666,2024-04-20,2.685378283,42.685696389,51,33.4,23.3,37.4,26.8,2024-04-20T03:02,2024-04-20T15:13,43880.55,41897.23,,,0.1,0.0,0.0,0.1,1.0,,21.41,5.31,82,22.1,5.31,72,0.0,1009.0,972.4,,15.5,0.246,30.5,10906X0039/C2-1
2667,2024-04-21,2.685378283,42.685696389,55,32.8,23.7,35.8,27.7,2024-04-21T03:02,2024-04-21T15:13,43888.99,32064.28,,,2.6,0.0,0.0,2.6,8.0,,18.09,4.15,96,22.7,4.15,80,0.0,1010.5,973.6,,10.0,0.244,30.4,10906X0039/C2-1
2668,2024-04-22,2.685378283,42.685696389,51,32.1,23.2,37.1,28.0,2024-04-22T03:01,2024-04-22T15:13,43897.34,35866.82,,,0.1,0.0,0.0,0.1,1.0,,18.99,4.26,67,22.4,4.26,75,0.0,1010.5,973.7,,7.9,0.242,30.3,10906X0039/C2-1
2669,2024-04-23,2.685378283,42.685696389,65,32.4,23.9,37.2,28.4,2024-04-23T03:01,2024-04-23T15:13,43905.67,36300.99,,,16.2,0.0,0.0,16.2,7.0,,18.06,3.82,71,23.1,3.82,81,0.0,1010.1,973.3,,7.4,0.241,30.3,10906X0039/C2-1
2670,2024-04-24,2.685378283,42.685696389,61,32.5,23.9,37.7,28.4,2024-04-24T03:01,2024-04-24T15:13,43913.99,40184.02,,,8.0,0.0,0.0,8.0,11.0,,19.82,4.4,77,23.0,4.4,78,0.0,1009.0,972.3,,8.1,0.238,30.5,10906X0039/C2-1
2671,2024-04-25,2.685378283,42.685696389,55,30.3,23.5,35.1,27.5,2024-04-25T03:01,2024-04-25T15:13,43922.28,38112.71,,,2.4,0.0,0.0,2.4,9.0,,21.7,4.38,100,22.8,4.38,82,0.0,1009.6,972.8,,11.0,0.26,30.2,10906X0039/C2-1
2672,2024-04-26,2.685378283,42.685696389,63,28.5,23.0,31.0,26.9,2024-04-26T03:00,2024-04-26T15:13,43930.55,9987.61,,,22.2,0.0,0.0,22.2,21.0,,10.19,2.29,100,22.7,2.29,89,0.0,1010.8,973.7,,10.2,0.28,29.6,10906X0039/C2-1
2673,2024-04-27,2.685378283,42.685696389,63,30.8,23.0,34.3,27.4,2024-04-27T03:00,2024-04-27T15:13,43938.78,41552.35,,,6.9,0.0,0.0,6.9,16.0,,19.86,4.14,86,22.6,4.14,83,0.0,1010.0,973.1,,10.7,0.277,29.5,10906X0039/C2-1
2674,2024-04-28,2.685378283,42.685696389,61,28.2,23.0,31.3,27.4,2024-04-28T03:00,2024-04-28T15:12,43946.96,14685.12,,,11.6,0.0,0.0,11.6,13.0,,10.58,2.34,88,22.4,2.34,85,0.0,1011.3,974.3,,8.7,0.296,29.1,10906X0039/C2-1
2675,2024-04-29,2.685378283,42.685696389,53,30.9,23.4,33.6,26.4,2024-04-29T03:00,2024-04-29T15:12,43955.08,42972.35,,,1.8,0.0,0.0,1.8,7.0,,22.63,4.94,86,22.2,4.94,78,0.0,1010.9,974.0,,16.1,0.297,29.2,10906X0039/C2-1
2676,2024-04-30,2.685378283,42.685696389,51,31.3,23.2,34.7,27.1,2024-04-30T03:00,2024-04-30T15:12,43963.16,42983.91,,,0.1,0.0,0.0,0.1,1.0,,24.33,5.27,7,22.2,5.27,76,0.0,1009.1,972.4,,12.6,0.293,29.3,10906X0039/C2-1
2677,2024-05-01,2.685378283,42.685696389,3,31.9,23.7,35.3,26.7,2024-05-01T02:59,2024-05-01T15:12,43971.17,42994.97,,,0.0,0.0,0.0,0.0,0.0,,24.2,5.41,59,22.3,5.41,74,0.0,1008.1,971.5,,15.2,0.288,29.4,10906X0039/C2-1
2678,2024-05-02,2.685378283,42.685696389,51,31.3,24.0,36.3,28.3,2024-05-02T02:59,2024-05-02T15:12,43979.1,40281.2,,,0.1,0.0,0.0,0.1,1.0,,21.21,4.71,78,23.0,4.71,77,0.0,1008.5,971.9,,12.4,0.284,29.5,10906X0039/C2-1
2679,2024-05-03,2.685378283,42.685696389,63,32.6,24.2,36.5,27.5,2024-05-03T02:59,2024-05-03T15:12,43986.95,43015.54,,,8.0,0.0,0.0,8.0,8.0,,23.28,5.34,63,22.4,5.34,74,0.0,1009.9,973.2,,13.7,0.28,29.6,10906X0039/C2-1
2680,2024-05-04,2.685378283,42.685696389,63,31.5,23.7,35.5,28.3,2024-05-04T02:59,2024-05-04T15:12,43994.71,38424.97,,,6.2,0.0,0.0,6.2,10.0,,18.47,4.02,90,22.6,4.02,82,0.0,1011.8,974.8,,10.7,0.279,29.4,10906X0039/C2-1
2681,2024-05-05,2.685378283,42.685696389,51,31.2,23.5,35.2,27.4,2024-05-05T02:59,2024-05-05T15:12,44002.38,35716.17,,,1.3,0.0,0.0,1.3,9.0,,20.22,4.52,97,22.6,4.52,78,0.0,1011.2,974.4,,12.0,0.279,29.2,10906X0039/C2-1
2682,2024-05-06,2.685378283,42.685696389,51,31.8,24.1,35.6,27.9,2024-05-06T02:59,2024-05-06T15:12,44009.94,34044.76,,,1.5,0.0,0.0,1.5,8.0,,20.71,4.65,90,22.8,4.65,78,0.0,1011.6,974.8,,13.3,0.276,29.3,10906X0039/C2-1
2683,2024-05-07,2.685378283,42.685696389,61,31.7,23.6,36.0,26.7,2024-05-07T02:58,2024-05-07T15:12,44017.4,40042.74,,,3.1,0.0,0.0,3.1,4.0,,21.77,4.92,85,22.4,4.92,77,0.0,1012.2,975.3,,13.6,0.272,29.4,10906X0039/C2-1
2684,2024-05-08,2.685378283,42.685696389,51,30.7,23.5,33.9,26.6,2024-05-08T02:58,2024-05-08T15:12,44024.72,32229.27,,,0.7,0.0,0.0,0.7,7.0,,17.66,4.1,71,22.4,4.1,78,0.0,1011.5,974.7,,14.7,0.274,29.2,10906X0039/C2-1
2685,2024-05-09,2.685378283,42.685696389,51,31.5,23.1,34.9,26.4,2024-05-09T02:58,2024-05-09T15:12,44031.92,31869.21,,,0.7,0.0,0.0,0.7,6.0,,18.81,4.48,79,22.1,4.48,77,0.0,1010.9,974.1,,16.4,0.271,29.2,10906X0039/C2-1
2686,2024-05-10,2.685378283,42.685696389,51,30.9,22.9,33.5,26.2,2024-05-10T02:58,2024-05-10T15:12,44038.98,38275.73,,,0.9,0.0,0.0,0.9,6.0,,18.53,4.31,94,22.2,4.31,78,0.0,1012.0,975.2,,15.5,0.269,29.2,10906X0039/C2-1
2687,2024-05-11,2.685378283,42.685696389,51,32.0,22.7,34.8,25.7,2024-05-11T02:58,2024-05-11T15:12,44045.89,41760.54,,,0.4,0.0,0.0,0.4,3.0,,20.35,4.85,67,21.5,4.85,73,0.0,1012.4,975.6,,14.5,0.265,29.2,10906X0039/C2-1
2688,2024-05-12,2.685378283,42.685696389,3,32.3,22.7,35.4,25.3,2024-05-12T02:58,2024-05-12T15:12,44052.66,43078.39,,,0.0,0.0,0.0,0.0,0.0,,24.41,5.63,31,21.1,5.63,70,0.0,1011.7,974.9,,14.2,0.262,29.3,10906X0039/C2-1
2689,2024-05-13,2.685378283,42.685696389,51,32.6,23.4,35.7,26.9,2024-05-13T02:58,2024-05-13T15:12,44059.33,43081.96,,,0.3,0.0,0.0,0.3,2.0,,21.63,5.28,72,21.7,5.28,71,0.0,1010.9,974.2,,15.5,0.259,29.5,10906X0039/C2-1
2690,2024-05-14,2.685378283,42.685696389,51,33.3,23.3,35.7,26.6,2024-05-14T02:58,2024-05-14T15:12,44065.92,43084.81,,,0.4,0.0,0.0,0.4,4.0,,22.59,5.66,84,21.5,5.66,71,0.0,1011.0,974.3,,17.0,0.256,29.6,10906X0039/C2-1
2691,2024-05-15,2.685378283,42.685696389,3,33.8,23.6,35.7,26.3,2024-05-15T02:58,2024-05-15T15:12,44072.42,43086.96,,,0.0,0.0,0.0,0.0,0.0,,22.95,6.22,48,20.4,6.22,64,0.0,1011.8,975.1,,17.8,0.254,29.8,10906X0039/C2-1
2692,2024-05-16,2.685378283,42.685696389,51,33.7,22.9,34.9,25.4,2024-05-16T02:58,2024-05-16T15:12,44078.81,43088.42,,,0.1,0.0,0.0,0.1,1.0,,23.64,6.48,63,19.6,6.48,62,0.0,1012.4,975.7,,18.4,0.253,29.9,10906X0039/C2-1
2693,2024-05-17,2.685378283,42.685696389,3,33.4,23.0,34.4,25.6,2024-05-17T02:58,2024-05-17T15:13,44085.1,43089.23,,,0.0,0.0,0.0,0.0,0.0,,22.46,6.0,40,20.0,6.0,63,0.0,1011.4,974.7,,16.5,0.254,30.0,10906X0039/C2-1
2694,2024-05-18,2.685378283,42.685696389,3,34.1,22.8,35.2,25.6,2024-05-18T02:58,2024-05-18T15:13,44091.28,43089.4,,,0.0,0.0,0.0,0.0,0.0,,23.4,6.39,29,19.5,6.39,61,0.0,1010.6,974.0,,17.2,0.254,30.1,10906X0039/C2-1
2695,2024-05-19,2.685378283,42.685696389,63,34.5,23.6,35.9,26.3,2024-05-19T02:58,2024-05-19T15:13,44097.33,43088.96,,,9.5,0.0,0.0,9.5,6.0,,22.93,6.12,52,20.7,6.12,67,0.0,1010.4,973.7,,17.4,0.256,30.2,10906X0039/C2-1
2696,2024-05-20,2.685378283,42.685696389,51,34.5,24.3,35.2,25.2,2024-05-20T02:58,2024-05-20T15:13,44103.25,43087.93,,,0.1,0.0,0.0,0.1,1.0,,24.13,6.67,91,19.9,6.67,60,0.0,1010.9,974.4,,17.4,0.255,30.4,10906X0039/C2-1
2697,2024-05-21,2.685378283,42.685696389,3,34.4,24.4,35.6,26.3,2024-05-21T02:58,2024-05-21T15:13,44109.05,43086.32,,,0.0,0.0,0.0,0.0,0.0,,22.11,6.24,59,20.7,6.24,63,0.0,1012.1,975.5,,19.4,0.254,30.5,10906X0039/C2-1
2698,2024-05-22,2.685378283,42.685696389,51,33.7,24.4,35.2,26.6,2024-05-22T02:58,2024-05-22T15:13,44114.7,43084.17,,,0.1,0.0,0.0,0.1,1.0,,20.11,5.83,32,20.7,5.83,64,0.0,1012.4,975.7,,19.1,0.253,30.5,10906X0039/C2-1
2699,2024-05-23,2.685378283,42.685696389,51,32.7,24.1,34.4,26.3,2024-05-23T02:58,2024-05-23T15:13,44120.21,26234.82,,,0.8,0.0,0.0,0.8,6.0,,16.61,4.73,80,21.2,4.73,71,0.0,1012.2,975.4,,18.5,0.253,30.4,10906X0039/C2-1
2700,2024-05-24,2.685378283,42.685696389,51,29.9,23.1,30.6,25.6,2024-05-24T02:58,2024-05-24T15:13,44125.56,22017.85,,,1.0,0.0,0.0,1.0,8.0,,12.09,3.55,83,21.3,3.55,77,0.0,1012.8,975.8,,21.5,0.253,30.1,10906X0039/C2-1
2701,2024-05-25,2.685378283,42.685696389,51,32.0,22.7,33.4,25.4,2024-05-25T02:58,2024-05-25T15:14,44130.75,40314.55,,,0.8,0.0,0.0,0.8,5.0,,19.36,5.22,62,20.9,5.22,72,0.0,1012.8,975.9,,20.9,0.254,29.9,10906X0039/C2-1
2702,2024-05-26,2.685378283,42.685696389,3,33.2,22.5,32.9,24.8,2024-05-26T02:58,2024-05-26T15:14,44135.77,42976.38,,,0.0,0.0,0.0,0.0,0.0,,21.6,6.21,59,18.7,6.21,62,0.0,1013.3,976.5,,19.5,0.252,30.0,10906X0039/C2-1
2703,2024-05-27,2.685378283,42.685696389,3,31.9,22.2,31.9,24.2,2024-05-27T02:58,2024-05-27T15:14,44140.62,43066.06,,,0.0,0.0,0.0,0.0,0.0,,18.59,5.64,31,19.0,5.64,63,0.0,1014.3,977.4,,19.8,0.251,30.0,10906X0039/C2-1
2704,2024-05-28,2.685378283,42.685696389,51,32.7,22.5,32.6,23.7,2024-05-28T02:58,2024-05-28T15:14,44145.28,43061.13,,,0.1,0.0,0.0,0.1,1.0,,20.96,6.42,41,18.3,6.42,60,0.0,1014.8,977.9,,22.2,0.25,30.0,10906X0039/C2-1
2705,2024-05-29,2.685378283,42.685696389,3,31.5,22.4,30.4,23.5,2024-05-29T02:58,2024-05-29T15:14,44149.76,38129.83,,,0.0,0.0,0.0,0.0,0.0,,18.98,6.03,62,18.0,6.03,61,0.0,1013.7,976.7,,21.9,0.249,29.9,10906X0039/C2-1
2706,2024-05-30,2.685378283,42.685696389,51,32.8,22.2,32.7,23.7,2024-05-30T02:58,2024-05-30T15:14,44154.03,35124.46,,,0.2,0.0,0.0,0.2,1.0,,21.23,6.53,85,17.8,6.53,59,0.0,1012.7,975.9,,21.2,0.248,30.0,10906X0039/C2-1
2707,2024-05-31,2.685378283,42.685696389,3,32.4,22.1,33.1,23.7,2024-05-31T02:59,2024-05-31T15:14,44158.1,36084.26,,,0.0,0.0,0.0,0.0,0.0,,17.68,5.35,64,19.3,5.35,64,0.0,1013.3,976.4,,19.1,0.247,30.0,10906X0039/C2-1
2708,2024-06-01,2.685378283,42.685696389,3,33.1,22.4,34.0,25.2,2024-06-01T02:59,2024-06-01T15:15,44161.97,43037.72,,,0.0,0.0,0.0,0.0,0.0,,21.79,6.38,51,19.4,6.38,62,0.0,1013.2,976.4,,19.6,0.245,30.1,10906X0039/C2-1
2709,2024-06-02,2.685378283,42.685696389,51,33.5,22.6,34.0,24.9,2024-06-02T02:59,2024-06-02T15:15,44165.66,43030.71,,,0.4,0.0,0.0,0.4,1.0,,22.73,6.45,54,19.4,6.45,61,0.0,1012.6,975.9,,18.9,0.243,30.3,10906X0039/C2-1
2710,2024-06-03,2.685378283,42.685696389,2,34.9,22.5,34.5,24.5,2024-06-03T02:59,2024-06-03T15:15,44169.19,43022.92,,,0.0,0.0,0.0,0.0,0.0,,23.56,7.28,27,18.2,7.28,56,0.0,1012.0,975.3,,19.5,0.242,30.5,10906X0039/C2-1
2711,2024-06-04,2.685378283,42.685696389,2,33.8,23.2,34.6,25.6,2024-06-04T02:59,2024-06-04T15:15,44172.54,43014.39,,,0.0,0.0,0.0,0.0,0.0,,22.66,6.72,21,19.6,6.72,61,0.0,1012.3,975.6,,20.2,0.24,30.7,10906X0039/C2-1
2712,2024-06-05,2.685378283,42.685696389,3,34.0,22.6,34.5,24.9,2024-06-05T02:59,2024-06-05T15:15,44175.71,43005.21,,,0.0,0.0,0.0,0.0,0.0,,22.97,6.68,77,19.3,6.68,61,0.0,1012.0,975.3,,19.6,0.239,30.8,10906X0039/C2-1
2713,2024-06-06,2.685378283,42.685696389,51,33.0,24.2,34.6,25.7,2024-06-06T02:59,2024-06-06T15:16,44178.71,41895.75,,,0.2,0.0,0.0,0.2,2.0,,21.44,6.18,77,19.8,6.18,62,0.0,1013.3,976.5,,18.8,0.238,30.9,10906X0039/C2-1
2714,2024-06-07,2.685378283,42.685696389,51,33.8,22.9,33.6,25.3,2024-06-07T02:59,2024-06-07T15:16,44181.53,42681.03,,,0.8,0.0,0.0,0.8,2.0,,22.2,6.51,53,19.4,6.51,63,0.0,1013.9,977.1,,20.7,0.237,30.8,10906X0039/C2-1
2715,2024-06-08,2.685378283,42.685696389,51,32.6,22.9,31.8,24.8,2024-06-08T03:00,2024-06-08T15:16,44184.15,41247.84,,,0.4,0.0,0.0,0.4,2.0,,19.83,6.07,63,19.0,6.07,64,0.0,1013.8,976.9,,22.2,0.237,30.8,10906X0039/C2-1
2716,2024-06-09,2.685378283,42.685696389,3,33.0,22.3,31.6,23.1,2024-06-09T03:00,2024-06-09T15:16,44186.6,39362.99,,,0.0,0.0,0.0,0.0,0.0,,21.05,6.98,73,17.3,6.98,56,0.0,1014.3,977.4,,22.8,0.236,30.7,10906X0039/C2-1
2717,2024-06-10,2.685378283,42.685696389,3,32.5,21.7,30.6,22.4,2024-06-10T03:00,2024-06-10T15:17,44188.85,42951.37,,,0.0,0.0,0.0,0.0,0.0,,18.55,6.24,76,17.6,6.24,59,0.0,1015.1,978.1,,22.7,0.237,30.5,10906X0039/C2-1
2718,2024-06-11,2.685378283,42.685696389,51,31.8,22.8,31.7,24.0,2024-06-11T03:00,2024-06-11T15:17,44190.91,36970.23,,,0.1,0.0,0.0,0.1,1.0,,20.8,6.02,50,19.1,6.02,65,0.0,1015.2,978.2,,22.7,0.236,30.5,10906X0039/C2-1
2719,2024-06-12,2.685378283,42.685696389,53,30.0,22.4,30.3,23.9,2024-06-12T03:00,2024-06-12T15:17,44192.77,35353.51,,,1.7,0.0,0.0,1.7,7.0,,15.38,4.36,51,19.8,4.36,72,0.0,1015.5,978.3,,21.1,0.236,30.2,10906X0039/C2-1
2720,2024-06-13,2.685378283,42.685696389,51,31.4,21.7,31.7,23.2,2024-06-13T03:01,2024-06-13T15:17,44194.43,32889.98,,,0.4,0.0,0.0,0.4,3.0,,18.64,5.18,66,18.8,5.18,66,0.0,1014.8,977.8,,18.0,0.235,30.0,10906X0039/C2-1
2721,2024-06-14,2.685378283,42.685696389,3,32.5,20.8,31.7,22.6,2024-06-14T03:01,2024-06-14T15:17,44195.9,41155.02,,,0.0,0.0,0.0,0.0,0.0,,18.6,5.49,50,18.3,5.49,63,0.0,1014.0,977.0,,18.8,0.234,30.0,10906X0039/C2-1
2722,2024-06-15,2.685378283,42.685696389,3,32.5,21.1,32.1,22.4,2024-06-15T03:01,2024-06-15T15:18,44197.15,42889.87,,,0.0,0.0,0.0,0.0,0.0,,21.76,6.32,15,16.6,6.32,57,0.0,1012.6,975.7,,18.5,0.233,30.1,10906X0039/C2-1
2723,2024-06-16,2.685378283,42.685696389,3,31.4,20.2,30.2,21.4,2024-06-16T03:01,2024-06-16T15:18,44198.2,41016.29,,,0.0,0.0,0.0,0.0,0.0,,18.1,5.65,62,17.2,5.65,59,0.0,1012.4,975.4,,18.7,0.232,30.0,10906X0039/C2-1
2724,2024-06-17,2.685378283,42.685696389,51,31.2,21.4,30.1,23.5,2024-06-17T03:01,2024-06-17T15:18,44199.04,34364.6,,,0.1,0.0,0.0,0.1,1.0,,15.78,5.37,99,18.2,5.37,61,0.0,1013.4,976.5,,20.4,0.231,30.0,10906X0039/C2-1
2725,2024-06-18,2.685378283,42.685696389,51,32.9,22.2,33.6,23.7,2024-06-18T03:02,2024-06-18T15:18,44199.67,36749.74,,,0.5,0.0,0.0,0.5,5.0,,19.51,5.73,94,19.6,5.73,65,0.0,1013.1,976.3,,20.2,0.23,30.1,10906X0039/C2-1
2726,2024-06-19,2.685378283,42.685696389,51,31.9,22.7,33.0,25.0,2024-06-19T03:02,2024-06-19T15:19,44200.08,36000.0,,,1.1,0.0,0.0,1.1,7.0,,18.22,4.93,68,20.8,4.93,72,0.0,1013.1,976.2,,19.0,0.23,30.0,10906X0039/C2-1
2727,2024-06-20,2.685378283,42.685696389,51,32.1,22.8,32.3,24.4,2024-06-20T03:02,2024-06-20T15:19,44200.28,40745.46,,,0.8,0.0,0.0,0.8,6.0,,19.9,5.76,57,19.2,5.76,66,0.0,1014.6,977.7,,21.4,0.23,30.0,10906X0039/C2-1
2728,2024-06-21,2.685378283,42.685696389,51,31.4,21.9,30.6,23.8,2024-06-21T03:02,2024-06-21T15:19,44200.26,38716.45,,,0.3,0.0,0.0,0.3,3.0,,15.84,5.12,69,18.6,5.12,64,0.0,1015.0,978.0,,20.6,0.23,29.8,10906X0039/C2-1
2729,2024-06-22,2.685378283,42.685696389,3,31.7,21.7,30.0,22.9,2024-06-22T03:02,2024-06-22T15:19,44200.01,32878.88,,,0.0,0.0,0.0,0.0,0.0,,16.66,5.84,65,17.5,5.84,59,0.0,1013.7,976.8,,22.1,0.228,29.8,10906X0039/C2-1
2730,2024-06-23,2.685378283,42.685696389,55,26.4,23.6,26.6,24.2,2024-06-23T03:03,2024-06-23T15:19,44199.55,0.0,,,2.7,0.0,0.0,2.7,7.0,,6.18,2.84,97,19.4,2.84,72,0.0,1014.6,977.4,,20.1,0.227,29.5,10906X0039/C2-1
2731,2024-06-24,2.685378283,42.685696389,3,31.5,21.8,29.3,22.4,2024-06-24T03:03,2024-06-24T15:20,44198.88,41127.41,,,0.0,0.0,0.0,0.0,0.0,,18.13,6.23,95,16.7,6.23,57,0.0,1014.1,977.1,,22.3,0.227,29.5,10906X0039/C2-1
2732,2024-06-25,2.685378283,42.685696389,3,32.3,21.2,30.3,22.3,2024-06-25T03:03,2024-06-25T15:20,44197.98,34873.95,,,0.0,0.0,0.0,0.0,0.0,,20.49,6.66,85,16.0,6.66,55,0.0,1013.2,976.2,,21.7,0.226,29.6,10906X0039/C2-1
2733,2024-06-26,2.685378283,42.685696389,51,32.7,21.5,31.3,21.9,2024-06-26T03:03,2024-06-26T15:20,44196.89,40576.56,,,0.1,0.0,0.0,0.1,1.0,,21.6,6.81,70,17.1,6.81,59,0.0,1012.5,975.6,,23.9,0.225,29.7,10906X0039/C2-1
2734,2024-06-27,2.685378283,42.685696389,51,31.6,23.1,31.0,23.0,2024-06-27T03:04,2024-06-27T15:20,44195.57,34410.22,,,1.0,0.0,0.0,1.0,6.0,,18.19,6.11,60,18.1,6.11,61,0.0,1014.1,977.1,,25.4,0.225,29.7,10906X0039/C2-1
2735,2024-06-28,2.685378283,42.685696389,53,31.7,22.3,30.6,22.9,2024-06-28T03:04,2024-06-28T15:20,44194.06,36966.16,,,2.5,0.0,0.0,2.5,9.0,,19.09,5.73,96,18.3,5.73,64,0.0,1014.4,977.3,,22.6,0.225,29.6,10906X0039/C2-1
2736,2024-06-29,2.685378283,42.685696389,3,31.2,21.1,29.7,22.8,2024-06-29T03:04,2024-06-29T15:21,44192.35,34396.95,,,0.0,0.0,0.0,0.0,0.0,,16.75,5.47,96,17.6,5.47,62,0.0,1013.6,976.6,,20.8,0.224,29.5,10906X0039/C2-1
2737,2024-06-30,2.685378283,42.685696389,51,32.2,21.3,30.4,23.3,2024-06-30T03:04,2024-06-30T15:21,44190.44,37474.1,,,0.1,0.0,0.0,0.1,1.0,,18.17,5.74,79,17.7,5.74,62,0.0,1014.3,977.3,,20.4,0.223,29.5,10906X0039/C2-1
2738,2024-07-01,2.685378283,42.685696389,51,31.6,22.0,30.5,23.6,2024-07-01T03:04,2024-07-01T15:21,44188.33,35581.03,,,0.6,0.0,0.0,0.6,4.0,,17.32,5.64,87,18.2,5.64,61,0.0,1014.5,977.5,,20.1,0.223,29.5,10906X0039/C2-1
2739,2024-07-02,2.685378283,42.685696389,53,30.3,21.4,31.3,23.3,2024-07-02T03:05,2024-07-02T15:21,44186.03,35780.32,,,1.9,0.0,0.0,1.9,9.0,,18.53,5.16,82,19.7,5.16,69,0.0,1013.9,976.9,,21.1,0.223,29.4,10906X0039/C2-1
2740,2024-07-03,2.685378283,42.685696389,51,31.6,21.6,30.5,23.3,2024-07-03T03:05,2024-07-03T15:21,44183.54,39152.95,,,0.2,0.0,0.0,0.2,2.0,,16.23,5.37,89,18.5,5.37,64,0.0,1013.6,976.6,,21.8,0.222,29.4,10906X0039/C2-1
2741,2024-07-04,2.685378283,42.685696389,3,32.1,21.6,31.9,23.5,2024-07-04T03:05,2024-07-04T15:21,44180.87,39600.0,,,0.0,0.0,0.0,0.0,0.0,,19.8,5.73,87,18.1,5.73,62,0.0,1013.7,976.7,,18.5,0.221,29.4,10906X0039/C2-1
2742,2024-07-05,2.685378283,42.685696389,3,32.1,21.0,31.4,22.5,2024-07-05T03:05,2024-07-05T15:22,44178.01,34908.37,,,0.0,0.0,0.0,0.0,0.0,,18.66,5.87,90,17.8,5.87,61,0.0,1012.3,975.4,,19.8,0.22,29.5,10906X0039/C2-1
2743,2024-07-06,2.685378283,42.685696389,3,31.8,21.7,30.7,23.1,2024-07-06T03:06,2024-07-06T15:22,44174.98,34935.92,,,0.0,0.0,0.0,0.0,0.0,,18.0,6.28,77,17.2,6.28,58,0.0,1011.9,975.1,,22.7,0.219,29.6,10906X0039/C2-1
2744,2024-07-07,2.685378283,42.685696389,3,33.0,21.9,32.2,21.9,2024-07-07T03:06,2024-07-07T15:22,44171.78,38259.5,,,0.0,0.0,0.0,0.0,0.0,,20.55,6.86,90,16.6,6.86,53,0.0,1011.6,974.8,,21.4,0.218,29.6,10906X0039/C2-1
2745,2024-07-08,2.685378283,42.685696389,3,33.0,22.0,32.0,21.9,2024-07-08T03:06,2024-07-08T15:22,44168.4,34620.85,,,0.0,0.0,0.0,0.0,0.0,,20.04,6.96,69,16.5,6.96,52,0.0,1011.0,974.3,,21.3,0.218,29.7,10906X0039/C2-1
2746,2024-07-09,2.685378283,42.685696389,3,34.1,22.1,33.5,23.5,2024-07-09T03:06,2024-07-09T15:22,44164.86,34879.74,,,0.0,0.0,0.0,0.0,0.0,,20.76,6.68,72,18.5,6.68,60,0.0,1011.8,975.1,,22.5,0.217,29.9,10906X0039/C2-1
2747,2024-07-10,2.685378283,42.685696389,51,32.9,22.8,32.7,23.2,2024-07-10T03:06,2024-07-10T15:22,44161.15,33980.73,,,0.1,0.0,0.0,0.1,1.0,,17.74,5.85,97,18.7,5.85,63,0.0,1013.6,976.7,,21.6,0.217,29.9,10906X0039/C2-1
2748,2024-07-11,2.685378283,42.685696389,51,32.1,22.7,30.1,23.4,2024-07-11T03:06,2024-07-11T15:22,44157.28,25779.49,,,0.1,0.0,0.0,0.1,1.0,,16.27,5.69,96,17.1,5.69,58,0.0,1014.1,977.1,,20.2,0.216,29.9,10906X0039/C2-1
2749,2024-07-12,2.685378283,42.685696389,51,32.1,20.7,31.5,21.6,2024-07-12T03:06,2024-07-12T15:22,44153.2,41248.44,,,1.2,0.0,0.0,1.2,6.0,,18.84,5.74,53,18.6,5.74,65,0.0,1013.9,976.8,,22.0,0.216,29.8,10906X0039/C2-1
2750,2024-07-13,2.685378283,42.685696389,51,31.2,22.2,31.3,22.8,2024-07-13T03:07,2024-07-13T15:22,44148.92,37715.1,,,1.5,0.0,0.0,1.5,12.0,,17.56,5.02,50,19.5,5.02,70,0.0,1014.8,977.7,,23.3,0.216,29.7,10906X0039/C2-1
2751,2024-07-14,2.685378283,42.685696389,3,31.4,21.2,29.2,22.6,2024-07-14T03:07,2024-07-14T15:23,44144.44,32687.54,,,0.0,0.0,0.0,0.0,0.0,,17.22,5.74,64,17.5,5.74,61,0.0,1014.4,977.4,,22.6,0.215,29.6,10906X0039/C2-1
2752,2024-07-15,2.685378283,42.685696389,51,31.2,22.4,31.0,22.9,2024-07-15T03:07,2024-07-15T15:23,44139.78,25158.35,,,0.5,0.0,0.0,0.5,3.0,,15.88,5.08,78,19.3,5.08,68,0.0,1013.7,976.7,,24.0,0.215,29.5,10906X0039/C2-1
2753,2024-07-16,2.685378283,42.685696389,51,31.2,22.2,30.0,22.9,2024-07-16T03:07,2024-07-16T15:23,44134.94,23631.49,,,0.2,0.0,0.0,0.2,2.0,,14.79,4.95,59,18.5,4.95,67,0.0,1013.9,976.8,,23.6,0.215,29.4,10906X0039/C2-1
2754,2024-07-17,2.685378283,42.685696389,3,31.1,21.6,29.5,22.2,2024-07-17T03:07,2024-07-17T15:23,44129.92,15013.62,,,0.0,0.0,0.0,0.0,0.0,,12.63,5.16,95,17.7,5.16,62,0.0,1014.6,977.6,,22.5,0.215,29.2,10906X0039/C2-1
2755,2024-07-18,2.685378283,42.685696389,3,32.4,21.4,31.3,22.6,2024-07-18T03:07,2024-07-18T15:23,44124.74,29862.47,,,0.0,0.0,0.0,0.0,0.0,,18.52,6.22,70,17.9,6.22,61,0.0,1014.6,977.6,,23.5,0.215,29.3,10906X0039/C2-1
2756,2024-07-19,2.685378283,42.685696389,51,30.3,22.1,29.4,22.4,2024-07-19T03:07,2024-07-19T15:23,44119.39,25714.06,,,0.2,0.0,0.0,0.2,2.0,,14.68,5.32,95,18.1,5.32,63,0.0,1013.5,976.5,,23.8,0.215,29.3,10906X0039/C2-1
2757,2024-07-20,2.685378283,42.685696389,51,31.7,21.0,30.3,21.7,2024-07-20T03:07,2024-07-20T15:23,44113.9,41340.22,,,0.5,0.0,0.0,0.5,3.0,,18.35,5.75,72,18.2,5.75,64,0.0,1013.6,976.6,,22.5,0.214,29.3,10906X0039/C2-1
2758,2024-07-21,2.685378283,42.685696389,3,32.4,22.3,31.9,22.6,2024-07-21T03:08,2024-07-21T15:23,44108.27,31073.03,,,0.0,0.0,0.0,0.0,0.0,,17.98,5.91,93,18.4,5.91,62,0.0,1014.1,977.1,,22.3,0.213,29.4,10906X0039/C2-1
2759,2024-07-22,2.685378283,42.685696389,3,32.6,20.9,31.2,21.6,2024-07-22T03:08,2024-07-22T15:23,44102.5,40901.58,,,0.0,0.0,0.0,0.0,0.0,,22.4,6.96,97,16.7,6.96,57,0.0,1015.5,978.4,,22.6,0.213,29.4,10906X0039/C2-1
2760,2024-07-23,2.685378283,42.685696389,3,32.1,21.1,31.3,22.1,2024-07-23T03:08,2024-07-23T15:23,44096.6,36756.87,,,0.0,0.0,0.0,0.0,0.0,,18.08,5.77,80,18.0,5.77,62,0.0,1016.7,979.6,,21.9,0.212,29.4,10906X0039/C2-1
2761,2024-07-24,2.685378283,42.685696389,51,32.3,22.0,32.3,22.7,2024-07-24T03:08,2024-07-24T15:23,44090.57,27934.46,,,0.2,0.0,0.0,0.2,2.0,,16.45,5.36,87,18.5,5.36,64,0.0,1015.2,978.2,,22.8,0.213,29.4,10906X0039/C2-1
2762,2024-07-25,2.685378283,42.685696389,3,30.6,21.5,29.5,22.7,2024-07-25T03:08,2024-07-25T15:23,44084.43,25832.59,,,0.0,0.0,0.0,0.0,0.0,,15.41,5.56,95,17.7,5.56,60,0.0,1013.4,976.5,,22.1,0.211,29.5,10906X0039/C2-1
2763,2024-07-26,2.685378283,42.685696389,3,30.8,21.9,29.2,22.6,2024-07-26T03:08,2024-07-26T15:23,44078.18,20435.85,,,0.0,0.0,0.0,0.0,0.0,,13.49,5.31,94,17.4,5.31,59,0.0,1013.2,976.2,,21.5,0.211,29.4,10906X0039/C2-1
2764,2024-07-27,2.685378283,42.685696389,3,33.4,22.1,32.4,22.9,2024-07-27T03:08,2024-07-27T15:23,44071.83,33298.59,,,0.0,0.0,0.0,0.0,0.0,,20.39,6.72,75,17.1,6.72,56,0.0,1013.8,977.0,,21.2,0.211,29.5,10906X0039/C2-1
2765,2024-07-28,2.685378283,42.685696389,3,33.0,21.4,31.8,22.4,2024-07-28T03:08,2024-07-28T15:22,44065.38,41565.12,,,0.0,0.0,0.0,0.0,0.0,,23.97,7.3,84,16.0,7.3,54,0.0,1013.0,976.2,,20.9,0.21,29.6,10906X0039/C2-1
2766,2024-07-29,2.685378283,42.685696389,3,34.2,21.3,33.4,22.7,2024-07-29T03:08,2024-07-29T15:22,44058.84,33649.54,,,0.0,0.0,0.0,0.0,0.0,,19.96,6.71,96,17.6,6.71,59,0.0,1011.6,974.8,,22.9,0.21,29.7,10906X0039/C2-1
2767,2024-07-30,2.685378283,42.685696389,3,33.9,21.6,33.0,22.4,2024-07-30T03:08,2024-07-30T15:22,44052.22,39184.79,,,0.0,0.0,0.0,0.0,0.0,,21.9,6.94,90,17.8,6.94,60,0.0,1012.4,975.6,,23.5,0.209,29.8,10906X0039/C2-1
2768,2024-07-31,2.685378283,42.685696389,51,33.0,22.1,31.9,24.2,2024-07-31T03:08,2024-07-31T15:22,44045.51,30808.61,,,0.3,0.0,0.0,0.3,3.0,,18.96,6.0,95,18.1,6.0,62,0.0,1014.1,977.1,,19.8,0.209,29.9,10906X0039/C2-1
2769,2024-08-01,2.685378283,42.685696389,51,31.3,22.4,31.2,22.7,2024-08-01T03:08,2024-08-01T15:22,44038.66,32400.0,,,2.4,0.0,0.0,2.4,12.0,,18.1,5.11,95,19.2,5.11,69,0.0,1015.5,978.4,,21.9,0.209,29.6,10906X0039/C2-1
2770,2024-08-02,2.685378283,42.685696389,3,32.1,20.7,30.5,21.1,2024-08-02T03:08,2024-08-02T15:22,44031.67,33939.3,,,0.0,0.0,0.0,0.0,0.0,,19.63,6.32,100,16.7,6.32,59,0.0,1015.1,978.0,,22.9,0.209,29.5,10906X0039/C2-1
2771,2024-08-03,2.685378283,42.685696389,3,32.9,20.5,31.3,22.0,2024-08-03T03:08,2024-08-03T15:22,44024.55,33296.4,,,0.0,0.0,0.0,0.0,0.0,,21.02,6.61,97,16.9,6.61,59,0.0,1014.7,977.7,,22.4,0.208,29.5,10906X0039/C2-1
2772,2024-08-04,2.685378283,42.685696389,3,32.9,21.1,31.8,22.1,2024-08-04T03:08,2024-08-04T15:22,44017.3,36829.26,,,0.0,0.0,0.0,0.0,0.0,,20.27,6.32,80,16.8,6.32,59,0.0,1013.9,976.9,,20.7,0.207,29.6,10906X0039/C2-1
2773,2024-08-05,2.685378283,42.685696389,3,32.6,20.8,31.5,21.7,2024-08-05T03:08,2024-08-05T15:21,44009.93,37039.47,,,0.0,0.0,0.0,0.0,0.0,,21.95,6.86,54,16.0,6.86,55,0.0,1012.8,975.9,,21.6,0.206,29.6,10906X0039/C2-1
2774,2024-08-06,2.685378283,42.685696389,3,32.8,21.0,31.6,21.5,2024-08-06T03:08,2024-08-06T15:21,44002.45,41757.32,,,0.0,0.0,0.0,0.0,0.0,,23.57,7.3,18,16.3,7.3,55,0.0,1012.1,975.2,,23.1,0.206,29.7,10906X0039/C2-1
2775,2024-08-07,2.685378283,42.685696389,51,33.5,22.8,33.8,23.4,2024-08-07T03:08,2024-08-07T15:21,43994.87,32400.0,,,0.9,0.0,0.0,0.9,8.0,,19.96,6.19,84,19.1,6.19,65,0.0,1012.5,975.7,,24.4,0.205,29.8,10906X0039/C2-1
2776,2024-08-08,2.685378283,42.685696389,3,30.5,21.7,29.3,23.7,2024-08-08T03:08,2024-08-08T15:21,43987.2,25172.13,,,0.0,0.0,0.0,0.0,0.0,,15.98,5.39,91,17.6,5.39,61,0.0,1013.9,976.9,,19.6,0.206,29.7,10906X0039/C2-1
2777,2024-08-09,2.685378283,42.685696389,3,32.4,21.5,31.5,22.5,2024-08-09T03:08,2024-08-09T15:21,43979.44,35951.03,,,0.0,0.0,0.0,0.0,0.0,,19.84,6.72,72,16.0,6.72,54,0.0,1014.2,977.3,,20.0,0.205,29.7,10906X0039/C2-1
2778,2024-08-10,2.685378283,42.685696389,51,30.1,21.7,31.5,23.1,2024-08-10T03:08,2024-08-10T15:20,43971.6,36000.0,,,1.9,0.0,0.0,1.9,9.0,,19.61,5.26,89,19.2,5.26,70,0.0,1014.7,977.6,,21.5,0.205,29.6,10906X0039/C2-1
2779,2024-08-11,2.685378283,42.685696389,3,31.8,21.8,30.3,22.5,2024-08-11T03:07,2024-08-11T15:20,43963.69,36931.04,,,0.0,0.0,0.0,0.0,0.0,,18.3,5.87,65,17.3,5.87,60,0.0,1013.1,976.2,,20.4,0.205,29.6,10906X0039/C2-1
2780,2024-08-12,2.685378283,42.685696389,3,32.2,20.7,31.3,22.1,2024-08-12T03:07,2024-08-12T15:20,43955.72,42518.94,,,0.0,0.0,0.0,0.0,0.0,,20.06,6.33,65,17.1,6.33,60,0.0,1012.5,975.6,,21.2,0.205,29.6,10906X0039/C2-1
2781,2024-08-13,2.685378283,42.685696389,51,32.4,21.3,31.2,22.5,2024-08-13T03:07,2024-08-13T15:20,43947.69,26284.77,,,0.1,0.0,0.0,0.1,1.0,,17.94,6.09,81,17.7,6.09,61,0.0,1013.0,976.1,,22.0,0.204,29.7,10906X0039/C2-1
2782,2024-08-14,2.685378283,42.685696389,51,32.0,22.4,30.2,22.9,2024-08-14T03:07,2024-08-14T15:19,43939.61,23451.95,,,0.1,0.0,0.0,0.1,1.0,,16.01,5.89,64,17.5,5.89,59,0.0,1012.8,975.9,,22.9,0.203,29.7,10906X0039/C2-1
2783,2024-08-15,2.685378283,42.685696389,3,33.0,21.0,31.9,21.8,2024-08-15T03:07,2024-08-15T15:19,43931.49,31756.2,,,0.0,0.0,0.0,0.0,0.0,,20.17,6.71,60,17.1,6.71,58,0.0,1013.4,976.5,,23.1,0.203,29.7,10906X0039/C2-1
2784,2024-08-16,2.685378283,42.685696389,3,33.2,21.4,31.6,22.4,2024-08-16T03:07,2024-08-16T15:19,43923.34,42110.92,,,0.0,0.0,0.0,0.0,0.0,,22.77,7.71,92,16.0,7.71,53,0.0,1013.2,976.3,,24.2,0.202,29.8,10906X0039/C2-1
2785,2024-08-17,2.685378283,42.685696389,3,33.1,21.5,31.5,21.3,2024-08-17T03:07,2024-08-17T15:19,43915.15,31757.89,,,0.0,0.0,0.0,0.0,0.0,,19.06,6.73,61,16.9,6.73,56,0.0,1013.1,976.2,,25.0,0.202,29.8,10906X0039/C2-1
2786,2024-08-18,2.685378283,42.685696389,3,33.1,22.0,30.4,22.4,2024-08-18T03:07,2024-08-18T15:18,43906.95,34290.26,,,0.0,0.0,0.0,0.0,0.0,,21.49,7.35,77,16.3,7.35,55,0.0,1013.9,977.0,,25.6,0.202,29.9,10906X0039/C2-1
2787,2024-08-19,2.685378283,42.685696389,3,33.7,21.4,31.3,22.6,2024-08-19T03:06,2024-08-19T15:18,43898.73,40817.67,,,0.0,0.0,0.0,0.0,0.0,,23.39,7.88,96,15.8,7.88,53,0.0,1013.7,976.9,,25.0,0.201,30.0,10906X0039/C2-1
2788,2024-08-20,2.685378283,42.685696389,3,32.3,22.2,29.3,22.0,2024-08-20T03:06,2024-08-20T15:18,43890.49,31686.37,,,0.0,0.0,0.0,0.0,0.0,,16.28,6.59,87,16.5,6.59,56,0.0,1013.2,976.3,,27.4,0.201,29.9,10906X0039/C2-1
2789,2024-08-21,2.685378283,42.685696389,51,30.6,22.2,28.3,22.4,2024-08-21T03:06,2024-08-21T15:18,43882.17,30125.66,,,0.7,0.0,0.0,0.7,7.0,,18.37,6.34,80,16.9,6.34,59,0.0,1012.9,975.9,,26.7,0.2,29.8,10906X0039/C2-1
2790,2024-08-22,2.685378283,42.685696389,51,31.0,22.0,28.4,22.4,2024-08-22T03:06,2024-08-22T15:17,43873.76,22130.02,,,0.2,0.0,0.0,0.2,2.0,,14.94,5.46,95,16.7,5.46,59,0.0,1013.7,976.7,,21.4,0.201,29.6,10906X0039/C2-1
2791,2024-08-23,2.685378283,42.685696389,3,31.0,21.4,29.4,22.0,2024-08-23T03:06,2024-08-23T15:17,43865.28,35558.03,,,0.0,0.0,0.0,0.0,0.0,,18.94,6.36,97,16.7,6.36,57,0.0,1013.9,976.9,,22.2,0.2,29.6,10906X0039/C2-1
2792,2024-08-24,2.685378283,42.685696389,3,32.8,21.9,31.7,22.5,2024-08-24T03:06,2024-08-24T15:17,43856.74,34080.65,,,0.0,0.0,0.0,0.0,0.0,,19.08,6.82,91,16.7,6.82,56,0.0,1014.5,977.6,,23.8,0.199,29.7,10906X0039/C2-1
2793,2024-08-25,2.685378283,42.685696389,51,32.3,21.5,31.3,22.0,2024-08-25T03:05,2024-08-25T15:16,43848.13,39525.58,,,0.4,0.0,0.0,0.4,3.0,,19.97,6.34,52,17.4,6.34,59,0.0,1014.6,977.6,,22.2,0.199,29.7,10906X0039/C2-1
2794,2024-08-26,2.685378283,42.685696389,51,33.5,21.3,34.2,23.0,2024-08-26T03:05,2024-08-26T15:16,43839.47,27655.04,,,0.9,0.0,0.0,0.9,8.0,,20.45,5.57,84,19.4,5.57,69,0.0,1014.6,977.6,,19.4,0.2,29.7,10906X0039/C2-1
2795,2024-08-27,2.685378283,42.685696389,53,31.2,23.0,33.0,24.3,2024-08-27T03:05,2024-08-27T15:15,43830.76,31224.96,,,3.0,0.0,0.0,3.0,16.0,,16.99,4.25,87,20.7,4.25,77,0.0,1015.0,977.8,,20.9,0.201,29.6,10906X0039/C2-1
2796,2024-08-28,2.685378283,42.685696389,53,30.6,22.6,32.0,24.7,2024-08-28T03:05,2024-08-28T15:15,43822.01,33607.57,,,2.3,0.0,0.0,2.3,12.0,,18.52,4.58,86,20.8,4.58,76,0.0,1014.8,977.7,,18.8,0.204,29.3,10906X0039/C2-1
2797,2024-08-29,2.685378283,42.685696389,51,31.6,22.0,33.1,23.9,2024-08-29T03:04,2024-08-29T15:15,43813.23,41550.15,,,1.2,0.0,0.0,1.2,9.0,,21.97,5.49,39,19.8,5.49,70,0.0,1014.1,977.1,,18.3,0.203,29.2,10906X0039/C2-1
2798,2024-08-30,2.685378283,42.685696389,3,32.6,21.1,31.8,22.3,2024-08-30T03:04,2024-08-30T15:14,43804.42,34732.49,,,0.0,0.0,0.0,0.0,0.0,,22.69,6.13,69,17.6,6.13,64,0.0,1014.4,977.3,,20.0,0.201,29.2,10906X0039/C2-1
2799,2024-08-31,2.685378283,42.685696389,51,31.4,20.6,30.1,21.8,2024-08-31T03:04,2024-08-31T15:14,43795.6,38819.31,,,0.1,0.0,0.0,0.1,1.0,,18.54,5.61,88,17.4,5.61,63,0.0,1014.7,977.6,,21.0,0.199,29.0,10906X0039/C2-1
2800,2024-09-01,2.685378283,42.685696389,3,31.4,20.7,29.3,22.1,2024-09-01T03:04,2024-09-01T15:13,43786.75,42167.16,,,0.0,0.0,0.0,0.0,0.0,,19.55,5.83,96,17.3,5.83,63,0.0,1015.0,977.9,,22.1,0.198,29.0,10906X0039/C2-1
2801,2024-09-02,2.685378283,42.685696389,3,31.0,20.2,30.2,21.6,2024-09-02T03:03,2024-09-02T15:13,43777.9,35824.86,,,0.0,0.0,0.0,0.0,0.0,,18.54,5.96,55,16.8,5.96,60,0.0,1015.0,978.0,,20.3,0.197,29.0,10906X0039/C2-1
2802,2024-09-03,2.685378283,42.685696389,51,31.8,20.0,31.5,21.6,2024-09-03T03:03,2024-09-03T15:13,43769.05,35573.91,,,0.9,0.0,0.0,0.9,5.0,,20.55,6.13,50,17.5,6.13,62,0.0,1014.6,977.6,,20.9,0.197,29.1,10906X0039/C2-1
2803,2024-09-04,2.685378283,42.685696389,3,32.8,20.6,31.9,21.6,2024-09-04T03:03,2024-09-04T15:12,43760.2,42789.52,,,0.0,0.0,0.0,0.0,0.0,,22.72,6.65,21,17.6,6.65,62,0.0,1014.5,977.5,,22.1,0.197,29.1,10906X0039/C2-1
2804,2024-09-05,2.685378283,42.685696389,3,33.6,21.0,33.8,23.3,2024-09-05T03:03,2024-09-05T15:12,43751.36,41012.59,,,0.0,0.0,0.0,0.0,0.0,,23.98,6.65,63,18.2,6.65,63,0.0,1013.8,976.9,,19.7,0.196,29.4,10906X0039/C2-1
2805,2024-09-06,2.685378283,42.685696389,51,33.5,22.5,34.2,23.2,2024-09-06T03:02,2024-09-06T15:11,43742.54,37844.76,,,1.2,0.0,0.0,1.2,7.0,,22.86,6.41,30,19.2,6.41,64,0.0,1014.6,977.7,,20.9,0.196,29.5,10906X0039/C2-1
2806,2024-09-07,2.685378283,42.685696389,51,32.6,22.0,33.4,23.1,2024-09-07T03:02,2024-09-07T15:11,43733.74,34822.86,,,0.7,0.0,0.0,0.7,7.0,,19.7,5.86,82,19.1,5.86,65,0.0,1014.7,977.7,,21.8,0.196,29.5,10906X0039/C2-1
2807,2024-09-08,2.685378283,42.685696389,51,33.6,22.2,34.0,23.7,2024-09-08T03:02,2024-09-08T15:11,43724.96,41446.51,,,1.8,0.0,0.0,1.8,9.0,,23.31,6.6,75,18.9,6.6,63,0.0,1014.4,977.5,,20.8,0.195,29.6,10906X0039/C2-1
2808,2024-09-09,2.685378283,42.685696389,51,33.0,21.0,33.1,22.9,2024-09-09T03:02,2024-09-09T15:10,43716.21,39834.18,,,0.1,0.0,0.0,0.1,1.0,,19.85,5.67,85,19.2,5.67,68,0.0,1013.6,976.6,,20.3,0.194,29.7,10906X0039/C2-1
2809,2024-09-10,2.685378283,42.685696389,51,33.1,22.4,32.3,24.1,2024-09-10T03:01,2024-09-10T15:10,43707.42,39424.33,,,0.2,0.0,0.0,0.2,2.0,,19.53,6.15,77,18.7,6.15,63,0.0,1013.2,976.3,,21.3,0.194,29.8,10906X0039/C2-1
2810,2024-09-11,2.685378283,42.685696389,51,32.2,22.6,32.3,24.2,2024-09-11T03:01,2024-09-11T15:09,43698.58,26035.87,,,0.8,0.0,0.0,0.8,6.0,,16.87,5.29,99,19.3,5.29,65,0.0,1013.2,976.3,,19.7,0.194,29.8,10906X0039/C2-1
2811,2024-09-12,2.685378283,42.685696389,51,33.6,22.3,33.9,22.6,2024-09-12T03:01,2024-09-12T15:09,43689.72,42332.19,,,0.8,0.0,0.0,0.8,5.0,,23.05,6.74,74,18.2,6.74,61,0.0,1013.3,976.4,,21.2,0.193,29.9,10906X0039/C2-1
2812,2024-09-13,2.685378283,42.685696389,3,33.9,21.1,33.3,22.4,2024-09-13T03:01,2024-09-13T15:09,43680.83,39600.0,,,0.0,0.0,0.0,0.0,0.0,,25.67,7.57,88,17.0,7.57,57,0.0,1013.6,976.7,,21.8,0.192,30.1,10906X0039/C2-1
2813,2024-09-14,2.685378283,42.685696389,3,33.5,21.8,32.9,22.6,2024-09-14T03:00,2024-09-14T15:08,43671.91,39391.88,,,0.0,0.0,0.0,0.0,0.0,,24.55,7.64,98,16.5,7.64,56,0.0,1013.6,976.8,,23.3,0.192,30.2,10906X0039/C2-1
2814,2024-09-15,2.685378283,42.685696389,51,33.4,21.1,31.9,22.2,2024-09-15T03:00,2024-09-15T15:08,43662.98,36006.69,,,0.1,0.0,0.0,0.1,1.0,,22.21,7.17,86,17.0,7.17,59,0.0,1013.3,976.4,,24.1,0.191,30.2,10906X0039/C2-1
2815,2024-09-16,2.685378283,42.685696389,3,33.3,21.6,32.4,22.9,2024-09-16T03:00,2024-09-16T15:07,43654.03,36900.63,,,0.0,0.0,0.0,0.0,0.0,,20.22,6.43,52,17.9,6.43,60,0.0,1013.9,977.0,,21.3,0.191,30.3,10906X0039/C2-1
2816,2024-09-17,2.685378283,42.685696389,51,33.7,21.9,34.8,23.8,2024-09-17T02:59,2024-09-17T15:07,43645.08,40206.1,,,0.7,0.0,0.0,0.7,5.0,,21.46,5.89,51,19.7,5.89,67,0.0,1014.4,977.5,,18.1,0.191,30.3,10906X0039/C2-1
2817,2024-09-18,2.685378283,42.685696389,51,33.3,22.2,34.7,23.3,2024-09-18T02:59,2024-09-18T15:06,43636.14,37451.22,,,0.3,0.0,0.0,0.3,3.0,,21.48,6.26,37,18.8,6.26,62,0.0,1012.8,976.0,,19.2,0.191,30.3,10906X0039/C2-1
2818,2024-09-19,2.685378283,42.685696389,3,34.7,21.1,35.7,23.2,2024-09-19T02:59,2024-09-19T15:06,43627.19,39600.0,,,0.0,0.0,0.0,0.0,0.0,,25.75,7.0,19,18.0,7.0,60,0.0,1010.6,973.9,,17.5,0.19,30.6,10906X0039/C2-1
2819,2024-09-20,2.685378283,42.685696389,3,35.7,21.9,36.7,23.9,2024-09-20T02:59,2024-09-20T15:05,43618.26,36460.93,,,0.0,0.0,0.0,0.0,0.0,,24.36,7.18,38,18.6,7.18,61,0.0,1011.3,974.6,,20.7,0.189,30.8,10906X0039/C2-1
2820,2024-09-21,2.685378283,42.685696389,51,34.7,23.2,36.6,24.6,2024-09-21T02:58,2024-09-21T15:05,43609.35,40862.18,,,0.7,0.0,0.0,0.7,6.0,,22.1,6.34,55,19.5,6.34,63,0.0,1012.6,975.8,,19.2,0.189,30.8,10906X0039/C2-1
2821,2024-09-22,2.685378283,42.685696389,3,33.3,23.1,34.0,24.1,2024-09-22T02:58,2024-09-22T15:05,43600.47,36286.95,,,0.0,0.0,0.0,0.0,0.0,,19.56,5.92,57,18.7,5.92,61,0.0,1012.6,975.8,,18.2,0.189,30.9,10906X0039/C2-1
2822,2024-09-23,2.685378283,42.685696389,51,34.3,22.2,34.1,23.4,2024-09-23T02:58,2024-09-23T15:04,43591.61,42460.24,,,0.2,0.0,0.0,0.2,2.0,,23.66,7.24,30,17.6,7.24,58,0.0,1013.2,976.4,,21.3,0.188,31.0,10906X0039/C2-1
2823,2024-09-24,2.685378283,42.685696389,3,35.0,21.6,34.0,22.7,2024-09-24T02:57,2024-09-24T15:04,43582.79,43124.02,,,0.0,0.0,0.0,0.0,0.0,,24.35,7.79,33,16.1,7.79,53,0.0,1012.8,976.0,,21.8,0.187,31.0,10906X0039/C2-1
2824,2024-09-25,2.685378283,42.685696389,3,34.5,21.2,33.4,22.4,2024-09-25T02:57,2024-09-25T15:03,43574.01,43140.42,,,0.0,0.0,0.0,0.0,0.0,,25.35,8.02,40,16.2,8.02,54,0.0,1012.6,975.8,,23.1,0.187,31.0,10906X0039/C2-1
2825,2024-09-26,2.685378283,42.685696389,51,34.4,22.0,33.7,22.5,2024-09-26T02:57,2024-09-26T15:03,43565.27,37265.64,,,0.3,0.0,0.0,0.3,3.0,,22.08,7.53,84,16.6,7.53,54,0.0,1012.1,975.3,,23.6,0.187,31.0,10906X0039/C2-1
2826,2024-09-27,2.685378283,42.685696389,3,34.9,21.5,35.0,22.2,2024-09-27T02:57,2024-09-27T15:03,43556.58,43147.87,,,0.0,0.0,0.0,0.0,0.0,,25.56,7.62,71,17.0,7.62,54,0.0,1011.0,974.3,,20.4,0.186,31.2,10906X0039/C2-1
2827,2024-09-28,2.685378283,42.685696389,3,34.8,22.1,35.5,23.2,2024-09-28T02:56,2024-09-28T15:02,43547.95,43139.4,,,0.0,0.0,0.0,0.0,0.0,,23.67,7.2,80,17.7,7.2,57,0.0,1009.7,973.1,,20.1,0.186,31.3,10906X0039/C2-1
2828,2024-09-29,2.685378283,42.685696389,3,34.9,22.4,35.8,23.6,2024-09-29T02:56,2024-09-29T15:02,43539.37,37123.65,,,0.0,0.0,0.0,0.0,0.0,,23.13,6.75,63,18.2,6.75,58,0.0,1010.3,973.7,,17.9,0.185,31.4,10906X0039/C2-1
2829,2024-09-30,2.685378283,42.685696389,3,34.6,22.8,37.2,25.4,2024-09-30T02:56,2024-09-30T15:01,43530.78,43106.44,,,0.0,0.0,0.0,0.0,0.0,,24.0,6.52,73,19.3,6.52,60,0.0,1010.8,974.2,,14.9,0.185,31.6,10906X0039/C2-1
2830,2024-10-01,2.685378283,42.685696389,3,35.6,22.6,39.4,24.2,2024-10-01T02:56,2024-10-01T15:01,43522.18,43083.38,,,0.0,0.0,0.0,0.0,0.0,,24.2,6.99,98,18.9,6.99,59,0.0,1010.1,973.5,,17.5,0.184,31.7,10906X0039/C2-1
2831,2024-10-02,2.685378283,42.685696389,3,35.5,22.5,36.8,24.4,2024-10-02T02:55,2024-10-02T15:01,43513.56,43060.33,,,0.0,0.0,0.0,0.0,0.0,,25.36,7.33,37,17.8,7.33,56,0.0,1011.2,974.6,,18.1,0.184,31.8,10906X0039/C2-1
2832,2024-10-03,2.685378283,42.685696389,51,33.7,22.9,35.4,24.3,2024-10-03T02:55,2024-10-03T15:00,43504.94,41388.98,,,0.2,0.0,0.0,0.2,2.0,,19.88,6.04,68,18.7,6.04,60,0.0,1013.1,976.2,,18.1,0.184,31.6,10906X0039/C2-1
2833,2024-10-04,2.685378283,42.685696389,3,34.0,22.2,33.8,23.4,2024-10-04T02:55,2024-10-04T15:00,43496.34,43014.53,,,0.0,0.0,0.0,0.0,0.0,,22.6,7.16,91,16.8,7.16,54,0.0,1013.2,976.4,,19.9,0.183,31.6,10906X0039/C2-1
2834,2024-10-05,2.685378283,42.685696389,3,34.4,22.4,34.3,23.1,2024-10-05T02:55,2024-10-05T14:59,43487.73,42991.89,,,0.0,0.0,0.0,0.0,0.0,,23.75,7.45,58,17.2,7.45,55,0.0,1012.8,976.1,,22.0,0.183,31.6,10906X0039/C2-1
2835,2024-10-06,2.685378283,42.685696389,3,34.4,22.4,34.8,23.6,2024-10-06T02:54,2024-10-06T14:59,43479.15,41159.46,,,0.0,0.0,0.0,0.0,0.0,,24.06,7.39,72,17.7,7.39,57,0.0,1012.8,976.0,,21.5,0.182,31.7,10906X0039/C2-1
2836,2024-10-07,2.685378283,42.685696389,53,34.6,22.8,36.2,24.2,2024-10-07T02:54,2024-10-07T14:59,43470.59,35119.6,,,1.6,0.0,0.0,1.6,7.0,,21.13,6.11,59,19.3,6.11,64,0.0,1013.3,976.4,,18.8,0.183,31.6,10906X0039/C2-1
2837,2024-10-08,2.685378283,42.685696389,3,34.6,22.6,36.1,24.4,2024-10-08T02:54,2024-10-08T14:58,43462.05,42925.69,,,0.0,0.0,0.0,0.0,0.0,,23.55,6.58,60,18.4,6.58,58,0.0,1013.9,977.2,,16.4,0.183,31.6,10906X0039/C2-1
2838,2024-10-09,2.685378283,42.685696389,3,35.1,22.2,35.7,23.8,2024-10-09T02:54,2024-10-09T14:58,43453.56,41172.01,,,0.0,0.0,0.0,0.0,0.0,,25.1,7.26,52,17.3,7.26,56,0.0,1013.8,977.0,,18.4,0.182,31.6,10906X0039/C2-1
2839,2024-10-10,2.685378283,42.685696389,3,34.7,22.5,34.5,22.7,2024-10-10T02:54,2024-10-10T14:58,43445.09,39283.58,,,0.0,0.0,0.0,0.0,0.0,,24.67,7.63,48,17.0,7.63,55,0.0,1013.4,976.6,,21.6,0.181,31.6,10906X0039/C2-1
2840,2024-10-11,2.685378283,42.685696389,3,34.5,21.6,34.9,23.0,2024-10-11T02:53,2024-10-11T14:57,43436.68,42863.31,,,0.0,0.0,0.0,0.0,0.0,,23.58,7.1,49,17.9,7.1,58,0.0,1013.4,976.6,,20.1,0.181,31.6,10906X0039/C2-1
2841,2024-10-12,2.685378283,42.685696389,51,34.6,22.7,35.9,24.0,2024-10-12T02:53,2024-10-12T14:57,43428.32,38199.96,,,0.2,0.0,0.0,0.2,2.0,,22.08,6.55,69,19.2,6.55,62,0.0,1013.7,976.9,,20.0,0.181,31.6,10906X0039/C2-1
2842,2024-10-13,2.685378283,42.685696389,3,34.6,22.8,35.8,25.0,2024-10-13T02:53,2024-10-13T14:57,43420.02,42824.62,,,0.0,0.0,0.0,0.0,0.0,,24.48,7.08,21,18.4,7.08,57,0.0,1013.3,976.5,,17.7,0.181,31.7,10906X0039/C2-1
2843,2024-10-14,2.685378283,42.685696389,51,35.4,22.2,36.2,23.9,2024-10-14T02:53,2024-10-14T14:56,43411.78,42806.32,,,0.1,0.0,0.0,0.1,1.0,,25.11,7.34,72,18.3,7.34,58,0.0,1012.0,975.3,,18.9,0.18,31.8,10906X0039/C2-1
2844,2024-10-15,2.685378283,42.685696389,51,34.2,23.7,36.1,24.5,2024-10-15T02:53,2024-10-15T14:56,43403.61,34548.54,,,0.3,0.0,0.0,0.3,2.0,,19.31,6.01,61,19.7,6.01,62,0.0,1011.8,975.1,,18.4,0.18,31.8,10906X0039/C2-1
2845,2024-10-16,2.685378283,42.685696389,51,36.8,22.7,39.3,25.6,2024-10-16T02:53,2024-10-16T14:56,43395.53,42772.1,,,0.2,0.0,0.0,0.2,2.0,,24.5,6.7,88,19.1,6.7,58,0.0,1011.1,974.6,,13.9,0.18,32.0,10906X0039/C2-1
2846,2024-10-17,2.685378283,42.685696389,3,33.9,23.2,34.9,24.4,2024-10-17T02:52,2024-10-17T14:56,43387.52,39156.29,,,0.0,0.0,0.0,0.0,0.0,,23.97,7.07,81,18.4,7.07,58,0.0,1011.7,975.0,,20.0,0.179,32.0,10906X0039/C2-1
2847,2024-10-18,2.685378283,42.685696389,51,35.1,23.1,35.8,24.7,2024-10-18T02:52,2024-10-18T14:55,43379.6,39141.43,,,0.3,0.0,0.0,0.3,2.0,,23.3,6.93,88,18.5,6.93,57,0.0,1010.9,974.3,,18.5,0.179,32.1,10906X0039/C2-1
2848,2024-10-19,2.685378283,42.685696389,3,35.4,22.7,37.8,24.7,2024-10-19T02:52,2024-10-19T14:55,43371.77,34193.92,,,0.0,0.0,0.0,0.0,0.0,,20.21,6.17,67,18.4,6.17,56,0.0,1011.3,974.7,,15.7,0.179,32.1,10906X0039/C2-1
2849,2024-10-20,2.685378283,42.685696389,51,35.8,22.9,37.8,24.9,2024-10-20T02:52,2024-10-20T14:55,43363.95,37025.67,,,0.4,0.0,0.0,0.4,1.0,,21.92,6.68,60,18.7,6.68,56,0.0,1011.4,974.8,,16.3,0.178,32.2,10906X0039/C2-1
2850,2024-10-21,2.685378283,42.685696389,63,35.2,23.2,37.9,25.7,2024-10-21T02:52,2024-10-21T14:55,43356.15,35384.37,,,15.3,0.0,0.0,15.3,10.0,,17.23,4.64,68,20.9,4.64,72,0.0,1012.3,975.4,,15.4,0.182,31.9,10906X0039/C2-1
2851,2024-10-22,2.685378283,42.685696389,63,31.4,23.1,34.9,25.0,2024-10-22T02:52,2024-10-22T14:54,43348.37,32659.57,,,3.4,0.0,0.0,3.4,5.0,,18.01,4.51,47,20.8,4.51,72,0.0,1012.8,975.9,,13.4,0.185,31.4,10906X0039/C2-1
2852,2024-10-23,2.685378283,42.685696389,3,33.3,22.8,36.0,25.3,2024-10-23T02:52,2024-10-23T14:54,43340.62,38449.58,,,0.0,0.0,0.0,0.0,0.0,,21.82,5.66,34,20.1,5.66,67,0.0,1012.4,975.6,,15.7,0.183,31.2,10906X0039/C2-1
2853,2024-10-24,2.685378283,42.685696389,3,33.3,22.8,34.9,25.1,2024-10-24T02:52,2024-10-24T14:54,43332.9,35663.77,,,0.0,0.0,0.0,0.0,0.0,,16.71,4.66,42,19.6,4.66,66,0.0,1011.9,975.1,,14.6,0.181,31.1,10906X0039/C2-1
2854,2024-10-25,2.685378283,42.685696389,3,34.7,22.4,36.9,24.8,2024-10-25T02:52,2024-10-25T14:54,43325.23,42654.31,,,0.0,0.0,0.0,0.0,0.0,,23.31,6.18,67,19.1,6.18,61,0.0,1011.1,974.5,,14.8,0.179,31.2,10906X0039/C2-1
2855,2024-10-26,2.685378283,42.685696389,3,35.1,21.8,38.6,24.6,2024-10-26T02:52,2024-10-26T14:54,43317.6,42644.15,,,0.0,0.0,0.0,0.0,0.0,,24.42,6.34,58,19.0,6.34,60,0.0,1010.6,974.0,,12.4,0.178,31.5,10906X0039/C2-1
2856,2024-10-27,2.685378283,42.685696389,51,33.7,23.4,37.3,25.8,2024-10-27T02:52,2024-10-27T14:54,43310.02,42202.68,,,0.3,0.0,0.0,0.3,2.0,,20.67,5.01,95,20.0,5.01,63,0.0,1011.2,974.6,,8.7,0.178,31.7,10906X0039/C2-1
2857,2024-10-28,2.685378283,42.685696389,51,33.7,22.7,39.0,26.0,2024-10-28T02:52,2024-10-28T14:53,43302.51,42625.88,,,0.1,0.0,0.0,0.1,1.0,,23.44,5.41,85,20.0,5.41,63,0.0,1010.8,974.2,,6.9,0.188,31.5,10906X0039/C2-1
2858,2024-10-29,2.685378283,42.685696389,51,34.9,22.8,39.5,26.5,2024-10-29T02:52,2024-10-29T14:53,43295.08,39425.69,,,0.1,0.0,0.0,0.1,1.0,,22.51,5.74,33,18.9,5.74,59,0.0,1010.6,974.0,,8.4,0.187,31.6,10906X0039/C2-1
2859,2024-10-30,2.685378283,42.685696389,3,36.2,22.0,38.6,25.7,2024-10-30T02:52,2024-10-30T14:53,43287.71,42610.55,,,0.0,0.0,0.0,0.0,0.0,,24.39,6.29,38,18.5,6.29,58,0.0,1010.0,973.5,,11.0,0.187,31.9,10906X0039/C2-1
2860,2024-10-31,2.685378283,42.685696389,51,34.7,23.0,38.2,26.3,2024-10-31T02:52,2024-10-31T14:53,43280.43,42604.06,,,0.1,0.0,0.0,0.1,1.0,,23.3,5.91,52,19.4,5.91,58,0.0,1010.4,973.9,,9.9,0.186,32.1,10906X0039/C2-1
2861,2024-11-01,2.685378283,42.685696389,51,33.7,24.1,35.4,26.8,2024-11-01T02:52,2024-11-01T14:53,43273.24,29707.31,,,0.2,0.0,0.0,0.2,1.0,,15.11,4.08,82,19.7,4.08,62,0.0,1012.2,975.5,,8.3,0.185,32.0,10906X0039/C2-1
2862,2024-11-02,2.685378283,42.685696389,51,33.1,23.4,36.8,26.4,2024-11-02T02:52,2024-11-02T14:53,43266.14,41451.53,,,0.1,0.0,0.0,0.1,1.0,,18.87,4.68,63,19.4,4.68,61,0.0,1012.6,975.8,,7.5,0.187,31.8,10906X0039/C2-1
2863,2024-11-03,2.685378283,42.685696389,55,32.6,23.9,37.1,26.8,2024-11-03T02:52,2024-11-03T14:53,43259.15,35952.53,,,1.5,0.0,0.0,1.5,5.0,,17.1,4.32,46,20.4,4.32,67,0.0,1012.7,975.9,,10.0,0.184,31.6,10906X0039/C2-1
2864,2024-11-04,2.685378283,42.685696389,63,33.5,22.5,36.9,25.0,2024-11-04T02:52,2024-11-04T14:53,43252.28,35975.64,,,7.2,0.0,0.0,7.2,11.0,,20.27,4.57,64,20.9,4.57,74,0.0,1011.6,974.7,,9.4,0.185,31.5,10906X0039/C2-1
2865,2024-11-05,2.685378283,42.685696389,65,31.4,22.3,35.8,25.1,2024-11-05T02:52,2024-11-05T14:53,43245.52,35052.65,,,17.0,0.0,0.0,17.0,9.0,,16.36,3.52,57,21.3,3.52,80,0.0,1011.3,974.2,,7.4,0.193,30.9,10906X0039/C2-1
2866,2024-11-06,2.685378283,42.685696389,51,32.6,22.8,36.7,25.1,2024-11-06T02:52,2024-11-06T14:53,43238.89,38380.51,,,0.2,0.0,0.0,0.2,1.0,,19.74,4.92,52,20.8,4.92,70,0.0,1011.7,974.9,,13.2,0.193,30.7,10906X0039/C2-1
2867,2024-11-07,2.685378283,42.685696389,51,33.4,22.1,36.2,25.2,2024-11-07T02:52,2024-11-07T14:53,43232.4,42583.86,,,0.2,0.0,0.0,0.2,2.0,,23.48,5.65,61,20.2,5.65,67,0.0,1012.6,975.8,,12.2,0.188,30.8,10906X0039/C2-1
2868,2024-11-08,2.685378283,42.685696389,51,33.3,22.4,37.4,24.0,2024-11-08T02:52,2024-11-08T14:53,43226.04,42584.94,,,0.6,0.0,0.0,0.6,3.0,,22.8,5.2,21,20.6,5.2,69,0.0,1012.3,975.5,,10.9,0.186,30.8,10906X0039/C2-1
2869,2024-11-09,2.685378283,42.685696389,51,32.8,22.4,37.6,25.6,2024-11-09T02:52,2024-11-09T14:53,43219.74,38987.01,,,0.5,0.0,0.0,0.5,4.0,,20.94,4.98,20,20.5,4.98,68,0.0,1011.2,974.4,,10.6,0.184,30.7,10906X0039/C2-1
2870,2024-11-10,2.685378283,42.685696389,61,31.8,23.2,36.9,26.4,2024-11-10T02:53,2024-11-10T14:53,43213.51,38990.02,,,4.0,0.0,0.0,4.0,7.0,,17.82,4.08,65,21.0,4.08,74,0.0,1011.7,974.8,,9.3,0.185,30.6,10906X0039/C2-1
2871,2024-11-11,2.685378283,42.685696389,51,33.5,22.6,36.8,26.0,2024-11-11T02:53,2024-11-11T14:53,43207.35,38613.84,,,0.3,0.0,0.0,0.3,2.0,,21.44,5.07,92,20.5,5.07,71,0.0,1012.3,975.5,,11.0,0.185,30.6,10906X0039/C2-1
2872,2024-11-12,2.685378283,42.685696389,63,33.0,22.7,37.2,24.8,2024-11-12T02:53,2024-11-12T14:53,43201.25,39727.35,,,7.8,0.0,0.0,7.8,5.0,,19.87,4.34,83,21.3,4.34,78,0.0,1011.9,974.9,,9.9,0.2,29.8,10906X0039/C2-1
2873,2024-11-13,2.685378283,42.685696389,55,29.9,22.0,33.8,24.8,2024-11-13T02:53,2024-11-13T14:53,43195.25,40153.15,,,4.0,0.0,0.0,4.0,6.0,,16.62,3.76,54,20.9,3.76,76,0.0,1011.2,974.2,,8.8,0.211,28.8,10906X0039/C2-1
2874,2024-11-14,2.685378283,42.685696389,51,31.8,22.7,36.1,25.6,2024-11-14T02:53,2024-11-14T14:53,43189.33,42611.2,,,0.4,0.0,0.0,0.4,4.0,,23.3,5.24,74,20.9,5.24,74,0.0,1010.1,973.3,,10.7,0.202,28.9,10906X0039/C2-1
2875,2024-11-15,2.685378283,42.685696389,51,32.8,22.5,34.8,25.2,2024-11-15T02:54,2024-11-15T14:53,43183.51,42618.69,,,0.2,0.0,0.0,0.2,2.0,,22.78,5.48,87,19.9,5.48,67,0.0,1010.0,973.2,,12.7,0.202,29.0,10906X0039/C2-1
2876,2024-11-16,2.685378283,42.685696389,3,33.0,21.0,35.3,23.9,2024-11-16T02:54,2024-11-16T14:53,43177.79,42627.03,,,0.0,0.0,0.0,0.0,0.0,,24.81,5.66,84,18.3,5.66,63,0.0,1010.8,974.0,,8.5,0.205,28.9,10906X0039/C2-1
2877,2024-11-17,2.685378283,42.685696389,51,31.8,21.7,35.2,25.0,2024-11-17T02:54,2024-11-17T14:54,43172.18,42234.28,,,0.1,0.0,0.0,0.1,1.0,,22.27,5.07,80,20.7,5.07,72,0.0,1010.9,974.0,,11.2,0.213,28.9,10906X0039/C2-1
2878,2024-11-18,2.685378283,42.685696389,53,32.9,22.8,36.5,25.9,2024-11-18T02:54,2024-11-18T14:54,43166.69,42646.16,,,1.0,0.0,0.0,1.0,5.0,,20.35,4.81,83,21.0,4.81,72,0.0,1011.1,974.3,,11.6,0.214,29.0,10906X0039/C2-1
2879,2024-11-19,2.685378283,42.685696389,61,32.7,22.5,35.7,26.2,2024-11-19T02:55,2024-11-19T14:54,43161.33,38031.68,,,4.0,0.0,0.0,4.0,8.0,,17.11,4.12,91,21.1,4.12,76,0.0,1011.8,974.9,,11.3,0.204,28.9,10906X0039/C2-1
2880,2024-11-20,2.685378283,42.685696389,51,32.0,22.3,36.3,26.3,2024-11-20T02:55,2024-11-20T14:54,43156.09,39176.69,,,0.6,0.0,0.0,0.6,6.0,,19.35,4.2,55,20.7,4.2,73,0.0,1011.2,974.3,,6.3,0.185,28.9,10906X0039/C2-1
2881,2024-11-21,2.685378283,42.685696389,51,33.0,23.0,36.6,26.0,2024-11-21T02:55,2024-11-21T14:54,43150.99,42680.76,,,0.5,0.0,0.0,0.5,4.0,,22.71,5.27,33,20.1,5.27,66,0.0,1010.9,974.1,,9.9,0.178,29.1,10906X0039/C2-1
2882,2024-11-22,2.685378283,42.685696389,61,33.4,22.4,36.1,25.5,2024-11-22T02:55,2024-11-22T14:55,43146.05,42693.79,,,4.1,0.0,0.0,4.1,12.0,,22.19,5.1,54,20.1,5.1,68,0.0,1011.2,974.4,,9.4,0.173,29.2,10906X0039/C2-1
2883,2024-11-23,2.685378283,42.685696389,63,31.5,23.1,34.4,27.1,2024-11-23T02:56,2024-11-23T14:55,43141.25,25402.34,,,9.9,0.0,0.0,9.9,9.0,,13.87,3.11,98,21.4,3.11,81,0.0,1012.5,975.5,,6.0,0.161,29.1,10906X0039/C2-1
2884,2024-11-24,2.685378283,42.685696389,51,32.3,22.7,35.7,26.5,2024-11-24T02:56,2024-11-24T14:55,43136.62,37458.67,,,0.5,0.0,0.0,0.5,3.0,,20.57,4.74,58,20.8,4.74,72,0.0,1011.5,974.6,,9.9,0.156,29.0,10906X0039/C2-1
2885,2024-11-25,2.685378283,42.685696389,53,32.2,22.4,36.6,25.6,2024-11-25T02:56,2024-11-25T14:55,43132.15,42712.16,,,1.3,0.0,0.0,1.3,6.0,,22.12,4.8,32,20.8,4.8,72,0.0,1011.2,974.4,,8.9,0.147,29.2,10906X0039/C2-1
2886,2024-11-26,2.685378283,42.685696389,51,32.7,22.6,37.7,26.1,2024-11-26T02:57,2024-11-26T14:56,43127.86,39107.58,,,0.3,0.0,0.0,0.3,2.0,,19.81,4.54,39,20.9,4.54,70,0.0,1011.0,974.2,,8.9,0.145,29.3,10906X0039/C2-1
2887,2024-11-27,2.685378283,42.685696389,53,32.9,22.6,35.9,26.0,2024-11-27T02:57,2024-11-27T14:56,43123.75,37013.95,,,2.4,0.0,0.0,2.4,7.0,,18.24,4.22,46,21.5,4.22,77,0.0,1011.4,974.5,,10.5,0.144,29.3,10906X0039/C2-1
2888,2024-11-28,2.685378283,42.685696389,63,31.5,22.4,35.7,25.4,2024-11-28T02:57,2024-11-28T14:56,43119.83,39125.37,,,7.8,0.0,0.0,7.8,7.0,,17.74,3.71,66,21.6,3.71,80,0.0,1012.2,975.2,,7.6,0.152,28.9,10906X0039/C2-1
2889,2024-11-29,2.685378283,42.685696389,63,31.6,22.7,37.0,26.2,2024-11-29T02:58,2024-11-29T14:56,43116.04,40498.95,,,11.5,0.0,0.0,11.5,8.0,,19.04,4.16,83,21.9,4.16,80,0.0,1012.8,975.8,,8.8,0.171,28.8,10906X0039/C2-1
2890,2024-11-30,2.685378283,42.685696389,3,32.2,22.8,35.9,25.4,2024-11-30T02:58,2024-11-30T14:57,43112.38,38266.92,,,0.0,0.0,0.0,0.0,0.0,,20.8,4.74,37,20.9,4.74,71,0.0,1011.7,974.9,,9.9,0.173,28.7,10906X0039/C2-1
2891,2024-12-01,2.685378283,42.685696389,3,33.2,22.0,35.2,23.6,2024-12-01T02:59,2024-12-01T14:57,43108.86,42688.11,,,0.0,0.0,0.0,0.0,0.0,,24.8,5.72,8,17.7,5.72,62,0.0,1010.8,974.0,,12.8,0.17,28.7,10906X0039/C2-1
2892,2024-12-02,2.685378283,42.685696389,1,33.8,21.1,35.2,22.8,2024-12-02T02:59,2024-12-02T14:57,43105.47,42684.67,,,0.0,0.0,0.0,0.0,0.0,,23.95,5.61,3,17.3,5.61,62,0.0,1010.6,973.7,,12.1,0.166,28.7,10906X0039/C2-1
2893,2024-12-03,2.685378283,42.685696389,2,34.1,21.2,34.3,22.3,2024-12-03T02:59,2024-12-03T14:58,43102.23,42681.37,,,0.0,0.0,0.0,0.0,0.0,,24.85,6.27,8,15.6,6.27,55,0.0,1010.7,973.9,,13.6,0.164,28.7,10906X0039/C2-1
2894,2024-12-04,2.685378283,42.685696389,0,34.1,21.3,34.3,20.5,2024-12-04T03:00,2024-12-04T14:58,43099.14,42678.18,,,0.0,0.0,0.0,0.0,0.0,,24.7,6.56,2,15.8,6.56,53,0.0,1010.7,974.0,,14.4,0.161,28.7,10906X0039/C2-1
2895,2024-12-05,2.685378283,42.685696389,3,34.4,21.0,34.7,22.5,2024-12-05T03:00,2024-12-05T14:59,43096.2,42675.12,,,0.0,0.0,0.0,0.0,0.0,,24.6,5.87,9,16.8,5.87,58,0.0,1011.2,974.4,,11.8,0.16,28.8,10906X0039/C2-1
2896,2024-12-06,2.685378283,42.685696389,3,34.9,21.2,34.9,22.7,2024-12-06T03:01,2024-12-06T14:59,43093.41,42672.21,,,0.0,0.0,0.0,0.0,0.0,,23.34,6.73,45,15.7,6.73,53,0.0,1010.9,974.2,,14.5,0.16,28.9,10906X0039/C2-1
2897,2024-12-07,2.685378283,42.685696389,51,32.8,22.3,33.6,22.8,2024-12-07T03:01,2024-12-07T14:59,43090.78,42669.44,,,0.8,0.0,0.0,0.8,5.0,,22.0,6.56,37,16.6,6.56,53,0.0,1011.7,975.0,,16.2,0.158,29.0,10906X0039/C2-1
2898,2024-12-08,2.685378283,42.685696389,51,34.8,23.0,35.5,25.1,2024-12-08T03:02,2024-12-08T15:00,43088.32,42666.81,,,0.1,0.0,0.0,0.1,1.0,,22.09,6.42,42,17.7,6.42,54,0.0,1011.9,975.2,,14.4,0.159,29.2,10906X0039/C2-1
2899,2024-12-09,2.685378283,42.685696389,1,35.0,23.6,34.4,25.5,2024-12-09T03:02,2024-12-09T15:00,43086.03,42664.34,,,0.0,0.0,0.0,0.0,0.0,,24.26,7.14,9,14.4,7.14,45,0.0,1011.2,974.6,,13.7,0.157,29.3,10906X0039/C2-1
2900,2024-12-10,2.685378283,42.685696389,3,34.3,22.7,35.3,24.3,2024-12-10T03:03,2024-12-10T15:01,43083.91,42662.03,,,0.0,0.0,0.0,0.0,0.0,,21.87,6.23,13,16.4,6.23,53,0.0,1011.3,974.6,,13.9,0.156,29.4,10906X0039/C2-1
2901,2024-12-11,2.685378283,42.685696389,2,33.8,22.1,34.8,23.7,2024-12-11T03:03,2024-12-11T15:01,43081.96,42659.87,,,0.0,0.0,0.0,0.0,0.0,,23.67,6.33,24,15.9,6.33,52,0.0,1011.0,974.3,,13.2,0.155,29.4,10906X0039/C2-1
2902,2024-12-12,2.685378283,42.685696389,2,33.9,22.0,34.9,22.7,2024-12-12T03:04,2024-12-12T15:02,43080.2,42657.89,,,0.0,0.0,0.0,0.0,0.0,,23.96,6.32,12,16.0,6.32,53,0.0,1010.7,974.0,,13.1,0.155,29.5,10906X0039/C2-1
2903,2024-12-13,2.685378283,42.685696389,3,35.6,21.9,34.8,23.6,2024-12-13T03:04,2024-12-13T15:02,43078.62,42656.08,,,0.0,0.0,0.0,0.0,0.0,,23.04,6.86,12,15.2,6.86,49,0.0,1010.3,973.6,,14.1,0.154,29.5,10906X0039/C2-1
2904,2024-12-14,2.685378283,42.685696389,3,35.5,22.3,36.0,22.6,2024-12-14T03:05,2024-12-14T15:03,43077.22,42654.44,,,0.0,0.0,0.0,0.0,0.0,,24.37,7.24,33,15.3,7.24,48,0.0,1010.2,973.6,,15.1,0.151,29.8,10906X0039/C2-1
2905,2024-12-15,2.685378283,42.685696389,3,35.5,23.1,35.9,23.6,2024-12-15T03:05,2024-12-15T15:03,43076.02,42650.73,,,0.0,0.0,0.0,0.0,0.0,,24.14,7.28,10,16.2,7.28,49,0.0,1011.0,974.5,,16.4,0.149,30.0,10906X0039/C2-1
2906,2024-12-16,2.685378283,42.685696389,3,35.2,23.4,35.3,23.4,2024-12-16T03:06,2024-12-16T15:04,43075.01,42622.09,,,0.0,0.0,0.0,0.0,0.0,,23.26,7.36,22,15.8,7.36,46,0.0,1011.9,975.3,,17.0,0.148,30.2,10906X0039/C2-1
2907,2024-12-17,2.685378283,42.685696389,3,35.1,23.0,35.0,23.5,2024-12-17T03:06,2024-12-17T15:04,43074.21,42593.8,,,0.0,0.0,0.0,0.0,0.0,,23.97,7.06,14,14.4,7.06,45,0.0,1011.9,975.3,,14.1,0.148,30.4,10906X0039/C2-1
2908,2024-12-18,2.685378283,42.685696389,2,35.7,22.4,36.3,23.7,2024-12-18T03:07,2024-12-18T15:04,43073.6,42565.92,,,0.0,0.0,0.0,0.0,0.0,,23.6,6.34,18,15.1,6.34,49,0.0,1011.8,975.2,,11.4,0.147,30.6,10906X0039/C2-1
2909,2024-12-19,2.685378283,42.685696389,3,35.0,22.2,36.6,24.1,2024-12-19T03:07,2024-12-19T15:05,43073.2,42537.81,,,0.0,0.0,0.0,0.0,0.0,,22.93,5.84,29,17.1,5.84,55,0.0,1012.2,975.5,,11.8,0.146,30.7,10906X0039/C2-1
2910,2024-12-20,2.685378283,42.685696389,51,34.0,22.3,36.8,24.9,2024-12-20T03:07,2024-12-20T15:05,43072.98,42509.16,,,0.1,0.0,0.0,0.1,1.0,,22.52,5.51,19,18.3,5.51,57,0.0,1012.2,975.5,,10.0,0.146,30.8,10906X0039/C2-1
2911,2024-12-21,2.685378283,42.685696389,2,34.2,22.9,36.5,24.6,2024-12-21T03:08,2024-12-21T15:06,43072.94,42480.06,,,0.0,0.0,0.0,0.0,0.0,,21.75,5.68,16,18.6,5.68,58,0.0,1012.6,975.9,,12.6,0.145,31.0,10906X0039/C2-1
2912,2024-12-22,2.685378283,42.685696389,51,34.4,22.2,37.1,24.4,2024-12-22T03:08,2024-12-22T15:06,43073.1,42450.6,,,0.2,0.0,0.0,0.2,1.0,,22.98,5.95,8,17.9,5.95,57,0.0,1011.9,975.2,,12.0,0.145,31.1,10906X0039/C2-1
2913,2024-12-23,2.685378283,42.685696389,3,35.4,22.6,36.7,24.1,2024-12-23T03:09,2024-12-23T15:07,43073.44,42420.87,,,0.0,0.0,0.0,0.0,0.0,,23.17,6.51,13,17.6,6.51,55,0.0,1011.0,974.4,,15.3,0.145,31.2,10906X0039/C2-1
2914,2024-12-24,2.685378283,42.685696389,0,36.0,21.6,36.5,23.2,2024-12-24T03:09,2024-12-24T15:07,43073.96,42390.96,,,0.0,0.0,0.0,0.0,0.0,,24.53,6.75,1,15.0,6.75,50,0.0,1011.3,974.7,,13.2,0.146,31.2,10906X0039/C2-1
2915,2024-12-25,2.685378283,42.685696389,3,35.8,21.9,36.9,22.3,2024-12-25T03:10,2024-12-25T15:08,43074.67,42360.98,,,0.0,0.0,0.0,0.0,0.0,,23.7,6.93,23,15.8,6.93,49,0.0,1012.0,975.4,,14.3,0.146,31.3,10906X0039/C2-1
2916,2024-12-26,2.685378283,42.685696389,3,36.6,21.8,36.2,22.8,2024-12-26T03:10,2024-12-26T15:08,43075.55,42330.99,,,0.0,0.0,0.0,0.0,0.0,,24.57,7.39,37,13.7,7.39,45,0.0,1012.2,975.6,,14.1,0.145,31.4,10906X0039/C2-1
2917,2024-12-27,2.685378283,42.685696389,3,35.8,21.5,33.3,21.7,2024-12-27T03:11,2024-12-27T15:09,43076.62,42301.09,,,0.0,0.0,0.0,0.0,0.0,,25.05,7.73,72,11.6,7.73,41,0.0,1013.1,976.4,,15.5,0.145,31.3,10906X0039/C2-1
2918,2024-12-28,2.685378283,42.685696389,3,35.0,21.7,33.8,21.9,2024-12-28T03:11,2024-12-28T15:09,43077.85,42271.39,,,0.0,0.0,0.0,0.0,0.0,,24.57,7.59,64,13.6,7.59,45,0.0,1012.8,976.1,,16.9,0.145,31.3,10906X0039/C2-1
2919,2024-12-29,2.685378283,42.685696389,3,35.4,22.3,34.9,21.9,2024-12-29T03:12,2024-12-29T15:10,43079.27,42241.95,,,0.0,0.0,0.0,0.0,0.0,,23.92,7.45,26,14.6,7.45,44,0.0,1012.4,975.8,,16.4,0.144,31.4,10906X0039/C2-1
2920,2024-12-30,2.685378283,42.685696389,3,35.4,22.9,35.4,23.2,2024-12-30T03:12,2024-12-30T15:10,43080.85,42212.88,,,0.0,0.0,0.0,0.0,0.0,,23.75,7.37,11,15.4,7.37,47,0.0,1011.6,975.1,,17.0,0.144,31.5,10906X0039/C2-1
2921,2024-12-31,2.685378283,42.685696389,3,35.8,22.7,35.5,22.6,2024-12-31T03:13,2024-12-31T15:11,43082.61,42184.27,,,0.0,0.0,0.0,0.0,0.0,,24.41,7.56,30,14.9,7.56,46,0.0,1011.3,974.8,,17.3,0.144,31.5,10906X0039/C2-1
2922,2025-01-01,2.685378283,42.685696389,0,35.9,22.7,35.8,22.8,2025-01-01T03:13,2025-01-01T15:11,43084.54,42156.2,,,0.0,0.0,0.0,0.0,0.0,,24.21,7.47,2,15.5,7.47,47,0.0,1010.8,974.3,,16.5,0.144,31.6,10906X0039/C2-1
2923,2025-01-02,2.685378283,42.685696389,0,35.2,22.5,35.2,22.7,2025-01-02T03:14,2025-01-02T15:12,43086.63,42128.78,,,0.0,0.0,0.0,0.0,0.0,,24.26,7.76,2,15.8,7.76,49,0.0,1011.2,974.7,,19.8,0.144,31.7,10906X0039/C2-1
2924,2025-01-03,2.685378283,42.685696389,2,35.5,22.3,35.2,22.7,2025-01-03T03:14,2025-01-03T15:12,43088.89,42102.06,,,0.0,0.0,0.0,0.0,0.0,,22.81,7.31,21,16.1,7.31,49,0.0,1011.6,975.0,,18.4,0.143,31.7,10906X0039/C2-1
2925,2025-01-04,2.685378283,42.685696389,0,35.3,22.8,33.7,22.6,2025-01-04T03:15,2025-01-04T15:13,43091.31,42076.18,,,0.0,0.0,0.0,0.0,0.0,,24.62,8.22,0,12.1,8.22,38,0.0,1012.0,975.4,,17.1,0.143,31.7,10906X0039/C2-1
2926,2025-01-05,2.685378283,42.685696389,3,35.4,22.1,33.4,20.9,2025-01-05T03:15,2025-01-05T15:13,43093.89,42051.2,,,0.0,0.0,0.0,0.0,0.0,,25.21,8.56,18,9.5,8.56,34,0.0,1011.6,974.9,,18.5,0.143,31.6,10906X0039/C2-1
2927,2025-01-06,2.685378283,42.685696389,3,35.0,21.1,32.6,19.9,2025-01-06T03:16,2025-01-06T15:14,43096.62,42027.21,,,0.0,0.0,0.0,0.0,0.0,,25.48,8.08,22,11.1,8.08,41,0.0,1012.1,975.4,,19.4,0.143,31.5,10906X0039/C2-1
2928,2025-01-07,2.685378283,42.685696389,3,35.2,21.2,35.7,20.6,2025-01-07T03:16,2025-01-07T15:14,43099.53,42004.31,,,0.0,0.0,0.0,0.0,0.0,,24.9,7.11,17,14.2,7.11,46,0.0,1011.7,975.0,,15.6,0.143,31.6,10906X0039/C2-1
2929,2025-01-08,2.685378283,42.685696389,3,36.6,21.9,38.4,23.1,2025-01-08T03:16,2025-01-08T15:15,43102.62,41981.99,,,0.0,0.0,0.0,0.0,0.0,,24.07,6.84,16,15.8,6.84,49,0.0,1010.5,974.0,,12.9,0.143,31.8,10906X0039/C2-1
2930,2025-01-09,2.685378283,42.685696389,51,34.8,22.5,37.0,22.7,2025-01-09T03:17,2025-01-09T15:15,43105.92,32467.06,,,0.1,0.0,0.0,0.1,1.0,,20.38,6.25,61,16.7,6.25,51,0.0,1010.5,973.9,,14.3,0.143,31.9,10906X0039/C2-1
2931,2025-01-10,2.685378283,42.685696389,3,36.7,22.4,37.1,22.1,2025-01-10T03:17,2025-01-10T15:15,43109.4,41938.36,,,0.0,0.0,0.0,0.0,0.0,,23.7,7.49,73,14.7,7.49,46,0.0,1011.3,974.7,,16.8,0.143,31.9,10906X0039/C2-1
2932,2025-01-11,2.685378283,42.685696389,3,36.2,22.1,37.0,22.5,2025-01-11T03:17,2025-01-11T15:16,43113.06,41417.01,,,0.0,0.0,0.0,0.0,0.0,,24.0,6.88,83,15.1,6.88,47,0.0,1011.3,974.7,,13.8,0.143,31.9,10906X0039/C2-1
2933,2025-01-12,2.685378283,42.685696389,3,36.7,22.2,35.8,22.3,2025-01-12T03:18,2025-01-12T15:16,43116.91,41896.36,,,0.0,0.0,0.0,0.0,0.0,,24.96,7.8,71,13.4,7.8,42,0.0,1010.1,973.6,,15.5,0.144,31.9,10906X0039/C2-1
2934,2025-01-13,2.685378283,42.685696389,1,36.7,22.1,34.6,20.1,2025-01-13T03:18,2025-01-13T15:17,43120.92,41876.09,,,0.0,0.0,0.0,0.0,0.0,,25.44,9.26,3,10.5,9.26,34,0.0,1009.5,973.1,,20.4,0.143,31.9,10906X0039/C2-1
2935,2025-01-14,2.685378283,42.685696389,3,36.0,22.4,33.6,20.9,2025-01-14T03:18,2025-01-14T15:17,43125.1,41856.34,,,0.0,0.0,0.0,0.0,0.0,,25.3,8.97,83,12.1,8.97,37,0.0,1009.9,973.4,,20.9,0.143,31.9,10906X0039/C2-1
2936,2025-01-15,2.685378283,42.685696389,3,35.5,22.4,32.4,22.0,2025-01-15T03:19,2025-01-15T15:18,43129.43,41837.17,,,0.0,0.0,0.0,0.0,0.0,,25.39,8.47,45,11.6,8.47,39,0.0,1011.9,975.3,,19.3,0.143,31.9,10906X0039/C2-1
2937,2025-01-16,2.685378283,42.685696389,3,35.9,22.7,34.4,21.8,2025-01-16T03:19,2025-01-16T15:18,43133.91,41818.62,,,0.0,0.0,0.0,0.0,0.0,,25.29,8.28,23,10.8,8.28,36,0.0,1011.7,975.1,,16.5,0.143,31.9,10906X0039/C2-1
2938,2025-01-17,2.685378283,42.685696389,3,36.3,22.5,35.7,22.3,2025-01-17T03:19,2025-01-17T15:18,43138.53,41698.42,,,0.0,0.0,0.0,0.0,0.0,,24.36,7.56,88,12.7,7.56,40,0.0,1010.7,974.1,,14.7,0.143,32.0,10906X0039/C2-1
2939,2025-01-18,2.685378283,42.685696389,3,36.2,22.2,37.0,21.8,2025-01-18T03:20,2025-01-18T15:19,43143.3,40965.41,,,0.0,0.0,0.0,0.0,0.0,,25.14,7.31,68,13.8,7.31,43,0.0,1009.7,973.2,,14.1,0.143,32.1,10906X0039/C2-1
2940,2025-01-19,2.685378283,42.685696389,2,36.6,22.3,36.4,22.1,2025-01-19T03:20,2025-01-19T15:19,43148.19,41706.26,,,0.0,0.0,0.0,0.0,0.0,,25.71,7.56,13,12.2,7.56,41,0.0,1009.3,972.9,,14.3,0.143,32.2,10906X0039/C2-1
2941,2025-01-20,2.685378283,42.685696389,3,37.0,21.7,35.6,21.1,2025-01-20T03:20,2025-01-20T15:19,43153.21,41709.52,,,0.0,0.0,0.0,0.0,0.0,,25.73,8.32,49,10.7,8.32,37,0.0,1009.7,973.3,,16.0,0.143,32.3,10906X0039/C2-1
2942,2025-01-21,2.685378283,42.685696389,3,36.9,22.9,35.9,22.6,2025-01-21T03:20,2025-01-21T15:20,43158.34,37464.54,,,0.0,0.0,0.0,0.0,0.0,,24.1,7.7,42,13.6,7.7,43,0.0,1010.0,973.5,,16.5,0.143,32.3,10906X0039/C2-1
2943,2025-01-22,2.685378283,42.685696389,3,37.3,22.3,37.5,22.0,2025-01-22T03:21,2025-01-22T15:20,43163.59,41470.31,,,0.0,0.0,0.0,0.0,0.0,,23.68,7.6,58,15.1,7.6,48,0.0,1010.6,974.1,,18.1,0.143,32.3,10906X0039/C2-1
2944,2025-01-23,2.685378283,42.685696389,3,37.1,23.2,35.6,22.7,2025-01-23T03:21,2025-01-23T15:20,43168.94,40008.88,,,0.0,0.0,0.0,0.0,0.0,,25.3,8.69,30,12.2,8.69,39,0.0,1009.8,973.3,,18.7,0.143,32.4,10906X0039/C2-1
2945,2025-01-24,2.685378283,42.685696389,0,37.6,23.0,35.8,22.1,2025-01-24T03:21,2025-01-24T15:21,43174.4,41474.22,,,0.0,0.0,0.0,0.0,0.0,,25.95,8.69,2,11.7,8.69,39,0.0,1008.9,972.5,,19.3,0.143,32.4,10906X0039/C2-1
2946,2025-01-25,2.685378283,42.685696389,3,37.2,22.0,36.6,21.8,2025-01-25T03:21,2025-01-25T15:21,43179.94,41475.42,,,0.0,0.0,0.0,0.0,0.0,,25.69,8.25,22,12.9,8.25,41,0.0,1008.9,972.5,,17.1,0.143,32.5,10906X0039/C2-1
2947,2025-01-26,2.685378283,42.685696389,3,36.9,22.3,36.4,21.7,2025-01-26T03:21,2025-01-26T15:21,43185.58,41233.26,,,0.0,0.0,0.0,0.0,0.0,,25.51,7.51,11,12.7,7.51,41,0.0,1009.5,973.0,,13.9,0.143,32.6,10906X0039/C2-1
2948,2025-01-27,2.685378283,42.685696389,3,37.5,22.3,37.9,22.1,2025-01-27T03:22,2025-01-27T15:21,43191.3,41233.74,,,0.0,0.0,0.0,0.0,0.0,,25.18,7.54,20,15.0,7.54,46,0.0,1009.0,972.6,,15.4,0.143,32.7,10906X0039/C2-1
2949,2025-01-28,2.685378283,42.685696389,0,37.7,22.7,39.0,22.6,2025-01-28T03:22,2025-01-28T15:22,43197.18,41233.76,,,0.0,0.0,0.0,0.0,0.0,,25.0,7.67,2,14.9,7.67,45,0.0,1008.9,972.5,,15.7,0.143,32.8,10906X0039/C2-1
2950,2025-01-29,2.685378283,42.685696389,0,37.9,23.1,37.5,22.9,2025-01-29T03:22,2025-01-29T15:22,43203.21,41233.23,,,0.0,0.0,0.0,0.0,0.0,,25.19,8.4,1,13.2,8.4,39,0.0,1009.5,973.1,,16.2,0.143,32.9,10906X0039/C2-1
2951,2025-01-30,2.685378283,42.685696389,0,37.6,22.8,37.0,21.6,2025-01-30T03:22,2025-01-30T15:22,43209.4,41232.23,,,0.0,0.0,0.0,0.0,0.0,,25.7,8.38,1,14.1,8.38,42,0.0,1009.8,973.4,,17.9,0.143,32.9,10906X0039/C2-1
2952,2025-01-31,2.685378283,42.685696389,0,37.2,22.6,36.3,22.9,2025-01-31T03:22,2025-01-31T15:22,43215.72,40989.76,,,0.0,0.0,0.0,0.0,0.0,,25.73,8.51,0,13.0,8.51,41,0.0,1009.3,972.9,,17.4,0.143,33.0,10906X0039/C2-1
2953,2025-02-01,2.685378283,42.685696389,3,37.1,23.1,35.0,21.3,2025-02-01T03:22,2025-02-01T15:22,43222.17,41228.86,,,0.0,0.0,0.0,0.0,0.0,,26.16,9.06,48,10.0,9.06,34,0.0,1009.4,973.0,,18.8,0.143,33.0,10906X0039/C2-1
2954,2025-02-02,2.685378283,42.685696389,3,37.2,22.3,35.4,21.0,2025-02-02T03:22,2025-02-02T15:23,43228.75,41226.52,,,0.0,0.0,0.0,0.0,0.0,,26.1,8.84,55,10.9,8.84,34,0.0,1008.9,972.5,,17.2,0.143,32.9,10906X0039/C2-1
2955,2025-02-03,2.685378283,42.685696389,3,36.4,22.2,34.1,21.4,2025-02-03T03:22,2025-02-03T15:23,43235.44,41223.8,,,0.0,0.0,0.0,0.0,0.0,,26.19,9.39,58,10.5,9.39,34,0.0,1009.2,972.8,,20.1,0.143,32.9,10906X0039/C2-1
2956,2025-02-04,2.685378283,42.685696389,3,35.8,22.2,33.1,19.8,2025-02-04T03:22,2025-02-04T15:23,43242.25,41220.64,,,0.0,0.0,0.0,0.0,0.0,,26.54,8.8,65,10.7,8.8,35,0.0,1010.5,973.9,,19.1,0.143,32.8,10906X0039/C2-1
2957,2025-02-05,2.685378283,42.685696389,3,36.6,23.2,36.2,22.4,2025-02-05T03:22,2025-02-05T15:23,43249.15,40977.99,,,0.0,0.0,0.0,0.0,0.0,,25.89,8.16,82,14.4,8.16,43,0.0,1009.4,973.0,,17.5,0.143,32.9,10906X0039/C2-1
2958,2025-02-06,2.685378283,42.685696389,3,37.6,22.9,38.3,22.8,2025-02-06T03:22,2025-02-06T15:23,43256.15,40974.47,,,0.0,0.0,0.0,0.0,0.0,,25.83,7.97,49,16.0,7.97,49,0.0,1008.5,972.1,,18.6,0.143,33.0,10906X0039/C2-1
2959,2025-02-07,2.685378283,42.685696389,3,37.6,22.6,38.6,23.2,2025-02-07T03:22,2025-02-07T15:23,43263.24,40970.61,,,0.0,0.0,0.0,0.0,0.0,,24.62,7.39,42,16.3,7.39,50,0.0,1009.4,973.0,,15.9,0.143,33.2,10906X0039/C2-1
2960,2025-02-08,2.685378283,42.685696389,3,36.8,22.9,39.0,24.8,2025-02-08T03:22,2025-02-08T15:23,43270.4,40490.33,,,0.0,0.0,0.0,0.0,0.0,,24.32,6.41,55,17.5,6.41,53,0.0,1010.0,973.6,,12.6,0.143,33.3,10906X0039/C2-1
2961,2025-02-09,2.685378283,42.685696389,3,38.4,23.4,39.4,24.2,2025-02-09T03:22,2025-02-09T15:23,43277.64,40961.89,,,0.0,0.0,0.0,0.0,0.0,,24.1,6.53,69,16.4,6.53,50,0.0,1009.1,972.7,,13.0,0.143,33.5,10906X0039/C2-1
2962,2025-02-10,2.685378283,42.685696389,3,38.0,22.6,39.4,24.1,2025-02-10T03:22,2025-02-10T15:24,43284.93,40957.07,,,0.0,0.0,0.0,0.0,0.0,,24.74,7.58,36,17.4,7.58,52,0.0,1008.2,971.9,,16.8,0.143,33.5,10906X0039/C2-1
2963,2025-02-11,2.685378283,42.685696389,53,37.7,24.1,37.8,25.0,2025-02-11T03:22,2025-02-11T15:24,43292.29,40951.96,,,1.4,0.0,0.0,1.4,4.0,,24.96,7.64,59,18.7,7.64,56,0.0,1009.5,973.0,,19.1,0.143,33.5,10906X0039/C2-1
2964,2025-02-12,2.685378283,42.685696389,51,36.0,24.6,36.8,25.5,2025-02-12T03:22,2025-02-12T15:24,43299.7,40709.91,,,0.2,0.0,0.0,0.2,2.0,,24.45,7.93,93,17.5,7.93,51,0.0,1010.7,974.2,,19.8,0.143,33.3,10906X0039/C2-1
2965,2025-02-13,2.685378283,42.685696389,3,36.9,23.6,36.0,22.4,2025-02-13T03:22,2025-02-13T15:24,43307.15,40940.92,,,0.0,0.0,0.0,0.0,0.0,,26.51,8.82,60,13.8,8.82,42,0.0,1011.0,974.5,,20.4,0.143,33.3,10906X0039/C2-1
2966,2025-02-14,2.685378283,42.685696389,3,37.7,22.9,38.0,22.4,2025-02-14T03:22,2025-02-14T15:24,43314.64,40934.99,,,0.0,0.0,0.0,0.0,0.0,,24.11,7.78,82,15.6,7.78,46,0.0,1010.4,974.0,,17.1,0.143,33.3,10906X0039/C2-1
2967,2025-02-15,2.685378283,42.685696389,3,38.0,22.7,39.7,24.4,2025-02-15T03:22,2025-02-15T15:24,43322.15,40928.83,,,0.0,0.0,0.0,0.0,0.0,,25.08,7.2,49,16.6,7.2,51,0.0,1010.3,973.8,,15.1,0.143,33.4,10906X0039/C2-1
2968,2025-02-16,2.685378283,42.685696389,3,39.2,22.3,39.6,23.8,2025-02-16T03:22,2025-02-16T15:24,43329.7,41157.81,,,0.0,0.0,0.0,0.0,0.0,,26.46,7.79,46,15.7,7.79,50,0.0,1008.9,972.5,,15.6,0.143,33.4,10906X0039/C2-1
2969,2025-02-17,2.685378283,42.685696389,3,37.6,22.2,36.7,22.1,2025-02-17T03:22,2025-02-17T15:24,43337.35,41150.72,,,0.0,0.0,0.0,0.0,0.0,,27.03,8.55,12,14.1,8.55,46,0.0,1009.9,973.4,,19.7,0.143,33.3,10906X0039/C2-1
2970,2025-02-18,2.685378283,42.685696389,3,37.5,21.9,36.6,20.8,2025-02-18T03:21,2025-02-18T15:24,43345.11,41143.2,,,0.0,0.0,0.0,0.0,0.0,,27.19,8.72,77,13.2,8.72,44,0.0,1010.5,974.0,,19.9,0.143,33.2,10906X0039/C2-1
2971,2025-02-19,2.685378283,42.685696389,3,38.2,22.3,37.9,23.6,2025-02-19T03:21,2025-02-19T15:24,43352.97,41135.27,,,0.0,0.0,0.0,0.0,0.0,,26.46,8.36,35,13.3,8.36,41,0.0,1010.0,973.7,,15.1,0.143,33.3,10906X0039/C2-1
2972,2025-02-20,2.685378283,42.685696389,3,38.9,23.3,38.5,22.6,2025-02-20T03:21,2025-02-20T15:24,43360.91,41361.15,,,0.0,0.0,0.0,0.0,0.0,,26.94,8.97,22,13.6,8.97,40,0.0,1008.8,972.5,,18.3,0.144,33.5,10906X0039/C2-1
2973,2025-02-21,2.685378283,42.685696389,3,38.9,23.3,38.2,23.2,2025-02-21T03:21,2025-02-21T15:24,43368.95,41352.22,,,0.0,0.0,0.0,0.0,0.0,,26.31,8.75,40,14.6,8.75,45,0.0,1009.4,973.1,,20.1,0.144,33.6,10906X0039/C2-1
2974,2025-02-22,2.685378283,42.685696389,3,38.4,22.7,36.8,24.2,2025-02-22T03:21,2025-02-22T15:24,43377.07,41342.99,,,0.0,0.0,0.0,0.0,0.0,,25.92,8.87,37,15.1,8.87,46,0.0,1010.9,974.4,,20.3,0.143,33.6,10906X0039/C2-1
2975,2025-02-23,2.685378283,42.685696389,3,38.7,24.0,38.0,24.7,2025-02-23T03:20,2025-02-23T15:24,43385.26,41333.45,,,0.0,0.0,0.0,0.0,0.0,,25.12,8.56,42,15.2,8.56,45,0.0,1010.8,974.5,,19.3,0.144,33.6,10906X0039/C2-1
2976,2025-02-24,2.685378283,42.685696389,3,39.2,23.6,37.3,24.4,2025-02-24T03:20,2025-02-24T15:23,43393.51,41323.7,,,0.0,0.0,0.0,0.0,0.0,,27.12,9.31,59,13.2,9.31,41,0.0,1011.2,974.8,,19.6,0.144,33.7,10906X0039/C2-1
2977,2025-02-25,2.685378283,42.685696389,3,38.6,23.7,36.4,23.3,2025-02-25T03:20,2025-02-25T15:23,43401.83,41313.71,,,0.0,0.0,0.0,0.0,0.0,,27.44,9.6,35,12.6,9.6,39,0.0,1010.8,974.4,,21.2,0.144,33.7,10906X0039/C2-1
2978,2025-02-26,2.685378283,42.685696389,2,38.4,24.0,37.4,22.9,2025-02-26T03:20,2025-02-26T15:23,43410.19,41768.85,,,0.0,0.0,0.0,0.0,0.0,,27.4,9.23,21,13.5,9.23,40,0.0,1011.0,974.6,,20.6,0.144,33.8,10906X0039/C2-1
2979,2025-02-27,2.685378283,42.685696389,1,39.6,24.0,38.7,23.1,2025-02-27T03:20,2025-02-27T15:23,43418.6,41525.68,,,0.0,0.0,0.0,0.0,0.0,,26.99,8.98,4,12.8,8.98,40,0.0,1010.9,974.6,,19.0,0.143,33.9,10906X0039/C2-1
2980,2025-02-28,2.685378283,42.685696389,3,39.4,24.1,40.1,25.3,2025-02-28T03:19,2025-02-28T15:23,43427.06,41515.0,,,0.0,0.0,0.0,0.0,0.0,,25.3,8.09,39,16.4,8.09,46,0.0,1010.0,973.7,,15.9,0.143,34.0,10906X0039/C2-1
2981,2025-03-01,2.685378283,42.685696389,3,39.2,24.8,39.6,25.5,2025-03-01T03:19,2025-03-01T15:23,43435.54,41504.27,,,0.0,0.0,0.0,0.0,0.0,,25.52,8.18,32,16.2,8.18,46,0.0,1008.9,972.7,,17.5,0.143,34.2,10906X0039/C2-1
2982,2025-03-02,2.685378283,42.685696389,3,39.3,23.5,39.7,25.0,2025-03-02T03:19,2025-03-02T15:23,43444.05,41493.45,,,0.0,0.0,0.0,0.0,0.0,,26.82,7.83,36,16.2,7.83,49,0.0,1009.4,973.1,,16.2,0.143,34.2,10906X0039/C2-1
2983,2025-03-03,2.685378283,42.685696389,3,37.2,23.7,38.3,25.4,2025-03-03T03:18,2025-03-03T15:23,43452.58,41482.63,,,0.0,0.0,0.0,0.0,0.0,,24.87,7.38,70,17.2,7.38,50,0.0,1009.3,973.0,,15.9,0.143,34.2,10906X0039/C2-1
2984,2025-03-04,2.685378283,42.685696389,3,36.2,23.3,38.0,24.9,2025-03-04T03:18,2025-03-04T15:23,43461.12,41471.8,,,0.0,0.0,0.0,0.0,0.0,,24.38,6.97,63,18.1,6.97,54,0.0,1009.9,973.4,,15.8,0.143,34.1,10906X0039/C2-1
2985,2025-03-05,2.685378283,42.685696389,3,36.7,24.0,38.9,25.6,2025-03-05T03:18,2025-03-05T15:22,43469.67,41460.99,,,0.0,0.0,0.0,0.0,0.0,,24.87,7.18,34,18.9,7.18,56,0.0,1009.9,973.5,,16.3,0.143,34.1,10906X0039/C2-1
2986,2025-03-06,2.685378283,42.685696389,3,36.7,23.9,39.2,25.9,2025-03-06T03:18,2025-03-06T15:22,43478.21,41450.23,,,0.0,0.0,0.0,0.0,0.0,,25.69,7.59,20,18.0,7.59,52,0.0,1010.1,973.7,,16.4,0.143,34.1,10906X0039/C2-1
2987,2025-03-07,2.685378283,42.685696389,51,37.1,23.7,39.9,26.0,2025-03-07T03:17,2025-03-07T15:22,43486.75,41901.52,,,0.2,0.0,0.0,0.2,2.0,,24.63,6.68,54,19.2,6.68,56,0.0,1009.5,973.1,,13.9,0.143,34.2,10906X0039/C2-1
2988,2025-03-08,2.685378283,42.685696389,51,36.1,25.0,39.1,27.0,2025-03-08T03:17,2025-03-08T15:22,43495.29,35837.49,,,0.1,0.0,0.0,0.1,1.0,,19.46,6.07,80,19.6,6.07,57,0.0,1008.1,971.8,,16.1,0.144,34.0,10906X0039/C2-1
2989,2025-03-09,2.685378283,42.685696389,53,38.0,24.4,40.8,26.5,2025-03-09T03:17,2025-03-09T15:22,43503.89,36851.19,,,1.9,0.0,0.0,1.9,5.0,,21.21,6.04,94,20.1,6.04,62,0.0,1008.3,971.9,,15.2,0.143,33.9,10906X0039/C2-1
2990,2025-03-10,2.685378283,42.685696389,51,38.0,24.8,40.7,27.0,2025-03-10T03:16,2025-03-10T15:22,43512.56,37136.49,,,0.3,0.0,0.0,0.3,2.0,,21.58,6.5,93,20.4,6.5,61,0.0,1009.0,972.5,,17.4,0.143,33.9,10906X0039/C2-1
2991,2025-03-11,2.685378283,42.685696389,3,38.3,24.7,39.9,27.9,2025-03-11T03:16,2025-03-11T15:21,43521.29,41165.65,,,0.0,0.0,0.0,0.0,0.0,,24.32,7.52,74,19.2,7.52,55,0.0,1008.8,972.5,,16.2,0.144,34.0,10906X0039/C2-1
2992,2025-03-12,2.685378283,42.685696389,3,37.7,24.6,38.5,27.0,2025-03-12T03:16,2025-03-12T15:21,43530.08,41615.35,,,0.0,0.0,0.0,0.0,0.0,,24.25,7.12,68,18.9,7.12,56,0.0,1009.1,972.7,,16.6,0.144,34.0,10906X0039/C2-1
2993,2025-03-13,2.685378283,42.685696389,3,38.6,24.1,37.8,26.2,2025-03-13T03:15,2025-03-13T15:21,43538.92,41603.82,,,0.0,0.0,0.0,0.0,0.0,,24.98,7.25,33,15.3,7.25,48,0.0,1009.1,972.8,,13.3,0.144,34.1,10906X0039/C2-1
2994,2025-03-14,2.685378283,42.685696389,3,40.7,23.3,39.7,24.3,2025-03-14T03:15,2025-03-14T15:21,43547.8,42063.82,,,0.0,0.0,0.0,0.0,0.0,,27.57,8.7,20,13.7,8.7,43,0.0,1007.5,971.4,,16.4,0.144,34.2,10906X0039/C2-1
2995,2025-03-15,2.685378283,42.685696389,3,38.8,24.4,40.7,26.5,2025-03-15T03:15,2025-03-15T15:21,43556.73,41499.9,,,0.0,0.0,0.0,0.0,0.0,,24.26,7.59,50,18.3,7.59,52,0.0,1009.1,972.8,,16.2,0.146,34.3,10906X0039/C2-1
2996,2025-03-16,2.685378283,42.685696389,63,38.4,24.5,40.2,24.9,2025-03-16T03:14,2025-03-16T15:20,43565.68,34907.56,,,7.6,0.0,0.0,7.6,3.0,,22.96,6.34,67,19.9,6.34,62,0.0,1010.3,973.8,,15.5,0.15,34.1,10906X0039/C2-1
2997,2025-03-17,2.685378283,42.685696389,51,34.6,24.4,38.7,26.5,2025-03-17T03:14,2025-03-17T15:20,43574.67,42129.89,,,0.4,0.0,0.0,0.4,4.0,,22.86,5.78,45,19.7,5.78,57,0.0,1011.0,974.5,,11.0,0.151,33.9,10906X0039/C2-1
2998,2025-03-18,2.685378283,42.685696389,3,36.1,24.9,39.1,27.0,2025-03-18T03:14,2025-03-18T15:20,43583.67,42152.45,,,0.0,0.0,0.0,0.0,0.0,,25.01,7.18,37,19.2,7.18,54,0.0,1009.9,973.6,,14.0,0.149,34.0,10906X0039/C2-1
2999,2025-03-19,2.685378283,42.685696389,51,36.6,24.4,38.5,27.2,2025-03-19T03:13,2025-03-19T15:20,43592.7,41994.4,,,0.2,0.0,0.0,0.2,2.0,,24.21,6.66,54,18.7,6.66,53,0.0,1011.2,974.8,,11.7,0.148,34.1,10906X0039/C2-1
3000,2025-03-20,2.685378283,42.685696389,61,36.2,24.7,39.6,26.6,2025-03-20T03:13,2025-03-20T15:19,43601.73,42197.98,,,3.3,0.0,0.0,3.3,6.0,,22.92,6.14,82,19.5,6.14,57,0.0,1013.1,976.6,,11.3,0.146,34.2,10906X0039/C2-1
3001,2025-03-21,2.685378283,42.685696389,51,35.1,24.1,39.0,26.7,2025-03-21T03:12,2025-03-21T15:19,43610.77,42220.83,,,0.6,0.0,0.0,0.6,4.0,,22.99,6.31,67,19.6,6.31,56,0.0,1012.9,976.4,,11.9,0.14,34.2,10906X0039/C2-1
3002,2025-03-22,2.685378283,42.685696389,3,37.4,24.9,39.6,27.4,2025-03-22T03:12,2025-03-22T15:19,43619.8,42243.66,,,0.0,0.0,0.0,0.0,0.0,,24.73,7.29,30,18.6,7.29,51,0.0,1010.5,974.2,,13.8,0.139,34.4,10906X0039/C2-1
3003,2025-03-23,2.685378283,42.685696389,3,37.7,25.1,39.6,27.5,2025-03-23T03:12,2025-03-23T15:19,43628.82,42266.39,,,0.0,0.0,0.0,0.0,0.0,,25.14,7.65,61,19.6,7.65,55,0.0,1010.3,974.0,,17.7,0.142,34.4,10906X0039/C2-1
3004,2025-03-24,2.685378283,42.685696389,63,36.7,23.5,40.9,26.2,2025-03-24T03:11,2025-03-24T15:19,43637.83,38688.96,,,14.8,0.0,0.0,14.8,12.0,,21.14,5.37,84,21.5,5.37,70,0.0,1012.5,975.7,,12.7,0.148,34.1,10906X0039/C2-1
3005,2025-03-25,2.685378283,42.685696389,65,32.3,23.6,36.2,26.7,2025-03-25T03:11,2025-03-25T15:18,43646.81,26488.34,,,17.9,0.0,0.0,17.9,10.0,,16.65,3.7,94,21.8,3.7,79,0.0,1012.1,975.1,,9.3,0.158,33.2,10906X0039/C2-1
3006,2025-03-26,2.685378283,42.685696389,63,31.2,23.5,34.2,26.5,2025-03-26T03:11,2025-03-26T15:18,43655.77,19102.78,,,6.5,0.0,0.0,6.5,7.0,,12.1,2.9,75,22.0,2.9,78,0.0,1010.3,973.4,,7.9,0.163,32.5,10906X0039/C2-1
3007,2025-03-27,2.685378283,42.685696389,51,34.1,23.5,35.9,26.4,2025-03-27T03:10,2025-03-27T15:18,43664.69,40757.13,,,0.7,0.0,0.0,0.7,5.0,,23.48,5.86,43,20.7,5.86,67,0.0,1009.2,972.6,,13.3,0.167,32.4,10906X0039/C2-1
3008,2025-03-28,2.685378283,42.685696389,51,33.7,23.5,36.7,26.0,2025-03-28T03:10,2025-03-28T15:18,43673.58,42376.49,,,0.3,0.0,0.0,0.3,3.0,,22.35,5.97,76,20.0,5.97,64,0.0,1010.1,973.4,,14.3,0.164,32.4,10906X0039/C2-1
3009,2025-03-29,2.685378283,42.685696389,51,33.5,23.1,37.8,26.3,2025-03-29T03:09,2025-03-29T15:17,43682.51,40276.52,,,0.2,0.0,0.0,0.2,2.0,,24.32,5.71,56,20.4,5.71,65,0.0,1010.1,973.4,,10.3,0.16,32.3,10906X0039/C2-1
3010,2025-03-30,2.685378283,42.685696389,53,33.3,23.8,37.6,26.8,2025-03-30T03:09,2025-03-30T15:17,43691.47,41740.19,,,0.5,0.0,0.0,0.5,1.0,,22.1,5.46,36,21.3,5.46,69,0.0,1010.3,973.6,,14.0,0.16,32.2,10906X0039/C2-1
3011,2025-03-31,2.685378283,42.685696389,2,34.8,23.5,38.5,26.7,2025-03-31T03:09,2025-03-31T15:17,43700.46,42441.42,,,0.0,0.0,0.0,0.0,0.0,,24.59,6.09,15,20.3,6.09,64,0.0,1009.8,973.3,,12.7,0.155,32.1,10906X0039/C2-1
3012,2025-04-01,2.685378283,42.685696389,51,34.5,24.1,39.3,27.5,2025-04-01T03:08,2025-04-01T15:17,43709.48,42463.44,,,0.2,0.0,0.0,0.2,2.0,,24.38,6.05,51,20.5,6.05,61,0.0,1009.3,972.9,,10.5,0.153,32.3,10906X0039/C2-1
3013,2025-04-02,2.685378283,42.685696389,3,36.1,24.8,39.6,27.9,2025-04-02T03:08,2025-04-02T15:17,43718.52,42485.58,,,0.0,0.0,0.0,0.0,0.0,,24.37,6.41,68,20.6,6.41,60,0.0,1009.2,972.8,,13.4,0.152,32.4,10906X0039/C2-1
3014,2025-04-03,2.685378283,42.685696389,3,35.1,24.8,39.2,26.9,2025-04-03T03:08,2025-04-03T15:16,43727.58,42507.75,,,0.0,0.0,0.0,0.0,0.0,,24.05,6.1,51,20.9,6.1,62,0.0,1010.6,974.1,,12.7,0.151,32.4,10906X0039/C2-1
3015,2025-04-04,2.685378283,42.685696389,51,34.5,24.6,39.1,26.9,2025-04-04T03:07,2025-04-04T15:16,43736.64,42529.93,,,0.1,0.0,0.0,0.1,1.0,,21.96,5.51,52,20.8,5.51,64,0.0,1010.5,973.9,,10.2,0.149,32.3,10906X0039/C2-1
3016,2025-04-05,2.685378283,42.685696389,51,35.6,24.4,37.4,27.1,2025-04-05T03:07,2025-04-05T15:16,43745.7,42552.05,,,0.5,0.0,0.0,0.5,3.0,,23.3,6.49,80,19.4,6.49,59,0.0,1010.2,973.7,,13.7,0.142,32.3,10906X0039/C2-1
3017,2025-04-06,2.685378283,42.685696389,51,34.9,24.0,36.4,27.0,2025-04-06T03:06,2025-04-06T15:16,43754.76,42574.05,,,0.1,0.0,0.0,0.1,1.0,,24.84,6.73,74,18.8,6.73,58,0.0,1010.8,974.2,,14.6,0.141,32.2,10906X0039/C2-1
3018,2025-04-07,2.685378283,42.685696389,3,35.0,23.8,38.5,27.3,2025-04-07T03:06,2025-04-07T15:16,43763.81,42595.88,,,0.0,0.0,0.0,0.0,0.0,,24.22,6.12,100,19.3,6.12,57,0.0,1011.5,975.0,,9.9,0.141,32.4,10906X0039/C2-1
3019,2025-04-08,2.685378283,42.685696389,3,35.3,24.8,39.6,27.8,2025-04-08T03:06,2025-04-08T15:15,43772.84,39017.48,,,0.0,0.0,0.0,0.0,0.0,,22.45,6.02,83,20.7,6.02,63,0.0,1012.5,975.9,,13.3,0.137,32.4,10906X0039/C2-1
3020,2025-04-09,2.685378283,42.685696389,53,33.9,23.6,39.1,27.1,2025-04-09T03:05,2025-04-09T15:15,43781.85,36023.23,,,1.8,0.0,0.0,1.8,3.0,,18.69,4.56,64,21.3,4.56,71,0.0,1012.5,975.7,,11.0,0.14,32.2,10906X0039/C2-1
3021,2025-04-10,2.685378283,42.685696389,61,32.3,23.4,37.1,26.5,2025-04-10T03:05,2025-04-10T15:15,43790.83,36036.96,,,1.7,0.0,0.0,1.7,3.0,,19.59,4.74,53,21.2,4.74,70,0.0,1010.8,974.1,,11.1,0.137,31.9,10906X0039/C2-1
3022,2025-04-11,2.685378283,42.685696389,51,33.9,23.0,38.4,26.9,2025-04-11T03:05,2025-04-11T15:15,43799.77,42680.41,,,0.1,0.0,0.0,0.1,1.0,,24.27,5.89,35,21.6,5.89,70,0.0,1009.0,972.3,,12.5,0.138,31.9,10906X0039/C2-1
3023,2025-04-12,2.685378283,42.685696389,51,33.8,23.7,37.2,27.5,2025-04-12T03:04,2025-04-12T15:15,43808.67,42700.58,,,0.4,0.0,0.0,0.4,3.0,,22.78,5.76,60,21.6,5.76,70,0.0,1009.9,973.3,,14.7,0.135,31.9,10906X0039/C2-1
3024,2025-04-13,2.685378283,42.685696389,65,31.6,23.3,33.9,27.3,2025-04-13T03:04,2025-04-13T15:14,43817.51,39670.12,,,14.3,0.0,0.0,14.3,8.0,,16.97,3.99,100,21.7,3.99,78,0.0,1012.5,975.6,,9.3,0.136,31.6,10906X0039/C2-1
3025,2025-04-14,2.685378283,42.685696389,53,32.4,22.5,37.3,26.6,2025-04-14T03:04,2025-04-14T15:14,43826.3,40832.35,,,1.9,0.0,0.0,1.9,7.0,,24.3,5.39,92,21.3,5.39,71,0.0,1012.3,975.4,,6.8,0.146,31.4,10906X0039/C2-1
3026,2025-04-15,2.685378283,42.685696389,63,32.7,24.0,38.0,27.4,2025-04-15T03:03,2025-04-15T15:14,43835.02,37531.03,,,6.4,0.0,0.0,6.4,5.0,,19.72,4.68,67,21.6,4.68,71,0.0,1011.6,974.8,,10.2,0.142,31.4,10906X0039/C2-1
3027,2025-04-16,2.685378283,42.685696389,65,28.8,23.1,33.2,27.1,2025-04-16T03:03,2025-04-16T15:14,43843.67,20608.77,,,21.7,0.0,0.0,21.7,11.0,,13.29,2.76,90,22.1,2.76,83,0.0,1012.8,975.7,,5.9,0.148,30.9,10906X0039/C2-1
3028,2025-04-17,2.685378283,42.685696389,63,31.2,23.3,35.7,27.3,2025-04-17T03:03,2025-04-17T15:14,43852.25,36833.33,,,8.1,0.0,0.0,8.1,6.0,,17.38,3.62,94,22.2,3.62,82,0.0,1012.0,975.0,,7.7,0.153,30.7,10906X0039/C2-1
3029,2025-04-18,2.685378283,42.685696389,63,31.4,23.2,37.5,26.8,2025-04-18T03:03,2025-04-18T15:14,43860.82,37839.45,,,8.5,0.0,0.0,8.5,5.0,,18.99,4.0,98,22.2,4.0,81,0.0,1011.1,974.2,,8.7,0.153,30.6,10906X0039/C2-1
3030,2025-04-19,2.685378283,42.685696389,51,30.7,22.9,35.6,26.7,2025-04-19T03:02,2025-04-19T15:13,43869.39,41047.72,,,0.8,0.0,0.0,0.8,6.0,,20.05,4.25,83,22.0,4.25,80,0.0,1010.8,973.9,,9.0,0.149,30.4,10906X0039/C2-1
3031,2025-04-20,2.685378283,42.685696389,61,30.8,22.9,35.6,26.8,2025-04-20T03:02,2025-04-20T15:13,43877.96,36073.96,,,4.0,0.0,0.0,4.0,6.0,,19.28,4.08,75,22.1,4.08,81,0.0,1010.8,973.8,,8.6,0.15,30.4,10906X0039/C2-1
3032,2025-04-21,2.685378283,42.685696389,63,28.8,22.9,33.2,26.7,2025-04-21T03:02,2025-04-21T15:13,43886.5,34453.73,,,11.2,0.0,0.0,11.2,9.0,,16.53,3.4,98,22.1,3.4,84,0.0,1011.6,974.5,,6.9,0.15,30.2,10906X0039/C2-1
3033,2025-04-22,2.685378283,42.685696389,63,31.2,23.0,35.4,26.8,2025-04-22T03:01,2025-04-22T15:13,43895.03,42441.73,,,11.7,0.0,0.0,11.7,9.0,,19.56,4.27,74,22.0,4.27,80,0.0,1012.0,975.1,,8.5,0.151,30.1,10906X0039/C2-1
3034,2025-04-23,2.685378283,42.685696389,51,32.2,22.9,36.4,26.7,2025-04-23T03:01,2025-04-23T15:13,43903.52,39843.65,,,0.4,0.0,0.0,0.4,3.0,,22.05,5.09,63,21.6,5.09,76,0.0,1012.0,975.1,,10.9,0.146,30.1,10906X0039/C2-1
3035,2025-04-24,2.685378283,42.685696389,55,31.7,22.9,37.5,26.5,2025-04-24T03:01,2025-04-24T15:13,43911.98,41746.46,,,1.4,0.0,0.0,1.4,5.0,,21.23,4.5,39,21.6,4.5,78,0.0,1012.0,975.0,,8.3,0.145,30.1,10906X0039/C2-1
3036,2025-04-25,2.685378283,42.685696389,1,31.7,22.4,35.8,25.6,2025-04-25T03:01,2025-04-25T15:13,43920.39,42918.52,,,0.0,0.0,0.0,0.0,0.0,,24.57,5.41,9,21.3,5.41,73,0.0,1011.2,974.4,,11.5,0.144,30.1,10906X0039/C2-1
3037,2025-04-26,2.685378283,42.685696389,51,31.7,23.1,35.3,26.5,2025-04-26T03:00,2025-04-26T15:13,43928.76,42932.56,,,0.3,0.0,0.0,0.3,3.0,,23.34,5.41,48,21.7,5.41,73,0.0,1010.7,973.9,,14.5,0.141,30.2,10906X0039/C2-1
3038,2025-04-27,2.685378283,42.685696389,51,32.4,23.3,36.4,27.1,2025-04-27T03:00,2025-04-27T15:13,43937.06,42946.12,,,0.3,0.0,0.0,0.3,2.0,,24.08,5.36,48,21.7,5.36,72,0.0,1010.5,973.8,,11.0,0.139,30.3,10906X0039/C2-1
3039,2025-04-28,2.685378283,42.685696389,51,32.9,23.7,38.0,27.4,2025-04-28T03:00,2025-04-28T15:12,43945.31,42959.19,,,0.3,0.0,0.0,0.3,3.0,,22.37,5.21,92,21.9,5.21,72,0.0,1009.4,972.7,,11.6,0.133,30.5,10906X0039/C2-1
3040,2025-04-29,2.685378283,42.685696389,51,32.0,23.9,34.7,27.2,2025-04-29T03:00,2025-04-29T15:12,43953.48,33025.95,,,1.0,0.0,0.0,1.0,6.0,,17.21,4.13,87,21.8,4.13,75,0.0,1009.4,972.6,,12.0,0.13,30.4,10906X0039/C2-1
3041,2025-04-30,2.685378283,42.685696389,53,32.3,23.4,35.9,26.8,2025-04-30T03:00,2025-04-30T15:12,43961.57,42983.74,,,1.1,0.0,0.0,1.1,7.0,,22.66,5.17,78,20.9,5.17,69,0.0,1010.1,973.4,,9.0,0.128,30.4,10906X0039/C2-1
3042,2025-05-01,2.685378283,42.685696389,51,34.8,23.1,38.5,27.0,2025-05-01T02:59,2025-05-01T15:12,43969.57,42995.15,,,0.4,0.0,0.0,0.4,2.0,,23.59,5.67,53,20.5,5.67,63,0.0,1009.9,973.4,,7.8,0.128,30.8,10906X0039/C2-1
3043,2025-05-02,2.685378283,42.685696389,55,34.4,24.3,37.3,28.2,2025-05-02T02:59,2025-05-02T15:12,43977.47,42585.85,,,2.8,0.0,0.0,2.8,5.0,,19.0,4.79,74,21.2,4.79,67,0.0,1010.1,973.5,,10.5,0.123,31.0,10906X0039/C2-1
3044,2025-05-03,2.685378283,42.685696389,63,33.1,23.9,36.1,27.8,2025-05-03T02:59,2025-05-03T15:12,43985.28,38012.37,,,8.6,0.0,0.0,8.6,8.0,,18.13,4.31,100,21.9,4.31,75,0.0,1010.7,973.9,,10.5,0.128,30.8,10906X0039/C2-1
3045,2025-05-04,2.685378283,42.685696389,63,29.7,23.4,33.7,27.7,2025-05-04T02:59,2025-05-04T15:12,43992.96,20768.21,,,26.1,0.0,0.0,26.1,14.0,,13.88,2.94,100,22.4,2.94,85,0.0,1011.4,974.3,,8.6,0.147,30.2,10906X0039/C2-1
3046,2025-05-05,2.685378283,42.685696389,63,29.2,22.3,33.3,25.7,2025-05-05T02:59,2025-05-05T15:12,44000.53,22924.8,,,5.9,0.0,0.0,5.9,14.0,,15.07,3.12,96,22.2,3.12,86,0.0,1012.8,975.7,,10.5,0.155,29.7,10906X0039/C2-1
3047,2025-05-06,2.685378283,42.685696389,61,29.4,22.2,33.0,25.2,2025-05-06T02:59,2025-05-06T15:12,44007.96,38863.65,,,4.6,0.0,0.0,4.6,9.0,,18.39,3.74,77,22.0,3.74,85,0.0,1013.1,976.0,,13.2,0.154,29.5,10906X0039/C2-1
3048,2025-05-07,2.685378283,42.685696389,53,29.6,22.3,32.6,24.8,2025-05-07T02:58,2025-05-07T15:12,44015.27,37582.61,,,1.7,0.0,0.0,1.7,10.0,,19.14,4.04,96,21.8,4.04,82,0.0,1012.5,975.4,,17.1,0.156,29.3,10906X0039/C2-1
3049,2025-05-08,2.685378283,42.685696389,53,29.5,22.4,32.1,24.9,2025-05-08T02:58,2025-05-08T15:12,44022.5,33173.06,,,1.9,0.0,0.0,1.9,8.0,,16.69,3.69,92,21.8,3.69,81,0.0,1011.9,974.8,,17.1,0.153,29.2,10906X0039/C2-1
3050,2025-05-09,2.685378283,42.685696389,51,30.0,22.8,34.1,25.6,2025-05-09T02:58,2025-05-09T15:12,44029.67,36714.31,,,0.6,0.0,0.0,0.6,5.0,,17.62,3.98,98,21.8,3.98,80,0.0,1012.5,975.5,,14.6,0.15,29.2,10906X0039/C2-1
3051,2025-05-10,2.685378283,42.685696389,53,30.5,23.3,34.0,26.5,2025-05-10T02:58,2025-05-10T15:12,44036.77,39184.63,,,1.1,0.0,0.0,1.1,4.0,,19.17,4.27,93,22.4,4.27,80,0.0,1013.1,976.1,,14.4,0.147,29.3,10906X0039/C2-1
3052,2025-05-11,2.685378283,42.685696389,51,32.1,22.8,35.4,25.8,2025-05-11T02:58,2025-05-11T15:12,44043.79,43072.38,,,0.5,0.0,0.0,0.5,3.0,,22.27,5.22,26,21.8,5.22,75,0.0,1012.4,975.5,,16.4,0.137,29.4,10906X0039/C2-1
3053,2025-05-12,2.685378283,42.685696389,51,32.3,22.9,34.9,25.9,2025-05-12T02:58,2025-05-12T15:12,44050.71,39600.0,,,0.5,0.0,0.0,0.5,5.0,,22.51,5.4,61,21.8,5.4,75,0.0,1012.3,975.5,,18.5,0.135,29.5,10906X0039/C2-1
3054,2025-05-13,2.685378283,42.685696389,51,30.6,23.5,33.1,26.4,2025-05-13T02:58,2025-05-13T15:12,44057.55,31153.92,,,1.0,0.0,0.0,1.0,6.0,,17.75,4.21,50,22.1,4.21,78,0.0,1012.9,975.9,,18.0,0.133,29.5,10906X0039/C2-1
3055,2025-05-14,2.685378283,42.685696389,51,31.6,23.5,34.2,26.1,2025-05-14T02:58,2025-05-14T15:12,44064.29,37582.65,,,1.2,0.0,0.0,1.2,8.0,,20.05,4.89,55,21.8,4.89,76,0.0,1012.8,975.9,,18.6,0.133,29.5,10906X0039/C2-1
3056,2025-05-15,2.685378283,42.685696389,51,32.0,22.1,34.0,24.7,2025-05-15T02:58,2025-05-15T15:12,44070.91,41510.34,,,0.2,0.0,0.0,0.2,2.0,,20.42,5.13,53,21.0,5.13,73,0.0,1012.3,975.4,,18.8,0.133,29.5,10906X0039/C2-1
3057,2025-05-16,2.685378283,42.685696389,51,32.4,22.6,33.4,24.6,2025-05-16T02:58,2025-05-16T15:12,44077.42,39600.0,,,0.1,0.0,0.0,0.1,1.0,,21.63,5.6,37,20.5,5.6,70,0.0,1011.6,974.8,,19.5,0.129,29.6,10906X0039/C2-1
3058,2025-05-17,2.685378283,42.685696389,51,31.9,23.2,34.4,25.6,2025-05-17T02:58,2025-05-17T15:13,44083.81,32613.39,,,1.1,0.0,0.0,1.1,8.0,,18.63,4.79,79,21.5,4.79,74,0.0,1011.6,974.7,,19.1,0.131,29.5,10906X0039/C2-1
3059,2025-05-18,2.685378283,42.685696389,53,32.1,22.6,35.2,25.3,2025-05-18T02:58,2025-05-18T15:13,44090.07,43088.51,,,1.8,0.0,0.0,1.8,7.0,,20.46,5.1,28,21.4,5.1,72,0.0,1010.8,974.0,,16.3,0.133,29.5,10906X0039/C2-1
3060,2025-05-19,2.685378283,42.685696389,3,33.1,22.6,35.2,25.4,2025-05-19T02:58,2025-05-19T15:13,44096.19,41894.77,,,0.0,0.0,0.0,0.0,0.0,,19.59,5.24,30,20.9,5.24,70,0.0,1010.3,973.5,,18.1,0.128,29.6,10906X0039/C2-1
3061,2025-05-20,2.685378283,42.685696389,51,33.8,23.5,35.6,26.2,2025-05-20T02:58,2025-05-20T15:13,44102.17,36925.54,,,0.5,0.0,0.0,0.5,3.0,,22.04,6.02,45,20.9,6.02,67,0.0,1010.2,973.6,,19.0,0.127,29.7,10906X0039/C2-1
3062,2025-05-21,2.685378283,42.685696389,51,34.0,23.3,35.9,26.2,2025-05-21T02:58,2025-05-21T15:13,44107.99,43087.08,,,0.2,0.0,0.0,0.2,2.0,,22.07,6.04,75,21.3,6.04,68,0.0,1011.2,974.6,,19.5,0.127,29.9,10906X0039/C2-1
3063,2025-05-22,2.685378283,42.685696389,53,33.3,23.6,35.3,26.3,2025-05-22T02:58,2025-05-22T15:13,44113.65,33321.14,,,1.5,0.0,0.0,1.5,7.0,,19.3,5.33,92,21.5,5.33,71,0.0,1012.5,975.7,,20.4,0.126,29.9,10906X0039/C2-1
3064,2025-05-23,2.685378283,42.685696389,51,33.8,22.9,33.5,24.6,2025-05-23T02:58,2025-05-23T15:13,44119.15,43083.59,,,0.3,0.0,0.0,0.3,2.0,,21.42,6.4,95,19.7,6.4,64,0.0,1012.4,975.6,,23.0,0.125,29.9,10906X0039/C2-1
3065,2025-05-24,2.685378283,42.685696389,51,32.3,22.5,32.3,23.4,2025-05-24T02:58,2025-05-24T15:13,44124.47,43009.86,,,0.2,0.0,0.0,0.2,2.0,,20.37,6.17,92,19.6,6.17,65,0.0,1012.3,975.4,,24.8,0.123,29.9,10906X0039/C2-1
3066,2025-05-25,2.685378283,42.685696389,51,32.7,23.1,32.9,24.3,2025-05-25T02:58,2025-05-25T15:13,44129.6,39600.0,,,0.8,0.0,0.0,0.8,8.0,,21.72,6.11,70,20.0,6.11,66,0.0,1013.5,976.6,,23.5,0.123,30.0,10906X0039/C2-1
3067,2025-05-26,2.685378283,42.685696389,3,32.8,22.5,34.3,24.9,2025-05-26T02:58,2025-05-26T15:14,44134.55,43074.73,,,0.0,0.0,0.0,0.0,0.0,,21.86,5.93,84,20.2,5.93,67,0.0,1014.4,977.5,,19.5,0.122,30.0,10906X0039/C2-1
3068,2025-05-27,2.685378283,42.685696389,51,31.6,23.5,33.1,25.4,2025-05-27T02:58,2025-05-27T15:14,44139.3,38845.12,,,2.2,0.0,0.0,2.2,12.0,,18.94,5.21,98,21.0,5.21,71,0.0,1014.6,977.7,,22.3,0.121,30.0,10906X0039/C2-1
3069,2025-05-28,2.685378283,42.685696389,51,32.8,23.1,33.2,24.9,2025-05-28T02:58,2025-05-28T15:14,44143.9,43066.26,,,0.1,0.0,0.0,0.1,1.0,,21.92,6.44,63,19.3,6.44,63,0.0,1015.4,978.5,,22.3,0.12,30.1,10906X0039/C2-1
3070,2025-05-29,2.685378283,42.685696389,51,32.4,22.6,32.4,23.8,2025-05-29T02:58,2025-05-29T15:14,44148.34,43060.86,,,0.6,0.0,0.0,0.6,6.0,,20.66,6.29,86,18.7,6.29,62,0.0,1015.8,978.8,,22.3,0.119,30.1,10906X0039/C2-1
3071,2025-05-30,2.685378283,42.685696389,3,32.7,22.3,33.1,24.2,2025-05-30T02:58,2025-05-30T15:14,44152.64,42487.0,,,0.0,0.0,0.0,0.0,0.0,,19.61,6.03,92,18.9,6.03,62,0.0,1014.9,978.0,,21.1,0.119,30.1,10906X0039/C2-1
3072,2025-05-31,2.685378283,42.685696389,51,32.2,22.7,32.8,24.7,2025-05-31T02:58,2025-05-31T15:14,44156.78,37540.56,,,0.8,0.0,0.0,0.8,8.0,,20.78,5.78,92,19.9,5.78,67,0.0,1015.1,978.1,,20.7,0.118,30.1,10906X0039/C2-1
3073,2025-06-01,2.685378283,42.685696389,53,33.0,22.2,34.1,24.8,2025-06-01T02:59,2025-06-01T15:15,44160.75,43040.33,,,1.0,0.0,0.0,1.0,5.0,,20.88,5.7,96,19.8,5.7,67,0.0,1015.7,978.7,,18.2,0.116,30.1,10906X0039/C2-1
3074,2025-06-02,2.685378283,42.685696389,51,32.8,22.5,32.7,24.0,2025-06-02T02:59,2025-06-02T15:15,44164.56,42112.63,,,0.1,0.0,0.0,0.1,1.0,,20.61,6.19,52,18.5,6.19,61,0.0,1014.3,977.4,,20.6,0.116,30.1,10906X0039/C2-1
3075,2025-06-03,2.685378283,42.685696389,3,33.3,22.4,33.3,23.7,2025-06-03T02:59,2025-06-03T15:15,44168.2,40277.57,,,0.0,0.0,0.0,0.0,0.0,,19.82,6.49,89,18.2,6.49,58,0.0,1013.4,976.6,,21.1,0.115,30.2,10906X0039/C2-1
3076,2025-06-04,2.685378283,42.685696389,51,33.3,22.9,34.2,24.6,2025-06-04T02:59,2025-06-04T15:15,44171.66,40164.79,,,0.3,0.0,0.0,0.3,2.0,,19.93,6.03,93,19.4,6.03,62,0.0,1013.3,976.5,,19.9,0.112,30.3,10906X0039/C2-1
3077,2025-06-05,2.685378283,42.685696389,51,31.4,23.3,32.5,24.6,2025-06-05T02:59,2025-06-05T15:15,44174.95,21600.0,,,0.8,0.0,0.0,0.8,6.0,,14.19,4.57,85,20.0,4.57,68,0.0,1014.7,977.8,,19.4,0.111,30.2,10906X0039/C2-1
3078,2025-06-06,2.685378283,42.685696389,51,32.4,22.7,33.6,24.3,2025-06-06T02:59,2025-06-06T15:16,44178.05,34168.45,,,0.7,0.0,0.0,0.7,5.0,,18.0,5.45,77,19.2,5.45,65,0.0,1015.3,978.3,,20.5,0.111,30.1,10906X0039/C2-1
3079,2025-06-07,2.685378283,42.685696389,3,32.0,22.3,33.0,23.9,2025-06-07T03:00,2025-06-07T15:16,44180.96,42984.45,,,0.0,0.0,0.0,0.0,0.0,,19.66,5.6,38,19.5,5.6,67,0.0,1015.0,978.0,,20.6,0.111,30.0,10906X0039/C2-1
3080,2025-06-08,2.685378283,42.685696389,51,32.7,22.6,33.1,25.0,2025-06-08T03:00,2025-06-08T15:16,44183.69,40911.7,,,0.1,0.0,0.0,0.1,1.0,,20.12,5.7,40,20.1,5.7,68,0.0,1014.3,977.4,,20.2,0.11,30.1,10906X0039/C2-1
3081,2025-06-09,2.685378283,42.685696389,51,32.0,22.4,32.8,24.8,2025-06-09T03:00,2025-06-09T15:16,44186.21,42700.74,,,0.4,0.0,0.0,0.4,3.0,,17.46,4.9,73,20.3,4.9,70,0.0,1014.2,977.3,,19.4,0.111,30.0,10906X0039/C2-1
3082,2025-06-10,2.685378283,42.685696389,51,31.5,22.6,32.1,23.8,2025-06-10T03:00,2025-06-10T15:17,44188.54,39668.26,,,1.4,0.0,0.0,1.4,9.0,,18.29,5.08,41,20.0,5.08,70,0.0,1013.4,976.4,,21.0,0.112,29.9,10906X0039/C2-1
3083,2025-06-11,2.685378283,42.685696389,51,32.2,21.7,31.5,23.5,2025-06-11T03:00,2025-06-11T15:17,44190.66,34461.92,,,0.3,0.0,0.0,0.3,3.0,,19.36,5.94,65,18.9,5.94,64,0.0,1012.9,976.0,,22.0,0.11,29.8,10906X0039/C2-1
3084,2025-06-12,2.685378283,42.685696389,53,30.1,22.9,30.4,23.4,2025-06-12T03:00,2025-06-12T15:17,44192.57,32134.3,,,1.9,0.0,0.0,1.9,11.0,,14.62,4.19,78,20.4,4.19,74,0.0,1013.2,976.1,,22.5,0.11,29.7,10906X0039/C2-1
3085,2025-06-13,2.685378283,42.685696389,51,30.3,22.1,28.8,22.6,2025-06-13T03:01,2025-06-13T15:17,44194.27,35084.16,,,0.5,0.0,0.0,0.5,3.0,,16.53,5.67,75,17.6,5.67,61,0.0,1014.6,977.5,,24.4,0.111,29.5,10906X0039/C2-1
3086,2025-06-14,2.685378283,42.685696389,51,31.4,21.6,29.8,22.3,2025-06-14T03:01,2025-06-14T15:17,44195.76,42906.96,,,0.8,0.0,0.0,0.8,6.0,,20.76,6.49,48,17.8,6.49,61,0.0,1015.2,978.1,,26.0,0.111,29.5,10906X0039/C2-1
3087,2025-06-15,2.685378283,42.685696389,51,31.6,22.0,30.4,22.6,2025-06-15T03:01,2025-06-15T15:18,44197.02,40497.14,,,0.4,0.0,0.0,0.4,1.0,,19.41,6.41,54,17.1,6.41,58,0.0,1015.1,978.1,,24.7,0.111,29.5,10906X0039/C2-1
3088,2025-06-16,2.685378283,42.685696389,51,31.5,21.6,31.2,21.9,2025-06-16T03:01,2025-06-16T15:18,44198.06,35120.67,,,1.0,0.0,0.0,1.0,8.0,,18.37,5.38,50,19.0,5.38,69,0.0,1014.7,977.6,,24.4,0.109,29.5,10906X0039/C2-1
3089,2025-06-17,2.685378283,42.685696389,51,30.5,21.9,29.6,22.4,2025-06-17T03:01,2025-06-17T15:18,44198.89,36000.0,,,1.1,0.0,0.0,1.1,7.0,,16.82,4.79,64,19.4,4.79,72,0.0,1015.1,977.9,,24.5,0.108,29.3,10906X0039/C2-1
3090,2025-06-18,2.685378283,42.685696389,51,31.2,22.4,31.0,23.1,2025-06-18T03:02,2025-06-18T15:18,44199.51,28582.84,,,0.5,0.0,0.0,0.5,4.0,,17.02,5.08,86,19.1,5.08,68,0.0,1014.8,977.7,,21.8,0.108,29.3,10906X0039/C2-1
3091,2025-06-19,2.685378283,42.685696389,3,32.9,21.5,31.7,23.2,2025-06-19T03:02,2025-06-19T15:18,44199.92,42240.03,,,0.0,0.0,0.0,0.0,0.0,,21.8,6.62,92,17.4,6.62,59,0.0,1014.7,977.8,,21.6,0.108,29.4,10906X0039/C2-1
3092,2025-06-20,2.685378283,42.685696389,3,32.6,21.9,31.4,23.6,2025-06-20T03:02,2025-06-20T15:19,44200.12,40741.4,,,0.0,0.0,0.0,0.0,0.0,,22.07,6.36,94,17.9,6.36,61,0.0,1014.5,977.6,,20.5,0.11,29.6,10906X0039/C2-1
3093,2025-06-21,2.685378283,42.685696389,3,33.2,21.0,31.8,23.0,2025-06-21T03:02,2025-06-21T15:19,44200.1,42823.13,,,0.0,0.0,0.0,0.0,0.0,,23.05,6.79,42,17.4,6.79,60,0.0,1014.0,977.1,,21.0,0.111,29.6,10906X0039/C2-1
3094,2025-06-22,2.685378283,42.685696389,3,33.8,21.4,32.8,22.1,2025-06-22T03:02,2025-06-22T15:19,44199.89,38465.99,,,0.0,0.0,0.0,0.0,0.0,,21.98,7.11,20,17.2,7.11,57,0.0,1013.8,976.9,,23.4,0.11,29.7,10906X0039/C2-1
3095,2025-06-23,2.685378283,42.685696389,3,31.2,21.8,29.8,21.8,2025-06-23T03:03,2025-06-23T15:19,44199.46,38772.54,,,0.0,0.0,0.0,0.0,0.0,,15.47,5.67,44,17.2,5.67,58,0.0,1014.3,977.3,,22.7,0.11,29.6,10906X0039/C2-1
3096,2025-06-24,2.685378283,42.685696389,53,32.7,21.3,32.3,22.9,2025-06-24T03:03,2025-06-24T15:20,44198.83,40773.22,,,1.9,0.0,0.0,1.9,6.0,,19.36,5.62,56,18.5,5.62,65,0.0,1014.3,977.3,,19.6,0.109,29.6,10906X0039/C2-1
3097,2025-06-25,2.685378283,42.685696389,53,30.5,22.5,31.6,23.6,2025-06-25T03:03,2025-06-25T15:20,44198.0,38091.18,,,2.9,0.0,0.0,2.9,8.0,,17.37,4.84,58,19.6,4.84,69,0.0,1014.2,977.2,,18.2,0.107,29.6,10906X0039/C2-1
3098,2025-06-26,2.685378283,42.685696389,51,31.8,21.5,30.8,23.5,2025-06-26T03:03,2025-06-26T15:20,44196.98,36824.71,,,0.1,0.0,0.0,0.1,1.0,,16.02,5.39,66,17.8,5.39,62,0.0,1014.1,977.1,,19.8,0.105,29.5,10906X0039/C2-1
3099,2025-06-27,2.685378283,42.685696389,51,30.9,22.2,29.7,23.8,2025-06-27T03:04,2025-06-27T15:20,44195.74,30775.43,,,0.6,0.0,0.0,0.6,5.0,,14.08,4.87,83,18.6,4.87,65,0.0,1013.9,976.9,,20.4,0.105,29.4,10906X0039/C2-1
3100,2025-06-28,2.685378283,42.685696389,3,33.7,21.3,31.7,22.0,2025-06-28T03:04,2025-06-28T15:20,44194.31,34079.07,,,0.0,0.0,0.0,0.0,0.0,,20.87,7.0,79,16.6,7.0,56,0.0,1013.8,976.9,,23.3,0.108,29.5,10906X0039/C2-1
3101,2025-06-29,2.685378283,42.685696389,3,31.3,21.5,29.1,22.1,2025-06-29T03:04,2025-06-29T15:21,44192.7,31070.04,,,0.0,0.0,0.0,0.0,0.0,,17.14,6.09,88,17.5,6.09,60,0.0,1013.8,976.8,,24.9,0.111,29.5,10906X0039/C2-1
3102,2025-06-30,2.685378283,42.685696389,53,32.2,21.7,31.1,22.8,2025-06-30T03:04,2025-06-30T15:21,44190.89,42283.72,,,1.4,0.0,0.0,1.4,7.0,,22.34,6.2,38,18.5,6.2,65,0.0,1014.2,977.1,,22.2,0.111,29.5,10906X0039/C2-1
3103,2025-07-01,2.685378283,42.685696389,51,30.5,22.0,30.6,22.8,2025-07-01T03:04,2025-07-01T15:21,44188.87,39703.29,,,1.8,0.0,0.0,1.8,11.0,,18.82,5.01,84,19.4,5.01,72,0.0,1015.2,978.0,,23.4,0.113,29.3,10906X0039/C2-1
3104,2025-07-02,2.685378283,42.685696389,51,30.5,22.2,30.2,23.2,2025-07-02T03:05,2025-07-02T15:21,44186.68,24100.22,,,1.0,0.0,0.0,1.0,6.0,,15.74,4.84,83,18.8,4.84,69,0.0,1015.5,978.3,,22.0,0.114,29.2,10906X0039/C2-1
3105,2025-07-03,2.685378283,42.685696389,51,31.5,21.9,29.9,23.2,2025-07-03T03:05,2025-07-03T15:21,44184.3,26784.44,,,0.1,0.0,0.0,0.1,1.0,,16.79,5.53,97,17.9,5.53,63,0.0,1015.2,978.1,,21.9,0.114,29.1,10906X0039/C2-1
3106,2025-07-04,2.685378283,42.685696389,51,31.2,21.7,29.7,22.9,2025-07-04T03:05,2025-07-04T15:21,44181.73,34160.27,,,0.4,0.0,0.0,0.4,2.0,,17.92,5.61,64,18.2,5.61,65,0.0,1015.2,978.1,,22.5,0.114,29.1,10906X0039/C2-1
3107,2025-07-05,2.685378283,42.685696389,53,31.1,21.6,30.1,23.5,2025-07-05T03:05,2025-07-05T15:22,44178.98,40362.71,,,1.5,0.0,0.0,1.5,9.0,,19.66,5.37,63,18.9,5.37,69,0.0,1015.0,977.9,,21.4,0.115,29.1,10906X0039/C2-1
3108,2025-07-06,2.685378283,42.685696389,51,29.8,21.8,29.0,23.1,2025-07-06T03:05,2025-07-06T15:22,44176.05,33424.63,,,0.5,0.0,0.0,0.5,3.0,,16.24,5.13,76,18.0,5.13,64,0.0,1014.7,977.6,,20.6,0.113,28.9,10906X0039/C2-1
3109,2025-07-07,2.685378283,42.685696389,3,31.2,22.2,29.3,22.9,2025-07-07T03:06,2025-07-07T15:22,44172.9,33600.41,,,0.0,0.0,0.0,0.0,0.0,,14.52,5.38,84,17.4,5.38,60,0.0,1014.9,977.9,,22.0,0.112,28.9,10906X0039/C2-1
3110,2025-07-08,2.685378283,42.685696389,51,31.4,22.0,31.0,22.7,2025-07-08T03:06,2025-07-08T15:22,44169.54,40086.75,,,1.0,0.0,0.0,1.0,6.0,,20.43,6.49,84,17.6,6.49,59,0.0,1015.5,978.5,,23.5,0.112,29.1,10906X0039/C2-1
3111,2025-07-09,2.685378283,42.685696389,3,32.7,22.7,30.6,22.8,2025-07-09T03:06,2025-07-09T15:22,44165.97,33177.33,,,0.0,0.0,0.0,0.0,0.0,,20.57,6.9,53,16.8,6.9,57,0.0,1015.4,978.4,,24.5,0.112,29.2,10906X0039/C2-1
3112,2025-07-10,2.685378283,42.685696389,51,31.8,22.1,31.3,22.7,2025-07-10T03:06,2025-07-10T15:22,44162.2,31777.54,,,0.2,0.0,0.0,0.2,2.0,,17.44,5.72,74,18.3,5.72,64,0.0,1014.6,977.5,,25.6,0.113,29.1,10906X0039/C2-1
3113,2025-07-11,2.685378283,42.685696389,51,31.2,21.9,30.7,22.2,2025-07-11T03:06,2025-07-11T15:22,44158.24,30507.94,,,0.8,0.0,0.0,0.8,6.0,,17.08,5.2,68,18.5,5.2,68,0.0,1015.0,977.8,,24.5,0.113,28.9,10906X0039/C2-1
3114,2025-07-12,2.685378283,42.685696389,3,31.6,21.1,30.3,22.2,2025-07-12T03:06,2025-07-12T15:22,44154.1,34944.2,,,0.0,0.0,0.0,0.0,0.0,,16.93,5.65,52,17.4,5.65,61,0.0,1015.1,978.0,,21.0,0.113,28.9,10906X0039/C2-1
3115,2025-07-13,2.685378283,42.685696389,51,31.8,21.3,31.8,22.6,2025-07-13T03:07,2025-07-13T15:22,44149.77,40358.4,,,0.2,0.0,0.0,0.2,2.0,,19.57,5.76,39,18.9,5.76,67,0.0,1015.9,978.8,,24.1,0.114,28.9,10906X0039/C2-1
3116,2025-07-14,2.685378283,42.685696389,51,32.2,21.9,31.0,22.7,2025-07-14T03:07,2025-07-14T15:22,44145.27,40846.31,,,0.8,0.0,0.0,0.8,7.0,,19.68,6.28,43,17.6,6.28,61,0.0,1016.0,978.9,,23.9,0.114,29.0,10906X0039/C2-1
3117,2025-07-15,2.685378283,42.685696389,51,32.2,21.8,31.6,23.0,2025-07-15T03:07,2025-07-15T15:23,44140.6,39611.5,,,0.3,0.0,0.0,0.3,3.0,,20.72,6.34,57,18.1,6.34,62,0.0,1014.7,977.7,,23.1,0.115,29.1,10906X0039/C2-1
3118,2025-07-16,2.685378283,42.685696389,51,32.4,21.8,31.0,23.0,2025-07-16T03:07,2025-07-16T15:23,44135.77,40848.7,,,0.1,0.0,0.0,0.1,1.0,,21.28,6.7,72,17.6,6.7,60,0.0,1014.5,977.6,,23.6,0.114,29.2,10906X0039/C2-1
3119,2025-07-17,2.685378283,42.685696389,51,32.5,22.0,31.6,23.0,2025-07-17T03:07,2025-07-17T15:23,44130.79,39595.19,,,0.1,0.0,0.0,0.1,1.0,,21.61,6.61,82,17.9,6.61,61,0.0,1015.2,978.2,,23.7,0.115,29.3,10906X0039/C2-1
3120,2025-07-18,2.685378283,42.685696389,3,31.1,22.1,29.0,21.9,2025-07-18T03:07,2025-07-18T15:23,44125.66,25202.82,,,0.0,0.0,0.0,0.0,0.0,,15.87,6.04,75,17.1,6.04,59,0.0,1016.0,978.9,,25.6,0.115,29.2,10906X0039/C2-1
3121,2025-07-19,2.685378283,42.685696389,3,30.9,21.3,27.8,21.9,2025-07-19T03:07,2025-07-19T15:23,44120.39,28687.46,,,0.0,0.0,0.0,0.0,0.0,,14.62,5.71,74,16.9,5.71,59,0.0,1015.2,978.1,,25.3,0.115,29.0,10906X0039/C2-1
3122,2025-07-20,2.685378283,42.685696389,3,31.7,20.9,29.0,20.6,2025-07-20T03:08,2025-07-20T15:23,44114.99,32822.89,,,0.0,0.0,0.0,0.0,0.0,,20.43,6.91,50,15.9,6.91,57,0.0,1013.4,976.4,,26.8,0.115,29.0,10906X0039/C2-1
3123,2025-07-21,2.685378283,42.685696389,3,30.9,20.9,28.0,20.4,2025-07-21T03:08,2025-07-21T15:23,44109.45,27049.73,,,0.0,0.0,0.0,0.0,0.0,,15.28,6.28,92,15.9,6.28,57,0.0,1013.2,976.2,,27.6,0.115,28.9,10906X0039/C2-1
3124,2025-07-22,2.685378283,42.685696389,3,32.1,21.9,29.6,21.2,2025-07-22T03:08,2025-07-22T15:23,44103.79,29250.22,,,0.0,0.0,0.0,0.0,0.0,,17.63,6.92,75,15.5,6.92,53,0.0,1014.5,977.5,,25.8,0.114,28.9,10906X0039/C2-1
3125,2025-07-23,2.685378283,42.685696389,51,31.0,21.7,29.1,21.5,2025-07-23T03:08,2025-07-23T15:23,44098.02,39154.86,,,0.2,0.0,0.0,0.2,2.0,,16.86,5.63,95,17.4,5.63,62,0.0,1015.4,978.2,,24.2,0.115,28.9,10906X0039/C2-1
3126,2025-07-24,2.685378283,42.685696389,51,30.2,20.6,27.3,20.9,2025-07-24T03:08,2025-07-24T15:23,44092.14,33036.27,,,0.2,0.0,0.0,0.2,2.0,,16.81,5.88,73,16.1,5.88,59,0.0,1015.0,977.8,,25.0,0.117,28.8,10906X0039/C2-1
3127,2025-07-25,2.685378283,42.685696389,3,30.2,20.9,27.2,20.3,2025-07-25T03:08,2025-07-25T15:23,44086.15,33894.33,,,0.0,0.0,0.0,0.0,0.0,,14.95,5.85,96,15.8,5.85,57,0.0,1014.8,977.6,,24.7,0.116,28.7,10906X0039/C2-1
3128,2025-07-26,2.685378283,42.685696389,3,32.0,20.6,29.1,20.8,2025-07-26T03:08,2025-07-26T15:23,44080.06,30530.13,,,0.0,0.0,0.0,0.0,0.0,,19.8,6.59,97,15.7,6.59,56,0.0,1015.5,978.4,,23.0,0.116,28.7,10906X0039/C2-1
3129,2025-07-27,2.685378283,42.685696389,3,31.7,20.3,29.4,20.6,2025-07-27T03:08,2025-07-27T15:23,44073.81,29446.57,,,0.0,0.0,0.0,0.0,0.0,,18.5,6.35,94,16.5,6.35,59,0.0,1016.1,979.0,,24.8,0.116,28.7,10906X0039/C2-1
3130,2025-07-28,2.685378283,42.685696389,3,30.8,21.1,28.1,21.2,2025-07-28T03:08,2025-07-28T15:23,44067.4,27396.02,,,0.0,0.0,0.0,0.0,0.0,,14.31,5.83,88,16.6,5.83,59,0.0,1016.7,979.5,,26.8,0.116,28.6,10906X0039/C2-1
3131,2025-07-29,2.685378283,42.685696389,3,32.3,21.0,30.2,21.1,2025-07-29T03:08,2025-07-29T15:22,44060.83,30519.5,,,0.0,0.0,0.0,0.0,0.0,,19.47,6.85,56,16.0,6.85,56,0.0,1016.8,979.7,,25.9,0.115,28.7,10906X0039/C2-1
3132,2025-07-30,2.685378283,42.685696389,51,31.9,21.1,29.3,21.7,2025-07-30T03:08,2025-07-30T15:22,44054.13,38627.87,,,0.1,0.0,0.0,0.1,1.0,,19.67,6.63,59,16.4,6.63,58,0.0,1017.3,980.2,,24.0,0.114,28.8,10906X0039/C2-1
3133,2025-07-31,2.685378283,42.685696389,51,30.1,21.2,28.5,22.1,2025-07-31T03:08,2025-07-31T15:22,44047.29,37491.22,,,1.9,0.0,0.0,1.9,11.0,,17.25,5.49,82,18.1,5.49,66,0.0,1016.6,979.4,,25.2,0.116,28.6,10906X0039/C2-1
3134,2025-08-01,2.685378283,42.685696389,3,31.0,21.2,28.8,21.7,2025-08-01T03:08,2025-08-01T15:22,44040.32,40061.86,,,0.0,0.0,0.0,0.0,0.0,,17.22,5.79,82,17.3,5.79,63,0.0,1015.5,978.4,,25.5,0.119,28.6,10906X0039/C2-1
3135,2025-08-02,2.685378283,42.685696389,3,31.5,20.9,29.9,21.5,2025-08-02T03:08,2025-08-02T15:22,44033.24,30065.97,,,0.0,0.0,0.0,0.0,0.0,,18.31,6.12,98,17.2,6.12,62,0.0,1014.8,977.7,,25.1,0.119,28.5,10906X0039/C2-1
3136,2025-08-03,2.685378283,42.685696389,51,31.4,21.3,28.7,21.6,2025-08-03T03:08,2025-08-03T15:22,44026.04,30978.02,,,0.3,0.0,0.0,0.3,2.0,,18.33,6.67,69,15.8,6.67,55,0.0,1015.3,978.2,,26.0,0.118,28.6,10906X0039/C2-1
3137,2025-08-04,2.685378283,42.685696389,51,32.0,21.8,29.6,20.9,2025-08-04T03:08,2025-08-04T15:22,44018.74,23976.79,,,0.1,0.0,0.0,0.1,1.0,,16.49,6.78,85,15.1,6.78,53,0.0,1015.6,978.5,,27.1,0.117,28.6,10906X0039/C2-1
3138,2025-08-05,2.685378283,42.685696389,3,29.6,21.4,27.0,20.6,2025-08-05T03:08,2025-08-05T15:21,44011.35,4318.33,,,0.0,0.0,0.0,0.0,0.0,,10.99,5.06,77,16.6,5.06,61,0.0,1015.2,978.0,,25.9,0.117,28.4,10906X0039/C2-1
3139,2025-08-06,2.685378283,42.685696389,51,31.3,20.8,30.4,21.5,2025-08-06T03:08,2025-08-06T15:21,44003.87,23014.84,,,0.8,0.0,0.0,0.8,6.0,,16.85,5.57,89,17.6,5.57,64,0.0,1013.7,976.6,,23.6,0.118,28.4,10906X0039/C2-1
3140,2025-08-07,2.685378283,42.685696389,51,30.0,21.6,28.4,22.1,2025-08-07T03:08,2025-08-07T15:21,43996.31,23610.02,,,0.1,0.0,0.0,0.1,1.0,,13.96,5.11,81,17.5,5.11,62,0.0,1012.3,975.3,,22.8,0.12,28.4,10906X0039/C2-1
3141,2025-08-08,2.685378283,42.685696389,3,31.4,20.8,29.2,21.5,2025-08-08T03:08,2025-08-08T15:21,43988.67,31982.94,,,0.0,0.0,0.0,0.0,0.0,,15.51,5.74,95,16.9,5.74,60,0.0,1012.7,975.7,,22.9,0.119,28.4,10906X0039/C2-1
3142,2025-08-09,2.685378283,42.685696389,3,33.4,21.1,32.8,22.1,2025-08-09T03:08,2025-08-09T15:21,43980.98,42215.28,,,0.0,0.0,0.0,0.0,0.0,,24.13,7.16,71,17.4,7.16,59,0.0,1013.7,976.8,,22.6,0.119,28.7,10906X0039/C2-1
3143,2025-08-10,2.685378283,42.685696389,3,32.8,21.6,32.1,21.8,2025-08-10T03:08,2025-08-10T15:21,43973.23,41968.28,,,0.0,0.0,0.0,0.0,0.0,,23.07,7.01,78,17.4,7.01,60,0.0,1013.8,976.8,,24.1,0.118,28.9,10906X0039/C2-1
3144,2025-08-11,2.685378283,42.685696389,51,31.0,20.8,29.4,21.1,2025-08-11T03:08,2025-08-11T15:20,43965.42,40178.49,,,0.2,0.0,0.0,0.2,1.0,,17.2,5.54,41,17.2,5.54,64,0.0,1014.2,977.1,,23.6,0.118,28.8,10906X0039/C2-1
3145,2025-08-12,2.685378283,42.685696389,3,32.1,20.2,31.3,20.7,2025-08-12T03:07,2025-08-12T15:20,43957.56,36162.22,,,0.0,0.0,0.0,0.0,0.0,,20.96,6.58,34,15.7,6.58,56,0.0,1014.1,977.1,,21.0,0.117,28.8,10906X0039/C2-1
3146,2025-08-13,2.685378283,42.685696389,3,33.2,20.3,32.1,21.2,2025-08-13T03:07,2025-08-13T15:20,43949.68,40089.06,,,0.0,0.0,0.0,0.0,0.0,,23.39,6.87,50,16.4,6.87,57,0.0,1014.0,977.0,,20.0,0.117,28.9,10906X0039/C2-1
3147,2025-08-14,2.685378283,42.685696389,51,32.3,21.2,31.7,22.6,2025-08-14T03:07,2025-08-14T15:20,43941.76,38891.0,,,0.3,0.0,0.0,0.3,2.0,,22.24,6.63,58,17.9,6.63,62,0.0,1013.8,976.9,,22.6,0.117,29.0,10906X0039/C2-1
3148,2025-08-15,2.685378283,42.685696389,51,31.9,21.7,31.8,21.6,2025-08-15T03:07,2025-08-15T15:19,43933.8,39138.41,,,0.9,0.0,0.0,0.9,6.0,,21.06,6.24,51,18.2,6.24,63,0.0,1013.2,976.2,,23.6,0.117,29.0,10906X0039/C2-1
3149,2025-08-16,2.685378283,42.685696389,3,33.5,20.8,32.2,21.4,2025-08-16T03:07,2025-08-16T15:19,43925.75,34982.0,,,0.0,0.0,0.0,0.0,0.0,,22.28,7.12,54,16.3,7.12,57,0.0,1012.3,975.4,,23.8,0.117,29.0,10906X0039/C2-1
3150,2025-08-17,2.685378283,42.685696389,3,32.9,21.1,31.2,21.0,2025-08-17T03:07,2025-08-17T15:19,43917.61,31456.22,,,0.0,0.0,0.0,0.0,0.0,,20.41,7.05,77,16.4,7.05,56,0.0,1012.4,975.5,,24.8,0.117,29.1,10906X0039/C2-1
3151,2025-08-18,2.685378283,42.685696389,3,31.7,21.4,29.1,20.7,2025-08-18T03:07,2025-08-18T15:19,43909.38,28281.95,,,0.0,0.0,0.0,0.0,0.0,,17.29,6.99,78,16.0,6.99,55,0.0,1013.9,976.9,,28.8,0.116,29.0,10906X0039/C2-1
3152,2025-08-19,2.685378283,42.685696389,3,31.9,21.5,28.7,21.3,2025-08-19T03:07,2025-08-19T15:18,43901.06,34416.06,,,0.0,0.0,0.0,0.0,0.0,,17.95,7.09,78,15.4,7.09,54,0.0,1014.0,977.0,,27.6,0.115,29.0,10906X0039/C2-1
3153,2025-08-20,2.685378283,42.685696389,3,32.4,21.2,30.6,21.4,2025-08-20T03:06,2025-08-20T15:18,43892.67,36673.47,,,0.0,0.0,0.0,0.0,0.0,,20.73,7.13,76,15.6,7.13,54,0.0,1013.3,976.4,,23.5,0.115,29.1,10906X0039/C2-1
3154,2025-08-21,2.685378283,42.685696389,3,32.7,21.5,30.4,21.5,2025-08-21T03:06,2025-08-21T15:18,43884.21,30059.75,,,0.0,0.0,0.0,0.0,0.0,,18.82,6.76,73,16.1,6.76,56,0.0,1013.3,976.3,,24.9,0.115,29.1,10906X0039/C2-1
3155,2025-08-22,2.685378283,42.685696389,3,31.5,21.4,29.0,21.5,2025-08-22T03:06,2025-08-22T15:17,43875.7,31529.35,,,0.0,0.0,0.0,0.0,0.0,,17.0,6.3,72,16.2,6.3,56,0.0,1013.2,976.2,,23.9,0.115,29.1,10906X0039/C2-1
3156,2025-08-23,2.685378283,42.685696389,3,29.5,21.1,28.0,21.0,2025-08-23T03:06,2025-08-23T15:17,43867.13,10010.45,,,0.0,0.0,0.0,0.0,0.0,,11.25,4.55,96,17.2,4.55,63,0.0,1013.5,976.4,,21.7,0.114,28.9,10906X0039/C2-1
3157,2025-08-24,2.685378283,42.685696389,3,31.6,21.8,31.2,22.9,2025-08-24T03:06,2025-08-24T15:17,43858.51,26993.53,,,0.0,0.0,0.0,0.0,0.0,,14.69,4.92,70,18.6,4.92,64,0.0,1013.9,976.9,,20.0,0.114,29.0,10906X0039/C2-1
3158,2025-08-25,2.685378283,42.685696389,51,31.3,22.0,30.6,23.1,2025-08-25T03:05,2025-08-25T15:16,43849.86,15632.7,,,0.2,0.0,0.0,0.2,2.0,,13.68,4.72,87,18.2,4.72,64,0.0,1014.8,977.7,,20.1,0.113,28.9,10906X0039/C2-1
3159,2025-08-26,2.685378283,42.685696389,51,32.6,21.8,32.8,22.6,2025-08-26T03:05,2025-08-26T15:16,43841.17,33848.93,,,0.8,0.0,0.0,0.8,6.0,,20.73,6.23,49,18.6,6.23,65,0.0,1015.4,978.4,,24.8,0.114,28.9,10906X0039/C2-1
3160,2025-08-27,2.685378283,42.685696389,51,32.7,21.6,32.5,22.0,2025-08-27T03:05,2025-08-27T15:15,43832.47,36131.68,,,0.2,0.0,0.0,0.2,2.0,,20.55,6.38,45,17.7,6.38,62,0.0,1015.0,977.9,,23.0,0.113,29.0,10906X0039/C2-1
3161,2025-08-28,2.685378283,42.685696389,3,31.1,20.8,28.7,21.3,2025-08-28T03:05,2025-08-28T15:15,43823.74,29721.71,,,0.0,0.0,0.0,0.0,0.0,,16.79,6.13,67,16.4,6.13,58,0.0,1014.9,977.8,,23.5,0.112,29.0,10906X0039/C2-1
3162,2025-08-29,2.685378283,42.685696389,51,31.7,21.6,31.8,20.9,2025-08-29T03:04,2025-08-29T15:15,43815.0,38860.71,,,1.5,0.0,0.0,1.5,9.0,,22.4,6.71,50,17.2,6.71,60,0.0,1015.3,978.2,,23.2,0.112,29.1,10906X0039/C2-1
3163,2025-08-30,2.685378283,42.685696389,3,31.1,20.0,28.7,19.7,2025-08-30T03:04,2025-08-30T15:14,43806.25,31122.6,,,0.0,0.0,0.0,0.0,0.0,,18.51,6.32,56,15.4,6.32,57,0.0,1015.7,978.5,,23.3,0.114,29.0,10906X0039/C2-1
3164,2025-08-31,2.685378283,42.685696389,51,32.1,21.3,30.8,21.4,2025-08-31T03:04,2025-08-31T15:14,43797.5,29957.91,,,0.1,0.0,0.0,0.1,1.0,,18.86,6.37,73,16.7,6.37,59,0.0,1015.5,978.4,,24.4,0.114,29.0,10906X0039/C2-1
3165,2025-09-01,2.685378283,42.685696389,53,31.6,21.5,29.6,21.6,2025-09-01T03:04,2025-09-01T15:14,43788.77,34676.85,,,0.9,0.0,0.0,0.9,2.0,,17.0,5.83,91,17.3,5.83,61,0.0,1014.6,977.5,,23.8,0.115,28.9,10906X0039/C2-1
3166,2025-09-02,2.685378283,42.685696389,3,32.8,20.8,30.9,20.9,2025-09-02T03:04,2025-09-02T15:13,43780.04,42752.85,,,0.0,0.0,0.0,0.0,0.0,,25.48,7.79,15,15.5,7.79,54,0.0,1013.5,976.6,,24.0,0.115,29.1,10906X0039/C2-1
3167,2025-09-03,2.685378283,42.685696389,51,32.2,21.4,31.9,21.6,2025-09-03T03:03,2025-09-03T15:13,43771.33,29307.21,,,0.5,0.0,0.0,0.5,4.0,,20.18,6.46,57,17.6,6.46,61,0.0,1013.9,976.9,,25.3,0.114,29.1,10906X0039/C2-1
3168,2025-09-04,2.685378283,42.685696389,3,31.7,21.1,30.2,21.5,2025-09-04T03:03,2025-09-04T15:12,43762.63,36397.86,,,0.0,0.0,0.0,0.0,0.0,,18.59,6.55,74,16.0,6.55,55,0.0,1013.1,976.1,,23.0,0.114,29.1,10906X0039/C2-1
3169,2025-09-05,2.685378283,42.685696389,3,33.3,20.4,31.7,21.2,2025-09-05T03:03,2025-09-05T15:12,43753.89,35984.88,,,0.0,0.0,0.0,0.0,0.0,,22.11,6.99,51,16.0,6.99,56,0.0,1013.3,976.3,,22.0,0.114,29.2,10906X0039/C2-1
3170,2025-09-06,2.685378283,42.685696389,3,33.6,20.4,32.1,21.2,2025-09-06T03:03,2025-09-06T15:12,43745.1,42812.04,,,0.0,0.0,0.0,0.0,0.0,,25.77,7.43,59,16.1,7.43,57,0.0,1013.8,976.9,,21.8,0.114,29.3,10906X0039/C2-1
3171,2025-09-07,2.685378283,42.685696389,51,33.6,21.8,33.2,22.7,2025-09-07T03:02,2025-09-07T15:11,43736.26,40302.83,,,0.1,0.0,0.0,0.1,1.0,,23.69,7.08,60,17.6,7.08,59,0.0,1014.5,977.6,,21.7,0.113,29.5,10906X0039/C2-1
3172,2025-09-08,2.685378283,42.685696389,55,32.5,22.3,33.9,23.8,2025-09-08T03:02,2025-09-08T15:11,43727.38,36485.0,,,2.3,0.0,0.0,2.3,10.0,,22.02,6.21,59,19.3,6.21,65,0.0,1013.6,976.6,,20.0,0.113,29.6,10906X0039/C2-1
3173,2025-09-09,2.685378283,42.685696389,51,33.6,22.5,33.9,23.7,2025-09-09T03:02,2025-09-09T15:10,43718.48,37567.6,,,1.1,0.0,0.0,1.1,8.0,,23.27,6.92,66,18.4,6.92,61,0.0,1013.8,976.9,,22.5,0.113,29.7,10906X0039/C2-1
3174,2025-09-10,2.685378283,42.685696389,51,32.8,21.9,31.0,22.9,2025-09-10T03:01,2025-09-10T15:10,43709.55,36821.06,,,0.1,0.0,0.0,0.1,1.0,,19.18,6.56,81,16.8,6.56,56,0.0,1014.2,977.3,,21.7,0.113,29.7,10906X0039/C2-1
3175,2025-09-11,2.685378283,42.685696389,3,32.6,21.8,30.6,22.6,2025-09-11T03:01,2025-09-11T15:10,43700.6,40616.62,,,0.0,0.0,0.0,0.0,0.0,,19.77,6.9,50,16.9,6.9,57,0.0,1014.1,977.2,,24.2,0.113,29.7,10906X0039/C2-1
3176,2025-09-12,2.685378283,42.685696389,3,34.6,21.4,33.6,22.1,2025-09-12T03:01,2025-09-12T15:09,43691.64,42912.19,,,0.0,0.0,0.0,0.0,0.0,,24.43,7.55,20,17.3,7.55,59,0.0,1013.8,976.9,,24.6,0.112,29.8,10906X0039/C2-1
3177,2025-09-13,2.685378283,42.685696389,3,33.9,21.2,33.5,22.3,2025-09-13T03:01,2025-09-13T15:09,43682.67,34119.36,,,0.0,0.0,0.0,0.0,0.0,,21.66,6.95,51,16.8,6.95,57,0.0,1013.1,976.2,,22.2,0.112,29.9,10906X0039/C2-1
3178,2025-09-14,2.685378283,42.685696389,3,34.1,21.7,33.9,22.3,2025-09-14T03:00,2025-09-14T15:08,43673.7,39600.0,,,0.0,0.0,0.0,0.0,0.0,,25.02,7.61,51,16.0,7.61,54,0.0,1012.5,975.7,,21.5,0.112,30.0,10906X0039/C2-1
3179,2025-09-15,2.685378283,42.685696389,3,35.6,21.0,35.2,21.5,2025-09-15T03:00,2025-09-15T15:08,43664.74,42964.89,,,0.0,0.0,0.0,0.0,0.0,,25.29,7.8,45,16.3,7.8,54,0.0,1011.8,975.0,,22.1,0.111,30.1,10906X0039/C2-1
3180,2025-09-16,2.685378283,42.685696389,1,34.6,21.1,34.1,22.3,2025-09-16T03:00,2025-09-16T15:07,43655.78,42982.49,,,0.0,0.0,0.0,0.0,0.0,,26.39,7.71,4,16.6,7.71,56,0.0,1011.8,975.0,,21.1,0.111,30.2,10906X0039/C2-1
3181,2025-09-17,2.685378283,42.685696389,51,34.1,22.2,35.1,23.5,2025-09-17T02:59,2025-09-17T15:07,43646.85,37871.85,,,0.6,0.0,0.0,0.6,3.0,,21.66,6.7,40,18.8,6.7,60,0.0,1012.0,975.3,,20.3,0.111,30.3,10906X0039/C2-1
3182,2025-09-18,2.685378283,42.685696389,51,34.3,22.5,35.6,24.3,2025-09-18T02:59,2025-09-18T15:06,43637.93,41287.1,,,0.2,0.0,0.0,0.2,2.0,,21.83,6.61,60,19.0,6.61,62,0.0,1012.6,975.8,,20.5,0.111,30.4,10906X0039/C2-1
3183,2025-09-19,2.685378283,42.685696389,51,33.4,21.9,33.6,22.8,2025-09-19T02:59,2025-09-19T15:06,43629.04,43034.57,,,0.4,0.0,0.0,0.4,3.0,,23.03,6.9,100,18.0,6.9,60,0.0,1013.5,976.7,,21.4,0.112,30.4,10906X0039/C2-1
3184,2025-09-20,2.685378283,42.685696389,51,33.6,21.6,31.6,22.8,2025-09-20T02:59,2025-09-20T15:06,43620.19,39600.0,,,0.1,0.0,0.0,0.1,1.0,,21.02,6.61,75,16.8,6.61,57,0.0,1013.7,976.9,,20.0,0.112,30.3,10906X0039/C2-1
3185,2025-09-21,2.685378283,42.685696389,51,33.0,22.4,33.9,24.3,2025-09-21T02:58,2025-09-21T15:05,43611.37,32400.0,,,2.1,0.0,0.0,2.1,10.0,,20.55,5.81,55,19.9,5.81,68,0.0,1013.1,976.2,,21.2,0.113,30.2,10906X0039/C2-1
3186,2025-09-22,2.685378283,42.685696389,51,33.9,22.2,33.8,22.7,2025-09-22T02:58,2025-09-22T15:05,43602.6,43084.46,,,0.1,0.0,0.0,0.1,1.0,,23.82,6.88,65,18.5,6.88,63,0.0,1013.9,977.0,,22.6,0.112,30.2,10906X0039/C2-1
3187,2025-09-23,2.685378283,42.685696389,51,31.2,21.6,30.7,21.7,2025-09-23T02:58,2025-09-23T15:04,43593.88,38793.82,,,0.7,0.0,0.0,0.7,6.0,,19.79,6.14,85,17.5,6.14,61,0.0,1015.3,978.2,,22.2,0.112,30.0,10906X0039/C2-1
3188,2025-09-24,2.685378283,42.685696389,3,33.1,21.1,32.6,21.0,2025-09-24T02:58,2025-09-24T15:04,43585.2,43115.78,,,0.0,0.0,0.0,0.0,0.0,,26.18,7.67,96,15.1,7.67,52,0.0,1014.5,977.6,,20.5,0.11,30.1,10906X0039/C2-1
3189,2025-09-25,2.685378283,42.685696389,2,34.0,20.8,32.4,20.9,2025-09-25T02:57,2025-09-25T15:04,43576.5,43131.17,,,0.0,0.0,0.0,0.0,0.0,,26.32,8.0,28,15.6,8.0,53,0.0,1013.2,976.4,,22.5,0.109,30.2,10906X0039/C2-1
3190,2025-09-26,2.685378283,42.685696389,3,34.3,20.9,33.3,21.5,2025-09-26T02:57,2025-09-26T15:03,43567.78,43146.72,,,0.0,0.0,0.0,0.0,0.0,,26.05,7.76,74,16.5,7.76,55,0.0,1012.9,976.1,,22.3,0.109,30.3,10906X0039/C2-1
3191,2025-09-27,2.685378283,42.685696389,3,34.3,21.1,33.4,22.1,2025-09-27T02:57,2025-09-27T15:03,43559.05,43150.11,,,0.0,0.0,0.0,0.0,0.0,,25.79,7.75,44,16.5,7.75,56,0.0,1012.9,976.0,,23.0,0.109,30.4,10906X0039/C2-1
3192,2025-09-28,2.685378283,42.685696389,3,33.3,21.3,33.6,22.5,2025-09-28T02:56,2025-09-28T15:02,43550.31,43141.27,,,0.0,0.0,0.0,0.0,0.0,,22.78,6.55,27,18.1,6.55,62,0.0,1013.7,976.8,,21.0,0.109,30.4,10906X0039/C2-1
3193,2025-09-29,2.685378283,42.685696389,3,35.2,22.2,35.7,24.3,2025-09-29T02:56,2025-09-29T15:02,43541.57,41437.94,,,0.0,0.0,0.0,0.0,0.0,,25.04,7.41,33,18.0,7.41,58,0.0,1012.0,975.3,,19.8,0.109,30.6,10906X0039/C2-1
3194,2025-09-30,2.685378283,42.685696389,3,35.1,21.8,35.5,23.9,2025-09-30T02:56,2025-09-30T15:02,43532.83,43114.24,,,0.0,0.0,0.0,0.0,0.0,,25.62,7.48,80,17.8,7.48,58,0.0,1011.1,974.4,,19.7,0.109,30.8,10906X0039/C2-1
3195,2025-10-01,2.685378283,42.685696389,3,34.4,21.3,33.8,22.6,2025-10-01T02:56,2025-10-01T15:01,43524.1,43089.94,,,0.0,0.0,0.0,0.0,0.0,,23.44,7.47,93,16.7,7.47,55,0.0,1011.5,974.8,,21.6,0.109,30.7,10906X0039/C2-1
3196,2025-10-02,2.685378283,42.685696389,3,34.4,22.4,34.1,22.5,2025-10-02T02:55,2025-10-02T15:01,43515.39,40381.01,,,0.0,0.0,0.0,0.0,0.0,,25.21,7.72,42,15.9,7.72,52,0.0,1011.0,974.3,,21.3,0.108,30.8,10906X0039/C2-1
3197,2025-10-03,2.685378283,42.685696389,3,33.7,21.8,33.6,22.5,2025-10-03T02:55,2025-10-03T15:00,43506.69,37424.09,,,0.0,0.0,0.0,0.0,0.0,,19.68,6.62,59,16.7,6.62,53,0.0,1012.3,975.6,,19.2,0.108,30.8,10906X0039/C2-1
3198,2025-10-04,2.685378283,42.685696389,3,34.6,22.3,34.9,23.3,2025-10-04T02:55,2025-10-04T15:00,43498.03,35818.46,,,0.0,0.0,0.0,0.0,0.0,,20.96,6.88,67,17.6,6.88,55,0.0,1013.1,976.3,,20.1,0.108,30.9,10906X0039/C2-1
3199,2025-10-05,2.685378283,42.685696389,55,34.8,22.4,35.2,23.6,2025-10-05T02:55,2025-10-05T15:00,43489.39,39395.31,,,2.1,0.0,0.0,2.1,3.0,,22.32,6.81,86,17.7,6.81,57,0.0,1012.6,975.8,,19.7,0.109,30.8,10906X0039/C2-1
3200,2025-10-06,2.685378283,42.685696389,3,31.8,23.0,31.6,23.9,2025-10-06T02:54,2025-10-06T14:59,43480.8,34895.63,,,0.0,0.0,0.0,0.0,0.0,,16.06,5.48,57,17.8,5.48,59,0.0,1013.4,976.5,,18.7,0.109,30.7,10906X0039/C2-1
3201,2025-10-07,2.685378283,42.685696389,51,34.5,22.1,36.3,24.1,2025-10-07T02:54,2025-10-07T14:59,43472.25,41777.37,,,0.2,0.0,0.0,0.2,2.0,,20.65,6.26,69,18.6,6.26,61,0.0,1013.7,976.9,,17.9,0.109,30.8,10906X0039/C2-1
3202,2025-10-08,2.685378283,42.685696389,51,34.7,22.8,36.1,24.8,2025-10-08T02:54,2025-10-08T14:58,43463.75,39899.57,,,0.2,0.0,0.0,0.2,2.0,,22.13,6.21,43,19.0,6.21,64,0.0,1013.8,976.9,,18.0,0.108,30.9,10906X0039/C2-1
3203,2025-10-09,2.685378283,42.685696389,51,34.5,22.0,35.6,24.9,2025-10-09T02:54,2025-10-09T14:58,43455.3,42907.81,,,0.2,0.0,0.0,0.2,2.0,,23.57,6.71,49,18.7,6.71,61,0.0,1014.2,977.4,,17.9,0.108,30.9,10906X0039/C2-1
3204,2025-10-10,2.685378283,42.685696389,51,33.8,22.8,35.1,25.1,2025-10-10T02:54,2025-10-10T14:58,43446.92,39849.53,,,0.4,0.0,0.0,0.4,4.0,,23.49,6.65,67,18.6,6.65,60,0.0,1013.4,976.6,,17.3,0.109,31.0,10906X0039/C2-1
3205,2025-10-11,2.685378283,42.685696389,51,32.9,22.9,35.0,24.4,2025-10-11T02:53,2025-10-11T14:57,43438.6,42616.25,,,0.4,0.0,0.0,0.4,3.0,,20.52,5.93,59,18.8,5.93,63,0.0,1012.1,975.3,,17.9,0.109,30.9,10906X0039/C2-1
3206,2025-10-12,2.685378283,42.685696389,51,27.3,22.1,28.3,23.8,2025-10-12T02:53,2025-10-12T14:57,43430.37,11361.44,,,0.5,0.0,0.0,0.5,2.0,,9.01,2.6,79,19.3,2.6,73,0.0,1012.4,975.3,,11.0,0.11,30.2,10906X0039/C2-1
3207,2025-10-13,2.685378283,42.685696389,51,33.6,21.5,36.1,23.8,2025-10-13T02:53,2025-10-13T14:57,43422.2,42176.56,,,0.1,0.0,0.0,0.1,1.0,,23.86,6.1,66,18.5,6.1,62,0.0,1012.1,975.3,,13.8,0.11,30.2,10906X0039/C2-1
3208,2025-10-14,2.685378283,42.685696389,61,33.0,22.3,34.9,24.8,2025-10-14T02:53,2025-10-14T14:57,43414.11,39214.31,,,2.5,0.0,0.0,2.5,5.0,,17.6,4.87,77,19.1,4.87,64,0.0,1012.1,975.3,,13.9,0.111,30.2,10906X0039/C2-1
3209,2025-10-15,2.685378283,42.685696389,51,32.1,22.2,34.6,24.6,2025-10-15T02:53,2025-10-15T14:56,43406.03,39788.76,,,0.3,0.0,0.0,0.3,1.0,,17.96,4.91,74,19.4,4.91,66,0.0,1011.3,974.5,,15.1,0.105,30.1,10906X0039/C2-1
3210,2025-10-16,2.685378283,42.685696389,53,32.8,22.0,35.1,23.9,2025-10-16T02:53,2025-10-16T14:56,43397.96,35430.11,,,2.3,0.0,0.0,2.3,9.0,,18.29,4.5,78,19.8,4.5,72,0.0,1011.5,974.6,,13.0,0.104,30.0,10906X0039/C2-1
3211,2025-10-17,2.685378283,42.685696389,53,34.0,22.2,37.3,24.7,2025-10-17T02:53,2025-10-17T14:56,43389.9,39165.23,,,1.1,0.0,0.0,1.1,3.0,,21.03,5.27,47,19.9,5.27,70,0.0,1012.6,975.6,,14.2,0.105,29.9,10906X0039/C2-1
3212,2025-10-18,2.685378283,42.685696389,53,32.6,22.4,34.8,24.7,2025-10-18T02:52,2025-10-18T14:55,43381.86,39149.65,,,1.5,0.0,0.0,1.5,3.0,,19.61,4.95,64,20.2,4.95,70,0.0,1013.0,976.1,,15.3,0.106,29.8,10906X0039/C2-1
3213,2025-10-19,2.685378283,42.685696389,3,32.6,22.2,34.5,23.6,2025-10-19T02:52,2025-10-19T14:55,43373.84,39134.53,,,0.0,0.0,0.0,0.0,0.0,,22.28,5.96,35,19.2,5.96,65,0.0,1012.5,975.7,,18.1,0.108,29.8,10906X0039/C2-1
3214,2025-10-20,2.685378283,42.685696389,3,34.1,21.6,35.1,23.5,2025-10-20T02:52,2025-10-20T14:55,43365.85,42719.92,,,0.0,0.0,0.0,0.0,0.0,,24.18,6.43,65,18.1,6.43,60,0.0,1010.9,974.2,,15.7,0.105,29.9,10906X0039/C2-1
3215,2025-10-21,2.685378283,42.685696389,51,33.6,22.2,35.2,23.9,2025-10-21T02:52,2025-10-21T14:55,43357.91,35501.6,,,0.2,0.0,0.0,0.2,2.0,,18.01,5.2,86,18.6,5.2,61,0.0,1011.3,974.6,,15.6,0.103,30.0,10906X0039/C2-1
3216,2025-10-22,2.685378283,42.685696389,3,32.0,22.3,32.2,23.8,2025-10-22T02:52,2025-10-22T14:54,43350.01,28720.59,,,0.0,0.0,0.0,0.0,0.0,,14.95,4.37,56,17.1,4.37,58,0.0,1013.1,976.2,,12.5,0.102,29.8,10906X0039/C2-1
3217,2025-10-23,2.685378283,42.685696389,51,35.7,22.6,38.1,24.2,2025-10-23T02:52,2025-10-23T14:54,43342.16,42662.32,,,0.1,0.0,0.0,0.1,1.0,,24.74,6.48,68,17.4,6.48,54,0.0,1012.3,975.7,,12.5,0.101,30.3,10906X0039/C2-1
3218,2025-10-24,2.685378283,42.685696389,3,35.6,22.6,38.2,24.3,2025-10-24T02:52,2025-10-24T14:54,43334.37,41837.77,,,0.0,0.0,0.0,0.0,0.0,,24.63,6.37,76,17.4,6.37,54,0.0,1012.0,975.4,,12.3,0.101,30.7,10906X0039/C2-1
3219,2025-10-25,2.685378283,42.685696389,3,35.9,22.6,38.1,24.2,2025-10-25T02:52,2025-10-25T14:54,43326.64,42655.86,,,0.0,0.0,0.0,0.0,0.0,,25.1,6.82,57,17.8,6.82,54,0.0,1010.5,974.0,,13.9,0.101,31.0,10906X0039/C2-1
3220,2025-10-26,2.685378283,42.685696389,3,36.3,23.2,38.6,25.2,2025-10-26T02:52,2025-10-26T14:54,43318.99,42645.14,,,0.0,0.0,0.0,0.0,0.0,,23.97,6.44,62,19.1,6.44,57,0.0,1010.2,973.8,,14.1,0.101,31.3,10906X0039/C2-1
3221,2025-10-27,2.685378283,42.685696389,65,35.5,24.0,38.0,26.7,2025-10-27T02:52,2025-10-27T14:54,43311.42,35435.22,,,13.8,0.0,0.0,13.8,4.0,,16.39,4.33,70,20.9,4.33,70,0.0,1011.4,974.6,,12.8,0.109,31.1,10906X0039/C2-1
3222,2025-10-28,2.685378283,42.685696389,55,31.9,23.8,37.0,25.5,2025-10-28T02:52,2025-10-28T14:53,43303.93,28219.05,,,2.0,0.0,0.0,2.0,2.0,,16.79,4.41,77,21.0,4.41,69,0.0,1011.4,974.7,,12.3,0.115,30.7,10906X0039/C2-1
3223,2025-10-29,2.685378283,42.685696389,3,33.0,22.5,35.7,24.8,2025-10-29T02:52,2025-10-29T14:53,43296.53,42617.93,,,0.0,0.0,0.0,0.0,0.0,,22.63,5.69,65,19.2,5.69,64,0.0,1011.5,974.7,,14.0,0.114,30.4,10906X0039/C2-1
3224,2025-10-30,2.685378283,42.685696389,51,32.5,22.4,35.8,24.3,2025-10-30T02:52,2025-10-30T14:53,43289.24,42610.65,,,0.2,0.0,0.0,0.2,2.0,,23.09,5.74,60,19.1,5.74,64,0.0,1012.2,975.3,,13.5,0.115,30.5,10906X0039/C2-1
3225,2025-10-31,2.685378283,42.685696389,3,33.7,21.8,36.6,24.0,2025-10-31T02:52,2025-10-31T14:53,43282.06,42604.33,,,0.0,0.0,0.0,0.0,0.0,,24.13,6.22,25,18.1,6.22,59,0.0,1012.3,975.5,,13.3,0.113,30.5,10906X0039/C2-1
3226,2025-11-01,2.685378283,42.685696389,3,34.0,22.5,36.7,24.1,2025-11-01T02:52,2025-11-01T14:53,43274.98,42599.02,,,0.0,0.0,0.0,0.0,0.0,,24.28,6.38,30,17.9,6.38,56,0.0,1012.9,976.1,,13.2,0.11,30.7,10906X0039/C2-1
3227,2025-11-02,2.685378283,42.685696389,51,34.7,22.7,37.8,24.3,2025-11-02T02:52,2025-11-02T14:53,43268.03,42594.76,,,0.1,0.0,0.0,0.1,1.0,,24.15,6.23,10,17.8,6.23,55,0.0,1013.3,976.6,,12.8,0.108,31.0,10906X0039/C2-1
3228,2025-11-03,2.685378283,42.685696389,2,35.3,23.2,37.9,25.0,2025-11-03T02:52,2025-11-03T14:53,43261.2,42406.41,,,0.0,0.0,0.0,0.0,0.0,,24.21,6.61,16,17.8,6.61,55,0.0,1014.2,977.5,,14.1,0.108,31.4,10906X0039/C2-1
3229,2025-11-04,2.685378283,42.685696389,51,35.3,23.4,38.2,25.7,2025-11-04T02:52,2025-11-04T14:53,43254.42,42589.17,,,0.1,0.0,0.0,0.1,1.0,,23.4,6.43,20,18.4,6.43,55,0.0,1013.7,977.0,,13.8,0.108,31.6,10906X0039/C2-1
3230,2025-11-05,2.685378283,42.685696389,3,33.6,23.7,36.8,26.1,2025-11-05T02:52,2025-11-05T14:53,43247.69,35704.79,,,0.0,0.0,0.0,0.0,0.0,,18.21,5.43,32,19.3,5.43,60,0.0,1012.7,976.0,,14.5,0.109,31.5,10906X0039/C2-1
3231,2025-11-06,2.685378283,42.685696389,63,32.2,23.5,35.5,26.1,2025-11-06T02:52,2025-11-06T14:53,43241.01,36749.33,,,5.9,0.0,0.0,5.9,4.0,,17.67,4.47,39,20.7,4.47,71,0.0,1011.8,974.9,,13.7,0.111,31.1,10906X0039/C2-1
3232,2025-11-07,2.685378283,42.685696389,3,33.4,23.2,36.5,25.7,2025-11-07T02:52,2025-11-07T14:53,43234.39,42587.13,,,0.0,0.0,0.0,0.0,0.0,,20.93,5.41,41,19.5,5.41,63,0.0,1011.2,974.5,,12.2,0.111,31.0,10906X0039/C2-1
3233,2025-11-08,2.685378283,42.685696389,1,34.3,22.4,35.9,24.5,2025-11-08T02:52,2025-11-08T14:53,43227.83,42588.12,,,0.0,0.0,0.0,0.0,0.0,,23.44,6.16,9,17.9,6.16,58,0.0,1012.7,975.9,,14.0,0.111,30.9,10906X0039/C2-1
3234,2025-11-09,2.685378283,42.685696389,3,33.8,21.9,35.5,24.0,2025-11-09T02:52,2025-11-09T14:53,43221.36,42589.94,,,0.0,0.0,0.0,0.0,0.0,,23.63,6.14,57,17.0,6.14,55,0.0,1013.1,976.3,,12.7,0.109,31.0,10906X0039/C2-1
3235,2025-11-10,2.685378283,42.685696389,3,35.2,22.1,37.0,23.9,2025-11-10T02:53,2025-11-10T14:53,43214.97,42592.59,,,0.0,0.0,0.0,0.0,0.0,,23.51,6.3,44,17.5,6.3,55,0.0,1012.5,975.8,,13.5,0.108,31.1,10906X0039/C2-1
3236,2025-11-11,2.685378283,42.685696389,51,34.8,23.3,37.3,25.0,2025-11-11T02:53,2025-11-11T14:53,43208.66,42596.06,,,0.2,0.0,0.0,0.2,2.0,,22.61,5.89,59,19.3,5.89,60,0.0,1011.8,975.2,,13.4,0.107,31.3,10906X0039/C2-1
3237,2025-11-12,2.685378283,42.685696389,3,34.6,23.4,37.2,25.6,2025-11-12T02:53,2025-11-12T14:53,43202.46,42600.35,,,0.0,0.0,0.0,0.0,0.0,,23.21,6.35,40,19.1,6.35,59,0.0,1012.2,975.6,,14.7,0.106,31.4,10906X0039/C2-1
3238,2025-11-13,2.685378283,42.685696389,3,34.8,23.0,36.7,24.5,2025-11-13T02:53,2025-11-13T14:53,43196.35,42605.47,,,0.0,0.0,0.0,0.0,0.0,,23.3,6.69,70,18.3,6.69,57,0.0,1012.6,976.0,,17.1,0.106,31.6,10906X0039/C2-1
3239,2025-11-14,2.685378283,42.685696389,51,33.9,22.7,36.6,25.0,2025-11-14T02:53,2025-11-14T14:53,43190.35,42611.4,,,0.2,0.0,0.0,0.2,2.0,,22.43,6.14,67,18.3,6.14,57,0.0,1012.7,976.0,,14.1,0.106,31.6,10906X0039/C2-1
3240,2025-11-15,2.685378283,42.685696389,3,34.8,22.6,37.6,25.0,2025-11-15T02:54,2025-11-15T14:53,43184.48,42618.15,,,0.0,0.0,0.0,0.0,0.0,,22.58,5.91,38,18.6,5.91,58,0.0,1012.3,975.6,,12.8,0.107,31.6,10906X0039/C2-1
3241,2025-11-16,2.685378283,42.685696389,2,34.9,23.5,37.4,25.5,2025-11-16T02:54,2025-11-16T14:53,43178.73,42625.71,,,0.0,0.0,0.0,0.0,0.0,,22.78,6.15,21,18.6,6.15,57,0.0,1013.4,976.7,,13.1,0.107,31.8,10906X0039/C2-1
3242,2025-11-17,2.685378283,42.685696389,3,34.8,23.6,36.8,26.0,2025-11-17T02:54,2025-11-17T14:54,43173.12,42634.09,,,0.0,0.0,0.0,0.0,0.0,,21.83,6.33,21,19.3,6.33,59,0.0,1013.4,976.8,,15.7,0.107,31.8,10906X0039/C2-1
3243,2025-11-18,2.685378283,42.685696389,51,35.0,22.9,36.3,25.9,2025-11-18T02:54,2025-11-18T14:54,43167.64,42643.27,,,0.1,0.0,0.0,0.1,1.0,,22.72,6.16,15,18.7,6.16,59,0.0,1011.4,974.8,,14.0,0.107,31.8,10906X0039/C2-1
3244,2025-11-19,2.685378283,42.685696389,51,35.3,23.0,36.0,25.3,2025-11-19T02:55,2025-11-19T14:54,43162.32,42653.26,,,0.4,0.0,0.0,0.4,4.0,,22.8,6.53,22,18.8,6.53,59,0.0,1010.4,973.8,,17.3,0.108,31.7,10906X0039/C2-1
3245,2025-11-20,2.685378283,42.685696389,3,35.4,22.7,35.1,24.8,2025-11-20T02:55,2025-11-20T14:54,43157.15,42664.05,,,0.0,0.0,0.0,0.0,0.0,,23.35,7.14,61,15.5,7.14,49,0.0,1011.7,975.1,,15.6,0.105,31.7,10906X0039/C2-1
3246,2025-11-21,2.685378283,42.685696389,3,36.0,22.5,35.6,23.3,2025-11-21T02:55,2025-11-21T14:54,43152.14,42675.65,,,0.0,0.0,0.0,0.0,0.0,,24.59,7.58,26,15.8,7.58,49,0.0,1011.7,975.2,,18.0,0.105,31.7,10906X0039/C2-1
3247,2025-11-22,2.685378283,42.685696389,1,35.7,23.1,36.0,24.1,2025-11-22T02:55,2025-11-22T14:54,43147.31,42688.05,,,0.0,0.0,0.0,0.0,0.0,,23.77,7.1,11,16.4,7.1,50,0.0,1012.7,976.1,,16.3,0.103,31.8,10906X0039/C2-1
3248,2025-11-23,2.685378283,42.685696389,3,35.5,23.6,36.1,24.5,2025-11-23T02:56,2025-11-23T14:55,43142.65,42701.32,,,0.0,0.0,0.0,0.0,0.0,,23.08,6.67,21,17.7,6.67,55,0.0,1013.0,976.3,,16.3,0.104,31.9,10906X0039/C2-1
3249,2025-11-24,2.685378283,42.685696389,3,34.8,22.9,36.6,25.7,2025-11-24T02:56,2025-11-24T14:55,43138.1,42715.76,,,0.0,0.0,0.0,0.0,0.0,,22.49,6.06,28,18.0,6.06,56,0.0,1013.9,977.2,,12.4,0.103,31.9,10906X0039/C2-1
3250,2025-11-25,2.685378283,42.685696389,2,35.0,23.1,36.7,25.3,2025-11-25T02:56,2025-11-25T14:55,43133.67,42714.11,,,0.0,0.0,0.0,0.0,0.0,,22.6,6.37,18,18.4,6.37,57,0.0,1013.5,976.8,,14.5,0.103,32.0,10906X0039/C2-1
3251,2025-11-26,2.685378283,42.685696389,3,35.5,22.6,36.6,24.8,2025-11-26T02:57,2025-11-26T14:55,43129.35,42709.7,,,0.0,0.0,0.0,0.0,0.0,,22.92,6.32,36,18.1,6.32,56,0.0,1012.6,975.9,,13.7,0.103,32.1,10906X0039/C2-1
3252,2025-11-27,2.685378283,42.685696389,3,34.8,22.9,36.7,25.4,2025-11-27T02:57,2025-11-27T14:56,43125.15,42705.39,,,0.0,0.0,0.0,0.0,0.0,,21.68,6.32,35,18.3,6.32,57,0.0,1012.4,975.7,,16.1,0.103,32.1,10906X0039/C2-1
3253,2025-11-28,2.685378283,42.685696389,3,34.8,22.6,36.2,24.5,2025-11-28T02:57,2025-11-28T14:56,43121.09,42701.18,,,0.0,0.0,0.0,0.0,0.0,,22.16,6.25,60,17.2,6.25,54,0.0,1012.0,975.4,,13.2,0.103,32.1,10906X0039/C2-1
3254,2025-11-29,2.685378283,42.685696389,3,36.1,22.2,35.9,24.2,2025-11-29T02:58,2025-11-29T14:56,43117.15,42697.1,,,0.0,0.0,0.0,0.0,0.0,,24.26,6.88,31,14.4,6.88,48,0.0,1010.6,974.0,,13.6,0.103,32.2,10906X0039/C2-1
3255,2025-11-30,2.685378283,42.685696389,3,36.0,21.7,34.7,21.6,2025-11-30T02:58,2025-11-30T14:57,43113.36,42693.13,,,0.0,0.0,0.0,0.0,0.0,,24.72,7.74,70,13.5,7.74,45,0.0,1010.5,973.9,,18.0,0.103,32.1,10906X0039/C2-1
3256,2025-12-01,2.685378283,42.685696389,3,35.9,22.4,36.0,21.3,2025-12-01T02:59,2025-12-01T14:57,43109.71,42689.3,,,0.0,0.0,0.0,0.0,0.0,,24.54,7.78,67,14.2,7.78,44,0.0,1010.9,974.3,,17.7,0.103,32.2,10906X0039/C2-1
3257,2025-12-02,2.685378283,42.685696389,3,35.8,23.2,37.0,24.0,2025-12-02T02:59,2025-12-02T14:57,43106.2,42685.59,,,0.0,0.0,0.0,0.0,0.0,,23.22,6.67,86,16.4,6.67,50,0.0,1010.7,974.1,,15.0,0.103,32.3,10906X0039/C2-1
3258,2025-12-03,2.685378283,42.685696389,3,35.6,22.7,35.9,23.6,2025-12-03T02:59,2025-12-03T14:58,43102.85,42682.03,,,0.0,0.0,0.0,0.0,0.0,,23.24,7.04,63,16.6,7.04,53,0.0,1010.7,974.1,,17.8,0.103,32.3,10906X0039/C2-1
3259,2025-12-04,2.685378283,42.685696389,3,34.4,22.6,36.5,24.8,2025-12-04T03:00,2025-12-04T14:58,43099.66,41554.23,,,0.0,0.0,0.0,0.0,0.0,,18.99,5.82,97,17.9,5.82,57,0.0,1012.1,975.4,,15.4,0.103,32.1,10906X0039/C2-1
3260,2025-12-05,2.685378283,42.685696389,51,35.6,22.9,36.8,24.5,2025-12-05T03:00,2025-12-05T14:59,43096.64,42675.34,,,0.3,0.0,0.0,0.3,1.0,,21.82,6.34,64,17.6,6.34,55,0.0,1012.4,975.8,,15.2,0.103,32.1,10906X0039/C2-1
3261,2025-12-06,2.685378283,42.685696389,3,35.7,22.6,37.3,24.7,2025-12-06T03:01,2025-12-06T14:59,43093.78,42385.67,,,0.0,0.0,0.0,0.0,0.0,,22.5,6.42,19,17.8,6.42,55,0.0,1012.4,975.8,,14.8,0.103,32.2,10906X0039/C2-1
3262,2025-12-07,2.685378283,42.685696389,2,35.3,22.8,36.9,25.1,2025-12-07T03:01,2025-12-07T14:59,43091.09,42669.3,,,0.0,0.0,0.0,0.0,0.0,,22.24,6.15,17,18.1,6.15,56,0.0,1012.4,975.8,,14.3,0.104,32.2,10906X0039/C2-1
3263,2025-12-08,2.685378283,42.685696389,3,34.9,23.0,36.4,25.0,2025-12-08T03:02,2025-12-08T15:00,43088.59,42666.53,,,0.0,0.0,0.0,0.0,0.0,,22.44,6.38,38,17.6,6.38,54,0.0,1012.6,975.9,,14.6,0.105,32.2,10906X0039/C2-1
3264,2025-12-09,2.685378283,42.685696389,51,36.1,23.1,37.0,25.3,2025-12-09T03:02,2025-12-09T15:00,43086.27,42663.94,,,0.1,0.0,0.0,0.1,1.0,,22.54,6.51,90,17.8,6.51,54,0.0,1011.6,975.1,,13.9,0.104,32.2,10906X0039/C2-1
3265,2025-12-10,2.685378283,42.685696389,51,35.3,22.8,37.1,23.8,2025-12-10T03:03,2025-12-10T15:01,43084.14,35601.54,,,0.2,0.0,0.0,0.2,1.0,,20.96,6.05,76,18.1,6.05,56,0.0,1011.8,975.1,,14.7,0.105,32.1,10906X0039/C2-1
3266,2025-12-11,2.685378283,42.685696389,61,33.8,23.2,36.4,24.9,2025-12-11T03:03,2025-12-11T15:01,43082.21,39059.32,,,1.6,0.0,0.0,1.6,4.0,,16.76,4.72,35,19.7,4.72,63,0.0,1011.1,974.4,,13.0,0.105,32.0,10906X0039/C2-1
3267,2025-12-12,2.685378283,42.685696389,51,35.6,23.1,37.3,25.1,2025-12-12T03:03,2025-12-12T15:02,43080.48,38200.07,,,0.5,0.0,0.0,0.5,3.0,,18.21,5.36,49,19.1,5.36,61,0.0,1010.6,974.0,,14.7,0.105,31.9,10906X0039/C2-1
3268,2025-12-13,2.685378283,42.685696389,63,32.5,23.5,34.9,26.3,2025-12-13T03:04,2025-12-13T15:02,43078.95,42114.29,,,6.6,0.0,0.0,6.6,5.0,,17.63,4.64,39,20.5,4.64,68,0.0,1011.4,974.7,,13.7,0.107,31.7,10906X0039/C2-1
3269,2025-12-14,2.685378283,42.685696389,51,34.3,23.0,37.1,25.6,2025-12-14T03:04,2025-12-14T15:02,43077.6,36145.02,,,0.4,0.0,0.0,0.4,3.0,,20.72,5.55,45,19.2,5.55,61,0.0,1011.1,974.5,,12.4,0.107,31.5,10906X0039/C2-1
3270,2025-12-15,2.685378283,42.685696389,3,35.2,22.7,38.1,24.4,2025-12-15T03:05,2025-12-15T15:03,43076.43,42653.5,,,0.0,0.0,0.0,0.0,0.0,,23.04,5.95,43,17.8,5.95,55,0.0,1009.5,972.9,,11.8,0.105,31.7,10906X0039/C2-1
3271,2025-12-16,2.685378283,42.685696389,3,35.0,22.8,37.6,24.8,2025-12-16T03:05,2025-12-16T15:03,43075.44,42060.04,,,0.0,0.0,0.0,0.0,0.0,,21.79,5.82,84,18.3,5.82,57,0.0,1008.8,972.2,,12.9,0.105,31.8,10906X0039/C2-1
3272,2025-12-17,2.685378283,42.685696389,51,35.5,23.1,38.8,24.8,2025-12-17T03:06,2025-12-17T15:04,43074.63,35406.6,,,0.2,0.0,0.0,0.2,2.0,,20.57,5.56,55,19.2,5.56,60,0.0,1009.7,973.2,,14.0,0.105,31.8,10906X0039/C2-1
3273,2025-12-18,2.685378283,42.685696389,3,35.8,23.9,37.5,25.5,2025-12-18T03:06,2025-12-18T15:04,43074.0,42576.65,,,0.0,0.0,0.0,0.0,0.0,,22.1,6.61,44,18.4,6.61,55,0.0,1011.2,974.7,,16.3,0.104,31.9,10906X0039/C2-1
3274,2025-12-19,2.685378283,42.685696389,3,36.1,23.7,38.2,26.4,2025-12-19T03:07,2025-12-19T15:05,43073.54,42546.35,,,0.0,0.0,0.0,0.0,0.0,,22.0,6.23,55,18.7,6.23,57,0.0,1010.8,974.3,,14.0,0.104,32.0,10906X0039/C2-1
3275,2025-12-20,2.685378283,42.685696389,51,35.5,23.1,36.7,26.2,2025-12-20T03:07,2025-12-20T15:05,43073.26,42515.8,,,0.5,0.0,0.0,0.5,2.0,,22.56,6.42,55,18.7,6.42,57,0.0,1009.3,972.8,,13.9,0.104,32.0,10906X0039/C2-1
3276,2025-12-21,2.685378283,42.685696389,51,34.6,23.6,35.9,24.0,2025-12-21T03:08,2025-12-21T15:06,43073.17,40562.46,,,0.4,0.0,0.0,0.4,3.0,,20.83,6.54,51,17.8,6.54,52,0.0,1009.3,972.8,,16.7,0.104,31.9,10906X0039/C2-1
3277,2025-12-22,2.685378283,42.685696389,3,36.5,23.7,36.2,24.0,2025-12-22T03:08,2025-12-22T15:06,43073.24,42454.31,,,0.0,0.0,0.0,0.0,0.0,,23.3,8.15,25,16.3,8.15,48,0.0,1009.3,972.9,,20.9,0.104,32.0,10906X0039/C2-1
3278,2025-12-23,2.685378283,42.685696389,3,36.5,23.8,36.6,23.7,2025-12-23T03:09,2025-12-23T15:07,43073.51,42423.56,,,0.0,0.0,0.0,0.0,0.0,,23.76,7.64,55,15.9,7.64,46,0.0,1009.5,973.1,,18.2,0.103,32.2,10906X0039/C2-1
3279,2025-12-24,2.685378283,42.685696389,3,36.7,23.5,36.7,23.3,2025-12-24T03:09,2025-12-24T15:07,43073.94,42392.93,,,0.0,0.0,0.0,0.0,0.0,,24.35,7.8,57,14.5,7.8,43,0.0,1009.7,973.3,,17.0,0.103,32.3,10906X0039/C2-1
3280,2025-12-25,2.685378283,42.685696389,3,37.2,23.5,37.7,22.9,2025-12-25T03:10,2025-12-25T15:08,43074.55,42362.53,,,0.0,0.0,0.0,0.0,0.0,,23.45,7.66,79,15.1,7.66,44,0.0,1009.6,973.3,,16.4,0.103,32.4,10906X0039/C2-1
3281,2025-12-26,2.685378283,42.685696389,3,36.8,23.3,38.7,24.0,2025-12-26T03:10,2025-12-26T15:08,43075.33,42332.43,,,0.0,0.0,0.0,0.0,0.0,,24.08,7.03,45,16.1,7.03,47,0.0,1009.1,972.8,,13.7,0.103,32.6,10906X0039/C2-1
3282,2025-12-27,2.685378283,42.685696389,3,37.2,22.9,39.4,24.0,2025-12-27T03:11,2025-12-27T15:09,43076.3,42302.74,,,0.0,0.0,0.0,0.0,0.0,,23.81,7.19,16,16.4,7.19,48,0.0,1008.1,971.8,,14.5,0.103,32.8,10906X0039/C2-1
3283,2025-12-28,2.685378283,42.685696389,3,36.8,22.8,37.2,22.4,2025-12-28T03:11,2025-12-28T15:09,43077.44,42273.55,,,0.0,0.0,0.0,0.0,0.0,,23.38,7.38,33,16.2,7.38,48,0.0,1008.7,972.3,,16.6,0.103,32.9,10906X0039/C2-1
3284,2025-12-29,2.685378283,42.685696389,3,36.2,23.1,38.6,25.1,2025-12-29T03:12,2025-12-29T15:10,43078.76,42244.94,,,0.0,0.0,0.0,0.0,0.0,,22.73,6.07,22,17.7,6.07,54,0.0,1011.6,975.1,,12.2,0.103,32.9,10906X0039/C2-1
3285,2025-12-30,2.685378283,42.685696389,3,36.4,23.0,37.6,24.1,2025-12-30T03:12,2025-12-30T15:10,43080.26,42217.03,,,0.0,0.0,0.0,0.0,0.0,,23.28,6.73,26,15.9,6.73,48,0.0,1012.0,975.4,,13.4,0.103,33.0,10906X0039/C2-1
3286,2025-12-31,2.685378283,42.685696389,3,35.7,23.4,36.7,25.2,2025-12-31T03:13,2025-12-31T15:11,43081.92,42189.9,,,0.0,0.0,0.0,0.0,0.0,,22.71,6.72,23,16.7,6.72,51,0.0,1012.1,975.5,,14.5,0.104,33.0,10906X0039/C2-1
3287,2026-01-01,2.685378283,42.685696389,3,35.9,23.2,36.3,24.5,2026-01-01T03:13,2026-01-01T15:11,43083.76,41822.96,,,0.0,0.0,0.0,0.0,0.0,,22.82,7.25,42,15.9,7.25,47,0.0,1011.7,975.2,,16.1,0.104,33.0,10906X0039/C2-1
3288,2026-01-02,2.685378283,42.685696389,3,36.9,23.1,36.5,23.1,2026-01-02T03:14,2026-01-02T15:12,43085.78,42138.35,,,0.0,0.0,0.0,0.0,0.0,,23.08,6.94,60,15.8,6.94,47,0.0,1011.5,974.9,,15.5,0.104,33.0,10906X0039/C2-1
3289,2026-01-03,2.685378283,42.685696389,3,36.4,22.6,35.4,22.9,2026-01-03T03:14,2026-01-03T15:12,43088.0,42113.44,,,0.0,0.0,0.0,0.0,0.0,,24.84,8.07,10,13.0,8.07,42,0.0,1010.7,974.2,,17.0,0.104,32.9,10906X0039/C2-1
3290,2026-01-04,2.685378283,42.685696389,2,35.8,23.3,32.2,18.9,2026-01-04T03:14,2026-01-04T15:13,43090.43,42088.62,,,0.0,0.0,0.0,0.0,0.0,,25.55,9.53,2,4.6,9.53,22,0.0,1010.5,973.9,,18.6,0.104,32.7,10906X0039/C2-1
3291,2026-01-05,2.685378283,42.685696389,3,35.6,22.1,32.6,19.8,2026-01-05T03:15,2026-01-05T15:13,43093.05,42063.96,,,0.0,0.0,0.0,0.0,0.0,,25.18,9.24,12,9.3,9.24,32,0.0,1011.5,974.9,,21.1,0.104,32.5,10906X0039/C2-1
3292,2026-01-06,2.685378283,42.685696389,3,35.1,22.7,33.0,21.7,2026-01-06T03:15,2026-01-06T15:14,43095.85,42039.51,,,0.0,0.0,0.0,0.0,0.0,,25.1,8.42,15,10.7,8.42,35,0.0,1012.2,975.6,,18.2,0.104,32.5,10906X0039/C2-1
3293,2026-01-07,2.685378283,42.685696389,3,35.6,22.2,32.8,21.7,2026-01-07T03:16,2026-01-07T15:14,43098.83,42015.33,,,0.0,0.0,0.0,0.0,0.0,,25.19,8.68,17,10.2,8.68,35,0.0,1012.1,975.5,,18.9,0.104,32.4,10906X0039/C2-1
3294,2026-01-08,2.685378283,42.685696389,3,36.5,23.3,32.1,20.8,2026-01-08T03:16,2026-01-08T15:14,43102.0,41991.48,,,0.0,0.0,0.0,0.0,0.0,,25.63,10.14,31,7.3,10.14,26,0.0,1012.1,975.5,,22.2,0.104,32.4,10906X0039/C2-1
3295,2026-01-09,2.685378283,42.685696389,3,36.4,23.0,34.0,20.7,2026-01-09T03:17,2026-01-09T15:15,43105.34,41968.01,,,0.0,0.0,0.0,0.0,0.0,,25.63,8.82,15,8.3,8.82,31,0.0,1011.8,975.2,,18.4,0.104,32.4,10906X0039/C2-1
3296,2026-01-10,2.685378283,42.685696389,3,35.8,21.1,34.8,20.6,2026-01-10T03:17,2026-01-10T15:15,43108.85,41944.99,,,0.0,0.0,0.0,0.0,0.0,,25.19,7.09,41,11.2,7.09,40,0.0,1011.8,975.1,,13.0,0.104,32.4,10906X0039/C2-1
3297,2026-01-11,2.685378283,42.685696389,3,36.2,22.3,35.0,21.7,2026-01-11T03:17,2026-01-11T15:16,43112.51,41922.48,,,0.0,0.0,0.0,0.0,0.0,,25.12,8.02,45,11.3,8.02,37,0.0,1011.5,975.0,,15.6,0.104,32.5,10906X0039/C2-1
3298,2026-01-12,2.685378283,42.685696389,3,35.8,22.1,34.3,20.6,2026-01-12T03:18,2026-01-12T15:16,43116.33,41900.52,,,0.0,0.0,0.0,0.0,0.0,,25.14,8.29,43,12.6,8.29,42,0.0,1012.5,975.9,,20.2,0.104,32.5,10906X0039/C2-1
3299,2026-01-13,2.685378283,42.685696389,3,36.4,23.0,35.5,22.2,2026-01-13T03:18,2026-01-13T15:17,43120.3,41879.18,,,0.0,0.0,0.0,0.0,0.0,,24.81,7.96,44,12.8,7.96,41,0.0,1012.4,975.8,,17.0,0.104,32.5,10906X0039/C2-1
3300,2026-01-14,2.685378283,42.685696389,3,36.4,22.5,35.4,21.7,2026-01-14T03:18,2026-01-14T15:17,43124.42,41858.53,,,0.0,0.0,0.0,0.0,0.0,,25.29,8.08,63,12.4,8.08,40,0.0,1011.1,974.6,,16.8,0.104,32.5,10906X0039/C2-1
3301,2026-01-15,2.685378283,42.685696389,2,37.2,22.6,37.7,22.6,2026-01-15T03:19,2026-01-15T15:17,43128.67,41838.61,,,0.0,0.0,0.0,0.0,0.0,,24.2,8.01,22,14.7,8.01,44,0.0,1010.1,973.7,,17.7,0.104,32.6,10906X0039/C2-1
3302,2026-01-16,2.685378283,42.685696389,51,36.6,24.1,36.4,25.2,2026-01-16T03:19,2026-01-16T15:18,43133.06,41694.18,,,0.1,0.0,0.0,0.1,1.0,,22.7,7.39,35,16.0,7.39,47,0.0,1010.2,973.8,,16.4,0.104,32.8,10906X0039/C2-1
3303,2026-01-17,2.685378283,42.685696389,3,37.4,24.4,37.7,24.8,2026-01-17T03:19,2026-01-17T15:18,43137.58,41452.88,,,0.0,0.0,0.0,0.0,0.0,,23.62,7.89,86,16.4,7.89,47,0.0,1010.0,973.7,,19.5,0.104,32.9,10906X0039/C2-1
3304,2026-01-18,2.685378283,42.685696389,3,37.5,23.8,37.0,23.3,2026-01-18T03:20,2026-01-18T15:19,43142.21,41457.55,,,0.0,0.0,0.0,0.0,0.0,,24.38,8.32,26,15.3,8.32,46,0.0,1009.5,973.1,,20.4,0.104,32.9,10906X0039/C2-1
3305,2026-01-19,2.685378283,42.685696389,3,36.6,23.1,36.3,23.5,2026-01-19T03:20,2026-01-19T15:19,43146.97,41461.66,,,0.0,0.0,0.0,0.0,0.0,,25.25,8.17,54,14.9,8.17,45,0.0,1009.8,973.3,,19.0,0.104,32.9,10906X0039/C2-1
3306,2026-01-20,2.685378283,42.685696389,3,38.5,23.3,37.0,22.7,2026-01-20T03:20,2026-01-20T15:19,43151.83,41710.35,,,0.0,0.0,0.0,0.0,0.0,,25.47,8.43,47,13.4,8.43,43,0.0,1009.5,973.2,,19.2,0.104,33.0,10906X0039/C2-1
3307,2026-01-21,2.685378283,42.685696389,3,38.0,22.7,36.7,23.2,2026-01-21T03:20,2026-01-21T15:20,43156.8,41713.01,,,0.0,0.0,0.0,0.0,0.0,,25.52,8.53,60,13.9,8.53,44,0.0,1010.4,974.0,,19.3,0.104,33.0,10906X0039/C2-1
3308,2026-01-22,2.685378283,42.685696389,3,36.8,23.2,35.1,22.1,2026-01-22T03:21,2026-01-22T15:20,43161.89,41470.62,,,0.0,0.0,0.0,0.0,0.0,,25.66,9.04,35,11.3,9.04,36,0.0,1011.5,975.1,,19.7,0.104,33.0,10906X0039/C2-1
3309,2026-01-23,2.685378283,42.685696389,2,37.6,22.8,35.4,21.8,2026-01-23T03:21,2026-01-23T15:20,43167.13,41472.47,,,0.0,0.0,0.0,0.0,0.0,,25.88,9.12,17,9.5,9.12,33,0.0,1012.2,975.7,,18.8,0.104,33.0,10906X0039/C2-1
3310,2026-01-24,2.685378283,42.685696389,3,36.7,22.1,37.6,21.2,2026-01-24T03:21,2026-01-24T15:21,43172.55,41473.82,,,0.0,0.0,0.0,0.0,0.0,,24.87,7.84,74,14.1,7.84,44,0.0,1012.1,975.6,,17.8,0.104,33.0,10906X0039/C2-1
3311,2026-01-25,2.685378283,42.685696389,3,36.4,22.4,37.5,21.5,2026-01-25T03:21,2026-01-25T15:21,43178.12,41231.39,,,0.0,0.0,0.0,0.0,0.0,,25.37,7.23,60,14.4,7.23,43,0.0,1011.3,974.8,,14.0,0.103,33.1,10906X0039/C2-1
3312,2026-01-26,2.685378283,42.685696389,3,37.7,22.9,37.3,22.2,2026-01-26T03:21,2026-01-26T15:21,43183.85,41232.19,,,0.0,0.0,0.0,0.0,0.0,,25.17,8.3,47,14.2,8.3,42,0.0,1010.6,974.2,,17.5,0.104,33.2,10906X0039/C2-1
3313,2026-01-27,2.685378283,42.685696389,3,36.6,22.4,35.3,21.3,2026-01-27T03:21,2026-01-27T15:21,43189.73,41232.57,,,0.0,0.0,0.0,0.0,0.0,,25.91,8.7,32,12.3,8.7,40,0.0,1012.2,975.7,,20.5,0.104,33.1,10906X0039/C2-1
3314,2026-01-28,2.685378283,42.685696389,3,36.4,22.6,35.5,21.1,2026-01-28T03:22,2026-01-28T15:22,43195.74,41232.48,,,0.0,0.0,0.0,0.0,0.0,,25.81,8.42,79,12.2,8.42,39,0.0,1012.5,975.9,,18.1,0.103,33.1,10906X0039/C2-1
3315,2026-01-29,2.685378283,42.685696389,3,38.2,23.1,36.9,22.0,2026-01-29T03:22,2026-01-29T15:22,43201.88,41232.01,,,0.0,0.0,0.0,0.0,0.0,,25.94,8.45,54,13.0,8.45,41,0.0,1011.6,975.2,,18.8,0.103,33.2,10906X0039/C2-1
3316,2026-01-30,2.685378283,42.685696389,3,37.3,22.2,37.8,21.9,2026-01-30T03:22,2026-01-30T15:22,43208.14,41231.09,,,0.0,0.0,0.0,0.0,0.0,,24.97,7.87,24,16.1,7.87,49,0.0,1010.6,974.2,,19.4,0.104,33.2,10906X0039/C2-1
3317,2026-01-31,2.685378283,42.685696389,0,38.9,23.0,37.5,21.9,2026-01-31T03:22,2026-01-31T15:22,43214.51,40988.74,,,0.0,0.0,0.0,0.0,0.0,,25.79,8.88,0,12.6,8.88,40,0.0,1010.0,973.6,,19.8,0.104,33.3,10906X0039/C2-1
3318,2026-02-01,2.685378283,42.685696389,0,37.8,22.7,36.4,22.3,2026-02-01T03:22,2026-02-01T15:22,43221.0,41228.13,,,0.0,0.0,0.0,0.0,0.0,,26.11,8.65,1,13.0,8.65,42,0.0,1011.5,975.0,,19.4,0.104,33.3,10906X0039/C2-1
3319,2026-02-02,2.685378283,42.685696389,0,37.5,22.8,37.2,22.0,2026-02-02T03:22,2026-02-02T15:23,43227.57,40985.74,,,0.0,0.0,0.0,0.0,0.0,,25.69,8.32,1,14.2,8.32,44,0.0,1012.1,975.6,,19.8,0.103,33.3,10906X0039/C2-1
3320,2026-02-03,2.685378283,42.685696389,2,36.6,22.8,37.5,24.2,2026-02-03T03:22,2026-02-03T15:23,43234.25,40983.66,,,0.0,0.0,0.0,0.0,0.0,,25.1,7.29,21,14.6,7.29,45,0.0,1012.0,975.5,,13.0,0.103,33.3,10906X0039/C2-1
3321,2026-02-04,2.685378283,42.685696389,3,37.6,22.5,37.9,23.1,2026-02-04T03:22,2026-02-04T15:23,43241.01,40981.24,,,0.0,0.0,0.0,0.0,0.0,,26.09,7.69,5,14.8,7.69,46,0.0,1010.4,973.9,,16.1,0.103,33.4,10906X0039/C2-1
3322,2026-02-05,2.685378283,42.685696389,3,37.9,22.7,38.5,22.9,2026-02-05T03:22,2026-02-05T15:23,43247.84,39048.31,,,0.0,0.0,0.0,0.0,0.0,,24.43,7.67,72,15.6,7.67,49,0.0,1010.0,973.6,,17.6,0.102,33.5,10906X0039/C2-1
3323,2026-02-06,2.685378283,42.685696389,3,37.1,22.7,37.7,23.3,2026-02-06T03:22,2026-02-06T15:23,43254.75,40736.47,,,0.0,0.0,0.0,0.0,0.0,,23.89,7.08,93,15.8,7.08,49,0.0,1012.0,975.5,,14.0,0.102,33.5,10906X0039/C2-1
3324,2026-02-07,2.685378283,42.685696389,3,38.1,23.3,39.2,24.8,2026-02-07T03:22,2026-02-07T15:23,43261.71,40733.38,,,0.0,0.0,0.0,0.0,0.0,,25.46,7.49,85,15.4,7.49,45,0.0,1011.4,975.0,,13.4,0.103,33.6,10906X0039/C2-1
3325,2026-02-08,2.685378283,42.685696389,3,36.9,22.5,38.3,23.5,2026-02-08T03:22,2026-02-08T15:23,43268.74,40968.04,,,0.0,0.0,0.0,0.0,0.0,,25.09,7.51,22,16.5,7.51,52,0.0,1011.4,974.8,,17.8,0.103,33.6,10906X0039/C2-1
3326,2026-02-09,2.685378283,42.685696389,2,37.9,22.0,36.8,22.9,2026-02-09T03:22,2026-02-09T15:24,43275.81,40963.93,,,0.0,0.0,0.0,0.0,0.0,,26.08,8.65,6,14.6,8.65,47,0.0,1010.5,974.1,,19.3,0.102,33.6,10906X0039/C2-1
3327,2026-02-10,2.685378283,42.685696389,0,39.3,22.9,37.2,23.6,2026-02-10T03:22,2026-02-10T15:24,43282.93,41196.89,,,0.0,0.0,0.0,0.0,0.0,,26.99,9.13,0,10.6,9.13,38,0.0,1010.9,974.5,,17.4,0.102,33.6,10906X0039/C2-1
3328,2026-02-11,2.685378283,42.685696389,1,38.5,22.6,37.4,22.6,2026-02-11T03:22,2026-02-11T15:24,43290.09,41191.79,,,0.0,0.0,0.0,0.0,0.0,,26.15,8.78,4,14.3,8.78,46,0.0,1011.8,975.3,,20.6,0.102,33.6,10906X0039/C2-1
3329,2026-02-12,2.685378283,42.685696389,3,37.5,22.5,38.0,23.6,2026-02-12T03:22,2026-02-12T15:24,43297.37,40949.49,,,0.0,0.0,0.0,0.0,0.0,,25.34,7.63,29,15.7,7.63,50,0.0,1011.4,974.9,,16.2,0.102,33.7,10906X0039/C2-1
3330,2026-02-13,2.685378283,42.685696389,2,37.2,22.7,39.4,24.6,2026-02-13T03:22,2026-02-13T15:24,43304.76,40943.84,,,0.0,0.0,0.0,0.0,0.0,,24.52,7.07,12,16.5,7.07,50,0.0,1010.0,973.6,,13.2,0.102,33.8,10906X0039/C2-1
3331,2026-02-14,2.685378283,42.685696389,3,37.4,22.7,38.6,24.0,2026-02-14T03:22,2026-02-14T15:24,43312.27,40937.68,,,0.0,0.0,0.0,0.0,0.0,,25.54,7.33,26,15.8,7.33,50,0.0,1010.2,973.7,,15.2,0.102,33.8,10906X0039/C2-1
3332,2026-02-15,2.685378283,42.685696389,2,37.4,22.6,39.1,22.7,2026-02-15T03:22,2026-02-15T15:24,43319.88,40931.14,,,0.0,0.0,0.0,0.0,0.0,,25.55,7.37,11,15.1,7.37,47,0.0,1011.3,974.8,,15.0,0.102,33.9,10906X0039/C2-1
3333,2026-02-16,2.685378283,42.685696389,3,37.6,22.3,39.5,23.6,2026-02-16T03:22,2026-02-16T15:24,43327.59,40924.18,,,0.0,0.0,0.0,0.0,0.0,,25.71,7.37,47,15.8,7.37,49,0.0,1010.6,974.1,,14.0,0.102,33.9,10906X0039/C2-1
3334,2026-02-17,2.685378283,42.685696389,3,37.8,22.7,39.6,23.1,2026-02-17T03:22,2026-02-17T15:24,43335.39,41152.04,,,0.0,0.0,0.0,0.0,0.0,,25.79,7.53,23,15.4,7.53,47,0.0,1008.9,972.6,,15.6,0.102,34.0,10906X0039/C2-1
3335,2026-02-18,2.685378283,42.685696389,3,36.6,22.8,37.4,22.9,2026-02-18T03:21,2026-02-18T15:24,43343.27,41144.1,,,0.0,0.0,0.0,0.0,0.0,,26.53,8.04,55,13.9,8.04,44,0.0,1009.8,973.3,,15.9,0.102,34.0,10906X0039/C2-1
3336,2026-02-19,2.685378283,42.685696389,3,37.0,22.6,38.8,23.7,2026-02-19T03:21,2026-02-19T15:24,43351.23,41135.87,,,0.0,0.0,0.0,0.0,0.0,,25.19,6.79,17,15.9,6.79,49,0.0,1010.0,973.5,,12.9,0.102,34.0,10906X0039/C2-1
3337,2026-02-20,2.685378283,42.685696389,3,37.9,23.0,39.4,23.7,2026-02-20T03:21,2026-02-20T15:24,43359.25,41127.34,,,0.0,0.0,0.0,0.0,0.0,,26.11,7.58,46,15.1,7.58,45,0.0,1010.4,974.0,,14.3,0.102,34.0,10906X0039/C2-1
3338,2026-02-21,2.685378283,42.685696389,3,37.1,23.0,36.0,23.0,2026-02-21T03:21,2026-02-21T15:24,43367.34,41196.36,,,0.0,0.0,0.0,0.0,0.0,,26.9,8.17,34,10.5,8.17,37,0.0,1009.9,973.5,,14.7,0.101,34.0,10906X0039/C2-1
3339,2026-02-22,2.685378283,42.685696389,3,37.0,22.3,36.0,21.9,2026-02-22T03:21,2026-02-22T15:24,43375.49,41343.31,,,0.0,0.0,0.0,0.0,0.0,,27.05,8.12,62,10.9,8.12,38,0.0,1007.8,971.4,,14.5,0.101,33.9,10906X0039/C2-1
3340,2026-02-23,2.685378283,42.685696389,3,37.1,22.7,38.3,23.2,2026-02-23T03:20,2026-02-23T15:24,43383.68,41333.89,,,0.0,0.0,0.0,0.0,0.0,,26.82,7.29,60,13.0,7.29,42,0.0,1007.8,971.4,,13.2,0.101,33.9,10906X0039/C2-1
3341,2026-02-24,2.685378283,42.685696389,3,36.9,23.0,39.2,24.4,2026-02-24T03:20,2026-02-24T15:23,43391.91,41324.29,,,0.0,0.0,0.0,0.0,0.0,,24.33,7.74,26,16.2,7.74,47,0.0,1008.5,972.2,,16.0,0.101,34.0,10906X0039/C2-1
3342,2026-02-25,2.685378283,42.685696389,3,37.2,24.4,38.7,25.2,2026-02-25T03:20,2026-02-25T15:23,43400.18,41314.58,,,0.0,0.0,0.0,0.0,0.0,,24.86,8.09,46,15.6,8.09,43,0.0,1009.2,972.9,,16.0,0.101,34.1,10906X0039/C2-1
3343,2026-02-26,2.685378283,42.685696389,1,37.3,24.6,38.7,25.1,2026-02-26T03:20,2026-02-26T15:23,43408.48,41304.77,,,0.0,0.0,0.0,0.0,0.0,,25.15,7.94,12,16.3,7.94,44,0.0,1008.9,972.7,,15.6,0.101,34.3,10906X0039/C2-1
3344,2026-02-27,2.685378283,42.685696389,3,37.0,23.9,39.1,25.3,2026-02-27T03:20,2026-02-27T15:23,43416.79,41294.89,,,0.0,0.0,0.0,0.0,0.0,,25.11,7.26,49,17.0,7.26,49,0.0,1007.5,971.2,,14.5,0.102,34.4,10906X0039/C2-1
3345,2026-02-28,2.685378283,42.685696389,3,35.9,24.2,39.0,25.7,2026-02-28T03:19,2026-02-28T15:23,43425.12,37684.95,,,0.0,0.0,0.0,0.0,0.0,,22.39,6.68,72,18.9,6.68,56,0.0,1007.5,971.1,,16.4,0.102,34.2,10906X0039/C2-1
3346,2026-03-01,2.685378283,42.685696389,51,36.9,24.3,39.4,26.4,2026-03-01T03:19,2026-03-01T15:23,43433.46,41274.99,,,0.1,0.0,0.0,0.1,1.0,,24.0,7.05,82,18.7,7.05,54,0.0,1008.7,972.4,,16.3,0.102,34.2,10906X0039/C2-1
3347,2026-03-02,2.685378283,42.685696389,51,37.0,24.0,39.4,26.2,2026-03-02T03:19,2026-03-02T15:23,43441.8,37665.02,,,0.1,0.0,0.0,0.1,1.0,,24.62,7.14,32,18.7,7.14,54,0.0,1009.6,973.2,,15.4,0.101,34.3,10906X0039/C2-1
3348,2026-03-03,2.685378283,42.685696389,3,35.4,24.1,38.9,26.7,2026-03-03T03:19,2026-03-03T15:23,43450.14,30905.19,,,0.0,0.0,0.0,0.0,0.0,,18.76,5.36,81,19.0,5.36,55,0.0,1009.2,972.8,,11.3,0.101,34.3,10906X0039/C2-1
3349,2026-03-04,2.685378283,42.685696389,51,36.0,24.8,39.0,27.1,2026-03-04T03:18,2026-03-04T15:23,43458.56,41013.4,,,0.9,0.0,0.0,0.9,5.0,,24.16,6.87,35,19.3,6.87,55,0.0,1009.5,973.1,,14.0,0.101,34.3,10906X0039/C2-1
3350,2026-03-05,2.685378283,42.685696389,51,35.7,23.9,37.8,26.5,2026-03-05T03:18,2026-03-05T15:22,43467.05,41465.79,,,0.4,0.0,0.0,0.4,3.0,,24.29,7.06,58,18.4,7.06,54,0.0,1010.6,974.1,,14.8,0.101,34.2,10906X0039/C2-1
3351,2026-03-06,2.685378283,42.685696389,3,35.3,24.6,37.5,26.6,2026-03-06T03:18,2026-03-06T15:22,43475.62,38655.05,,,0.0,0.0,0.0,0.0,0.0,,21.44,6.56,76,19.1,6.56,56,0.0,1010.2,973.8,,15.7,0.101,34.1,10906X0039/C2-1
3352,2026-03-07,2.685378283,42.685696389,61,35.9,24.8,37.7,27.2,2026-03-07T03:17,2026-03-07T15:22,43484.25,34625.88,,,2.5,0.0,0.0,2.5,7.0,,18.99,5.67,81,19.5,5.67,58,0.0,1009.9,973.4,,13.6,0.1,34.1,10906X0039/C2-1
3353,2026-03-08,2.685378283,42.685696389,51,35.2,24.2,37.5,26.9,2026-03-08T03:17,2026-03-08T15:22,43492.94,41663.43,,,0.3,0.0,0.0,0.3,2.0,,24.01,6.88,25,19.4,6.88,58,0.0,1010.2,973.7,,16.0,0.1,34.0,10906X0039/C2-1
3354,2026-03-09,2.685378283,42.685696389,3,36.4,24.2,39.1,26.4,2026-03-09T03:17,2026-03-09T15:22,43501.69,41651.88,,,0.0,0.0,0.0,0.0,0.0,,24.09,6.96,30,18.7,6.96,55,0.0,1009.3,972.9,,15.0,0.1,34.1,10906X0039/C2-1
3355,2026-03-10,2.685378283,42.685696389,3,36.3,24.0,38.1,26.0,2026-03-10T03:16,2026-03-10T15:22,43510.48,41640.22,,,0.0,0.0,0.0,0.0,0.0,,23.59,6.89,91,18.0,6.89,53,0.0,1009.6,973.2,,15.0,0.101,34.2,10906X0039/C2-1
3356,2026-03-11,2.685378283,42.685696389,3,38.6,24.0,40.0,26.1,2026-03-11T03:16,2026-03-11T15:21,43519.31,41998.55,,,0.0,0.0,0.0,0.0,0.0,,25.41,7.26,71,17.7,7.26,52,0.0,1009.4,973.1,,14.8,0.102,34.3,10906X0039/C2-1
3357,2026-03-12,2.685378283,42.685696389,3,38.2,25.4,40.7,25.7,2026-03-12T03:16,2026-03-12T15:21,43528.19,41847.18,,,0.0,0.0,0.0,0.0,0.0,,25.75,7.57,72,18.2,7.57,51,0.0,1008.8,972.5,,16.5,0.102,34.4,10906X0039/C2-1
3358,2026-03-13,2.685378283,42.685696389,3,38.4,24.0,40.1,25.6,2026-03-13T03:15,2026-03-13T15:21,43537.09,42040.77,,,0.0,0.0,0.0,0.0,0.0,,26.58,7.82,88,15.6,7.82,46,0.0,1007.4,971.1,,15.3,0.102,34.5,10906X0039/C2-1
3359,2026-03-14,2.685378283,42.685696389,3,37.4,24.0,38.8,25.1,2026-03-14T03:15,2026-03-14T15:21,43546.01,42062.31,,,0.0,0.0,0.0,0.0,0.0,,24.88,7.66,97,17.0,7.66,49,0.0,1008.2,971.8,,17.0,0.103,34.3,10906X0039/C2-1
3360,2026-03-15,2.685378283,42.685696389,3,38.6,23.9,38.4,24.9,2026-03-15T03:15,2026-03-15T15:21,43554.94,40331.87,,,0.0,0.0,0.0,0.0,0.0,,25.79,8.45,55,16.6,8.45,49,0.0,1008.7,972.4,,19.0,0.103,34.3,10906X0039/C2-1
3361,2026-03-16,2.685378283,42.685696389,51,35.5,24.2,39.3,26.8,2026-03-16T03:14,2026-03-16T15:20,43563.89,39010.25,,,0.4,0.0,0.0,0.4,3.0,,19.85,5.75,43,19.9,5.75,60,0.0,1009.8,973.3,,14.0,0.102,34.1,10906X0039/C2-1
3362,2026-03-17,2.685378283,42.685696389,51,36.5,24.6,40.7,27.1,2026-03-17T03:14,2026-03-17T15:20,43572.85,34818.72,,,0.2,0.0,0.0,0.2,1.0,,20.41,6.07,39,20.5,6.07,60,0.0,1007.8,971.4,,16.4,0.102,34.0,10906X0039/C2-1
3363,2026-03-18,2.685378283,42.685696389,51,36.4,24.6,39.7,26.8,2026-03-18T03:14,2026-03-18T15:20,43581.8,37026.46,,,0.2,0.0,0.0,0.2,2.0,,20.66,6.13,88,20.1,6.13,60,0.0,1009.0,972.5,,16.3,0.099,34.1,10906X0039/C2-1
3364,2026-03-19,2.685378283,42.685696389,51,36.1,24.6,39.3,27.2,2026-03-19T03:13,2026-03-19T15:20,43590.74,41996.12,,,0.5,0.0,0.0,0.5,5.0,,24.01,6.97,86,19.5,6.97,56,0.0,1008.8,972.5,,14.6,0.099,34.2,10906X0039/C2-1
3365,2026-03-20,2.685378283,42.685696389,55,35.0,24.9,38.5,27.3,2026-03-20T03:13,2026-03-20T15:20,43599.67,32351.4,,,1.7,0.0,0.0,1.7,3.0,,17.47,5.12,95,20.4,5.12,63,0.0,1008.9,972.4,,15.1,0.1,33.9,10906X0039/C2-1
3366,2026-03-21,2.685378283,42.685696389,51,34.2,24.5,37.8,27.3,2026-03-21T03:12,2026-03-21T15:19,43608.58,39388.23,,,0.7,0.0,0.0,0.7,6.0,,23.17,6.2,81,19.7,6.2,60,0.0,1008.8,972.3,,13.0,0.101,33.9,10906X0039/C2-1
3367,2026-03-22,2.685378283,42.685696389,3,35.4,24.1,38.1,26.5,2026-03-22T03:12,2026-03-22T15:19,43617.46,42236.82,,,0.0,0.0,0.0,0.0,0.0,,23.84,7.02,25,19.0,7.02,56,0.0,1009.0,972.6,,15.3,0.101,33.9,10906X0039/C2-1
3368,2026-03-23,2.685378283,42.685696389,51,34.7,24.7,37.3,27.2,2026-03-23T03:12,2026-03-23T15:19,43626.31,41266.37,,,1.1,0.0,0.0,1.1,6.0,,20.6,5.78,79,20.0,5.78,60,0.0,1010.2,973.6,,13.5,0.101,33.7,10906X0039/C2-1
3369,2026-03-24,2.685378283,42.685696389,51,33.2,24.1,36.6,26.1,2026-03-24T03:11,2026-03-24T15:19,43635.22,42174.0,,,0.4,0.0,0.0,0.4,3.0,,20.67,5.92,47,19.3,5.92,58,0.0,1009.6,973.1,,13.8,0.102,33.5,10906X0039/C2-1
3370,2026-03-25,2.685378283,42.685696389,3,36.1,23.4,39.0,26.1,2026-03-25T03:11,2026-03-25T15:18,43644.16,42301.12,,,0.0,0.0,0.0,0.0,0.0,,24.9,6.78,39,17.9,6.78,53,0.0,1008.2,971.8,,12.2,0.102,33.6,10906X0039/C2-1
3371,2026-03-26,2.685378283,42.685696389,53,33.7,24.7,36.9,27.2,2026-03-26T03:11,2026-03-26T15:18,43653.14,35166.9,,,1.5,0.0,0.0,1.5,4.0,,17.06,4.86,94,20.4,4.86,63,0.0,1010.6,974.0,,13.1,0.106,33.6,10906X0039/C2-1
3372,2026-03-27,2.685378283,42.685696389,3,35.9,24.2,37.9,26.7,2026-03-27T03:10,2026-03-27T15:18,43662.15,41222.43,,,0.0,0.0,0.0,0.0,0.0,,24.9,7.22,59,19.1,7.22,56,0.0,1011.7,975.2,,16.4,0.106,33.6,10906X0039/C2-1
3373,2026-03-28,2.685378283,42.685696389,51,35.1,24.0,38.2,26.8,2026-03-28T03:10,2026-03-28T15:18,43671.2,42368.22,,,0.2,0.0,0.0,0.2,2.0,,24.43,6.38,34,18.8,6.38,55,0.0,1010.8,974.4,,10.7,0.105,33.8,10906X0039/C2-1
3374,2026-03-29,2.685378283,42.685696389,51,35.4,25.0,39.1,28.4,2026-03-29T03:10,2026-03-29T15:18,43680.27,36872.9,,,0.7,0.0,0.0,0.7,3.0,,20.86,5.65,67,19.4,5.65,57,0.0,1009.1,972.7,,9.6,0.105,33.9,10906X0039/C2-1
3375,2026-03-30,2.685378283,42.685696389,63,33.8,22.6,35.5,25.6,2026-03-30T03:09,2026-03-30T15:17,43689.35,32014.0,,,19.8,0.0,0.0,19.8,11.0,,17.32,4.17,88,20.5,4.17,69,0.0,1009.7,973.0,,8.6,0.108,33.5,10906X0039/C2-1
3376,2026-03-31,2.685378283,42.685696389,51,34.0,22.7,37.1,25.4,2026-03-31T03:09,2026-03-31T15:17,43698.45,42336.04,,,0.8,0.0,0.0,0.8,4.0,,23.95,5.73,78,19.8,5.73,63,0.0,1010.2,973.6,,8.7,0.111,33.1,10906X0039/C2-1
3377,2026-04-01,2.685378283,42.685696389,63,33.2,23.9,38.0,26.7,2026-04-01T03:08,2026-04-01T15:17,43707.55,42459.7,,,3.6,0.0,0.0,3.6,5.0,,21.92,5.22,93,20.0,5.22,62,0.0,1010.7,974.1,,8.8,0.109,33.1,10906X0039/C2-1
3378,2026-04-02,2.685378283,42.685696389,51,34.8,23.7,38.5,26.5,2026-04-02T03:08,2026-04-02T15:17,43716.65,42482.55,,,0.2,0.0,0.0,0.2,2.0,,24.31,6.04,51,19.1,6.04,57,0.0,1010.6,974.0,,10.5,0.108,33.2,10906X0039/C2-1
3379,2026-04-03,2.685378283,42.685696389,3,35.7,23.8,38.2,26.2,2026-04-03T03:08,2026-04-03T15:16,43725.74,42505.27,,,0.0,0.0,0.0,0.0,0.0,,24.99,6.9,31,18.8,6.9,55,0.0,1010.4,973.9,,14.2,0.107,33.3,10906X0039/C2-1
3380,2026-04-04,2.685378283,42.685696389,51,34.2,24.4,37.2,26.8,2026-04-04T03:07,2026-04-04T15:16,43734.82,38927.79,,,0.2,0.0,0.0,0.2,1.0,,20.1,5.29,53,18.8,5.29,54,0.0,1010.4,973.9,,8.6,0.106,33.5,10906X0039/C2-1
3381,2026-04-05,2.685378283,42.685696389,53,34.0,24.0,37.2,27.7,2026-04-05T03:07,2026-04-05T15:16,43743.89,34741.27,,,0.7,0.0,0.0,0.7,2.0,,18.38,4.6,80,19.3,4.6,56,0.0,1011.4,974.8,,6.9,0.107,33.5,10906X0039/C2-1
3382,2026-04-06,2.685378283,42.685696389,3,34.9,24.7,38.6,26.4,2026-04-06T03:07,2026-04-06T15:16,43752.91,32988.31,,,0.0,0.0,0.0,0.0,0.0,,19.21,5.91,68,19.2,5.91,56,0.0,1012.6,976.0,,14.8,0.106,33.6,10906X0039/C2-1
3383,2026-04-07,2.685378283,42.685696389,63,34.4,24.4,38.2,27.2,2026-04-07T03:06,2026-04-07T15:16,43761.92,35393.67,,,3.1,0.0,0.0,3.1,2.0,,18.37,4.79,41,20.1,4.79,61,0.0,1013.5,976.8,,10.4,0.107,33.3,10906X0039/C2-1
3384,2026-04-08,2.685378283,42.685696389,65,34.6,23.5,38.3,26.4,2026-04-08T03:06,2026-04-08T15:15,43770.87,40296.29,,,14.0,0.0,0.0,14.0,6.0,,20.93,5.13,49,21.0,5.13,68,0.0,1012.7,976.0,,10.8,0.109,33.2,10906X0039/C2-1
3385,2026-04-09,2.685378283,42.685696389,61,35.1,24.5,38.3,27.7,2026-04-09T03:05,2026-04-09T15:15,43779.78,42635.58,,,1.4,0.0,0.0,1.4,1.0,,23.32,5.99,56,20.4,5.99,60,0.0,1011.8,975.2,,11.8,0.107,33.3,10906X0039/C2-1
3386,2026-04-10,2.685378283,42.685696389,51,34.1,24.1,38.1,27.5,2026-04-10T03:05,2026-04-10T15:15,43788.64,42655.74,,,0.7,0.0,0.0,0.7,3.0,,23.86,5.97,43,19.9,5.97,60,0.0,1011.9,975.3,,10.0,0.114,33.0,10906X0039/C2-1
3387,2026-04-11,2.685378283,42.685696389,51,34.6,24.7,39.0,27.7,2026-04-11T03:05,2026-04-11T15:15,43797.44,42675.32,,,0.2,0.0,0.0,0.2,2.0,,23.97,6.04,32,19.9,6.04,58,0.0,1011.6,975.1,,10.1,0.112,33.1,10906X0039/C2-1
3388,2026-04-12,2.685378283,42.685696389,51,34.2,24.6,38.8,27.2,2026-04-12T03:04,2026-04-12T15:15,43806.17,42694.24,,,0.3,0.0,0.0,0.3,2.0,,24.02,6.06,65,20.3,6.06,61,0.0,1010.7,974.1,,11.2,0.113,33.0,10906X0039/C2-1
3389,2026-04-13,2.685378283,42.685696389,51,35.2,25.2,37.9,28.1,2026-04-13T03:04,2026-04-13T15:14,43814.92,42712.87,,,0.4,0.0,0.0,0.4,3.0,,23.72,6.45,64,19.4,6.45,55,0.0,1010.3,973.9,,12.5,0.11,33.1,10906X0039/C2-1
3390,2026-04-14,2.685378283,42.685696389,63,34.6,24.9,37.8,27.2,2026-04-14T03:04,2026-04-14T15:14,43823.67,42731.4,,,4.2,0.0,0.0,4.2,8.0,,23.7,6.29,44,20.1,6.29,61,0.0,1010.6,974.1,,13.1,0.11,33.1,10906X0039/C2-1
3391,2026-04-15,2.685378283,42.685696389,63,31.4,23.4,35.4,26.7,2026-04-15T03:04,2026-04-15T15:14,43832.43,36184.19,,,17.0,0.0,0.0,17.0,15.0,,16.66,3.66,91,21.9,3.66,78,0.0,1010.3,973.5,,7.8,0.117,32.5,10906X0039/C2-1
3392,2026-04-16,2.685378283,42.685696389,63,31.6,22.9,36.8,26.4,2026-04-16T03:03,2026-04-16T15:14,43841.18,32760.15,,,19.0,0.0,0.0,19.0,15.0,,18.98,4.19,90,21.7,4.19,77,0.0,1009.8,972.9,,7.9,0.127,32.0,10906X0039/C2-1
3393,2026-04-17,2.685378283,42.685696389,63,31.9,22.6,36.2,26.6,2026-04-17T03:03,2026-04-17T15:14,43849.92,42785.95,,,5.6,0.0,0.0,5.6,6.0,,21.25,4.64,75,21.4,4.64,77,0.0,1010.4,973.5,,8.2,0.128,31.8,10906X0039/C2-1
3394,2026-04-18,2.685378283,42.685696389,63,31.8,23.2,36.5,26.9,2026-04-18T03:03,2026-04-18T15:14,43858.66,38859.17,,,5.9,0.0,0.0,5.9,7.0,,18.78,4.28,70,21.4,4.28,74,0.0,1010.4,973.6,,9.3,0.129,31.6,10906X0039/C2-1
3395,2026-04-19,2.685378283,42.685696389,53,31.8,23.7,37.2,28.2,2026-04-19T03:02,2026-04-19T15:13,43867.36,40887.6,,,2.3,0.0,0.0,2.3,12.0,,21.18,4.61,63,21.5,4.61,72,0.0,1010.5,973.7,,4.6,0.131,31.4,10906X0039/C2-1
3396,2026-04-20,2.685378283,42.685696389,53,30.6,23.7,34.3,28.5,2026-04-20T03:02,2026-04-20T15:13,43876.04,41100.42,,,1.4,0.0,0.0,1.4,5.0,,18.22,3.92,58,22.0,3.92,76,0.0,1009.9,973.1,,5.1,0.133,31.2,10906X0039/C2-1
3397,2026-04-21,2.685378283,42.685696389,61,31.3,23.2,35.5,26.6,2026-04-21T03:02,2026-04-21T15:13,43884.68,39254.93,,,4.2,0.0,0.0,4.2,7.0,,21.37,4.78,60,21.8,4.78,74,0.0,1009.9,973.2,,10.9,0.132,31.2,10906X0039/C2-1
3398,2026-04-22,2.685378283,42.685696389,51,33.3,23.8,37.2,26.8,2026-04-22T03:02,2026-04-22T15:13,43893.28,42871.26,,,0.1,0.0,0.0,0.1,1.0,,24.45,5.9,24,21.3,5.9,69,0.0,1009.0,972.4,,13.6,0.13,31.2,10906X0039/C2-1
3399,2026-04-23,2.685378283,42.685696389,61,32.1,23.7,35.6,27.4,2026-04-23T03:01,2026-04-23T15:13,43901.83,39122.41,,,8.0,0.0,0.0,8.0,13.0,,18.65,4.11,89,22.2,4.11,80,0.0,1009.6,972.8,,12.8,0.121,31.0,10906X0039/C2-1
3400,2026-04-24,2.685378283,42.685696389,61,30.6,23.1,34.1,27.4,2026-04-24T03:01,2026-04-24T15:13,43910.31,42674.35,,,5.5,0.0,0.0,5.5,11.0,,20.5,4.31,96,22.3,4.31,82,0.0,1009.4,972.5,,9.4,0.121,30.6,10906X0039/C2-1
3401,2026-04-25,2.685378283,42.685696389,63,29.3,23.2,34.8,26.7,2026-04-25T03:01,2026-04-25T15:13,43918.74,18656.98,,,9.7,0.0,0.0,9.7,14.0,,14.06,2.95,96,22.6,2.95,85,0.0,1010.9,973.9,,7.4,0.108,30.4,10906X0039/C2-1
3402,2026-04-26,2.685378283,42.685696389,63,30.0,23.1,35.3,27.6,2026-04-26T03:00,2026-04-26T15:13,43927.09,41014.15,,,5.3,0.0,0.0,5.3,4.0,,19.57,3.94,98,22.5,3.94,82,0.0,1011.3,974.4,,7.1,0.113,30.3,10906X0039/C2-1
3403,2026-04-27,2.685378283,42.685696389,63,31.4,23.2,35.6,26.7,2026-04-27T03:00,2026-04-27T15:12,43935.36,36152.52,,,8.4,0.0,0.0,8.4,6.0,,20.49,4.38,79,22.3,4.38,80,0.0,1010.9,974.0,,10.2,0.118,30.2,10906X0039/C2-1
3404,2026-04-28,2.685378283,42.685696389,63,31.0,24.6,35.7,28.7,2026-04-28T03:00,2026-04-28T15:12,43943.54,29770.64,,,3.9,0.0,0.0,3.9,7.0,,17.89,4.15,87,22.4,4.15,76,0.0,1010.2,973.5,,11.1,0.104,30.3,10906X0039/C2-1
3405,2026-04-29,2.685378283,42.685696389,51,32.4,24.5,36.2,27.8,2026-04-29T03:00,2026-04-29T15:12,43951.63,36000.0,,,1.1,0.0,0.0,1.1,7.0,,21.33,5.18,74,22.2,5.18,74,0.0,1010.7,974.0,,14.1,0.1,30.3,10906X0039/C2-1
3406,2026-04-30,2.685378283,42.685696389,51,32.2,23.9,34.2,26.7,2026-04-30T03:00,2026-04-30T15:12,43959.61,30002.67,,,0.9,0.0,0.0,0.9,4.0,,17.24,4.32,94,21.9,4.32,75,0.0,1011.9,975.0,,14.3,0.088,30.3,10906X0039/C2-1
3407,2026-05-01,2.685378283,42.685696389,51,32.4,23.4,35.4,27.2,2026-05-01T02:59,2026-05-01T15:12,43967.47,42993.81,,,0.5,0.0,0.0,0.5,5.0,,23.43,5.53,50,21.3,5.53,71,0.0,1011.6,974.8,,13.5,0.083,30.3,10906X0039/C2-1
3408,2026-05-02,2.685378283,42.685696389,63,32.2,23.4,35.2,26.5,2026-05-02T02:59,2026-05-02T15:12,43975.23,39046.94,,,3.2,0.0,0.0,3.2,4.0,,19.02,4.65,71,21.6,4.65,74,0.0,1012.1,975.2,,14.4,0.079,30.3,10906X0039/C2-1
3409,2026-05-03,2.685378283,42.685696389,53,33.1,23.6,37.0,28.0,2026-05-03T02:59,2026-05-03T15:12,43982.93,42678.53,,,1.5,0.0,0.0,1.5,8.0,,22.89,5.43,79,22.2,5.43,74,0.0,1012.6,975.9,,13.1,0.078,30.3,10906X0039/C2-1
3410,2026-05-04,2.685378283,42.685696389,51,33.3,23.7,36.7,27.3,2026-05-04T02:59,2026-05-04T15:12,43990.59,43022.62,,,0.5,0.0,0.0,0.5,4.0,,23.05,5.79,58,21.8,5.79,71,0.0,1011.6,974.9,,16.4,0.077,30.5,10906X0039/C2-1
3411,2026-05-05,2.685378283,42.685696389,61,34.0,23.7,36.4,26.6,2026-05-05T02:59,2026-05-05T15:12,43998.19,35079.8,,,3.8,0.0,0.0,3.8,7.0,,19.84,4.94,94,21.9,4.94,74,0.0,1010.8,974.1,,16.0,0.078,30.5,10906X0039/C2-1
3412,2026-05-06,2.685378283,42.685696389,51,32.7,23.2,36.1,27.0,2026-05-06T02:59,2026-05-06T15:12,44005.73,40706.95,,,0.5,0.0,0.0,0.5,2.0,,19.97,4.82,86,21.8,4.82,75,0.0,1010.4,973.6,,14.0,0.078,30.4,10906X0039/C2-1
3413,2026-05-07,2.685378283,42.685696389,51,33.3,23.4,37.0,27.2,2026-05-07T02:59,2026-05-07T15:12,44013.21,43046.25,,,0.3,0.0,0.0,0.3,3.0,,22.05,5.47,63,21.8,5.47,71,0.0,1010.1,973.5,,13.8,0.076,30.6,10906X0039/C2-1
3414,2026-05-08,2.685378283,42.685696389,53,33.1,23.4,36.2,26.8,2026-05-08T02:58,2026-05-08T15:12,44020.6,43053.0,,,1.5,0.0,0.0,1.5,4.0,,21.86,5.59,30,21.4,5.59,71,0.0,1010.2,973.5,,16.9,0.074,30.8,10906X0039/C2-1
3415,2026-05-09,2.685378283,42.685696389,51,34.0,23.3,36.1,26.3,2026-05-09T02:58,2026-05-09T15:12,44027.92,43059.19,,,0.1,0.0,0.0,0.1,1.0,,23.42,6.32,47,20.5,6.32,65,0.0,1011.0,974.3,,17.2,0.071,30.9,10906X0039/C2-1
3416,2026-05-10,2.685378283,42.685696389,51,33.8,23.2,35.8,25.9,2026-05-10T02:58,2026-05-10T15:12,44035.15,43064.81,,,0.5,0.0,0.0,0.5,3.0,,22.73,6.03,56,20.5,6.03,66,0.0,1011.6,974.9,,17.0,0.072,31.0,10906X0039/C2-1
3417,2026-05-11,2.685378283,42.685696389,51,34.1,23.3,35.6,26.4,2026-05-11T02:58,2026-05-11T15:12,44042.28,39469.87,,,0.2,0.0,0.0,0.2,1.0,,20.55,6.03,55,20.0,6.03,63,0.0,1012.4,975.7,,17.9,0.073,31.0,10906X0039/C2-1
3418,2026-05-12,2.685378283,42.685696389,51,31.3,23.6,34.1,26.1,2026-05-12T02:58,2026-05-12T15:12,44049.31,37110.73,,,0.4,0.0,0.0,0.4,3.0,,17.54,4.47,89,21.5,4.47,72,0.0,1012.7,975.9,,15.5,0.042,32.0,10906X0039/C2-1
3419,2026-05-13,2.685378283,42.685696389,53,32.7,22.9,35.7,25.9,2026-05-13T02:58,2026-05-13T15:12,44056.22,42747.91,,,1.4,0.0,0.0,1.4,7.0,,22.23,5.46,71,21.8,5.46,74,0.0,1011.9,975.1,,18.3,0.028,32.6,10906X0039/C2-1
3420,2026-05-14,2.685378283,42.685696389,51,33.5,23.2,36.0,25.7,2026-05-14T02:58,2026-05-14T15:12,44063.02,38040.18,,,0.9,0.0,0.0,0.9,6.0,,23.52,5.96,51,21.2,5.96,71,0.0,1012.2,975.4,,20.1,0.027,32.8,10906X0039/C2-1
3421,2026-05-15,2.685378283,42.685696389,51,33.5,23.0,34.9,25.2,2026-05-15T02:58,2026-05-15T15:12,44069.68,43084.49,,,0.7,0.0,0.0,0.7,6.0,,23.77,6.49,62,19.8,6.49,64,0.0,1011.7,975.0,,19.7,0.027,32.8,10906X0039/C2-1
3422,2026-05-16,2.685378283,42.685696389,53,33.3,23.1,34.9,24.6,2026-05-16T02:58,2026-05-16T15:12,44076.21,39852.37,,,1.9,0.0,0.0,1.9,8.0,,22.17,5.77,67,20.8,5.77,71,0.0,1011.5,974.7,,20.4,0.025,32.5,10906X0039/C2-1
3423,2026-05-17,2.685378283,42.685696389,51,32.6,22.8,34.3,25.0,2026-05-17T02:58,2026-05-17T15:13,44082.6,40243.49,,,0.4,0.0,0.0,0.4,4.0,,21.95,5.74,78,20.5,5.74,70,0.0,1012.4,975.5,,20.5,0.025,32.6,10906X0039/C2-1
3424,2026-05-18,2.685378283,42.685696389,53,32.1,22.8,33.7,25.0,2026-05-18T02:58,2026-05-18T15:13,44088.83,43089.56,,,1.4,0.0,0.0,1.4,7.0,,20.74,5.48,69,20.4,5.48,69,0.0,1012.9,976.0,,19.7,0.025,32.4,10906X0039/C2-1
3425,2026-05-19,2.685378283,42.685696389,51,32.8,22.6,33.9,24.7,2026-05-19T02:58,2026-05-19T15:13,44094.91,43090.13,,,0.2,0.0,0.0,0.2,1.0,,23.41,6.23,56,19.9,6.23,66,0.0,1012.9,976.1,,20.0,0.024,32.5,10906X0039/C2-1
3426,2026-05-20,2.685378283,42.685696389,51,32.8,22.6,33.4,24.4,2026-05-20T02:58,2026-05-20T15:13,44100.81,43090.13,,,0.4,0.0,0.0,0.4,3.0,,23.69,6.45,30,19.4,6.45,64,0.0,1013.1,976.3,,20.0,0.026,32.4,10906X0039/C2-1
3427,2026-05-21,2.685378283,42.685696389,3,34.2,22.8,35.2,24.6,2026-05-21T02:58,2026-05-21T15:13,44106.54,43089.57,,,0.0,0.0,0.0,0.0,0.0,,24.62,6.89,18,19.4,6.89,62,0.0,1013.6,976.8,,20.0,0.023,32.5,10906X0039/C2-1
3428,2026-05-22,2.685378283,42.685696389,51,33.8,22.8,34.6,24.4,2026-05-22T02:58,2026-05-22T15:13,44112.09,43088.45,,,0.1,0.0,0.0,0.1,1.0,,24.07,6.94,23,18.9,6.94,60,0.0,1014.2,977.4,,20.1,0.024,32.6,10906X0039/C2-1
3429,2026-05-23,2.685378283,42.685696389,51,33.8,22.9,35.2,24.5,2026-05-23T02:58,2026-05-23T15:13,44117.51,43086.59,,,0.1,0.0,0.0,0.1,1.0,,23.09,6.65,23,19.4,6.65,62,0.0,1014.7,977.8,,20.6,0.024,32.5,10906X0039/C2-1
3430,2026-05-24,2.685378283,42.685696389,53,33.0,22.7,34.4,24.4,2026-05-24T02:58,2026-05-24T15:13,44122.8,43083.92,,,1.6,0.0,0.0,1.6,6.0,,20.39,5.87,34,19.9,5.87,66,0.0,1015.1,978.2,,20.8,0.024,32.3,10906X0039/C2-1
3431,2026-05-25,2.685378283,42.685696389,51,33.5,22.9,34.5,24.2,2026-05-25T02:58,2026-05-25T15:13,44127.96,43080.49,,,0.1,0.0,0.0,0.1,1.0,,22.61,6.65,21,18.9,6.65,62,0.0,1014.9,978.1,,21.3,0.024,32.2,10906X0039/C2-1
3432,2026-05-26,2.685378283,42.685696389,51,33.6,22.3,34.7,24.1,2026-05-26T02:58,2026-05-26T15:14,44132.99,43076.35,,,0.1,0.0,0.0,0.1,1.0,,23.25,6.74,66,18.5,6.74,60,0.0,1014.5,977.7,,19.4,0.023,32.2,10906X0039/C2-1
3433,2026-05-27,2.685378283,42.685696389,51,33.3,22.8,34.1,25.3,2026-05-27T02:58,2026-05-27T15:14,44137.86,43071.54,,,0.6,0.0,0.0,0.6,6.0,,23.55,6.61,69,19.6,6.61,63,0.0,1014.5,977.7,,19.6,0.023,32.1,10906X0039/C2-1
3434,2026-05-28,2.685378283,42.685696389,51,33.4,22.9,33.7,25.1,2026-05-28T02:58,2026-05-28T15:14,44142.59,43066.09,,,1.2,0.0,0.0,1.2,8.0,,23.43,6.54,23,19.4,6.54,63,0.0,1014.9,978.0,,19.7,0.023,32.1,10906X0039/C2-1
3435,2026-05-29,2.685378283,42.685696389,2,34.1,23.0,34.3,25.0,2026-05-29T02:58,2026-05-29T15:14,44147.17,43060.04,,,0.0,0.0,0.0,0.0,0.0,,23.36,6.76,18,19.0,6.76,63,0.0,1015.2,978.3,,20.6,0.022,32.2,10906X0039/C2-1
3436,2026-05-30,2.685378283,42.685696389,53,31.2,22.5,32.4,24.5,2026-05-30T02:58,2026-05-30T15:14,44151.58,41304.36,,,2.3,0.0,0.0,2.3,8.0,,19.57,5.03,59,20.3,5.03,72,0.0,1014.7,977.7,,20.0,0.023,32.0,10906X0039/C2-1
3437,2026-05-31,2.685378283,42.685696389,53,32.5,22.4,33.9,25.0,2026-05-31T02:58,2026-05-31T15:14,44155.83,36000.0,,,1.9,0.0,0.0,1.9,11.0,,20.72,5.28,51,20.6,5.28,73,0.0,1014.5,977.5,,19.1,0.024,31.8,10906X0039/C2-1
3438,2026-06-01,2.685378283,42.685696389,61,31.7,22.8,34.4,25.1,2026-06-01T02:59,2026-06-01T15:15,44159.92,36569.61,,,5.0,0.0,0.0,5.0,13.0,,18.41,4.45,81,21.2,4.45,77,0.0,1015.1,978.0,,17.3,0.025,31.6,10906X0039/C2-1
3439,2026-06-02,2.685378283,42.685696389,55,29.7,22.3,31.7,24.9,2026-06-02T02:59,2026-06-02T15:15,44163.83,31358.48,,,2.8,0.0,0.0,2.8,8.0,,14.63,3.72,76,20.9,3.72,76,0.0,1015.6,978.5,,15.7,0.026,31.3,10906X0039/C2-1
3440,2026-06-03,2.685378283,42.685696389,61,31.2,22.5,32.8,24.8,2026-06-03T02:59,2026-06-03T15:15,44167.55,28019.96,,,4.3,0.0,0.0,4.3,12.0,,16.86,4.05,68,21.3,4.05,79,0.0,1015.1,978.0,,18.4,0.025,31.2,10906X0039/C2-1
3441,2026-06-04,2.685378283,42.685696389,3,32.5,21.8,34.1,25.0,2026-06-04T02:59,2026-06-04T15:15,44171.09,42875.74,,,0.0,0.0,0.0,0.0,0.0,,22.65,5.72,42,20.1,5.72,70,0.0,1013.9,977.0,,16.7,0.023,31.5,10906X0039/C2-1
3442,2026-06-05,2.685378283,42.685696389,61,32.3,22.4,34.8,25.0,2026-06-05T02:59,2026-06-05T15:15,44174.44,40263.57,,,3.1,0.0,0.0,3.1,8.0,,19.92,5.03,52,21.0,5.03,73,0.0,1013.5,976.5,,17.6,0.021,31.6,10906X0039/C2-1
3443,2026-06-06,2.685378283,42.685696389,3,33.4,21.6,34.3,24.3,2026-06-06T02:59,2026-06-06T15:16,44177.58,41650.37,,,0.0,0.0,0.0,0.0,0.0,,22.46,5.99,51,19.9,5.99,67,0.0,1014.5,977.6,,18.7,0.02,31.8,10906X0039/C2-1
3444,2026-06-07,2.685378283,42.685696389,3,32.0,22.7,31.9,24.4,2026-06-07T02:59,2026-06-07T15:16,44180.53,31899.43,,,0.0,0.0,0.0,0.0,0.0,,16.9,5.3,51,19.1,5.3,64,0.0,1016.2,979.2,,19.3,0.019,31.8,10906X0039/C2-1
3445,2026-06-08,2.685378283,42.685696389,3,33.7,21.8,32.9,23.8,2026-06-08T03:00,2026-06-08T15:16,44183.27,36926.7,,,0.0,0.0,0.0,0.0,0.0,,22.12,6.41,93,18.4,6.41,62,0.0,1016.0,979.1,,19.4,0.018,31.8,10906X0039/C2-1
3446,2026-06-09,2.685378283,42.685696389,51,33.3,21.5,33.8,23.9,2026-06-09T03:00,2026-06-09T15:16,44185.8,42966.93,,,0.6,0.0,0.0,0.6,4.0,,23.02,6.42,94,18.9,6.42,63,0.0,1015.0,978.0,,18.8,0.019,31.8,10906X0039/C2-1
3447,2026-06-10,2.685378283,42.685696389,51,32.6,22.1,33.5,24.7,2026-06-10T03:00,2026-06-10T15:16,44188.1,40422.96,,,0.4,0.0,0.0,0.4,4.0,,22.04,6.16,93,18.9,6.16,64,0.0,1014.7,977.8,,18.8,0.019,31.8,10906X0039/C2-1
3448,2026-06-11,2.685378283,42.685696389,51,32.6,21.5,33.2,23.8,2026-06-11T03:00,2026-06-11T15:17,44190.19,42947.32,,,0.3,0.0,0.0,0.3,3.0,,22.72,6.32,92,18.4,6.32,62,0.0,1015.4,978.4,,17.8,0.019,31.7,10906X0039/C2-1
3449,2026-06-12,2.685378283,42.685696389,51,33.4,22.2,33.0,23.4,2026-06-12T03:00,2026-06-12T15:17,44192.08,42937.03,,,0.3,0.0,0.0,0.3,1.0,,21.88,6.69,97,17.9,6.69,59,0.0,1015.4,978.5,,20.7,0.019,31.8,10906X0039/C2-1
3450,2026-06-13,2.685378283,42.685696389,51,32.7,22.2,32.7,23.2,2026-06-13T03:00,2026-06-13T15:17,44193.76,42926.1,,,0.8,0.0,0.0,0.8,6.0,,20.68,6.51,81,18.0,6.51,59,0.0,1016.0,979.0,,21.3,0.019,31.8,10906X0039/C2-1
3451,2026-06-14,2.685378283,42.685696389,3,33.0,21.2,32.3,22.3,2026-06-14T03:01,2026-06-14T15:17,44195.25,42914.59,,,0.0,0.0,0.0,0.0,0.0,,22.96,6.86,81,17.0,6.86,57,0.0,1015.8,978.8,,21.0,0.019,31.9,10906X0039/C2-1
3452,2026-06-15,2.685378283,42.685696389,63,30.7,21.8,31.9,24.1,2026-06-15T03:01,2026-06-15T15:17,44196.53,33574.37,,,11.4,0.0,0.0,11.4,15.0,,18.03,4.52,95,20.2,4.52,74,0.0,1016.0,978.9,,16.8,0.021,31.7,10906X0039/C2-1
3453,2026-06-16,2.685378283,42.685696389,51,33.3,22.4,34.3,24.4,2026-06-16T03:01,2026-06-16T15:18,44197.61,32841.23,,,1.1,0.0,0.0,1.1,7.0,,19.81,5.85,64,19.5,5.85,66,0.0,1016.4,979.4,,21.3,0.018,31.8,10906X0039/C2-1
3454,2026-06-17,2.685378283,42.685696389,55,31.3,22.6,31.7,23.9,2026-06-17T03:01,2026-06-17T15:18,44198.49,28800.0,,,3.8,0.0,0.0,3.8,11.0,,16.29,4.67,58,20.1,4.67,72,0.0,1016.5,979.4,,22.3,0.019,31.8,10906X0039/C2-1
3455,2026-06-18,2.685378283,42.685696389,51,31.1,22.3,31.6,23.4,2026-06-18T03:02,2026-06-18T15:18,44199.17,41980.99,,,1.8,0.0,0.0,1.8,10.0,,20.89,5.64,37,19.2,5.64,68,0.0,1014.7,977.7,,21.7,0.019,31.7,10906X0039/C2-1
3456,2026-06-19,2.685378283,42.685696389,51,31.9,21.4,31.7,23.1,2026-06-19T03:02,2026-06-19T15:18,44199.64,41734.46,,,1.6,0.0,0.0,1.6,9.0,,21.39,5.73,77,18.8,5.73,68,0.0,1014.1,977.1,,20.8,0.02,31.7,10906X0039/C2-1
3457,2026-06-20,2.685378283,42.685696389,51,31.6,21.9,31.9,23.7,2026-06-20T03:02,2026-06-20T15:19,44199.92,42836.94,,,1.0,0.0,0.0,1.0,6.0,,20.43,5.41,60,19.2,5.41,69,0.0,1015.4,978.2,,20.1,0.021,31.6,10906X0039/C2-1
3458,2026-06-21,2.685378283,42.685696389,53,31.6,21.6,31.9,23.5,2026-06-21T03:02,2026-06-21T15:19,44199.99,39878.15,,,1.6,0.0,0.0,1.6,8.0,,19.83,5.42,87,18.8,5.42,68,0.0,1015.0,977.9,,20.3,0.02,31.4,10906X0039/C2-1
3459,2026-06-22,2.685378283,42.685696389,53,30.6,21.7,30.2,22.3,2026-06-22T03:02,2026-06-22T15:19,44199.86,40976.58,,,1.5,0.0,0.0,1.5,8.0,,18.09,5.02,58,18.7,5.02,69,0.0,1015.4,978.2,,21.8,0.02,31.1,10906X0039/C2-1
3460,2026-06-23,2.685378283,42.685696389,53,30.7,21.2,31.3,22.6,2026-06-23T03:03,2026-06-23T15:19,44199.53,39195.57,,,0.7,0.0,0.0,0.7,2.0,,19.71,5.09,46,19.0,5.09,71,0.0,1015.7,978.5,,20.5,0.02,31.0,10906X0039/C2-1
3461,2026-06-24,2.685378283,42.685696389,51,31.0,21.1,30.6,22.7,2026-06-24T03:03,2026-06-24T15:20,44198.99,42781.84,,,1.4,0.0,0.0,1.4,8.0,,22.23,5.94,36,18.1,5.94,65,0.0,1016.1,979.0,,20.4,0.02,31.0,10906X0039/C2-1
3462,2026-06-25,2.685378283,42.685696389,51,31.1,21.7,30.2,22.7,2026-06-25T03:03,2026-06-25T15:20,44198.26,37031.92,,,0.1,0.0,0.0,0.1,1.0,,17.74,5.71,43,17.7,5.71,62,0.0,1016.3,979.2,,22.3,0.02,31.0,10906X0039/C2-1
3463,2026-06-26,2.685378283,42.685696389,51,30.1,22.5,28.0,22.6,2026-06-26T03:03,2026-06-26T15:20,44197.32,33590.49,,,0.1,0.0,0.0,0.1,1.0,,14.71,5.47,76,17.6,5.47,61,0.0,1016.1,978.9,,24.7,0.019,30.9,10906X0039/C2-1
3464,2026-06-27,2.685378283,42.685696389,51,32.2,22.3,30.7,21.8,2026-06-27T03:04,2026-06-27T15:20,44196.19,29290.68,,,0.3,0.0,0.0,0.3,3.0,,18.75,6.4,66,17.0,6.4,59,0.0,1015.4,978.3,,24.5,0.018,30.9,10906X0039/C2-1
3465,2026-06-28,2.685378283,42.685696389,53,31.4,21.4,29.4,21.9,2026-06-28T03:04,2026-06-28T15:20,44194.85,24666.38,,,1.7,0.0,0.0,1.7,6.0,,15.22,5.59,83,17.8,5.59,62,0.0,1014.4,977.4,,23.3,0.019,30.7,10906X0039/C2-1
3466,2026-06-29,2.685378283,42.685696389,51,32.6,22.1,32.5,23.3,2026-06-29T03:04,2026-06-29T15:21,44193.32,40136.6,,,0.7,0.0,0.0,0.7,7.0,,20.07,6.22,34,18.2,6.22,61,0.0,1014.5,977.6,,22.1,0.019,30.8,10906X0039/C2-1
3467,2026-06-30,2.685378283,42.685696389,51,29.4,22.4,28.5,22.3,2026-06-30T03:04,2026-06-30T15:21,44191.59,16559.05,,,0.1,0.0,0.0,0.1,1.0,,11.57,4.6,70,18.0,4.6,63,0.0,1014.7,977.6,,21.7,0.019,30.8,10906X0039/C2-1
3468,2026-07-01,2.685378283,42.685696389,3,33.3,21.3,31.8,20.5,2026-07-01T03:04,2026-07-01T15:21,44189.65,32705.52,,,0.0,0.0,0.0,0.0,0.0,,20.24,7.2,37,15.3,7.2,52,0.0,1014.3,977.3,,24.0,0.018,30.9,10906X0039/C2-1
3469,2026-07-02,2.685378283,42.685696389,3,32.4,20.9,31.0,20.3,2026-07-02T03:05,2026-07-02T15:21,44187.5,29146.42,,,0.0,0.0,0.0,0.0,0.0,,18.34,6.41,50,16.6,6.41,57,0.0,1014.7,977.7,,23.1,0.019,30.9,10906X0039/C2-1
3470,2026-07-03,2.685378283,42.685696389,51,32.3,21.6,31.2,22.2,2026-07-03T03:05,2026-07-03T15:21,44185.13,30116.32,,,0.1,0.0,0.0,0.1,1.0,,14.91,5.61,92,17.2,5.61,60,0.0,1015.7,978.7,,23.2,0.019,30.8,10906X0039/C2-1
3471,2026-07-04,2.685378283,42.685696389,3,32.8,21.6,31.9,22.4,2026-07-04T03:05,2026-07-04T15:21,44182.54,23937.18,,,0.0,0.0,0.0,0.0,0.0,,17.41,5.82,92,17.5,5.82,61,0.0,1015.5,978.4,,21.5,0.019,30.6,10906X0039/C2-1
3472,2026-07-05,2.685378283,42.685696389,3,31.4,22.2,30.3,22.6,2026-07-05T03:05,2026-07-05T15:21,44179.74,22625.1,,,0.0,0.0,0.0,0.0,0.0,,15.62,5.95,79,16.7,5.95,56,0.0,1015.5,978.5,,22.3,0.018,30.6,10906X0039/C2-1
3473,2026-07-06,2.685378283,42.685696389,53,32.4,21.0,31.8,20.9,2026-07-06T03:05,2026-07-06T15:22,44176.74,39036.33,,,2.8,0.0,0.0,2.8,8.0,,19.47,5.92,32,17.9,5.92,61,0.0,1016.9,979.8,,20.7,0.019,30.5,10906X0039/C2-1
3474,2026-07-07,2.685378283,42.685696389,53,30.6,22.0,32.4,23.5,2026-07-07T03:06,2026-07-07T15:22,44173.55,32544.33,,,3.9,0.0,0.0,3.9,11.0,,15.6,4.31,88,19.7,4.31,72,0.0,1017.8,980.6,,20.1,0.02,30.5,10906X0039/C2-1
3475,2026-07-08,2.685378283,42.685696389,51,31.2,21.2,30.3,23.2,2026-07-08T03:06,2026-07-08T15:22,44170.16,34292.73,,,1.3,0.0,0.0,1.3,9.0,,20.14,5.64,97,18.7,5.64,67,0.0,1016.3,979.2,,20.9,0.021,30.5,10906X0039/C2-1
3476,2026-07-09,2.685378283,42.685696389,53,30.8,21.3,30.9,22.8,2026-07-09T03:06,2026-07-09T15:22,44166.59,36392.71,,,4.6,0.0,0.0,4.6,12.0,,17.87,4.65,93,19.5,4.65,73,0.0,1014.5,977.4,,19.9,0.022,30.2,10906X0039/C2-1
3477,2026-07-10,2.685378283,42.685696389,51,31.1,20.8,31.0,22.5,2026-07-10T03:06,2026-07-10T15:22,44162.83,36246.51,,,0.1,0.0,0.0,0.1,1.0,,19.87,5.32,46,18.1,5.32,67,0.0,1015.5,978.3,,18.1,0.023,30.2,10906X0039/C2-1
3478,2026-07-11,2.685378283,42.685696389,51,31.8,20.6,32.5,23.0,2026-07-11T03:06,2026-07-11T15:22,44158.9,39878.0,,,0.5,0.0,0.0,0.5,5.0,,21.71,5.73,69,18.6,5.73,66,0.0,1015.2,978.1,,17.3,0.023,30.3,10906X0039/C2-1
3479,2026-07-12,2.685378283,42.685696389,1,32.7,20.5,32.9,22.3,2026-07-12T03:06,2026-07-12T15:22,44154.8,42571.21,,,0.0,0.0,0.0,0.0,0.0,,23.37,6.34,15,18.2,6.34,63,0.0,1014.4,977.4,,18.2,0.022,30.5,10906X0039/C2-1
3480,2026-07-13,2.685378283,42.685696389,51,33.3,21.7,32.4,22.8,2026-07-13T03:07,2026-07-13T15:22,44150.53,39536.04,,,0.2,0.0,0.0,0.2,2.0,,21.12,6.53,37,17.7,6.53,61,0.0,1014.0,977.1,,21.1,0.02,30.6,10906X0039/C2-1
