,code_bss,bss_id,date_index,niveau_nappe_eau,mode_obtention,nom_producteur,latitude,longitude,sunrise,sunset,daylight_duration,precipitation_sum,shortwave_radiation_sum,et0_fao_evapotranspiration,cloud_cover_mean,pressure_msl_mean,wind_speed_10m_mean,soil_moisture_0_to_100cm_mean,soil_temperature_0_to_100cm_mean
0,10906X0039/C2-1,BSS002MNYD,2017-01-01,101.85,Valeur reconstituée,Syndicat Mixte pour la Protection et la Gestion des Nappes Souterraines de la Plaine du Roussillon  (20001584000016),2.685378283,42.685696389,2017-01-01T03:13,2017-01-01T15:11,43084.54,0.0,24.91,7.8,0,1011.1,16.9,0.145,32.2
1,10906X0039/C2-1,BSS002MNYD,2017-01-02,101.89,Valeur reconstituée,Syndicat Mixte pour la Protection et la Gestion des Nappes Souterraines de la Plaine du Roussillon  (20001584000016),2.685378283,42.685696389,2017-01-02T03:14,2017-01-02T15:12,43086.65,0.0,24.92,8.2,0,1011.4,17.4,0.145,32.1
2,10906X0039/C2-1,BSS002MNYD,2017-01-03,101.98,Valeur reconstituée,Syndicat Mixte pour la Protection et la Gestion des Nappes Souterraines de la Plaine du Roussillon  (20001584000016),2.685378283,42.685696389,2017-01-03T03:14,2017-01-03T15:12,43088.92,0.0,25.11,7.83,6,1012.1,16.8,0.145,32.1
3,10906X0039/C2-1,BSS002MNYD,2017-01-04,101.98,Valeur reconstituée,Syndicat Mixte pour la Protection et la Gestion des Nappes Souterraines de la Plaine du Roussillon  (20001584000016),2.685378283,42.685696389,2017-01-04T03:15,2017-01-04T15:13,43091.35,0.0,25.01,7.14,1,1011.2,14.1,0.145,32.2
4,10906X0039/C2-1,BSS002MNYD,2017-01-05,102.01,Valeur reconstituée,Syndicat Mixte pour la Protection et la Gestion des Nappes Souterraines de la Plaine du Roussillon  (20001584000016),2.685378283,42.685696389,2017-01-05T03:15,2017-01-05T15:13,43093.95,0.0,25.15,7.67,25,1010.7,15.2,0.144,32.3
5,10906X0039/C2-1,BSS002MNYD,2017-01-06,102.05,Valeur reconstituée,Syndicat Mixte pour la Protection et la Gestion des Nappes Souterraines de la Plaine du Roussillon  (20001584000016),2.685378283,42.685696389,2017-01-06T03:16,2017-01-06T15:14,43096.7,0.0,25.29,8.57,0,1011.7,17.3,0.144,32.3
6,10906X0039/C2-1,BSS002MNYD,2017-01-07,102.12,Valeur reconstituée,Syndicat Mixte pour la Protection et la Gestion des Nappes Souterraines de la Plaine du Roussillon  (20001584000016),2.685378283,42.685696389,2017-01-07T03:16,2017-01-07T15:14,43099.61,0.0,25.6,8.73,0,1011.4,16.7,0.144,32.1
7,10906X0039/C2-1,BSS002MNYD,2017-01-08,102.14,Valeur reconstituée,Syndicat Mixte pour la Protection et la Gestion des Nappes Souterraines de la Plaine du Roussillon  (20001584000016),2.685378283,42.685696389,2017-01-08T03:16,2017-01-08T15:15,43102.67,0.0,25.38,8.57,2,1009.5,15.4,0.144,31.9
8,10906X0039/C2-1,BSS002MNYD,2017-01-09,102.15,Valeur reconstituée,Syndicat Mixte pour la Protection et la Gestion des Nappes Souterraines de la Plaine du Roussillon  (20001584000016),2.685378283,42.685696389,2017-01-09T03:17,2017-01-09T15:15,43105.88,0.0,25.91,8.98,0,1009.7,18.9,0.144,31.8
9,10906X0039/C2-1,BSS002MNYD,2017-01-10,102.14,Valeur reconstituée,Syndicat Mixte pour la Protection et la Gestion des Nappes Souterraines de la Plaine du Roussillon  (20001584000016),2.685378283,42.685696389,2017-01-10T03:17,2017-01-10T15:16,43109.29,0.0,26.01,9.18,7,1011.1,21.7,0.144,31.7
10,10906X0039/C2-1,BSS002MNYD,2017-01-11,102.1,Valeur reconstituée,Syndicat Mixte pour la Protection et la Gestion des Nappes Souterraines de la Plaine du Roussillon  (20001584000016),2.685378283,42.685696389,2017-01-11T03:17,2017-01-11T15:16,43112.89,0.0,25.69,8.71,50,1011.8,18.9,0.143,31.7
11,10906X0039/C2-1,BSS002MNYD,2017-01-12,102.12,Valeur reconstituée,Syndicat Mixte pour la Protection et la Gestion des Nappes Souterraines de la Plaine du Roussillon  (20001584000016),2.685378283,42.685696389,2017-01-12T03:18,2017-01-12T15:16,43116.69,0.0,25.79,8.25,18,1012.0,15.0,0.143,31.7
12,10906X0039/C2-1,BSS002MNYD,2017-01-13,102.12,Valeur reconstituée,Syndicat Mixte pour la Protection et la Gestion des Nappes Souterraines de la Plaine du Roussillon  (20001584000016),2.685378283,42.685696389,2017-01-13T03:18,2017-01-13T15:17,43120.65,0.0,25.66,7.58,22,1010.2,12.7,0.143,31.7
13,10906X0039/C2-1,BSS002MNYD,2017-01-14,102.08,Valeur reconstituée,Syndicat Mixte pour la Protection et la Gestion des Nappes Souterraines de la Plaine du Roussillon  (20001584000016),2.685378283,42.685696389,2017-01-14T03:18,2017-01-14T15:17,43124.8,0.0,25.93,7.59,25,1009.4,12.2,0.143,31.8
14,10906X0039/C2-1,BSS002MNYD,2017-01-15,102.03,Valeur reconstituée,Syndicat Mixte pour la Protection et la Gestion des Nappes Souterraines de la Plaine du Roussillon  (20001584000016),2.685378283,42.685696389,2017-01-15T03:19,2017-01-15T15:18,43129.11,0.0,26.1,8.34,0,1010.8,16.5,0.143,31.9
15,10906X0039/C2-1,BSS002MNYD,2017-01-16,101.98,Valeur reconstituée,Syndicat Mixte pour la Protection et la Gestion des Nappes Souterraines de la Plaine du Roussillon  (20001584000016),2.685378283,42.685696389,2017-01-16T03:19,2017-01-16T15:18,43133.58,0.0,26.15,7.98,0,1011.8,18.4,0.143,31.8
16,10906X0039/C2-1,BSS002MNYD,2017-01-17,101.94,Valeur reconstituée,Syndicat Mixte pour la Protection et la Gestion des Nappes Souterraines de la Plaine du Roussillon  (20001584000016),2.685378283,42.685696389,2017-01-17T03:19,2017-01-17T15:18,43138.19,0.0,25.6,7.64,9,1011.5,15.8,0.143,31.9
17,10906X0039/C2-1,BSS002MNYD,2017-01-18,101.92,Valeur reconstituée,Syndicat Mixte pour la Protection et la Gestion des Nappes Souterraines de la Plaine du Roussillon  (20001584000016),2.685378283,42.685696389,2017-01-18T03:20,2017-01-18T15:19,43142.96,0.0,24.96,7.68,53,1011.7,14.3,0.143,32.1
18,10906X0039/C2-1,BSS002MNYD,2017-01-19,101.9,Valeur reconstituée,Syndicat Mixte pour la Protection et la Gestion des Nappes Souterraines de la Plaine du Roussillon  (20001584000016),2.685378283,42.685696389,2017-01-19T03:20,2017-01-19T15:19,43147.86,0.0,25.83,8.87,50,1011.7,16.2,0.143,32.3
19,10906X0039/C2-1,BSS002MNYD,2017-01-20,101.88,Valeur reconstituée,Syndicat Mixte pour la Protection et la Gestion des Nappes Souterraines de la Plaine du Roussillon  (20001584000016),2.685378283,42.685696389,2017-01-20T03:20,2017-01-20T15:19,43152.9,0.0,25.99,7.92,0,1011.1,14.8,0.143,32.3
20,10906X0039/C2-1,BSS002MNYD,2017-01-21,101.89,Valeur reconstituée,Syndicat Mixte pour la Protection et la Gestion des Nappes Souterraines de la Plaine du Roussillon  (20001584000016),2.685378283,42.685696389,2017-01-21T03:20,2017-01-21T15:20,43158.06,0.0,26.05,7.97,0,1012.2,16.6,0.143,32.2
21,10906X0039/C2-1,BSS002MNYD,2017-01-22,101.91,Valeur reconstituée,Syndicat Mixte pour la Protection et la Gestion des Nappes Souterraines de la Plaine du Roussillon  (20001584000016),2.685378283,42.685696389,2017-01-22T03:21,2017-01-22T15:20,43163.34,0.0,26.27,8.32,14,1012.8,17.0,0.143,32.2
22,10906X0039/C2-1,BSS002MNYD,2017-01-23,101.93,Valeur reconstituée,Syndicat Mixte pour la Protection et la Gestion des Nappes Souterraines de la Plaine du Roussillon  (20001584000016),2.685378283,42.685696389,2017-01-23T03:21,2017-01-23T15:20,43168.74,0.0,25.92,7.55,61,1012.5,14.9,0.142,32.3
23,10906X0039/C2-1,BSS002MNYD,2017-01-24,101.94,Valeur reconstituée,Syndicat Mixte pour la Protection et la Gestion des Nappes Souterraines de la Plaine du Roussillon  (20001584000016),2.685378283,42.685696389,2017-01-24T03:21,2017-01-24T15:21,43174.24,0.0,26.09,6.68,58,1011.9,9.6,0.142,32.4
24,10906X0039/C2-1,BSS002MNYD,2017-01-25,101.94,Valeur reconstituée,Syndicat Mixte pour la Protection et la Gestion des Nappes Souterraines de la Plaine du Roussillon  (20001584000016),2.685378283,42.685696389,2017-01-25T03:21,2017-01-25T15:21,43179.84,0.0,26.05,7.87,43,1011.7,14.8,0.142,32.5
25,10906X0039/C2-1,BSS002MNYD,2017-01-26,101.97,Valeur reconstituée,Syndicat Mixte pour la Protection et la Gestion des Nappes Souterraines de la Plaine du Roussillon  (20001584000016),2.685378283,42.685696389,2017-01-26T03:21,2017-01-26T15:21,43185.53,0.0,25.95,8.9,33,1012.8,20.8,0.142,32.5
26,10906X0039/C2-1,BSS002MNYD,2017-01-27,102.0,Valeur reconstituée,Syndicat Mixte pour la Protection et la Gestion des Nappes Souterraines de la Plaine du Roussillon  (20001584000016),2.685378283,42.685696389,2017-01-27T03:22,2017-01-27T15:21,43191.31,0.0,24.01,8.13,80,1011.7,17.8,0.142,32.9
27,10906X0039/C2-1,BSS002MNYD,2017-01-28,102.02,Valeur reconstituée,Syndicat Mixte pour la Protection et la Gestion des Nappes Souterraines de la Plaine du Roussillon  (20001584000016),2.685378283,42.685696389,2017-01-28T03:22,2017-01-28T15:22,43197.17,0.0,23.36,6.61,33,1010.7,14.7,0.143,33.0
28,10906X0039/C2-1,BSS002MNYD,2017-01-29,102.02,Valeur reconstituée,Syndicat Mixte pour la Protection et la Gestion des Nappes Souterraines de la Plaine du Roussillon  (20001584000016),2.685378283,42.685696389,2017-01-29T03:22,2017-01-29T15:22,43203.12,0.0,23.79,6.66,53,1011.2,14.3,0.142,33.1
29,10906X0039/C2-1,BSS002MNYD,2017-01-30,102.0,Valeur reconstituée,Syndicat Mixte pour la Protection et la Gestion des Nappes Souterraines de la Plaine du Roussillon  (20001584000016),2.685378283,42.685696389,2017-01-30T03:22,2017-01-30T15:22,43209.21,0.1,23.93,6.97,50,1010.4,14.7,0.142,33.1
30,10906X0039/C2-1,BSS002MNYD,2017-01-31,101.98,Valeur reconstituée,Syndicat Mixte pour la Protection et la Gestion des Nappes Souterraines de la Plaine du Roussillon  (20001584000016),2.685378283,42.685696389,2017-01-31T03:22,2017-01-31T15:22,43215.45,0.0,25.45,8.03,55,1010.4,15.5,0.142,33.2
31,10906X0039/C2-1,BSS002MNYD,2017-02-01,101.97,Valeur reconstituée,Syndicat Mixte pour la Protection et la Gestion des Nappes Souterraines de la Plaine du Roussillon  (20001584000016),2.685378283,42.685696389,2017-02-01T03:22,2017-02-01T15:22,43221.83,0.0,25.81,7.76,46,1010.9,13.8,0.143,33.2
32,10906X0039/C2-1,BSS002MNYD,2017-02-02,101.96,Valeur reconstituée,Syndicat Mixte pour la Protection et la Gestion des Nappes Souterraines de la Plaine du Roussillon  (20001584000016),2.685378283,42.685696389,2017-02-02T03:22,2017-02-02T15:23,43228.36,0.0,26.36,8.07,47,1010.9,15.9,0.143,33.2
33,10906X0039/C2-1,BSS002MNYD,2017-02-03,101.96,Valeur reconstituée,Syndicat Mixte pour la Protection et la Gestion des Nappes Souterraines de la Plaine du Roussillon  (20001584000016),2.685378283,42.685696389,2017-02-03T03:22,2017-02-03T15:23,43235.0,0.0,23.58,7.8,12,1010.6,17.0,0.143,33.3
34,10906X0039/C2-1,BSS002MNYD,2017-02-04,101.97,Valeur reconstituée,Syndicat Mixte pour la Protection et la Gestion des Nappes Souterraines de la Plaine du Roussillon  (20001584000016),2.685378283,42.685696389,2017-02-04T03:22,2017-02-04T15:23,43241.77,0.3,22.87,8.17,30,1011.0,21.8,0.142,33.4
35,10906X0039/C2-1,BSS002MNYD,2017-02-05,101.97,Valeur reconstituée,Syndicat Mixte pour la Protection et la Gestion des Nappes Souterraines de la Plaine du Roussillon  (20001584000016),2.685378283,42.685696389,2017-02-05T03:22,2017-02-05T15:23,43248.65,0.0,25.06,9.14,8,1011.7,21.2,0.143,33.5
36,10906X0039/C2-1,BSS002MNYD,2017-02-06,101.96,Valeur reconstituée,Syndicat Mixte pour la Protection et la Gestion des Nappes Souterraines de la Plaine du Roussillon  (20001584000016),2.685378283,42.685696389,2017-02-06T03:22,2017-02-06T15:23,43255.64,0.0,25.29,8.34,17,1010.8,15.4,0.143,33.5
37,10906X0039/C2-1,BSS002MNYD,2017-02-07,101.94,Valeur reconstituée,Syndicat Mixte pour la Protection et la Gestion des Nappes Souterraines de la Plaine du Roussillon  (20001584000016),2.685378283,42.685696389,2017-02-07T03:22,2017-02-07T15:23,43262.71,0.0,25.74,8.08,21,1009.8,15.7,0.143,33.7
38,10906X0039/C2-1,BSS002MNYD,2017-02-08,101.92,Valeur reconstituée,Syndicat Mixte pour la Protection et la Gestion des Nappes Souterraines de la Plaine du Roussillon  (20001584000016),2.685378283,42.685696389,2017-02-08T03:22,2017-02-08T15:23,43269.88,0.0,26.33,8.97,7,1009.9,19.1,0.143,33.6
39,10906X0039/C2-1,BSS002MNYD,2017-02-09,101.92,Valeur reconstituée,Syndicat Mixte pour la Protection et la Gestion des Nappes Souterraines de la Plaine du Roussillon  (20001584000016),2.685378283,42.685696389,2017-02-09T03:22,2017-02-09T15:24,43277.13,0.0,26.97,9.19,37,1010.5,19.1,0.143,33.6
40,10906X0039/C2-1,BSS002MNYD,2017-02-10,102.03,Valeur reconstituée,Syndicat Mixte pour la Protection et la Gestion des Nappes Souterraines de la Plaine du Roussillon  (20001584000016),2.685378283,42.685696389,2017-02-10T03:22,2017-02-10T15:24,43284.46,0.0,26.65,8.4,10,1009.6,18.1,0.143,33.7
41,10906X0039/C2-1,BSS002MNYD,2017-02-11,102.1,Valeur reconstituée,Syndicat Mixte pour la Protection et la Gestion des Nappes Souterraines de la Plaine du Roussillon  (20001584000016),2.685378283,42.685696389,2017-02-11T03:22,2017-02-11T15:24,43291.85,0.0,24.59,7.67,74,1009.5,17.2,0.142,33.8
42,10906X0039/C2-1,BSS002MNYD,2017-02-12,102.17,Valeur reconstituée,Syndicat Mixte pour la Protection et la Gestion des Nappes Souterraines de la Plaine du Roussillon  (20001584000016),2.685378283,42.685696389,2017-02-12T03:22,2017-02-12T15:24,43299.3,0.0,24.99,7.59,14,1010.0,17.5,0.142,33.9
43,10906X0039/C2-1,BSS002MNYD,2017-02-13,102.16,Valeur reconstituée,Syndicat Mixte pour la Protection et la Gestion des Nappes Souterraines de la Plaine du Roussillon  (20001584000016),2.685378283,42.685696389,2017-02-13T03:22,2017-02-13T15:24,43306.8,0.2,24.42,7.33,14,1010.5,15.4,0.142,33.8
44,10906X0039/C2-1,BSS002MNYD,2017-02-14,102.24,Valeur reconstituée,Syndicat Mixte pour la Protection et la Gestion des Nappes Souterraines de la Plaine du Roussillon  (20001584000016),2.685378283,42.685696389,2017-02-14T03:22,2017-02-14T15:24,43314.35,0.0,26.11,8.08,47,1011.4,18.1,0.143,33.8
45,10906X0039/C2-1,BSS002MNYD,2017-02-15,102.4,Valeur reconstituée,Syndicat Mixte pour la Protection et la Gestion des Nappes Souterraines de la Plaine du Roussillon  (20001584000016),2.685378283,42.685696389,2017-02-15T03:22,2017-02-15T15:24,43321.94,0.0,18.95,6.61,71,1011.4,19.5,0.142,33.7
46,10906X0039/C2-1,BSS002MNYD,2017-02-16,102.51,Valeur reconstituée,Syndicat Mixte pour la Protection et la Gestion des Nappes Souterraines de la Plaine du Roussillon  (20001584000016),2.685378283,42.685696389,2017-02-16T03:22,2017-02-16T15:24,43329.56,0.0,22.56,7.39,74,1011.0,17.7,0.143,33.6
47,10906X0039/C2-1,BSS002MNYD,2017-02-17,102.56,Valeur reconstituée,Syndicat Mixte pour la Protection et la Gestion des Nappes Souterraines de la Plaine du Roussillon  (20001584000016),2.685378283,42.685696389,2017-02-17T03:22,2017-02-17T15:24,43337.21,0.0,23.25,6.65,46,1010.7,14.1,0.143,33.7
48,10906X0039/C2-1,BSS002MNYD,2017-02-18,102.59,Valeur reconstituée,Syndicat Mixte pour la Protection et la Gestion des Nappes Souterraines de la Plaine du Roussillon  (20001584000016),2.685378283,42.685696389,2017-02-18T03:21,2017-02-18T15:24,43344.88,0.2,22.29,7.35,57,1012.1,17.0,0.143,33.7
49,10906X0039/C2-1,BSS002MNYD,2017-02-19,102.59,Valeur reconstituée,Syndicat Mixte pour la Protection et la Gestion des Nappes Souterraines de la Plaine du Roussillon  (20001584000016),2.685378283,42.685696389,2017-02-19T03:21,2017-02-19T15:24,43352.65,0.0,22.43,7.57,24,1012.0,16.4,0.143,33.6
50,10906X0039/C2-1,BSS002MNYD,2017-02-20,102.58,Valeur reconstituée,Syndicat Mixte pour la Protection et la Gestion des Nappes Souterraines de la Plaine du Roussillon  (20001584000016),2.685378283,42.685696389,2017-02-20T03:21,2017-02-20T15:24,43360.53,0.0,27.56,10.54,12,1010.8,22.6,0.143,33.5
51,10906X0039/C2-1,BSS002MNYD,2017-02-21,102.64,Valeur reconstituée,Syndicat Mixte pour la Protection et la Gestion des Nappes Souterraines de la Plaine du Roussillon  (20001584000016),2.685378283,42.685696389,2017-02-21T03:21,2017-02-21T15:24,43368.5,0.0,26.66,9.36,72,1009.7,19.8,0.143,33.5
52,10906X0039/C2-1,BSS002MNYD,2017-02-22,102.63,Valeur reconstituée,Syndicat Mixte pour la Protection et la Gestion des Nappes Souterraines de la Plaine du Roussillon  (20001584000016),2.685378283,42.685696389,2017-02-22T03:21,2017-02-22T15:24,43376.56,0.0,24.36,7.77,53,1010.6,17.3,0.142,33.7
53,10906X0039/C2-1,BSS002MNYD,2017-02-23,102.62,Valeur reconstituée,Syndicat Mixte pour la Protection et la Gestion des Nappes Souterraines de la Plaine du Roussillon  (20001584000016),2.685378283,42.685696389,2017-02-23T03:21,2017-02-23T15:24,43384.7,0.0,25.63,8.29,46,1009.9,19.5,0.142,33.8
54,10906X0039/C2-1,BSS002MNYD,2017-02-24,102.62,Valeur reconstituée,Syndicat Mixte pour la Protection et la Gestion des Nappes Souterraines de la Plaine du Roussillon  (20001584000016),2.685378283,42.685696389,2017-02-24T03:20,2017-02-24T15:24,43392.92,0.0,24.15,7.76,22,1010.3,17.6,0.142,33.9
55,10906X0039/C2-1,BSS002MNYD,2017-02-25,102.64,Valeur reconstituée,Syndicat Mixte pour la Protection et la Gestion des Nappes Souterraines de la Plaine du Roussillon  (20001584000016),2.685378283,42.685696389,2017-02-25T03:20,2017-02-25T15:23,43401.21,0.1,24.5,7.09,24,1010.7,15.7,0.142,33.9
56,10906X0039/C2-1,BSS002MNYD,2017-02-26,102.67,Valeur reconstituée,Syndicat Mixte pour la Protection et la Gestion des Nappes Souterraines de la Plaine du Roussillon  (20001584000016),2.685378283,42.685696389,2017-02-26T03:20,2017-02-26T15:23,43409.56,0.2,23.76,7.4,19,1009.0,17.0,0.142,34.0
57,10906X0039/C2-1,BSS002MNYD,2017-02-27,102.68,Valeur reconstituée,Syndicat Mixte pour la Protection et la Gestion des Nappes Souterraines de la Plaine du Roussillon  (20001584000016),2.685378283,42.685696389,2017-02-27T03:20,2017-02-27T15:23,43417.96,0.0,25.33,8.53,28,1008.0,18.4,0.142,34.1
58,10906X0039/C2-1,BSS002MNYD,2017-02-28,102.68,Valeur reconstituée,Syndicat Mixte pour la Protection et la Gestion des Nappes Souterraines de la Plaine du Roussillon  (20001584000016),2.685378283,42.685696389,2017-02-28T03:19,2017-02-28T15:23,43426.42,0.0,27.27,8.6,34,1009.4,18.3,0.142,34.1
59,10906X0039/C2-1,BSS002MNYD,2017-03-01,102.66,Valeur mesurée,Syndicat Mixte pour la Protection et la Gestion des Nappes Souterraines de la Plaine du Roussillon  (20001584000016),2.685378283,42.685696389,2017-03-01T03:19,2017-03-01T15:23,43434.91,0.0,27.87,9.07,8,1010.3,18.2,0.141,34.2
60,10906X0039/C2-1,BSS002MNYD,2017-03-02,102.66,Valeur mesurée,Syndicat Mixte pour la Protection et la Gestion des Nappes Souterraines de la Plaine du Roussillon  (20001584000016),2.685378283,42.685696389,2017-03-02T03:19,2017-03-02T15:23,43443.44,0.0,27.05,8.27,54,1009.3,14.9,0.141,34.3
61,10906X0039/C2-1,BSS002MNYD,2017-03-03,102.67,Valeur mesurée,Syndicat Mixte pour la Protection et la Gestion des Nappes Souterraines de la Plaine du Roussillon  (20001584000016),2.685378283,42.685696389,2017-03-03T03:18,2017-03-03T15:23,43452.01,0.0,25.8,7.04,42,1008.4,14.5,0.142,34.4
62,10906X0039/C2-1,BSS002MNYD,2017-03-04,102.67,Valeur mesurée,Syndicat Mixte pour la Protection et la Gestion des Nappes Souterraines de la Plaine du Roussillon  (20001584000016),2.685378283,42.685696389,2017-03-04T03:18,2017-03-04T15:23,43460.59,0.0,26.58,7.38,10,1007.9,14.5,0.141,34.5
63,10906X0039/C2-1,BSS002MNYD,2017-03-05,102.67,Valeur mesurée,Syndicat Mixte pour la Protection et la Gestion des Nappes Souterraines de la Plaine du Roussillon  (20001584000016),2.685378283,42.685696389,2017-03-05T03:18,2017-03-05T15:22,43469.19,0.0,27.21,8.17,21,1007.9,17.1,0.141,34.5
64,10906X0039/C2-1,BSS002MNYD,2017-03-06,102.67,Valeur mesurée,Syndicat Mixte pour la Protection et la Gestion des Nappes Souterraines de la Plaine du Roussillon  (20001584000016),2.685378283,42.685696389,2017-03-06T03:18,2017-03-06T15:22,43477.81,0.0,27.49,8.38,9,1007.2,16.2,0.141,34.6
65,10906X0039/C2-1,BSS002MNYD,2017-03-07,102.69,Valeur mesurée,Syndicat Mixte pour la Protection et la Gestion des Nappes Souterraines de la Plaine du Roussillon  (20001584000016),2.685378283,42.685696389,2017-03-07T03:17,2017-03-07T15:22,43486.42,0.0,27.84,8.64,38,1006.8,16.0,0.141,34.6
66,10906X0039/C2-1,BSS002MNYD,2017-03-08,102.73,Valeur mesurée,Syndicat Mixte pour la Protection et la Gestion des Nappes Souterraines de la Plaine du Roussillon  (20001584000016),2.685378283,42.685696389,2017-03-08T03:17,2017-03-08T15:22,43495.03,0.0,28.27,10.11,66,1006.9,20.0,0.142,34.6
67,10906X0039/C2-1,BSS002MNYD,2017-03-09,102.82,Valeur mesurée,Syndicat Mixte pour la Protection et la Gestion des Nappes Souterraines de la Plaine du Roussillon  (20001584000016),2.685378283,42.685696389,2017-03-09T03:17,2017-03-09T15:22,43503.63,0.0,27.34,9.43,62,1007.8,19.2,0.142,34.5
68,10906X0039/C2-1,BSS002MNYD,2017-03-10,102.89,Valeur mesurée,Syndicat Mixte pour la Protection et la Gestion des Nappes Souterraines de la Plaine du Roussillon  (20001584000016),2.685378283,42.685696389,2017-03-10T03:16,2017-03-10T15:22,43512.23,0.0,27.31,8.93,22,1007.7,19.8,0.142,34.5
69,10906X0039/C2-1,BSS002MNYD,2017-03-11,102.94,Valeur mesurée,Syndicat Mixte pour la Protection et la Gestion des Nappes Souterraines de la Plaine du Roussillon  (20001584000016),2.685378283,42.685696389,2017-03-11T03:16,2017-03-11T15:21,43520.88,0.0,27.89,9.38,62,1008.4,23.0,0.143,34.5
70,10906X0039/C2-1,BSS002MNYD,2017-03-12,102.98,Valeur mesurée,Syndicat Mixte pour la Protection et la Gestion des Nappes Souterraines de la Plaine du Roussillon  (20001584000016),2.685378283,42.685696389,2017-03-12T03:16,2017-03-12T15:21,43529.61,0.0,27.84,9.05,12,1010.2,20.6,0.142,34.5
71,10906X0039/C2-1,BSS002MNYD,2017-03-13,103.02,Valeur mesurée,Syndicat Mixte pour la Protection et la Gestion des Nappes Souterraines de la Plaine du Roussillon  (20001584000016),2.685378283,42.685696389,2017-03-13T03:15,2017-03-13T15:21,43538.39,0.0,27.46,8.33,56,1009.3,16.1,0.142,34.7
72,10906X0039/C2-1,BSS002MNYD,2017-03-14,103.07,Valeur mesurée,Syndicat Mixte pour la Protection et la Gestion des Nappes Souterraines de la Plaine du Roussillon  (20001584000016),2.685378283,42.685696389,2017-03-14T03:15,2017-03-14T15:21,43547.22,0.0,26.07,7.52,60,1009.0,15.9,0.142,34.9
73,10906X0039/C2-1,BSS002MNYD,2017-03-15,103.13,Valeur mesurée,Syndicat Mixte pour la Protection et la Gestion des Nappes Souterraines de la Plaine du Roussillon  (20001584000016),2.685378283,42.685696389,2017-03-15T03:15,2017-03-15T15:21,43556.11,0.0,26.24,7.7,57,1008.8,16.5,0.142,34.9
74,10906X0039/C2-1,BSS002MNYD,2017-03-16,103.23,Valeur mesurée,Syndicat Mixte pour la Protection et la Gestion des Nappes Souterraines de la Plaine du Roussillon  (20001584000016),2.685378283,42.685696389,2017-03-16T03:14,2017-03-16T15:20,43565.03,0.0,27.17,8.25,70,1009.2,18.0,0.141,34.8
75,10906X0039/C2-1,BSS002MNYD,2017-03-17,103.29,Valeur mesurée,Syndicat Mixte pour la Protection et la Gestion des Nappes Souterraines de la Plaine du Roussillon  (20001584000016),2.685378283,42.685696389,2017-03-17T03:14,2017-03-17T15:20,43573.99,0.0,26.21,7.75,68,1010.0,15.3,0.141,34.8
76,10906X0039/C2-1,BSS002MNYD,2017-03-18,103.32,Valeur mesurée,Syndicat Mixte pour la Protection et la Gestion des Nappes Souterraines de la Plaine du Roussillon  (20001584000016),2.685378283,42.685696389,2017-03-18T03:14,2017-03-18T15:20,43582.99,0.0,26.41,7.97,52,1011.2,16.8,0.141,34.7
77,10906X0039/C2-1,BSS002MNYD,2017-03-19,103.36,Valeur mesurée,Syndicat Mixte pour la Protection et la Gestion des Nappes Souterraines de la Plaine du Roussillon  (20001584000016),2.685378283,42.685696389,2017-03-19T03:13,2017-03-19T15:20,43592.01,0.0,26.66,7.65,70,1011.4,15.5,0.142,34.8
78,10906X0039/C2-1,BSS002MNYD,2017-03-20,103.42,Valeur mesurée,Syndicat Mixte pour la Protection et la Gestion des Nappes Souterraines de la Plaine du Roussillon  (20001584000016),2.685378283,42.685696389,2017-03-20T03:13,2017-03-20T15:20,43601.05,0.0,25.38,7.52,30,1010.6,15.3,0.141,34.9
79,10906X0039/C2-1,BSS002MNYD,2017-03-21,103.47,Valeur mesurée,Syndicat Mixte pour la Protection et la Gestion des Nappes Souterraines de la Plaine du Roussillon  (20001584000016),2.685378283,42.685696389,2017-03-21T03:12,2017-03-21T15:19,43610.1,0.0,27.06,8.52,14,1010.2,18.9,0.142,35.0
80,10906X0039/C2-1,BSS002MNYD,2017-03-22,103.52,Valeur mesurée,Syndicat Mixte pour la Protection et la Gestion des Nappes Souterraines de la Plaine du Roussillon  (20001584000016),2.685378283,42.685696389,2017-03-22T03:12,2017-03-22T15:19,43619.15,0.0,23.34,7.0,18,1009.7,15.7,0.142,34.9
81,10906X0039/C2-1,BSS002MNYD,2017-03-23,103.55,Valeur mesurée,Syndicat Mixte pour la Protection et la Gestion des Nappes Souterraines de la Plaine du Roussillon  (20001584000016),2.685378283,42.685696389,2017-03-23T03:12,2017-03-23T15:19,43628.21,0.0,25.28,7.63,18,1010.0,15.6,0.142,34.9
82,10906X0039/C2-1,BSS002MNYD,2017-03-24,103.61,Valeur mesurée,Syndicat Mixte pour la Protection et la Gestion des Nappes Souterraines de la Plaine du Roussillon  (20001584000016),2.685378283,42.685696389,2017-03-24T03:11,2017-03-24T15:19,43637.26,0.0,22.03,7.06,50,1010.2,18.0,0.143,34.9
83,10906X0039/C2-1,BSS002MNYD,2017-03-25,103.66,Valeur mesurée,Syndicat Mixte pour la Protection et la Gestion des Nappes Souterraines de la Plaine du Roussillon  (20001584000016),2.685378283,42.685696389,2017-03-25T03:11,2017-03-25T15:18,43646.3,0.0,22.36,6.86,53,1010.5,17.0,0.143,34.8
84,10906X0039/C2-1,BSS002MNYD,2017-03-26,103.71,Valeur mesurée,Syndicat Mixte pour la Protection et la Gestion des Nappes Souterraines de la Plaine du Roussillon  (20001584000016),2.685378283,42.685696389,2017-03-26T03:11,2017-03-26T15:18,43655.32,1.4,23.46,7.18,57,1011.2,17.4,0.143,34.8
85,10906X0039/C2-1,BSS002MNYD,2017-03-27,103.74,Valeur mesurée,Syndicat Mixte pour la Protection et la Gestion des Nappes Souterraines de la Plaine du Roussillon  (20001584000016),2.685378283,42.685696389,2017-03-27T03:10,2017-03-27T15:18,43664.31,0.0,24.81,7.59,18,1011.2,16.8,0.142,34.9
86,10906X0039/C2-1,BSS002MNYD,2017-03-28,103.74,Valeur mesurée,Syndicat Mixte pour la Protection et la Gestion des Nappes Souterraines de la Plaine du Roussillon  (20001584000016),2.685378283,42.685696389,2017-03-28T03:10,2017-03-28T15:18,43673.28,0.0,25.05,8.02,43,1011.4,19.4,0.142,34.9
87,10906X0039/C2-1,BSS002MNYD,2017-03-29,103.76,Valeur mesurée,Syndicat Mixte pour la Protection et la Gestion des Nappes Souterraines de la Plaine du Roussillon  (20001584000016),2.685378283,42.685696389,2017-03-29T03:09,2017-03-29T15:17,43682.2,0.0,25.49,8.12,26,1011.0,17.5,0.143,35.0
88,10906X0039/C2-1,BSS002MNYD,2017-03-30,103.8,Valeur mesurée,Syndicat Mixte pour la Protection et la Gestion des Nappes Souterraines de la Plaine du Roussillon  (20001584000016),2.685378283,42.685696389,2017-03-30T03:09,2017-03-30T15:17,43691.1,0.0,27.7,8.74,26,1010.7,17.3,0.144,35.0
89,10906X0039/C2-1,BSS002MNYD,2017-03-31,103.82,Valeur mesurée,Syndicat Mixte pour la Protection et la Gestion des Nappes Souterraines de la Plaine du Roussillon  (20001584000016),2.685378283,42.685696389,2017-03-31T03:09,2017-03-31T15:17,43700.02,0.0,26.51,8.4,21,1011.9,18.2,0.143,35.0
90,10906X0039/C2-1,BSS002MNYD,2017-04-01,103.83,Valeur mesurée,Syndicat Mixte pour la Protection et la Gestion des Nappes Souterraines de la Plaine du Roussillon  (20001584000016),2.685378283,42.685696389,2017-04-01T03:08,2017-04-01T15:17,43708.97,0.0,24.77,7.87,26,1012.0,17.6,0.144,34.9
91,10906X0039/C2-1,BSS002MNYD,2017-04-02,103.84,Valeur mesurée,Syndicat Mixte pour la Protection et la Gestion des Nappes Souterraines de la Plaine du Roussillon  (20001584000016),2.685378283,42.685696389,2017-04-02T03:08,2017-04-02T15:17,43717.95,0.0,25.09,7.62,22,1011.4,17.2,0.145,34.9
92,10906X0039/C2-1,BSS002MNYD,2017-04-03,103.85,Valeur mesurée,Syndicat Mixte pour la Protection et la Gestion des Nappes Souterraines de la Plaine du Roussillon  (20001584000016),2.685378283,42.685696389,2017-04-03T03:08,2017-04-03T15:16,43726.96,0.1,24.92,7.55,20,1011.2,16.5,0.145,35.0
93,10906X0039/C2-1,BSS002MNYD,2017-04-04,103.89,Valeur mesurée,Syndicat Mixte pour la Protection et la Gestion des Nappes Souterraines de la Plaine du Roussillon  (20001584000016),2.685378283,42.685696389,2017-04-04T03:07,2017-04-04T15:16,43735.98,0.3,24.28,7.0,50,1011.7,15.7,0.145,35.0
94,10906X0039/C2-1,BSS002MNYD,2017-04-05,103.9,Valeur mesurée,Syndicat Mixte pour la Protection et la Gestion des Nappes Souterraines de la Plaine du Roussillon  (20001584000016),2.685378283,42.685696389,2017-04-05T03:07,2017-04-05T15:16,43745.01,1.8,22.08,6.03,71,1011.8,13.9,0.146,34.8
95,10906X0039/C2-1,BSS002MNYD,2017-04-06,103.91,Valeur mesurée,Syndicat Mixte pour la Protection et la Gestion des Nappes Souterraines de la Plaine du Roussillon  (20001584000016),2.685378283,42.685696389,2017-04-06T03:07,2017-04-06T15:16,43754.05,3.6,20.33,4.81,74,1011.2,10.7,0.149,34.2
96,10906X0039/C2-1,BSS002MNYD,2017-04-07,103.91,Valeur mesurée,Syndicat Mixte pour la Protection et la Gestion des Nappes Souterraines de la Plaine du Roussillon  (20001584000016),2.685378283,42.685696389,2017-04-07T03:06,2017-04-07T15:16,43763.09,0.5,21.88,5.59,69,1011.1,11.4,0.149,33.9
97,10906X0039/C2-1,BSS002MNYD,2017-04-08,103.92,Valeur mesurée,Syndicat Mixte pour la Protection et la Gestion des Nappes Souterraines de la Plaine du Roussillon  (20001584000016),2.685378283,42.685696389,2017-04-08T03:06,2017-04-08T15:15,43772.12,3.1,19.71,4.79,58,1011.9,12.4,0.151,33.5
98,10906X0039/C2-1,BSS002MNYD,2017-04-09,103.94,Valeur mesurée,Syndicat Mixte pour la Protection et la Gestion des Nappes Souterraines de la Plaine du Roussillon  (20001584000016),2.685378283,42.685696389,2017-04-09T03:05,2017-04-09T15:15,43781.13,0.3,20.78,5.87,51,1011.6,17.2,0.15,33.1
99,10906X0039/C2-1,BSS002MNYD,2017-04-10,103.96,Valeur mesurée,Syndicat Mixte pour la Protection et la Gestion des Nappes Souterraines de la Plaine du Roussillon  (20001584000016),2.685378283,42.685696389,2017-04-10T03:05,2017-04-10T15:15,43790.12,0.0,22.09,6.13,28,1010.8,14.8,0.147,33.0
100,10906X0039/C2-1,BSS002MNYD,2017-04-11,103.97,Valeur mesurée,Syndicat Mixte pour la Protection et la Gestion des Nappes Souterraines de la Plaine du Roussillon  (20001584000016),2.685378283,42.685696389,2017-04-11T03:05,2017-04-11T15:15,43799.09,0.0,24.46,6.79,25,1010.1,14.8,0.144,33.0
101,10906X0039/C2-1,BSS002MNYD,2017-04-12,103.98,Valeur mesurée,Syndicat Mixte pour la Protection et la Gestion des Nappes Souterraines de la Plaine du Roussillon  (20001584000016),2.685378283,42.685696389,2017-04-12T03:04,2017-04-12T15:15,43808.02,0.0,25.45,7.44,51,1010.7,16.3,0.143,33.1
102,10906X0039/C2-1,BSS002MNYD,2017-04-13,103.99,Valeur mesurée,Syndicat Mixte pour la Protection et la Gestion des Nappes Souterraines de la Plaine du Roussillon  (20001584000016),2.685378283,42.685696389,2017-04-13T03:04,2017-04-13T15:14,43816.91,0.0,24.51,7.1,43,1011.5,14.8,0.142,33.4
103,10906X0039/C2-1,BSS002MNYD,2017-04-14,104.0,Valeur mesurée,Syndicat Mixte pour la Protection et la Gestion des Nappes Souterraines de la Plaine du Roussillon  (20001584000016),2.685378283,42.685696389,2017-04-14T03:04,2017-04-14T15:14,43825.75,0.0,26.35,7.53,52,1010.5,14.3,0.141,33.7
104,10906X0039/C2-1,BSS002MNYD,2017-04-15,103.99,Valeur mesurée,Syndicat Mixte pour la Protection et la Gestion des Nappes Souterraines de la Plaine du Roussillon  (20001584000016),2.685378283,42.685696389,2017-04-15T03:03,2017-04-15T15:14,43834.53,0.2,23.48,7.02,55,1009.6,16.2,0.141,34.0
105,10906X0039/C2-1,BSS002MNYD,2017-04-16,104.0,Valeur mesurée,Syndicat Mixte pour la Protection et la Gestion des Nappes Souterraines de la Plaine du Roussillon  (20001584000016),2.685378283,42.685696389,2017-04-16T03:03,2017-04-16T15:14,43843.26,1.1,23.44,6.81,57,1009.7,16.0,0.143,34.0
106,10906X0039/C2-1,BSS002MNYD,2017-04-17,104.0,Valeur mesurée,Syndicat Mixte pour la Protection et la Gestion des Nappes Souterraines de la Plaine du Roussillon  (20001584000016),2.685378283,42.685696389,2017-04-17T03:03,2017-04-17T15:14,43851.91,1.2,20.26,5.54,70,1010.3,12.1,0.143,33.9
107,10906X0039/C2-1,BSS002MNYD,2017-04-18,104.0,Valeur mesurée,Syndicat Mixte pour la Protection et la Gestion des Nappes Souterraines de la Plaine du Roussillon  (20001584000016),2.685378283,42.685696389,2017-04-18T03:03,2017-04-18T15:14,43860.49,0.2,21.33,6.13,57,1011.1,13.9,0.143,33.7
108,10906X0039/C2-1,BSS002MNYD,2017-04-19,104.03,Valeur mesurée,Syndicat Mixte pour la Protection et la Gestion des Nappes Souterraines de la Plaine du Roussillon  (20001584000016),2.685378283,42.685696389,2017-04-19T03:02,2017-04-19T15:13,43868.99,0.0,23.71,6.62,53,1011.1,13.3,0.143,33.8
109,10906X0039/C2-1,BSS002MNYD,2017-04-20,104.06,Valeur mesurée,Syndicat Mixte pour la Protection et la Gestion des Nappes Souterraines de la Plaine du Roussillon  (20001584000016),2.685378283,42.685696389,2017-04-20T03:02,2017-04-20T15:13,43877.48,0.0,23.88,7.17,67,1010.5,15.7,0.143,34.0
110,10906X0039/C2-1,BSS002MNYD,2017-04-21,104.09,Valeur mesurée,Syndicat Mixte pour la Protection et la Gestion des Nappes Souterraines de la Plaine du Roussillon  (20001584000016),2.685378283,42.685696389,2017-04-21T03:02,2017-04-21T15:13,43885.96,0.0,24.31,7.59,33,1010.9,17.7,0.144,34.1
111,10906X0039/C2-1,BSS002MNYD,2017-04-22,104.07,Valeur mesurée,Syndicat Mixte pour la Protection et la Gestion des Nappes Souterraines de la Plaine du Roussillon  (20001584000016),2.685378283,42.685696389,2017-04-22T03:01,2017-04-22T15:13,43894.43,0.0,22.61,6.87,47,1011.1,16.1,0.145,34.1
112,10906X0039/C2-1,BSS002MNYD,2017-04-23,104.05,Valeur mesurée,Syndicat Mixte pour la Protection et la Gestion des Nappes Souterraines de la Plaine du Roussillon  (20001584000016),2.685378283,42.685696389,2017-04-23T03:01,2017-04-23T15:13,43902.88,0.0,22.72,6.55,42,1011.4,14.5,0.144,34.2
113,10906X0039/C2-1,BSS002MNYD,2017-04-24,104.06,Valeur mesurée,Syndicat Mixte pour la Protection et la Gestion des Nappes Souterraines de la Plaine du Roussillon  (20001584000016),2.685378283,42.685696389,2017-04-24T03:01,2017-04-24T15:13,43911.3,0.4,22.33,6.76,51,1011.7,17.7,0.145,34.2
114,10906X0039/C2-1,BSS002MNYD,2017-04-25,104.07,Valeur mesurée,Syndicat Mixte pour la Protection et la Gestion des Nappes Souterraines de la Plaine du Roussillon  (20001584000016),2.685378283,42.685696389,2017-04-25T03:01,2017-04-25T15:13,43919.69,0.7,23.07,7.3,49,1012.0,19.0,0.145,34.0
115,10906X0039/C2-1,BSS002MNYD,2017-04-26,104.09,Valeur mesurée,Syndicat Mixte pour la Protection et la Gestion des Nappes Souterraines de la Plaine du Roussillon  (20001584000016),2.685378283,42.685696389,2017-04-26T03:00,2017-04-26T15:13,43928.03,0.0,22.93,7.01,26,1012.2,17.0,0.146,34.0
116,10906X0039/C2-1,BSS002MNYD,2017-04-27,104.14,Valeur mesurée,Syndicat Mixte pour la Protection et la Gestion des Nappes Souterraines de la Plaine du Roussillon  (20001584000016),2.685378283,42.685696389,2017-04-27T03:00,2017-04-27T15:13,43936.33,0.0,24.2,7.79,46,1011.8,19.7,0.145,34.1
117,10906X0039/C2-1,BSS002MNYD,2017-04-28,104.15,Valeur mesurée,Syndicat Mixte pour la Protection et la Gestion des Nappes Souterraines de la Plaine du Roussillon  (20001584000016),2.685378283,42.685696389,2017-04-28T03:00,2017-04-28T15:12,43944.56,5.4,9.81,3.14,80,1012.7,12.8,0.146,33.5
118,10906X0039/C2-1,BSS002MNYD,2017-04-29,104.11,Valeur mesurée,Syndicat Mixte pour la Protection et la Gestion des Nappes Souterraines de la Plaine du Roussillon  (20001584000016),2.685378283,42.685696389,2017-04-29T03:00,2017-04-29T15:12,43952.74,14.8,16.21,3.59,76,1013.2,12.9,0.153,32.6
119,10906X0039/C2-1,BSS002MNYD,2017-04-30,104.1,Valeur mesurée,Syndicat Mixte pour la Protection et la Gestion des Nappes Souterraines de la Plaine du Roussillon  (20001584000016),2.685378283,42.685696389,2017-04-30T03:00,2017-04-30T15:12,43960.85,1.2,17.03,3.76,70,1013.4,11.3,0.161,32.1
120,10906X0039/C2-1,BSS002MNYD,2017-05-01,104.09,Valeur mesurée,Syndicat Mixte pour la Protection et la Gestion des Nappes Souterraines de la Plaine du Roussillon  (20001584000016),2.685378283,42.685696389,2017-05-01T02:59,2017-05-01T15:12,43968.88,1.5,19.39,4.24,49,1013.2,12.0,0.16,31.6
121,10906X0039/C2-1,BSS002MNYD,2017-05-02,104.09,Valeur mesurée,Syndicat Mixte pour la Protection et la Gestion des Nappes Souterraines de la Plaine du Roussillon  (20001584000016),2.685378283,42.685696389,2017-05-02T02:59,2017-05-02T15:12,43976.82,1.5,21.01,4.78,64,1013.0,10.8,0.157,31.5
122,10906X0039/C2-1,BSS002MNYD,2017-05-03,104.08,Valeur mesurée,Syndicat Mixte pour la Protection et la Gestion des Nappes Souterraines de la Plaine du Roussillon  (20001584000016),2.685378283,42.685696389,2017-05-03T02:59,2017-05-03T15:12,43984.67,7.5,15.53,3.35,76,1012.7,9.4,0.158,31.2
123,10906X0039/C2-1,BSS002MNYD,2017-05-04,104.07,Valeur mesurée,Syndicat Mixte pour la Protection et la Gestion des Nappes Souterraines de la Plaine du Roussillon  (20001584000016),2.685378283,42.685696389,2017-05-04T02:59,2017-05-04T15:12,43992.41,1.7,19.07,4.13,47,1012.3,7.1,0.161,31.0
124,10906X0039/C2-1,BSS002MNYD,2017-05-05,104.07,Valeur mesurée,Syndicat Mixte pour la Protection et la Gestion des Nappes Souterraines de la Plaine du Roussillon  (20001584000016),2.685378283,42.685696389,2017-05-05T02:59,2017-05-05T15:12,44000.05,0.4,19.82,4.54,52,1012.6,8.4,0.158,31.0
125,10906X0039/C2-1,BSS002MNYD,2017-05-06,104.07,Valeur mesurée,Syndicat Mixte pour la Protection et la Gestion des Nappes Souterraines de la Plaine du Roussillon  (20001584000016),2.685378283,42.685696389,2017-05-06T02:59,2017-05-06T15:12,44007.56,0.9,19.85,4.52,59,1012.9,10.5,0.156,30.9
126,10906X0039/C2-1,BSS002MNYD,2017-05-07,104.06,Valeur mesurée,Syndicat Mixte pour la Protection et la Gestion des Nappes Souterraines de la Plaine du Roussillon  (20001584000016),2.685378283,42.685696389,2017-05-07T02:58,2017-05-07T15:12,44014.95,0.9,19.17,4.25,39,1012.7,9.4,0.156,30.8
127,10906X0039/C2-1,BSS002MNYD,2017-05-08,104.09,Valeur mesurée,Syndicat Mixte pour la Protection et la Gestion des Nappes Souterraines de la Plaine du Roussillon  (20001584000016),2.685378283,42.685696389,2017-05-08T02:58,2017-05-08T15:12,44022.2,0.7,17.65,3.85,63,1013.1,9.5,0.159,30.6
128,10906X0039/C2-1,BSS002MNYD,2017-05-09,104.1,Valeur mesurée,Syndicat Mixte pour la Protection et la Gestion des Nappes Souterraines de la Plaine du Roussillon  (20001584000016),2.685378283,42.685696389,2017-05-09T02:58,2017-05-09T15:12,44029.31,16.7,17.47,3.67,73,1012.8,8.1,0.167,30.4
129,10906X0039/C2-1,BSS002MNYD,2017-05-10,104.1,Valeur mesurée,Syndicat Mixte pour la Protection et la Gestion des Nappes Souterraines de la Plaine du Roussillon  (20001584000016),2.685378283,42.685696389,2017-05-10T02:58,2017-05-10T15:12,44036.35,0.8,19.35,4.37,30,1012.3,11.4,0.168,30.3
130,10906X0039/C2-1,BSS002MNYD,2017-05-11,104.1,Valeur mesurée,Syndicat Mixte pour la Protection et la Gestion des Nappes Souterraines de la Plaine du Roussillon  (20001584000016),2.685378283,42.685696389,2017-05-11T02:58,2017-05-11T15:12,44043.31,0.3,19.13,4.5,51,1012.0,13.0,0.165,30.2
131,10906X0039/C2-1,BSS002MNYD,2017-05-12,104.09,Valeur mesurée,Syndicat Mixte pour la Protection et la Gestion des Nappes Souterraines de la Plaine du Roussillon  (20001584000016),2.685378283,42.685696389,2017-05-12T02:58,2017-05-12T15:12,44050.2,0.1,20.58,5.15,38,1012.3,15.9,0.161,30.2
132,10906X0039/C2-1,BSS002MNYD,2017-05-13,104.08,Valeur mesurée,Syndicat Mixte pour la Protection et la Gestion des Nappes Souterraines de la Plaine du Roussillon  (20001584000016),2.685378283,42.685696389,2017-05-13T02:58,2017-05-13T15:12,44057.0,1.5,17.9,4.4,53,1013.0,17.6,0.159,30.1
133,10906X0039/C2-1,BSS002MNYD,2017-05-14,104.07,Valeur mesurée,Syndicat Mixte pour la Protection et la Gestion des Nappes Souterraines de la Plaine du Roussillon  (20001584000016),2.685378283,42.685696389,2017-05-14T02:58,2017-05-14T15:12,44063.7,0.1,21.59,5.6,37,1012.8,15.9,0.157,30.1
134,10906X0039/C2-1,BSS002MNYD,2017-05-15,104.06,Valeur mesurée,Syndicat Mixte pour la Protection et la Gestion des Nappes Souterraines de la Plaine du Roussillon  (20001584000016),2.685378283,42.685696389,2017-05-15T02:58,2017-05-15T15:12,44070.3,1.4,19.32,4.77,28,1013.2,15.6,0.156,30.0
135,10906X0039/C2-1,BSS002MNYD,2017-05-16,104.04,Valeur mesurée,Syndicat Mixte pour la Protection et la Gestion des Nappes Souterraines de la Plaine du Roussillon  (20001584000016),2.685378283,42.685696389,2017-05-16T02:58,2017-05-16T15:12,44076.8,0.6,17.0,4.59,52,1012.8,16.7,0.154,30.0
136,10906X0039/C2-1,BSS002MNYD,2017-05-17,104.08,Valeur mesurée,Syndicat Mixte pour la Protection et la Gestion des Nappes Souterraines de la Plaine du Roussillon  (20001584000016),2.685378283,42.685696389,2017-05-17T02:58,2017-05-17T15:13,44083.17,0.9,17.45,4.96,72,1012.3,17.5,0.153,30.2
137,10906X0039/C2-1,BSS002MNYD,2017-05-18,104.1,Valeur mesurée,Syndicat Mixte pour la Protection et la Gestion des Nappes Souterraines de la Plaine du Roussillon  (20001584000016),2.685378283,42.685696389,2017-05-18T02:58,2017-05-18T15:13,44089.43,1.2,16.17,4.43,74,1013.2,16.7,0.152,30.2
138,10906X0039/C2-1,BSS002MNYD,2017-05-19,104.08,Valeur mesurée,Syndicat Mixte pour la Protection et la Gestion des Nappes Souterraines de la Plaine du Roussillon  (20001584000016),2.685378283,42.685696389,2017-05-19T02:58,2017-05-19T15:13,44095.56,0.9,18.03,5.07,62,1015.0,18.1,0.152,30.2
139,10906X0039/C2-1,BSS002MNYD,2017-05-20,104.1,Valeur mesurée,Syndicat Mixte pour la Protection et la Gestion des Nappes Souterraines de la Plaine du Roussillon  (20001584000016),2.685378283,42.685696389,2017-05-20T02:58,2017-05-20T15:13,44101.55,1.2,17.07,4.91,54,1014.8,18.4,0.151,30.3
140,10906X0039/C2-1,BSS002MNYD,2017-05-21,104.14,Valeur mesurée,Syndicat Mixte pour la Protection et la Gestion des Nappes Souterraines de la Plaine du Roussillon  (20001584000016),2.685378283,42.685696389,2017-05-21T02:58,2017-05-21T15:13,44107.4,0.5,12.83,4.21,67,1013.6,19.4,0.152,30.1
141,10906X0039/C2-1,BSS002MNYD,2017-05-22,104.16,Valeur mesurée,Syndicat Mixte pour la Protection et la Gestion des Nappes Souterraines de la Plaine du Roussillon  (20001584000016),2.685378283,42.685696389,2017-05-22T02:58,2017-05-22T15:13,44113.1,0.2,16.65,4.9,49,1013.1,18.7,0.151,30.1
142,10906X0039/C2-1,BSS002MNYD,2017-05-23,104.17,Valeur mesurée,Syndicat Mixte pour la Protection et la Gestion des Nappes Souterraines de la Plaine du Roussillon  (20001584000016),2.685378283,42.685696389,2017-05-23T02:58,2017-05-23T15:13,44118.64,0.1,22.51,6.58,22,1013.8,19.7,0.15,30.3
143,10906X0039/C2-1,BSS002MNYD,2017-05-24,104.2,Valeur mesurée,Syndicat Mixte pour la Protection et la Gestion des Nappes Souterraines de la Plaine du Roussillon  (20001584000016),2.685378283,42.685696389,2017-05-24T02:58,2017-05-24T15:13,44124.0,0.4,16.44,5.23,41,1013.5,17.7,0.149,30.3
144,10906X0039/C2-1,BSS002MNYD,2017-05-25,104.19,Valeur mesurée,Syndicat Mixte pour la Protection et la Gestion des Nappes Souterraines de la Plaine du Roussillon  (20001584000016),2.685378283,42.685696389,2017-05-25T02:58,2017-05-25T15:13,44129.2,0.3,15.21,5.12,50,1012.4,19.4,0.149,30.3
145,10906X0039/C2-1,BSS002MNYD,2017-05-26,104.15,Valeur mesurée,Syndicat Mixte pour la Protection et la Gestion des Nappes Souterraines de la Plaine du Roussillon  (20001584000016),2.685378283,42.685696389,2017-05-26T02:58,2017-05-26T15:14,44134.22,0.0,19.85,6.27,33,1011.4,18.7,0.149,30.4
146,10906X0039/C2-1,BSS002MNYD,2017-05-27,104.13,Valeur mesurée,Syndicat Mixte pour la Protection et la Gestion des Nappes Souterraines de la Plaine du Roussillon  (20001584000016),2.685378283,42.685696389,2017-05-27T02:58,2017-05-27T15:14,44139.04,0.0,22.63,6.8,39,1011.8,20.9,0.148,30.7
147,10906X0039/C2-1,BSS002MNYD,2017-05-28,104.14,Valeur mesurée,Syndicat Mixte pour la Protection et la Gestion des Nappes Souterraines de la Plaine du Roussillon  (20001584000016),2.685378283,42.685696389,2017-05-28T02:58,2017-05-28T15:14,44143.67,0.5,16.34,5.22,64,1012.9,20.3,0.148,30.8
148,10906X0039/C2-1,BSS002MNYD,2017-05-29,104.18,Valeur mesurée,Syndicat Mixte pour la Protection et la Gestion des Nappes Souterraines de la Plaine du Roussillon  (20001584000016),2.685378283,42.685696389,2017-05-29T02:58,2017-05-29T15:14,44148.1,1.7,18.23,5.34,75,1014.1,18.6,0.148,30.8
149,10906X0039/C2-1,BSS002MNYD,2017-05-30,104.18,Valeur mesurée,Syndicat Mixte pour la Protection et la Gestion des Nappes Souterraines de la Plaine du Roussillon  (20001584000016),2.685378283,42.685696389,2017-05-30T02:58,2017-05-30T15:14,44152.38,0.0,5.89,2.98,87,1015.5,15.2,0.147,30.4
150,10906X0039/C2-1,BSS002MNYD,2017-05-31,104.18,Valeur mesurée,Syndicat Mixte pour la Protection et la Gestion des Nappes Souterraines de la Plaine du Roussillon  (20001584000016),2.685378283,42.685696389,2017-05-31T02:58,2017-05-31T15:14,44156.49,0.0,21.06,6.69,34,1014.8,18.9,0.147,30.5
151,10906X0039/C2-1,BSS002MNYD,2017-06-01,104.16,Valeur mesurée,Syndicat Mixte pour la Protection et la Gestion des Nappes Souterraines de la Plaine du Roussillon  (20001584000016),2.685378283,42.685696389,2017-06-01T02:59,2017-06-01T15:15,44160.45,0.5,15.18,5.39,52,1014.2,20.5,0.146,30.6
152,10906X0039/C2-1,BSS002MNYD,2017-06-02,104.16,Valeur mesurée,Syndicat Mixte pour la Protection et la Gestion des Nappes Souterraines de la Plaine du Roussillon  (20001584000016),2.685378283,42.685696389,2017-06-02T02:59,2017-06-02T15:15,44164.24,0.1,13.59,5.23,76,1014.1,21.1,0.146,30.6
153,10906X0039/C2-1,BSS002MNYD,2017-06-03,104.18,Valeur mesurée,Syndicat Mixte pour la Protection et la Gestion des Nappes Souterraines de la Plaine du Roussillon  (20001584000016),2.685378283,42.685696389,2017-06-03T02:59,2017-06-03T15:15,44167.86,0.4,11.16,4.68,82,1014.4,20.9,0.146,30.5
154,10906X0039/C2-1,BSS002MNYD,2017-06-04,104.17,Valeur mesurée,Syndicat Mixte pour la Protection et la Gestion des Nappes Souterraines de la Plaine du Roussillon  (20001584000016),2.685378283,42.685696389,2017-06-04T02:59,2017-06-04T15:15,44171.31,0.6,15.65,5.17,62,1014.1,19.8,0.146,30.5
155,10906X0039/C2-1,BSS002MNYD,2017-06-05,104.17,Valeur mesurée,Syndicat Mixte pour la Protection et la Gestion des Nappes Souterraines de la Plaine du Roussillon  (20001584000016),2.685378283,42.685696389,2017-06-05T02:59,2017-06-05T15:15,44174.58,0.0,19.69,6.64,48,1013.5,22.3,0.146,30.6
156,10906X0039/C2-1,BSS002MNYD,2017-06-06,104.16,Valeur mesurée,Syndicat Mixte pour la Protection et la Gestion des Nappes Souterraines de la Plaine du Roussillon  (20001584000016),2.685378283,42.685696389,2017-06-06T02:59,2017-06-06T15:16,44177.67,0.0,15.13,5.67,56,1013.6,23.1,0.146,30.6
157,10906X0039/C2-1,BSS002MNYD,2017-06-07,104.23,Valeur mesurée,Syndicat Mixte pour la Protection et la Gestion des Nappes Souterraines de la Plaine du Roussillon  (20001584000016),2.685378283,42.685696389,2017-06-07T02:59,2017-06-07T15:16,44180.59,0.0,13.51,5.22,65,1013.4,21.1,0.145,30.5
158,10906X0039/C2-1,BSS002MNYD,2017-06-08,104.27,Valeur mesurée,Syndicat Mixte pour la Protection et la Gestion des Nappes Souterraines de la Plaine du Roussillon  (20001584000016),2.685378283,42.685696389,2017-06-08T03:00,2017-06-08T15:16,44183.31,0.0,16.83,5.95,47,1012.8,20.0,0.145,30.4
159,10906X0039/C2-1,BSS002MNYD,2017-06-09,104.26,Valeur mesurée,Syndicat Mixte pour la Protection et la Gestion des Nappes Souterraines de la Plaine du Roussillon  (20001584000016),2.685378283,42.685696389,2017-06-09T03:00,2017-06-09T15:16,44185.84,0.0,21.1,6.98,33,1013.4,21.7,0.145,30.5
160,10906X0039/C2-1,BSS002MNYD,2017-06-10,104.22,Valeur mesurée,Syndicat Mixte pour la Protection et la Gestion des Nappes Souterraines de la Plaine du Roussillon  (20001584000016),2.685378283,42.685696389,2017-06-10T03:00,2017-06-10T15:16,44188.18,0.0,22.78,7.55,50,1014.2,23.2,0.145,30.6
161,10906X0039/C2-1,BSS002MNYD,2017-06-11,104.21,Valeur mesurée,Syndicat Mixte pour la Protection et la Gestion des Nappes Souterraines de la Plaine du Roussillon  (20001584000016),2.685378283,42.685696389,2017-06-11T03:00,2017-06-11T15:17,44190.31,0.0,17.83,6.55,74,1013.0,21.8,0.144,30.7
162,10906X0039/C2-1,BSS002MNYD,2017-06-12,104.26,Valeur mesurée,Syndicat Mixte pour la Protection et la Gestion des Nappes Souterraines de la Plaine du Roussillon  (20001584000016),2.685378283,42.685696389,2017-06-12T03:00,2017-06-12T15:17,44192.25,0.1,17.61,5.65,64,1012.5,17.9,0.144,30.7
163,10906X0039/C2-1,BSS002MNYD,2017-06-13,104.36,Valeur mesurée,Syndicat Mixte pour la Protection et la Gestion des Nappes Souterraines de la Plaine du Roussillon  (20001584000016),2.685378283,42.685696389,2017-06-13T03:01,2017-06-13T15:17,44193.98,1.2,16.34,4.75,80,1012.6,20.3,0.145,30.6
164,10906X0039/C2-1,BSS002MNYD,2017-06-14,104.31,Valeur mesurée,Syndicat Mixte pour la Protection et la Gestion des Nappes Souterraines de la Plaine du Roussillon  (20001584000016),2.685378283,42.685696389,2017-06-14T03:01,2017-06-14T15:17,44195.5,1.5,11.85,3.83,83,1013.2,17.4,0.145,30.3
165,10906X0039/C2-1,BSS002MNYD,2017-06-15,104.29,Valeur mesurée,Syndicat Mixte pour la Protection et la Gestion des Nappes Souterraines de la Plaine du Roussillon  (20001584000016),2.685378283,42.685696389,2017-06-15T03:01,2017-06-15T15:18,44196.81,3.4,15.48,4.02,96,1013.8,14.9,0.146,30.1
166,10906X0039/C2-1,BSS002MNYD,2017-06-16,104.34,Valeur mesurée,Syndicat Mixte pour la Protection et la Gestion des Nappes Souterraines de la Plaine du Roussillon  (20001584000016),2.685378283,42.685696389,2017-06-16T03:01,2017-06-16T15:18,44197.9,0.9,15.59,4.44,96,1013.8,18.0,0.147,30.0
167,10906X0039/C2-1,BSS002MNYD,2017-06-17,104.34,Valeur mesurée,Syndicat Mixte pour la Protection et la Gestion des Nappes Souterraines de la Plaine du Roussillon  (20001584000016),2.685378283,42.685696389,2017-06-17T03:01,2017-06-17T15:18,44198.77,1.5,14.57,4.28,92,1013.4,19.8,0.147,29.7
168,10906X0039/C2-1,BSS002MNYD,2017-06-18,104.25,Valeur mesurée,Syndicat Mixte pour la Protection et la Gestion des Nappes Souterraines de la Plaine du Roussillon  (20001584000016),2.685378283,42.685696389,2017-06-18T03:02,2017-06-18T15:18,44199.42,0.4,17.81,5.03,50,1013.3,19.3,0.146,29.6
169,10906X0039/C2-1,BSS002MNYD,2017-06-19,104.22,Valeur mesurée,Syndicat Mixte pour la Protection et la Gestion des Nappes Souterraines de la Plaine du Roussillon  (20001584000016),2.685378283,42.685696389,2017-06-19T03:02,2017-06-19T15:18,44199.86,1.0,16.2,4.47,61,1014.5,19.0,0.146,29.4
170,10906X0039/C2-1,BSS002MNYD,2017-06-20,104.25,Valeur mesurée,Syndicat Mixte pour la Protection et la Gestion des Nappes Souterraines de la Plaine du Roussillon  (20001584000016),2.685378283,42.685696389,2017-06-20T03:02,2017-06-20T15:19,44200.08,0.6,11.67,3.84,67,1014.4,17.4,0.146,29.3
171,10906X0039/C2-1,BSS002MNYD,2017-06-21,104.25,Valeur mesurée,Syndicat Mixte pour la Protection et la Gestion des Nappes Souterraines de la Plaine du Roussillon  (20001584000016),2.685378283,42.685696389,2017-06-21T03:02,2017-06-21T15:19,44200.09,0.1,11.38,4.15,70,1013.5,18.2,0.145,29.2
172,10906X0039/C2-1,BSS002MNYD,2017-06-22,104.2,Valeur mesurée,Syndicat Mixte pour la Protection et la Gestion des Nappes Souterraines de la Plaine du Roussillon  (20001584000016),2.685378283,42.685696389,2017-06-22T03:02,2017-06-22T15:19,44199.89,0.0,19.05,5.92,57,1014.1,20.2,0.145,29.3
173,10906X0039/C2-1,BSS002MNYD,2017-06-23,104.3,Valeur mesurée,Syndicat Mixte pour la Protection et la Gestion des Nappes Souterraines de la Plaine du Roussillon  (20001584000016),2.685378283,42.685696389,2017-06-23T03:03,2017-06-23T15:19,44199.48,0.4,13.95,4.53,67,1014.8,18.8,0.144,29.3
174,10906X0039/C2-1,BSS002MNYD,2017-06-24,104.36,Valeur mesurée,Syndicat Mixte pour la Protection et la Gestion des Nappes Souterraines de la Plaine du Roussillon  (20001584000016),2.685378283,42.685696389,2017-06-24T03:03,2017-06-24T15:19,44198.85,0.3,15.54,4.59,82,1014.4,17.1,0.144,29.4
175,10906X0039/C2-1,BSS002MNYD,2017-06-25,104.29,Valeur mesurée,Syndicat Mixte pour la Protection et la Gestion des Nappes Souterraines de la Plaine du Roussillon  (20001584000016),2.685378283,42.685696389,2017-06-25T03:03,2017-06-25T15:20,44198.03,0.2,15.51,5.26,85,1013.5,19.3,0.144,29.4
176,10906X0039/C2-1,BSS002MNYD,2017-06-26,104.17,Valeur mesurée,Syndicat Mixte pour la Protection et la Gestion des Nappes Souterraines de la Plaine du Roussillon  (20001584000016),2.685378283,42.685696389,2017-06-26T03:03,2017-06-26T15:20,44197.0,0.0,12.93,5.14,73,1013.9,22.0,0.144,29.4
177,10906X0039/C2-1,BSS002MNYD,2017-06-27,104.18,Valeur mesurée,Syndicat Mixte pour la Protection et la Gestion des Nappes Souterraines de la Plaine du Roussillon  (20001584000016),2.685378283,42.685696389,2017-06-27T03:03,2017-06-27T15:20,44195.76,0.6,14.86,4.9,54,1014.5,20.6,0.144,29.4
178,10906X0039/C2-1,BSS002MNYD,2017-06-28,104.23,Valeur mesurée,Syndicat Mixte pour la Protection et la Gestion des Nappes Souterraines de la Plaine du Roussillon  (20001584000016),2.685378283,42.685696389,2017-06-28T03:04,2017-06-28T15:20,44194.33,0.0,17.18,5.69,63,1014.7,20.2,0.144,29.4
179,10906X0039/C2-1,BSS002MNYD,2017-06-29,104.22,Valeur mesurée,Syndicat Mixte pour la Protection et la Gestion des Nappes Souterraines de la Plaine du Roussillon  (20001584000016),2.685378283,42.685696389,2017-06-29T03:04,2017-06-29T15:20,44192.71,0.5,18.22,5.64,77,1014.8,20.9,0.143,29.5
180,10906X0039/C2-1,BSS002MNYD,2017-06-30,104.27,Valeur mesurée,Syndicat Mixte pour la Protection et la Gestion des Nappes Souterraines de la Plaine du Roussillon  (20001584000016),2.685378283,42.685696389,2017-06-30T03:04,2017-06-30T15:21,44190.89,0.0,13.52,5.77,67,1014.3,26.3,0.143,29.5
181,10906X0039/C2-1,BSS002MNYD,2017-07-01,104.27,Valeur mesurée,Syndicat Mixte pour la Protection et la Gestion des Nappes Souterraines de la Plaine du Roussillon  (20001584000016),2.685378283,42.685696389,2017-07-01T03:04,2017-07-01T15:21,44188.87,0.0,20.82,7.23,31,1013.8,24.2,0.143,29.5
182,10906X0039/C2-1,BSS002MNYD,2017-07-02,104.17,Valeur mesurée,Syndicat Mixte pour la Protection et la Gestion des Nappes Souterraines de la Plaine du Roussillon  (20001584000016),2.685378283,42.685696389,2017-07-02T03:05,2017-07-02T15:21,44186.67,0.0,15.81,6.31,78,1013.4,24.9,0.143,29.5
183,10906X0039/C2-1,BSS002MNYD,2017-07-03,104.13,Valeur mesurée,Syndicat Mixte pour la Protection et la Gestion des Nappes Souterraines de la Plaine du Roussillon  (20001584000016),2.685378283,42.685696389,2017-07-03T03:05,2017-07-03T15:21,44184.28,0.3,13.24,5.47,93,1014.4,22.7,0.143,29.3
184,10906X0039/C2-1,BSS002MNYD,2017-07-04,104.19,Valeur mesurée,Syndicat Mixte pour la Protection et la Gestion des Nappes Souterraines de la Plaine du Roussillon  (20001584000016),2.685378283,42.685696389,2017-07-04T03:05,2017-07-04T15:21,44181.72,0.0,16.15,6.14,99,1014.9,22.2,0.142,29.4
185,10906X0039/C2-1,BSS002MNYD,2017-07-05,104.21,Valeur mesurée,Syndicat Mixte pour la Protection et la Gestion des Nappes Souterraines de la Plaine du Roussillon  (20001584000016),2.685378283,42.685696389,2017-07-05T03:05,2017-07-05T15:22,44178.96,0.0,17.96,6.76,94,1014.9,23.5,0.142,29.4
186,10906X0039/C2-1,BSS002MNYD,2017-07-06,104.17,Valeur mesurée,Syndicat Mixte pour la Protection et la Gestion des Nappes Souterraines de la Plaine du Roussillon  (20001584000016),2.685378283,42.685696389,2017-07-06T03:05,2017-07-06T15:22,44176.03,0.0,19.89,6.82,46,1015.6,23.0,0.142,29.4
187,10906X0039/C2-1,BSS002MNYD,2017-07-07,104.15,Valeur mesurée,Syndicat Mixte pour la Protection et la Gestion des Nappes Souterraines de la Plaine du Roussillon  (20001584000016),2.685378283,42.685696389,2017-07-07T03:06,2017-07-07T15:22,44172.92,0.4,17.16,5.93,44,1015.6,24.5,0.142,29.4
188,10906X0039/C2-1,BSS002MNYD,2017-07-08,104.13,Valeur mesurée,Syndicat Mixte pour la Protection et la Gestion des Nappes Souterraines de la Plaine du Roussillon  (20001584000016),2.685378283,42.685696389,2017-07-08T03:06,2017-07-08T15:22,44169.63,0.0,16.53,6.12,57,1015.4,23.3,0.142,29.3
189,10906X0039/C2-1,BSS002MNYD,2017-07-09,104.11,Valeur mesurée,Syndicat Mixte pour la Protection et la Gestion des Nappes Souterraines de la Plaine du Roussillon  (20001584000016),2.685378283,42.685696389,2017-07-09T03:06,2017-07-09T15:22,44166.13,0.0,21.96,7.0,30,1014.4,21.9,0.142,29.5
190,10906X0039/C2-1,BSS002MNYD,2017-07-10,104.21,Valeur mesurée,Syndicat Mixte pour la Protection et la Gestion des Nappes Souterraines de la Plaine du Roussillon  (20001584000016),2.685378283,42.685696389,2017-07-10T03:06,2017-07-10T15:22,44162.42,0.0,13.73,5.57,49,1014.0,24.5,0.142,29.4
191,10906X0039/C2-1,BSS002MNYD,2017-07-11,104.21,Valeur mesurée,Syndicat Mixte pour la Protection et la Gestion des Nappes Souterraines de la Plaine du Roussillon  (20001584000016),2.685378283,42.685696389,2017-07-11T03:06,2017-07-11T15:22,44158.52,0.2,11.97,4.62,78,1015.0,20.7,0.144,29.1
192,10906X0039/C2-1,BSS002MNYD,2017-07-12,104.27,Valeur mesurée,Syndicat Mixte pour la Protection et la Gestion des Nappes Souterraines de la Plaine du Roussillon  (20001584000016),2.685378283,42.685696389,2017-07-12T03:06,2017-07-12T15:22,44154.41,0.0,15.57,6.24,84,1015.0,23.8,0.145,29.0
193,10906X0039/C2-1,BSS002MNYD,2017-07-13,104.4,Valeur mesurée,Syndicat Mixte pour la Protection et la Gestion des Nappes Souterraines de la Plaine du Roussillon  (20001584000016),2.685378283,42.685696389,2017-07-13T03:07,2017-07-13T15:22,44150.12,0.1,15.04,6.27,58,1014.3,22.6,0.145,28.9
194,10906X0039/C2-1,BSS002MNYD,2017-07-14,104.43,Valeur mesurée,Syndicat Mixte pour la Protection et la Gestion des Nappes Souterraines de la Plaine du Roussillon  (20001584000016),2.685378283,42.685696389,2017-07-14T03:07,2017-07-14T15:22,44145.64,0.0,17.1,6.56,68,1014.0,23.7,0.146,29.0
195,10906X0039/C2-1,BSS002MNYD,2017-07-15,104.33,Valeur mesurée,Syndicat Mixte pour la Protection et la Gestion des Nappes Souterraines de la Plaine du Roussillon  (20001584000016),2.685378283,42.685696389,2017-07-15T03:07,2017-07-15T15:23,44140.99,0.0,17.8,6.5,74,1014.3,22.9,0.146,29.0
196,10906X0039/C2-1,BSS002MNYD,2017-07-16,104.24,Valeur mesurée,Syndicat Mixte pour la Protection et la Gestion des Nappes Souterraines de la Plaine du Roussillon  (20001584000016),2.685378283,42.685696389,2017-07-16T03:07,2017-07-16T15:23,44136.17,0.0,12.12,4.78,88,1013.9,21.2,0.145,29.0
197,10906X0039/C2-1,BSS002MNYD,2017-07-17,104.15,Valeur mesurée,Syndicat Mixte pour la Protection et la Gestion des Nappes Souterraines de la Plaine du Roussillon  (20001584000016),2.685378283,42.685696389,2017-07-17T03:07,2017-07-17T15:23,44131.19,0.9,16.29,5.38,54,1014.6,22.9,0.145,29.2
198,10906X0039/C2-1,BSS002MNYD,2017-07-18,104.18,Valeur mesurée,Syndicat Mixte pour la Protection et la Gestion des Nappes Souterraines de la Plaine du Roussillon  (20001584000016),2.685378283,42.685696389,2017-07-18T03:07,2017-07-18T15:23,44126.05,0.8,14.03,4.75,55,1015.6,21.2,0.145,29.3
199,10906X0039/C2-1,BSS002MNYD,2017-07-19,104.19,Valeur mesurée,Syndicat Mixte pour la Protection et la Gestion des Nappes Souterraines de la Plaine du Roussillon  (20001584000016),2.685378283,42.685696389,2017-07-19T03:07,2017-07-19T15:23,44120.77,0.9,13.28,4.79,89,1015.4,23.4,0.146,29.2
200,10906X0039/C2-1,BSS002MNYD,2017-07-20,104.26,Valeur mesurée,Syndicat Mixte pour la Protection et la Gestion des Nappes Souterraines de la Plaine du Roussillon  (20001584000016),2.685378283,42.685696389,2017-07-20T03:07,2017-07-20T15:23,44115.34,0.1,15.79,5.56,71,1014.2,22.2,0.146,29.1
201,10906X0039/C2-1,BSS002MNYD,2017-07-21,104.27,Valeur mesurée,Syndicat Mixte pour la Protection et la Gestion des Nappes Souterraines de la Plaine du Roussillon  (20001584000016),2.685378283,42.685696389,2017-07-21T03:08,2017-07-21T15:23,44109.78,0.0,13.45,5.42,76,1013.5,22.9,0.144,29.1
202,10906X0039/C2-1,BSS002MNYD,2017-07-22,104.21,Valeur mesurée,Syndicat Mixte pour la Protection et la Gestion des Nappes Souterraines de la Plaine du Roussillon  (20001584000016),2.685378283,42.685696389,2017-07-22T03:08,2017-07-22T15:23,44104.1,0.0,16.44,6.16,58,1013.8,23.5,0.144,29.1
203,10906X0039/C2-1,BSS002MNYD,2017-07-23,104.14,Valeur mesurée,Syndicat Mixte pour la Protection et la Gestion des Nappes Souterraines de la Plaine du Roussillon  (20001584000016),2.685378283,42.685696389,2017-07-23T03:08,2017-07-23T15:23,44098.29,0.0,10.16,4.5,80,1014.2,22.4,0.144,28.9
204,10906X0039/C2-1,BSS002MNYD,2017-07-24,104.12,Valeur mesurée,Syndicat Mixte pour la Protection et la Gestion des Nappes Souterraines de la Plaine du Roussillon  (20001584000016),2.685378283,42.685696389,2017-07-24T03:08,2017-07-24T15:23,44092.37,0.0,17.92,6.69,76,1014.0,23.2,0.143,29.0
205,10906X0039/C2-1,BSS002MNYD,2017-07-25,104.15,Valeur mesurée,Syndicat Mixte pour la Protection et la Gestion des Nappes Souterraines de la Plaine du Roussillon  (20001584000016),2.685378283,42.685696389,2017-07-25T03:08,2017-07-25T15:23,44086.33,0.0,16.13,6.45,66,1013.9,24.3,0.143,29.1
206,10906X0039/C2-1,BSS002MNYD,2017-07-26,104.2,Valeur mesurée,Syndicat Mixte pour la Protection et la Gestion des Nappes Souterraines de la Plaine du Roussillon  (20001584000016),2.685378283,42.685696389,2017-07-26T03:08,2017-07-26T15:23,44080.2,0.0,18.87,7.25,50,1013.6,25.6,0.143,29.2
207,10906X0039/C2-1,BSS002MNYD,2017-07-27,104.26,Valeur mesurée,Syndicat Mixte pour la Protection et la Gestion des Nappes Souterraines de la Plaine du Roussillon  (20001584000016),2.685378283,42.685696389,2017-07-27T03:08,2017-07-27T15:23,44073.98,0.0,17.0,6.88,71,1014.6,24.8,0.143,29.2
208,10906X0039/C2-1,BSS002MNYD,2017-07-28,104.31,Valeur mesurée,Syndicat Mixte pour la Protection et la Gestion des Nappes Souterraines de la Plaine du Roussillon  (20001584000016),2.685378283,42.685696389,2017-07-28T03:08,2017-07-28T15:22,44067.64,0.0,16.94,6.28,46,1015.1,21.7,0.143,29.3
209,10906X0039/C2-1,BSS002MNYD,2017-07-29,104.26,Valeur mesurée,Syndicat Mixte pour la Protection et la Gestion des Nappes Souterraines de la Plaine du Roussillon  (20001584000016),2.685378283,42.685696389,2017-07-29T03:08,2017-07-29T15:22,44061.17,0.0,20.35,7.12,34,1014.4,24.6,0.143,29.4
210,10906X0039/C2-1,BSS002MNYD,2017-07-30,104.16,Valeur mesurée,Syndicat Mixte pour la Protection et la Gestion des Nappes Souterraines de la Plaine du Roussillon  (20001584000016),2.685378283,42.685696389,2017-07-30T03:08,2017-07-30T15:22,44054.53,0.0,17.96,6.53,40,1014.0,24.0,0.143,29.3
211,10906X0039/C2-1,BSS002MNYD,2017-07-31,104.15,Valeur mesurée,Syndicat Mixte pour la Protection et la Gestion des Nappes Souterraines de la Plaine du Roussillon  (20001584000016),2.685378283,42.685696389,2017-07-31T03:08,2017-07-31T15:22,44047.75,0.2,16.16,5.47,37,1014.8,20.7,0.143,29.3
212,10906X0039/C2-1,BSS002MNYD,2017-08-01,104.17,Valeur mesurée,Syndicat Mixte pour la Protection et la Gestion des Nappes Souterraines de la Plaine du Roussillon  (20001584000016),2.685378283,42.685696389,2017-08-01T03:08,2017-08-01T15:22,44040.83,0.9,17.84,5.33,34,1016.2,20.2,0.144,29.2
213,10906X0039/C2-1,BSS002MNYD,2017-08-02,104.2,Valeur mesurée,Syndicat Mixte pour la Protection et la Gestion des Nappes Souterraines de la Plaine du Roussillon  (20001584000016),2.685378283,42.685696389,2017-08-02T03:08,2017-08-02T15:22,44033.79,1.2,19.42,5.71,48,1017.0,21.4,0.145,29.3
214,10906X0039/C2-1,BSS002MNYD,2017-08-03,104.21,Valeur mesurée,Syndicat Mixte pour la Protection et la Gestion des Nappes Souterraines de la Plaine du Roussillon  (20001584000016),2.685378283,42.685696389,2017-08-03T03:08,2017-08-03T15:22,44026.63,0.3,17.58,5.57,50,1016.8,20.2,0.144,29.2
215,10906X0039/C2-1,BSS002MNYD,2017-08-04,104.16,Valeur mesurée,Syndicat Mixte pour la Protection et la Gestion des Nappes Souterraines de la Plaine du Roussillon  (20001584000016),2.685378283,42.685696389,2017-08-04T03:08,2017-08-04T15:22,44019.35,0.0,15.58,5.28,73,1015.3,18.6,0.144,29.1
216,10906X0039/C2-1,BSS002MNYD,2017-08-05,104.13,Valeur mesurée,Syndicat Mixte pour la Protection et la Gestion des Nappes Souterraines de la Plaine du Roussillon  (20001584000016),2.685378283,42.685696389,2017-08-05T03:08,2017-08-05T15:21,44011.97,0.0,18.04,6.14,75,1014.7,21.4,0.144,29.1
217,10906X0039/C2-1,BSS002MNYD,2017-08-06,104.11,Valeur mesurée,Syndicat Mixte pour la Protection et la Gestion des Nappes Souterraines de la Plaine du Roussillon  (20001584000016),2.685378283,42.685696389,2017-08-06T03:08,2017-08-06T15:21,44004.49,0.0,15.92,6.08,85,1014.1,23.3,0.143,29.1
218,10906X0039/C2-1,BSS002MNYD,2017-08-07,104.08,Valeur mesurée,Syndicat Mixte pour la Protection et la Gestion des Nappes Souterraines de la Plaine du Roussillon  (20001584000016),2.685378283,42.685696389,2017-08-07T03:08,2017-08-07T15:21,43996.93,0.0,15.1,6.17,73,1014.0,22.8,0.143,29.1
219,10906X0039/C2-1,BSS002MNYD,2017-08-08,104.07,Valeur mesurée,Syndicat Mixte pour la Protection et la Gestion des Nappes Souterraines de la Plaine du Roussillon  (20001584000016),2.685378283,42.685696389,2017-08-08T03:08,2017-08-08T15:21,43989.28,0.0,14.04,5.74,82,1014.7,24.0,0.143,29.0
220,10906X0039/C2-1,BSS002MNYD,2017-08-09,104.16,Valeur mesurée,Syndicat Mixte pour la Protection et la Gestion des Nappes Souterraines de la Plaine du Roussillon  (20001584000016),2.685378283,42.685696389,2017-08-09T03:08,2017-08-09T15:21,43981.56,0.1,15.09,6.36,89,1014.8,25.1,0.143,29.0
221,10906X0039/C2-1,BSS002MNYD,2017-08-10,104.17,Valeur mesurée,Syndicat Mixte pour la Protection et la Gestion des Nappes Souterraines de la Plaine du Roussillon  (20001584000016),2.685378283,42.685696389,2017-08-10T03:08,2017-08-10T15:20,43973.78,0.0,20.69,7.28,67,1014.1,23.5,0.143,29.0
222,10906X0039/C2-1,BSS002MNYD,2017-08-11,104.18,Valeur mesurée,Syndicat Mixte pour la Protection et la Gestion des Nappes Souterraines de la Plaine du Roussillon  (20001584000016),2.685378283,42.685696389,2017-08-11T03:07,2017-08-11T15:20,43965.93,0.8,12.0,4.96,96,1014.7,25.5,0.143,28.9
223,10906X0039/C2-1,BSS002MNYD,2017-08-12,104.13,Valeur mesurée,Syndicat Mixte pour la Protection et la Gestion des Nappes Souterraines de la Plaine du Roussillon  (20001584000016),2.685378283,42.685696389,2017-08-12T03:07,2017-08-12T15:20,43958.04,0.0,18.71,6.82,69,1014.3,24.6,0.144,29.0
224,10906X0039/C2-1,BSS002MNYD,2017-08-13,104.1,Valeur mesurée,Syndicat Mixte pour la Protection et la Gestion des Nappes Souterraines de la Plaine du Roussillon  (20001584000016),2.685378283,42.685696389,2017-08-13T03:07,2017-08-13T15:20,43950.09,0.4,14.92,5.28,49,1014.1,23.3,0.143,29.0
225,10906X0039/C2-1,BSS002MNYD,2017-08-14,104.09,Valeur mesurée,Syndicat Mixte pour la Protection et la Gestion des Nappes Souterraines de la Plaine du Roussillon  (20001584000016),2.685378283,42.685696389,2017-08-14T03:07,2017-08-14T15:20,43942.12,0.5,15.78,4.87,62,1014.6,21.0,0.144,29.0
226,10906X0039/C2-1,BSS002MNYD,2017-08-15,104.11,Valeur mesurée,Syndicat Mixte pour la Protection et la Gestion des Nappes Souterraines de la Plaine du Roussillon  (20001584000016),2.685378283,42.685696389,2017-08-15T03:07,2017-08-15T15:19,43934.1,0.4,18.78,6.1,80,1014.0,21.5,0.144,29.1
227,10906X0039/C2-1,BSS002MNYD,2017-08-16,104.09,Valeur mesurée,Syndicat Mixte pour la Protection et la Gestion des Nappes Souterraines de la Plaine du Roussillon  (20001584000016),2.685378283,42.685696389,2017-08-16T03:07,2017-08-16T15:19,43926.06,0.0,20.92,6.25,58,1013.2,17.5,0.143,29.2
228,10906X0039/C2-1,BSS002MNYD,2017-08-17,104.06,Valeur mesurée,Syndicat Mixte pour la Protection et la Gestion des Nappes Souterraines de la Plaine du Roussillon  (20001584000016),2.685378283,42.685696389,2017-08-17T03:07,2017-08-17T15:19,43918.0,0.0,24.45,6.93,37,1012.1,16.9,0.144,29.5
229,10906X0039/C2-1,BSS002MNYD,2017-08-18,104.09,Valeur mesurée,Syndicat Mixte pour la Protection et la Gestion des Nappes Souterraines de la Plaine du Roussillon  (20001584000016),2.685378283,42.685696389,2017-08-18T03:07,2017-08-18T15:18,43909.84,0.0,23.75,7.0,90,1012.4,20.7,0.144,29.8
230,10906X0039/C2-1,BSS002MNYD,2017-08-19,104.09,Valeur mesurée,Syndicat Mixte pour la Protection et la Gestion des Nappes Souterraines de la Plaine du Roussillon  (20001584000016),2.685378283,42.685696389,2017-08-19T03:06,2017-08-19T15:18,43901.6,1.7,18.93,5.8,63,1013.6,20.9,0.144,29.9
231,10906X0039/C2-1,BSS002MNYD,2017-08-20,104.08,Valeur mesurée,Syndicat Mixte pour la Protection et la Gestion des Nappes Souterraines de la Plaine du Roussillon  (20001584000016),2.685378283,42.685696389,2017-08-20T03:06,2017-08-20T15:18,43893.27,1.3,17.12,5.72,41,1014.1,22.3,0.145,29.6
232,10906X0039/C2-1,BSS002MNYD,2017-08-21,104.07,Valeur mesurée,Syndicat Mixte pour la Protection et la Gestion des Nappes Souterraines de la Plaine du Roussillon  (20001584000016),2.685378283,42.685696389,2017-08-21T03:06,2017-08-21T15:18,43884.86,0.1,16.6,5.96,60,1013.1,22.2,0.145,29.4
233,10906X0039/C2-1,BSS002MNYD,2017-08-22,104.08,Valeur mesurée,Syndicat Mixte pour la Protection et la Gestion des Nappes Souterraines de la Plaine du Roussillon  (20001584000016),2.685378283,42.685696389,2017-08-22T03:06,2017-08-22T15:17,43876.38,0.0,20.58,6.7,44,1011.7,22.5,0.144,29.4
234,10906X0039/C2-1,BSS002MNYD,2017-08-23,104.06,Valeur mesurée,Syndicat Mixte pour la Protection et la Gestion des Nappes Souterraines de la Plaine du Roussillon  (20001584000016),2.685378283,42.685696389,2017-08-23T03:06,2017-08-23T15:17,43867.84,0.0,15.57,5.99,68,1011.6,24.0,0.144,29.4
235,10906X0039/C2-1,BSS002MNYD,2017-08-24,104.07,Valeur mesurée,Syndicat Mixte pour la Protection et la Gestion des Nappes Souterraines de la Plaine du Roussillon  (20001584000016),2.685378283,42.685696389,2017-08-24T03:06,2017-08-24T15:17,43859.25,0.0,17.88,5.92,79,1011.7,21.3,0.143,29.5
236,10906X0039/C2-1,BSS002MNYD,2017-08-25,104.09,Valeur mesurée,Syndicat Mixte pour la Protection et la Gestion des Nappes Souterraines de la Plaine du Roussillon  (20001584000016),2.685378283,42.685696389,2017-08-25T03:05,2017-08-25T15:16,43850.61,0.0,21.4,6.57,48,1012.1,19.6,0.142,29.8
237,10906X0039/C2-1,BSS002MNYD,2017-08-26,104.09,Valeur mesurée,Syndicat Mixte pour la Protection et la Gestion des Nappes Souterraines de la Plaine du Roussillon  (20001584000016),2.685378283,42.685696389,2017-08-26T03:05,2017-08-26T15:16,43841.93,0.0,25.13,7.57,55,1011.8,20.8,0.143,29.9
238,10906X0039/C2-1,BSS002MNYD,2017-08-27,104.07,Valeur mesurée,Syndicat Mixte pour la Protection et la Gestion des Nappes Souterraines de la Plaine du Roussillon  (20001584000016),2.685378283,42.685696389,2017-08-27T03:05,2017-08-27T15:15,43833.22,1.6,15.12,5.27,78,1012.7,23.8,0.143,29.7
239,10906X0039/C2-1,BSS002MNYD,2017-08-28,104.04,Valeur mesurée,Syndicat Mixte pour la Protection et la Gestion des Nappes Souterraines de la Plaine du Roussillon  (20001584000016),2.685378283,42.685696389,2017-08-28T03:05,2017-08-28T15:15,43824.48,0.1,16.02,5.9,89,1012.6,23.8,0.143,29.4
240,10906X0039/C2-1,BSS002MNYD,2017-08-29,104.04,Valeur mesurée,Syndicat Mixte pour la Protection et la Gestion des Nappes Souterraines de la Plaine du Roussillon  (20001584000016),2.685378283,42.685696389,2017-08-29T03:04,2017-08-29T15:15,43815.71,0.1,14.68,5.66,87,1012.3,22.1,0.143,29.4
241,10906X0039/C2-1,BSS002MNYD,2017-08-30,104.04,Valeur mesurée,Syndicat Mixte pour la Protection et la Gestion des Nappes Souterraines de la Plaine du Roussillon  (20001584000016),2.685378283,42.685696389,2017-08-30T03:04,2017-08-30T15:14,43806.94,0.0,21.32,7.4,72,1012.2,24.4,0.143,29.5
242,10906X0039/C2-1,BSS002MNYD,2017-08-31,104.02,Valeur mesurée,Syndicat Mixte pour la Protection et la Gestion des Nappes Souterraines de la Plaine du Roussillon  (20001584000016),2.685378283,42.685696389,2017-08-31T03:04,2017-08-31T15:14,43798.15,0.0,17.15,6.2,79,1012.9,21.9,0.143,29.5
243,10906X0039/C2-1,BSS002MNYD,2017-09-01,104.14,Valeur mesurée,Syndicat Mixte pour la Protection et la Gestion des Nappes Souterraines de la Plaine du Roussillon  (20001584000016),2.685378283,42.685696389,2017-09-01T03:04,2017-09-01T15:14,43789.36,0.0,17.91,6.45,65,1012.9,21.7,0.142,29.6
244,10906X0039/C2-1,BSS002MNYD,2017-09-02,104.2,Valeur mesurée,Syndicat Mixte pour la Protection et la Gestion des Nappes Souterraines de la Plaine du Roussillon  (20001584000016),2.685378283,42.685696389,2017-09-02T03:03,2017-09-02T15:13,43780.57,0.0,13.42,5.16,89,1013.1,20.1,0.142,29.6
245,10906X0039/C2-1,BSS002MNYD,2017-09-03,104.15,Valeur mesurée,Syndicat Mixte pour la Protection et la Gestion des Nappes Souterraines de la Plaine du Roussillon  (20001584000016),2.685378283,42.685696389,2017-09-03T03:03,2017-09-03T15:13,43771.8,0.0,18.6,7.12,61,1013.0,23.6,0.142,29.8
246,10906X0039/C2-1,BSS002MNYD,2017-09-04,104.11,Valeur mesurée,Syndicat Mixte pour la Protection et la Gestion des Nappes Souterraines de la Plaine du Roussillon  (20001584000016),2.685378283,42.685696389,2017-09-04T03:03,2017-09-04T15:12,43763.04,0.0,18.3,6.69,52,1014.6,23.1,0.142,29.8
247,10906X0039/C2-1,BSS002MNYD,2017-09-05,104.11,Valeur mesurée,Syndicat Mixte pour la Protection et la Gestion des Nappes Souterraines de la Plaine du Roussillon  (20001584000016),2.685378283,42.685696389,2017-09-05T03:03,2017-09-05T15:12,43754.3,0.0,22.65,7.23,50,1015.3,22.5,0.142,29.9
248,10906X0039/C2-1,BSS002MNYD,2017-09-06,104.13,Valeur mesurée,Syndicat Mixte pour la Protection et la Gestion des Nappes Souterraines de la Plaine du Roussillon  (20001584000016),2.685378283,42.685696389,2017-09-06T03:03,2017-09-06T15:12,43745.57,0.0,24.35,8.01,20,1014.1,24.1,0.142,30.1
249,10906X0039/C2-1,BSS002MNYD,2017-09-07,104.12,Valeur mesurée,Syndicat Mixte pour la Protection et la Gestion des Nappes Souterraines de la Plaine du Roussillon  (20001584000016),2.685378283,42.685696389,2017-09-07T03:02,2017-09-07T15:11,43736.81,0.1,18.53,6.07,54,1013.6,23.6,0.142,30.2
250,10906X0039/C2-1,BSS002MNYD,2017-09-08,104.11,Valeur mesurée,Syndicat Mixte pour la Protection et la Gestion des Nappes Souterraines de la Plaine du Roussillon  (20001584000016),2.685378283,42.685696389,2017-09-08T03:02,2017-09-08T15:11,43727.99,1.0,19.4,6.16,42,1013.7,23.2,0.142,30.1
251,10906X0039/C2-1,BSS002MNYD,2017-09-09,104.09,Valeur mesurée,Syndicat Mixte pour la Protection et la Gestion des Nappes Souterraines de la Plaine du Roussillon  (20001584000016),2.685378283,42.685696389,2017-09-09T03:02,2017-09-09T15:10,43719.14,0.0,17.28,6.25,56,1013.6,21.4,0.142,30.0
252,10906X0039/C2-1,BSS002MNYD,2017-09-10,104.07,Valeur mesurée,Syndicat Mixte pour la Protection et la Gestion des Nappes Souterraines de la Plaine du Roussillon  (20001584000016),2.685378283,42.685696389,2017-09-10T03:01,2017-09-10T15:10,43710.26,0.1,21.56,7.43,56,1013.0,23.9,0.141,30.0
253,10906X0039/C2-1,BSS002MNYD,2017-09-11,104.04,Valeur mesurée,Syndicat Mixte pour la Protection et la Gestion des Nappes Souterraines de la Plaine du Roussillon  (20001584000016),2.685378283,42.685696389,2017-09-11T03:01,2017-09-11T15:10,43701.34,0.1,15.9,5.87,61,1013.1,21.8,0.141,29.9
254,10906X0039/C2-1,BSS002MNYD,2017-09-12,104.03,Valeur mesurée,Syndicat Mixte pour la Protection et la Gestion des Nappes Souterraines de la Plaine du Roussillon  (20001584000016),2.685378283,42.685696389,2017-09-12T03:01,2017-09-12T15:09,43692.4,0.0,19.31,6.24,73,1012.8,20.9,0.141,29.8
255,10906X0039/C2-1,BSS002MNYD,2017-09-13,104.03,Valeur mesurée,Syndicat Mixte pour la Protection et la Gestion des Nappes Souterraines de la Plaine du Roussillon  (20001584000016),2.685378283,42.685696389,2017-09-13T03:01,2017-09-13T15:09,43683.44,0.0,17.97,6.45,55,1013.0,22.3,0.141,29.8
256,10906X0039/C2-1,BSS002MNYD,2017-09-14,104.0,Valeur mesurée,Syndicat Mixte pour la Protection et la Gestion des Nappes Souterraines de la Plaine du Roussillon  (20001584000016),2.685378283,42.685696389,2017-09-14T03:00,2017-09-14T15:08,43674.48,0.0,24.57,7.54,27,1012.9,22.3,0.141,30.0
257,10906X0039/C2-1,BSS002MNYD,2017-09-15,103.97,Valeur mesurée,Syndicat Mixte pour la Protection et la Gestion des Nappes Souterraines de la Plaine du Roussillon  (20001584000016),2.685378283,42.685696389,2017-09-15T03:00,2017-09-15T15:08,43665.52,0.0,21.4,6.75,61,1012.8,19.6,0.141,30.1
258,10906X0039/C2-1,BSS002MNYD,2017-09-16,103.99,Valeur mesurée,Syndicat Mixte pour la Protection et la Gestion des Nappes Souterraines de la Plaine du Roussillon  (20001584000016),2.685378283,42.685696389,2017-09-16T03:00,2017-09-16T15:07,43656.55,0.0,25.79,7.75,54,1011.8,20.2,0.141,30.3
259,10906X0039/C2-1,BSS002MNYD,2017-09-17,103.98,Valeur mesurée,Syndicat Mixte pour la Protection et la Gestion des Nappes Souterraines de la Plaine du Roussillon  (20001584000016),2.685378283,42.685696389,2017-09-17T02:59,2017-09-17T15:07,43647.6,0.0,26.19,7.74,3,1012.5,20.2,0.141,30.6
260,10906X0039/C2-1,BSS002MNYD,2017-09-18,104.01,Valeur mesurée,Syndicat Mixte pour la Protection et la Gestion des Nappes Souterraines de la Plaine du Roussillon  (20001584000016),2.685378283,42.685696389,2017-09-18T02:59,2017-09-18T15:06,43638.65,0.0,26.19,7.84,4,1014.1,19.1,0.142,30.7
261,10906X0039/C2-1,BSS002MNYD,2017-09-19,104.02,Valeur mesurée,Syndicat Mixte pour la Protection et la Gestion des Nappes Souterraines de la Plaine du Roussillon  (20001584000016),2.685378283,42.685696389,2017-09-19T02:59,2017-09-19T15:06,43629.73,0.0,25.71,7.72,33,1014.3,18.7,0.142,30.9
262,10906X0039/C2-1,BSS002MNYD,2017-09-20,104.0,Valeur mesurée,Syndicat Mixte pour la Protection et la Gestion des Nappes Souterraines de la Plaine du Roussillon  (20001584000016),2.685378283,42.685696389,2017-09-20T02:59,2017-09-20T15:06,43620.83,0.0,21.68,6.64,55,1014.2,21.4,0.142,30.9
263,10906X0039/C2-1,BSS002MNYD,2017-09-21,104.04,Valeur mesurée,Syndicat Mixte pour la Protection et la Gestion des Nappes Souterraines de la Plaine du Roussillon  (20001584000016),2.685378283,42.685696389,2017-09-21T02:58,2017-09-21T15:05,43611.96,2.2,11.47,3.64,84,1014.1,18.3,0.142,30.6
264,10906X0039/C2-1,BSS002MNYD,2017-09-22,104.06,Valeur mesurée,Syndicat Mixte pour la Protection et la Gestion des Nappes Souterraines de la Plaine du Roussillon  (20001584000016),2.685378283,42.685696389,2017-09-22T02:58,2017-09-22T15:05,43603.13,1.4,9.79,3.87,60,1014.0,16.8,0.143,30.0
265,10906X0039/C2-1,BSS002MNYD,2017-09-23,104.07,Valeur mesurée,Syndicat Mixte pour la Protection et la Gestion des Nappes Souterraines de la Plaine du Roussillon  (20001584000016),2.685378283,42.685696389,2017-09-23T02:58,2017-09-23T15:04,43594.33,0.0,26.52,7.15,5,1013.6,16.4,0.143,30.0
266,10906X0039/C2-1,BSS002MNYD,2017-09-24,104.04,Valeur mesurée,Syndicat Mixte pour la Protection et la Gestion des Nappes Souterraines de la Plaine du Roussillon  (20001584000016),2.685378283,42.685696389,2017-09-24T02:57,2017-09-24T15:04,43585.59,0.0,17.91,5.66,49,1013.8,18.6,0.142,30.1
267,10906X0039/C2-1,BSS002MNYD,2017-09-25,103.99,Valeur mesurée,Syndicat Mixte pour la Protection et la Gestion des Nappes Souterraines de la Plaine du Roussillon  (20001584000016),2.685378283,42.685696389,2017-09-25T02:57,2017-09-25T15:04,43576.89,0.0,25.37,6.71,10,1012.3,15.3,0.142,30.3
268,10906X0039/C2-1,BSS002MNYD,2017-09-26,103.95,Valeur mesurée,Syndicat Mixte pour la Protection et la Gestion des Nappes Souterraines de la Plaine du Roussillon  (20001584000016),2.685378283,42.685696389,2017-09-26T02:57,2017-09-26T15:03,43568.25,0.0,24.93,7.23,24,1011.3,17.4,0.142,30.6
269,10906X0039/C2-1,BSS002MNYD,2017-09-27,103.95,Valeur mesurée,Syndicat Mixte pour la Protection et la Gestion des Nappes Souterraines de la Plaine du Roussillon  (20001584000016),2.685378283,42.685696389,2017-09-27T02:57,2017-09-27T15:03,43559.58,0.0,25.17,7.6,20,1012.4,19.7,0.142,30.8
270,10906X0039/C2-1,BSS002MNYD,2017-09-28,103.94,Valeur mesurée,Syndicat Mixte pour la Protection et la Gestion des Nappes Souterraines de la Plaine du Roussillon  (20001584000016),2.685378283,42.685696389,2017-09-28T02:56,2017-09-28T15:02,43550.9,0.0,24.76,7.71,72,1012.6,22.1,0.142,30.9
271,10906X0039/C2-1,BSS002MNYD,2017-09-29,103.94,Valeur mesurée,Syndicat Mixte pour la Protection et la Gestion des Nappes Souterraines de la Plaine du Roussillon  (20001584000016),2.685378283,42.685696389,2017-09-29T02:56,2017-09-29T15:02,43542.21,0.1,13.11,5.11,86,1012.7,21.5,0.142,30.7
272,10906X0039/C2-1,BSS002MNYD,2017-09-30,103.92,Valeur mesurée,Syndicat Mixte pour la Protection et la Gestion des Nappes Souterraines de la Plaine du Roussillon  (20001584000016),2.685378283,42.685696389,2017-09-30T02:56,2017-09-30T15:02,43533.52,0.0,25.18,7.85,70,1013.3,21.1,0.142,30.8
273,10906X0039/C2-1,BSS002MNYD,2017-10-01,103.86,Valeur mesurée,Syndicat Mixte pour la Protection et la Gestion des Nappes Souterraines de la Plaine du Roussillon  (20001584000016),2.685378283,42.685696389,2017-10-01T02:56,2017-10-01T15:01,43524.81,0.0,25.99,7.65,56,1013.3,19.3,0.143,31.0
274,10906X0039/C2-1,BSS002MNYD,2017-10-02,103.82,Valeur mesurée,Syndicat Mixte pour la Protection et la Gestion des Nappes Souterraines de la Plaine du Roussillon  (20001584000016),2.685378283,42.685696389,2017-10-02T02:55,2017-10-02T15:01,43516.12,0.8,21.73,7.01,54,1011.7,20.5,0.142,31.1
275,10906X0039/C2-1,BSS002MNYD,2017-10-03,103.79,Valeur mesurée,Syndicat Mixte pour la Protection et la Gestion des Nappes Souterraines de la Plaine du Roussillon  (20001584000016),2.685378283,42.685696389,2017-10-03T02:55,2017-10-03T15:00,43507.44,0.0,25.75,7.52,28,1010.9,19.3,0.143,31.3
276,10906X0039/C2-1,BSS002MNYD,2017-10-04,103.76,Valeur mesurée,Syndicat Mixte pour la Protection et la Gestion des Nappes Souterraines de la Plaine du Roussillon  (20001584000016),2.685378283,42.685696389,2017-10-04T02:55,2017-10-04T15:00,43498.78,0.0,26.17,7.56,54,1011.5,18.7,0.143,31.4
277,10906X0039/C2-1,BSS002MNYD,2017-10-05,103.77,Valeur mesurée,Syndicat Mixte pour la Protection et la Gestion des Nappes Souterraines de la Plaine du Roussillon  (20001584000016),2.685378283,42.685696389,2017-10-05T02:55,2017-10-05T15:00,43490.14,0.0,17.54,6.2,71,1012.0,21.5,0.143,31.4
278,10906X0039/C2-1,BSS002MNYD,2017-10-06,103.76,Valeur mesurée,Syndicat Mixte pour la Protection et la Gestion des Nappes Souterraines de la Plaine du Roussillon  (20001584000016),2.685378283,42.685696389,2017-10-06T02:54,2017-10-06T14:59,43481.53,0.0,21.78,6.88,65,1011.6,19.6,0.143,31.5
279,10906X0039/C2-1,BSS002MNYD,2017-10-07,103.73,Valeur mesurée,Syndicat Mixte pour la Protection et la Gestion des Nappes Souterraines de la Plaine du Roussillon  (20001584000016),2.685378283,42.685696389,2017-10-07T02:54,2017-10-07T14:59,43472.96,0.5,21.97,6.64,44,1011.7,19.6,0.143,31.5
280,10906X0039/C2-1,BSS002MNYD,2017-10-08,103.69,Valeur mesurée,Syndicat Mixte pour la Protection et la Gestion des Nappes Souterraines de la Plaine du Roussillon  (20001584000016),2.685378283,42.685696389,2017-10-08T02:54,2017-10-08T14:58,43464.42,0.1,21.84,6.54,59,1010.9,18.0,0.144,31.4
281,10906X0039/C2-1,BSS002MNYD,2017-10-09,103.66,Valeur mesurée,Syndicat Mixte pour la Protection et la Gestion des Nappes Souterraines de la Plaine du Roussillon  (20001584000016),2.685378283,42.685696389,2017-10-09T02:54,2017-10-09T14:58,43455.94,0.2,19.75,5.99,82,1010.0,15.7,0.144,31.3
282,10906X0039/C2-1,BSS002MNYD,2017-10-10,103.63,Valeur mesurée,Syndicat Mixte pour la Protection et la Gestion des Nappes Souterraines de la Plaine du Roussillon  (20001584000016),2.685378283,42.685696389,2017-10-10T02:54,2017-10-10T14:58,43447.51,0.1,16.72,4.93,92,1009.3,13.1,0.145,31.3
283,10906X0039/C2-1,BSS002MNYD,2017-10-11,103.59,Valeur mesurée,Syndicat Mixte pour la Protection et la Gestion des Nappes Souterraines de la Plaine du Roussillon  (20001584000016),2.685378283,42.685696389,2017-10-11T02:53,2017-10-11T14:57,43439.14,0.5,11.75,3.79,89,1010.1,13.7,0.146,31.2
284,10906X0039/C2-1,BSS002MNYD,2017-10-12,103.54,Valeur mesurée,Syndicat Mixte pour la Protection et la Gestion des Nappes Souterraines de la Plaine du Roussillon  (20001584000016),2.685378283,42.685696389,2017-10-12T02:53,2017-10-12T14:57,43430.83,2.5,20.85,5.1,53,1010.3,10.7,0.149,31.1
285,10906X0039/C2-1,BSS002MNYD,2017-10-13,103.53,Valeur mesurée,Syndicat Mixte pour la Protection et la Gestion des Nappes Souterraines de la Plaine du Roussillon  (20001584000016),2.685378283,42.685696389,2017-10-13T02:53,2017-10-13T14:57,43422.6,5.3,17.83,4.6,71,1010.6,12.9,0.153,30.8
286,10906X0039/C2-1,BSS002MNYD,2017-10-14,103.5,Valeur mesurée,Syndicat Mixte pour la Protection et la Gestion des Nappes Souterraines de la Plaine du Roussillon  (20001584000016),2.685378283,42.685696389,2017-10-14T02:53,2017-10-14T14:56,43414.44,0.0,17.2,5.24,86,1011.1,18.1,0.153,30.5
287,10906X0039/C2-1,BSS002MNYD,2017-10-15,103.45,Valeur mesurée,Syndicat Mixte pour la Protection et la Gestion des Nappes Souterraines de la Plaine du Roussillon  (20001584000016),2.685378283,42.685696389,2017-10-15T02:53,2017-10-15T14:56,43406.36,0.1,22.05,6.37,48,1012.4,17.8,0.151,30.4
288,10906X0039/C2-1,BSS002MNYD,2017-10-16,103.41,Valeur mesurée,Syndicat Mixte pour la Protection et la Gestion des Nappes Souterraines de la Plaine du Roussillon  (20001584000016),2.685378283,42.685696389,2017-10-16T02:53,2017-10-16T14:56,43398.36,0.1,24.01,6.52,26,1012.1,16.0,0.149,30.5
289,10906X0039/C2-1,BSS002MNYD,2017-10-17,103.39,Valeur mesurée,Syndicat Mixte pour la Protection et la Gestion des Nappes Souterraines de la Plaine du Roussillon  (20001584000016),2.685378283,42.685696389,2017-10-17T02:53,2017-10-17T14:56,43390.37,0.0,23.43,6.7,55,1010.5,16.2,0.148,30.8
290,10906X0039/C2-1,BSS002MNYD,2017-10-18,103.37,Valeur mesurée,Syndicat Mixte pour la Protection et la Gestion des Nappes Souterraines de la Plaine du Roussillon  (20001584000016),2.685378283,42.685696389,2017-10-18T02:52,2017-10-18T14:55,43382.4,0.1,22.85,6.44,88,1010.1,14.9,0.147,31.1
291,10906X0039/C2-1,BSS002MNYD,2017-10-19,103.35,Valeur mesurée,Syndicat Mixte pour la Protection et la Gestion des Nappes Souterraines de la Plaine du Roussillon  (20001584000016),2.685378283,42.685696389,2017-10-19T02:52,2017-10-19T14:55,43374.44,1.1,14.54,4.07,85,1011.9,11.3,0.147,30.9
292,10906X0039/C2-1,BSS002MNYD,2017-10-20,103.36,Valeur mesurée,Syndicat Mixte pour la Protection et la Gestion des Nappes Souterraines de la Plaine du Roussillon  (20001584000016),2.685378283,42.685696389,2017-10-20T02:52,2017-10-20T14:55,43366.49,11.9,18.78,4.51,82,1013.4,13.6,0.151,30.8
293,10906X0039/C2-1,BSS002MNYD,2017-10-21,103.34,Valeur mesurée,Syndicat Mixte pour la Protection et la Gestion des Nappes Souterraines de la Plaine du Roussillon  (20001584000016),2.685378283,42.685696389,2017-10-21T02:52,2017-10-21T14:55,43358.58,1.1,14.08,3.89,72,1013.6,14.0,0.149,30.5
294,10906X0039/C2-1,BSS002MNYD,2017-10-22,103.31,Valeur mesurée,Syndicat Mixte pour la Protection et la Gestion des Nappes Souterraines de la Plaine du Roussillon  (20001584000016),2.685378283,42.685696389,2017-10-22T02:52,2017-10-22T14:55,43350.71,0.1,15.24,4.56,60,1012.4,14.7,0.151,30.2
295,10906X0039/C2-1,BSS002MNYD,2017-10-23,103.28,Valeur mesurée,Syndicat Mixte pour la Protection et la Gestion des Nappes Souterraines de la Plaine du Roussillon  (20001584000016),2.685378283,42.685696389,2017-10-23T02:52,2017-10-23T14:54,43342.87,0.3,21.36,5.68,61,1011.3,14.3,0.15,30.1
296,10906X0039/C2-1,BSS002MNYD,2017-10-24,103.25,Valeur mesurée,Syndicat Mixte pour la Protection et la Gestion des Nappes Souterraines de la Plaine du Roussillon  (20001584000016),2.685378283,42.685696389,2017-10-24T02:52,2017-10-24T14:54,43335.08,0.7,19.61,5.18,46,1011.6,14.0,0.148,30.3
297,10906X0039/C2-1,BSS002MNYD,2017-10-25,103.21,Valeur mesurée,Syndicat Mixte pour la Protection et la Gestion des Nappes Souterraines de la Plaine du Roussillon  (20001584000016),2.685378283,42.685696389,2017-10-25T02:52,2017-10-25T14:54,43327.36,1.5,19.52,4.56,54,1012.5,9.1,0.151,30.2
298,10906X0039/C2-1,BSS002MNYD,2017-10-26,103.17,Valeur mesurée,Syndicat Mixte pour la Protection et la Gestion des Nappes Souterraines de la Plaine du Roussillon  (20001584000016),2.685378283,42.685696389,2017-10-26T02:52,2017-10-26T14:54,43319.69,0.1,20.7,5.29,30,1011.9,11.8,0.149,30.2
299,10906X0039/C2-1,BSS002MNYD,2017-10-27,103.13,Valeur mesurée,Syndicat Mixte pour la Protection et la Gestion des Nappes Souterraines de la Plaine du Roussillon  (20001584000016),2.685378283,42.685696389,2017-10-27T02:52,2017-10-27T14:54,43312.09,0.0,19.03,5.11,47,1011.0,12.9,0.147,30.2
300,10906X0039/C2-1,BSS002MNYD,2017-10-28,103.1,Valeur mesurée,Syndicat Mixte pour la Protection et la Gestion des Nappes Souterraines de la Plaine du Roussillon  (20001584000016),2.685378283,42.685696389,2017-10-28T02:52,2017-10-28T14:53,43304.57,0.2,23.97,6.3,33,1011.1,14.9,0.146,30.4
301,10906X0039/C2-1,BSS002MNYD,2017-10-29,103.12,Valeur mesurée,Syndicat Mixte pour la Protection et la Gestion des Nappes Souterraines de la Plaine du Roussillon  (20001584000016),2.685378283,42.685696389,2017-10-29T02:52,2017-10-29T14:53,43297.13,1.4,23.52,6.39,42,1012.3,14.9,0.146,30.6
302,10906X0039/C2-1,BSS002MNYD,2017-10-30,103.13,Valeur mesurée,Syndicat Mixte pour la Protection et la Gestion des Nappes Souterraines de la Plaine du Roussillon  (20001584000016),2.685378283,42.685696389,2017-10-30T02:52,2017-10-30T14:53,43289.78,0.1,22.78,6.07,71,1012.9,12.0,0.146,31.0
303,10906X0039/C2-1,BSS002MNYD,2017-10-31,103.13,Valeur mesurée,Syndicat Mixte pour la Protection et la Gestion des Nappes Souterraines de la Plaine du Roussillon  (20001584000016),2.685378283,42.685696389,2017-10-31T02:52,2017-10-31T14:53,43282.53,0.5,19.74,5.43,63,1012.6,7.9,0.146,31.3
304,10906X0039/C2-1,BSS002MNYD,2017-11-01,103.12,Valeur mesurée,Syndicat Mixte pour la Protection et la Gestion des Nappes Souterraines de la Plaine du Roussillon  (20001584000016),2.685378283,42.685696389,2017-11-01T02:52,2017-11-01T14:53,43275.38,49.4,19.5,4.6,66,1012.5,8.1,0.151,31.3
305,10906X0039/C2-1,BSS002MNYD,2017-11-02,103.09,Valeur mesurée,Syndicat Mixte pour la Protection et la Gestion des Nappes Souterraines de la Plaine du Roussillon  (20001584000016),2.685378283,42.685696389,2017-11-02T02:52,2017-11-02T14:53,43268.35,116.9,7.99,1.85,84,1013.1,6.4,0.205,30.4
306,10906X0039/C2-1,BSS002MNYD,2017-11-03,103.07,Valeur mesurée,Syndicat Mixte pour la Protection et la Gestion des Nappes Souterraines de la Plaine du Roussillon  (20001584000016),2.685378283,42.685696389,2017-11-03T02:52,2017-11-03T14:53,43261.43,3.4,19.21,3.98,72,1011.8,9.3,0.204,30.0
307,10906X0039/C2-1,BSS002MNYD,2017-11-04,103.03,Valeur mesurée,Syndicat Mixte pour la Protection et la Gestion des Nappes Souterraines de la Plaine du Roussillon  (20001584000016),2.685378283,42.685696389,2017-11-04T02:52,2017-11-04T14:53,43254.64,9.3,19.92,4.12,65,1011.6,9.0,0.209,29.8
308,10906X0039/C2-1,BSS002MNYD,2017-11-05,103.0,Valeur mesurée,Syndicat Mixte pour la Protection et la Gestion des Nappes Souterraines de la Plaine du Roussillon  (20001584000016),2.685378283,42.685696389,2017-11-05T02:52,2017-11-05T14:53,43247.98,8.7,13.22,2.72,98,1012.1,7.6,0.217,29.4
309,10906X0039/C2-1,BSS002MNYD,2017-11-06,102.97,Valeur mesurée,Syndicat Mixte pour la Protection et la Gestion des Nappes Souterraines de la Plaine du Roussillon  (20001584000016),2.685378283,42.685696389,2017-11-06T02:52,2017-11-06T14:53,43241.37,9.0,14.68,3.02,83,1011.7,6.1,0.218,29.1
310,10906X0039/C2-1,BSS002MNYD,2017-11-07,102.96,Valeur mesurée,Syndicat Mixte pour la Protection et la Gestion des Nappes Souterraines de la Plaine du Roussillon  (20001584000016),2.685378283,42.685696389,2017-11-07T02:52,2017-11-07T14:53,43234.81,23.6,14.07,2.91,70,1011.9,4.5,0.232,28.9
311,10906X0039/C2-1,BSS002MNYD,2017-11-08,102.95,Valeur mesurée,Syndicat Mixte pour la Protection et la Gestion des Nappes Souterraines de la Plaine du Roussillon  (20001584000016),2.685378283,42.685696389,2017-11-08T02:52,2017-11-08T14:53,43228.31,3.3,19.06,3.96,42,1011.9,5.7,0.228,28.8
312,10906X0039/C2-1,BSS002MNYD,2017-11-09,102.92,Valeur mesurée,Syndicat Mixte pour la Protection et la Gestion des Nappes Souterraines de la Plaine du Roussillon  (20001584000016),2.685378283,42.685696389,2017-11-09T02:52,2017-11-09T14:53,43221.88,12.0,17.85,3.77,62,1011.3,7.0,0.228,28.7
313,10906X0039/C2-1,BSS002MNYD,2017-11-10,102.9,Valeur mesurée,Syndicat Mixte pour la Protection et la Gestion des Nappes Souterraines de la Plaine du Roussillon  (20001584000016),2.685378283,42.685696389,2017-11-10T02:53,2017-11-10T14:53,43215.53,7.1,18.6,3.92,63,1010.8,9.6,0.229,28.6
314,10906X0039/C2-1,BSS002MNYD,2017-11-11,102.89,Valeur mesurée,Syndicat Mixte pour la Protection et la Gestion des Nappes Souterraines de la Plaine du Roussillon  (20001584000016),2.685378283,42.685696389,2017-11-11T02:53,2017-11-11T14:53,43209.24,14.6,17.15,3.5,63,1011.8,6.9,0.232,28.5
315,10906X0039/C2-1,BSS002MNYD,2017-11-12,102.86,Valeur mesurée,Syndicat Mixte pour la Protection et la Gestion des Nappes Souterraines de la Plaine du Roussillon  (20001584000016),2.685378283,42.685696389,2017-11-12T02:53,2017-11-12T14:53,43203.05,5.6,15.9,3.3,64,1012.3,5.6,0.237,28.4
316,10906X0039/C2-1,BSS002MNYD,2017-11-13,102.8,Valeur mesurée,Syndicat Mixte pour la Protection et la Gestion des Nappes Souterraines de la Plaine du Roussillon  (20001584000016),2.685378283,42.685696389,2017-11-13T02:53,2017-11-13T14:53,43196.96,0.7,19.57,4.17,33,1011.6,8.0,0.235,28.4
317,10906X0039/C2-1,BSS002MNYD,2017-11-14,102.76,Valeur mesurée,Syndicat Mixte pour la Protection et la Gestion des Nappes Souterraines de la Plaine du Roussillon  (20001584000016),2.685378283,42.685696389,2017-11-14T02:53,2017-11-14T14:53,43190.96,0.5,20.36,4.55,39,1011.4,10.5,0.232,28.3
318,10906X0039/C2-1,BSS002MNYD,2017-11-15,102.7,Valeur mesurée,Syndicat Mixte pour la Protection et la Gestion des Nappes Souterraines de la Plaine du Roussillon  (20001584000016),2.685378283,42.685696389,2017-11-15T02:54,2017-11-15T14:53,43185.08,0.0,23.07,5.26,33,1011.5,10.8,0.228,28.2
319,10906X0039/C2-1,BSS002MNYD,2017-11-16,102.64,Valeur mesurée,Syndicat Mixte pour la Protection et la Gestion des Nappes Souterraines de la Plaine du Roussillon  (20001584000016),2.685378283,42.685696389,2017-11-16T02:54,2017-11-16T14:53,43179.3,0.0,23.26,5.6,20,1011.1,13.3,0.224,28.0
320,10906X0039/C2-1,BSS002MNYD,2017-11-17,102.61,Valeur mesurée,Syndicat Mixte pour la Protection et la Gestion des Nappes Souterraines de la Plaine du Roussillon  (20001584000016),2.685378283,42.685696389,2017-11-17T02:54,2017-11-17T14:54,43173.65,0.0,22.53,5.46,81,1011.3,13.9,0.219,27.9
321,10906X0039/C2-1,BSS002MNYD,2017-11-18,102.58,Valeur mesurée,Syndicat Mixte pour la Protection et la Gestion des Nappes Souterraines de la Plaine du Roussillon  (20001584000016),2.685378283,42.685696389,2017-11-18T02:54,2017-11-18T14:54,43168.14,0.0,23.58,5.68,77,1012.0,12.2,0.217,27.9
322,10906X0039/C2-1,BSS002MNYD,2017-11-19,102.55,Valeur mesurée,Syndicat Mixte pour la Protection et la Gestion des Nappes Souterraines de la Plaine du Roussillon  (20001584000016),2.685378283,42.685696389,2017-11-19T02:55,2017-11-19T14:54,43162.76,0.0,24.42,6.06,18,1012.3,14.4,0.214,27.9
323,10906X0039/C2-1,BSS002MNYD,2017-11-20,102.52,Valeur mesurée,Syndicat Mixte pour la Protection et la Gestion des Nappes Souterraines de la Plaine du Roussillon  (20001584000016),2.685378283,42.685696389,2017-11-20T02:55,2017-11-20T14:54,43157.53,0.0,24.85,6.31,10,1012.4,15.6,0.21,28.0
324,10906X0039/C2-1,BSS002MNYD,2017-11-21,102.54,Valeur mesurée,Syndicat Mixte pour la Protection et la Gestion des Nappes Souterraines de la Plaine du Roussillon  (20001584000016),2.685378283,42.685696389,2017-11-21T02:55,2017-11-21T14:54,43152.44,0.0,24.42,6.09,30,1010.9,14.3,0.207,28.2
325,10906X0039/C2-1,BSS002MNYD,2017-11-22,102.52,Valeur mesurée,Syndicat Mixte pour la Protection et la Gestion des Nappes Souterraines de la Plaine du Roussillon  (20001584000016),2.685378283,42.685696389,2017-11-22T02:55,2017-11-22T14:55,43147.53,0.0,22.57,5.13,13,1010.1,11.6,0.204,28.4
326,10906X0039/C2-1,BSS002MNYD,2017-11-23,102.6,Valeur mesurée,Syndicat Mixte pour la Protection et la Gestion des Nappes Souterraines de la Plaine du Roussillon  (20001584000016),2.685378283,42.685696389,2017-11-23T02:56,2017-11-23T14:55,43142.78,0.0,21.23,5.11,51,1010.3,13.3,0.202,28.7
327,10906X0039/C2-1,BSS002MNYD,2017-11-24,102.62,Valeur mesurée,Syndicat Mixte pour la Protection et la Gestion des Nappes Souterraines de la Plaine du Roussillon  (20001584000016),2.685378283,42.685696389,2017-11-24T02:56,2017-11-24T14:55,43138.21,0.1,21.11,4.95,35,1011.0,10.4,0.2,28.9
328,10906X0039/C2-1,BSS002MNYD,2017-11-25,102.6,Valeur mesurée,Syndicat Mixte pour la Protection et la Gestion des Nappes Souterraines de la Plaine du Roussillon  (20001584000016),2.685378283,42.685696389,2017-11-25T02:56,2017-11-25T14:55,43133.81,0.4,19.14,5.27,34,1012.2,15.0,0.198,29.1
329,10906X0039/C2-1,BSS002MNYD,2017-11-26,102.52,Valeur mesurée,Syndicat Mixte pour la Protection et la Gestion des Nappes Souterraines de la Plaine du Roussillon  (20001584000016),2.685378283,42.685696389,2017-11-26T02:57,2017-11-26T14:55,43129.53,0.1,23.2,6.79,38,1013.5,18.5,0.197,29.3
330,10906X0039/C2-1,BSS002MNYD,2017-11-27,102.49,Valeur mesurée,Syndicat Mixte pour la Protection et la Gestion des Nappes Souterraines de la Plaine du Roussillon  (20001584000016),2.685378283,42.685696389,2017-11-27T02:57,2017-11-27T14:56,43125.38,7.9,15.67,4.35,53,1013.6,16.4,0.201,29.1
331,10906X0039/C2-1,BSS002MNYD,2017-11-28,102.47,Valeur mesurée,Syndicat Mixte pour la Protection et la Gestion des Nappes Souterraines de la Plaine du Roussillon  (20001584000016),2.685378283,42.685696389,2017-11-28T02:57,2017-11-28T14:56,43121.35,0.0,22.98,6.15,15,1012.2,16.5,0.198,29.1
332,10906X0039/C2-1,BSS002MNYD,2017-11-29,102.41,Valeur mesurée,Syndicat Mixte pour la Protection et la Gestion des Nappes Souterraines de la Plaine du Roussillon  (20001584000016),2.685378283,42.685696389,2017-11-29T02:58,2017-11-29T14:56,43117.45,0.0,22.91,5.97,50,1012.8,15.3,0.195,29.2
333,10906X0039/C2-1,BSS002MNYD,2017-11-30,102.37,Valeur mesurée,Syndicat Mixte pour la Protection et la Gestion des Nappes Souterraines de la Plaine du Roussillon  (20001584000016),2.685378283,42.685696389,2017-11-30T02:58,2017-11-30T14:57,43113.68,0.1,21.4,5.6,9,1013.0,14.9,0.194,29.2
334,10906X0039/C2-1,BSS002MNYD,2017-12-01,102.33,Valeur mesurée,Syndicat Mixte pour la Protection et la Gestion des Nappes Souterraines de la Plaine du Roussillon  (20001584000016),2.685378283,42.685696389,2017-12-01T02:59,2017-12-01T14:57,43110.05,0.0,22.4,5.5,12,1011.6,11.0,0.193,29.3
335,10906X0039/C2-1,BSS002MNYD,2017-12-02,102.3,Valeur mesurée,Syndicat Mixte pour la Protection et la Gestion des Nappes Souterraines de la Plaine du Roussillon  (20001584000016),2.685378283,42.685696389,2017-12-02T02:59,2017-12-02T14:57,43106.57,0.0,23.45,6.38,8,1011.3,13.9,0.192,29.5
336,10906X0039/C2-1,BSS002MNYD,2017-12-03,102.28,Valeur mesurée,Syndicat Mixte pour la Protection et la Gestion des Nappes Souterraines de la Plaine du Roussillon  (20001584000016),2.685378283,42.685696389,2017-12-03T02:59,2017-12-03T14:58,43103.23,0.0,22.9,6.18,5,1011.8,15.0,0.192,29.7
337,10906X0039/C2-1,BSS002MNYD,2017-12-04,102.25,Valeur mesurée,Syndicat Mixte pour la Protection et la Gestion des Nappes Souterraines de la Plaine du Roussillon  (20001584000016),2.685378283,42.685696389,2017-12-04T03:00,2017-12-04T14:58,43100.05,0.0,24.66,6.89,1,1012.0,15.3,0.191,29.9
338,10906X0039/C2-1,BSS002MNYD,2017-12-05,102.2,Valeur mesurée,Syndicat Mixte pour la Protection et la Gestion des Nappes Souterraines de la Plaine du Roussillon  (20001584000016),2.685378283,42.685696389,2017-12-05T03:00,2017-12-05T14:59,43097.01,0.0,24.92,7.07,34,1011.1,15.3,0.191,30.0
339,10906X0039/C2-1,BSS002MNYD,2017-12-06,102.18,Valeur mesurée,Syndicat Mixte pour la Protection et la Gestion des Nappes Souterraines de la Plaine du Roussillon  (20001584000016),2.685378283,42.685696389,2017-12-06T03:01,2017-12-06T14:59,43094.15,0.0,24.76,6.8,17,1010.2,13.4,0.19,30.2
340,10906X0039/C2-1,BSS002MNYD,2017-12-07,102.2,Valeur mesurée,Syndicat Mixte pour la Protection et la Gestion des Nappes Souterraines de la Plaine du Roussillon  (20001584000016),2.685378283,42.685696389,2017-12-07T03:01,2017-12-07T14:59,43091.45,0.0,24.58,7.05,32,1010.0,15.8,0.189,30.3
341,10906X0039/C2-1,BSS002MNYD,2017-12-08,102.22,Valeur mesurée,Syndicat Mixte pour la Protection et la Gestion des Nappes Souterraines de la Plaine du Roussillon  (20001584000016),2.685378283,42.685696389,2017-12-08T03:02,2017-12-08T15:00,43088.93,0.0,24.74,7.4,61,1010.3,17.2,0.188,30.4
342,10906X0039/C2-1,BSS002MNYD,2017-12-09,102.22,Valeur mesurée,Syndicat Mixte pour la Protection et la Gestion des Nappes Souterraines de la Plaine du Roussillon  (20001584000016),2.685378283,42.685696389,2017-12-09T03:02,2017-12-09T15:00,43086.58,0.0,24.98,8.0,35,1011.0,18.7,0.187,30.4
343,10906X0039/C2-1,BSS002MNYD,2017-12-10,102.22,Valeur mesurée,Syndicat Mixte pour la Protection et la Gestion des Nappes Souterraines de la Plaine du Roussillon  (20001584000016),2.685378283,42.685696389,2017-12-10T03:03,2017-12-10T15:01,43084.41,0.0,24.67,7.4,72,1011.9,16.4,0.187,30.5
344,10906X0039/C2-1,BSS002MNYD,2017-12-11,102.23,Valeur mesurée,Syndicat Mixte pour la Protection et la Gestion des Nappes Souterraines de la Plaine du Roussillon  (20001584000016),2.685378283,42.685696389,2017-12-11T03:03,2017-12-11T15:01,43082.43,0.0,24.87,7.27,50,1013.1,15.5,0.186,30.5
345,10906X0039/C2-1,BSS002MNYD,2017-12-12,102.25,Valeur mesurée,Syndicat Mixte pour la Protection et la Gestion des Nappes Souterraines de la Plaine du Roussillon  (20001584000016),2.685378283,42.685696389,2017-12-12T03:04,2017-12-12T15:02,43080.64,0.0,24.84,7.24,30,1013.1,15.0,0.185,30.5
346,10906X0039/C2-1,BSS002MNYD,2017-12-13,102.29,Valeur mesurée,Syndicat Mixte pour la Protection et la Gestion des Nappes Souterraines de la Plaine du Roussillon  (20001584000016),2.685378283,42.685696389,2017-12-13T03:04,2017-12-13T15:02,43079.05,0.0,24.74,7.16,10,1012.5,14.7,0.185,30.6
347,10906X0039/C2-1,BSS002MNYD,2017-12-14,102.29,Valeur mesurée,Syndicat Mixte pour la Protection et la Gestion des Nappes Souterraines de la Plaine du Roussillon  (20001584000016),2.685378283,42.685696389,2017-12-14T03:04,2017-12-14T15:02,43077.65,0.0,24.42,6.27,57,1011.6,10.8,0.184,30.8
348,10906X0039/C2-1,BSS002MNYD,2017-12-15,102.27,Valeur mesurée,Syndicat Mixte pour la Protection et la Gestion des Nappes Souterraines de la Plaine du Roussillon  (20001584000016),2.685378283,42.685696389,2017-12-15T03:05,2017-12-15T15:03,43076.47,0.0,24.04,6.73,65,1010.8,13.4,0.183,31.1
349,10906X0039/C2-1,BSS002MNYD,2017-12-16,102.26,Valeur mesurée,Syndicat Mixte pour la Protection et la Gestion des Nappes Souterraines de la Plaine du Roussillon  (20001584000016),2.685378283,42.685696389,2017-12-16T03:05,2017-12-16T15:03,43075.47,0.0,21.98,6.64,39,1010.7,14.7,0.183,31.3
350,10906X0039/C2-1,BSS002MNYD,2017-12-17,102.22,Valeur mesurée,Syndicat Mixte pour la Protection et la Gestion des Nappes Souterraines de la Plaine du Roussillon  (20001584000016),2.685378283,42.685696389,2017-12-17T03:06,2017-12-17T15:04,43074.65,0.0,21.74,6.73,26,1011.6,16.1,0.182,31.4
351,10906X0039/C2-1,BSS002MNYD,2017-12-18,102.19,Valeur mesurée,Syndicat Mixte pour la Protection et la Gestion des Nappes Souterraines de la Plaine du Roussillon  (20001584000016),2.685378283,42.685696389,2017-12-18T03:06,2017-12-18T15:04,43074.01,0.0,22.14,7.68,23,1011.7,18.5,0.182,31.5
352,10906X0039/C2-1,BSS002MNYD,2017-12-19,102.16,Valeur mesurée,Syndicat Mixte pour la Protection et la Gestion des Nappes Souterraines de la Plaine du Roussillon  (20001584000016),2.685378283,42.685696389,2017-12-19T03:07,2017-12-19T15:05,43073.56,0.0,24.41,8.6,4,1011.9,20.0,0.181,31.6
353,10906X0039/C2-1,BSS002MNYD,2017-12-20,102.13,Valeur mesurée,Syndicat Mixte pour la Protection et la Gestion des Nappes Souterraines de la Plaine du Roussillon  (20001584000016),2.685378283,42.685696389,2017-12-20T03:07,2017-12-20T15:05,43073.28,0.0,24.44,8.07,14,1013.1,16.8,0.18,31.6
354,10906X0039/C2-1,BSS002MNYD,2017-12-21,102.15,Valeur mesurée,Syndicat Mixte pour la Protection et la Gestion des Nappes Souterraines de la Plaine du Roussillon  (20001584000016),2.685378283,42.685696389,2017-12-21T03:08,2017-12-21T15:06,43073.19,0.0,24.62,9.21,5,1013.1,18.6,0.18,31.6
355,10906X0039/C2-1,BSS002MNYD,2017-12-22,102.13,Valeur mesurée,Syndicat Mixte pour la Protection et la Gestion des Nappes Souterraines de la Plaine du Roussillon  (20001584000016),2.685378283,42.685696389,2017-12-22T03:08,2017-12-22T15:06,43073.27,0.0,23.71,8.0,21,1012.3,17.0,0.18,31.5
356,10906X0039/C2-1,BSS002MNYD,2017-12-23,102.07,Valeur mesurée,Syndicat Mixte pour la Protection et la Gestion des Nappes Souterraines de la Plaine du Roussillon  (20001584000016),2.685378283,42.685696389,2017-12-23T03:09,2017-12-23T15:07,43073.54,0.0,24.52,8.37,0,1010.9,17.6,0.179,31.5
357,10906X0039/C2-1,BSS002MNYD,2017-12-24,102.01,Valeur mesurée,Syndicat Mixte pour la Protection et la Gestion des Nappes Souterraines de la Plaine du Roussillon  (20001584000016),2.685378283,42.685696389,2017-12-24T03:09,2017-12-24T15:07,43073.98,0.0,24.63,9.19,20,1010.1,18.0,0.179,31.6
358,10906X0039/C2-1,BSS002MNYD,2017-12-25,101.98,Valeur mesurée,Syndicat Mixte pour la Protection et la Gestion des Nappes Souterraines de la Plaine du Roussillon  (20001584000016),2.685378283,42.685696389,2017-12-25T03:10,2017-12-25T15:08,43074.6,0.0,21.2,7.89,80,1010.8,17.4,0.178,31.7
359,10906X0039/C2-1,BSS002MNYD,2017-12-26,101.94,Valeur mesurée,Syndicat Mixte pour la Protection et la Gestion des Nappes Souterraines de la Plaine du Roussillon  (20001584000016),2.685378283,42.685696389,2017-12-26T03:10,2017-12-26T15:08,43075.4,0.0,23.95,8.52,65,1010.8,18.0,0.177,31.9
360,10906X0039/C2-1,BSS002MNYD,2017-12-27,102.01,Valeur mesurée,Syndicat Mixte pour la Protection et la Gestion des Nappes Souterraines de la Plaine du Roussillon  (20001584000016),2.685378283,42.685696389,2017-12-27T03:11,2017-12-27T15:09,43076.37,0.0,24.81,8.63,59,1009.7,19.5,0.177,31.9
361,10906X0039/C2-1,BSS002MNYD,2017-12-28,102.0,Valeur mesurée,Syndicat Mixte pour la Protection et la Gestion des Nappes Souterraines de la Plaine du Roussillon  (20001584000016),2.685378283,42.685696389,2017-12-28T03:11,2017-12-28T15:09,43077.52,0.0,24.63,7.67,66,1010.1,15.9,0.177,32.0
362,10906X0039/C2-1,BSS002MNYD,2017-12-29,101.9,Valeur mesurée,Syndicat Mixte pour la Protection et la Gestion des Nappes Souterraines de la Plaine du Roussillon  (20001584000016),2.685378283,42.685696389,2017-12-29T03:12,2017-12-29T15:10,43078.84,0.0,24.71,7.46,83,1011.4,16.0,0.176,31.9
363,10906X0039/C2-1,BSS002MNYD,2017-12-30,101.83,Valeur mesurée,Syndicat Mixte pour la Protection et la Gestion des Nappes Souterraines de la Plaine du Roussillon  (20001584000016),2.685378283,42.685696389,2017-12-30T03:12,2017-12-30T15:10,43080.34,0.0,24.88,7.63,52,1011.4,17.8,0.176,31.8
364,10906X0039/C2-1,BSS002MNYD,2017-12-31,101.77,Valeur mesurée,Syndicat Mixte pour la Protection et la Gestion des Nappes Souterraines de la Plaine du Roussillon  (20001584000016),2.685378283,42.685696389,2017-12-31T03:13,2017-12-31T15:11,43082.01,0.0,25.29,7.89,32,1010.4,16.8,0.175,31.8
365,10906X0039/C2-1,BSS002MNYD,2018-01-01,101.71,Valeur mesurée,Syndicat Mixte pour la Protection et la Gestion des Nappes Souterraines de la Plaine du Roussillon  (20001584000016),2.685378283,42.685696389,2018-01-01T03:13,2018-01-01T15:11,43083.85,0.0,25.16,7.77,41,1009.1,15.5,0.175,31.6
366,10906X0039/C2-1,BSS002MNYD,2018-01-02,101.67,Valeur mesurée,Syndicat Mixte pour la Protection et la Gestion des Nappes Souterraines de la Plaine du Roussillon  (20001584000016),2.685378283,42.685696389,2018-01-02T03:14,2018-01-02T15:12,43085.86,0.0,25.15,7.43,19,1008.3,14.4,0.175,31.6
367,10906X0039/C2-1,BSS002MNYD,2018-01-03,101.63,Valeur mesurée,Syndicat Mixte pour la Protection et la Gestion des Nappes Souterraines de la Plaine du Roussillon  (20001584000016),2.685378283,42.685696389,2018-01-03T03:14,2018-01-03T15:12,43088.04,0.0,24.93,7.92,6,1009.0,16.8,0.175,31.6
368,10906X0039/C2-1,BSS002MNYD,2018-01-04,101.6,Valeur mesurée,Syndicat Mixte pour la Protection et la Gestion des Nappes Souterraines de la Plaine du Roussillon  (20001584000016),2.685378283,42.685696389,2018-01-04T03:15,2018-01-04T15:13,43090.39,0.0,24.93,8.18,0,1009.6,16.5,0.174,31.6
369,10906X0039/C2-1,BSS002MNYD,2018-01-05,101.65,Valeur mesurée,Syndicat Mixte pour la Protection et la Gestion des Nappes Souterraines de la Plaine du Roussillon  (20001584000016),2.685378283,42.685696389,2018-01-05T03:15,2018-01-05T15:13,43092.94,0.0,25.0,8.5,6,1009.3,17.4,0.174,31.6
370,10906X0039/C2-1,BSS002MNYD,2018-01-06,101.72,Valeur mesurée,Syndicat Mixte pour la Protection et la Gestion des Nappes Souterraines de la Plaine du Roussillon  (20001584000016),2.685378283,42.685696389,2018-01-06T03:15,2018-01-06T15:14,43095.69,0.0,25.06,8.16,32,1009.4,18.5,0.174,31.6
371,10906X0039/C2-1,BSS002MNYD,2018-01-07,101.72,Valeur mesurée,Syndicat Mixte pour la Protection et la Gestion des Nappes Souterraines de la Plaine du Roussillon  (20001584000016),2.685378283,42.685696389,2018-01-07T03:16,2018-01-07T15:14,43098.63,0.0,25.06,8.53,0,1009.9,18.5,0.174,31.6
372,10906X0039/C2-1,BSS002MNYD,2018-01-08,101.76,Valeur mesurée,Syndicat Mixte pour la Protection et la Gestion des Nappes Souterraines de la Plaine du Roussillon  (20001584000016),2.685378283,42.685696389,2018-01-08T03:16,2018-01-08T15:14,43101.76,0.0,25.15,8.63,35,1010.4,18.7,0.173,31.6
373,10906X0039/C2-1,BSS002MNYD,2018-01-09,101.73,Valeur mesurée,Syndicat Mixte pour la Protection et la Gestion des Nappes Souterraines de la Plaine du Roussillon  (20001584000016),2.685378283,42.685696389,2018-01-09T03:17,2018-01-09T15:15,43105.07,0.0,24.35,8.52,65,1011.2,20.0,0.173,31.6
374,10906X0039/C2-1,BSS002MNYD,2018-01-10,101.65,Valeur mesurée,Syndicat Mixte pour la Protection et la Gestion des Nappes Souterraines de la Plaine du Roussillon  (20001584000016),2.685378283,42.685696389,2018-01-10T03:17,2018-01-10T15:15,43108.56,0.0,24.69,9.19,31,1011.5,20.4,0.173,31.6
375,10906X0039/C2-1,BSS002MNYD,2018-01-11,101.6,Valeur mesurée,Syndicat Mixte pour la Protection et la Gestion des Nappes Souterraines de la Plaine du Roussillon  (20001584000016),2.685378283,42.685696389,2018-01-11T03:17,2018-01-11T15:16,43112.22,0.0,23.59,8.92,59,1011.4,21.8,0.173,31.6
376,10906X0039/C2-1,BSS002MNYD,2018-01-12,101.56,Valeur mesurée,Syndicat Mixte pour la Protection et la Gestion des Nappes Souterraines de la Plaine du Roussillon  (20001584000016),2.685378283,42.685696389,2018-01-12T03:18,2018-01-12T15:16,43116.04,0.0,25.01,8.86,33,1012.4,19.9,0.173,31.5
377,10906X0039/C2-1,BSS002MNYD,2018-01-13,101.52,Valeur mesurée,Syndicat Mixte pour la Protection et la Gestion des Nappes Souterraines de la Plaine du Roussillon  (20001584000016),2.685378283,42.685696389,2018-01-13T03:18,2018-01-13T15:17,43120.01,0.0,25.63,8.31,47,1012.3,16.7,0.172,31.3
378,10906X0039/C2-1,BSS002MNYD,2018-01-14,101.48,Valeur mesurée,Syndicat Mixte pour la Protection et la Gestion des Nappes Souterraines de la Plaine du Roussillon  (20001584000016),2.685378283,42.685696389,2018-01-14T03:18,2018-01-14T15:17,43124.14,0.0,25.79,7.77,23,1011.1,14.6,0.172,31.2
379,10906X0039/C2-1,BSS002MNYD,2018-01-15,101.45,Valeur mesurée,Syndicat Mixte pour la Protection et la Gestion des Nappes Souterraines de la Plaine du Roussillon  (20001584000016),2.685378283,42.685696389,2018-01-15T03:19,2018-01-15T15:17,43128.41,0.0,25.59,7.66,60,1011.1,14.9,0.172,31.3
380,10906X0039/C2-1,BSS002MNYD,2018-01-16,101.41,Valeur mesurée,Syndicat Mixte pour la Protection et la Gestion des Nappes Souterraines de la Plaine du Roussillon  (20001584000016),2.685378283,42.685696389,2018-01-16T03:19,2018-01-16T15:18,43132.82,0.0,25.42,7.5,31,1010.4,15.3,0.171,31.5
381,10906X0039/C2-1,BSS002MNYD,2018-01-17,101.4,Valeur mesurée,Syndicat Mixte pour la Protection et la Gestion des Nappes Souterraines de la Plaine du Roussillon  (20001584000016),2.685378283,42.685696389,2018-01-17T03:19,2018-01-17T15:18,43137.37,0.0,24.76,7.8,7,1009.0,16.8,0.171,31.8
382,10906X0039/C2-1,BSS002MNYD,2018-01-18,101.4,Valeur mesurée,Syndicat Mixte pour la Protection et la Gestion des Nappes Souterraines de la Plaine du Roussillon  (20001584000016),2.685378283,42.685696389,2018-01-18T03:20,2018-01-18T15:19,43142.04,0.0,24.75,7.83,18,1008.8,17.7,0.171,32.0
383,10906X0039/C2-1,BSS002MNYD,2018-01-19,101.45,Valeur mesurée,Syndicat Mixte pour la Protection et la Gestion des Nappes Souterraines de la Plaine du Roussillon  (20001584000016),2.685378283,42.685696389,2018-01-19T03:20,2018-01-19T15:19,43146.83,0.0,24.72,8.01,19,1009.6,18.4,0.171,32.2
384,10906X0039/C2-1,BSS002MNYD,2018-01-20,101.49,Valeur mesurée,Syndicat Mixte pour la Protection et la Gestion des Nappes Souterraines de la Plaine du Roussillon  (20001584000016),2.685378283,42.685696389,2018-01-20T03:20,2018-01-20T15:19,43151.74,0.0,25.71,8.69,1,1010.1,18.3,0.17,32.3
385,10906X0039/C2-1,BSS002MNYD,2018-01-21,101.54,Valeur mesurée,Syndicat Mixte pour la Protection et la Gestion des Nappes Souterraines de la Plaine du Roussillon  (20001584000016),2.685378283,42.685696389,2018-01-21T03:20,2018-01-21T15:20,43156.77,0.0,25.84,8.8,0,1010.8,20.1,0.17,32.4
386,10906X0039/C2-1,BSS002MNYD,2018-01-22,101.55,Valeur mesurée,Syndicat Mixte pour la Protection et la Gestion des Nappes Souterraines de la Plaine du Roussillon  (20001584000016),2.685378283,42.685696389,2018-01-22T03:21,2018-01-22T15:20,43161.89,0.0,26.09,9.2,30,1009.8,20.9,0.169,32.4
387,10906X0039/C2-1,BSS002MNYD,2018-01-23,101.57,Valeur mesurée,Syndicat Mixte pour la Protection et la Gestion des Nappes Souterraines de la Plaine du Roussillon  (20001584000016),2.685378283,42.685696389,2018-01-23T03:21,2018-01-23T15:20,43167.12,0.0,25.4,7.96,29,1009.5,19.1,0.169,32.4
388,10906X0039/C2-1,BSS002MNYD,2018-01-24,101.68,Valeur mesurée,Syndicat Mixte pour la Protection et la Gestion des Nappes Souterraines de la Plaine du Roussillon  (20001584000016),2.685378283,42.685696389,2018-01-24T03:21,2018-01-24T15:21,43172.44,0.0,25.26,6.63,6,1009.8,12.8,0.169,32.4
389,10906X0039/C2-1,BSS002MNYD,2018-01-25,101.69,Valeur mesurée,Syndicat Mixte pour la Protection et la Gestion des Nappes Souterraines de la Plaine du Roussillon  (20001584000016),2.685378283,42.685696389,2018-01-25T03:21,2018-01-25T15:21,43177.93,0.0,25.89,6.57,5,1009.4,11.4,0.169,32.5
390,10906X0039/C2-1,BSS002MNYD,2018-01-26,101.75,Valeur mesurée,Syndicat Mixte pour la Protection et la Gestion des Nappes Souterraines de la Plaine du Roussillon  (20001584000016),2.685378283,42.685696389,2018-01-26T03:21,2018-01-26T15:21,43183.58,0.0,26.14,6.99,0,1009.5,13.0,0.169,32.5
391,10906X0039/C2-1,BSS002MNYD,2018-01-27,101.83,Valeur mesurée,Syndicat Mixte pour la Protection et la Gestion des Nappes Souterraines de la Plaine du Roussillon  (20001584000016),2.685378283,42.685696389,2018-01-27T03:22,2018-01-27T15:21,43189.39,0.0,25.45,6.64,2,1009.9,12.4,0.169,32.5
392,10906X0039/C2-1,BSS002MNYD,2018-01-28,101.86,Valeur mesurée,Syndicat Mixte pour la Protection et la Gestion des Nappes Souterraines de la Plaine du Roussillon  (20001584000016),2.685378283,42.685696389,2018-01-28T03:22,2018-01-28T15:22,43195.35,0.0,24.03,6.42,16,1009.9,12.2,0.169,32.5
393,10906X0039/C2-1,BSS002MNYD,2018-01-29,101.91,Valeur mesurée,Syndicat Mixte pour la Protection et la Gestion des Nappes Souterraines de la Plaine du Roussillon  (20001584000016),2.685378283,42.685696389,2018-01-29T03:22,2018-01-29T15:22,43201.45,0.0,25.8,7.18,25,1009.7,14.7,0.169,32.6
394,10906X0039/C2-1,BSS002MNYD,2018-01-30,101.91,Valeur mesurée,Syndicat Mixte pour la Protection et la Gestion des Nappes Souterraines de la Plaine du Roussillon  (20001584000016),2.685378283,42.685696389,2018-01-30T03:22,2018-01-30T15:22,43207.67,0.0,26.36,7.74,23,1009.7,15.2,0.168,32.7
395,10906X0039/C2-1,BSS002MNYD,2018-01-31,101.92,Valeur mesurée,Syndicat Mixte pour la Protection et la Gestion des Nappes Souterraines de la Plaine du Roussillon  (20001584000016),2.685378283,42.685696389,2018-01-31T03:22,2018-01-31T15:22,43214.03,0.0,26.05,7.8,47,1010.8,18.3,0.168,32.6
396,10906X0039/C2-1,BSS002MNYD,2018-02-01,101.95,Valeur mesurée,Syndicat Mixte pour la Protection et la Gestion des Nappes Souterraines de la Plaine du Roussillon  (20001584000016),2.685378283,42.685696389,2018-02-01T03:22,2018-02-01T15:22,43220.5,0.0,26.08,8.63,36,1010.9,20.9,0.167,32.5
397,10906X0039/C2-1,BSS002MNYD,2018-02-02,101.97,Valeur mesurée,Syndicat Mixte pour la Protection et la Gestion des Nappes Souterraines de la Plaine du Roussillon  (20001584000016),2.685378283,42.685696389,2018-02-02T03:22,2018-02-02T15:23,43227.08,0.0,26.08,8.39,7,1011.1,20.3,0.167,32.4
398,10906X0039/C2-1,BSS002MNYD,2018-02-03,102.03,Valeur mesurée,Syndicat Mixte pour la Protection et la Gestion des Nappes Souterraines de la Plaine du Roussillon  (20001584000016),2.685378283,42.685696389,2018-02-03T03:22,2018-02-03T15:23,43233.76,0.0,26.1,7.91,18,1011.0,19.6,0.167,32.4
399,10906X0039/C2-1,BSS002MNYD,2018-02-04,102.03,Valeur mesurée,Syndicat Mixte pour la Protection et la Gestion des Nappes Souterraines de la Plaine du Roussillon  (20001584000016),2.685378283,42.685696389,2018-02-04T03:22,2018-02-04T15:23,43240.53,0.0,24.02,7.74,45,1010.4,17.2,0.167,32.5
400,10906X0039/C2-1,BSS002MNYD,2018-02-05,101.98,Valeur mesurée,Syndicat Mixte pour la Protection et la Gestion des Nappes Souterraines de la Plaine du Roussillon  (20001584000016),2.685378283,42.685696389,2018-02-05T03:22,2018-02-05T15:23,43247.39,0.0,26.06,9.63,34,1010.1,21.9,0.167,32.6
401,10906X0039/C2-1,BSS002MNYD,2018-02-06,101.89,Valeur mesurée,Syndicat Mixte pour la Protection et la Gestion des Nappes Souterraines de la Plaine du Roussillon  (20001584000016),2.685378283,42.685696389,2018-02-06T03:22,2018-02-06T15:23,43254.34,0.0,26.49,9.89,0,1010.6,22.2,0.166,32.5
402,10906X0039/C2-1,BSS002MNYD,2018-02-07,101.82,Valeur mesurée,Syndicat Mixte pour la Protection et la Gestion des Nappes Souterraines de la Plaine du Roussillon  (20001584000016),2.685378283,42.685696389,2018-02-07T03:22,2018-02-07T15:23,43261.35,0.0,27.08,9.24,26,1010.7,18.8,0.166,32.4
403,10906X0039/C2-1,BSS002MNYD,2018-02-08,101.77,Valeur mesurée,Syndicat Mixte pour la Protection et la Gestion des Nappes Souterraines de la Plaine du Roussillon  (20001584000016),2.685378283,42.685696389,2018-02-08T03:22,2018-02-08T15:23,43268.43,0.0,27.06,8.23,42,1010.3,16.1,0.166,32.4
404,10906X0039/C2-1,BSS002MNYD,2018-02-09,101.73,Valeur mesurée,Syndicat Mixte pour la Protection et la Gestion des Nappes Souterraines de la Plaine du Roussillon  (20001584000016),2.685378283,42.685696389,2018-02-09T03:22,2018-02-09T15:24,43275.56,0.0,25.28,7.07,92,1010.1,13.6,0.166,32.5
405,10906X0039/C2-1,BSS002MNYD,2018-02-10,101.74,Valeur mesurée,Syndicat Mixte pour la Protection et la Gestion des Nappes Souterraines de la Plaine du Roussillon  (20001584000016),2.685378283,42.685696389,2018-02-10T03:22,2018-02-10T15:24,43282.75,0.0,24.09,7.42,37,1009.9,18.1,0.165,32.6
406,10906X0039/C2-1,BSS002MNYD,2018-02-11,101.73,Valeur mesurée,Syndicat Mixte pour la Protection et la Gestion des Nappes Souterraines de la Plaine du Roussillon  (20001584000016),2.685378283,42.685696389,2018-02-11T03:22,2018-02-11T15:24,43289.98,0.1,20.95,6.49,64,1011.7,15.9,0.164,32.6
407,10906X0039/C2-1,BSS002MNYD,2018-02-12,101.69,Valeur mesurée,Syndicat Mixte pour la Protection et la Gestion des Nappes Souterraines de la Plaine du Roussillon  (20001584000016),2.685378283,42.685696389,2018-02-12T03:22,2018-02-12T15:24,43297.25,0.0,23.2,7.33,21,1012.8,17.9,0.164,32.7
408,10906X0039/C2-1,BSS002MNYD,2018-02-13,101.65,Valeur mesurée,Syndicat Mixte pour la Protection et la Gestion des Nappes Souterraines de la Plaine du Roussillon  (20001584000016),2.685378283,42.685696389,2018-02-13T03:22,2018-02-13T15:24,43304.56,0.0,23.56,7.32,43,1013.5,17.8,0.164,32.8
409,10906X0039/C2-1,BSS002MNYD,2018-02-14,101.61,Valeur mesurée,Syndicat Mixte pour la Protection et la Gestion des Nappes Souterraines de la Plaine du Roussillon  (20001584000016),2.685378283,42.685696389,2018-02-14T03:22,2018-02-14T15:24,43311.98,0.0,24.99,7.24,72,1012.8,16.1,0.164,32.9
410,10906X0039/C2-1,BSS002MNYD,2018-02-15,101.59,Valeur mesurée,Syndicat Mixte pour la Protection et la Gestion des Nappes Souterraines de la Plaine du Roussillon  (20001584000016),2.685378283,42.685696389,2018-02-15T03:22,2018-02-15T15:24,43319.52,0.0,25.79,8.01,43,1012.8,17.7,0.164,33.0
411,10906X0039/C2-1,BSS002MNYD,2018-02-16,101.56,Valeur mesurée,Syndicat Mixte pour la Protection et la Gestion des Nappes Souterraines de la Plaine du Roussillon  (20001584000016),2.685378283,42.685696389,2018-02-16T03:22,2018-02-16T15:24,43327.15,0.0,23.7,7.27,15,1013.0,18.8,0.164,33.0
412,10906X0039/C2-1,BSS002MNYD,2018-02-17,101.66,Valeur mesurée,Syndicat Mixte pour la Protection et la Gestion des Nappes Souterraines de la Plaine du Roussillon  (20001584000016),2.685378283,42.685696389,2018-02-17T03:22,2018-02-17T15:24,43334.9,0.3,23.22,6.78,28,1011.1,14.0,0.164,33.1
413,10906X0039/C2-1,BSS002MNYD,2018-02-18,101.77,Valeur mesurée,Syndicat Mixte pour la Protection et la Gestion des Nappes Souterraines de la Plaine du Roussillon  (20001584000016),2.685378283,42.685696389,2018-02-18T03:21,2018-02-18T15:24,43342.73,0.1,21.78,6.4,50,1009.9,14.9,0.164,33.1
414,10906X0039/C2-1,BSS002MNYD,2018-02-19,101.81,Valeur mesurée,Syndicat Mixte pour la Protection et la Gestion des Nappes Souterraines de la Plaine du Roussillon  (20001584000016),2.685378283,42.685696389,2018-02-19T03:21,2018-02-19T15:24,43350.65,0.0,22.97,6.68,83,1009.4,15.6,0.165,33.0
415,10906X0039/C2-1,BSS002MNYD,2018-02-20,101.83,Valeur mesurée,Syndicat Mixte pour la Protection et la Gestion des Nappes Souterraines de la Plaine du Roussillon  (20001584000016),2.685378283,42.685696389,2018-02-20T03:21,2018-02-20T15:24,43358.65,0.0,24.14,7.24,69,1008.6,15.2,0.164,33.1
416,10906X0039/C2-1,BSS002MNYD,2018-02-21,101.85,Valeur mesurée,Syndicat Mixte pour la Protection et la Gestion des Nappes Souterraines de la Plaine du Roussillon  (20001584000016),2.685378283,42.685696389,2018-02-21T03:21,2018-02-21T15:24,43366.72,0.0,22.61,7.14,57,1007.7,15.8,0.164,33.3
417,10906X0039/C2-1,BSS002MNYD,2018-02-22,102.0,Valeur mesurée,Syndicat Mixte pour la Protection et la Gestion des Nappes Souterraines de la Plaine du Roussillon  (20001584000016),2.685378283,42.685696389,2018-02-22T03:21,2018-02-22T15:24,43374.86,0.0,25.64,8.32,40,1007.1,18.5,0.164,33.4
418,10906X0039/C2-1,BSS002MNYD,2018-02-23,102.05,Valeur mesurée,Syndicat Mixte pour la Protection et la Gestion des Nappes Souterraines de la Plaine du Roussillon  (20001584000016),2.685378283,42.685696389,2018-02-23T03:21,2018-02-23T15:24,43383.05,0.0,26.13,7.97,11,1007.1,17.9,0.164,33.5
419,10906X0039/C2-1,BSS002MNYD,2018-02-24,102.07,Valeur mesurée,Syndicat Mixte pour la Protection et la Gestion des Nappes Souterraines de la Plaine du Roussillon  (20001584000016),2.685378283,42.685696389,2018-02-24T03:20,2018-02-24T15:23,43391.3,0.0,24.32,7.28,57,1008.5,16.8,0.164,33.5
420,10906X0039/C2-1,BSS002MNYD,2018-02-25,102.14,Valeur mesurée,Syndicat Mixte pour la Protection et la Gestion des Nappes Souterraines de la Plaine du Roussillon  (20001584000016),2.685378283,42.685696389,2018-02-25T03:20,2018-02-25T15:23,43399.58,0.0,25.38,7.58,38,1009.2,16.3,0.165,33.6
421,10906X0039/C2-1,BSS002MNYD,2018-02-26,102.14,Valeur mesurée,Syndicat Mixte pour la Protection et la Gestion des Nappes Souterraines de la Plaine du Roussillon  (20001584000016),2.685378283,42.685696389,2018-02-26T03:20,2018-02-26T15:23,43407.91,0.0,25.38,7.37,14,1007.7,13.2,0.164,33.9
422,10906X0039/C2-1,BSS002MNYD,2018-02-27,102.13,Valeur mesurée,Syndicat Mixte pour la Protection et la Gestion des Nappes Souterraines de la Plaine du Roussillon  (20001584000016),2.685378283,42.685696389,2018-02-27T03:20,2018-02-27T15:23,43416.27,0.0,24.23,7.81,58,1008.2,16.8,0.164,34.0
423,10906X0039/C2-1,BSS002MNYD,2018-02-28,102.0,Valeur mesurée,Syndicat Mixte pour la Protection et la Gestion des Nappes Souterraines de la Plaine du Roussillon  (20001584000016),2.685378283,42.685696389,2018-02-28T03:19,2018-02-28T15:23,43424.65,0.2,24.79,6.68,33,1008.2,10.9,0.163,34.0
424,10906X0039/C2-1,BSS002MNYD,2018-03-01,101.99,Valeur mesurée,Syndicat Mixte pour la Protection et la Gestion des Nappes Souterraines de la Plaine du Roussillon  (20001584000016),2.685378283,42.685696389,2018-03-01T03:19,2018-03-01T15:23,43433.06,0.0,24.36,7.28,40,1007.6,15.4,0.163,34.1
425,10906X0039/C2-1,BSS002MNYD,2018-03-02,102.03,Valeur mesurée,Syndicat Mixte pour la Protection et la Gestion des Nappes Souterraines de la Plaine du Roussillon  (20001584000016),2.685378283,42.685696389,2018-03-02T03:19,2018-03-02T15:23,43441.48,1.8,20.65,5.4,80,1009.7,9.9,0.163,34.0
426,10906X0039/C2-1,BSS002MNYD,2018-03-03,101.98,Valeur mesurée,Syndicat Mixte pour la Protection et la Gestion des Nappes Souterraines de la Plaine du Roussillon  (20001584000016),2.685378283,42.685696389,2018-03-03T03:19,2018-03-03T15:23,43449.89,2.2,22.71,6.09,55,1009.0,11.5,0.165,33.7
427,10906X0039/C2-1,BSS002MNYD,2018-03-04,101.86,Valeur mesurée,Syndicat Mixte pour la Protection et la Gestion des Nappes Souterraines de la Plaine du Roussillon  (20001584000016),2.685378283,42.685696389,2018-03-04T03:18,2018-03-04T15:23,43458.31,0.0,24.24,7.34,43,1008.7,14.4,0.164,33.8
428,10906X0039/C2-1,BSS002MNYD,2018-03-05,101.79,Valeur mesurée,Syndicat Mixte pour la Protection et la Gestion des Nappes Souterraines de la Plaine du Roussillon  (20001584000016),2.685378283,42.685696389,2018-03-05T03:18,2018-03-05T15:22,43466.73,0.0,20.93,5.75,74,1010.6,9.4,0.163,33.7
429,10906X0039/C2-1,BSS002MNYD,2018-03-06,101.75,Valeur mesurée,Syndicat Mixte pour la Protection et la Gestion des Nappes Souterraines de la Plaine du Roussillon  (20001584000016),2.685378283,42.685696389,2018-03-06T03:18,2018-03-06T15:22,43475.22,0.0,25.42,7.93,32,1009.8,15.0,0.162,33.9
430,10906X0039/C2-1,BSS002MNYD,2018-03-07,101.71,Valeur mesurée,Syndicat Mixte pour la Protection et la Gestion des Nappes Souterraines de la Plaine du Roussillon  (20001584000016),2.685378283,42.685696389,2018-03-07T03:17,2018-03-07T15:22,43483.78,0.0,23.48,7.26,51,1009.7,13.2,0.162,34.1
431,10906X0039/C2-1,BSS002MNYD,2018-03-08,101.7,Valeur mesurée,Syndicat Mixte pour la Protection et la Gestion des Nappes Souterraines de la Plaine du Roussillon  (20001584000016),2.685378283,42.685696389,2018-03-08T03:17,2018-03-08T15:22,43492.41,0.0,26.5,9.03,39,1009.1,15.4,0.162,34.3
432,10906X0039/C2-1,BSS002MNYD,2018-03-09,101.69,Valeur mesurée,Syndicat Mixte pour la Protection et la Gestion des Nappes Souterraines de la Plaine du Roussillon  (20001584000016),2.685378283,42.685696389,2018-03-09T03:17,2018-03-09T15:22,43501.1,0.0,27.69,9.16,28,1008.3,17.3,0.161,34.3
433,10906X0039/C2-1,BSS002MNYD,2018-03-10,101.67,Valeur mesurée,Syndicat Mixte pour la Protection et la Gestion des Nappes Souterraines de la Plaine du Roussillon  (20001584000016),2.685378283,42.685696389,2018-03-10T03:17,2018-03-10T15:22,43509.85,0.0,27.95,8.36,52,1008.4,15.0,0.162,34.2
434,10906X0039/C2-1,BSS002MNYD,2018-03-11,101.64,Valeur mesurée,Syndicat Mixte pour la Protection et la Gestion des Nappes Souterraines de la Plaine du Roussillon  (20001584000016),2.685378283,42.685696389,2018-03-11T03:16,2018-03-11T15:21,43518.65,0.0,27.14,7.79,66,1009.1,14.9,0.161,34.3
435,10906X0039/C2-1,BSS002MNYD,2018-03-12,101.64,Valeur mesurée,Syndicat Mixte pour la Protection et la Gestion des Nappes Souterraines de la Plaine du Roussillon  (20001584000016),2.685378283,42.685696389,2018-03-12T03:16,2018-03-12T15:21,43527.5,0.0,26.15,7.13,39,1010.1,13.9,0.161,34.5
436,10906X0039/C2-1,BSS002MNYD,2018-03-13,101.64,Valeur mesurée,Syndicat Mixte pour la Protection et la Gestion des Nappes Souterraines de la Plaine du Roussillon  (20001584000016),2.685378283,42.685696389,2018-03-13T03:15,2018-03-13T15:21,43536.38,0.6,23.91,7.1,77,1010.3,14.5,0.161,34.6
437,10906X0039/C2-1,BSS002MNYD,2018-03-14,101.61,Valeur mesurée,Syndicat Mixte pour la Protection et la Gestion des Nappes Souterraines de la Plaine du Roussillon  (20001584000016),2.685378283,42.685696389,2018-03-14T03:15,2018-03-14T15:21,43545.3,2.9,21.19,5.3,79,1010.0,8.3,0.161,34.5
438,10906X0039/C2-1,BSS002MNYD,2018-03-15,101.59,Valeur mesurée,Syndicat Mixte pour la Protection et la Gestion des Nappes Souterraines de la Plaine du Roussillon  (20001584000016),2.685378283,42.685696389,2018-03-15T03:15,2018-03-15T15:21,43554.24,0.0,23.43,7.54,68,1008.8,14.9,0.16,34.6
439,10906X0039/C2-1,BSS002MNYD,2018-03-16,101.57,Valeur mesurée,Syndicat Mixte pour la Protection et la Gestion des Nappes Souterraines de la Plaine du Roussillon  (20001584000016),2.685378283,42.685696389,2018-03-16T03:14,2018-03-16T15:20,43563.2,0.0,23.32,6.99,80,1009.0,12.1,0.159,34.7
440,10906X0039/C2-1,BSS002MNYD,2018-03-17,101.56,Valeur mesurée,Syndicat Mixte pour la Protection et la Gestion des Nappes Souterraines de la Plaine du Roussillon  (20001584000016),2.685378283,42.685696389,2018-03-17T03:14,2018-03-17T15:20,43572.18,0.0,23.6,7.34,67,1007.8,13.4,0.159,34.9
441,10906X0039/C2-1,BSS002MNYD,2018-03-18,101.54,Valeur mesurée,Syndicat Mixte pour la Protection et la Gestion des Nappes Souterraines de la Plaine du Roussillon  (20001584000016),2.685378283,42.685696389,2018-03-18T03:14,2018-03-18T15:20,43581.17,0.0,23.36,7.64,48,1007.4,16.9,0.159,34.8
442,10906X0039/C2-1,BSS002MNYD,2018-03-19,101.52,Valeur mesurée,Syndicat Mixte pour la Protection et la Gestion des Nappes Souterraines de la Plaine du Roussillon  (20001584000016),2.685378283,42.685696389,2018-03-19T03:13,2018-03-19T15:20,43590.15,0.4,25.27,8.7,66,1008.9,21.8,0.159,34.8
443,10906X0039/C2-1,BSS002MNYD,2018-03-20,101.5,Valeur mesurée,Syndicat Mixte pour la Protection et la Gestion des Nappes Souterraines de la Plaine du Roussillon  (20001584000016),2.685378283,42.685696389,2018-03-20T03:13,2018-03-20T15:20,43599.14,0.0,23.54,7.99,25,1010.3,22.1,0.158,34.6
444,10906X0039/C2-1,BSS002MNYD,2018-03-21,101.52,Valeur mesurée,Syndicat Mixte pour la Protection et la Gestion des Nappes Souterraines de la Plaine du Roussillon  (20001584000016),2.685378283,42.685696389,2018-03-21T03:13,2018-03-21T15:19,43608.11,0.0,23.09,7.64,21,1011.7,17.1,0.158,34.6
445,10906X0039/C2-1,BSS002MNYD,2018-03-22,101.55,Valeur mesurée,Syndicat Mixte pour la Protection et la Gestion des Nappes Souterraines de la Plaine du Roussillon  (20001584000016),2.685378283,42.685696389,2018-03-22T03:12,2018-03-22T15:19,43617.06,0.3,22.4,6.88,31,1011.7,15.7,0.158,34.5
446,10906X0039/C2-1,BSS002MNYD,2018-03-23,101.58,Valeur mesurée,Syndicat Mixte pour la Protection et la Gestion des Nappes Souterraines de la Plaine du Roussillon  (20001584000016),2.685378283,42.685696389,2018-03-23T03:12,2018-03-23T15:19,43625.99,0.6,23.02,6.21,30,1010.1,9.4,0.158,34.6
447,10906X0039/C2-1,BSS002MNYD,2018-03-24,101.66,Valeur mesurée,Syndicat Mixte pour la Protection et la Gestion des Nappes Souterraines de la Plaine du Roussillon  (20001584000016),2.685378283,42.685696389,2018-03-24T03:11,2018-03-24T15:19,43634.89,0.5,20.34,5.62,46,1010.1,10.9,0.158,34.5
448,10906X0039/C2-1,BSS002MNYD,2018-03-25,101.63,Valeur mesurée,Syndicat Mixte pour la Protection et la Gestion des Nappes Souterraines de la Plaine du Roussillon  (20001584000016),2.685378283,42.685696389,2018-03-25T03:11,2018-03-25T15:18,43643.76,0.6,20.18,6.17,33,1011.0,14.1,0.159,34.3
449,10906X0039/C2-1,BSS002MNYD,2018-03-26,101.59,Valeur mesurée,Syndicat Mixte pour la Protection et la Gestion des Nappes Souterraines de la Plaine du Roussillon  (20001584000016),2.685378283,42.685696389,2018-03-26T03:11,2018-03-26T15:18,43652.67,0.0,24.55,7.12,18,1011.5,13.9,0.16,34.1
450,10906X0039/C2-1,BSS002MNYD,2018-03-27,101.52,Valeur mesurée,Syndicat Mixte pour la Protection et la Gestion des Nappes Souterraines de la Plaine du Roussillon  (20001584000016),2.685378283,42.685696389,2018-03-27T03:10,2018-03-27T15:18,43661.63,0.0,24.15,8.15,40,1010.5,20.8,0.159,34.0
451,10906X0039/C2-1,BSS002MNYD,2018-03-28,101.59,Valeur mesurée,Syndicat Mixte pour la Protection et la Gestion des Nappes Souterraines de la Plaine du Roussillon  (20001584000016),2.685378283,42.685696389,2018-03-28T03:10,2018-03-28T15:18,43670.62,0.0,23.69,7.75,57,1009.8,19.0,0.159,34.1
452,10906X0039/C2-1,BSS002MNYD,2018-03-29,101.74,Valeur mesurée,Syndicat Mixte pour la Protection et la Gestion des Nappes Souterraines de la Plaine du Roussillon  (20001584000016),2.685378283,42.685696389,2018-03-29T03:10,2018-03-29T15:18,43679.64,0.3,22.91,7.0,60,1011.3,15.9,0.159,34.1
453,10906X0039/C2-1,BSS002MNYD,2018-03-30,101.75,Valeur mesurée,Syndicat Mixte pour la Protection et la Gestion des Nappes Souterraines de la Plaine du Roussillon  (20001584000016),2.685378283,42.685696389,2018-03-30T03:09,2018-03-30T15:17,43688.69,0.5,22.17,6.0,66,1012.1,13.3,0.159,34.1
454,10906X0039/C2-1,BSS002MNYD,2018-03-31,101.68,Valeur mesurée,Syndicat Mixte pour la Protection et la Gestion des Nappes Souterraines de la Plaine du Roussillon  (20001584000016),2.685378283,42.685696389,2018-03-31T03:09,2018-03-31T15:17,43697.76,0.0,22.97,6.17,25,1010.1,10.2,0.159,34.0
455,10906X0039/C2-1,BSS002MNYD,2018-04-01,101.59,Valeur mesurée,Syndicat Mixte pour la Protection et la Gestion des Nappes Souterraines de la Plaine du Roussillon  (20001584000016),2.685378283,42.685696389,2018-04-01T03:08,2018-04-01T15:17,43706.83,0.0,23.14,6.86,28,1008.4,13.3,0.158,34.2
456,10906X0039/C2-1,BSS002MNYD,2018-04-02,101.54,Valeur mesurée,Syndicat Mixte pour la Protection et la Gestion des Nappes Souterraines de la Plaine du Roussillon  (20001584000016),2.685378283,42.685696389,2018-04-02T03:08,2018-04-02T15:17,43715.92,0.0,22.61,6.19,38,1008.5,11.6,0.157,34.2
457,10906X0039/C2-1,BSS002MNYD,2018-04-03,101.51,Valeur mesurée,Syndicat Mixte pour la Protection et la Gestion des Nappes Souterraines de la Plaine du Roussillon  (20001584000016),2.685378283,42.685696389,2018-04-03T03:08,2018-04-03T15:16,43725.01,7.6,19.9,4.94,68,1009.1,8.5,0.159,34.0
458,10906X0039/C2-1,BSS002MNYD,2018-04-04,101.58,Valeur mesurée,Syndicat Mixte pour la Protection et la Gestion des Nappes Souterraines de la Plaine du Roussillon  (20001584000016),2.685378283,42.685696389,2018-04-04T03:07,2018-04-04T15:16,43734.1,6.8,20.19,4.63,72,1009.3,6.0,0.16,33.6
459,10906X0039/C2-1,BSS002MNYD,2018-04-05,101.5,Valeur mesurée,Syndicat Mixte pour la Protection et la Gestion des Nappes Souterraines de la Plaine du Roussillon  (20001584000016),2.685378283,42.685696389,2018-04-05T03:07,2018-04-05T15:16,43743.17,1.3,20.39,4.91,77,1009.0,6.6,0.16,33.5
460,10906X0039/C2-1,BSS002MNYD,2018-04-06,101.41,Valeur mesurée,Syndicat Mixte pour la Protection et la Gestion des Nappes Souterraines de la Plaine du Roussillon  (20001584000016),2.685378283,42.685696389,2018-04-06T03:07,2018-04-06T15:16,43752.23,0.9,21.92,5.07,62,1008.8,5.9,0.159,33.6
461,10906X0039/C2-1,BSS002MNYD,2018-04-07,101.39,Valeur mesurée,Syndicat Mixte pour la Protection et la Gestion des Nappes Souterraines de la Plaine du Roussillon  (20001584000016),2.685378283,42.685696389,2018-04-07T03:06,2018-04-07T15:16,43761.26,4.8,16.81,4.14,86,1009.6,9.1,0.164,33.3
462,10906X0039/C2-1,BSS002MNYD,2018-04-08,101.39,Valeur mesurée,Syndicat Mixte pour la Protection et la Gestion des Nappes Souterraines de la Plaine du Roussillon  (20001584000016),2.685378283,42.685696389,2018-04-08T03:06,2018-04-08T15:15,43770.26,7.8,15.44,3.32,99,1010.9,6.1,0.178,32.5
463,10906X0039/C2-1,BSS002MNYD,2018-04-09,101.54,Valeur mesurée,Syndicat Mixte pour la Protection et la Gestion des Nappes Souterraines de la Plaine du Roussillon  (20001584000016),2.685378283,42.685696389,2018-04-09T03:06,2018-04-09T15:15,43779.23,15.5,14.64,3.15,97,1010.5,6.5,0.189,32.0
464,10906X0039/C2-1,BSS002MNYD,2018-04-10,101.52,Valeur mesurée,Syndicat Mixte pour la Protection et la Gestion des Nappes Souterraines de la Plaine du Roussillon  (20001584000016),2.685378283,42.685696389,2018-04-10T03:05,2018-04-10T15:15,43788.15,11.1,14.54,3.19,87,1009.8,8.1,0.193,31.6
465,10906X0039/C2-1,BSS002MNYD,2018-04-11,101.51,Valeur mesurée,Syndicat Mixte pour la Protection et la Gestion des Nappes Souterraines de la Plaine du Roussillon  (20001584000016),2.685378283,42.685696389,2018-04-11T03:05,2018-04-11T15:15,43797.02,3.8,14.83,3.09,98,1010.4,5.9,0.198,31.2
466,10906X0039/C2-1,BSS002MNYD,2018-04-12,101.62,Valeur mesurée,Syndicat Mixte pour la Protection et la Gestion des Nappes Souterraines de la Plaine du Roussillon  (20001584000016),2.685378283,42.685696389,2018-04-12T03:04,2018-04-12T15:15,43805.83,5.6,18.98,3.97,88,1010.3,5.5,0.204,31.0
467,10906X0039/C2-1,BSS002MNYD,2018-04-13,101.77,Valeur mesurée,Syndicat Mixte pour la Protection et la Gestion des Nappes Souterraines de la Plaine du Roussillon  (20001584000016),2.685378283,42.685696389,2018-04-13T03:04,2018-04-13T15:14,43814.58,12.9,17.64,3.6,85,1011.3,6.7,0.21,30.7
468,10906X0039/C2-1,BSS002MNYD,2018-04-14,101.88,Valeur mesurée,Syndicat Mixte pour la Protection et la Gestion des Nappes Souterraines de la Plaine du Roussillon  (20001584000016),2.685378283,42.685696389,2018-04-14T03:04,2018-04-14T15:14,43823.26,3.4,16.28,3.49,90,1011.8,9.1,0.216,30.3
469,10906X0039/C2-1,BSS002MNYD,2018-04-15,101.95,Valeur mesurée,Syndicat Mixte pour la Protection et la Gestion des Nappes Souterraines de la Plaine du Roussillon  (20001584000016),2.685378283,42.685696389,2018-04-15T03:04,2018-04-15T15:14,43831.95,1.0,21.13,4.51,74,1011.0,10.6,0.216,30.1
470,10906X0039/C2-1,BSS002MNYD,2018-04-16,102.03,Valeur mesurée,Syndicat Mixte pour la Protection et la Gestion des Nappes Souterraines de la Plaine du Roussillon  (20001584000016),2.685378283,42.685696389,2018-04-16T03:03,2018-04-16T15:14,43840.64,1.4,22.94,5.01,78,1011.4,12.4,0.213,30.1
471,10906X0039/C2-1,BSS002MNYD,2018-04-17,102.27,Valeur mesurée,Syndicat Mixte pour la Protection et la Gestion des Nappes Souterraines de la Plaine du Roussillon  (20001584000016),2.685378283,42.685696389,2018-04-17T03:03,2018-04-17T15:14,43849.33,17.3,8.52,2.02,95,1013.2,8.6,0.229,29.7
472,10906X0039/C2-1,BSS002MNYD,2018-04-18,102.39,Valeur mesurée,Syndicat Mixte pour la Protection et la Gestion des Nappes Souterraines de la Plaine du Roussillon  (20001584000016),2.685378283,42.685696389,2018-04-18T03:03,2018-04-18T15:14,43858.01,10.4,18.67,4.11,79,1012.8,9.3,0.233,29.6
473,10906X0039/C2-1,BSS002MNYD,2018-04-19,102.35,Valeur mesurée,Syndicat Mixte pour la Protection et la Gestion des Nappes Souterraines de la Plaine du Roussillon  (20001584000016),2.685378283,42.685696389,2018-04-19T03:02,2018-04-19T15:13,43866.68,15.2,16.93,3.49,84,1012.8,7.7,0.238,29.5
474,10906X0039/C2-1,BSS002MNYD,2018-04-20,102.41,Valeur mesurée,Syndicat Mixte pour la Protection et la Gestion des Nappes Souterraines de la Plaine du Roussillon  (20001584000016),2.685378283,42.685696389,2018-04-20T03:02,2018-04-20T15:13,43875.33,0.9,20.19,4.3,80,1011.1,6.4,0.234,29.6
475,10906X0039/C2-1,BSS002MNYD,2018-04-21,102.45,Valeur mesurée,Syndicat Mixte pour la Protection et la Gestion des Nappes Souterraines de la Plaine du Roussillon  (20001584000016),2.685378283,42.685696389,2018-04-21T03:02,2018-04-21T15:13,43883.95,2.3,20.03,3.99,74,1011.0,8.7,0.234,29.6
476,10906X0039/C2-1,BSS002MNYD,2018-04-22,102.49,Valeur mesurée,Syndicat Mixte pour la Protection et la Gestion des Nappes Souterraines de la Plaine du Roussillon  (20001584000016),2.685378283,42.685696389,2018-04-22T03:02,2018-04-22T15:13,43892.53,6.5,11.49,2.42,99,1011.2,6.2,0.235,29.3
477,10906X0039/C2-1,BSS002MNYD,2018-04-23,102.56,Valeur mesurée,Syndicat Mixte pour la Protection et la Gestion des Nappes Souterraines de la Plaine du Roussillon  (20001584000016),2.685378283,42.685696389,2018-04-23T03:01,2018-04-23T15:13,43901.08,13.2,17.49,3.52,82,1011.6,6.9,0.241,29.2
478,10906X0039/C2-1,BSS002MNYD,2018-04-24,102.59,Valeur mesurée,Syndicat Mixte pour la Protection et la Gestion des Nappes Souterraines de la Plaine du Roussillon  (20001584000016),2.685378283,42.685696389,2018-04-24T03:01,2018-04-24T15:13,43909.58,1.7,20.65,4.36,46,1012.2,9.5,0.242,29.2
479,10906X0039/C2-1,BSS002MNYD,2018-04-25,102.6,Valeur mesurée,Syndicat Mixte pour la Protection et la Gestion des Nappes Souterraines de la Plaine du Roussillon  (20001584000016),2.685378283,42.685696389,2018-04-25T03:01,2018-04-25T15:13,43918.01,2.9,19.75,4.13,61,1011.9,9.5,0.24,29.3
480,10906X0039/C2-1,BSS002MNYD,2018-04-26,102.61,Valeur mesurée,Syndicat Mixte pour la Protection et la Gestion des Nappes Souterraines de la Plaine du Roussillon  (20001584000016),2.685378283,42.685696389,2018-04-26T03:01,2018-04-26T15:13,43926.39,1.1,20.45,4.42,50,1011.7,13.8,0.237,29.2
481,10906X0039/C2-1,BSS002MNYD,2018-04-27,102.64,Valeur mesurée,Syndicat Mixte pour la Protection et la Gestion des Nappes Souterraines de la Plaine du Roussillon  (20001584000016),2.685378283,42.685696389,2018-04-27T03:00,2018-04-27T15:13,43934.7,0.2,20.34,4.55,53,1012.2,12.7,0.234,29.1
482,10906X0039/C2-1,BSS002MNYD,2018-04-28,102.65,Valeur mesurée,Syndicat Mixte pour la Protection et la Gestion des Nappes Souterraines de la Plaine du Roussillon  (20001584000016),2.685378283,42.685696389,2018-04-28T03:00,2018-04-28T15:12,43942.93,3.1,17.41,3.82,53,1013.0,12.7,0.231,29.0
483,10906X0039/C2-1,BSS002MNYD,2018-04-29,102.68,Valeur mesurée,Syndicat Mixte pour la Protection et la Gestion des Nappes Souterraines de la Plaine du Roussillon  (20001584000016),2.685378283,42.685696389,2018-04-29T03:00,2018-04-29T15:12,43951.07,3.6,18.89,4.01,51,1012.8,12.2,0.231,29.0
484,10906X0039/C2-1,BSS002MNYD,2018-04-30,102.7,Valeur mesurée,Syndicat Mixte pour la Protection et la Gestion des Nappes Souterraines de la Plaine du Roussillon  (20001584000016),2.685378283,42.685696389,2018-04-30T03:00,2018-04-30T15:12,43959.12,3.3,19.08,4.31,57,1011.9,16.0,0.229,28.9
485,10906X0039/C2-1,BSS002MNYD,2018-05-01,102.7,Valeur mesurée,Syndicat Mixte pour la Protection et la Gestion des Nappes Souterraines de la Plaine du Roussillon  (20001584000016),2.685378283,42.685696389,2018-05-01T02:59,2018-05-01T15:12,43967.06,6.1,14.71,3.25,76,1013.0,15.6,0.233,28.7
486,10906X0039/C2-1,BSS002MNYD,2018-05-02,102.71,Valeur mesurée,Syndicat Mixte pour la Protection et la Gestion des Nappes Souterraines de la Plaine du Roussillon  (20001584000016),2.685378283,42.685696389,2018-05-02T02:59,2018-05-02T15:12,43974.9,2.8,15.81,3.51,88,1013.0,14.9,0.237,28.6
487,10906X0039/C2-1,BSS002MNYD,2018-05-03,102.75,Valeur mesurée,Syndicat Mixte pour la Protection et la Gestion des Nappes Souterraines de la Plaine du Roussillon  (20001584000016),2.685378283,42.685696389,2018-05-03T02:59,2018-05-03T15:12,43982.61,3.0,17.6,3.86,73,1011.6,12.2,0.236,28.6
488,10906X0039/C2-1,BSS002MNYD,2018-05-04,102.79,Valeur mesurée,Syndicat Mixte pour la Protection et la Gestion des Nappes Souterraines de la Plaine du Roussillon  (20001584000016),2.685378283,42.685696389,2018-05-04T02:59,2018-05-04T15:12,43990.21,6.7,18.45,3.96,73,1011.9,10.8,0.235,28.6
489,10906X0039/C2-1,BSS002MNYD,2018-05-05,102.84,Valeur mesurée,Syndicat Mixte pour la Protection et la Gestion des Nappes Souterraines de la Plaine du Roussillon  (20001584000016),2.685378283,42.685696389,2018-05-05T02:59,2018-05-05T15:12,43997.75,5.7,14.45,3.19,62,1012.3,10.7,0.232,28.6
490,10906X0039/C2-1,BSS002MNYD,2018-05-06,102.87,Valeur mesurée,Syndicat Mixte pour la Protection et la Gestion des Nappes Souterraines de la Plaine du Roussillon  (20001584000016),2.685378283,42.685696389,2018-05-06T02:59,2018-05-06T15:12,44005.24,8.9,18.18,3.84,41,1013.2,9.5,0.23,28.6
491,10906X0039/C2-1,BSS002MNYD,2018-05-07,102.91,Valeur mesurée,Syndicat Mixte pour la Protection et la Gestion des Nappes Souterraines de la Plaine du Roussillon  (20001584000016),2.685378283,42.685696389,2018-05-07T02:59,2018-05-07T15:12,44012.67,0.6,18.6,4.0,55,1013.0,13.6,0.229,28.6
492,10906X0039/C2-1,BSS002MNYD,2018-05-08,102.91,Valeur mesurée,Syndicat Mixte pour la Protection et la Gestion des Nappes Souterraines de la Plaine du Roussillon  (20001584000016),2.685378283,42.685696389,2018-05-08T02:58,2018-05-08T15:12,44020.02,1.3,19.31,4.11,56,1011.8,14.6,0.226,28.6
493,10906X0039/C2-1,BSS002MNYD,2018-05-09,102.94,Valeur mesurée,Syndicat Mixte pour la Protection et la Gestion des Nappes Souterraines de la Plaine du Roussillon  (20001584000016),2.685378283,42.685696389,2018-05-09T02:58,2018-05-09T15:12,44027.3,1.7,16.5,3.54,48,1011.8,13.6,0.224,28.5
494,10906X0039/C2-1,BSS002MNYD,2018-05-10,103.0,Valeur mesurée,Syndicat Mixte pour la Protection et la Gestion des Nappes Souterraines de la Plaine du Roussillon  (20001584000016),2.685378283,42.685696389,2018-05-10T02:58,2018-05-10T15:12,44034.5,0.3,18.79,4.21,31,1012.2,13.7,0.222,28.5
495,10906X0039/C2-1,BSS002MNYD,2018-05-11,103.02,Valeur mesurée,Syndicat Mixte pour la Protection et la Gestion des Nappes Souterraines de la Plaine du Roussillon  (20001584000016),2.685378283,42.685696389,2018-05-11T02:58,2018-05-11T15:12,44041.62,1.2,18.75,4.37,41,1011.8,15.1,0.219,28.5
496,10906X0039/C2-1,BSS002MNYD,2018-05-12,103.05,Valeur mesurée,Syndicat Mixte pour la Protection et la Gestion des Nappes Souterraines de la Plaine du Roussillon  (20001584000016),2.685378283,42.685696389,2018-05-12T02:58,2018-05-12T15:12,44048.64,0.5,17.89,4.11,43,1010.8,14.3,0.217,28.5
497,10906X0039/C2-1,BSS002MNYD,2018-05-13,103.08,Valeur mesurée,Syndicat Mixte pour la Protection et la Gestion des Nappes Souterraines de la Plaine du Roussillon  (20001584000016),2.685378283,42.685696389,2018-05-13T02:58,2018-05-13T15:12,44055.55,2.8,20.51,4.63,50,1010.4,15.6,0.215,28.6
498,10906X0039/C2-1,BSS002MNYD,2018-05-14,103.09,Valeur mesurée,Syndicat Mixte pour la Protection et la Gestion des Nappes Souterraines de la Plaine du Roussillon  (20001584000016),2.685378283,42.685696389,2018-05-14T02:58,2018-05-14T15:12,44062.35,1.3,18.89,4.47,74,1010.5,15.3,0.213,28.8
499,10906X0039/C2-1,BSS002MNYD,2018-05-15,103.11,Valeur mesurée,Syndicat Mixte pour la Protection et la Gestion des Nappes Souterraines de la Plaine du Roussillon  (20001584000016),2.685378283,42.685696389,2018-05-15T02:58,2018-05-15T15:12,44069.03,1.2,19.39,4.53,71,1010.1,17.2,0.212,28.8
500,10906X0039/C2-1,BSS002MNYD,2018-05-16,103.13,Valeur mesurée,Syndicat Mixte pour la Protection et la Gestion des Nappes Souterraines de la Plaine du Roussillon  (20001584000016),2.685378283,42.685696389,2018-05-16T02:58,2018-05-16T15:12,44075.59,4.6,16.27,3.97,71,1011.2,20.2,0.212,28.7
501,10906X0039/C2-1,BSS002MNYD,2018-05-17,103.13,Valeur mesurée,Syndicat Mixte pour la Protection et la Gestion des Nappes Souterraines de la Plaine du Roussillon  (20001584000016),2.685378283,42.685696389,2018-05-17T02:58,2018-05-17T15:13,44082.01,0.6,18.55,4.58,93,1011.6,19.3,0.21,28.6
502,10906X0039/C2-1,BSS002MNYD,2018-05-18,103.14,Valeur mesurée,Syndicat Mixte pour la Protection et la Gestion des Nappes Souterraines de la Plaine du Roussillon  (20001584000016),2.685378283,42.685696389,2018-05-18T02:58,2018-05-18T15:13,44088.3,1.5,16.0,3.86,91,1011.2,17.5,0.209,28.6
503,10906X0039/C2-1,BSS002MNYD,2018-05-19,103.18,Valeur mesurée,Syndicat Mixte pour la Protection et la Gestion des Nappes Souterraines de la Plaine du Roussillon  (20001584000016),2.685378283,42.685696389,2018-05-19T02:58,2018-05-19T15:13,44094.42,2.8,15.48,3.93,73,1011.3,18.8,0.21,28.5
504,10906X0039/C2-1,BSS002MNYD,2018-05-20,103.21,Valeur mesurée,Syndicat Mixte pour la Protection et la Gestion des Nappes Souterraines de la Plaine du Roussillon  (20001584000016),2.685378283,42.685696389,2018-05-20T02:58,2018-05-20T15:13,44100.4,1.1,18.67,4.56,71,1011.4,17.6,0.208,28.5
505,10906X0039/C2-1,BSS002MNYD,2018-05-21,103.25,Valeur mesurée,Syndicat Mixte pour la Protection et la Gestion des Nappes Souterraines de la Plaine du Roussillon  (20001584000016),2.685378283,42.685696389,2018-05-21T02:58,2018-05-21T15:13,44106.2,10.6,15.35,3.32,81,1012.4,10.9,0.208,28.5
506,10906X0039/C2-1,BSS002MNYD,2018-05-22,103.29,Valeur mesurée,Syndicat Mixte pour la Protection et la Gestion des Nappes Souterraines de la Plaine du Roussillon  (20001584000016),2.685378283,42.685696389,2018-05-22T02:58,2018-05-22T15:13,44111.83,4.2,7.91,1.84,97,1014.0,12.3,0.21,28.2
507,10906X0039/C2-1,BSS002MNYD,2018-05-23,103.33,Valeur mesurée,Syndicat Mixte pour la Protection et la Gestion des Nappes Souterraines de la Plaine du Roussillon  (20001584000016),2.685378283,42.685696389,2018-05-23T02:58,2018-05-23T15:13,44117.28,1.2,13.46,3.14,87,1014.1,15.5,0.214,28.0
508,10906X0039/C2-1,BSS002MNYD,2018-05-24,103.4,Valeur mesurée,Syndicat Mixte pour la Protection et la Gestion des Nappes Souterraines de la Plaine du Roussillon  (20001584000016),2.685378283,42.685696389,2018-05-24T02:58,2018-05-24T15:13,44122.54,0.0,18.37,4.49,70,1013.2,16.7,0.212,27.9
509,10906X0039/C2-1,BSS002MNYD,2018-05-25,103.49,Valeur mesurée,Syndicat Mixte pour la Protection et la Gestion des Nappes Souterraines de la Plaine du Roussillon  (20001584000016),2.685378283,42.685696389,2018-05-25T02:58,2018-05-25T15:13,44127.67,0.0,20.75,5.04,70,1011.9,17.4,0.21,27.9
510,10906X0039/C2-1,BSS002MNYD,2018-05-26,103.51,Valeur mesurée,Syndicat Mixte pour la Protection et la Gestion des Nappes Souterraines de la Plaine du Roussillon  (20001584000016),2.685378283,42.685696389,2018-05-26T02:58,2018-05-26T15:14,44132.65,0.9,15.78,3.6,77,1012.7,17.4,0.208,27.9
511,10906X0039/C2-1,BSS002MNYD,2018-05-27,103.55,Valeur mesurée,Syndicat Mixte pour la Protection et la Gestion des Nappes Souterraines de la Plaine du Roussillon  (20001584000016),2.685378283,42.685696389,2018-05-27T02:58,2018-05-27T15:14,44137.51,0.3,16.43,4.4,70,1013.9,19.5,0.206,27.9
512,10906X0039/C2-1,BSS002MNYD,2018-05-28,103.57,Valeur mesurée,Syndicat Mixte pour la Protection et la Gestion des Nappes Souterraines de la Plaine du Roussillon  (20001584000016),2.685378283,42.685696389,2018-05-28T02:58,2018-05-28T15:14,44142.21,0.0,19.38,5.26,56,1014.1,19.5,0.204,27.9
513,10906X0039/C2-1,BSS002MNYD,2018-05-29,103.63,Valeur mesurée,Syndicat Mixte pour la Protection et la Gestion des Nappes Souterraines de la Plaine du Roussillon  (20001584000016),2.685378283,42.685696389,2018-05-29T02:58,2018-05-29T15:14,44146.77,0.0,19.72,5.14,55,1013.1,17.1,0.202,28.0
514,10906X0039/C2-1,BSS002MNYD,2018-05-30,103.63,Valeur mesurée,Syndicat Mixte pour la Protection et la Gestion des Nappes Souterraines de la Plaine du Roussillon  (20001584000016),2.685378283,42.685696389,2018-05-30T02:58,2018-05-30T15:14,44151.16,0.7,16.76,4.37,75,1013.0,18.0,0.201,28.1
515,10906X0039/C2-1,BSS002MNYD,2018-05-31,103.68,Valeur mesurée,Syndicat Mixte pour la Protection et la Gestion des Nappes Souterraines de la Plaine du Roussillon  (20001584000016),2.685378283,42.685696389,2018-05-31T02:58,2018-05-31T15:14,44155.4,1.0,17.16,4.19,99,1013.6,17.0,0.2,28.2
516,10906X0039/C2-1,BSS002MNYD,2018-06-01,103.68,Valeur mesurée,Syndicat Mixte pour la Protection et la Gestion des Nappes Souterraines de la Plaine du Roussillon  (20001584000016),2.685378283,42.685696389,2018-06-01T02:59,2018-06-01T15:15,44159.47,0.1,15.66,4.26,89,1013.8,18.5,0.2,28.2
517,10906X0039/C2-1,BSS002MNYD,2018-06-02,103.67,Valeur mesurée,Syndicat Mixte pour la Protection et la Gestion des Nappes Souterraines de la Plaine du Roussillon  (20001584000016),2.685378283,42.685696389,2018-06-02T02:59,2018-06-02T15:15,44163.38,0.9,17.29,4.56,78,1014.2,18.5,0.199,28.1
518,10906X0039/C2-1,BSS002MNYD,2018-06-03,103.66,Valeur mesurée,Syndicat Mixte pour la Protection et la Gestion des Nappes Souterraines de la Plaine du Roussillon  (20001584000016),2.685378283,42.685696389,2018-06-03T02:59,2018-06-03T15:15,44167.1,0.3,15.0,4.49,59,1013.3,19.5,0.199,28.1
519,10906X0039/C2-1,BSS002MNYD,2018-06-04,103.65,Valeur mesurée,Syndicat Mixte pour la Protection et la Gestion des Nappes Souterraines de la Plaine du Roussillon  (20001584000016),2.685378283,42.685696389,2018-06-04T02:59,2018-06-04T15:15,44170.65,0.0,15.0,5.03,74,1011.9,21.5,0.199,28.1
520,10906X0039/C2-1,BSS002MNYD,2018-06-05,103.65,Valeur mesurée,Syndicat Mixte pour la Protection et la Gestion des Nappes Souterraines de la Plaine du Roussillon  (20001584000016),2.685378283,42.685696389,2018-06-05T02:59,2018-06-05T15:15,44174.01,0.0,19.45,6.26,72,1012.4,23.3,0.203,28.2
521,10906X0039/C2-1,BSS002MNYD,2018-06-06,103.67,Valeur mesurée,Syndicat Mixte pour la Protection et la Gestion des Nappes Souterraines de la Plaine du Roussillon  (20001584000016),2.685378283,42.685696389,2018-06-06T02:59,2018-06-06T15:16,44177.19,0.0,18.99,6.03,44,1014.5,24.4,0.207,28.3
522,10906X0039/C2-1,BSS002MNYD,2018-06-07,103.69,Valeur mesurée,Syndicat Mixte pour la Protection et la Gestion des Nappes Souterraines de la Plaine du Roussillon  (20001584000016),2.685378283,42.685696389,2018-06-07T02:59,2018-06-07T15:16,44180.16,3.0,18.77,4.74,43,1015.8,21.9,0.208,28.3
523,10906X0039/C2-1,BSS002MNYD,2018-06-08,103.72,Valeur mesurée,Syndicat Mixte pour la Protection et la Gestion des Nappes Souterraines de la Plaine du Roussillon  (20001584000016),2.685378283,42.685696389,2018-06-08T03:00,2018-06-08T15:16,44182.94,1.6,15.97,4.57,81,1015.9,22.0,0.208,28.2
524,10906X0039/C2-1,BSS002MNYD,2018-06-09,103.73,Valeur mesurée,Syndicat Mixte pour la Protection et la Gestion des Nappes Souterraines de la Plaine du Roussillon  (20001584000016),2.685378283,42.685696389,2018-06-09T03:00,2018-06-09T15:16,44185.51,0.0,16.73,4.95,95,1015.3,20.3,0.207,28.1
525,10906X0039/C2-1,BSS002MNYD,2018-06-10,103.74,Valeur mesurée,Syndicat Mixte pour la Protection et la Gestion des Nappes Souterraines de la Plaine du Roussillon  (20001584000016),2.685378283,42.685696389,2018-06-10T03:00,2018-06-10T15:16,44187.87,0.2,16.37,4.96,71,1015.3,20.2,0.207,28.2
526,10906X0039/C2-1,BSS002MNYD,2018-06-11,103.77,Valeur mesurée,Syndicat Mixte pour la Protection et la Gestion des Nappes Souterraines de la Plaine du Roussillon  (20001584000016),2.685378283,42.685696389,2018-06-11T03:00,2018-06-11T15:17,44190.02,0.0,19.16,5.62,63,1015.6,19.6,0.207,28.2
527,10906X0039/C2-1,BSS002MNYD,2018-06-12,103.81,Valeur mesurée,Syndicat Mixte pour la Protection et la Gestion des Nappes Souterraines de la Plaine du Roussillon  (20001584000016),2.685378283,42.685696389,2018-06-12T03:00,2018-06-12T15:17,44191.94,0.5,14.09,4.24,76,1015.8,19.2,0.206,28.2
528,10906X0039/C2-1,BSS002MNYD,2018-06-13,103.84,Valeur mesurée,Syndicat Mixte pour la Protection et la Gestion des Nappes Souterraines de la Plaine du Roussillon  (20001584000016),2.685378283,42.685696389,2018-06-13T03:00,2018-06-13T15:17,44193.65,0.0,18.39,5.32,51,1015.5,19.6,0.205,28.3
529,10906X0039/C2-1,BSS002MNYD,2018-06-14,103.89,Valeur mesurée,Syndicat Mixte pour la Protection et la Gestion des Nappes Souterraines de la Plaine du Roussillon  (20001584000016),2.685378283,42.685696389,2018-06-14T03:01,2018-06-14T15:17,44195.15,0.9,17.32,4.87,50,1015.3,20.5,0.206,28.2
530,10906X0039/C2-1,BSS002MNYD,2018-06-15,103.95,Valeur mesurée,Syndicat Mixte pour la Protection et la Gestion des Nappes Souterraines de la Plaine du Roussillon  (20001584000016),2.685378283,42.685696389,2018-06-15T03:01,2018-06-15T15:17,44196.44,0.0,21.2,5.96,54,1014.6,19.3,0.205,28.3
531,10906X0039/C2-1,BSS002MNYD,2018-06-16,103.96,Valeur mesurée,Syndicat Mixte pour la Protection et la Gestion des Nappes Souterraines de la Plaine du Roussillon  (20001584000016),2.685378283,42.685696389,2018-06-16T03:01,2018-06-16T15:18,44197.53,0.0,16.27,5.18,92,1014.8,19.7,0.205,28.3
532,10906X0039/C2-1,BSS002MNYD,2018-06-17,104.06,Valeur mesurée,Syndicat Mixte pour la Protection et la Gestion des Nappes Souterraines de la Plaine du Roussillon  (20001584000016),2.685378283,42.685696389,2018-06-17T03:01,2018-06-17T15:18,44198.42,0.0,19.52,5.79,75,1014.6,19.2,0.204,28.6
533,10906X0039/C2-1,BSS002MNYD,2018-06-18,104.14,Valeur mesurée,Syndicat Mixte pour la Protection et la Gestion des Nappes Souterraines de la Plaine du Roussillon  (20001584000016),2.685378283,42.685696389,2018-06-18T03:01,2018-06-18T15:18,44199.1,0.0,19.06,5.45,40,1013.8,20.0,0.203,28.6
534,10906X0039/C2-1,BSS002MNYD,2018-06-19,104.13,Valeur mesurée,Syndicat Mixte pour la Protection et la Gestion des Nappes Souterraines de la Plaine du Roussillon  (20001584000016),2.685378283,42.685696389,2018-06-19T03:02,2018-06-19T15:18,44199.58,0.2,20.16,5.52,46,1014.3,19.0,0.203,28.7
535,10906X0039/C2-1,BSS002MNYD,2018-06-20,104.16,Valeur mesurée,Syndicat Mixte pour la Protection et la Gestion des Nappes Souterraines de la Plaine du Roussillon  (20001584000016),2.685378283,42.685696389,2018-06-20T03:02,2018-06-20T15:19,44199.85,0.0,20.42,5.75,64,1015.3,18.4,0.202,28.8
536,10906X0039/C2-1,BSS002MNYD,2018-06-21,104.22,Valeur mesurée,Syndicat Mixte pour la Protection et la Gestion des Nappes Souterraines de la Plaine du Roussillon  (20001584000016),2.685378283,42.685696389,2018-06-21T03:02,2018-06-21T15:19,44199.92,0.0,20.05,6.33,72,1015.0,20.6,0.202,28.9
537,10906X0039/C2-1,BSS002MNYD,2018-06-22,104.16,Valeur mesurée,Syndicat Mixte pour la Protection et la Gestion des Nappes Souterraines de la Plaine du Roussillon  (20001584000016),2.685378283,42.685696389,2018-06-22T03:02,2018-06-22T15:19,44199.79,0.8,14.05,4.67,97,1014.1,21.5,0.202,28.9
538,10906X0039/C2-1,BSS002MNYD,2018-06-23,104.16,Valeur mesurée,Syndicat Mixte pour la Protection et la Gestion des Nappes Souterraines de la Plaine du Roussillon  (20001584000016),2.685378283,42.685696389,2018-06-23T03:03,2018-06-23T15:19,44199.45,1.0,18.73,5.26,75,1014.2,22.2,0.202,28.8
539,10906X0039/C2-1,BSS002MNYD,2018-06-24,104.11,Valeur mesurée,Syndicat Mixte pour la Protection et la Gestion des Nappes Souterraines de la Plaine du Roussillon  (20001584000016),2.685378283,42.685696389,2018-06-24T03:03,2018-06-24T15:19,44198.92,0.0,18.06,5.82,93,1013.6,22.1,0.202,28.8
540,10906X0039/C2-1,BSS002MNYD,2018-06-25,104.19,Valeur mesurée,Syndicat Mixte pour la Protection et la Gestion des Nappes Souterraines de la Plaine du Roussillon  (20001584000016),2.685378283,42.685696389,2018-06-25T03:03,2018-06-25T15:20,44198.18,0.0,17.4,5.48,91,1013.6,21.0,0.201,28.8
541,10906X0039/C2-1,BSS002MNYD,2018-06-26,104.26,Valeur mesurée,Syndicat Mixte pour la Protection et la Gestion des Nappes Souterraines de la Plaine du Roussillon  (20001584000016),2.685378283,42.685696389,2018-06-26T03:03,2018-06-26T15:20,44197.24,0.4,19.99,5.8,68,1014.0,20.7,0.201,28.9
542,10906X0039/C2-1,BSS002MNYD,2018-06-27,104.2,Valeur mesurée,Syndicat Mixte pour la Protection et la Gestion des Nappes Souterraines de la Plaine du Roussillon  (20001584000016),2.685378283,42.685696389,2018-06-27T03:04,2018-06-27T15:20,44196.11,0.5,15.7,5.06,44,1013.4,20.1,0.2,28.8
543,10906X0039/C2-1,BSS002MNYD,2018-06-28,104.1,Valeur mesurée,Syndicat Mixte pour la Protection et la Gestion des Nappes Souterraines de la Plaine du Roussillon  (20001584000016),2.685378283,42.685696389,2018-06-28T03:04,2018-06-28T15:20,44194.78,0.0,18.18,5.92,71,1012.1,20.7,0.199,28.8
544,10906X0039/C2-1,BSS002MNYD,2018-06-29,104.27,Valeur mesurée,Syndicat Mixte pour la Protection et la Gestion des Nappes Souterraines de la Plaine du Roussillon  (20001584000016),2.685378283,42.685696389,2018-06-29T03:04,2018-06-29T15:21,44193.25,0.3,20.6,5.85,40,1012.0,22.1,0.199,29.0
545,10906X0039/C2-1,BSS002MNYD,2018-06-30,104.27,Valeur mesurée,Syndicat Mixte pour la Protection et la Gestion des Nappes Souterraines de la Plaine du Roussillon  (20001584000016),2.685378283,42.685696389,2018-06-30T03:04,2018-06-30T15:21,44191.53,0.5,18.32,5.32,69,1012.4,19.8,0.198,29.1
546,10906X0039/C2-1,BSS002MNYD,2018-07-01,104.29,Valeur mesurée,Syndicat Mixte pour la Protection et la Gestion des Nappes Souterraines de la Plaine du Roussillon  (20001584000016),2.685378283,42.685696389,2018-07-01T03:04,2018-07-01T15:21,44189.61,1.3,17.41,5.23,83,1012.8,20.4,0.198,29.0
547,10906X0039/C2-1,BSS002MNYD,2018-07-02,104.37,Valeur mesurée,Syndicat Mixte pour la Protection et la Gestion des Nappes Souterraines de la Plaine du Roussillon  (20001584000016),2.685378283,42.685696389,2018-07-02T03:05,2018-07-02T15:21,44187.5,1.0,18.77,5.24,92,1013.3,19.5,0.198,28.9
548,10906X0039/C2-1,BSS002MNYD,2018-07-03,104.32,Valeur mesurée,Syndicat Mixte pour la Protection et la Gestion des Nappes Souterraines de la Plaine du Roussillon  (20001584000016),2.685378283,42.685696389,2018-07-03T03:05,2018-07-03T15:21,44185.19,1.4,18.27,4.85,78,1014.6,20.8,0.198,28.7
549,10906X0039/C2-1,BSS002MNYD,2018-07-04,104.39,Valeur mesurée,Syndicat Mixte pour la Protection et la Gestion des Nappes Souterraines de la Plaine du Roussillon  (20001584000016),2.685378283,42.685696389,2018-07-04T03:05,2018-07-04T15:21,44182.67,1.8,17.01,4.6,70,1015.5,19.8,0.199,28.5
550,10906X0039/C2-1,BSS002MNYD,2018-07-05,104.39,Valeur mesurée,Syndicat Mixte pour la Protection et la Gestion des Nappes Souterraines de la Plaine du Roussillon  (20001584000016),2.685378283,42.685696389,2018-07-05T03:05,2018-07-05T15:21,44179.92,0.6,16.49,4.91,58,1015.7,22.4,0.199,28.4
551,10906X0039/C2-1,BSS002MNYD,2018-07-06,104.28,Valeur mesurée,Syndicat Mixte pour la Protection et la Gestion des Nappes Souterraines de la Plaine du Roussillon  (20001584000016),2.685378283,42.685696389,2018-07-06T03:05,2018-07-06T15:22,44176.97,0.5,19.03,5.36,56,1016.3,22.7,0.198,28.3
552,10906X0039/C2-1,BSS002MNYD,2018-07-07,104.21,Valeur mesurée,Syndicat Mixte pour la Protection et la Gestion des Nappes Souterraines de la Plaine du Roussillon  (20001584000016),2.685378283,42.685696389,2018-07-07T03:05,2018-07-07T15:22,44173.81,0.4,16.44,5.26,50,1015.6,24.1,0.196,28.3
553,10906X0039/C2-1,BSS002MNYD,2018-07-08,104.18,Valeur mesurée,Syndicat Mixte pour la Protection et la Gestion des Nappes Souterraines de la Plaine du Roussillon  (20001584000016),2.685378283,42.685696389,2018-07-08T03:06,2018-07-08T15:22,44170.45,0.9,14.6,4.42,81,1015.6,22.7,0.196,28.3
554,10906X0039/C2-1,BSS002MNYD,2018-07-09,104.18,Valeur mesurée,Syndicat Mixte pour la Protection et la Gestion des Nappes Souterraines de la Plaine du Roussillon  (20001584000016),2.685378283,42.685696389,2018-07-09T03:06,2018-07-09T15:22,44166.9,0.6,18.73,5.13,55,1015.8,23.5,0.196,28.4
555,10906X0039/C2-1,BSS002MNYD,2018-07-10,104.18,Valeur mesurée,Syndicat Mixte pour la Protection et la Gestion des Nappes Souterraines de la Plaine du Roussillon  (20001584000016),2.685378283,42.685696389,2018-07-10T03:06,2018-07-10T15:22,44163.15,0.9,16.35,4.92,64,1016.2,23.0,0.195,28.2
556,10906X0039/C2-1,BSS002MNYD,2018-07-11,104.2,Valeur mesurée,Syndicat Mixte pour la Protection et la Gestion des Nappes Souterraines de la Plaine du Roussillon  (20001584000016),2.685378283,42.685696389,2018-07-11T03:06,2018-07-11T15:22,44159.24,0.0,17.37,5.76,51,1016.2,22.8,0.194,28.2
557,10906X0039/C2-1,BSS002MNYD,2018-07-12,104.3,Valeur mesurée,Syndicat Mixte pour la Protection et la Gestion des Nappes Souterraines de la Plaine du Roussillon  (20001584000016),2.685378283,42.685696389,2018-07-12T03:06,2018-07-12T15:22,44155.13,0.1,17.82,5.94,66,1016.2,22.6,0.194,28.3
558,10906X0039/C2-1,BSS002MNYD,2018-07-13,104.47,Valeur mesurée,Syndicat Mixte pour la Protection et la Gestion des Nappes Souterraines de la Plaine du Roussillon  (20001584000016),2.685378283,42.685696389,2018-07-13T03:07,2018-07-13T15:22,44150.87,0.0,20.59,6.69,70,1015.6,22.7,0.193,28.4
559,10906X0039/C2-1,BSS002MNYD,2018-07-14,104.41,Valeur mesurée,Syndicat Mixte pour la Protection et la Gestion des Nappes Souterraines de la Plaine du Roussillon  (20001584000016),2.685378283,42.685696389,2018-07-14T03:07,2018-07-14T15:22,44146.43,0.2,18.21,5.61,94,1015.4,21.9,0.193,28.4
560,10906X0039/C2-1,BSS002MNYD,2018-07-15,104.35,Valeur mesurée,Syndicat Mixte pour la Protection et la Gestion des Nappes Souterraines de la Plaine du Roussillon  (20001584000016),2.685378283,42.685696389,2018-07-15T03:07,2018-07-15T15:23,44141.84,0.3,14.43,5.02,83,1015.7,22.2,0.193,28.3
561,10906X0039/C2-1,BSS002MNYD,2018-07-16,104.4,Valeur mesurée,Syndicat Mixte pour la Protection et la Gestion des Nappes Souterraines de la Plaine du Roussillon  (20001584000016),2.685378283,42.685696389,2018-07-16T03:07,2018-07-16T15:23,44137.1,0.3,18.82,6.0,56,1016.4,23.6,0.193,28.3
562,10906X0039/C2-1,BSS002MNYD,2018-07-17,104.38,Valeur mesurée,Syndicat Mixte pour la Protection et la Gestion des Nappes Souterraines de la Plaine du Roussillon  (20001584000016),2.685378283,42.685696389,2018-07-17T03:07,2018-07-17T15:23,44132.21,0.0,17.6,6.15,49,1015.7,23.7,0.192,28.3
563,10906X0039/C2-1,BSS002MNYD,2018-07-18,104.38,Valeur mesurée,Syndicat Mixte pour la Protection et la Gestion des Nappes Souterraines de la Plaine du Roussillon  (20001584000016),2.685378283,42.685696389,2018-07-18T03:07,2018-07-18T15:23,44127.18,0.0,16.41,6.31,69,1015.4,26.6,0.192,28.3
564,10906X0039/C2-1,BSS002MNYD,2018-07-19,104.38,Valeur mesurée,Syndicat Mixte pour la Protection et la Gestion des Nappes Souterraines de la Plaine du Roussillon  (20001584000016),2.685378283,42.685696389,2018-07-19T03:07,2018-07-19T15:23,44122.01,0.0,13.35,5.26,69,1015.9,24.9,0.192,28.2
565,10906X0039/C2-1,BSS002MNYD,2018-07-20,104.27,Valeur mesurée,Syndicat Mixte pour la Protection et la Gestion des Nappes Souterraines de la Plaine du Roussillon  (20001584000016),2.685378283,42.685696389,2018-07-20T03:07,2018-07-20T15:23,44116.72,0.2,17.32,5.72,65,1016.2,23.5,0.191,28.2
566,10906X0039/C2-1,BSS002MNYD,2018-07-21,104.2,Valeur mesurée,Syndicat Mixte pour la Protection et la Gestion des Nappes Souterraines de la Plaine du Roussillon  (20001584000016),2.685378283,42.685696389,2018-07-21T03:08,2018-07-21T15:23,44111.3,1.0,16.16,5.1,54,1017.2,22.4,0.191,28.2
567,10906X0039/C2-1,BSS002MNYD,2018-07-22,104.18,Valeur mesurée,Syndicat Mixte pour la Protection et la Gestion des Nappes Souterraines de la Plaine du Roussillon  (20001584000016),2.685378283,42.685696389,2018-07-22T03:08,2018-07-22T15:23,44105.77,0.1,18.3,5.96,64,1017.0,22.1,0.191,28.3
568,10906X0039/C2-1,BSS002MNYD,2018-07-23,104.27,Valeur mesurée,Syndicat Mixte pour la Protection et la Gestion des Nappes Souterraines de la Plaine du Roussillon  (20001584000016),2.685378283,42.685696389,2018-07-23T03:08,2018-07-23T15:23,44100.11,2.0,18.54,5.44,58,1016.5,23.0,0.191,28.2
569,10906X0039/C2-1,BSS002MNYD,2018-07-24,104.35,Valeur mesurée,Syndicat Mixte pour la Protection et la Gestion des Nappes Souterraines de la Plaine du Roussillon  (20001584000016),2.685378283,42.685696389,2018-07-24T03:08,2018-07-24T15:23,44094.29,1.2,20.0,5.76,45,1016.3,21.1,0.191,28.2
570,10906X0039/C2-1,BSS002MNYD,2018-07-25,104.4,Valeur mesurée,Syndicat Mixte pour la Protection et la Gestion des Nappes Souterraines de la Plaine du Roussillon  (20001584000016),2.685378283,42.685696389,2018-07-25T03:08,2018-07-25T15:23,44088.29,0.0,18.18,5.92,59,1016.0,22.4,0.191,28.2
571,10906X0039/C2-1,BSS002MNYD,2018-07-26,104.46,Valeur mesurée,Syndicat Mixte pour la Protection et la Gestion des Nappes Souterraines de la Plaine du Roussillon  (20001584000016),2.685378283,42.685696389,2018-07-26T03:08,2018-07-26T15:23,44082.13,0.0,13.56,4.88,79,1016.2,20.0,0.19,28.2
572,10906X0039/C2-1,BSS002MNYD,2018-07-27,104.38,Valeur mesurée,Syndicat Mixte pour la Protection et la Gestion des Nappes Souterraines de la Plaine du Roussillon  (20001584000016),2.685378283,42.685696389,2018-07-27T03:08,2018-07-27T15:23,44075.81,0.0,21.94,6.15,89,1015.8,18.3,0.189,28.4
573,10906X0039/C2-1,BSS002MNYD,2018-07-28,104.34,Valeur mesurée,Syndicat Mixte pour la Protection et la Gestion des Nappes Souterraines de la Plaine du Roussillon  (20001584000016),2.685378283,42.685696389,2018-07-28T03:08,2018-07-28T15:22,44069.36,0.4,17.28,5.1,42,1014.7,20.0,0.189,28.4
574,10906X0039/C2-1,BSS002MNYD,2018-07-29,104.3,Valeur mesurée,Syndicat Mixte pour la Protection et la Gestion des Nappes Souterraines de la Plaine du Roussillon  (20001584000016),2.685378283,42.685696389,2018-07-29T03:08,2018-07-29T15:22,44062.76,0.1,15.48,5.12,64,1014.5,19.2,0.188,28.5
575,10906X0039/C2-1,BSS002MNYD,2018-07-30,104.29,Valeur mesurée,Syndicat Mixte pour la Protection et la Gestion des Nappes Souterraines de la Plaine du Roussillon  (20001584000016),2.685378283,42.685696389,2018-07-30T03:08,2018-07-30T15:22,44056.04,0.0,15.34,5.06,49,1014.2,19.9,0.188,28.5
576,10906X0039/C2-1,BSS002MNYD,2018-07-31,104.31,Valeur mesurée,Syndicat Mixte pour la Protection et la Gestion des Nappes Souterraines de la Plaine du Roussillon  (20001584000016),2.685378283,42.685696389,2018-07-31T03:08,2018-07-31T15:22,44049.19,0.0,20.0,5.86,45,1013.9,18.5,0.188,28.6
577,10906X0039/C2-1,BSS002MNYD,2018-08-01,104.28,Valeur mesurée,Syndicat Mixte pour la Protection et la Gestion des Nappes Souterraines de la Plaine du Roussillon  (20001584000016),2.685378283,42.685696389,2018-08-01T03:08,2018-08-01T15:22,44042.24,0.4,20.77,6.23,73,1013.7,19.2,0.187,28.8
578,10906X0039/C2-1,BSS002MNYD,2018-08-02,104.24,Valeur mesurée,Syndicat Mixte pour la Protection et la Gestion des Nappes Souterraines de la Plaine du Roussillon  (20001584000016),2.685378283,42.685696389,2018-08-02T03:08,2018-08-02T15:22,44035.17,0.0,24.35,7.13,35,1013.8,22.4,0.187,28.9
579,10906X0039/C2-1,BSS002MNYD,2018-08-03,104.24,Valeur mesurée,Syndicat Mixte pour la Protection et la Gestion des Nappes Souterraines de la Plaine du Roussillon  (20001584000016),2.685378283,42.685696389,2018-08-03T03:08,2018-08-03T15:22,44028.01,0.0,22.34,6.58,50,1014.6,19.5,0.187,28.9
580,10906X0039/C2-1,BSS002MNYD,2018-08-04,104.23,Valeur mesurée,Syndicat Mixte pour la Protection et la Gestion des Nappes Souterraines de la Plaine du Roussillon  (20001584000016),2.685378283,42.685696389,2018-08-04T03:08,2018-08-04T15:22,44020.75,0.9,16.56,4.63,60,1016.0,19.2,0.186,28.9
581,10906X0039/C2-1,BSS002MNYD,2018-08-05,104.17,Valeur mesurée,Syndicat Mixte pour la Protection et la Gestion des Nappes Souterraines de la Plaine du Roussillon  (20001584000016),2.685378283,42.685696389,2018-08-05T03:08,2018-08-05T15:22,44013.42,0.3,20.73,5.74,43,1016.6,19.4,0.187,28.9
582,10906X0039/C2-1,BSS002MNYD,2018-08-06,104.17,Valeur mesurée,Syndicat Mixte pour la Protection et la Gestion des Nappes Souterraines de la Plaine du Roussillon  (20001584000016),2.685378283,42.685696389,2018-08-06T03:08,2018-08-06T15:21,44006.01,0.0,18.71,5.5,31,1016.2,19.3,0.187,28.9
583,10906X0039/C2-1,BSS002MNYD,2018-08-07,104.31,Valeur mesurée,Syndicat Mixte pour la Protection et la Gestion des Nappes Souterraines de la Plaine du Roussillon  (20001584000016),2.685378283,42.685696389,2018-08-07T03:08,2018-08-07T15:21,43998.53,0.0,18.11,5.47,68,1015.2,18.7,0.187,28.8
584,10906X0039/C2-1,BSS002MNYD,2018-08-08,104.4,Valeur mesurée,Syndicat Mixte pour la Protection et la Gestion des Nappes Souterraines de la Plaine du Roussillon  (20001584000016),2.685378283,42.685696389,2018-08-08T03:08,2018-08-08T15:21,43990.99,1.2,16.96,4.81,45,1014.3,20.7,0.187,28.8
585,10906X0039/C2-1,BSS002MNYD,2018-08-09,104.45,Valeur mesurée,Syndicat Mixte pour la Protection et la Gestion des Nappes Souterraines de la Plaine du Roussillon  (20001584000016),2.685378283,42.685696389,2018-08-09T03:08,2018-08-09T15:21,43983.39,0.6,15.39,5.14,54,1015.6,22.8,0.187,28.7
586,10906X0039/C2-1,BSS002MNYD,2018-08-10,104.38,Valeur mesurée,Syndicat Mixte pour la Protection et la Gestion des Nappes Souterraines de la Plaine du Roussillon  (20001584000016),2.685378283,42.685696389,2018-08-10T03:08,2018-08-10T15:21,43975.74,0.0,12.16,4.87,51,1016.6,19.9,0.187,28.6
587,10906X0039/C2-1,BSS002MNYD,2018-08-11,104.32,Valeur mesurée,Syndicat Mixte pour la Protection et la Gestion des Nappes Souterraines de la Plaine du Roussillon  (20001584000016),2.685378283,42.685696389,2018-08-11T03:08,2018-08-11T15:20,43968.06,1.0,15.56,5.01,54,1017.1,19.3,0.187,28.5
588,10906X0039/C2-1,BSS002MNYD,2018-08-12,104.26,Valeur mesurée,Syndicat Mixte pour la Protection et la Gestion des Nappes Souterraines de la Plaine du Roussillon  (20001584000016),2.685378283,42.685696389,2018-08-12T03:07,2018-08-12T15:20,43960.33,3.0,15.98,4.26,62,1017.4,19.5,0.188,28.3
589,10906X0039/C2-1,BSS002MNYD,2018-08-13,104.27,Valeur mesurée,Syndicat Mixte pour la Protection et la Gestion des Nappes Souterraines de la Plaine du Roussillon  (20001584000016),2.685378283,42.685696389,2018-08-13T03:07,2018-08-13T15:20,43952.5,0.4,17.01,4.92,92,1017.2,20.6,0.187,28.2
590,10906X0039/C2-1,BSS002MNYD,2018-08-14,104.29,Valeur mesurée,Syndicat Mixte pour la Protection et la Gestion des Nappes Souterraines de la Plaine du Roussillon  (20001584000016),2.685378283,42.685696389,2018-08-14T03:07,2018-08-14T15:20,43944.56,0.6,15.7,4.92,61,1016.5,21.1,0.187,28.0
591,10906X0039/C2-1,BSS002MNYD,2018-08-15,104.27,Valeur mesurée,Syndicat Mixte pour la Protection et la Gestion des Nappes Souterraines de la Plaine du Roussillon  (20001584000016),2.685378283,42.685696389,2018-08-15T03:07,2018-08-15T15:19,43936.51,2.9,17.04,4.9,66,1016.5,22.1,0.186,28.0
592,10906X0039/C2-1,BSS002MNYD,2018-08-16,104.23,Valeur mesurée,Syndicat Mixte pour la Protection et la Gestion des Nappes Souterraines de la Plaine du Roussillon  (20001584000016),2.685378283,42.685696389,2018-08-16T03:07,2018-08-16T15:19,43928.39,1.3,17.7,5.27,57,1016.3,21.3,0.185,28.0
593,10906X0039/C2-1,BSS002MNYD,2018-08-17,104.3,Valeur mesurée,Syndicat Mixte pour la Protection et la Gestion des Nappes Souterraines de la Plaine du Roussillon  (20001584000016),2.685378283,42.685696389,2018-08-17T03:07,2018-08-17T15:19,43920.18,0.0,17.57,5.74,47,1015.1,23.1,0.184,28.1
594,10906X0039/C2-1,BSS002MNYD,2018-08-18,104.4,Valeur mesurée,Syndicat Mixte pour la Protection et la Gestion des Nappes Souterraines de la Plaine du Roussillon  (20001584000016),2.685378283,42.685696389,2018-08-18T03:07,2018-08-18T15:19,43911.89,0.0,17.19,5.68,59,1014.5,21.1,0.184,28.1
595,10906X0039/C2-1,BSS002MNYD,2018-08-19,104.39,Valeur mesurée,Syndicat Mixte pour la Protection et la Gestion des Nappes Souterraines de la Plaine du Roussillon  (20001584000016),2.685378283,42.685696389,2018-08-19T03:07,2018-08-19T15:18,43903.53,0.2,21.06,6.58,66,1014.4,21.4,0.183,28.2
596,10906X0039/C2-1,BSS002MNYD,2018-08-20,104.3,Valeur mesurée,Syndicat Mixte pour la Protection et la Gestion des Nappes Souterraines de la Plaine du Roussillon  (20001584000016),2.685378283,42.685696389,2018-08-20T03:06,2018-08-20T15:18,43895.12,0.4,17.82,5.92,89,1014.7,24.4,0.182,28.3
597,10906X0039/C2-1,BSS002MNYD,2018-08-21,104.32,Valeur mesurée,Syndicat Mixte pour la Protection et la Gestion des Nappes Souterraines de la Plaine du Roussillon  (20001584000016),2.685378283,42.685696389,2018-08-21T03:06,2018-08-21T15:18,43886.65,0.0,16.96,5.57,99,1014.9,21.4,0.182,28.3
598,10906X0039/C2-1,BSS002MNYD,2018-08-22,104.27,Valeur mesurée,Syndicat Mixte pour la Protection et la Gestion des Nappes Souterraines de la Plaine du Roussillon  (20001584000016),2.685378283,42.685696389,2018-08-22T03:06,2018-08-22T15:17,43878.14,0.0,18.63,6.52,57,1014.3,23.8,0.181,28.4
599,10906X0039/C2-1,BSS002MNYD,2018-08-23,104.23,Valeur mesurée,Syndicat Mixte pour la Protection et la Gestion des Nappes Souterraines de la Plaine du Roussillon  (20001584000016),2.685378283,42.685696389,2018-08-23T03:06,2018-08-23T15:17,43869.58,0.0,21.98,7.13,40,1013.7,22.7,0.18,28.5
600,10906X0039/C2-1,BSS002MNYD,2018-08-24,104.23,Valeur mesurée,Syndicat Mixte pour la Protection et la Gestion des Nappes Souterraines de la Plaine du Roussillon  (20001584000016),2.685378283,42.685696389,2018-08-24T03:06,2018-08-24T15:17,43860.99,0.0,17.31,5.83,63,1013.7,20.8,0.181,28.5
601,10906X0039/C2-1,BSS002MNYD,2018-08-25,104.21,Valeur mesurée,Syndicat Mixte pour la Protection et la Gestion des Nappes Souterraines de la Plaine du Roussillon  (20001584000016),2.685378283,42.685696389,2018-08-25T03:05,2018-08-25T15:16,43852.37,0.4,20.24,6.17,94,1014.9,21.4,0.181,28.6
602,10906X0039/C2-1,BSS002MNYD,2018-08-26,104.18,Valeur mesurée,Syndicat Mixte pour la Protection et la Gestion des Nappes Souterraines de la Plaine du Roussillon  (20001584000016),2.685378283,42.685696389,2018-08-26T03:05,2018-08-26T15:16,43843.74,0.0,19.78,6.52,86,1013.6,22.1,0.181,28.7
603,10906X0039/C2-1,BSS002MNYD,2018-08-27,104.22,Valeur mesurée,Syndicat Mixte pour la Protection et la Gestion des Nappes Souterraines de la Plaine du Roussillon  (20001584000016),2.685378283,42.685696389,2018-08-27T03:05,2018-08-27T15:16,43835.1,0.0,20.36,6.75,60,1012.9,22.6,0.181,28.8
604,10906X0039/C2-1,BSS002MNYD,2018-08-28,104.33,Valeur mesurée,Syndicat Mixte pour la Protection et la Gestion des Nappes Souterraines de la Plaine du Roussillon  (20001584000016),2.685378283,42.685696389,2018-08-28T03:05,2018-08-28T15:15,43826.44,0.0,23.44,7.45,88,1012.9,23.8,0.181,28.9
605,10906X0039/C2-1,BSS002MNYD,2018-08-29,104.24,Valeur mesurée,Syndicat Mixte pour la Protection et la Gestion des Nappes Souterraines de la Plaine du Roussillon  (20001584000016),2.685378283,42.685696389,2018-08-29T03:05,2018-08-29T15:15,43817.78,0.1,15.17,6.0,67,1014.0,25.2,0.18,28.9
606,10906X0039/C2-1,BSS002MNYD,2018-08-30,104.23,Valeur mesurée,Syndicat Mixte pour la Protection et la Gestion des Nappes Souterraines de la Plaine du Roussillon  (20001584000016),2.685378283,42.685696389,2018-08-30T03:04,2018-08-30T15:14,43809.13,0.2,17.27,6.17,56,1013.8,24.4,0.18,28.8
607,10906X0039/C2-1,BSS002MNYD,2018-08-31,104.25,Valeur mesurée,Syndicat Mixte pour la Protection et la Gestion des Nappes Souterraines de la Plaine du Roussillon  (20001584000016),2.685378283,42.685696389,2018-08-31T03:04,2018-08-31T15:14,43800.49,0.0,21.06,6.63,46,1013.4,21.9,0.18,28.9
608,10906X0039/C2-1,BSS002MNYD,2018-09-01,104.24,Valeur mesurée,Syndicat Mixte pour la Protection et la Gestion des Nappes Souterraines de la Plaine du Roussillon  (20001584000016),2.685378283,42.685696389,2018-09-01T03:04,2018-09-01T15:14,43791.86,0.0,17.97,6.16,66,1013.7,22.7,0.18,28.9
609,10906X0039/C2-1,BSS002MNYD,2018-09-02,104.18,Valeur mesurée,Syndicat Mixte pour la Protection et la Gestion des Nappes Souterraines de la Plaine du Roussillon  (20001584000016),2.685378283,42.685696389,2018-09-02T03:04,2018-09-02T15:13,43783.17,0.0,22.24,7.28,41,1012.9,21.5,0.18,29.0
610,10906X0039/C2-1,BSS002MNYD,2018-09-03,104.21,Valeur mesurée,Syndicat Mixte pour la Protection et la Gestion des Nappes Souterraines de la Plaine du Roussillon  (20001584000016),2.685378283,42.685696389,2018-09-03T03:03,2018-09-03T15:13,43774.43,0.0,25.12,7.49,26,1011.9,21.0,0.179,29.2
611,10906X0039/C2-1,BSS002MNYD,2018-09-04,104.26,Valeur mesurée,Syndicat Mixte pour la Protection et la Gestion des Nappes Souterraines de la Plaine du Roussillon  (20001584000016),2.685378283,42.685696389,2018-09-04T03:03,2018-09-04T15:13,43765.64,2.3,16.15,4.51,72,1014.2,17.7,0.18,29.1
612,10906X0039/C2-1,BSS002MNYD,2018-09-05,104.3,Valeur mesurée,Syndicat Mixte pour la Protection et la Gestion des Nappes Souterraines de la Plaine du Roussillon  (20001584000016),2.685378283,42.685696389,2018-09-05T03:03,2018-09-05T15:12,43756.8,0.0,19.56,5.36,46,1014.8,16.7,0.18,29.1
613,10906X0039/C2-1,BSS002MNYD,2018-09-06,104.31,Valeur mesurée,Syndicat Mixte pour la Protection et la Gestion des Nappes Souterraines de la Plaine du Roussillon  (20001584000016),2.685378283,42.685696389,2018-09-06T03:03,2018-09-06T15:12,43747.92,1.5,18.8,5.22,42,1014.4,18.9,0.18,29.1
614,10906X0039/C2-1,BSS002MNYD,2018-09-07,104.25,Valeur mesurée,Syndicat Mixte pour la Protection et la Gestion des Nappes Souterraines de la Plaine du Roussillon  (20001584000016),2.685378283,42.685696389,2018-09-07T03:02,2018-09-07T15:11,43739.02,0.0,20.85,6.24,41,1013.8,18.7,0.18,29.2
615,10906X0039/C2-1,BSS002MNYD,2018-09-08,104.22,Valeur mesurée,Syndicat Mixte pour la Protection et la Gestion des Nappes Souterraines de la Plaine du Roussillon  (20001584000016),2.685378283,42.685696389,2018-09-08T03:02,2018-09-08T15:11,43730.08,0.0,22.34,6.35,74,1013.4,17.6,0.179,29.3
616,10906X0039/C2-1,BSS002MNYD,2018-09-09,104.24,Valeur mesurée,Syndicat Mixte pour la Protection et la Gestion des Nappes Souterraines de la Plaine du Roussillon  (20001584000016),2.685378283,42.685696389,2018-09-09T03:02,2018-09-09T15:10,43721.14,0.8,17.74,5.15,56,1013.1,18.2,0.179,29.4
617,10906X0039/C2-1,BSS002MNYD,2018-09-10,104.28,Valeur mesurée,Syndicat Mixte pour la Protection et la Gestion des Nappes Souterraines de la Plaine du Roussillon  (20001584000016),2.685378283,42.685696389,2018-09-10T03:01,2018-09-10T15:10,43712.18,0.0,22.63,6.59,47,1012.9,19.1,0.178,29.6
618,10906X0039/C2-1,BSS002MNYD,2018-09-11,104.2,Valeur mesurée,Syndicat Mixte pour la Protection et la Gestion des Nappes Souterraines de la Plaine du Roussillon  (20001584000016),2.685378283,42.685696389,2018-09-11T03:01,2018-09-11T15:10,43703.22,0.0,21.84,6.63,39,1014.1,19.8,0.178,29.7
619,10906X0039/C2-1,BSS002MNYD,2018-09-12,104.12,Valeur mesurée,Syndicat Mixte pour la Protection et la Gestion des Nappes Souterraines de la Plaine du Roussillon  (20001584000016),2.685378283,42.685696389,2018-09-12T03:01,2018-09-12T15:09,43694.25,0.0,17.0,5.21,61,1013.8,16.3,0.178,29.6
620,10906X0039/C2-1,BSS002MNYD,2018-09-13,104.08,Valeur mesurée,Syndicat Mixte pour la Protection et la Gestion des Nappes Souterraines de la Plaine du Roussillon  (20001584000016),2.685378283,42.685696389,2018-09-13T03:01,2018-09-13T15:09,43685.29,0.2,19.72,6.02,45,1012.8,19.0,0.178,29.7
621,10906X0039/C2-1,BSS002MNYD,2018-09-14,104.17,Valeur mesurée,Syndicat Mixte pour la Protection et la Gestion des Nappes Souterraines de la Plaine du Roussillon  (20001584000016),2.685378283,42.685696389,2018-09-14T03:00,2018-09-14T15:08,43676.34,0.5,21.03,6.03,43,1013.0,21.2,0.176,29.9
622,10906X0039/C2-1,BSS002MNYD,2018-09-15,104.25,Valeur mesurée,Syndicat Mixte pour la Protection et la Gestion des Nappes Souterraines de la Plaine du Roussillon  (20001584000016),2.685378283,42.685696389,2018-09-15T03:00,2018-09-15T15:08,43667.41,0.0,22.37,6.7,30,1013.2,19.2,0.175,30.0
623,10906X0039/C2-1,BSS002MNYD,2018-09-16,104.25,Valeur mesurée,Syndicat Mixte pour la Protection et la Gestion des Nappes Souterraines de la Plaine du Roussillon  (20001584000016),2.685378283,42.685696389,2018-09-16T03:00,2018-09-16T15:07,43658.5,0.0,25.16,7.36,19,1012.5,20.0,0.174,30.0
624,10906X0039/C2-1,BSS002MNYD,2018-09-17,104.28,Valeur mesurée,Syndicat Mixte pour la Protection et la Gestion des Nappes Souterraines de la Plaine du Roussillon  (20001584000016),2.685378283,42.685696389,2018-09-17T02:59,2018-09-17T15:07,43649.62,0.0,24.68,7.22,28,1012.1,20.5,0.174,30.1
625,10906X0039/C2-1,BSS002MNYD,2018-09-18,104.31,Valeur mesurée,Syndicat Mixte pour la Protection et la Gestion des Nappes Souterraines de la Plaine du Roussillon  (20001584000016),2.685378283,42.685696389,2018-09-18T02:59,2018-09-18T15:07,43640.77,0.0,25.5,7.39,12,1012.8,19.5,0.174,30.1
626,10906X0039/C2-1,BSS002MNYD,2018-09-19,104.34,Valeur mesurée,Syndicat Mixte pour la Protection et la Gestion des Nappes Souterraines de la Plaine du Roussillon  (20001584000016),2.685378283,42.685696389,2018-09-19T02:59,2018-09-19T15:06,43631.96,0.0,20.96,6.22,42,1012.9,17.6,0.175,30.2
627,10906X0039/C2-1,BSS002MNYD,2018-09-20,104.31,Valeur mesurée,Syndicat Mixte pour la Protection et la Gestion des Nappes Souterraines de la Plaine du Roussillon  (20001584000016),2.685378283,42.685696389,2018-09-20T02:59,2018-09-20T15:06,43623.2,0.0,26.28,7.28,8,1012.3,18.9,0.174,30.2
628,10906X0039/C2-1,BSS002MNYD,2018-09-21,104.28,Valeur mesurée,Syndicat Mixte pour la Protection et la Gestion des Nappes Souterraines de la Plaine du Roussillon  (20001584000016),2.685378283,42.685696389,2018-09-21T02:58,2018-09-21T15:05,43614.48,0.5,21.95,6.5,35,1012.5,21.0,0.175,30.3
629,10906X0039/C2-1,BSS002MNYD,2018-09-22,104.26,Valeur mesurée,Syndicat Mixte pour la Protection et la Gestion des Nappes Souterraines de la Plaine du Roussillon  (20001584000016),2.685378283,42.685696389,2018-09-22T02:58,2018-09-22T15:05,43605.73,0.0,22.5,7.07,41,1012.7,20.3,0.174,30.3
630,10906X0039/C2-1,BSS002MNYD,2018-09-23,104.2,Valeur mesurée,Syndicat Mixte pour la Protection et la Gestion des Nappes Souterraines de la Plaine du Roussillon  (20001584000016),2.685378283,42.685696389,2018-09-23T02:58,2018-09-23T15:05,43596.96,0.0,20.75,6.43,52,1013.2,20.9,0.173,30.3
631,10906X0039/C2-1,BSS002MNYD,2018-09-24,104.18,Valeur mesurée,Syndicat Mixte pour la Protection et la Gestion des Nappes Souterraines de la Plaine du Roussillon  (20001584000016),2.685378283,42.685696389,2018-09-24T02:58,2018-09-24T15:04,43588.17,1.2,20.1,5.85,54,1013.2,21.6,0.175,30.3
632,10906X0039/C2-1,BSS002MNYD,2018-09-25,104.15,Valeur mesurée,Syndicat Mixte pour la Protection et la Gestion des Nappes Souterraines de la Plaine du Roussillon  (20001584000016),2.685378283,42.685696389,2018-09-25T02:57,2018-09-25T15:04,43579.37,1.0,19.16,5.43,50,1013.4,17.4,0.175,30.2
633,10906X0039/C2-1,BSS002MNYD,2018-09-26,104.14,Valeur mesurée,Syndicat Mixte pour la Protection et la Gestion des Nappes Souterraines de la Plaine du Roussillon  (20001584000016),2.685378283,42.685696389,2018-09-26T02:57,2018-09-26T15:03,43570.56,0.0,22.26,6.27,27,1012.6,15.7,0.174,30.3
634,10906X0039/C2-1,BSS002MNYD,2018-09-27,104.14,Valeur mesurée,Syndicat Mixte pour la Protection et la Gestion des Nappes Souterraines de la Plaine du Roussillon  (20001584000016),2.685378283,42.685696389,2018-09-27T02:57,2018-09-27T15:03,43561.75,0.5,21.44,6.09,61,1012.5,20.6,0.174,30.4
635,10906X0039/C2-1,BSS002MNYD,2018-09-28,104.15,Valeur mesurée,Syndicat Mixte pour la Protection et la Gestion des Nappes Souterraines de la Plaine du Roussillon  (20001584000016),2.685378283,42.685696389,2018-09-28T02:57,2018-09-28T15:02,43552.94,0.5,21.9,6.0,49,1012.0,19.4,0.174,30.5
636,10906X0039/C2-1,BSS002MNYD,2018-09-29,104.14,Valeur mesurée,Syndicat Mixte pour la Protection et la Gestion des Nappes Souterraines de la Plaine du Roussillon  (20001584000016),2.685378283,42.685696389,2018-09-29T02:56,2018-09-29T15:02,43544.15,3.8,17.35,4.5,85,1013.3,18.4,0.178,30.3
637,10906X0039/C2-1,BSS002MNYD,2018-09-30,104.09,Valeur mesurée,Syndicat Mixte pour la Protection et la Gestion des Nappes Souterraines de la Plaine du Roussillon  (20001584000016),2.685378283,42.685696389,2018-09-30T02:56,2018-09-30T15:02,43535.38,0.5,19.83,5.57,52,1014.1,17.9,0.18,30.0
638,10906X0039/C2-1,BSS002MNYD,2018-10-01,104.03,Valeur mesurée,Syndicat Mixte pour la Protection et la Gestion des Nappes Souterraines de la Plaine du Roussillon  (20001584000016),2.685378283,42.685696389,2018-10-01T02:56,2018-10-01T15:01,43526.62,0.0,23.02,6.54,36,1013.0,19.0,0.178,30.0
639,10906X0039/C2-1,BSS002MNYD,2018-10-02,104.03,Valeur mesurée,Syndicat Mixte pour la Protection et la Gestion des Nappes Souterraines de la Plaine du Roussillon  (20001584000016),2.685378283,42.685696389,2018-10-02T02:55,2018-10-02T15:01,43517.9,0.1,20.77,6.1,42,1013.7,19.4,0.177,30.0
640,10906X0039/C2-1,BSS002MNYD,2018-10-03,104.03,Valeur mesurée,Syndicat Mixte pour la Protection et la Gestion des Nappes Souterraines de la Plaine du Roussillon  (20001584000016),2.685378283,42.685696389,2018-10-03T02:55,2018-10-03T15:00,43509.21,0.0,23.06,6.74,43,1013.4,17.3,0.176,30.1
641,10906X0039/C2-1,BSS002MNYD,2018-10-04,104.03,Valeur mesurée,Syndicat Mixte pour la Protection et la Gestion des Nappes Souterraines de la Plaine du Roussillon  (20001584000016),2.685378283,42.685696389,2018-10-04T02:55,2018-10-04T15:00,43500.55,0.0,23.76,6.94,58,1013.3,18.6,0.175,30.4
642,10906X0039/C2-1,BSS002MNYD,2018-10-05,104.01,Valeur mesurée,Syndicat Mixte pour la Protection et la Gestion des Nappes Souterraines de la Plaine du Roussillon  (20001584000016),2.685378283,42.685696389,2018-10-05T02:55,2018-10-05T15:00,43491.94,0.0,23.09,6.98,32,1013.3,20.6,0.175,30.6
643,10906X0039/C2-1,BSS002MNYD,2018-10-06,104.0,Valeur mesurée,Syndicat Mixte pour la Protection et la Gestion des Nappes Souterraines de la Plaine du Roussillon  (20001584000016),2.685378283,42.685696389,2018-10-06T02:54,2018-10-06T14:59,43483.39,0.0,23.77,7.0,30,1012.9,20.0,0.175,30.6
644,10906X0039/C2-1,BSS002MNYD,2018-10-07,103.97,Valeur mesurée,Syndicat Mixte pour la Protection et la Gestion des Nappes Souterraines de la Plaine du Roussillon  (20001584000016),2.685378283,42.685696389,2018-10-07T02:54,2018-10-07T14:59,43474.89,0.2,22.2,6.49,30,1012.1,18.5,0.175,30.7
645,10906X0039/C2-1,BSS002MNYD,2018-10-08,103.93,Valeur mesurée,Syndicat Mixte pour la Protection et la Gestion des Nappes Souterraines de la Plaine du Roussillon  (20001584000016),2.685378283,42.685696389,2018-10-08T02:54,2018-10-08T14:59,43466.46,0.0,22.95,6.81,23,1011.5,19.2,0.175,30.7
646,10906X0039/C2-1,BSS002MNYD,2018-10-09,103.92,Valeur mesurée,Syndicat Mixte pour la Protection et la Gestion des Nappes Souterraines de la Plaine du Roussillon  (20001584000016),2.685378283,42.685696389,2018-10-09T02:54,2018-10-09T14:58,43458.08,0.0,22.99,6.93,69,1011.5,20.8,0.175,30.6
647,10906X0039/C2-1,BSS002MNYD,2018-10-10,103.86,Valeur mesurée,Syndicat Mixte pour la Protection et la Gestion des Nappes Souterraines de la Plaine du Roussillon  (20001584000016),2.685378283,42.685696389,2018-10-10T02:54,2018-10-10T14:58,43449.79,0.0,22.47,6.87,58,1012.2,19.1,0.174,30.7
648,10906X0039/C2-1,BSS002MNYD,2018-10-11,103.84,Valeur mesurée,Syndicat Mixte pour la Protection et la Gestion des Nappes Souterraines de la Plaine du Roussillon  (20001584000016),2.685378283,42.685696389,2018-10-11T02:54,2018-10-11T14:58,43441.56,0.0,23.79,6.88,34,1012.0,17.8,0.174,30.7
649,10906X0039/C2-1,BSS002MNYD,2018-10-12,103.78,Valeur mesurée,Syndicat Mixte pour la Protection et la Gestion des Nappes Souterraines de la Plaine du Roussillon  (20001584000016),2.685378283,42.685696389,2018-10-12T02:53,2018-10-12T14:57,43433.34,0.0,23.04,7.11,72,1011.4,20.5,0.174,30.8
650,10906X0039/C2-1,BSS002MNYD,2018-10-13,103.76,Valeur mesurée,Syndicat Mixte pour la Protection et la Gestion des Nappes Souterraines de la Plaine du Roussillon  (20001584000016),2.685378283,42.685696389,2018-10-13T02:53,2018-10-13T14:57,43425.12,0.0,20.85,6.43,82,1011.4,20.0,0.174,30.8
651,10906X0039/C2-1,BSS002MNYD,2018-10-14,103.73,Valeur mesurée,Syndicat Mixte pour la Protection et la Gestion des Nappes Souterraines de la Plaine du Roussillon  (20001584000016),2.685378283,42.685696389,2018-10-14T02:53,2018-10-14T14:57,43416.91,0.0,22.71,6.53,50,1012.0,17.5,0.174,30.7
652,10906X0039/C2-1,BSS002MNYD,2018-10-15,103.76,Valeur mesurée,Syndicat Mixte pour la Protection et la Gestion des Nappes Souterraines de la Plaine du Roussillon  (20001584000016),2.685378283,42.685696389,2018-10-15T02:53,2018-10-15T14:56,43408.71,0.0,23.39,6.6,56,1012.3,15.9,0.174,30.9
653,10906X0039/C2-1,BSS002MNYD,2018-10-16,103.77,Valeur mesurée,Syndicat Mixte pour la Protection et la Gestion des Nappes Souterraines de la Plaine du Roussillon  (20001584000016),2.685378283,42.685696389,2018-10-16T02:53,2018-10-16T14:56,43400.53,0.1,23.8,6.18,31,1012.6,13.4,0.174,31.2
654,10906X0039/C2-1,BSS002MNYD,2018-10-17,103.75,Valeur mesurée,Syndicat Mixte pour la Protection et la Gestion des Nappes Souterraines de la Plaine du Roussillon  (20001584000016),2.685378283,42.685696389,2018-10-17T02:53,2018-10-17T14:56,43392.38,3.8,18.72,4.58,39,1011.6,9.6,0.174,31.1
655,10906X0039/C2-1,BSS002MNYD,2018-10-18,103.73,Valeur mesurée,Syndicat Mixte pour la Protection et la Gestion des Nappes Souterraines de la Plaine du Roussillon  (20001584000016),2.685378283,42.685696389,2018-10-18T02:52,2018-10-18T14:56,43384.26,0.5,23.08,6.21,53,1010.8,12.6,0.17,31.3
656,10906X0039/C2-1,BSS002MNYD,2018-10-19,103.77,Valeur mesurée,Syndicat Mixte pour la Protection et la Gestion des Nappes Souterraines de la Plaine du Roussillon  (20001584000016),2.685378283,42.685696389,2018-10-19T02:52,2018-10-19T14:55,43376.18,0.0,25.1,6.97,53,1011.5,12.7,0.171,31.4
657,10906X0039/C2-1,BSS002MNYD,2018-10-20,103.77,Valeur mesurée,Syndicat Mixte pour la Protection et la Gestion des Nappes Souterraines de la Plaine du Roussillon  (20001584000016),2.685378283,42.685696389,2018-10-20T02:52,2018-10-20T14:55,43368.15,0.0,24.84,7.01,18,1012.0,12.6,0.171,31.6
658,10906X0039/C2-1,BSS002MNYD,2018-10-21,103.71,Valeur mesurée,Syndicat Mixte pour la Protection et la Gestion des Nappes Souterraines de la Plaine du Roussillon  (20001584000016),2.685378283,42.685696389,2018-10-21T02:52,2018-10-21T14:55,43360.17,0.1,23.8,6.63,28,1012.7,14.1,0.17,31.8
659,10906X0039/C2-1,BSS002MNYD,2018-10-22,103.65,Valeur mesurée,Syndicat Mixte pour la Protection et la Gestion des Nappes Souterraines de la Plaine du Roussillon  (20001584000016),2.685378283,42.685696389,2018-10-22T02:52,2018-10-22T14:55,43352.24,0.0,20.29,6.09,50,1013.8,16.1,0.169,31.8
660,10906X0039/C2-1,BSS002MNYD,2018-10-23,103.63,Valeur mesurée,Syndicat Mixte pour la Protection et la Gestion des Nappes Souterraines de la Plaine du Roussillon  (20001584000016),2.685378283,42.685696389,2018-10-23T02:52,2018-10-23T14:54,43344.39,2.8,19.31,5.38,60,1014.5,15.1,0.169,31.7
661,10906X0039/C2-1,BSS002MNYD,2018-10-24,103.66,Valeur mesurée,Syndicat Mixte pour la Protection et la Gestion des Nappes Souterraines de la Plaine du Roussillon  (20001584000016),2.685378283,42.685696389,2018-10-24T02:52,2018-10-24T14:54,43336.61,2.8,19.52,5.0,69,1013.7,12.6,0.169,31.5
662,10906X0039/C2-1,BSS002MNYD,2018-10-25,103.75,Valeur mesurée,Syndicat Mixte pour la Protection et la Gestion des Nappes Souterraines de la Plaine du Roussillon  (20001584000016),2.685378283,42.685696389,2018-10-25T02:52,2018-10-25T14:54,43328.9,1.6,21.12,5.0,63,1013.1,8.8,0.17,31.4
663,10906X0039/C2-1,BSS002MNYD,2018-10-26,103.77,Valeur mesurée,Syndicat Mixte pour la Protection et la Gestion des Nappes Souterraines de la Plaine du Roussillon  (20001584000016),2.685378283,42.685696389,2018-10-26T02:52,2018-10-26T14:54,43321.28,23.3,17.9,3.92,83,1014.2,11.8,0.18,31.0
664,10906X0039/C2-1,BSS002MNYD,2018-10-27,103.82,Valeur mesurée,Syndicat Mixte pour la Protection et la Gestion des Nappes Souterraines de la Plaine du Roussillon  (20001584000016),2.685378283,42.685696389,2018-10-27T02:52,2018-10-27T14:54,43313.76,6.6,11.66,2.62,71,1015.2,7.3,0.212,30.3
665,10906X0039/C2-1,BSS002MNYD,2018-10-28,103.74,Valeur mesurée,Syndicat Mixte pour la Protection et la Gestion des Nappes Souterraines de la Plaine du Roussillon  (20001584000016),2.685378283,42.685696389,2018-10-28T02:52,2018-10-28T14:53,43306.33,3.2,13.24,2.8,50,1014.5,6.9,0.219,29.9
666,10906X0039/C2-1,BSS002MNYD,2018-10-29,103.63,Valeur mesurée,Syndicat Mixte pour la Protection et la Gestion des Nappes Souterraines de la Plaine du Roussillon  (20001584000016),2.685378283,42.685696389,2018-10-29T02:52,2018-10-29T14:53,43299.01,1.6,16.76,3.51,40,1013.3,8.0,0.218,29.6
667,10906X0039/C2-1,BSS002MNYD,2018-10-30,103.57,Valeur mesurée,Syndicat Mixte pour la Protection et la Gestion des Nappes Souterraines de la Plaine du Roussillon  (20001584000016),2.685378283,42.685696389,2018-10-30T02:52,2018-10-30T14:53,43291.81,0.8,21.17,4.5,33,1012.1,7.3,0.213,29.6
668,10906X0039/C2-1,BSS002MNYD,2018-10-31,103.54,Valeur mesurée,Syndicat Mixte pour la Protection et la Gestion des Nappes Souterraines de la Plaine du Roussillon  (20001584000016),2.685378283,42.685696389,2018-10-31T02:52,2018-10-31T14:53,43284.71,1.1,20.4,4.5,27,1011.8,10.9,0.21,29.5
669,10906X0039/C2-1,BSS002MNYD,2018-11-01,103.48,Valeur mesurée,Syndicat Mixte pour la Protection et la Gestion des Nappes Souterraines de la Plaine du Roussillon  (20001584000016),2.685378283,42.685696389,2018-11-01T02:52,2018-11-01T14:53,43277.66,0.6,22.14,5.02,31,1011.9,10.6,0.207,29.4
670,10906X0039/C2-1,BSS002MNYD,2018-11-02,103.45,Valeur mesurée,Syndicat Mixte pour la Protection et la Gestion des Nappes Souterraines de la Plaine du Roussillon  (20001584000016),2.685378283,42.685696389,2018-11-02T02:52,2018-11-02T14:53,43270.64,0.2,23.61,5.57,45,1011.6,11.6,0.202,29.4
671,10906X0039/C2-1,BSS002MNYD,2018-11-03,103.4,Valeur mesurée,Syndicat Mixte pour la Protection et la Gestion des Nappes Souterraines de la Plaine du Roussillon  (20001584000016),2.685378283,42.685696389,2018-11-03T02:52,2018-11-03T14:53,43263.67,0.1,22.76,5.17,61,1011.5,9.5,0.198,29.5
672,10906X0039/C2-1,BSS002MNYD,2018-11-04,103.36,Valeur mesurée,Syndicat Mixte pour la Protection et la Gestion des Nappes Souterraines de la Plaine du Roussillon  (20001584000016),2.685378283,42.685696389,2018-11-04T02:52,2018-11-04T14:53,43256.75,1.0,21.38,4.99,72,1011.7,11.5,0.194,29.5
673,10906X0039/C2-1,BSS002MNYD,2018-11-05,103.31,Valeur mesurée,Syndicat Mixte pour la Protection et la Gestion des Nappes Souterraines de la Plaine du Roussillon  (20001584000016),2.685378283,42.685696389,2018-11-05T02:52,2018-11-05T14:53,43249.9,0.9,19.19,4.34,42,1011.6,11.1,0.194,29.4
674,10906X0039/C2-1,BSS002MNYD,2018-11-06,103.27,Valeur mesurée,Syndicat Mixte pour la Protection et la Gestion des Nappes Souterraines de la Plaine du Roussillon  (20001584000016),2.685378283,42.685696389,2018-11-06T02:52,2018-11-06T14:53,43243.1,0.6,19.95,4.45,29,1011.5,9.6,0.191,29.3
675,10906X0039/C2-1,BSS002MNYD,2018-11-07,103.27,Valeur mesurée,Syndicat Mixte pour la Protection et la Gestion des Nappes Souterraines de la Plaine du Roussillon  (20001584000016),2.685378283,42.685696389,2018-11-07T02:52,2018-11-07T14:53,43236.39,0.4,20.95,4.58,53,1012.1,8.7,0.189,29.4
676,10906X0039/C2-1,BSS002MNYD,2018-11-08,103.28,Valeur mesurée,Syndicat Mixte pour la Protection et la Gestion des Nappes Souterraines de la Plaine du Roussillon  (20001584000016),2.685378283,42.685696389,2018-11-08T02:52,2018-11-08T14:53,43229.75,0.1,21.63,5.09,50,1012.1,11.0,0.187,29.5
677,10906X0039/C2-1,BSS002MNYD,2018-11-09,103.26,Valeur mesurée,Syndicat Mixte pour la Protection et la Gestion des Nappes Souterraines de la Plaine du Roussillon  (20001584000016),2.685378283,42.685696389,2018-11-09T02:52,2018-11-09T14:53,43223.2,1.3,20.04,4.78,63,1011.7,10.8,0.185,29.6
678,10906X0039/C2-1,BSS002MNYD,2018-11-10,103.22,Valeur mesurée,Syndicat Mixte pour la Protection et la Gestion des Nappes Souterraines de la Plaine du Roussillon  (20001584000016),2.685378283,42.685696389,2018-11-10T02:53,2018-11-10T14:53,43216.74,4.9,17.95,4.09,67,1012.6,10.3,0.183,29.6
679,10906X0039/C2-1,BSS002MNYD,2018-11-11,103.17,Valeur mesurée,Syndicat Mixte pour la Protection et la Gestion des Nappes Souterraines de la Plaine du Roussillon  (20001584000016),2.685378283,42.685696389,2018-11-11T02:53,2018-11-11T14:53,43210.39,7.3,15.97,3.43,67,1013.5,5.4,0.187,29.4
680,10906X0039/C2-1,BSS002MNYD,2018-11-12,103.14,Valeur mesurée,Syndicat Mixte pour la Protection et la Gestion des Nappes Souterraines de la Plaine du Roussillon  (20001584000016),2.685378283,42.685696389,2018-11-12T02:53,2018-11-12T14:53,43204.15,7.0,17.0,3.67,72,1013.1,8.8,0.188,29.3
681,10906X0039/C2-1,BSS002MNYD,2018-11-13,103.11,Valeur mesurée,Syndicat Mixte pour la Protection et la Gestion des Nappes Souterraines de la Plaine du Roussillon  (20001584000016),2.685378283,42.685696389,2018-11-13T02:53,2018-11-13T14:53,43198.03,8.9,19.43,4.22,62,1011.8,9.8,0.187,29.2
682,10906X0039/C2-1,BSS002MNYD,2018-11-14,103.07,Valeur mesurée,Syndicat Mixte pour la Protection et la Gestion des Nappes Souterraines de la Plaine du Roussillon  (20001584000016),2.685378283,42.685696389,2018-11-14T02:53,2018-11-14T14:53,43192.03,1.0,17.47,3.81,51,1010.7,8.2,0.187,29.1
683,10906X0039/C2-1,BSS002MNYD,2018-11-15,103.09,Valeur mesurée,Syndicat Mixte pour la Protection et la Gestion des Nappes Souterraines de la Plaine du Roussillon  (20001584000016),2.685378283,42.685696389,2018-11-15T02:53,2018-11-15T14:53,43186.17,1.7,18.45,4.02,61,1011.4,8.6,0.186,29.1
684,10906X0039/C2-1,BSS002MNYD,2018-11-16,103.05,Valeur mesurée,Syndicat Mixte pour la Protection et la Gestion des Nappes Souterraines de la Plaine du Roussillon  (20001584000016),2.685378283,42.685696389,2018-11-16T02:54,2018-11-16T14:53,43180.44,7.8,16.03,3.57,66,1013.0,10.2,0.185,29.0
685,10906X0039/C2-1,BSS002MNYD,2018-11-17,103.0,Valeur mesurée,Syndicat Mixte pour la Protection et la Gestion des Nappes Souterraines de la Plaine du Roussillon  (20001584000016),2.685378283,42.685696389,2018-11-17T02:54,2018-11-17T14:53,43174.87,2.2,13.27,3.03,58,1013.6,7.8,0.186,28.7
686,10906X0039/C2-1,BSS002MNYD,2018-11-18,103.12,Valeur mesurée,Syndicat Mixte pour la Protection et la Gestion des Nappes Souterraines de la Plaine du Roussillon  (20001584000016),2.685378283,42.685696389,2018-11-18T02:54,2018-11-18T14:54,43169.45,17.3,15.83,3.38,64,1012.5,7.9,0.19,28.8
687,10906X0039/C2-1,BSS002MNYD,2018-11-19,103.39,Valeur mesurée,Syndicat Mixte pour la Protection et la Gestion des Nappes Souterraines de la Plaine du Roussillon  (20001584000016),2.685378283,42.685696389,2018-11-19T02:54,2018-11-19T14:54,43164.19,0.5,20.39,4.55,32,1012.6,9.7,0.192,28.7
688,10906X0039/C2-1,BSS002MNYD,2018-11-20,103.47,Valeur mesurée,Syndicat Mixte pour la Protection et la Gestion des Nappes Souterraines de la Plaine du Roussillon  (20001584000016),2.685378283,42.685696389,2018-11-20T02:55,2018-11-20T14:54,43159.1,0.1,22.53,5.22,26,1012.9,10.5,0.188,28.6
689,10906X0039/C2-1,BSS002MNYD,2018-11-21,103.5,Valeur mesurée,Syndicat Mixte pour la Protection et la Gestion des Nappes Souterraines de la Plaine du Roussillon  (20001584000016),2.685378283,42.685696389,2018-11-21T02:55,2018-11-21T14:54,43154.1,0.0,23.72,5.43,44,1012.4,11.2,0.184,28.5
690,10906X0039/C2-1,BSS002MNYD,2018-11-22,103.52,Valeur mesurée,Syndicat Mixte pour la Protection et la Gestion des Nappes Souterraines de la Plaine du Roussillon  (20001584000016),2.685378283,42.685696389,2018-11-22T02:55,2018-11-22T14:54,43149.22,0.0,23.56,5.82,49,1011.6,13.1,0.18,28.6
691,10906X0039/C2-1,BSS002MNYD,2018-11-23,103.52,Valeur mesurée,Syndicat Mixte pour la Protection et la Gestion des Nappes Souterraines de la Plaine du Roussillon  (20001584000016),2.685378283,42.685696389,2018-11-23T02:56,2018-11-23T14:55,43144.44,0.0,20.79,5.33,23,1012.2,14.3,0.176,28.7
692,10906X0039/C2-1,BSS002MNYD,2018-11-24,103.51,Valeur mesurée,Syndicat Mixte pour la Protection et la Gestion des Nappes Souterraines de la Plaine du Roussillon  (20001584000016),2.685378283,42.685696389,2018-11-24T02:56,2018-11-24T14:55,43139.77,2.3,13.83,3.66,61,1013.4,15.4,0.174,28.7
693,10906X0039/C2-1,BSS002MNYD,2018-11-25,103.47,Valeur mesurée,Syndicat Mixte pour la Protection et la Gestion des Nappes Souterraines de la Plaine du Roussillon  (20001584000016),2.685378283,42.685696389,2018-11-25T02:56,2018-11-25T14:55,43135.21,0.0,21.92,5.66,56,1013.3,12.6,0.172,28.9
694,10906X0039/C2-1,BSS002MNYD,2018-11-26,103.44,Valeur mesurée,Syndicat Mixte pour la Protection et la Gestion des Nappes Souterraines de la Plaine du Roussillon  (20001584000016),2.685378283,42.685696389,2018-11-26T02:57,2018-11-26T14:55,43130.78,0.9,20.24,4.73,73,1011.9,9.3,0.171,29.1
695,10906X0039/C2-1,BSS002MNYD,2018-11-27,103.42,Valeur mesurée,Syndicat Mixte pour la Protection et la Gestion des Nappes Souterraines de la Plaine du Roussillon  (20001584000016),2.685378283,42.685696389,2018-11-27T02:57,2018-11-27T14:56,43126.48,0.7,20.51,5.02,76,1011.4,9.8,0.17,29.3
696,10906X0039/C2-1,BSS002MNYD,2018-11-28,103.4,Valeur mesurée,Syndicat Mixte pour la Protection et la Gestion des Nappes Souterraines de la Plaine du Roussillon  (20001584000016),2.685378283,42.685696389,2018-11-28T02:57,2018-11-28T14:56,43122.31,1.9,19.85,5.0,84,1012.2,15.7,0.169,29.4
697,10906X0039/C2-1,BSS002MNYD,2018-11-29,103.39,Valeur mesurée,Syndicat Mixte pour la Protection et la Gestion des Nappes Souterraines de la Plaine du Roussillon  (20001584000016),2.685378283,42.685696389,2018-11-29T02:58,2018-11-29T14:56,43118.29,0.0,23.55,6.26,20,1012.2,14.6,0.17,29.3
698,10906X0039/C2-1,BSS002MNYD,2018-11-30,103.4,Valeur mesurée,Syndicat Mixte pour la Protection et la Gestion des Nappes Souterraines de la Plaine du Roussillon  (20001584000016),2.685378283,42.685696389,2018-11-30T02:58,2018-11-30T14:57,43114.4,0.5,21.65,6.09,28,1011.9,16.3,0.168,29.4
699,10906X0039/C2-1,BSS002MNYD,2018-12-01,103.43,Valeur mesurée,Syndicat Mixte pour la Protection et la Gestion des Nappes Souterraines de la Plaine du Roussillon  (20001584000016),2.685378283,42.685696389,2018-12-01T02:59,2018-12-01T14:57,43110.68,5.2,17.05,4.46,86,1010.7,14.9,0.168,29.4
700,10906X0039/C2-1,BSS002MNYD,2018-12-02,103.48,Valeur mesurée,Syndicat Mixte pour la Protection et la Gestion des Nappes Souterraines de la Plaine du Roussillon  (20001584000016),2.685378283,42.685696389,2018-12-02T02:59,2018-12-02T14:57,43107.11,8.5,15.22,3.48,89,1010.7,10.6,0.173,29.1
701,10906X0039/C2-1,BSS002MNYD,2018-12-03,103.52,Valeur mesurée,Syndicat Mixte pour la Protection et la Gestion des Nappes Souterraines de la Plaine du Roussillon  (20001584000016),2.685378283,42.685696389,2018-12-03T02:59,2018-12-03T14:58,43103.7,0.5,16.35,3.86,71,1010.1,9.7,0.172,29.0
702,10906X0039/C2-1,BSS002MNYD,2018-12-04,103.62,Valeur mesurée,Syndicat Mixte pour la Protection et la Gestion des Nappes Souterraines de la Plaine du Roussillon  (20001584000016),2.685378283,42.685696389,2018-12-04T03:00,2018-12-04T14:58,43100.47,0.7,20.42,5.07,45,1010.8,11.8,0.17,29.0
703,10906X0039/C2-1,BSS002MNYD,2018-12-05,103.74,Valeur mesurée,Syndicat Mixte pour la Protection et la Gestion des Nappes Souterraines de la Plaine du Roussillon  (20001584000016),2.685378283,42.685696389,2018-12-05T03:00,2018-12-05T14:59,43097.4,0.6,19.63,4.94,62,1011.1,12.2,0.168,29.1
704,10906X0039/C2-1,BSS002MNYD,2018-12-06,103.84,Valeur mesurée,Syndicat Mixte pour la Protection et la Gestion des Nappes Souterraines de la Plaine du Roussillon  (20001584000016),2.685378283,42.685696389,2018-12-06T03:01,2018-12-06T14:59,43094.53,3.9,17.18,3.96,76,1011.2,11.0,0.168,29.2
705,10906X0039/C2-1,BSS002MNYD,2018-12-07,103.89,Valeur mesurée,Syndicat Mixte pour la Protection et la Gestion des Nappes Souterraines de la Plaine du Roussillon  (20001584000016),2.685378283,42.685696389,2018-12-07T03:01,2018-12-07T14:59,43091.83,0.0,21.03,5.14,24,1009.9,11.0,0.168,29.2
706,10906X0039/C2-1,BSS002MNYD,2018-12-08,103.88,Valeur mesurée,Syndicat Mixte pour la Protection et la Gestion des Nappes Souterraines de la Plaine du Roussillon  (20001584000016),2.685378283,42.685696389,2018-12-08T03:02,2018-12-08T15:00,43089.33,0.0,20.04,5.28,71,1010.8,13.6,0.166,29.3
707,10906X0039/C2-1,BSS002MNYD,2018-12-09,103.81,Valeur mesurée,Syndicat Mixte pour la Protection et la Gestion des Nappes Souterraines de la Plaine du Roussillon  (20001584000016),2.685378283,42.685696389,2018-12-09T03:02,2018-12-09T15:00,43087.03,0.0,20.63,5.6,76,1011.4,14.2,0.163,29.5
708,10906X0039/C2-1,BSS002MNYD,2018-12-10,103.78,Valeur mesurée,Syndicat Mixte pour la Protection et la Gestion des Nappes Souterraines de la Plaine du Roussillon  (20001584000016),2.685378283,42.685696389,2018-12-10T03:02,2018-12-10T15:00,43084.94,0.0,18.23,4.94,65,1012.4,10.9,0.162,29.8
709,10906X0039/C2-1,BSS002MNYD,2018-12-11,103.83,Valeur mesurée,Syndicat Mixte pour la Protection et la Gestion des Nappes Souterraines de la Plaine du Roussillon  (20001584000016),2.685378283,42.685696389,2018-12-11T03:03,2018-12-11T15:01,43083.01,0.2,20.6,5.58,48,1012.8,11.2,0.158,30.1
710,10906X0039/C2-1,BSS002MNYD,2018-12-12,103.87,Valeur mesurée,Syndicat Mixte pour la Protection et la Gestion des Nappes Souterraines de la Plaine du Roussillon  (20001584000016),2.685378283,42.685696389,2018-12-12T03:03,2018-12-12T15:01,43081.26,0.8,19.82,5.58,64,1013.5,14.7,0.158,30.4
711,10906X0039/C2-1,BSS002MNYD,2018-12-13,103.86,Valeur mesurée,Syndicat Mixte pour la Protection et la Gestion des Nappes Souterraines de la Plaine du Roussillon  (20001584000016),2.685378283,42.685696389,2018-12-13T03:04,2018-12-13T15:02,43079.67,0.2,21.35,6.15,33,1013.5,14.1,0.156,30.7
712,10906X0039/C2-1,BSS002MNYD,2018-12-14,103.82,Valeur mesurée,Syndicat Mixte pour la Protection et la Gestion des Nappes Souterraines de la Plaine du Roussillon  (20001584000016),2.685378283,42.685696389,2018-12-14T03:04,2018-12-14T15:02,43078.26,0.2,21.12,6.32,46,1014.1,12.5,0.154,30.9
713,10906X0039/C2-1,BSS002MNYD,2018-12-15,103.79,Valeur mesurée,Syndicat Mixte pour la Protection et la Gestion des Nappes Souterraines de la Plaine du Roussillon  (20001584000016),2.685378283,42.685696389,2018-12-15T03:05,2018-12-15T15:03,43077.01,0.0,24.41,7.07,42,1013.0,12.4,0.154,31.1
714,10906X0039/C2-1,BSS002MNYD,2018-12-16,103.73,Valeur mesurée,Syndicat Mixte pour la Protection et la Gestion des Nappes Souterraines de la Plaine du Roussillon  (20001584000016),2.685378283,42.685696389,2018-12-16T03:05,2018-12-16T15:03,43075.95,0.0,24.42,7.25,46,1012.8,12.4,0.153,31.2
715,10906X0039/C2-1,BSS002MNYD,2018-12-17,103.68,Valeur mesurée,Syndicat Mixte pour la Protection et la Gestion des Nappes Souterraines de la Plaine du Roussillon  (20001584000016),2.685378283,42.685696389,2018-12-17T03:06,2018-12-17T15:04,43075.05,0.0,24.67,7.67,1,1012.3,15.9,0.153,31.4
716,10906X0039/C2-1,BSS002MNYD,2018-12-18,103.77,Valeur mesurée,Syndicat Mixte pour la Protection et la Gestion des Nappes Souterraines de la Plaine du Roussillon  (20001584000016),2.685378283,42.685696389,2018-12-18T03:06,2018-12-18T15:04,43074.33,0.0,24.84,7.76,0,1011.7,15.4,0.153,31.4
717,10906X0039/C2-1,BSS002MNYD,2018-12-19,103.83,Valeur mesurée,Syndicat Mixte pour la Protection et la Gestion des Nappes Souterraines de la Plaine du Roussillon  (20001584000016),2.685378283,42.685696389,2018-12-19T03:07,2018-12-19T15:05,43073.79,0.0,24.14,6.84,2,1011.7,14.6,0.153,31.4
718,10906X0039/C2-1,BSS002MNYD,2018-12-20,103.89,Valeur mesurée,Syndicat Mixte pour la Protection et la Gestion des Nappes Souterraines de la Plaine du Roussillon  (20001584000016),2.685378283,42.685696389,2018-12-20T03:07,2018-12-20T15:05,43073.42,0.0,21.5,6.84,9,1011.5,17.3,0.154,31.4
719,10906X0039/C2-1,BSS002MNYD,2018-12-21,103.89,Valeur mesurée,Syndicat Mixte pour la Protection et la Gestion des Nappes Souterraines de la Plaine du Roussillon  (20001584000016),2.685378283,42.685696389,2018-12-21T03:08,2018-12-21T15:06,43073.23,0.0,20.71,6.99,31,1010.4,16.6,0.154,31.5
720,10906X0039/C2-1,BSS002MNYD,2018-12-22,103.88,Valeur mesurée,Syndicat Mixte pour la Protection et la Gestion des Nappes Souterraines de la Plaine du Roussillon  (20001584000016),2.685378283,42.685696389,2018-12-22T03:08,2018-12-22T15:06,43073.23,0.0,24.16,7.77,39,1009.7,15.7,0.153,31.6
721,10906X0039/C2-1,BSS002MNYD,2018-12-23,103.79,Valeur mesurée,Syndicat Mixte pour la Protection et la Gestion des Nappes Souterraines de la Plaine du Roussillon  (20001584000016),2.685378283,42.685696389,2018-12-23T03:09,2018-12-23T15:07,43073.39,0.0,24.22,7.68,28,1010.3,16.9,0.154,31.6
722,10906X0039/C2-1,BSS002MNYD,2018-12-24,103.76,Valeur mesurée,Syndicat Mixte pour la Protection et la Gestion des Nappes Souterraines de la Plaine du Roussillon  (20001584000016),2.685378283,42.685696389,2018-12-24T03:09,2018-12-24T15:07,43073.74,0.0,21.54,7.83,29,1011.0,19.6,0.154,31.6
723,10906X0039/C2-1,BSS002MNYD,2018-12-25,103.74,Valeur mesurée,Syndicat Mixte pour la Protection et la Gestion des Nappes Souterraines de la Plaine du Roussillon  (20001584000016),2.685378283,42.685696389,2018-12-25T03:10,2018-12-25T15:08,43074.28,0.0,20.09,7.35,48,1011.9,18.5,0.154,31.5
724,10906X0039/C2-1,BSS002MNYD,2018-12-26,103.7,Valeur mesurée,Syndicat Mixte pour la Protection et la Gestion des Nappes Souterraines de la Plaine du Roussillon  (20001584000016),2.685378283,42.685696389,2018-12-26T03:10,2018-12-26T15:08,43074.99,0.6,20.27,7.16,27,1012.5,18.6,0.154,31.5
725,10906X0039/C2-1,BSS002MNYD,2018-12-27,103.66,Valeur mesurée,Syndicat Mixte pour la Protection et la Gestion des Nappes Souterraines de la Plaine du Roussillon  (20001584000016),2.685378283,42.685696389,2018-12-27T03:11,2018-12-27T15:09,43075.88,0.5,20.79,6.35,20,1012.3,13.7,0.155,31.5
726,10906X0039/C2-1,BSS002MNYD,2018-12-28,103.66,Valeur mesurée,Syndicat Mixte pour la Protection et la Gestion des Nappes Souterraines de la Plaine du Roussillon  (20001584000016),2.685378283,42.685696389,2018-12-28T03:11,2018-12-28T15:09,43076.95,0.1,21.59,5.88,17,1011.0,13.3,0.154,31.6
727,10906X0039/C2-1,BSS002MNYD,2018-12-29,103.66,Valeur mesurée,Syndicat Mixte pour la Protection et la Gestion des Nappes Souterraines de la Plaine du Roussillon  (20001584000016),2.685378283,42.685696389,2018-12-29T03:12,2018-12-29T15:10,43078.21,0.0,21.46,6.11,25,1011.1,13.6,0.154,31.8
728,10906X0039/C2-1,BSS002MNYD,2018-12-30,103.68,Valeur mesurée,Syndicat Mixte pour la Protection et la Gestion des Nappes Souterraines de la Plaine du Roussillon  (20001584000016),2.685378283,42.685696389,2018-12-30T03:12,2018-12-30T15:10,43079.65,0.0,22.94,6.61,9,1012.0,14.4,0.154,31.8
729,10906X0039/C2-1,BSS002MNYD,2018-12-31,103.68,Valeur mesurée,Syndicat Mixte pour la Protection et la Gestion des Nappes Souterraines de la Plaine du Roussillon  (20001584000016),2.685378283,42.685696389,2018-12-31T03:13,2018-12-31T15:11,43081.3,0.0,22.99,6.62,19,1012.7,13.5,0.154,31.9
730,10906X0039/C2-1,BSS002MNYD,2019-01-01,103.68,Valeur mesurée,Syndicat Mixte pour la Protection et la Gestion des Nappes Souterraines de la Plaine du Roussillon  (20001584000016),2.685378283,42.685696389,2019-01-01T03:13,2019-01-01T15:11,43083.15,0.0,22.58,6.25,17,1013.2,12.8,0.154,31.9
731,10906X0039/C2-1,BSS002MNYD,2019-01-02,103.66,Valeur mesurée,Syndicat Mixte pour la Protection et la Gestion des Nappes Souterraines de la Plaine du Roussillon  (20001584000016),2.685378283,42.685696389,2019-01-02T03:13,2019-01-02T15:12,43085.19,0.0,22.14,7.08,24,1012.9,16.8,0.154,31.9
732,10906X0039/C2-1,BSS002MNYD,2019-01-03,103.64,Valeur mesurée,Syndicat Mixte pour la Protection et la Gestion des Nappes Souterraines de la Plaine du Roussillon  (20001584000016),2.685378283,42.685696389,2019-01-03T03:14,2019-01-03T15:12,43087.43,0.0,20.75,7.81,31,1012.5,20.1,0.154,32.1
733,10906X0039/C2-1,BSS002MNYD,2019-01-04,103.63,Valeur mesurée,Syndicat Mixte pour la Protection et la Gestion des Nappes Souterraines de la Plaine du Roussillon  (20001584000016),2.685378283,42.685696389,2019-01-04T03:14,2019-01-04T15:13,43089.85,0.0,11.22,5.41,92,1013.2,18.9,0.154,31.8
734,10906X0039/C2-1,BSS002MNYD,2019-01-05,103.63,Valeur mesurée,Syndicat Mixte pour la Protection et la Gestion des Nappes Souterraines de la Plaine du Roussillon  (20001584000016),2.685378283,42.685696389,2019-01-05T03:15,2019-01-05T15:13,43092.45,0.0,21.6,8.3,63,1012.2,19.1,0.154,31.8
735,10906X0039/C2-1,BSS002MNYD,2019-01-06,103.61,Valeur mesurée,Syndicat Mixte pour la Protection et la Gestion des Nappes Souterraines de la Plaine du Roussillon  (20001584000016),2.685378283,42.685696389,2019-01-06T03:15,2019-01-06T15:13,43095.23,0.0,22.67,8.6,28,1011.0,18.9,0.154,31.8
736,10906X0039/C2-1,BSS002MNYD,2019-01-07,103.61,Valeur mesurée,Syndicat Mixte pour la Protection et la Gestion des Nappes Souterraines de la Plaine du Roussillon  (20001584000016),2.685378283,42.685696389,2019-01-07T03:16,2019-01-07T15:14,43098.18,0.1,14.05,6.38,64,1010.2,16.6,0.153,31.8
737,10906X0039/C2-1,BSS002MNYD,2019-01-08,103.61,Valeur mesurée,Syndicat Mixte pour la Protection et la Gestion des Nappes Souterraines de la Plaine du Roussillon  (20001584000016),2.685378283,42.685696389,2019-01-08T03:16,2019-01-08T15:14,43101.3,0.0,18.09,6.62,62,1011.0,17.2,0.153,31.6
738,10906X0039/C2-1,BSS002MNYD,2019-01-09,103.61,Valeur mesurée,Syndicat Mixte pour la Protection et la Gestion des Nappes Souterraines de la Plaine du Roussillon  (20001584000016),2.685378283,42.685696389,2019-01-09T03:16,2019-01-09T15:15,43104.58,0.0,19.4,7.25,67,1011.2,18.2,0.154,31.5
739,10906X0039/C2-1,BSS002MNYD,2019-01-10,103.6,Valeur mesurée,Syndicat Mixte pour la Protection et la Gestion des Nappes Souterraines de la Plaine du Roussillon  (20001584000016),2.685378283,42.685696389,2019-01-10T03:17,2019-01-10T15:15,43108.01,0.0,11.73,5.21,65,1011.1,15.1,0.153,31.5
740,10906X0039/C2-1,BSS002MNYD,2019-01-11,103.58,Valeur mesurée,Syndicat Mixte pour la Protection et la Gestion des Nappes Souterraines de la Plaine du Roussillon  (20001584000016),2.685378283,42.685696389,2019-01-11T03:17,2019-01-11T15:16,43111.6,0.0,25.3,8.51,54,1011.1,19.2,0.153,31.6
741,10906X0039/C2-1,BSS002MNYD,2019-01-12,103.55,Valeur mesurée,Syndicat Mixte pour la Protection et la Gestion des Nappes Souterraines de la Plaine du Roussillon  (20001584000016),2.685378283,42.685696389,2019-01-12T03:18,2019-01-12T15:16,43115.34,0.0,24.35,8.17,75,1010.8,18.4,0.153,31.6
742,10906X0039/C2-1,BSS002MNYD,2019-01-13,103.52,Valeur mesurée,Syndicat Mixte pour la Protection et la Gestion des Nappes Souterraines de la Plaine du Roussillon  (20001584000016),2.685378283,42.685696389,2019-01-13T03:18,2019-01-13T15:17,43119.21,0.0,24.12,8.35,63,1011.2,19.3,0.153,31.7
743,10906X0039/C2-1,BSS002MNYD,2019-01-14,103.49,Valeur mesurée,Syndicat Mixte pour la Protection et la Gestion des Nappes Souterraines de la Plaine du Roussillon  (20001584000016),2.685378283,42.685696389,2019-01-14T03:18,2019-01-14T15:17,43123.23,0.0,20.97,6.81,50,1011.1,14.0,0.153,31.9
744,10906X0039/C2-1,BSS002MNYD,2019-01-15,103.46,Valeur mesurée,Syndicat Mixte pour la Protection et la Gestion des Nappes Souterraines de la Plaine du Roussillon  (20001584000016),2.685378283,42.685696389,2019-01-15T03:19,2019-01-15T15:17,43127.38,0.0,14.95,5.66,69,1011.6,14.4,0.152,31.9
745,10906X0039/C2-1,BSS002MNYD,2019-01-16,103.44,Valeur mesurée,Syndicat Mixte pour la Protection et la Gestion des Nappes Souterraines de la Plaine du Roussillon  (20001584000016),2.685378283,42.685696389,2019-01-16T03:19,2019-01-16T15:18,43131.65,0.0,23.26,6.6,45,1011.7,13.2,0.152,32.2
746,10906X0039/C2-1,BSS002MNYD,2019-01-17,103.43,Valeur mesurée,Syndicat Mixte pour la Protection et la Gestion des Nappes Souterraines de la Plaine du Roussillon  (20001584000016),2.685378283,42.685696389,2019-01-17T03:19,2019-01-17T15:18,43136.05,0.0,25.28,7.52,0,1010.6,14.6,0.152,32.3
747,10906X0039/C2-1,BSS002MNYD,2019-01-18,103.48,Valeur mesurée,Syndicat Mixte pour la Protection et la Gestion des Nappes Souterraines de la Plaine du Roussillon  (20001584000016),2.685378283,42.685696389,2019-01-18T03:20,2019-01-18T15:19,43140.57,0.0,24.83,7.77,55,1010.0,16.9,0.152,32.3
748,10906X0039/C2-1,BSS002MNYD,2019-01-19,103.56,Valeur mesurée,Syndicat Mixte pour la Protection et la Gestion des Nappes Souterraines de la Plaine du Roussillon  (20001584000016),2.685378283,42.685696389,2019-01-19T03:20,2019-01-19T15:19,43145.21,0.0,25.61,8.04,17,1010.8,17.7,0.152,32.3
749,10906X0039/C2-1,BSS002MNYD,2019-01-20,103.63,Valeur mesurée,Syndicat Mixte pour la Protection et la Gestion des Nappes Souterraines de la Plaine du Roussillon  (20001584000016),2.685378283,42.685696389,2019-01-20T03:20,2019-01-20T15:19,43150.02,0.0,26.02,8.22,39,1011.0,18.4,0.152,32.4
750,10906X0039/C2-1,BSS002MNYD,2019-01-21,103.65,Valeur mesurée,Syndicat Mixte pour la Protection et la Gestion des Nappes Souterraines de la Plaine du Roussillon  (20001584000016),2.685378283,42.685696389,2019-01-21T03:20,2019-01-21T15:20,43155.01,0.0,25.75,8.17,54,1011.3,18.2,0.152,32.5
751,10906X0039/C2-1,BSS002MNYD,2019-01-22,103.62,Valeur mesurée,Syndicat Mixte pour la Protection et la Gestion des Nappes Souterraines de la Plaine du Roussillon  (20001584000016),2.685378283,42.685696389,2019-01-22T03:21,2019-01-22T15:20,43160.17,0.0,25.92,8.54,43,1010.6,20.6,0.153,32.5
752,10906X0039/C2-1,BSS002MNYD,2019-01-23,103.56,Valeur mesurée,Syndicat Mixte pour la Protection et la Gestion des Nappes Souterraines de la Plaine du Roussillon  (20001584000016),2.685378283,42.685696389,2019-01-23T03:21,2019-01-23T15:20,43165.49,0.0,25.88,8.0,35,1011.3,18.4,0.152,32.6
753,10906X0039/C2-1,BSS002MNYD,2019-01-24,103.51,Valeur mesurée,Syndicat Mixte pour la Protection et la Gestion des Nappes Souterraines de la Plaine du Roussillon  (20001584000016),2.685378283,42.685696389,2019-01-24T03:21,2019-01-24T15:20,43170.96,0.0,25.44,7.31,10,1011.4,13.6,0.152,32.8
754,10906X0039/C2-1,BSS002MNYD,2019-01-25,103.48,Valeur mesurée,Syndicat Mixte pour la Protection et la Gestion des Nappes Souterraines de la Plaine du Roussillon  (20001584000016),2.685378283,42.685696389,2019-01-25T03:21,2019-01-25T15:21,43176.58,0.0,25.7,8.65,94,1011.1,19.2,0.152,32.9
755,10906X0039/C2-1,BSS002MNYD,2019-01-26,103.49,Valeur mesurée,Syndicat Mixte pour la Protection et la Gestion des Nappes Souterraines de la Plaine du Roussillon  (20001584000016),2.685378283,42.685696389,2019-01-26T03:21,2019-01-26T15:21,43182.33,0.0,23.98,8.06,61,1012.6,17.4,0.152,32.9
756,10906X0039/C2-1,BSS002MNYD,2019-01-27,103.49,Valeur mesurée,Syndicat Mixte pour la Protection et la Gestion des Nappes Souterraines de la Plaine du Roussillon  (20001584000016),2.685378283,42.685696389,2019-01-27T03:21,2019-01-27T15:21,43188.22,0.0,25.51,8.02,53,1012.0,18.5,0.151,32.8
757,10906X0039/C2-1,BSS002MNYD,2019-01-28,103.49,Valeur mesurée,Syndicat Mixte pour la Protection et la Gestion des Nappes Souterraines de la Plaine du Roussillon  (20001584000016),2.685378283,42.685696389,2019-01-28T03:22,2019-01-28T15:21,43194.22,0.0,26.27,8.64,2,1012.1,21.1,0.151,32.7
758,10906X0039/C2-1,BSS002MNYD,2019-01-29,103.49,Valeur mesurée,Syndicat Mixte pour la Protection et la Gestion des Nappes Souterraines de la Plaine du Roussillon  (20001584000016),2.685378283,42.685696389,2019-01-29T03:22,2019-01-29T15:22,43200.35,0.0,25.87,7.9,0,1012.2,17.6,0.151,32.8
759,10906X0039/C2-1,BSS002MNYD,2019-01-30,103.49,Valeur mesurée,Syndicat Mixte pour la Protection et la Gestion des Nappes Souterraines de la Plaine du Roussillon  (20001584000016),2.685378283,42.685696389,2019-01-30T03:22,2019-01-30T15:22,43206.57,0.0,25.68,7.96,10,1011.6,16.7,0.151,32.8
760,10906X0039/C2-1,BSS002MNYD,2019-01-31,103.48,Valeur mesurée,Syndicat Mixte pour la Protection et la Gestion des Nappes Souterraines de la Plaine du Roussillon  (20001584000016),2.685378283,42.685696389,2019-01-31T03:22,2019-01-31T15:22,43212.9,0.0,24.58,7.59,64,1011.4,16.0,0.151,33.0
761,10906X0039/C2-1,BSS002MNYD,2019-02-01,103.47,Valeur mesurée,Syndicat Mixte pour la Protection et la Gestion des Nappes Souterraines de la Plaine du Roussillon  (20001584000016),2.685378283,42.685696389,2019-02-01T03:22,2019-02-01T15:22,43219.32,0.0,26.32,8.36,82,1011.8,16.5,0.151,33.0
762,10906X0039/C2-1,BSS002MNYD,2019-02-02,103.43,Valeur mesurée,Syndicat Mixte pour la Protection et la Gestion des Nappes Souterraines de la Plaine du Roussillon  (20001584000016),2.685378283,42.685696389,2019-02-02T03:22,2019-02-02T15:23,43225.83,0.0,26.24,8.82,63,1010.0,18.2,0.15,33.0
763,10906X0039/C2-1,BSS002MNYD,2019-02-03,103.4,Valeur mesurée,Syndicat Mixte pour la Protection et la Gestion des Nappes Souterraines de la Plaine du Roussillon  (20001584000016),2.685378283,42.685696389,2019-02-03T03:22,2019-02-03T15:23,43232.42,0.0,26.29,8.6,40,1009.8,18.7,0.15,33.0
764,10906X0039/C2-1,BSS002MNYD,2019-02-04,103.37,Valeur mesurée,Syndicat Mixte pour la Protection et la Gestion des Nappes Souterraines de la Plaine du Roussillon  (20001584000016),2.685378283,42.685696389,2019-02-04T03:22,2019-02-04T15:23,43239.07,0.0,26.5,8.96,26,1010.7,20.5,0.151,32.9
765,10906X0039/C2-1,BSS002MNYD,2019-02-05,103.34,Valeur mesurée,Syndicat Mixte pour la Protection et la Gestion des Nappes Souterraines de la Plaine du Roussillon  (20001584000016),2.685378283,42.685696389,2019-02-05T03:22,2019-02-05T15:23,43245.8,0.0,26.53,8.74,75,1012.1,20.8,0.151,32.9
766,10906X0039/C2-1,BSS002MNYD,2019-02-06,103.35,Valeur mesurée,Syndicat Mixte pour la Protection et la Gestion des Nappes Souterraines de la Plaine du Roussillon  (20001584000016),2.685378283,42.685696389,2019-02-06T03:22,2019-02-06T15:23,43252.58,0.0,25.97,8.26,69,1011.3,20.5,0.151,32.9
767,10906X0039/C2-1,BSS002MNYD,2019-02-07,103.31,Valeur mesurée,Syndicat Mixte pour la Protection et la Gestion des Nappes Souterraines de la Plaine du Roussillon  (20001584000016),2.685378283,42.685696389,2019-02-07T03:22,2019-02-07T15:23,43259.41,0.0,25.92,8.49,80,1011.2,20.4,0.151,33.0
768,10906X0039/C2-1,BSS002MNYD,2019-02-08,103.26,Valeur mesurée,Syndicat Mixte pour la Protection et la Gestion des Nappes Souterraines de la Plaine du Roussillon  (20001584000016),2.685378283,42.685696389,2019-02-08T03:22,2019-02-08T15:23,43266.3,0.0,26.16,9.17,62,1010.7,21.8,0.15,33.1
769,10906X0039/C2-1,BSS002MNYD,2019-02-09,103.22,Valeur mesurée,Syndicat Mixte pour la Protection et la Gestion des Nappes Souterraines de la Plaine du Roussillon  (20001584000016),2.685378283,42.685696389,2019-02-09T03:22,2019-02-09T15:24,43273.31,0.0,26.68,9.15,10,1011.2,23.7,0.15,33.0
770,10906X0039/C2-1,BSS002MNYD,2019-02-10,103.17,Valeur mesurée,Syndicat Mixte pour la Protection et la Gestion des Nappes Souterraines de la Plaine du Roussillon  (20001584000016),2.685378283,42.685696389,2019-02-10T03:22,2019-02-10T15:24,43280.44,0.0,25.3,8.12,10,1011.6,20.7,0.15,33.0
771,10906X0039/C2-1,BSS002MNYD,2019-02-11,103.12,Valeur mesurée,Syndicat Mixte pour la Protection et la Gestion des Nappes Souterraines de la Plaine du Roussillon  (20001584000016),2.685378283,42.685696389,2019-02-11T03:22,2019-02-11T15:24,43287.69,0.0,25.48,7.48,46,1011.5,15.7,0.15,33.1
772,10906X0039/C2-1,BSS002MNYD,2019-02-12,103.06,Valeur mesurée,Syndicat Mixte pour la Protection et la Gestion des Nappes Souterraines de la Plaine du Roussillon  (20001584000016),2.685378283,42.685696389,2019-02-12T03:22,2019-02-12T15:24,43295.06,0.0,24.51,7.87,67,1011.1,17.9,0.15,33.1
773,10906X0039/C2-1,BSS002MNYD,2019-02-13,103.01,Valeur mesurée,Syndicat Mixte pour la Protection et la Gestion des Nappes Souterraines de la Plaine du Roussillon  (20001584000016),2.685378283,42.685696389,2019-02-13T03:22,2019-02-13T15:24,43302.53,0.0,26.02,8.62,2,1011.8,20.7,0.15,33.2
774,10906X0039/C2-1,BSS002MNYD,2019-02-14,102.96,Valeur mesurée,Syndicat Mixte pour la Protection et la Gestion des Nappes Souterraines de la Plaine du Roussillon  (20001584000016),2.685378283,42.685696389,2019-02-14T03:22,2019-02-14T15:24,43310.1,0.0,25.03,8.14,35,1012.6,18.9,0.15,33.3
775,10906X0039/C2-1,BSS002MNYD,2019-02-15,102.91,Valeur mesurée,Syndicat Mixte pour la Protection et la Gestion des Nappes Souterraines de la Plaine du Roussillon  (20001584000016),2.685378283,42.685696389,2019-02-15T03:22,2019-02-15T15:24,43317.76,0.0,22.89,7.11,52,1012.6,15.9,0.15,33.4
776,10906X0039/C2-1,BSS002MNYD,2019-02-16,102.92,Valeur mesurée,Syndicat Mixte pour la Protection et la Gestion des Nappes Souterraines de la Plaine du Roussillon  (20001584000016),2.685378283,42.685696389,2019-02-16T03:22,2019-02-16T15:24,43325.49,0.0,24.0,7.72,16,1012.6,16.6,0.15,33.5
777,10906X0039/C2-1,BSS002MNYD,2019-02-17,102.92,Valeur mesurée,Syndicat Mixte pour la Protection et la Gestion des Nappes Souterraines de la Plaine du Roussillon  (20001584000016),2.685378283,42.685696389,2019-02-17T03:22,2019-02-17T15:24,43333.31,0.0,26.63,7.94,11,1010.5,12.2,0.151,33.7
778,10906X0039/C2-1,BSS002MNYD,2019-02-18,102.91,Valeur mesurée,Syndicat Mixte pour la Protection et la Gestion des Nappes Souterraines de la Plaine du Roussillon  (20001584000016),2.685378283,42.685696389,2019-02-18T03:21,2019-02-18T15:24,43341.19,0.0,23.99,7.98,22,1009.0,17.4,0.15,33.7
779,10906X0039/C2-1,BSS002MNYD,2019-02-19,102.94,Valeur mesurée,Syndicat Mixte pour la Protection et la Gestion des Nappes Souterraines de la Plaine du Roussillon  (20001584000016),2.685378283,42.685696389,2019-02-19T03:21,2019-02-19T15:24,43349.14,0.0,21.92,7.08,41,1008.6,16.4,0.15,33.8
780,10906X0039/C2-1,BSS002MNYD,2019-02-20,102.95,Valeur mesurée,Syndicat Mixte pour la Protection et la Gestion des Nappes Souterraines de la Plaine du Roussillon  (20001584000016),2.685378283,42.685696389,2019-02-20T03:21,2019-02-20T15:24,43357.14,0.0,24.4,8.13,66,1010.3,19.0,0.15,33.9
781,10906X0039/C2-1,BSS002MNYD,2019-02-21,102.95,Valeur mesurée,Syndicat Mixte pour la Protection et la Gestion des Nappes Souterraines de la Plaine du Roussillon  (20001584000016),2.685378283,42.685696389,2019-02-21T03:21,2019-02-21T15:24,43365.19,0.0,23.26,7.47,71,1011.8,19.1,0.151,33.8
782,10906X0039/C2-1,BSS002MNYD,2019-02-22,102.96,Valeur mesurée,Syndicat Mixte pour la Protection et la Gestion des Nappes Souterraines de la Plaine du Roussillon  (20001584000016),2.685378283,42.685696389,2019-02-22T03:21,2019-02-22T15:24,43373.28,0.0,25.8,8.99,33,1010.0,16.7,0.15,34.0
783,10906X0039/C2-1,BSS002MNYD,2019-02-23,102.95,Valeur mesurée,Syndicat Mixte pour la Protection et la Gestion des Nappes Souterraines de la Plaine du Roussillon  (20001584000016),2.685378283,42.685696389,2019-02-23T03:21,2019-02-23T15:24,43381.39,0.0,23.52,7.56,40,1009.5,15.8,0.15,34.1
784,10906X0039/C2-1,BSS002MNYD,2019-02-24,102.97,Valeur mesurée,Syndicat Mixte pour la Protection et la Gestion des Nappes Souterraines de la Plaine du Roussillon  (20001584000016),2.685378283,42.685696389,2019-02-24T03:20,2019-02-24T15:24,43389.54,0.0,24.02,7.98,31,1009.6,17.6,0.149,34.2
785,10906X0039/C2-1,BSS002MNYD,2019-02-25,102.98,Valeur mesurée,Syndicat Mixte pour la Protection et la Gestion des Nappes Souterraines de la Plaine du Roussillon  (20001584000016),2.685378283,42.685696389,2019-02-25T03:20,2019-02-25T15:23,43397.71,0.0,25.28,7.68,42,1010.5,14.5,0.149,34.2
786,10906X0039/C2-1,BSS002MNYD,2019-02-26,103.01,Valeur mesurée,Syndicat Mixte pour la Protection et la Gestion des Nappes Souterraines de la Plaine du Roussillon  (20001584000016),2.685378283,42.685696389,2019-02-26T03:20,2019-02-26T15:23,43405.89,0.0,26.47,9.48,58,1009.0,22.1,0.149,34.2
787,10906X0039/C2-1,BSS002MNYD,2019-02-27,103.01,Valeur mesurée,Syndicat Mixte pour la Protection et la Gestion des Nappes Souterraines de la Plaine du Roussillon  (20001584000016),2.685378283,42.685696389,2019-02-27T03:20,2019-02-27T15:23,43414.08,0.0,26.81,8.68,21,1009.4,19.9,0.149,34.2
788,10906X0039/C2-1,BSS002MNYD,2019-02-28,102.97,Valeur mesurée,Syndicat Mixte pour la Protection et la Gestion des Nappes Souterraines de la Plaine du Roussillon  (20001584000016),2.685378283,42.685696389,2019-02-28T03:19,2019-02-28T15:23,43422.28,0.0,27.3,9.25,70,1008.8,18.4,0.148,34.3
789,10906X0039/C2-1,BSS002MNYD,2019-03-01,102.92,Valeur mesurée,Syndicat Mixte pour la Protection et la Gestion des Nappes Souterraines de la Plaine du Roussillon  (20001584000016),2.685378283,42.685696389,2019-03-01T03:19,2019-03-01T15:23,43430.55,0.0,27.48,7.97,10,1007.9,13.4,0.148,34.5
790,10906X0039/C2-1,BSS002MNYD,2019-03-02,102.88,Valeur mesurée,Syndicat Mixte pour la Protection et la Gestion des Nappes Souterraines de la Plaine du Roussillon  (20001584000016),2.685378283,42.685696389,2019-03-02T03:19,2019-03-02T15:23,43438.92,0.0,26.28,7.66,22,1009.0,16.3,0.148,34.5
791,10906X0039/C2-1,BSS002MNYD,2019-03-03,102.85,Valeur mesurée,Syndicat Mixte pour la Protection et la Gestion des Nappes Souterraines de la Plaine du Roussillon  (20001584000016),2.685378283,42.685696389,2019-03-03T03:19,2019-03-03T15:23,43447.36,0.0,24.49,7.02,35,1009.2,12.9,0.148,34.7
792,10906X0039/C2-1,BSS002MNYD,2019-03-04,102.79,Valeur mesurée,Syndicat Mixte pour la Protection et la Gestion des Nappes Souterraines de la Plaine du Roussillon  (20001584000016),2.685378283,42.685696389,2019-03-04T03:18,2019-03-04T15:23,43455.86,0.0,23.99,7.39,31,1009.5,15.1,0.148,34.7
793,10906X0039/C2-1,BSS002MNYD,2019-03-05,102.8,Valeur mesurée,Syndicat Mixte pour la Protection et la Gestion des Nappes Souterraines de la Plaine du Roussillon  (20001584000016),2.685378283,42.685696389,2019-03-05T03:18,2019-03-05T15:23,43464.44,0.0,24.56,7.85,34,1009.7,16.9,0.147,34.7
794,10906X0039/C2-1,BSS002MNYD,2019-03-06,102.82,Valeur mesurée,Syndicat Mixte pour la Protection et la Gestion des Nappes Souterraines de la Plaine du Roussillon  (20001584000016),2.685378283,42.685696389,2019-03-06T03:18,2019-03-06T15:22,43473.07,0.0,24.43,8.55,17,1009.6,18.2,0.147,34.6
795,10906X0039/C2-1,BSS002MNYD,2019-03-07,102.85,Valeur mesurée,Syndicat Mixte pour la Protection et la Gestion des Nappes Souterraines de la Plaine du Roussillon  (20001584000016),2.685378283,42.685696389,2019-03-07T03:18,2019-03-07T15:22,43481.76,0.0,26.59,9.13,13,1008.8,21.0,0.146,34.6
796,10906X0039/C2-1,BSS002MNYD,2019-03-08,102.88,Valeur mesurée,Syndicat Mixte pour la Protection et la Gestion des Nappes Souterraines de la Plaine du Roussillon  (20001584000016),2.685378283,42.685696389,2019-03-08T03:17,2019-03-08T15:22,43490.49,0.0,27.32,9.44,33,1009.5,20.5,0.146,34.6
797,10906X0039/C2-1,BSS002MNYD,2019-03-09,102.88,Valeur mesurée,Syndicat Mixte pour la Protection et la Gestion des Nappes Souterraines de la Plaine du Roussillon  (20001584000016),2.685378283,42.685696389,2019-03-09T03:17,2019-03-09T15:22,43499.27,0.0,27.66,9.6,28,1011.0,21.2,0.146,34.6
798,10906X0039/C2-1,BSS002MNYD,2019-03-10,102.88,Valeur mesurée,Syndicat Mixte pour la Protection et la Gestion des Nappes Souterraines de la Plaine du Roussillon  (20001584000016),2.685378283,42.685696389,2019-03-10T03:17,2019-03-10T15:22,43508.08,0.0,27.54,9.66,25,1011.3,22.2,0.146,34.6
799,10906X0039/C2-1,BSS002MNYD,2019-03-11,102.85,Valeur mesurée,Syndicat Mixte pour la Protection et la Gestion des Nappes Souterraines de la Plaine du Roussillon  (20001584000016),2.685378283,42.685696389,2019-03-11T03:16,2019-03-11T15:21,43516.91,0.0,27.31,9.69,24,1011.1,21.2,0.146,34.5
800,10906X0039/C2-1,BSS002MNYD,2019-03-12,102.84,Valeur mesurée,Syndicat Mixte pour la Protection et la Gestion des Nappes Souterraines de la Plaine du Roussillon  (20001584000016),2.685378283,42.685696389,2019-03-12T03:16,2019-03-12T15:21,43525.77,0.0,27.65,9.53,11,1010.5,22.4,0.146,34.6
801,10906X0039/C2-1,BSS002MNYD,2019-03-13,102.83,Valeur mesurée,Syndicat Mixte pour la Protection et la Gestion des Nappes Souterraines de la Plaine du Roussillon  (20001584000016),2.685378283,42.685696389,2019-03-13T03:16,2019-03-13T15:21,43534.64,0.0,25.79,8.72,10,1011.4,20.3,0.146,34.5
802,10906X0039/C2-1,BSS002MNYD,2019-03-14,102.82,Valeur mesurée,Syndicat Mixte pour la Protection et la Gestion des Nappes Souterraines de la Plaine du Roussillon  (20001584000016),2.685378283,42.685696389,2019-03-14T03:15,2019-03-14T15:21,43543.53,0.0,23.91,7.79,14,1011.6,17.8,0.146,34.6
803,10906X0039/C2-1,BSS002MNYD,2019-03-15,102.82,Valeur mesurée,Syndicat Mixte pour la Protection et la Gestion des Nappes Souterraines de la Plaine du Roussillon  (20001584000016),2.685378283,42.685696389,2019-03-15T03:15,2019-03-15T15:21,43552.41,0.0,25.82,8.12,7,1010.8,17.3,0.146,34.6
804,10906X0039/C2-1,BSS002MNYD,2019-03-16,102.82,Valeur mesurée,Syndicat Mixte pour la Protection et la Gestion des Nappes Souterraines de la Plaine du Roussillon  (20001584000016),2.685378283,42.685696389,2019-03-16T03:14,2019-03-16T15:20,43561.29,0.0,26.23,8.17,35,1010.2,16.2,0.146,34.6
805,10906X0039/C2-1,BSS002MNYD,2019-03-17,102.8,Valeur mesurée,Syndicat Mixte pour la Protection et la Gestion des Nappes Souterraines de la Plaine du Roussillon  (20001584000016),2.685378283,42.685696389,2019-03-17T03:14,2019-03-17T15:20,43570.16,0.0,25.48,7.68,15,1010.7,16.3,0.145,34.7
806,10906X0039/C2-1,BSS002MNYD,2019-03-18,102.78,Valeur mesurée,Syndicat Mixte pour la Protection et la Gestion des Nappes Souterraines de la Plaine du Roussillon  (20001584000016),2.685378283,42.685696389,2019-03-18T03:14,2019-03-18T15:20,43579.02,0.0,26.18,8.08,10,1010.6,18.3,0.146,34.8
807,10906X0039/C2-1,BSS002MNYD,2019-03-19,102.77,Valeur mesurée,Syndicat Mixte pour la Protection et la Gestion des Nappes Souterraines de la Plaine du Roussillon  (20001584000016),2.685378283,42.685696389,2019-03-19T03:13,2019-03-19T15:20,43587.85,0.0,26.32,8.65,9,1009.3,18.0,0.147,34.9
808,10906X0039/C2-1,BSS002MNYD,2019-03-20,102.74,Valeur mesurée,Syndicat Mixte pour la Protection et la Gestion des Nappes Souterraines de la Plaine du Roussillon  (20001584000016),2.685378283,42.685696389,2019-03-20T03:13,2019-03-20T15:20,43596.66,0.0,27.19,8.62,2,1008.6,16.9,0.147,34.9
809,10906X0039/C2-1,BSS002MNYD,2019-03-21,102.73,Valeur mesurée,Syndicat Mixte pour la Protection et la Gestion des Nappes Souterraines de la Plaine du Roussillon  (20001584000016),2.685378283,42.685696389,2019-03-21T03:13,2019-03-21T15:19,43605.52,0.0,26.63,8.32,6,1009.3,17.3,0.147,35.0
810,10906X0039/C2-1,BSS002MNYD,2019-03-22,102.73,Valeur mesurée,Syndicat Mixte pour la Protection et la Gestion des Nappes Souterraines de la Plaine du Roussillon  (20001584000016),2.685378283,42.685696389,2019-03-22T03:12,2019-03-22T15:19,43614.43,0.0,26.73,8.23,14,1009.8,16.8,0.147,35.1
811,10906X0039/C2-1,BSS002MNYD,2019-03-23,102.72,Valeur mesurée,Syndicat Mixte pour la Protection et la Gestion des Nappes Souterraines de la Plaine du Roussillon  (20001584000016),2.685378283,42.685696389,2019-03-23T03:12,2019-03-23T15:19,43623.39,0.0,26.68,8.45,17,1009.4,18.6,0.147,35.0
812,10906X0039/C2-1,BSS002MNYD,2019-03-24,102.69,Valeur mesurée,Syndicat Mixte pour la Protection et la Gestion des Nappes Souterraines de la Plaine du Roussillon  (20001584000016),2.685378283,42.685696389,2019-03-24T03:12,2019-03-24T15:19,43632.38,0.0,24.53,7.85,63,1009.0,18.2,0.147,35.0
813,10906X0039/C2-1,BSS002MNYD,2019-03-25,102.67,Valeur mesurée,Syndicat Mixte pour la Protection et la Gestion des Nappes Souterraines de la Plaine du Roussillon  (20001584000016),2.685378283,42.685696389,2019-03-25T03:11,2019-03-25T15:19,43641.4,0.2,21.46,6.22,62,1009.7,14.5,0.147,34.9
814,10906X0039/C2-1,BSS002MNYD,2019-03-26,102.74,Valeur mesurée,Syndicat Mixte pour la Protection et la Gestion des Nappes Souterraines de la Plaine du Roussillon  (20001584000016),2.685378283,42.685696389,2019-03-26T03:11,2019-03-26T15:18,43650.46,0.0,22.76,6.81,59,1011.1,15.8,0.147,34.8
815,10906X0039/C2-1,BSS002MNYD,2019-03-27,102.78,Valeur mesurée,Syndicat Mixte pour la Protection et la Gestion des Nappes Souterraines de la Plaine du Roussillon  (20001584000016),2.685378283,42.685696389,2019-03-27T03:10,2019-03-27T15:18,43659.54,9.7,20.58,5.49,45,1013.2,12.8,0.151,34.6
816,10906X0039/C2-1,BSS002MNYD,2019-03-28,102.78,Valeur mesurée,Syndicat Mixte pour la Protection et la Gestion des Nappes Souterraines de la Plaine du Roussillon  (20001584000016),2.685378283,42.685696389,2019-03-28T03:10,2019-03-28T15:18,43668.64,0.0,23.96,6.08,12,1012.7,13.0,0.173,33.8
817,10906X0039/C2-1,BSS002MNYD,2019-03-29,102.76,Valeur mesurée,Syndicat Mixte pour la Protection et la Gestion des Nappes Souterraines de la Plaine du Roussillon  (20001584000016),2.685378283,42.685696389,2019-03-29T03:10,2019-03-29T15:18,43677.74,0.0,24.49,6.55,31,1011.0,15.1,0.167,33.4
818,10906X0039/C2-1,BSS002MNYD,2019-03-30,102.72,Valeur mesurée,Syndicat Mixte pour la Protection et la Gestion des Nappes Souterraines de la Plaine du Roussillon  (20001584000016),2.685378283,42.685696389,2019-03-30T03:09,2019-03-30T15:17,43686.85,0.0,24.8,6.63,34,1010.4,15.5,0.162,33.2
819,10906X0039/C2-1,BSS002MNYD,2019-03-31,102.71,Valeur mesurée,Syndicat Mixte pour la Protection et la Gestion des Nappes Souterraines de la Plaine du Roussillon  (20001584000016),2.685378283,42.685696389,2019-03-31T03:09,2019-03-31T15:17,43695.96,0.0,24.79,6.61,42,1010.6,15.1,0.159,33.1
820,10906X0039/C2-1,BSS002MNYD,2019-04-01,102.71,Valeur mesurée,Syndicat Mixte pour la Protection et la Gestion des Nappes Souterraines de la Plaine du Roussillon  (20001584000016),2.685378283,42.685696389,2019-04-01T03:09,2019-04-01T15:17,43705.06,0.2,22.26,6.09,21,1011.2,14.1,0.156,33.1
821,10906X0039/C2-1,BSS002MNYD,2019-04-02,102.72,Valeur mesurée,Syndicat Mixte pour la Protection et la Gestion des Nappes Souterraines de la Plaine du Roussillon  (20001584000016),2.685378283,42.685696389,2019-04-02T03:08,2019-04-02T15:17,43714.14,0.0,25.31,6.86,10,1010.2,14.6,0.155,33.3
822,10906X0039/C2-1,BSS002MNYD,2019-04-03,102.71,Valeur mesurée,Syndicat Mixte pour la Protection et la Gestion des Nappes Souterraines de la Plaine du Roussillon  (20001584000016),2.685378283,42.685696389,2019-04-03T03:08,2019-04-03T15:16,43723.21,0.0,23.61,7.14,16,1010.1,16.6,0.153,33.5
823,10906X0039/C2-1,BSS002MNYD,2019-04-04,102.71,Valeur mesurée,Syndicat Mixte pour la Protection et la Gestion des Nappes Souterraines de la Plaine du Roussillon  (20001584000016),2.685378283,42.685696389,2019-04-04T03:07,2019-04-04T15:16,43732.24,0.0,24.83,7.37,37,1010.3,15.8,0.153,33.8
824,10906X0039/C2-1,BSS002MNYD,2019-04-05,102.69,Valeur mesurée,Syndicat Mixte pour la Protection et la Gestion des Nappes Souterraines de la Plaine du Roussillon  (20001584000016),2.685378283,42.685696389,2019-04-05T03:07,2019-04-05T15:16,43741.24,0.4,22.22,6.86,32,1011.3,16.8,0.153,33.8
825,10906X0039/C2-1,BSS002MNYD,2019-04-06,102.68,Valeur mesurée,Syndicat Mixte pour la Protection et la Gestion des Nappes Souterraines de la Plaine du Roussillon  (20001584000016),2.685378283,42.685696389,2019-04-06T03:07,2019-04-06T15:16,43750.21,0.0,24.07,7.58,28,1011.2,17.3,0.153,33.8
826,10906X0039/C2-1,BSS002MNYD,2019-04-07,102.67,Valeur mesurée,Syndicat Mixte pour la Protection et la Gestion des Nappes Souterraines de la Plaine du Roussillon  (20001584000016),2.685378283,42.685696389,2019-04-07T03:06,2019-04-07T15:16,43759.12,0.1,23.62,7.16,37,1010.5,15.0,0.152,33.9
827,10906X0039/C2-1,BSS002MNYD,2019-04-08,102.7,Valeur mesurée,Syndicat Mixte pour la Protection et la Gestion des Nappes Souterraines de la Plaine du Roussillon  (20001584000016),2.685378283,42.685696389,2019-04-08T03:06,2019-04-08T15:15,43767.98,0.0,25.78,7.5,28,1009.3,16.0,0.152,34.1
828,10906X0039/C2-1,BSS002MNYD,2019-04-09,102.71,Valeur mesurée,Syndicat Mixte pour la Protection et la Gestion des Nappes Souterraines de la Plaine du Roussillon  (20001584000016),2.685378283,42.685696389,2019-04-09T03:06,2019-04-09T15:15,43776.78,0.0,24.89,7.16,82,1009.0,15.5,0.151,34.2
829,10906X0039/C2-1,BSS002MNYD,2019-04-10,102.72,Valeur mesurée,Syndicat Mixte pour la Protection et la Gestion des Nappes Souterraines de la Plaine du Roussillon  (20001584000016),2.685378283,42.685696389,2019-04-10T03:05,2019-04-10T15:15,43785.6,0.0,24.27,7.57,64,1009.6,16.1,0.15,34.3
830,10906X0039/C2-1,BSS002MNYD,2019-04-11,102.72,Valeur mesurée,Syndicat Mixte pour la Protection et la Gestion des Nappes Souterraines de la Plaine du Roussillon  (20001584000016),2.685378283,42.685696389,2019-04-11T03:05,2019-04-11T15:15,43794.44,0.0,22.57,7.07,37,1009.4,16.2,0.15,34.4
831,10906X0039/C2-1,BSS002MNYD,2019-04-12,102.74,Valeur mesurée,Syndicat Mixte pour la Protection et la Gestion des Nappes Souterraines de la Plaine du Roussillon  (20001584000016),2.685378283,42.685696389,2019-04-12T03:05,2019-04-12T15:15,43803.28,0.1,24.15,7.41,21,1009.6,16.2,0.151,34.4
832,10906X0039/C2-1,BSS002MNYD,2019-04-13,102.73,Valeur mesurée,Syndicat Mixte pour la Protection et la Gestion des Nappes Souterraines de la Plaine du Roussillon  (20001584000016),2.685378283,42.685696389,2019-04-13T03:04,2019-04-13T15:15,43812.13,0.0,25.31,7.69,34,1009.3,15.9,0.15,34.4
833,10906X0039/C2-1,BSS002MNYD,2019-04-14,102.72,Valeur mesurée,Syndicat Mixte pour la Protection et la Gestion des Nappes Souterraines de la Plaine du Roussillon  (20001584000016),2.685378283,42.685696389,2019-04-14T03:04,2019-04-14T15:14,43820.98,0.0,26.15,7.55,15,1010.0,15.2,0.15,34.4
834,10906X0039/C2-1,BSS002MNYD,2019-04-15,102.68,Valeur mesurée,Syndicat Mixte pour la Protection et la Gestion des Nappes Souterraines de la Plaine du Roussillon  (20001584000016),2.685378283,42.685696389,2019-04-15T03:04,2019-04-15T15:14,43829.82,0.0,23.77,7.38,78,1010.6,17.4,0.15,34.5
835,10906X0039/C2-1,BSS002MNYD,2019-04-16,102.69,Valeur mesurée,Syndicat Mixte pour la Protection et la Gestion des Nappes Souterraines de la Plaine du Roussillon  (20001584000016),2.685378283,42.685696389,2019-04-16T03:03,2019-04-16T15:14,43838.64,0.0,23.51,6.71,71,1011.1,12.2,0.15,34.7
836,10906X0039/C2-1,BSS002MNYD,2019-04-17,102.71,Valeur mesurée,Syndicat Mixte pour la Protection et la Gestion des Nappes Souterraines de la Plaine du Roussillon  (20001584000016),2.685378283,42.685696389,2019-04-17T03:03,2019-04-17T15:14,43847.44,0.7,20.2,5.64,41,1011.1,12.2,0.151,34.5
837,10906X0039/C2-1,BSS002MNYD,2019-04-18,102.73,Valeur mesurée,Syndicat Mixte pour la Protection et la Gestion des Nappes Souterraines de la Plaine du Roussillon  (20001584000016),2.685378283,42.685696389,2019-04-18T03:03,2019-04-18T15:14,43856.22,2.7,21.91,6.2,47,1011.0,15.1,0.151,34.3
838,10906X0039/C2-1,BSS002MNYD,2019-04-19,102.74,Valeur mesurée,Syndicat Mixte pour la Protection et la Gestion des Nappes Souterraines de la Plaine du Roussillon  (20001584000016),2.685378283,42.685696389,2019-04-19T03:02,2019-04-19T15:14,43864.96,0.2,23.54,6.31,23,1010.4,12.1,0.15,34.2
839,10906X0039/C2-1,BSS002MNYD,2019-04-20,102.76,Valeur mesurée,Syndicat Mixte pour la Protection et la Gestion des Nappes Souterraines de la Plaine du Roussillon  (20001584000016),2.685378283,42.685696389,2019-04-20T03:02,2019-04-20T15:13,43873.65,0.1,22.9,6.79,53,1008.8,14.0,0.149,34.3
840,10906X0039/C2-1,BSS002MNYD,2019-04-21,102.78,Valeur mesurée,Syndicat Mixte pour la Protection et la Gestion des Nappes Souterraines de la Plaine du Roussillon  (20001584000016),2.685378283,42.685696389,2019-04-21T03:02,2019-04-21T15:13,43882.3,0.1,21.86,6.72,56,1007.8,15.9,0.147,34.4
841,10906X0039/C2-1,BSS002MNYD,2019-04-22,102.79,Valeur mesurée,Syndicat Mixte pour la Protection et la Gestion des Nappes Souterraines de la Plaine du Roussillon  (20001584000016),2.685378283,42.685696389,2019-04-22T03:02,2019-04-22T15:13,43890.89,7.6,20.07,5.92,78,1008.3,15.5,0.148,34.3
842,10906X0039/C2-1,BSS002MNYD,2019-04-23,102.81,Valeur mesurée,Syndicat Mixte pour la Protection et la Gestion des Nappes Souterraines de la Plaine du Roussillon  (20001584000016),2.685378283,42.685696389,2019-04-23T03:01,2019-04-23T15:13,43899.42,3.5,17.38,4.65,84,1010.3,13.3,0.148,34.0
843,10906X0039/C2-1,BSS002MNYD,2019-04-24,102.84,Valeur mesurée,Syndicat Mixte pour la Protection et la Gestion des Nappes Souterraines de la Plaine du Roussillon  (20001584000016),2.685378283,42.685696389,2019-04-24T03:01,2019-04-24T15:13,43907.88,11.3,16.98,3.94,97,1011.5,10.7,0.149,33.5
844,10906X0039/C2-1,BSS002MNYD,2019-04-25,102.8,Valeur mesurée,Syndicat Mixte pour la Protection et la Gestion des Nappes Souterraines de la Plaine du Roussillon  (20001584000016),2.685378283,42.685696389,2019-04-25T03:01,2019-04-25T15:13,43916.25,19.9,16.93,3.92,81,1011.0,10.8,0.152,33.3
845,10906X0039/C2-1,BSS002MNYD,2019-04-26,102.79,Valeur mesurée,Syndicat Mixte pour la Protection et la Gestion des Nappes Souterraines de la Plaine du Roussillon  (20001584000016),2.685378283,42.685696389,2019-04-26T03:01,2019-04-26T15:13,43924.55,4.3,19.99,4.41,42,1010.6,8.8,0.156,33.0
846,10906X0039/C2-1,BSS002MNYD,2019-04-27,102.83,Valeur mesurée,Syndicat Mixte pour la Protection et la Gestion des Nappes Souterraines de la Plaine du Roussillon  (20001584000016),2.685378283,42.685696389,2019-04-27T03:00,2019-04-27T15:13,43932.74,6.3,20.33,4.48,50,1011.5,6.3,0.16,32.7
847,10906X0039/C2-1,BSS002MNYD,2019-04-28,102.92,Valeur mesurée,Syndicat Mixte pour la Protection et la Gestion des Nappes Souterraines de la Plaine du Roussillon  (20001584000016),2.685378283,42.685696389,2019-04-28T03:00,2019-04-28T15:12,43940.83,2.5,21.05,4.64,60,1011.8,7.1,0.16,32.5
848,10906X0039/C2-1,BSS002MNYD,2019-04-29,102.95,Valeur mesurée,Syndicat Mixte pour la Protection et la Gestion des Nappes Souterraines de la Plaine du Roussillon  (20001584000016),2.685378283,42.685696389,2019-04-29T03:00,2019-04-29T15:12,43948.81,0.1,21.75,5.26,24,1011.7,10.4,0.155,32.6
849,10906X0039/C2-1,BSS002MNYD,2019-04-30,102.98,Valeur mesurée,Syndicat Mixte pour la Protection et la Gestion des Nappes Souterraines de la Plaine du Roussillon  (20001584000016),2.685378283,42.685696389,2019-04-30T03:00,2019-04-30T15:12,43956.77,0.1,23.35,5.52,24,1011.6,9.5,0.15,32.6
850,10906X0039/C2-1,BSS002MNYD,2019-05-01,102.96,Valeur mesurée,Syndicat Mixte pour la Protection et la Gestion des Nappes Souterraines de la Plaine du Roussillon  (20001584000016),2.685378283,42.685696389,2019-05-01T03:00,2019-05-01T15:12,43964.69,0.3,21.46,5.35,69,1011.1,11.5,0.147,32.6
851,10906X0039/C2-1,BSS002MNYD,2019-05-02,102.9,Valeur mesurée,Syndicat Mixte pour la Protection et la Gestion des Nappes Souterraines de la Plaine du Roussillon  (20001584000016),2.685378283,42.685696389,2019-05-02T02:59,2019-05-02T15:12,43972.56,0.8,20.83,5.6,70,1011.4,15.5,0.145,32.6
852,10906X0039/C2-1,BSS002MNYD,2019-05-03,102.82,Valeur mesurée,Syndicat Mixte pour la Protection et la Gestion des Nappes Souterraines de la Plaine du Roussillon  (20001584000016),2.685378283,42.685696389,2019-05-03T02:59,2019-05-03T15:12,43980.38,0.2,19.61,5.24,35,1011.7,15.4,0.145,32.6
853,10906X0039/C2-1,BSS002MNYD,2019-05-04,102.79,Valeur mesurée,Syndicat Mixte pour la Protection et la Gestion des Nappes Souterraines de la Plaine du Roussillon  (20001584000016),2.685378283,42.685696389,2019-05-04T02:59,2019-05-04T15:12,43988.15,5.7,20.87,5.15,49,1011.5,13.8,0.145,32.5
854,10906X0039/C2-1,BSS002MNYD,2019-05-05,102.84,Valeur mesurée,Syndicat Mixte pour la Protection et la Gestion des Nappes Souterraines de la Plaine du Roussillon  (20001584000016),2.685378283,42.685696389,2019-05-05T02:59,2019-05-05T15:12,43995.85,0.3,20.53,5.3,49,1012.0,11.8,0.145,32.4
855,10906X0039/C2-1,BSS002MNYD,2019-05-06,102.91,Valeur mesurée,Syndicat Mixte pour la Protection et la Gestion des Nappes Souterraines de la Plaine du Roussillon  (20001584000016),2.685378283,42.685696389,2019-05-06T02:59,2019-05-06T15:12,44003.48,0.8,22.05,5.65,48,1011.6,12.2,0.143,32.5
856,10906X0039/C2-1,BSS002MNYD,2019-05-07,103.0,Valeur mesurée,Syndicat Mixte pour la Protection et la Gestion des Nappes Souterraines de la Plaine du Roussillon  (20001584000016),2.685378283,42.685696389,2019-05-07T02:59,2019-05-07T15:12,44011.03,3.6,20.29,5.26,58,1012.0,14.9,0.143,32.5
857,10906X0039/C2-1,BSS002MNYD,2019-05-08,103.06,Valeur mesurée,Syndicat Mixte pour la Protection et la Gestion des Nappes Souterraines de la Plaine du Roussillon  (20001584000016),2.685378283,42.685696389,2019-05-08T02:59,2019-05-08T15:12,44018.5,5.5,18.54,4.68,57,1011.6,14.9,0.145,32.4
858,10906X0039/C2-1,BSS002MNYD,2019-05-09,103.14,Valeur mesurée,Syndicat Mixte pour la Protection et la Gestion des Nappes Souterraines de la Plaine du Roussillon  (20001584000016),2.685378283,42.685696389,2019-05-09T02:58,2019-05-09T15:12,44025.88,5.1,19.29,4.49,65,1010.9,13.2,0.146,32.1
859,10906X0039/C2-1,BSS002MNYD,2019-05-10,103.16,Valeur mesurée,Syndicat Mixte pour la Protection et la Gestion des Nappes Souterraines de la Plaine du Roussillon  (20001584000016),2.685378283,42.685696389,2019-05-10T02:58,2019-05-10T15:12,44033.15,2.0,18.67,4.64,46,1011.2,14.4,0.145,31.9
860,10906X0039/C2-1,BSS002MNYD,2019-05-11,103.11,Valeur mesurée,Syndicat Mixte pour la Protection et la Gestion des Nappes Souterraines de la Plaine du Roussillon  (20001584000016),2.685378283,42.685696389,2019-05-11T02:58,2019-05-11T15:12,44040.32,2.2,20.1,4.89,54,1011.4,13.1,0.145,31.9
861,10906X0039/C2-1,BSS002MNYD,2019-05-12,103.0,Valeur mesurée,Syndicat Mixte pour la Protection et la Gestion des Nappes Souterraines de la Plaine du Roussillon  (20001584000016),2.685378283,42.685696389,2019-05-12T02:58,2019-05-12T15:12,44047.37,8.8,19.15,4.43,74,1011.7,12.0,0.146,31.8
862,10906X0039/C2-1,BSS002MNYD,2019-05-13,102.98,Valeur mesurée,Syndicat Mixte pour la Protection et la Gestion des Nappes Souterraines de la Plaine du Roussillon  (20001584000016),2.685378283,42.685696389,2019-05-13T02:58,2019-05-13T15:12,44054.29,2.8,17.31,4.02,90,1011.6,11.1,0.146,31.6
863,10906X0039/C2-1,BSS002MNYD,2019-05-14,103.09,Valeur mesurée,Syndicat Mixte pour la Protection et la Gestion des Nappes Souterraines de la Plaine du Roussillon  (20001584000016),2.685378283,42.685696389,2019-05-14T02:58,2019-05-14T15:12,44061.08,3.3,20.62,4.94,49,1011.4,11.4,0.146,31.5
864,10906X0039/C2-1,BSS002MNYD,2019-05-15,103.2,Valeur mesurée,Syndicat Mixte pour la Protection et la Gestion des Nappes Souterraines de la Plaine du Roussillon  (20001584000016),2.685378283,42.685696389,2019-05-15T02:58,2019-05-15T15:12,44067.73,0.8,20.97,5.36,56,1011.9,15.1,0.144,31.5
865,10906X0039/C2-1,BSS002MNYD,2019-05-16,103.25,Valeur mesurée,Syndicat Mixte pour la Protection et la Gestion des Nappes Souterraines de la Plaine du Roussillon  (20001584000016),2.685378283,42.685696389,2019-05-16T02:58,2019-05-16T15:12,44074.23,1.6,20.72,5.39,86,1012.4,14.4,0.142,31.4
866,10906X0039/C2-1,BSS002MNYD,2019-05-17,103.2,Valeur mesurée,Syndicat Mixte pour la Protection et la Gestion des Nappes Souterraines de la Plaine du Roussillon  (20001584000016),2.685378283,42.685696389,2019-05-17T02:58,2019-05-17T15:12,44080.57,0.7,21.14,5.66,58,1012.1,14.9,0.14,31.5
867,10906X0039/C2-1,BSS002MNYD,2019-05-18,103.13,Valeur mesurée,Syndicat Mixte pour la Protection et la Gestion des Nappes Souterraines de la Plaine du Roussillon  (20001584000016),2.685378283,42.685696389,2019-05-18T02:58,2019-05-18T15:13,44086.74,6.3,18.1,4.45,47,1011.7,14.4,0.14,31.5
868,10906X0039/C2-1,BSS002MNYD,2019-05-19,103.07,Valeur mesurée,Syndicat Mixte pour la Protection et la Gestion des Nappes Souterraines de la Plaine du Roussillon  (20001584000016),2.685378283,42.685696389,2019-05-19T02:58,2019-05-19T15:13,44092.75,2.9,19.9,5.01,66,1012.4,14.9,0.14,31.5
869,10906X0039/C2-1,BSS002MNYD,2019-05-20,103.07,Valeur mesurée,Syndicat Mixte pour la Protection et la Gestion des Nappes Souterraines de la Plaine du Roussillon  (20001584000016),2.685378283,42.685696389,2019-05-20T02:58,2019-05-20T15:13,44098.64,1.5,18.86,4.63,71,1013.2,13.5,0.141,31.3
870,10906X0039/C2-1,BSS002MNYD,2019-05-21,103.13,Valeur mesurée,Syndicat Mixte pour la Protection et la Gestion des Nappes Souterraines de la Plaine du Roussillon  (20001584000016),2.685378283,42.685696389,2019-05-21T02:58,2019-05-21T15:13,44104.42,0.0,20.62,5.38,53,1012.7,13.7,0.14,31.3
871,10906X0039/C2-1,BSS002MNYD,2019-05-22,103.13,Valeur mesurée,Syndicat Mixte pour la Protection et la Gestion des Nappes Souterraines de la Plaine du Roussillon  (20001584000016),2.685378283,42.685696389,2019-05-22T02:58,2019-05-22T15:13,44110.08,1.3,20.16,4.99,46,1012.3,11.9,0.139,31.5
872,10906X0039/C2-1,BSS002MNYD,2019-05-23,103.13,Valeur mesurée,Syndicat Mixte pour la Protection et la Gestion des Nappes Souterraines de la Plaine du Roussillon  (20001584000016),2.685378283,42.685696389,2019-05-23T02:58,2019-05-23T15:13,44115.61,19.1,15.54,3.38,91,1012.8,9.6,0.146,31.3
873,10906X0039/C2-1,BSS002MNYD,2019-05-24,103.17,Valeur mesurée,Syndicat Mixte pour la Protection et la Gestion des Nappes Souterraines de la Plaine du Roussillon  (20001584000016),2.685378283,42.685696389,2019-05-24T02:58,2019-05-24T15:13,44121.01,7.0,19.07,4.22,66,1013.4,9.8,0.148,31.0
874,10906X0039/C2-1,BSS002MNYD,2019-05-25,103.34,Valeur mesurée,Syndicat Mixte pour la Protection et la Gestion des Nappes Souterraines de la Plaine du Roussillon  (20001584000016),2.685378283,42.685696389,2019-05-25T02:58,2019-05-25T15:13,44126.28,1.2,20.65,4.72,38,1013.2,13.3,0.147,30.9
875,10906X0039/C2-1,BSS002MNYD,2019-05-26,103.47,Valeur mesurée,Syndicat Mixte pour la Protection et la Gestion des Nappes Souterraines de la Plaine du Roussillon  (20001584000016),2.685378283,42.685696389,2019-05-26T02:58,2019-05-26T15:14,44131.4,2.1,19.67,4.58,33,1012.0,16.3,0.145,30.8
876,10906X0039/C2-1,BSS002MNYD,2019-05-27,103.46,Valeur mesurée,Syndicat Mixte pour la Protection et la Gestion des Nappes Souterraines de la Plaine du Roussillon  (20001584000016),2.685378283,42.685696389,2019-05-27T02:58,2019-05-27T15:14,44136.38,0.7,17.46,4.35,52,1011.8,17.3,0.144,30.6
877,10906X0039/C2-1,BSS002MNYD,2019-05-28,103.49,Valeur mesurée,Syndicat Mixte pour la Protection et la Gestion des Nappes Souterraines de la Plaine du Roussillon  (20001584000016),2.685378283,42.685696389,2019-05-28T02:58,2019-05-28T15:14,44141.2,2.7,17.65,4.41,73,1012.4,17.1,0.142,30.5
878,10906X0039/C2-1,BSS002MNYD,2019-05-29,103.49,Valeur mesurée,Syndicat Mixte pour la Protection et la Gestion des Nappes Souterraines de la Plaine du Roussillon  (20001584000016),2.685378283,42.685696389,2019-05-29T02:58,2019-05-29T15:14,44145.86,0.5,19.13,4.76,76,1012.7,18.5,0.14,30.4
879,10906X0039/C2-1,BSS002MNYD,2019-05-30,103.44,Valeur mesurée,Syndicat Mixte pour la Protection et la Gestion des Nappes Souterraines de la Plaine du Roussillon  (20001584000016),2.685378283,42.685696389,2019-05-30T02:58,2019-05-30T15:14,44150.35,0.5,19.92,5.34,39,1011.7,18.9,0.137,30.4
880,10906X0039/C2-1,BSS002MNYD,2019-05-31,103.46,Valeur mesurée,Syndicat Mixte pour la Protection et la Gestion des Nappes Souterraines de la Plaine du Roussillon  (20001584000016),2.685378283,42.685696389,2019-05-31T02:58,2019-05-31T15:14,44154.67,0.4,19.1,5.17,51,1011.1,19.3,0.136,30.4
881,10906X0039/C2-1,BSS002MNYD,2019-06-01,103.44,Valeur mesurée,Syndicat Mixte pour la Protection et la Gestion des Nappes Souterraines de la Plaine du Roussillon  (20001584000016),2.685378283,42.685696389,2019-06-01T02:59,2019-06-01T15:15,44158.82,1.1,18.08,5.01,76,1011.0,18.5,0.135,30.4
882,10906X0039/C2-1,BSS002MNYD,2019-06-02,103.4,Valeur mesurée,Syndicat Mixte pour la Protection et la Gestion des Nappes Souterraines de la Plaine du Roussillon  (20001584000016),2.685378283,42.685696389,2019-06-02T02:59,2019-06-02T15:15,44162.78,0.0,18.31,5.7,66,1012.0,19.4,0.134,30.5
883,10906X0039/C2-1,BSS002MNYD,2019-06-03,103.41,Valeur mesurée,Syndicat Mixte pour la Protection et la Gestion des Nappes Souterraines de la Plaine du Roussillon  (20001584000016),2.685378283,42.685696389,2019-06-03T02:59,2019-06-03T15:15,44166.54,0.0,19.34,6.79,53,1012.3,20.9,0.134,30.7
884,10906X0039/C2-1,BSS002MNYD,2019-06-04,103.45,Valeur mesurée,Syndicat Mixte pour la Protection et la Gestion des Nappes Souterraines de la Plaine du Roussillon  (20001584000016),2.685378283,42.685696389,2019-06-04T02:59,2019-06-04T15:15,44170.11,0.0,13.66,5.75,80,1012.3,21.8,0.133,30.6
885,10906X0039/C2-1,BSS002MNYD,2019-06-05,103.45,Valeur mesurée,Syndicat Mixte pour la Protection et la Gestion des Nappes Souterraines de la Plaine du Roussillon  (20001584000016),2.685378283,42.685696389,2019-06-05T02:59,2019-06-05T15:15,44173.48,0.0,15.8,5.51,62,1012.0,21.9,0.133,30.6
886,10906X0039/C2-1,BSS002MNYD,2019-06-06,103.43,Valeur mesurée,Syndicat Mixte pour la Protection et la Gestion des Nappes Souterraines de la Plaine du Roussillon  (20001584000016),2.685378283,42.685696389,2019-06-06T02:59,2019-06-06T15:16,44176.64,0.1,17.16,6.23,48,1012.1,22.4,0.132,30.7
887,10906X0039/C2-1,BSS002MNYD,2019-06-07,103.43,Valeur mesurée,Syndicat Mixte pour la Protection et la Gestion des Nappes Souterraines de la Plaine du Roussillon  (20001584000016),2.685378283,42.685696389,2019-06-07T02:59,2019-06-07T15:16,44179.58,0.6,19.17,5.87,61,1013.1,21.2,0.133,30.8
888,10906X0039/C2-1,BSS002MNYD,2019-06-08,103.42,Valeur mesurée,Syndicat Mixte pour la Protection et la Gestion des Nappes Souterraines de la Plaine du Roussillon  (20001584000016),2.685378283,42.685696389,2019-06-08T03:00,2019-06-08T15:16,44182.31,0.1,16.62,5.96,40,1013.5,23.5,0.132,30.9
889,10906X0039/C2-1,BSS002MNYD,2019-06-09,103.38,Valeur mesurée,Syndicat Mixte pour la Protection et la Gestion des Nappes Souterraines de la Plaine du Roussillon  (20001584000016),2.685378283,42.685696389,2019-06-09T03:00,2019-06-09T15:16,44184.84,0.4,20.57,6.56,42,1013.7,24.4,0.133,30.9
890,10906X0039/C2-1,BSS002MNYD,2019-06-10,103.34,Valeur mesurée,Syndicat Mixte pour la Protection et la Gestion des Nappes Souterraines de la Plaine du Roussillon  (20001584000016),2.685378283,42.685696389,2019-06-10T03:00,2019-06-10T15:16,44187.18,1.2,16.55,5.52,69,1013.8,23.2,0.133,30.8
891,10906X0039/C2-1,BSS002MNYD,2019-06-11,103.31,Valeur mesurée,Syndicat Mixte pour la Protection et la Gestion des Nappes Souterraines de la Plaine du Roussillon  (20001584000016),2.685378283,42.685696389,2019-06-11T03:00,2019-06-11T15:17,44189.33,1.3,14.5,5.03,72,1014.1,22.6,0.133,30.6
892,10906X0039/C2-1,BSS002MNYD,2019-06-12,103.33,Valeur mesurée,Syndicat Mixte pour la Protection et la Gestion des Nappes Souterraines de la Plaine du Roussillon  (20001584000016),2.685378283,42.685696389,2019-06-12T03:00,2019-06-12T15:17,44191.29,1.2,20.81,6.18,53,1014.2,22.5,0.132,30.6
893,10906X0039/C2-1,BSS002MNYD,2019-06-13,103.38,Valeur mesurée,Syndicat Mixte pour la Protection et la Gestion des Nappes Souterraines de la Plaine du Roussillon  (20001584000016),2.685378283,42.685696389,2019-06-13T03:00,2019-06-13T15:17,44193.05,0.2,16.65,5.57,55,1014.3,22.4,0.131,30.6
894,10906X0039/C2-1,BSS002MNYD,2019-06-14,103.39,Valeur mesurée,Syndicat Mixte pour la Protection et la Gestion des Nappes Souterraines de la Plaine du Roussillon  (20001584000016),2.685378283,42.685696389,2019-06-14T03:01,2019-06-14T15:17,44194.62,1.0,20.25,6.01,47,1014.1,22.9,0.131,30.6
895,10906X0039/C2-1,BSS002MNYD,2019-06-15,103.4,Valeur mesurée,Syndicat Mixte pour la Protection et la Gestion des Nappes Souterraines de la Plaine du Roussillon  (20001584000016),2.685378283,42.685696389,2019-06-15T03:01,2019-06-15T15:17,44195.98,0.0,14.91,6.13,76,1014.2,24.1,0.131,30.6
896,10906X0039/C2-1,BSS002MNYD,2019-06-16,103.37,Valeur mesurée,Syndicat Mixte pour la Protection et la Gestion des Nappes Souterraines de la Plaine du Roussillon  (20001584000016),2.685378283,42.685696389,2019-06-16T03:01,2019-06-16T15:18,44197.15,0.0,20.16,7.25,80,1014.6,24.6,0.132,30.6
897,10906X0039/C2-1,BSS002MNYD,2019-06-17,103.36,Valeur mesurée,Syndicat Mixte pour la Protection et la Gestion des Nappes Souterraines de la Plaine du Roussillon  (20001584000016),2.685378283,42.685696389,2019-06-17T03:01,2019-06-17T15:18,44198.12,2.8,15.47,4.92,92,1016.0,20.6,0.131,30.5
898,10906X0039/C2-1,BSS002MNYD,2019-06-18,103.35,Valeur mesurée,Syndicat Mixte pour la Protection et la Gestion des Nappes Souterraines de la Plaine du Roussillon  (20001584000016),2.685378283,42.685696389,2019-06-18T03:02,2019-06-18T15:18,44198.89,0.2,17.95,5.57,63,1015.6,18.7,0.131,30.4
899,10906X0039/C2-1,BSS002MNYD,2019-06-19,103.36,Valeur mesurée,Syndicat Mixte pour la Protection et la Gestion des Nappes Souterraines de la Plaine du Roussillon  (20001584000016),2.685378283,42.685696389,2019-06-19T03:02,2019-06-19T15:18,44199.46,0.3,16.75,5.29,43,1014.6,21.3,0.131,30.5
900,10906X0039/C2-1,BSS002MNYD,2019-06-20,103.31,Valeur mesurée,Syndicat Mixte pour la Protection et la Gestion des Nappes Souterraines de la Plaine du Roussillon  (20001584000016),2.685378283,42.685696389,2019-06-20T03:02,2019-06-20T15:19,44199.82,0.1,19.19,6.32,54,1014.0,22.3,0.131,30.5
901,10906X0039/C2-1,BSS002MNYD,2019-06-21,103.27,Valeur mesurée,Syndicat Mixte pour la Protection et la Gestion des Nappes Souterraines de la Plaine du Roussillon  (20001584000016),2.685378283,42.685696389,2019-06-21T03:02,2019-06-21T15:19,44199.99,2.2,18.09,5.51,58,1014.2,23.1,0.132,30.5
902,10906X0039/C2-1,BSS002MNYD,2019-06-22,103.25,Valeur mesurée,Syndicat Mixte pour la Protection et la Gestion des Nappes Souterraines de la Plaine du Roussillon  (20001584000016),2.685378283,42.685696389,2019-06-22T03:02,2019-06-22T15:19,44199.94,0.3,15.92,5.35,63,1013.2,21.2,0.133,30.4
903,10906X0039/C2-1,BSS002MNYD,2019-06-23,103.27,Valeur mesurée,Syndicat Mixte pour la Protection et la Gestion des Nappes Souterraines de la Plaine du Roussillon  (20001584000016),2.685378283,42.685696389,2019-06-23T03:03,2019-06-23T15:19,44199.69,0.0,21.49,6.39,38,1012.0,20.5,0.133,30.4
904,10906X0039/C2-1,BSS002MNYD,2019-06-24,103.32,Valeur mesurée,Syndicat Mixte pour la Protection et la Gestion des Nappes Souterraines de la Plaine du Roussillon  (20001584000016),2.685378283,42.685696389,2019-06-24T03:03,2019-06-24T15:19,44199.25,0.0,17.07,5.35,49,1011.8,20.4,0.133,30.5
905,10906X0039/C2-1,BSS002MNYD,2019-06-25,103.39,Valeur mesurée,Syndicat Mixte pour la Protection et la Gestion des Nappes Souterraines de la Plaine du Roussillon  (20001584000016),2.685378283,42.685696389,2019-06-25T03:03,2019-06-25T15:20,44198.59,0.2,18.81,5.97,29,1012.5,21.1,0.133,30.6
906,10906X0039/C2-1,BSS002MNYD,2019-06-26,103.44,Valeur mesurée,Syndicat Mixte pour la Protection et la Gestion des Nappes Souterraines de la Plaine du Roussillon  (20001584000016),2.685378283,42.685696389,2019-06-26T03:03,2019-06-26T15:20,44197.73,0.0,19.7,6.38,41,1013.4,20.5,0.132,30.7
907,10906X0039/C2-1,BSS002MNYD,2019-06-27,103.42,Valeur mesurée,Syndicat Mixte pour la Protection et la Gestion des Nappes Souterraines de la Plaine du Roussillon  (20001584000016),2.685378283,42.685696389,2019-06-27T03:03,2019-06-27T15:20,44196.65,0.2,16.21,5.49,70,1014.0,22.4,0.133,30.6
908,10906X0039/C2-1,BSS002MNYD,2019-06-28,103.4,Valeur mesurée,Syndicat Mixte pour la Protection et la Gestion des Nappes Souterraines de la Plaine du Roussillon  (20001584000016),2.685378283,42.685696389,2019-06-28T03:04,2019-06-28T15:20,44195.38,0.5,18.93,6.4,47,1013.6,25.0,0.134,30.6
909,10906X0039/C2-1,BSS002MNYD,2019-06-29,103.27,Valeur mesurée,Syndicat Mixte pour la Protection et la Gestion des Nappes Souterraines de la Plaine du Roussillon  (20001584000016),2.685378283,42.685696389,2019-06-29T03:04,2019-06-29T15:20,44193.88,0.0,20.55,7.17,55,1013.4,23.1,0.134,30.6
910,10906X0039/C2-1,BSS002MNYD,2019-06-30,103.19,Valeur mesurée,Syndicat Mixte pour la Protection et la Gestion des Nappes Souterraines de la Plaine du Roussillon  (20001584000016),2.685378283,42.685696389,2019-06-30T03:04,2019-06-30T15:21,44192.16,1.2,20.42,6.52,72,1014.1,21.9,0.134,30.7
911,10906X0039/C2-1,BSS002MNYD,2019-07-01,103.11,Valeur mesurée,Syndicat Mixte pour la Protection et la Gestion des Nappes Souterraines de la Plaine du Roussillon  (20001584000016),2.685378283,42.685696389,2019-07-01T03:04,2019-07-01T15:21,44190.23,0.6,18.71,5.7,69,1013.3,22.2,0.135,30.7
912,10906X0039/C2-1,BSS002MNYD,2019-07-02,103.11,Valeur mesurée,Syndicat Mixte pour la Protection et la Gestion des Nappes Souterraines de la Plaine du Roussillon  (20001584000016),2.685378283,42.685696389,2019-07-02T03:04,2019-07-02T15:21,44188.08,0.0,19.35,6.38,75,1012.4,22.5,0.135,30.7
913,10906X0039/C2-1,BSS002MNYD,2019-07-03,103.11,Valeur mesurée,Syndicat Mixte pour la Protection et la Gestion des Nappes Souterraines de la Plaine du Roussillon  (20001584000016),2.685378283,42.685696389,2019-07-03T03:05,2019-07-03T15:21,44185.72,0.0,16.19,6.05,87,1013.0,22.1,0.134,30.6
914,10906X0039/C2-1,BSS002MNYD,2019-07-04,103.13,Valeur mesurée,Syndicat Mixte pour la Protection et la Gestion des Nappes Souterraines de la Plaine du Roussillon  (20001584000016),2.685378283,42.685696389,2019-07-04T03:05,2019-07-04T15:21,44183.16,0.0,21.82,7.2,91,1013.3,21.8,0.134,30.7
915,10906X0039/C2-1,BSS002MNYD,2019-07-05,103.1,Valeur mesurée,Syndicat Mixte pour la Protection et la Gestion des Nappes Souterraines de la Plaine du Roussillon  (20001584000016),2.685378283,42.685696389,2019-07-05T03:05,2019-07-05T15:21,44180.41,0.2,18.41,6.15,82,1012.8,22.8,0.134,30.7
916,10906X0039/C2-1,BSS002MNYD,2019-07-06,103.11,Valeur mesurée,Syndicat Mixte pour la Protection et la Gestion des Nappes Souterraines de la Plaine du Roussillon  (20001584000016),2.685378283,42.685696389,2019-07-06T03:05,2019-07-06T15:22,44177.46,0.5,19.69,6.11,87,1012.8,21.5,0.134,30.7
917,10906X0039/C2-1,BSS002MNYD,2019-07-07,103.09,Valeur mesurée,Syndicat Mixte pour la Protection et la Gestion des Nappes Souterraines de la Plaine du Roussillon  (20001584000016),2.685378283,42.685696389,2019-07-07T03:05,2019-07-07T15:22,44174.32,0.9,18.56,5.39,83,1013.7,20.2,0.135,30.7
918,10906X0039/C2-1,BSS002MNYD,2019-07-08,103.1,Valeur mesurée,Syndicat Mixte pour la Protection et la Gestion des Nappes Souterraines de la Plaine du Roussillon  (20001584000016),2.685378283,42.685696389,2019-07-08T03:06,2019-07-08T15:22,44171.0,0.8,16.45,5.08,47,1014.4,18.3,0.135,30.5
919,10906X0039/C2-1,BSS002MNYD,2019-07-09,103.22,Valeur mesurée,Syndicat Mixte pour la Protection et la Gestion des Nappes Souterraines de la Plaine du Roussillon  (20001584000016),2.685378283,42.685696389,2019-07-09T03:06,2019-07-09T15:22,44167.51,0.0,15.45,5.25,72,1013.7,19.9,0.135,30.4
920,10906X0039/C2-1,BSS002MNYD,2019-07-10,103.23,Valeur mesurée,Syndicat Mixte pour la Protection et la Gestion des Nappes Souterraines de la Plaine du Roussillon  (20001584000016),2.685378283,42.685696389,2019-07-10T03:06,2019-07-10T15:22,44163.83,0.5,15.93,5.07,69,1012.9,22.6,0.136,30.4
921,10906X0039/C2-1,BSS002MNYD,2019-07-11,103.27,Valeur mesurée,Syndicat Mixte pour la Protection et la Gestion des Nappes Souterraines de la Plaine du Roussillon  (20001584000016),2.685378283,42.685696389,2019-07-11T03:06,2019-07-11T15:22,44159.99,1.2,17.95,4.98,96,1013.7,19.8,0.135,30.4
922,10906X0039/C2-1,BSS002MNYD,2019-07-12,103.29,Valeur mesurée,Syndicat Mixte pour la Protection et la Gestion des Nappes Souterraines de la Plaine du Roussillon  (20001584000016),2.685378283,42.685696389,2019-07-12T03:06,2019-07-12T15:22,44155.99,0.9,17.7,5.17,97,1013.9,18.5,0.134,30.3
923,10906X0039/C2-1,BSS002MNYD,2019-07-13,103.29,Valeur mesurée,Syndicat Mixte pour la Protection et la Gestion des Nappes Souterraines de la Plaine du Roussillon  (20001584000016),2.685378283,42.685696389,2019-07-13T03:07,2019-07-13T15:22,44151.83,0.0,16.63,5.31,67,1014.9,23.4,0.134,30.2
924,10906X0039/C2-1,BSS002MNYD,2019-07-14,103.23,Valeur mesurée,Syndicat Mixte pour la Protection et la Gestion des Nappes Souterraines de la Plaine du Roussillon  (20001584000016),2.685378283,42.685696389,2019-07-14T03:07,2019-07-14T15:23,44147.51,1.4,19.06,5.35,43,1015.2,21.5,0.134,30.1
925,10906X0039/C2-1,BSS002MNYD,2019-07-15,103.2,Valeur mesurée,Syndicat Mixte pour la Protection et la Gestion des Nappes Souterraines de la Plaine du Roussillon  (20001584000016),2.685378283,42.685696389,2019-07-15T03:07,2019-07-15T15:23,44143.05,2.2,18.49,5.16,51,1015.1,18.8,0.135,30.0
926,10906X0039/C2-1,BSS002MNYD,2019-07-16,103.27,Valeur mesurée,Syndicat Mixte pour la Protection et la Gestion des Nappes Souterraines de la Plaine du Roussillon  (20001584000016),2.685378283,42.685696389,2019-07-16T03:07,2019-07-16T15:23,44138.44,3.0,17.88,4.77,70,1016.3,21.7,0.136,29.8
927,10906X0039/C2-1,BSS002MNYD,2019-07-17,103.28,Valeur mesurée,Syndicat Mixte pour la Protection et la Gestion des Nappes Souterraines de la Plaine du Roussillon  (20001584000016),2.685378283,42.685696389,2019-07-17T03:07,2019-07-17T15:23,44133.69,3.5,16.6,4.3,51,1017.0,21.7,0.139,29.4
928,10906X0039/C2-1,BSS002MNYD,2019-07-18,103.29,Valeur mesurée,Syndicat Mixte pour la Protection et la Gestion des Nappes Souterraines de la Plaine du Roussillon  (20001584000016),2.685378283,42.685696389,2019-07-18T03:07,2019-07-18T15:23,44128.8,0.9,17.06,4.9,77,1015.9,19.6,0.138,29.2
929,10906X0039/C2-1,BSS002MNYD,2019-07-19,103.33,Valeur mesurée,Syndicat Mixte pour la Protection et la Gestion des Nappes Souterraines de la Plaine du Roussillon  (20001584000016),2.685378283,42.685696389,2019-07-19T03:07,2019-07-19T15:23,44123.72,0.7,18.89,5.51,62,1014.4,20.0,0.137,29.2
930,10906X0039/C2-1,BSS002MNYD,2019-07-20,103.32,Valeur mesurée,Syndicat Mixte pour la Protection et la Gestion des Nappes Souterraines de la Plaine du Roussillon  (20001584000016),2.685378283,42.685696389,2019-07-20T03:07,2019-07-20T15:23,44118.45,1.0,17.06,5.52,73,1013.6,22.3,0.136,29.2
931,10906X0039/C2-1,BSS002MNYD,2019-07-21,103.25,Valeur mesurée,Syndicat Mixte pour la Protection et la Gestion des Nappes Souterraines de la Plaine du Roussillon  (20001584000016),2.685378283,42.685696389,2019-07-21T03:08,2019-07-21T15:23,44113.01,0.0,20.08,6.51,95,1013.0,21.8,0.134,29.4
932,10906X0039/C2-1,BSS002MNYD,2019-07-22,103.31,Valeur mesurée,Syndicat Mixte pour la Protection et la Gestion des Nappes Souterraines de la Plaine du Roussillon  (20001584000016),2.685378283,42.685696389,2019-07-22T03:08,2019-07-22T15:23,44107.4,0.0,20.57,7.57,91,1013.1,26.4,0.134,29.5
933,10906X0039/C2-1,BSS002MNYD,2019-07-23,103.39,Valeur mesurée,Syndicat Mixte pour la Protection et la Gestion des Nappes Souterraines de la Plaine du Roussillon  (20001584000016),2.685378283,42.685696389,2019-07-23T03:08,2019-07-23T15:23,44101.63,0.0,14.45,6.18,84,1012.5,26.7,0.133,29.4
934,10906X0039/C2-1,BSS002MNYD,2019-07-24,103.42,Valeur mesurée,Syndicat Mixte pour la Protection et la Gestion des Nappes Souterraines de la Plaine du Roussillon  (20001584000016),2.685378283,42.685696389,2019-07-24T03:08,2019-07-24T15:23,44095.69,0.1,14.88,6.2,74,1012.6,24.0,0.132,29.4
935,10906X0039/C2-1,BSS002MNYD,2019-07-25,103.4,Valeur mesurée,Syndicat Mixte pour la Protection et la Gestion des Nappes Souterraines de la Plaine du Roussillon  (20001584000016),2.685378283,42.685696389,2019-07-25T03:08,2019-07-25T15:23,44089.62,0.0,16.13,5.86,72,1013.3,24.0,0.132,29.3
936,10906X0039/C2-1,BSS002MNYD,2019-07-26,103.47,Valeur mesurée,Syndicat Mixte pour la Protection et la Gestion des Nappes Souterraines de la Plaine du Roussillon  (20001584000016),2.685378283,42.685696389,2019-07-26T03:08,2019-07-26T15:23,44083.4,0.0,11.16,5.88,90,1013.3,24.2,0.132,29.2
937,10906X0039/C2-1,BSS002MNYD,2019-07-27,103.5,Valeur mesurée,Syndicat Mixte pour la Protection et la Gestion des Nappes Souterraines de la Plaine du Roussillon  (20001584000016),2.685378283,42.685696389,2019-07-27T03:08,2019-07-27T15:23,44077.06,0.0,15.73,6.16,88,1012.9,23.8,0.132,29.2
938,10906X0039/C2-1,BSS002MNYD,2019-07-28,103.53,Valeur mesurée,Syndicat Mixte pour la Protection et la Gestion des Nappes Souterraines de la Plaine du Roussillon  (20001584000016),2.685378283,42.685696389,2019-07-28T03:08,2019-07-28T15:22,44070.59,0.0,14.34,5.8,93,1012.6,22.8,0.131,29.2
939,10906X0039/C2-1,BSS002MNYD,2019-07-29,103.58,Valeur mesurée,Syndicat Mixte pour la Protection et la Gestion des Nappes Souterraines de la Plaine du Roussillon  (20001584000016),2.685378283,42.685696389,2019-07-29T03:08,2019-07-29T15:22,44064.01,0.1,13.59,5.11,90,1013.1,22.6,0.13,29.3
940,10906X0039/C2-1,BSS002MNYD,2019-07-30,103.63,Valeur mesurée,Syndicat Mixte pour la Protection et la Gestion des Nappes Souterraines de la Plaine du Roussillon  (20001584000016),2.685378283,42.685696389,2019-07-30T03:08,2019-07-30T15:22,44057.31,0.8,14.36,4.75,93,1013.1,20.7,0.13,29.3
941,10906X0039/C2-1,BSS002MNYD,2019-07-31,103.64,Valeur mesurée,Syndicat Mixte pour la Protection et la Gestion des Nappes Souterraines de la Plaine du Roussillon  (20001584000016),2.685378283,42.685696389,2019-07-31T03:08,2019-07-31T15:22,44050.52,0.3,15.9,4.96,84,1013.9,17.6,0.13,29.2
942,10906X0039/C2-1,BSS002MNYD,2019-08-01,103.7,Valeur mesurée,Syndicat Mixte pour la Protection et la Gestion des Nappes Souterraines de la Plaine du Roussillon  (20001584000016),2.685378283,42.685696389,2019-08-01T03:08,2019-08-01T15:22,44043.63,0.0,21.32,6.38,94,1014.1,18.7,0.13,29.4
943,10906X0039/C2-1,BSS002MNYD,2019-08-02,103.71,Valeur mesurée,Syndicat Mixte pour la Protection et la Gestion des Nappes Souterraines de la Plaine du Roussillon  (20001584000016),2.685378283,42.685696389,2019-08-02T03:08,2019-08-02T15:22,44036.66,0.0,20.81,6.48,52,1014.0,21.3,0.129,29.6
944,10906X0039/C2-1,BSS002MNYD,2019-08-03,103.69,Valeur mesurée,Syndicat Mixte pour la Protection et la Gestion des Nappes Souterraines de la Plaine du Roussillon  (20001584000016),2.685378283,42.685696389,2019-08-03T03:08,2019-08-03T15:22,44029.61,0.5,15.75,5.68,73,1014.6,22.6,0.129,29.7
945,10906X0039/C2-1,BSS002MNYD,2019-08-04,103.69,Valeur mesurée,Syndicat Mixte pour la Protection et la Gestion des Nappes Souterraines de la Plaine du Roussillon  (20001584000016),2.685378283,42.685696389,2019-08-04T03:08,2019-08-04T15:22,44022.48,0.6,12.06,4.54,96,1015.1,20.0,0.13,29.5
946,10906X0039/C2-1,BSS002MNYD,2019-08-05,103.68,Valeur mesurée,Syndicat Mixte pour la Protection et la Gestion des Nappes Souterraines de la Plaine du Roussillon  (20001584000016),2.685378283,42.685696389,2019-08-05T03:08,2019-08-05T15:22,44015.29,0.0,20.08,6.46,72,1014.4,20.0,0.131,29.6
947,10906X0039/C2-1,BSS002MNYD,2019-08-06,103.77,Valeur mesurée,Syndicat Mixte pour la Protection et la Gestion des Nappes Souterraines de la Plaine du Roussillon  (20001584000016),2.685378283,42.685696389,2019-08-06T03:08,2019-08-06T15:21,44008.04,0.7,17.99,5.53,65,1014.5,20.9,0.131,29.7
948,10906X0039/C2-1,BSS002MNYD,2019-08-07,103.79,Valeur mesurée,Syndicat Mixte pour la Protection et la Gestion des Nappes Souterraines de la Plaine du Roussillon  (20001584000016),2.685378283,42.685696389,2019-08-07T03:08,2019-08-07T15:21,44000.73,0.8,19.53,6.1,46,1014.7,23.2,0.131,29.8
949,10906X0039/C2-1,BSS002MNYD,2019-08-08,103.79,Valeur mesurée,Syndicat Mixte pour la Protection et la Gestion des Nappes Souterraines de la Plaine du Roussillon  (20001584000016),2.685378283,42.685696389,2019-08-08T03:08,2019-08-08T15:21,43993.3,0.4,22.91,7.05,51,1014.8,20.8,0.132,29.8
950,10906X0039/C2-1,BSS002MNYD,2019-08-09,103.8,Valeur mesurée,Syndicat Mixte pour la Protection et la Gestion des Nappes Souterraines de la Plaine du Roussillon  (20001584000016),2.685378283,42.685696389,2019-08-09T03:08,2019-08-09T15:21,43985.74,0.0,21.56,6.98,27,1015.2,20.7,0.132,29.8
951,10906X0039/C2-1,BSS002MNYD,2019-08-10,103.79,Valeur mesurée,Syndicat Mixte pour la Protection et la Gestion des Nappes Souterraines de la Plaine du Roussillon  (20001584000016),2.685378283,42.685696389,2019-08-10T03:08,2019-08-10T15:21,43978.07,0.5,17.37,5.75,58,1015.7,23.5,0.132,29.7
952,10906X0039/C2-1,BSS002MNYD,2019-08-11,103.72,Valeur mesurée,Syndicat Mixte pour la Protection et la Gestion des Nappes Souterraines de la Plaine du Roussillon  (20001584000016),2.685378283,42.685696389,2019-08-11T03:08,2019-08-11T15:20,43970.29,0.3,18.7,6.2,57,1015.3,24.7,0.132,29.7
953,10906X0039/C2-1,BSS002MNYD,2019-08-12,103.83,Valeur mesurée,Syndicat Mixte pour la Protection et la Gestion des Nappes Souterraines de la Plaine du Roussillon  (20001584000016),2.685378283,42.685696389,2019-08-12T03:07,2019-08-12T15:20,43962.42,0.1,16.19,6.13,69,1014.8,23.4,0.132,29.6
954,10906X0039/C2-1,BSS002MNYD,2019-08-13,103.94,Valeur mesurée,Syndicat Mixte pour la Protection et la Gestion des Nappes Souterraines de la Plaine du Roussillon  (20001584000016),2.685378283,42.685696389,2019-08-13T03:07,2019-08-13T15:20,43954.46,0.0,17.01,6.21,72,1015.2,23.7,0.132,29.7
955,10906X0039/C2-1,BSS002MNYD,2019-08-14,103.97,Valeur mesurée,Syndicat Mixte pour la Protection et la Gestion des Nappes Souterraines de la Plaine du Roussillon  (20001584000016),2.685378283,42.685696389,2019-08-14T03:07,2019-08-14T15:20,43946.4,0.0,17.58,6.51,68,1015.9,22.9,0.131,29.7
956,10906X0039/C2-1,BSS002MNYD,2019-08-15,103.96,Valeur mesurée,Syndicat Mixte pour la Protection et la Gestion des Nappes Souterraines de la Plaine du Roussillon  (20001584000016),2.685378283,42.685696389,2019-08-15T03:07,2019-08-15T15:19,43938.29,0.0,15.29,5.71,82,1016.3,22.9,0.131,29.6
957,10906X0039/C2-1,BSS002MNYD,2019-08-16,104.01,Valeur mesurée,Syndicat Mixte pour la Protection et la Gestion des Nappes Souterraines de la Plaine du Roussillon  (20001584000016),2.685378283,42.685696389,2019-08-16T03:07,2019-08-16T15:19,43930.1,0.0,15.28,5.62,78,1015.3,22.0,0.131,29.6
958,10906X0039/C2-1,BSS002MNYD,2019-08-17,104.01,Valeur mesurée,Syndicat Mixte pour la Protection et la Gestion des Nappes Souterraines de la Plaine du Roussillon  (20001584000016),2.685378283,42.685696389,2019-08-17T03:07,2019-08-17T15:19,43921.85,0.0,20.42,7.0,51,1013.5,24.2,0.132,29.6
959,10906X0039/C2-1,BSS002MNYD,2019-08-18,103.97,Valeur mesurée,Syndicat Mixte pour la Protection et la Gestion des Nappes Souterraines de la Plaine du Roussillon  (20001584000016),2.685378283,42.685696389,2019-08-18T03:07,2019-08-18T15:19,43913.55,0.0,17.17,6.36,51,1013.7,23.3,0.131,29.7
960,10906X0039/C2-1,BSS002MNYD,2019-08-19,104.07,Valeur mesurée,Syndicat Mixte pour la Protection et la Gestion des Nappes Souterraines de la Plaine du Roussillon  (20001584000016),2.685378283,42.685696389,2019-08-19T03:07,2019-08-19T15:18,43905.2,0.0,22.8,7.85,24,1013.7,24.6,0.129,29.8
961,10906X0039/C2-1,BSS002MNYD,2019-08-20,104.08,Valeur mesurée,Syndicat Mixte pour la Protection et la Gestion des Nappes Souterraines de la Plaine du Roussillon  (20001584000016),2.685378283,42.685696389,2019-08-20T03:06,2019-08-20T15:18,43896.81,0.0,21.75,7.25,76,1014.1,24.2,0.129,29.9
962,10906X0039/C2-1,BSS002MNYD,2019-08-21,104.11,Valeur mesurée,Syndicat Mixte pour la Protection et la Gestion des Nappes Souterraines de la Plaine du Roussillon  (20001584000016),2.685378283,42.685696389,2019-08-21T03:06,2019-08-21T15:18,43888.4,0.0,18.37,6.37,81,1014.6,24.1,0.13,30.0
963,10906X0039/C2-1,BSS002MNYD,2019-08-22,104.15,Valeur mesurée,Syndicat Mixte pour la Protection et la Gestion des Nappes Souterraines de la Plaine du Roussillon  (20001584000016),2.685378283,42.685696389,2019-08-22T03:06,2019-08-22T15:17,43879.95,0.1,19.94,6.72,81,1014.4,23.4,0.13,30.1
964,10906X0039/C2-1,BSS002MNYD,2019-08-23,104.18,Valeur mesurée,Syndicat Mixte pour la Protection et la Gestion des Nappes Souterraines de la Plaine du Roussillon  (20001584000016),2.685378283,42.685696389,2019-08-23T03:06,2019-08-23T15:17,43871.48,0.0,15.4,5.56,51,1014.8,23.5,0.13,30.0
965,10906X0039/C2-1,BSS002MNYD,2019-08-24,104.2,Valeur mesurée,Syndicat Mixte pour la Protection et la Gestion des Nappes Souterraines de la Plaine du Roussillon  (20001584000016),2.685378283,42.685696389,2019-08-24T03:06,2019-08-24T15:17,43863.01,1.6,20.79,5.82,41,1015.5,22.3,0.131,30.0
966,10906X0039/C2-1,BSS002MNYD,2019-08-25,104.21,Valeur mesurée,Syndicat Mixte pour la Protection et la Gestion des Nappes Souterraines de la Plaine du Roussillon  (20001584000016),2.685378283,42.685696389,2019-08-25T03:05,2019-08-25T15:16,43854.53,3.2,18.21,5.03,69,1015.0,22.4,0.132,29.9
967,10906X0039/C2-1,BSS002MNYD,2019-08-26,104.18,Valeur mesurée,Syndicat Mixte pour la Protection et la Gestion des Nappes Souterraines de la Plaine du Roussillon  (20001584000016),2.685378283,42.685696389,2019-08-26T03:05,2019-08-26T15:16,43846.04,0.0,16.51,5.39,52,1015.3,20.9,0.132,29.7
968,10906X0039/C2-1,BSS002MNYD,2019-08-27,104.19,Valeur mesurée,Syndicat Mixte pour la Protection et la Gestion des Nappes Souterraines de la Plaine du Roussillon  (20001584000016),2.685378283,42.685696389,2019-08-27T03:05,2019-08-27T15:16,43837.55,0.0,24.89,7.3,60,1014.4,21.7,0.131,29.8
969,10906X0039/C2-1,BSS002MNYD,2019-08-28,104.18,Valeur mesurée,Syndicat Mixte pour la Protection et la Gestion des Nappes Souterraines de la Plaine du Roussillon  (20001584000016),2.685378283,42.685696389,2019-08-28T03:05,2019-08-28T15:15,43829.0,0.2,24.06,7.51,69,1013.5,24.3,0.131,30.0
970,10906X0039/C2-1,BSS002MNYD,2019-08-29,104.18,Valeur mesurée,Syndicat Mixte pour la Protection et la Gestion des Nappes Souterraines de la Plaine du Roussillon  (20001584000016),2.685378283,42.685696389,2019-08-29T03:05,2019-08-29T15:15,43820.38,0.0,20.75,6.56,52,1013.6,21.5,0.131,30.0
971,10906X0039/C2-1,BSS002MNYD,2019-08-30,104.19,Valeur mesurée,Syndicat Mixte pour la Protection et la Gestion des Nappes Souterraines de la Plaine du Roussillon  (20001584000016),2.685378283,42.685696389,2019-08-30T03:04,2019-08-30T15:15,43811.69,0.0,17.23,6.0,77,1012.3,21.6,0.131,30.0
972,10906X0039/C2-1,BSS002MNYD,2019-08-31,104.18,Valeur mesurée,Syndicat Mixte pour la Protection et la Gestion des Nappes Souterraines de la Plaine du Roussillon  (20001584000016),2.685378283,42.685696389,2019-08-31T03:04,2019-08-31T15:14,43802.96,0.0,19.18,6.5,48,1011.1,21.8,0.131,30.2
973,10906X0039/C2-1,BSS002MNYD,2019-09-01,104.12,Valeur mesurée,Syndicat Mixte pour la Protection et la Gestion des Nappes Souterraines de la Plaine du Roussillon  (20001584000016),2.685378283,42.685696389,2019-09-01T03:04,2019-09-01T15:14,43794.18,0.0,18.82,6.41,56,1011.2,21.3,0.131,30.3
974,10906X0039/C2-1,BSS002MNYD,2019-09-02,104.05,Valeur mesurée,Syndicat Mixte pour la Protection et la Gestion des Nappes Souterraines de la Plaine du Roussillon  (20001584000016),2.685378283,42.685696389,2019-09-02T03:04,2019-09-02T15:13,43785.35,0.0,18.18,6.26,62,1013.0,21.8,0.131,30.3
975,10906X0039/C2-1,BSS002MNYD,2019-09-03,104.06,Valeur mesurée,Syndicat Mixte pour la Protection et la Gestion des Nappes Souterraines de la Plaine du Roussillon  (20001584000016),2.685378283,42.685696389,2019-09-03T03:03,2019-09-03T15:13,43776.49,0.0,20.87,7.24,59,1013.7,23.5,0.131,30.3
976,10906X0039/C2-1,BSS002MNYD,2019-09-04,104.08,Valeur mesurée,Syndicat Mixte pour la Protection et la Gestion des Nappes Souterraines de la Plaine du Roussillon  (20001584000016),2.685378283,42.685696389,2019-09-04T03:03,2019-09-04T15:13,43767.61,0.4,21.03,6.92,70,1013.2,24.3,0.131,30.4
977,10906X0039/C2-1,BSS002MNYD,2019-09-05,104.07,Valeur mesurée,Syndicat Mixte pour la Protection et la Gestion des Nappes Souterraines de la Plaine du Roussillon  (20001584000016),2.685378283,42.685696389,2019-09-05T03:03,2019-09-05T15:12,43758.71,0.0,21.1,7.02,72,1013.4,22.7,0.131,30.5
978,10906X0039/C2-1,BSS002MNYD,2019-09-06,104.07,Valeur mesurée,Syndicat Mixte pour la Protection et la Gestion des Nappes Souterraines de la Plaine du Roussillon  (20001584000016),2.685378283,42.685696389,2019-09-06T03:03,2019-09-06T15:12,43749.79,0.0,23.0,7.67,85,1013.8,23.6,0.13,30.6
979,10906X0039/C2-1,BSS002MNYD,2019-09-07,104.07,Valeur mesurée,Syndicat Mixte pour la Protection et la Gestion des Nappes Souterraines de la Plaine du Roussillon  (20001584000016),2.685378283,42.685696389,2019-09-07T03:02,2019-09-07T15:11,43740.85,0.0,23.71,8.12,90,1014.4,26.4,0.131,30.7
980,10906X0039/C2-1,BSS002MNYD,2019-09-08,104.03,Valeur mesurée,Syndicat Mixte pour la Protection et la Gestion des Nappes Souterraines de la Plaine du Roussillon  (20001584000016),2.685378283,42.685696389,2019-09-08T03:02,2019-09-08T15:11,43731.92,0.3,23.95,7.93,73,1014.7,26.0,0.131,30.7
981,10906X0039/C2-1,BSS002MNYD,2019-09-09,104.07,Valeur mesurée,Syndicat Mixte pour la Protection et la Gestion des Nappes Souterraines de la Plaine du Roussillon  (20001584000016),2.685378283,42.685696389,2019-09-09T03:02,2019-09-09T15:11,43722.99,1.8,14.32,4.1,88,1015.0,21.1,0.132,30.3
982,10906X0039/C2-1,BSS002MNYD,2019-09-10,104.11,Valeur mesurée,Syndicat Mixte pour la Protection et la Gestion des Nappes Souterraines de la Plaine du Roussillon  (20001584000016),2.685378283,42.685696389,2019-09-10T03:02,2019-09-10T15:10,43714.07,1.1,21.33,5.37,64,1013.9,17.6,0.133,30.1
983,10906X0039/C2-1,BSS002MNYD,2019-09-11,104.07,Valeur mesurée,Syndicat Mixte pour la Protection et la Gestion des Nappes Souterraines de la Plaine du Roussillon  (20001584000016),2.685378283,42.685696389,2019-09-11T03:01,2019-09-11T15:10,43705.17,0.0,17.59,5.21,70,1014.1,19.0,0.133,30.0
984,10906X0039/C2-1,BSS002MNYD,2019-09-12,104.04,Valeur mesurée,Syndicat Mixte pour la Protection et la Gestion des Nappes Souterraines de la Plaine du Roussillon  (20001584000016),2.685378283,42.685696389,2019-09-12T03:01,2019-09-12T15:09,43696.28,0.0,23.36,6.38,67,1014.6,17.8,0.132,30.1
985,10906X0039/C2-1,BSS002MNYD,2019-09-13,104.09,Valeur mesurée,Syndicat Mixte pour la Protection et la Gestion des Nappes Souterraines de la Plaine du Roussillon  (20001584000016),2.685378283,42.685696389,2019-09-13T03:01,2019-09-13T15:09,43687.42,0.1,17.99,5.17,63,1014.0,17.1,0.131,30.1
986,10906X0039/C2-1,BSS002MNYD,2019-09-14,104.08,Valeur mesurée,Syndicat Mixte pour la Protection et la Gestion des Nappes Souterraines de la Plaine du Roussillon  (20001584000016),2.685378283,42.685696389,2019-09-14T03:00,2019-09-14T15:08,43678.59,1.6,20.04,5.2,43,1013.5,18.2,0.132,30.1
987,10906X0039/C2-1,BSS002MNYD,2019-09-15,104.11,Valeur mesurée,Syndicat Mixte pour la Protection et la Gestion des Nappes Souterraines de la Plaine du Roussillon  (20001584000016),2.685378283,42.685696389,2019-09-15T03:00,2019-09-15T15:08,43669.8,0.5,16.5,5.1,52,1013.6,19.9,0.132,30.1
988,10906X0039/C2-1,BSS002MNYD,2019-09-16,104.14,Valeur mesurée,Syndicat Mixte pour la Protection et la Gestion des Nappes Souterraines de la Plaine du Roussillon  (20001584000016),2.685378283,42.685696389,2019-09-16T03:00,2019-09-16T15:08,43661.03,0.0,24.27,6.94,50,1013.0,20.1,0.132,30.2
989,10906X0039/C2-1,BSS002MNYD,2019-09-17,104.12,Valeur mesurée,Syndicat Mixte pour la Protection et la Gestion des Nappes Souterraines de la Plaine du Roussillon  (20001584000016),2.685378283,42.685696389,2019-09-17T03:00,2019-09-17T15:07,43652.24,0.0,25.09,7.5,32,1012.7,20.6,0.132,30.3
990,10906X0039/C2-1,BSS002MNYD,2019-09-18,104.1,Valeur mesurée,Syndicat Mixte pour la Protection et la Gestion des Nappes Souterraines de la Plaine du Roussillon  (20001584000016),2.685378283,42.685696389,2019-09-18T02:59,2019-09-18T15:07,43643.42,0.0,23.82,7.13,29,1012.9,21.4,0.132,30.4
991,10906X0039/C2-1,BSS002MNYD,2019-09-19,104.08,Valeur mesurée,Syndicat Mixte pour la Protection et la Gestion des Nappes Souterraines de la Plaine du Roussillon  (20001584000016),2.685378283,42.685696389,2019-09-19T02:59,2019-09-19T15:06,43634.57,0.0,23.44,7.39,67,1013.0,23.2,0.132,30.5
992,10906X0039/C2-1,BSS002MNYD,2019-09-21,104.06,Valeur mesurée,Syndicat Mixte pour la Protection et la Gestion des Nappes Souterraines de la Plaine du Roussillon  (20001584000016),2.685378283,42.685696389,2019-09-21T02:58,2019-09-21T15:05,43616.81,0.0,23.82,7.7,67,1012.5,22.2,0.132,30.6
993,10906X0039/C2-1,BSS002MNYD,2019-09-22,104.02,Valeur mesurée,Syndicat Mixte pour la Protection et la Gestion des Nappes Souterraines de la Plaine du Roussillon  (20001584000016),2.685378283,42.685696389,2019-09-22T02:58,2019-09-22T15:05,43607.93,0.0,25.45,8.0,59,1013.0,22.7,0.133,30.7
994,10906X0039/C2-1,BSS002MNYD,2019-09-23,103.94,Valeur reconstituée,Syndicat Mixte pour la Protection et la Gestion des Nappes Souterraines de la Plaine du Roussillon  (20001584000016),2.685378283,42.685696389,2019-09-23T02:58,2019-09-23T15:05,43599.04,0.0,24.72,7.71,36,1013.0,22.3,0.132,30.8
995,10906X0039/C2-1,BSS002MNYD,2019-09-24,103.88,Valeur reconstituée,Syndicat Mixte pour la Protection et la Gestion des Nappes Souterraines de la Plaine du Roussillon  (20001584000016),2.685378283,42.685696389,2019-09-24T02:58,2019-09-24T15:04,43590.15,0.0,25.72,8.1,10,1012.0,21.5,0.132,31.0
996,10906X0039/C2-1,BSS002MNYD,2019-09-25,104.02,Valeur reconstituée,Syndicat Mixte pour la Protection et la Gestion des Nappes Souterraines de la Plaine du Roussillon  (20001584000016),2.685378283,42.685696389,2019-09-25T02:57,2019-09-25T15:04,43581.27,0.0,26.54,8.19,17,1011.1,21.6,0.132,31.2
997,10906X0039/C2-1,BSS002MNYD,2019-09-26,104.05,Valeur reconstituée,Syndicat Mixte pour la Protection et la Gestion des Nappes Souterraines de la Plaine du Roussillon  (20001584000016),2.685378283,42.685696389,2019-09-26T02:57,2019-09-26T15:03,43572.4,5.3,20.03,5.6,68,1013.1,22.4,0.134,31.1
998,10906X0039/C2-1,BSS002MNYD,2019-09-27,104.08,Valeur reconstituée,Syndicat Mixte pour la Protection et la Gestion des Nappes Souterraines de la Plaine du Roussillon  (20001584000016),2.685378283,42.685696389,2019-09-27T02:57,2019-09-27T15:03,43563.56,1.7,19.76,5.12,92,1014.5,17.9,0.136,30.6
999,10906X0039/C2-1,BSS002MNYD,2019-09-28,104.07,Valeur reconstituée,Syndicat Mixte pour la Protection et la Gestion des Nappes Souterraines de la Plaine du Roussillon  (20001584000016),2.685378283,42.685696389,2019-09-28T02:57,2019-09-28T15:02,43554.75,0.0,16.72,4.97,49,1012.5,15.6,0.135,30.4
1000,10906X0039/C2-1,BSS002MNYD,2019-09-29,104.06,Valeur reconstituée,Syndicat Mixte pour la Protection et la Gestion des Nappes Souterraines de la Plaine du Roussillon  (20001584000016),2.685378283,42.685696389,2019-09-29T02:56,2019-09-29T15:02,43545.96,0.0,26.0,6.98,36,1010.7,17.1,0.134,30.5
1001,10906X0039/C2-1,BSS002MNYD,2019-09-30,104.11,Valeur reconstituée,Syndicat Mixte pour la Protection et la Gestion des Nappes Souterraines de la Plaine du Roussillon  (20001584000016),2.685378283,42.685696389,2019-09-30T02:56,2019-09-30T15:02,43537.22,0.0,24.61,6.93,49,1010.2,17.1,0.133,30.8
1002,10906X0039/C2-1,BSS002MNYD,2019-10-01,104.13,Valeur reconstituée,Syndicat Mixte pour la Protection et la Gestion des Nappes Souterraines de la Plaine du Roussillon  (20001584000016),2.685378283,42.685696389,2019-10-01T02:56,2019-10-01T15:01,43528.51,0.0,25.48,7.21,47,1010.5,15.0,0.133,31.2
1003,10906X0039/C2-1,BSS002MNYD,2019-10-02,104.14,Valeur reconstituée,Syndicat Mixte pour la Protection et la Gestion des Nappes Souterraines de la Plaine du Roussillon  (20001584000016),2.685378283,42.685696389,2019-10-02T02:55,2019-10-02T15:01,43519.86,0.2,17.94,4.89,48,1012.2,11.2,0.132,31.3
1004,10906X0039/C2-1,BSS002MNYD,2019-10-03,104.11,Valeur reconstituée,Syndicat Mixte pour la Protection et la Gestion des Nappes Souterraines de la Plaine du Roussillon  (20001584000016),2.685378283,42.685696389,2019-10-03T02:55,2019-10-03T15:00,43511.26,0.1,23.56,6.78,33,1012.1,15.3,0.133,31.5
1005,10906X0039/C2-1,BSS002MNYD,2019-10-04,104.1,Valeur reconstituée,Syndicat Mixte pour la Protection et la Gestion des Nappes Souterraines de la Plaine du Roussillon  (20001584000016),2.685378283,42.685696389,2019-10-04T02:55,2019-10-04T15:00,43502.73,7.9,20.98,5.47,75,1011.7,13.3,0.133,31.5
1006,10906X0039/C2-1,BSS002MNYD,2019-10-05,104.08,Valeur reconstituée,Syndicat Mixte pour la Protection et la Gestion des Nappes Souterraines de la Plaine du Roussillon  (20001584000016),2.685378283,42.685696389,2019-10-05T02:55,2019-10-05T15:00,43494.25,49.6,16.47,3.55,92,1012.3,10.5,0.157,30.7
1007,10906X0039/C2-1,BSS002MNYD,2019-10-06,104.06,Valeur reconstituée,Syndicat Mixte pour la Protection et la Gestion des Nappes Souterraines de la Plaine du Roussillon  (20001584000016),2.685378283,42.685696389,2019-10-06T02:55,2019-10-06T14:59,43485.84,14.9,18.58,3.9,89,1012.3,11.7,0.185,30.2
1008,10906X0039/C2-1,BSS002MNYD,2019-10-07,104.08,Valeur reconstituée,Syndicat Mixte pour la Protection et la Gestion des Nappes Souterraines de la Plaine du Roussillon  (20001584000016),2.685378283,42.685696389,2019-10-07T02:54,2019-10-07T14:59,43477.43,1.8,21.78,4.9,62,1011.8,14.1,0.188,29.8
1009,10906X0039/C2-1,BSS002MNYD,2019-10-08,104.08,Valeur reconstituée,Syndicat Mixte pour la Protection et la Gestion des Nappes Souterraines de la Plaine du Roussillon  (20001584000016),2.685378283,42.685696389,2019-10-08T02:54,2019-10-08T14:59,43469.01,0.4,19.25,4.31,71,1011.5,11.2,0.185,29.7
1010,10906X0039/C2-1,BSS002MNYD,2019-10-09,104.08,Valeur reconstituée,Syndicat Mixte pour la Protection et la Gestion des Nappes Souterraines de la Plaine du Roussillon  (20001584000016),2.685378283,42.685696389,2019-10-09T02:54,2019-10-09T14:58,43460.59,5.4,19.49,4.13,74,1011.9,8.5,0.182,29.6
1011,10906X0039/C2-1,BSS002MNYD,2019-10-10,104.09,Valeur reconstituée,Syndicat Mixte pour la Protection et la Gestion des Nappes Souterraines de la Plaine du Roussillon  (20001584000016),2.685378283,42.685696389,2019-10-10T02:54,2019-10-10T14:58,43452.18,9.2,18.5,3.92,92,1012.2,7.6,0.187,29.3
1012,10906X0039/C2-1,BSS002MNYD,2019-10-11,104.09,Valeur reconstituée,Syndicat Mixte pour la Protection et la Gestion des Nappes Souterraines de la Plaine du Roussillon  (20001584000016),2.685378283,42.685696389,2019-10-11T02:54,2019-10-11T14:58,43443.78,5.4,19.77,4.2,87,1011.5,7.2,0.194,29.1
1013,10906X0039/C2-1,BSS002MNYD,2019-10-12,104.08,Valeur reconstituée,Syndicat Mixte pour la Protection et la Gestion des Nappes Souterraines de la Plaine du Roussillon  (20001584000016),2.685378283,42.685696389,2019-10-12T02:53,2019-10-12T14:57,43435.39,6.7,20.03,4.1,66,1011.1,10.1,0.215,29.0
1014,10906X0039/C2-1,BSS002MNYD,2019-10-13,104.05,Valeur reconstituée,Syndicat Mixte pour la Protection et la Gestion des Nappes Souterraines de la Plaine du Roussillon  (20001584000016),2.685378283,42.685696389,2019-10-13T02:53,2019-10-13T14:57,43427.04,14.7,20.06,3.98,80,1011.5,7.2,0.219,28.8
1015,10906X0039/C2-1,BSS002MNYD,2019-10-14,104.05,Valeur reconstituée,Syndicat Mixte pour la Protection et la Gestion des Nappes Souterraines de la Plaine du Roussillon  (20001584000016),2.685378283,42.685696389,2019-10-14T02:53,2019-10-14T14:57,43418.72,1.1,17.97,3.74,90,1012.5,9.3,0.217,28.7
1016,10906X0039/C2-1,BSS002MNYD,2019-10-15,103.96,Valeur reconstituée,Syndicat Mixte pour la Protection et la Gestion des Nappes Souterraines de la Plaine du Roussillon  (20001584000016),2.685378283,42.685696389,2019-10-15T02:53,2019-10-15T14:56,43410.43,1.9,21.87,4.61,44,1011.5,11.3,0.214,28.7
1017,10906X0039/C2-1,BSS002MNYD,2019-10-16,103.89,Valeur reconstituée,Syndicat Mixte pour la Protection et la Gestion des Nappes Souterraines de la Plaine du Roussillon  (20001584000016),2.685378283,42.685696389,2019-10-16T02:53,2019-10-16T14:56,43402.18,3.7,18.3,3.77,83,1011.4,9.6,0.211,28.5
1018,10906X0039/C2-1,BSS002MNYD,2019-10-17,103.86,Valeur reconstituée,Syndicat Mixte pour la Protection et la Gestion des Nappes Souterraines de la Plaine du Roussillon  (20001584000016),2.685378283,42.685696389,2019-10-17T02:53,2019-10-17T14:56,43393.99,3.6,19.41,4.0,71,1011.9,11.0,0.21,28.5
1019,10906X0039/C2-1,BSS002MNYD,2019-10-18,103.82,Valeur reconstituée,Syndicat Mixte pour la Protection et la Gestion des Nappes Souterraines de la Plaine du Roussillon  (20001584000016),2.685378283,42.685696389,2019-10-18T02:52,2019-10-18T14:56,43385.85,1.3,19.39,4.06,74,1011.6,11.6,0.208,28.4
1020,10906X0039/C2-1,BSS002MNYD,2019-10-19,103.79,Valeur reconstituée,Syndicat Mixte pour la Protection et la Gestion des Nappes Souterraines de la Plaine du Roussillon  (20001584000016),2.685378283,42.685696389,2019-10-19T02:52,2019-10-19T14:55,43377.78,11.0,15.28,3.16,96,1012.4,9.2,0.216,28.1
1021,10906X0039/C2-1,BSS002MNYD,2019-10-20,103.75,Valeur reconstituée,Syndicat Mixte pour la Protection et la Gestion des Nappes Souterraines de la Plaine du Roussillon  (20001584000016),2.685378283,42.685696389,2019-10-20T02:52,2019-10-20T14:55,43369.77,10.4,17.15,3.51,92,1012.4,7.5,0.226,28.0
1022,10906X0039/C2-1,BSS002MNYD,2019-10-21,103.71,Valeur reconstituée,Syndicat Mixte pour la Protection et la Gestion des Nappes Souterraines de la Plaine du Roussillon  (20001584000016),2.685378283,42.685696389,2019-10-21T02:52,2019-10-21T14:55,43361.85,1.6,21.05,4.38,84,1010.9,8.9,0.222,28.1
1023,10906X0039/C2-1,BSS002MNYD,2019-10-22,103.68,Valeur reconstituée,Syndicat Mixte pour la Protection et la Gestion des Nappes Souterraines de la Plaine du Roussillon  (20001584000016),2.685378283,42.685696389,2019-10-22T02:52,2019-10-22T14:55,43353.99,7.0,18.62,3.89,87,1010.0,8.9,0.219,28.1
1024,10906X0039/C2-1,BSS002MNYD,2019-10-23,103.69,Valeur reconstituée,Syndicat Mixte pour la Protection et la Gestion des Nappes Souterraines de la Plaine du Roussillon  (20001584000016),2.685378283,42.685696389,2019-10-23T02:52,2019-10-23T14:54,43346.23,1.7,16.88,3.66,75,1010.5,8.6,0.217,28.1
1025,10906X0039/C2-1,BSS002MNYD,2019-10-24,103.69,Valeur reconstituée,Syndicat Mixte pour la Protection et la Gestion des Nappes Souterraines de la Plaine du Roussillon  (20001584000016),2.685378283,42.685696389,2019-10-24T02:52,2019-10-24T14:54,43338.57,7.0,19.26,4.02,59,1012.0,8.4,0.216,28.2
1026,10906X0039/C2-1,BSS002MNYD,2019-10-25,103.62,Valeur reconstituée,Syndicat Mixte pour la Protection et la Gestion des Nappes Souterraines de la Plaine du Roussillon  (20001584000016),2.685378283,42.685696389,2019-10-25T02:52,2019-10-25T14:54,43331.01,3.5,20.21,4.28,39,1011.7,8.4,0.214,28.3
1027,10906X0039/C2-1,BSS002MNYD,2019-10-26,103.54,Valeur reconstituée,Syndicat Mixte pour la Protection et la Gestion des Nappes Souterraines de la Plaine du Roussillon  (20001584000016),2.685378283,42.685696389,2019-10-26T02:52,2019-10-26T14:54,43323.55,5.8,19.55,4.21,50,1011.2,10.3,0.211,28.4
1028,10906X0039/C2-1,BSS002MNYD,2019-10-27,103.47,Valeur reconstituée,Syndicat Mixte pour la Protection et la Gestion des Nappes Souterraines de la Plaine du Roussillon  (20001584000016),2.685378283,42.685696389,2019-10-27T02:52,2019-10-27T14:54,43316.11,5.5,18.41,3.83,77,1010.5,8.8,0.21,28.2
1029,10906X0039/C2-1,BSS002MNYD,2019-10-28,103.39,Valeur reconstituée,Syndicat Mixte pour la Protection et la Gestion des Nappes Souterraines de la Plaine du Roussillon  (20001584000016),2.685378283,42.685696389,2019-10-28T02:52,2019-10-28T14:53,43308.7,4.0,18.85,3.88,61,1010.1,6.6,0.21,28.1
1030,10906X0039/C2-1,BSS002MNYD,2019-10-29,103.38,Valeur reconstituée,Syndicat Mixte pour la Protection et la Gestion des Nappes Souterraines de la Plaine du Roussillon  (20001584000016),2.685378283,42.685696389,2019-10-29T02:52,2019-10-29T14:53,43301.33,12.3,16.61,3.49,64,1010.6,8.7,0.214,28.1
1031,10906X0039/C2-1,BSS002MNYD,2019-10-30,103.39,Valeur reconstituée,Syndicat Mixte pour la Protection et la Gestion des Nappes Souterraines de la Plaine du Roussillon  (20001584000016),2.685378283,42.685696389,2019-10-30T02:52,2019-10-30T14:53,43293.99,0.9,18.2,3.87,76,1011.3,10.1,0.212,28.1
1032,10906X0039/C2-1,BSS002MNYD,2019-10-31,103.4,Valeur reconstituée,Syndicat Mixte pour la Protection et la Gestion des Nappes Souterraines de la Plaine du Roussillon  (20001584000016),2.685378283,42.685696389,2019-10-31T02:52,2019-10-31T14:53,43286.71,1.5,18.98,4.15,48,1012.1,10.7,0.21,28.1
1033,10906X0039/C2-1,BSS002MNYD,2019-11-01,103.39,Valeur reconstituée,Syndicat Mixte pour la Protection et la Gestion des Nappes Souterraines de la Plaine du Roussillon  (20001584000016),2.685378283,42.685696389,2019-11-01T02:52,2019-11-01T14:53,43279.47,0.5,17.78,3.94,43,1011.7,13.7,0.207,28.1
1034,10906X0039/C2-1,BSS002MNYD,2019-11-02,103.32,Valeur reconstituée,Syndicat Mixte pour la Protection et la Gestion des Nappes Souterraines de la Plaine du Roussillon  (20001584000016),2.685378283,42.685696389,2019-11-02T02:52,2019-11-02T14:53,43272.3,0.0,21.59,4.97,45,1011.7,13.6,0.203,28.1
1035,10906X0039/C2-1,BSS002MNYD,2019-11-03,103.31,Valeur reconstituée,Syndicat Mixte pour la Protection et la Gestion des Nappes Souterraines de la Plaine du Roussillon  (20001584000016),2.685378283,42.685696389,2019-11-03T02:52,2019-11-03T14:53,43265.19,0.1,23.43,5.18,29,1012.6,13.4,0.199,28.1
1036,10906X0039/C2-1,BSS002MNYD,2019-11-04,103.28,Valeur reconstituée,Syndicat Mixte pour la Protection et la Gestion des Nappes Souterraines de la Plaine du Roussillon  (20001584000016),2.685378283,42.685696389,2019-11-04T02:52,2019-11-04T14:53,43258.17,0.5,20.26,4.39,77,1013.1,11.2,0.196,28.2
1037,10906X0039/C2-1,BSS002MNYD,2019-11-05,103.22,Valeur reconstituée,Syndicat Mixte pour la Protection et la Gestion des Nappes Souterraines de la Plaine du Roussillon  (20001584000016),2.685378283,42.685696389,2019-11-05T02:52,2019-11-05T14:53,43251.22,1.1,19.05,4.13,76,1012.4,11.0,0.194,28.2
1038,10906X0039/C2-1,BSS002MNYD,2019-11-06,103.15,Valeur reconstituée,Syndicat Mixte pour la Protection et la Gestion des Nappes Souterraines de la Plaine du Roussillon  (20001584000016),2.685378283,42.685696389,2019-11-06T02:52,2019-11-06T14:53,43244.37,2.1,20.13,4.34,65,1011.6,8.9,0.192,28.3
1039,10906X0039/C2-1,BSS002MNYD,2019-11-07,103.1,Valeur reconstituée,Syndicat Mixte pour la Protection et la Gestion des Nappes Souterraines de la Plaine du Roussillon  (20001584000016),2.685378283,42.685696389,2019-11-07T02:52,2019-11-07T14:53,43237.61,7.4,16.6,3.52,67,1012.5,5.9,0.192,28.2
1040,10906X0039/C2-1,BSS002MNYD,2019-11-08,103.06,Valeur reconstituée,Syndicat Mixte pour la Protection et la Gestion des Nappes Souterraines de la Plaine du Roussillon  (20001584000016),2.685378283,42.685696389,2019-11-08T02:52,2019-11-08T14:53,43230.95,4.5,16.55,3.45,65,1012.9,5.4,0.199,28.2
1041,10906X0039/C2-1,BSS002MNYD,2019-11-09,103.01,Valeur reconstituée,Syndicat Mixte pour la Protection et la Gestion des Nappes Souterraines de la Plaine du Roussillon  (20001584000016),2.685378283,42.685696389,2019-11-09T02:52,2019-11-09T14:53,43224.41,8.7,18.12,3.71,56,1012.2,6.4,0.204,28.2
1042,10906X0039/C2-1,BSS002MNYD,2019-11-10,102.97,Valeur reconstituée,Syndicat Mixte pour la Protection et la Gestion des Nappes Souterraines de la Plaine du Roussillon  (20001584000016),2.685378283,42.685696389,2019-11-10T02:52,2019-11-10T14:53,43217.99,21.6,16.61,3.4,76,1010.8,6.0,0.206,28.1
1043,10906X0039/C2-1,BSS002MNYD,2019-11-11,102.92,Valeur reconstituée,Syndicat Mixte pour la Protection et la Gestion des Nappes Souterraines de la Plaine du Roussillon  (20001584000016),2.685378283,42.685696389,2019-11-11T02:53,2019-11-11T14:53,43211.7,14.4,14.12,3.02,91,1009.6,7.9,0.216,27.9
1044,10906X0039/C2-1,BSS002MNYD,2019-11-12,102.88,Valeur reconstituée,Syndicat Mixte pour la Protection et la Gestion des Nappes Souterraines de la Plaine du Roussillon  (20001584000016),2.685378283,42.685696389,2019-11-12T02:53,2019-11-12T14:53,43205.54,0.0,22.09,5.14,79,1009.6,9.9,0.218,27.9
1045,10906X0039/C2-1,BSS002MNYD,2019-11-13,102.86,Valeur reconstituée,Syndicat Mixte pour la Protection et la Gestion des Nappes Souterraines de la Plaine du Roussillon  (20001584000016),2.685378283,42.685696389,2019-11-13T02:53,2019-11-13T14:53,43199.52,0.1,22.15,5.16,59,1010.6,8.2,0.213,28.1
1046,10906X0039/C2-1,BSS002MNYD,2019-11-14,102.84,Valeur reconstituée,Syndicat Mixte pour la Protection et la Gestion des Nappes Souterraines de la Plaine du Roussillon  (20001584000016),2.685378283,42.685696389,2019-11-14T02:53,2019-11-14T14:53,43193.66,0.0,23.58,5.48,24,1011.6,9.6,0.208,28.2
1047,10906X0039/C2-1,BSS002MNYD,2019-11-15,102.87,Valeur reconstituée,Syndicat Mixte pour la Protection et la Gestion des Nappes Souterraines de la Plaine du Roussillon  (20001584000016),2.685378283,42.685696389,2019-11-15T02:53,2019-11-15T14:53,43187.94,0.0,22.45,5.19,52,1010.8,9.3,0.204,28.3
1048,10906X0039/C2-1,BSS002MNYD,2019-11-16,102.87,Valeur reconstituée,Syndicat Mixte pour la Protection et la Gestion des Nappes Souterraines de la Plaine du Roussillon  (20001584000016),2.685378283,42.685696389,2019-11-16T02:54,2019-11-16T14:53,43182.31,0.0,23.65,6.14,26,1009.1,13.4,0.199,28.3
1049,10906X0039/C2-1,BSS002MNYD,2019-11-17,102.83,Valeur reconstituée,Syndicat Mixte pour la Protection et la Gestion des Nappes Souterraines de la Plaine du Roussillon  (20001584000016),2.685378283,42.685696389,2019-11-17T02:54,2019-11-17T14:53,43176.76,0.0,24.49,6.44,57,1009.6,14.4,0.194,28.5
1050,10906X0039/C2-1,BSS002MNYD,2019-11-18,102.8,Valeur reconstituée,Syndicat Mixte pour la Protection et la Gestion des Nappes Souterraines de la Plaine du Roussillon  (20001584000016),2.685378283,42.685696389,2019-11-18T02:54,2019-11-18T14:54,43171.3,4.8,11.99,3.08,87,1011.5,11.6,0.192,28.4
1051,10906X0039/C2-1,BSS002MNYD,2019-11-19,102.76,Valeur reconstituée,Syndicat Mixte pour la Protection et la Gestion des Nappes Souterraines de la Plaine du Roussillon  (20001584000016),2.685378283,42.685696389,2019-11-19T02:54,2019-11-19T14:54,43165.94,34.9,15.16,3.31,85,1011.6,8.9,0.199,28.4
1052,10906X0039/C2-1,BSS002MNYD,2019-11-20,102.7,Valeur reconstituée,Syndicat Mixte pour la Protection et la Gestion des Nappes Souterraines de la Plaine du Roussillon  (20001584000016),2.685378283,42.685696389,2019-11-20T02:55,2019-11-20T14:54,43160.66,8.4,16.17,3.41,75,1010.5,5.3,0.214,28.2
1053,10906X0039/C2-1,BSS002MNYD,2019-11-21,102.64,Valeur reconstituée,Syndicat Mixte pour la Protection et la Gestion des Nappes Souterraines de la Plaine du Roussillon  (20001584000016),2.685378283,42.685696389,2019-11-21T02:55,2019-11-21T14:54,43155.51,12.4,16.25,3.52,56,1010.0,7.5,0.219,28.1
1054,10906X0039/C2-1,BSS002MNYD,2019-11-22,102.6,Valeur reconstituée,Syndicat Mixte pour la Protection et la Gestion des Nappes Souterraines de la Plaine du Roussillon  (20001584000016),2.685378283,42.685696389,2019-11-22T02:55,2019-11-22T14:54,43150.46,2.4,20.68,4.46,48,1010.3,9.6,0.218,28.2
1055,10906X0039/C2-1,BSS002MNYD,2019-11-23,102.59,Valeur reconstituée,Syndicat Mixte pour la Protection et la Gestion des Nappes Souterraines de la Plaine du Roussillon  (20001584000016),2.685378283,42.685696389,2019-11-23T02:56,2019-11-23T14:55,43145.54,1.4,18.87,4.15,55,1010.5,10.3,0.216,28.1
1056,10906X0039/C2-1,BSS002MNYD,2019-11-24,102.56,Valeur reconstituée,Syndicat Mixte pour la Protection et la Gestion des Nappes Souterraines de la Plaine du Roussillon  (20001584000016),2.685378283,42.685696389,2019-11-24T02:56,2019-11-24T14:55,43140.74,24.9,15.09,3.28,84,1011.2,8.2,0.223,28.0
1057,10906X0039/C2-1,BSS002MNYD,2019-11-25,102.56,Valeur reconstituée,Syndicat Mixte pour la Protection et la Gestion des Nappes Souterraines de la Plaine du Roussillon  (20001584000016),2.685378283,42.685696389,2019-11-25T02:56,2019-11-25T14:55,43136.08,53.4,6.38,1.41,100,1012.1,5.3,0.247,27.4
1058,10906X0039/C2-1,BSS002MNYD,2019-11-26,102.57,Valeur reconstituée,Syndicat Mixte pour la Protection et la Gestion des Nappes Souterraines de la Plaine du Roussillon  (20001584000016),2.685378283,42.685696389,2019-11-26T02:57,2019-11-26T14:55,43131.55,29.0,5.73,1.33,100,1012.3,7.9,0.281,27.0
1059,10906X0039/C2-1,BSS002MNYD,2019-11-27,102.57,Valeur reconstituée,Syndicat Mixte pour la Protection et la Gestion des Nappes Souterraines de la Plaine du Roussillon  (20001584000016),2.685378283,42.685696389,2019-11-27T02:57,2019-11-27T14:56,43127.17,0.7,18.45,4.2,69,1011.1,10.4,0.28,27.1
1060,10906X0039/C2-1,BSS002MNYD,2019-11-28,102.58,Valeur reconstituée,Syndicat Mixte pour la Protection et la Gestion des Nappes Souterraines de la Plaine du Roussillon  (20001584000016),2.685378283,42.685696389,2019-11-28T02:57,2019-11-28T14:56,43122.95,0.1,21.96,5.27,60,1011.5,12.5,0.276,27.1
1061,10906X0039/C2-1,BSS002MNYD,2019-11-29,102.58,Valeur reconstituée,Syndicat Mixte pour la Protection et la Gestion des Nappes Souterraines de la Plaine du Roussillon  (20001584000016),2.685378283,42.685696389,2019-11-29T02:58,2019-11-29T14:56,43118.88,0.0,23.62,5.31,72,1011.7,9.1,0.271,27.2
1062,10906X0039/C2-1,BSS002MNYD,2019-11-30,102.53,Valeur reconstituée,Syndicat Mixte pour la Protection et la Gestion des Nappes Souterraines de la Plaine du Roussillon  (20001584000016),2.685378283,42.685696389,2019-11-30T02:58,2019-11-30T14:57,43114.98,0.4,21.86,4.83,64,1011.5,9.0,0.266,27.2
1063,10906X0039/C2-1,BSS002MNYD,2019-12-01,102.55,Valeur reconstituée,Syndicat Mixte pour la Protection et la Gestion des Nappes Souterraines de la Plaine du Roussillon  (20001584000016),2.685378283,42.685696389,2019-12-01T02:58,2019-12-01T14:57,43111.26,0.1,19.35,4.17,56,1011.3,8.3,0.263,27.3
1064,10906X0039/C2-1,BSS002MNYD,2019-12-02,102.55,Valeur reconstituée,Syndicat Mixte pour la Protection et la Gestion des Nappes Souterraines de la Plaine du Roussillon  (20001584000016),2.685378283,42.685696389,2019-12-02T02:59,2019-12-02T14:57,43107.72,0.0,21.7,4.45,59,1010.4,5.7,0.261,27.5
1065,10906X0039/C2-1,BSS002MNYD,2019-12-03,102.55,Valeur reconstituée,Syndicat Mixte pour la Protection et la Gestion des Nappes Souterraines de la Plaine du Roussillon  (20001584000016),2.685378283,42.685696389,2019-12-03T02:59,2019-12-03T14:58,43104.36,0.1,21.59,4.61,62,1009.8,8.9,0.256,27.6
1066,10906X0039/C2-1,BSS002MNYD,2019-12-04,102.49,Valeur reconstituée,Syndicat Mixte pour la Protection et la Gestion des Nappes Souterraines de la Plaine du Roussillon  (20001584000016),2.685378283,42.685696389,2019-12-04T03:00,2019-12-04T14:58,43101.2,0.5,19.76,4.25,61,1009.8,8.8,0.253,27.8
1067,10906X0039/C2-1,BSS002MNYD,2019-12-05,102.44,Valeur reconstituée,Syndicat Mixte pour la Protection et la Gestion des Nappes Souterraines de la Plaine du Roussillon  (20001584000016),2.685378283,42.685696389,2019-12-05T03:00,2019-12-05T14:58,43098.23,0.5,17.47,3.84,94,1010.3,7.3,0.249,27.9
1068,10906X0039/C2-1,BSS002MNYD,2019-12-06,102.4,Valeur reconstituée,Syndicat Mixte pour la Protection et la Gestion des Nappes Souterraines de la Plaine du Roussillon  (20001584000016),2.685378283,42.685696389,2019-12-06T03:00,2019-12-06T14:59,43095.42,0.7,20.04,4.39,76,1009.6,7.7,0.246,28.0
1069,10906X0039/C2-1,BSS002MNYD,2019-12-07,102.37,Valeur reconstituée,Syndicat Mixte pour la Protection et la Gestion des Nappes Souterraines de la Plaine du Roussillon  (20001584000016),2.685378283,42.685696389,2019-12-07T03:01,2019-12-07T14:59,43092.76,0.5,19.61,4.36,38,1009.1,9.4,0.243,28.1
1070,10906X0039/C2-1,BSS002MNYD,2019-12-08,102.34,Valeur reconstituée,Syndicat Mixte pour la Protection et la Gestion des Nappes Souterraines de la Plaine du Roussillon  (20001584000016),2.685378283,42.685696389,2019-12-08T03:01,2019-12-08T14:59,43090.26,8.3,11.56,2.82,84,1010.3,10.0,0.242,28.0
1071,10906X0039/C2-1,BSS002MNYD,2019-12-09,102.29,Valeur reconstituée,Syndicat Mixte pour la Protection et la Gestion des Nappes Souterraines de la Plaine du Roussillon  (20001584000016),2.685378283,42.685696389,2019-12-09T03:02,2019-12-09T15:00,43087.91,4.3,20.95,5.14,39,1010.5,14.1,0.245,27.9
1072,10906X0039/C2-1,BSS002MNYD,2019-12-10,102.25,Valeur reconstituée,Syndicat Mixte pour la Protection et la Gestion des Nappes Souterraines de la Plaine du Roussillon  (20001584000016),2.685378283,42.685696389,2019-12-10T03:02,2019-12-10T15:00,43085.73,0.7,20.22,4.75,34,1010.9,11.4,0.245,27.8
1073,10906X0039/C2-1,BSS002MNYD,2019-12-11,102.22,Valeur reconstituée,Syndicat Mixte pour la Protection et la Gestion des Nappes Souterraines de la Plaine du Roussillon  (20001584000016),2.685378283,42.685696389,2019-12-11T03:03,2019-12-11T15:01,43083.71,0.2,21.36,4.69,77,1010.9,8.7,0.241,27.9
1074,10906X0039/C2-1,BSS002MNYD,2019-12-12,102.2,Valeur reconstituée,Syndicat Mixte pour la Protection et la Gestion des Nappes Souterraines de la Plaine du Roussillon  (20001584000016),2.685378283,42.685696389,2019-12-12T03:03,2019-12-12T15:01,43081.86,0.1,21.39,4.72,20,1010.9,7.8,0.238,28.1
1075,10906X0039/C2-1,BSS002MNYD,2019-12-13,102.19,Valeur reconstituée,Syndicat Mixte pour la Protection et la Gestion des Nappes Souterraines de la Plaine du Roussillon  (20001584000016),2.685378283,42.685696389,2019-12-13T03:04,2019-12-13T15:02,43080.17,14.7,18.56,3.91,44,1012.2,8.2,0.241,28.1
1076,10906X0039/C2-1,BSS002MNYD,2019-12-14,102.19,Valeur reconstituée,Syndicat Mixte pour la Protection et la Gestion des Nappes Souterraines de la Plaine du Roussillon  (20001584000016),2.685378283,42.685696389,2019-12-14T03:04,2019-12-14T15:02,43078.65,3.4,18.01,3.77,45,1013.0,6.8,0.24,27.9
1077,10906X0039/C2-1,BSS002MNYD,2019-12-15,102.17,Valeur reconstituée,Syndicat Mixte pour la Protection et la Gestion des Nappes Souterraines de la Plaine du Roussillon  (20001584000016),2.685378283,42.685696389,2019-12-15T03:05,2019-12-15T15:03,43077.31,0.0,22.37,5.14,9,1012.0,10.5,0.241,27.9
1078,10906X0039/C2-1,BSS002MNYD,2019-12-16,102.12,Valeur reconstituée,Syndicat Mixte pour la Protection et la Gestion des Nappes Souterraines de la Plaine du Roussillon  (20001584000016),2.685378283,42.685696389,2019-12-16T03:05,2019-12-16T15:03,43076.14,0.2,21.67,5.08,23,1010.7,9.8,0.237,28.0
1079,10906X0039/C2-1,BSS002MNYD,2019-12-17,102.08,Valeur reconstituée,Syndicat Mixte pour la Protection et la Gestion des Nappes Souterraines de la Plaine du Roussillon  (20001584000016),2.685378283,42.685696389,2019-12-17T03:06,2019-12-17T15:04,43075.15,0.0,24.31,6.29,34,1010.4,11.9,0.232,28.1
1080,10906X0039/C2-1,BSS002MNYD,2019-12-18,102.05,Valeur reconstituée,Syndicat Mixte pour la Protection et la Gestion des Nappes Souterraines de la Plaine du Roussillon  (20001584000016),2.685378283,42.685696389,2019-12-18T03:06,2019-12-18T15:04,43074.34,0.0,24.89,7.22,0,1011.3,16.8,0.229,28.1
1081,10906X0039/C2-1,BSS002MNYD,2019-12-19,102.03,Valeur reconstituée,Syndicat Mixte pour la Protection et la Gestion des Nappes Souterraines de la Plaine du Roussillon  (20001584000016),2.685378283,42.685696389,2019-12-19T03:07,2019-12-19T15:05,43073.71,0.1,21.47,5.57,42,1011.5,14.1,0.226,28.2
1082,10906X0039/C2-1,BSS002MNYD,2019-12-20,102.01,Valeur reconstituée,Syndicat Mixte pour la Protection et la Gestion des Nappes Souterraines de la Plaine du Roussillon  (20001584000016),2.685378283,42.685696389,2019-12-20T03:07,2019-12-20T15:05,43073.27,9.8,14.14,3.34,85,1011.9,11.6,0.241,28.0
1083,10906X0039/C2-1,BSS002MNYD,2019-12-21,102.05,Valeur reconstituée,Syndicat Mixte pour la Protection et la Gestion des Nappes Souterraines de la Plaine du Roussillon  (20001584000016),2.685378283,42.685696389,2019-12-21T03:08,2019-12-21T15:06,43073.01,0.0,23.74,6.07,49,1011.4,14.5,0.248,27.8
1084,10906X0039/C2-1,BSS002MNYD,2019-12-22,102.08,Valeur reconstituée,Syndicat Mixte pour la Protection et la Gestion des Nappes Souterraines de la Plaine du Roussillon  (20001584000016),2.685378283,42.685696389,2019-12-22T03:08,2019-12-22T15:06,43072.94,0.0,20.53,5.13,60,1012.3,13.0,0.244,27.8
1085,10906X0039/C2-1,BSS002MNYD,2019-12-23,102.07,Valeur reconstituée,Syndicat Mixte pour la Protection et la Gestion des Nappes Souterraines de la Plaine du Roussillon  (20001584000016),2.685378283,42.685696389,2019-12-23T03:09,2019-12-23T15:07,43073.06,0.0,22.53,5.26,10,1012.0,10.8,0.242,27.7
1086,10906X0039/C2-1,BSS002MNYD,2019-12-24,102.04,Valeur reconstituée,Syndicat Mixte pour la Protection et la Gestion des Nappes Souterraines de la Plaine du Roussillon  (20001584000016),2.685378283,42.685696389,2019-12-24T03:09,2019-12-24T15:07,43073.38,0.0,24.19,6.04,37,1011.4,12.8,0.239,27.8
1087,10906X0039/C2-1,BSS002MNYD,2019-12-25,102.03,Valeur reconstituée,Syndicat Mixte pour la Protection et la Gestion des Nappes Souterraines de la Plaine du Roussillon  (20001584000016),2.685378283,42.685696389,2019-12-25T03:10,2019-12-25T15:08,43073.89,0.0,24.49,6.2,39,1010.3,12.9,0.237,27.9
1088,10906X0039/C2-1,BSS002MNYD,2019-12-26,101.99,Valeur reconstituée,Syndicat Mixte pour la Protection et la Gestion des Nappes Souterraines de la Plaine du Roussillon  (20001584000016),2.685378283,42.685696389,2019-12-26T03:10,2019-12-26T15:08,43074.6,0.0,24.51,6.31,0,1010.1,14.3,0.236,27.9
1089,10906X0039/C2-1,BSS002MNYD,2019-12-27,101.94,Valeur reconstituée,Syndicat Mixte pour la Protection et la Gestion des Nappes Souterraines de la Plaine du Roussillon  (20001584000016),2.685378283,42.685696389,2019-12-27T03:11,2019-12-27T15:08,43075.51,0.0,24.49,6.36,3,1008.9,12.6,0.236,28.0
1090,10906X0039/C2-1,BSS002MNYD,2019-12-28,101.89,Valeur reconstituée,Syndicat Mixte pour la Protection et la Gestion des Nappes Souterraines de la Plaine du Roussillon  (20001584000016),2.685378283,42.685696389,2019-12-28T03:11,2019-12-28T15:09,43076.62,0.0,24.57,6.56,47,1008.8,14.3,0.237,28.1
1091,10906X0039/C2-1,BSS002MNYD,2019-12-29,101.86,Valeur reconstituée,Syndicat Mixte pour la Protection et la Gestion des Nappes Souterraines de la Plaine du Roussillon  (20001584000016),2.685378283,42.685696389,2019-12-29T03:11,2019-12-29T15:09,43077.91,0.1,23.13,6.17,79,1009.2,16.0,0.236,28.3
1092,10906X0039/C2-1,BSS002MNYD,2019-12-30,101.87,Valeur reconstituée,Syndicat Mixte pour la Protection et la Gestion des Nappes Souterraines de la Plaine du Roussillon  (20001584000016),2.685378283,42.685696389,2019-12-30T03:12,2019-12-30T15:10,43079.4,0.1,21.74,6.77,24,1010.4,19.9,0.234,28.5
1093,10906X0039/C2-1,BSS002MNYD,2019-12-31,101.87,Valeur reconstituée,Syndicat Mixte pour la Protection et la Gestion des Nappes Souterraines de la Plaine du Roussillon  (20001584000016),2.685378283,42.685696389,2019-12-31T03:12,2019-12-31T15:10,43081.07,0.0,23.84,6.95,5,1010.9,16.8,0.233,28.7
1094,10906X0039/C2-1,BSS002MNYD,2020-01-01,101.87,Valeur reconstituée,Syndicat Mixte pour la Protection et la Gestion des Nappes Souterraines de la Plaine du Roussillon  (20001584000016),2.685378283,42.685696389,2020-01-01T03:13,2020-01-01T15:11,43082.92,0.0,21.53,6.36,11,1010.7,16.3,0.231,29.0
1095,10906X0039/C2-1,BSS002MNYD,2020-01-02,101.84,Valeur reconstituée,Syndicat Mixte pour la Protection et la Gestion des Nappes Souterraines de la Plaine du Roussillon  (20001584000016),2.685378283,42.685696389,2020-01-02T03:13,2020-01-02T15:11,43084.94,0.0,23.71,7.38,24,1011.5,16.6,0.23,29.3
1096,10906X0039/C2-1,BSS002MNYD,2020-01-03,101.8,Valeur reconstituée,Syndicat Mixte pour la Protection et la Gestion des Nappes Souterraines de la Plaine du Roussillon  (20001584000016),2.685378283,42.685696389,2020-01-03T03:14,2020-01-03T15:12,43087.14,0.0,21.13,6.55,65,1012.8,16.3,0.229,29.4
1097,10906X0039/C2-1,BSS002MNYD,2020-01-04,101.86,Valeur reconstituée,Syndicat Mixte pour la Protection et la Gestion des Nappes Souterraines de la Plaine du Roussillon  (20001584000016),2.685378283,42.685696389,2020-01-04T03:14,2020-01-04T15:12,43089.51,0.0,23.03,6.92,57,1011.6,15.6,0.227,29.5
1098,10906X0039/C2-1,BSS002MNYD,2020-01-05,101.86,Valeur reconstituée,Syndicat Mixte pour la Protection et la Gestion des Nappes Souterraines de la Plaine du Roussillon  (20001584000016),2.685378283,42.685696389,2020-01-05T03:15,2020-01-05T15:13,43092.05,0.0,23.2,6.1,29,1010.0,11.6,0.224,29.9
1099,10906X0039/C2-1,BSS002MNYD,2020-01-06,101.86,Valeur reconstituée,Syndicat Mixte pour la Protection et la Gestion des Nappes Souterraines de la Plaine du Roussillon  (20001584000016),2.685378283,42.685696389,2020-01-06T03:15,2020-01-06T15:13,43094.75,0.0,22.18,6.42,19,1010.2,13.8,0.224,30.3
1100,10906X0039/C2-1,BSS002MNYD,2020-01-07,101.87,Valeur reconstituée,Syndicat Mixte pour la Protection et la Gestion des Nappes Souterraines de la Plaine du Roussillon  (20001584000016),2.685378283,42.685696389,2020-01-07T03:16,2020-01-07T15:14,43097.61,0.5,21.51,6.58,67,1011.2,16.6,0.223,30.5
1101,10906X0039/C2-1,BSS002MNYD,2020-01-08,101.89,Valeur reconstituée,Syndicat Mixte pour la Protection et la Gestion des Nappes Souterraines de la Plaine du Roussillon  (20001584000016),2.685378283,42.685696389,2020-01-08T03:16,2020-01-08T15:14,43100.63,0.0,22.45,6.77,52,1010.8,15.1,0.222,30.6
1102,10906X0039/C2-1,BSS002MNYD,2020-01-09,101.89,Valeur reconstituée,Syndicat Mixte pour la Protection et la Gestion des Nappes Souterraines de la Plaine du Roussillon  (20001584000016),2.685378283,42.685696389,2020-01-09T03:16,2020-01-09T15:15,43103.79,0.0,24.89,6.96,20,1010.0,13.1,0.222,30.7
1103,10906X0039/C2-1,BSS002MNYD,2020-01-10,101.89,Valeur mesurée,Syndicat Mixte pour la Protection et la Gestion des Nappes Souterraines de la Plaine du Roussillon  (20001584000016),2.685378283,42.685696389,2020-01-10T03:17,2020-01-10T15:15,43107.11,0.0,24.46,6.14,7,1010.1,10.9,0.22,30.8
1104,10906X0039/C2-1,BSS002MNYD,2020-01-11,101.86,Valeur mesurée,Syndicat Mixte pour la Protection et la Gestion des Nappes Souterraines de la Plaine du Roussillon  (20001584000016),2.685378283,42.685696389,2020-01-11T03:17,2020-01-11T15:16,43110.57,0.0,23.68,6.12,19,1009.9,10.9,0.22,31.1
1105,10906X0039/C2-1,BSS002MNYD,2020-01-12,101.81,Valeur mesurée,Syndicat Mixte pour la Protection et la Gestion des Nappes Souterraines de la Plaine du Roussillon  (20001584000016),2.685378283,42.685696389,2020-01-12T03:18,2020-01-12T15:16,43114.17,2.4,20.32,5.2,47,1011.1,11.7,0.22,31.1
1106,10906X0039/C2-1,BSS002MNYD,2020-01-13,101.78,Valeur mesurée,Syndicat Mixte pour la Protection et la Gestion des Nappes Souterraines de la Plaine du Roussillon  (20001584000016),2.685378283,42.685696389,2020-01-13T03:18,2020-01-13T15:17,43117.91,1.4,22.19,6.24,23,1011.1,15.2,0.223,30.7
1107,10906X0039/C2-1,BSS002MNYD,2020-01-14,101.77,Valeur mesurée,Syndicat Mixte pour la Protection et la Gestion des Nappes Souterraines de la Plaine du Roussillon  (20001584000016),2.685378283,42.685696389,2020-01-14T03:18,2020-01-14T15:17,43121.79,0.0,22.13,6.74,20,1010.5,16.9,0.218,30.6
1108,10906X0039/C2-1,BSS002MNYD,2020-01-15,101.76,Valeur mesurée,Syndicat Mixte pour la Protection et la Gestion des Nappes Souterraines de la Plaine du Roussillon  (20001584000016),2.685378283,42.685696389,2020-01-15T03:19,2020-01-15T15:17,43125.86,0.0,23.26,7.11,15,1010.9,17.6,0.215,30.5
1109,10906X0039/C2-1,BSS002MNYD,2020-01-16,101.77,Valeur mesurée,Syndicat Mixte pour la Protection et la Gestion des Nappes Souterraines de la Plaine du Roussillon  (20001584000016),2.685378283,42.685696389,2020-01-16T03:19,2020-01-16T15:18,43130.11,0.0,25.24,8.56,0,1011.3,17.5,0.213,30.6
1110,10906X0039/C2-1,BSS002MNYD,2020-01-17,101.78,Valeur mesurée,Syndicat Mixte pour la Protection et la Gestion des Nappes Souterraines de la Plaine du Roussillon  (20001584000016),2.685378283,42.685696389,2020-01-17T03:19,2020-01-17T15:18,43134.55,0.0,25.44,8.99,12,1010.5,17.3,0.213,30.7
1111,10906X0039/C2-1,BSS002MNYD,2020-01-18,101.81,Valeur mesurée,Syndicat Mixte pour la Protection et la Gestion des Nappes Souterraines de la Plaine du Roussillon  (20001584000016),2.685378283,42.685696389,2020-01-18T03:19,2020-01-18T15:18,43139.15,0.0,25.42,8.56,18,1010.0,17.8,0.214,30.8
1112,10906X0039/C2-1,BSS002MNYD,2020-01-19,101.81,Valeur mesurée,Syndicat Mixte pour la Protection et la Gestion des Nappes Souterraines de la Plaine du Roussillon  (20001584000016),2.685378283,42.685696389,2020-01-19T03:20,2020-01-19T15:19,43143.92,0.0,25.51,8.0,37,1010.4,17.5,0.216,30.9
1113,10906X0039/C2-1,BSS002MNYD,2020-01-20,101.81,Valeur mesurée,Syndicat Mixte pour la Protection et la Gestion des Nappes Souterraines de la Plaine du Roussillon  (20001584000016),2.685378283,42.685696389,2020-01-20T03:20,2020-01-20T15:19,43148.85,0.0,25.41,7.78,14,1010.2,16.7,0.212,31.0
1114,10906X0039/C2-1,BSS002MNYD,2020-01-21,101.81,Valeur mesurée,Syndicat Mixte pour la Protection et la Gestion des Nappes Souterraines de la Plaine du Roussillon  (20001584000016),2.685378283,42.685696389,2020-01-21T03:20,2020-01-21T15:19,43153.92,0.0,25.42,7.93,3,1009.0,16.6,0.212,31.1
1115,10906X0039/C2-1,BSS002MNYD,2020-01-22,102.38,Valeur mesurée,Syndicat Mixte pour la Protection et la Gestion des Nappes Souterraines de la Plaine du Roussillon  (20001584000016),2.685378283,42.685696389,2020-01-22T03:20,2020-01-22T15:20,43159.15,0.0,25.48,8.15,71,1008.8,17.5,0.211,31.3
1116,10906X0039/C2-1,BSS002MNYD,2020-01-23,103.28,Valeur mesurée,Syndicat Mixte pour la Protection et la Gestion des Nappes Souterraines de la Plaine du Roussillon  (20001584000016),2.685378283,42.685696389,2020-01-23T03:21,2020-01-23T15:20,43164.5,0.0,24.9,8.48,65,1009.1,17.7,0.21,31.6
1117,10906X0039/C2-1,BSS002MNYD,2020-01-24,103.56,Valeur mesurée,Syndicat Mixte pour la Protection et la Gestion des Nappes Souterraines de la Plaine du Roussillon  (20001584000016),2.685378283,42.685696389,2020-01-24T03:21,2020-01-24T15:20,43169.99,0.0,22.35,7.56,87,1010.9,18.0,0.209,31.9
1118,10906X0039/C2-1,BSS002MNYD,2020-01-25,103.62,Valeur mesurée,Syndicat Mixte pour la Protection et la Gestion des Nappes Souterraines de la Plaine du Roussillon  (20001584000016),2.685378283,42.685696389,2020-01-25T03:21,2020-01-25T15:21,43175.59,0.0,22.64,7.54,80,1011.3,18.7,0.208,32.1
1119,10906X0039/C2-1,BSS002MNYD,2020-01-26,103.65,Valeur mesurée,Syndicat Mixte pour la Protection et la Gestion des Nappes Souterraines de la Plaine du Roussillon  (20001584000016),2.685378283,42.685696389,2020-01-26T03:21,2020-01-26T15:21,43181.31,0.2,22.83,7.84,52,1011.2,19.9,0.207,32.2
1120,10906X0039/C2-1,BSS002MNYD,2020-01-27,103.67,Valeur mesurée,Syndicat Mixte pour la Protection et la Gestion des Nappes Souterraines de la Plaine du Roussillon  (20001584000016),2.685378283,42.685696389,2020-01-27T03:21,2020-01-27T15:21,43187.14,0.5,22.37,7.42,83,1011.5,17.6,0.206,32.2
1121,10906X0039/C2-1,BSS002MNYD,2020-01-28,103.68,Valeur mesurée,Syndicat Mixte pour la Protection et la Gestion des Nappes Souterraines de la Plaine du Roussillon  (20001584000016),2.685378283,42.685696389,2020-01-28T03:22,2020-01-28T15:21,43193.06,0.1,21.79,6.89,81,1011.4,15.9,0.205,32.2
1122,10906X0039/C2-1,BSS002MNYD,2020-01-29,103.69,Valeur mesurée,Syndicat Mixte pour la Protection et la Gestion des Nappes Souterraines de la Plaine du Roussillon  (20001584000016),2.685378283,42.685696389,2020-01-29T03:22,2020-01-29T15:22,43199.08,0.0,22.72,7.27,80,1011.4,15.5,0.204,32.3
1123,10906X0039/C2-1,BSS002MNYD,2020-01-30,103.7,Valeur mesurée,Syndicat Mixte pour la Protection et la Gestion des Nappes Souterraines de la Plaine du Roussillon  (20001584000016),2.685378283,42.685696389,2020-01-30T03:22,2020-01-30T15:22,43205.19,0.0,22.8,7.4,69,1011.8,15.1,0.203,32.4
1124,10906X0039/C2-1,BSS002MNYD,2020-01-31,103.71,Valeur mesurée,Syndicat Mixte pour la Protection et la Gestion des Nappes Souterraines de la Plaine du Roussillon  (20001584000016),2.685378283,42.685696389,2020-01-31T03:22,2020-01-31T15:22,43211.37,0.0,24.99,7.04,76,1010.7,12.6,0.202,32.6
1125,10906X0039/C2-1,BSS002MNYD,2020-02-01,103.72,Valeur mesurée,Syndicat Mixte pour la Protection et la Gestion des Nappes Souterraines de la Plaine du Roussillon  (20001584000016),2.685378283,42.685696389,2020-02-01T03:22,2020-02-01T15:22,43217.63,0.0,23.9,6.47,70,1011.4,10.1,0.201,32.8
1126,10906X0039/C2-1,BSS002MNYD,2020-02-02,103.73,Valeur mesurée,Syndicat Mixte pour la Protection et la Gestion des Nappes Souterraines de la Plaine du Roussillon  (20001584000016),2.685378283,42.685696389,2020-02-02T03:22,2020-02-02T15:23,43223.96,0.0,23.33,6.4,42,1012.0,11.7,0.201,32.8
1127,10906X0039/C2-1,BSS002MNYD,2020-02-03,103.74,Valeur mesurée,Syndicat Mixte pour la Protection et la Gestion des Nappes Souterraines de la Plaine du Roussillon  (20001584000016),2.685378283,42.685696389,2020-02-03T03:22,2020-02-03T15:23,43230.35,0.0,23.31,7.3,34,1012.0,15.3,0.2,32.8
1128,10906X0039/C2-1,BSS002MNYD,2020-02-04,103.74,Valeur mesurée,Syndicat Mixte pour la Protection et la Gestion des Nappes Souterraines de la Plaine du Roussillon  (20001584000016),2.685378283,42.685696389,2020-02-04T03:22,2020-02-04T15:23,43236.89,0.0,25.83,8.09,28,1011.4,16.6,0.199,32.8
1129,10906X0039/C2-1,BSS002MNYD,2020-02-05,103.75,Valeur mesurée,Syndicat Mixte pour la Protection et la Gestion des Nappes Souterraines de la Plaine du Roussillon  (20001584000016),2.685378283,42.685696389,2020-02-05T03:22,2020-02-05T15:23,43243.56,0.0,24.8,8.41,59,1011.5,18.5,0.198,32.7
1130,10906X0039/C2-1,BSS002MNYD,2020-02-06,103.75,Valeur mesurée,Syndicat Mixte pour la Protection et la Gestion des Nappes Souterraines de la Plaine du Roussillon  (20001584000016),2.685378283,42.685696389,2020-02-06T03:22,2020-02-06T15:23,43250.37,0.0,25.08,8.15,68,1012.2,16.6,0.197,32.8
1131,10906X0039/C2-1,BSS002MNYD,2020-02-07,103.76,Valeur mesurée,Syndicat Mixte pour la Protection et la Gestion des Nappes Souterraines de la Plaine du Roussillon  (20001584000016),2.685378283,42.685696389,2020-02-07T03:22,2020-02-07T15:23,43257.3,0.0,25.99,8.68,48,1012.3,19.3,0.197,32.8
1132,10906X0039/C2-1,BSS002MNYD,2020-02-08,103.76,Valeur mesurée,Syndicat Mixte pour la Protection et la Gestion des Nappes Souterraines de la Plaine du Roussillon  (20001584000016),2.685378283,42.685696389,2020-02-08T03:22,2020-02-08T15:23,43264.34,0.0,26.07,8.2,53,1012.7,19.2,0.196,32.8
1133,10906X0039/C2-1,BSS002MNYD,2020-02-09,103.76,Valeur mesurée,Syndicat Mixte pour la Protection et la Gestion des Nappes Souterraines de la Plaine du Roussillon  (20001584000016),2.685378283,42.685696389,2020-02-09T03:22,2020-02-09T15:23,43271.5,0.0,26.17,7.72,87,1011.8,13.8,0.195,32.9
1134,10906X0039/C2-1,BSS002MNYD,2020-02-10,103.77,Valeur mesurée,Syndicat Mixte pour la Protection et la Gestion des Nappes Souterraines de la Plaine du Roussillon  (20001584000016),2.685378283,42.685696389,2020-02-10T03:22,2020-02-10T15:24,43278.75,0.0,24.52,7.1,76,1010.4,14.7,0.194,33.0
1135,10906X0039/C2-1,BSS002MNYD,2020-02-11,103.78,Valeur mesurée,Syndicat Mixte pour la Protection et la Gestion des Nappes Souterraines de la Plaine du Roussillon  (20001584000016),2.685378283,42.685696389,2020-02-11T03:22,2020-02-11T15:24,43286.1,0.0,24.41,6.29,23,1009.8,11.1,0.194,33.2
1136,10906X0039/C2-1,BSS002MNYD,2020-02-12,103.78,Valeur mesurée,Syndicat Mixte pour la Protection et la Gestion des Nappes Souterraines de la Plaine du Roussillon  (20001584000016),2.685378283,42.685696389,2020-02-12T03:22,2020-02-12T15:24,43293.54,0.0,23.59,6.99,14,1009.7,15.5,0.193,33.3
1137,10906X0039/C2-1,BSS002MNYD,2020-02-13,103.78,Valeur mesurée,Syndicat Mixte pour la Protection et la Gestion des Nappes Souterraines de la Plaine du Roussillon  (20001584000016),2.685378283,42.685696389,2020-02-13T03:22,2020-02-13T15:24,43301.06,0.0,25.57,9.69,16,1010.4,22.3,0.193,33.3
1138,10906X0039/C2-1,BSS002MNYD,2020-02-14,103.78,Valeur mesurée,Syndicat Mixte pour la Protection et la Gestion des Nappes Souterraines de la Plaine du Roussillon  (20001584000016),2.685378283,42.685696389,2020-02-14T03:22,2020-02-14T15:24,43308.65,0.0,24.02,8.68,39,1011.3,24.6,0.192,33.3
1139,10906X0039/C2-1,BSS002MNYD,2020-02-15,103.78,Valeur mesurée,Syndicat Mixte pour la Protection et la Gestion des Nappes Souterraines de la Plaine du Roussillon  (20001584000016),2.685378283,42.685696389,2020-02-15T03:22,2020-02-15T15:24,43316.3,0.1,22.29,7.78,45,1011.7,18.8,0.191,33.2
1140,10906X0039/C2-1,BSS002MNYD,2020-02-16,103.79,Valeur mesurée,Syndicat Mixte pour la Protection et la Gestion des Nappes Souterraines de la Plaine du Roussillon  (20001584000016),2.685378283,42.685696389,2020-02-16T03:22,2020-02-16T15:24,43324.01,0.0,24.73,8.0,13,1011.0,15.9,0.191,33.3
1141,10906X0039/C2-1,BSS002MNYD,2020-02-17,103.79,Valeur mesurée,Syndicat Mixte pour la Protection et la Gestion des Nappes Souterraines de la Plaine du Roussillon  (20001584000016),2.685378283,42.685696389,2020-02-17T03:22,2020-02-17T15:24,43331.77,0.0,24.69,7.34,9,1010.4,14.9,0.19,33.5
1142,10906X0039/C2-1,BSS002MNYD,2020-02-18,103.79,Valeur mesurée,Syndicat Mixte pour la Protection et la Gestion des Nappes Souterraines de la Plaine du Roussillon  (20001584000016),2.685378283,42.685696389,2020-02-18T03:21,2020-02-18T15:24,43339.58,0.0,24.57,6.99,13,1011.2,15.0,0.19,33.6
1143,10906X0039/C2-1,BSS002MNYD,2020-02-19,103.79,Valeur mesurée,Syndicat Mixte pour la Protection et la Gestion des Nappes Souterraines de la Plaine du Roussillon  (20001584000016),2.685378283,42.685696389,2020-02-19T03:21,2020-02-19T15:24,43347.42,0.0,24.76,7.22,12,1010.6,14.7,0.189,33.6
1144,10906X0039/C2-1,BSS002MNYD,2020-02-20,103.78,Valeur mesurée,Syndicat Mixte pour la Protection et la Gestion des Nappes Souterraines de la Plaine du Roussillon  (20001584000016),2.685378283,42.685696389,2020-02-20T03:21,2020-02-20T15:24,43355.3,0.0,25.52,7.26,31,1009.2,12.7,0.188,33.8
1145,10906X0039/C2-1,BSS002MNYD,2020-02-21,103.78,Valeur mesurée,Syndicat Mixte pour la Protection et la Gestion des Nappes Souterraines de la Plaine du Roussillon  (20001584000016),2.685378283,42.685696389,2020-02-21T03:21,2020-02-21T15:24,43363.19,0.0,24.02,7.94,23,1009.5,18.5,0.188,33.9
1146,10906X0039/C2-1,BSS002MNYD,2020-02-22,103.79,Valeur mesurée,Syndicat Mixte pour la Protection et la Gestion des Nappes Souterraines de la Plaine du Roussillon  (20001584000016),2.685378283,42.685696389,2020-02-22T03:21,2020-02-22T15:24,43371.1,0.0,25.95,8.58,27,1010.0,22.1,0.187,33.9
1147,10906X0039/C2-1,BSS002MNYD,2020-02-23,103.79,Valeur mesurée,Syndicat Mixte pour la Protection et la Gestion des Nappes Souterraines de la Plaine du Roussillon  (20001584000016),2.685378283,42.685696389,2020-02-23T03:21,2020-02-23T15:24,43379.03,0.0,27.55,9.3,44,1009.7,19.1,0.187,33.9
1148,10906X0039/C2-1,BSS002MNYD,2020-02-24,103.8,Valeur mesurée,Syndicat Mixte pour la Protection et la Gestion des Nappes Souterraines de la Plaine du Roussillon  (20001584000016),2.685378283,42.685696389,2020-02-24T03:20,2020-02-24T15:24,43387.05,0.0,26.62,9.2,59,1009.6,19.1,0.186,33.9
1149,10906X0039/C2-1,BSS002MNYD,2020-02-25,103.82,Valeur mesurée,Syndicat Mixte pour la Protection et la Gestion des Nappes Souterraines de la Plaine du Roussillon  (20001584000016),2.685378283,42.685696389,2020-02-25T03:20,2020-02-25T15:24,43395.17,0.0,24.12,8.38,70,1008.6,17.4,0.185,34.1
1150,10906X0039/C2-1,BSS002MNYD,2020-02-26,103.85,Valeur mesurée,Syndicat Mixte pour la Protection et la Gestion des Nappes Souterraines de la Plaine du Roussillon  (20001584000016),2.685378283,42.685696389,2020-02-26T03:20,2020-02-26T15:23,43403.37,0.0,17.83,7.22,86,1009.1,17.6,0.185,34.1
1151,10906X0039/C2-1,BSS002MNYD,2020-02-27,103.86,Valeur mesurée,Syndicat Mixte pour la Protection et la Gestion des Nappes Souterraines de la Plaine du Roussillon  (20001584000016),2.685378283,42.685696389,2020-02-27T03:20,2020-02-27T15:23,43411.65,0.0,26.12,8.44,83,1010.0,16.2,0.184,34.1
1152,10906X0039/C2-1,BSS002MNYD,2020-02-28,103.86,Valeur mesurée,Syndicat Mixte pour la Protection et la Gestion des Nappes Souterraines de la Plaine du Roussillon  (20001584000016),2.685378283,42.685696389,2020-02-28T03:20,2020-02-28T15:23,43420.0,0.0,27.1,8.85,14,1009.9,18.0,0.183,34.0
1153,10906X0039/C2-1,BSS002MNYD,2020-02-29,103.87,Valeur mesurée,Syndicat Mixte pour la Protection et la Gestion des Nappes Souterraines de la Plaine du Roussillon  (20001584000016),2.685378283,42.685696389,2020-02-29T03:19,2020-02-29T15:23,43428.42,0.0,26.97,7.94,29,1008.7,14.8,0.182,34.2
1154,10906X0039/C2-1,BSS002MNYD,2020-03-01,103.86,Valeur mesurée,Syndicat Mixte pour la Protection et la Gestion des Nappes Souterraines de la Plaine du Roussillon  (20001584000016),2.685378283,42.685696389,2020-03-01T03:19,2020-03-01T15:23,43436.91,0.0,26.85,7.68,18,1008.3,13.0,0.181,34.4
1155,10906X0039/C2-1,BSS002MNYD,2020-03-02,103.86,Valeur mesurée,Syndicat Mixte pour la Protection et la Gestion des Nappes Souterraines de la Plaine du Roussillon  (20001584000016),2.685378283,42.685696389,2020-03-02T03:19,2020-03-02T15:23,43445.45,0.0,24.57,7.67,50,1009.5,14.8,0.181,34.5
1156,10906X0039/C2-1,BSS002MNYD,2020-03-03,103.89,Valeur mesurée,Syndicat Mixte pour la Protection et la Gestion des Nappes Souterraines de la Plaine du Roussillon  (20001584000016),2.685378283,42.685696389,2020-03-03T03:18,2020-03-03T15:23,43454.04,0.0,25.21,6.99,69,1011.3,13.7,0.18,34.5
1157,10906X0039/C2-1,BSS002MNYD,2020-03-04,103.89,Valeur mesurée,Syndicat Mixte pour la Protection et la Gestion des Nappes Souterraines de la Plaine du Roussillon  (20001584000016),2.685378283,42.685696389,2020-03-04T03:18,2020-03-04T15:23,43462.67,0.0,24.35,7.24,66,1011.4,14.4,0.18,34.4
1158,10906X0039/C2-1,BSS002MNYD,2020-03-05,103.94,Valeur mesurée,Syndicat Mixte pour la Protection et la Gestion des Nappes Souterraines de la Plaine du Roussillon  (20001584000016),2.685378283,42.685696389,2020-03-05T03:18,2020-03-05T15:22,43471.33,0.0,24.37,6.6,61,1010.8,11.1,0.179,34.5
1159,10906X0039/C2-1,BSS002MNYD,2020-03-06,103.94,Valeur mesurée,Syndicat Mixte pour la Protection et la Gestion des Nappes Souterraines de la Plaine du Roussillon  (20001584000016),2.685378283,42.685696389,2020-03-06T03:18,2020-03-06T15:22,43480.03,0.0,24.29,7.44,74,1009.6,14.4,0.179,34.7
1160,10906X0039/C2-1,BSS002MNYD,2020-03-07,103.92,Valeur mesurée,Syndicat Mixte pour la Protection et la Gestion des Nappes Souterraines de la Plaine du Roussillon  (20001584000016),2.685378283,42.685696389,2020-03-07T03:17,2020-03-07T15:22,43488.74,0.0,25.21,7.47,42,1009.4,14.3,0.178,34.8
1161,10906X0039/C2-1,BSS002MNYD,2020-03-08,103.89,Valeur mesurée,Syndicat Mixte pour la Protection et la Gestion des Nappes Souterraines de la Plaine du Roussillon  (20001584000016),2.685378283,42.685696389,2020-03-08T03:17,2020-03-08T15:22,43497.48,0.0,22.38,7.06,90,1009.2,16.5,0.178,34.7
1162,10906X0039/C2-1,BSS002MNYD,2020-03-09,103.88,Valeur mesurée,Syndicat Mixte pour la Protection et la Gestion des Nappes Souterraines de la Plaine du Roussillon  (20001584000016),2.685378283,42.685696389,2020-03-09T03:17,2020-03-09T15:22,43506.23,0.0,24.6,6.95,82,1008.7,13.7,0.178,34.8
1163,10906X0039/C2-1,BSS002MNYD,2020-03-10,103.89,Valeur mesurée,Syndicat Mixte pour la Protection et la Gestion des Nappes Souterraines de la Plaine du Roussillon  (20001584000016),2.685378283,42.685696389,2020-03-10T03:16,2020-03-10T15:21,43514.98,0.2,24.14,7.48,80,1008.8,16.4,0.177,34.8
1164,10906X0039/C2-1,BSS002MNYD,2020-03-11,103.9,Valeur mesurée,Syndicat Mixte pour la Protection et la Gestion des Nappes Souterraines de la Plaine du Roussillon  (20001584000016),2.685378283,42.685696389,2020-03-11T03:16,2020-03-11T15:21,43523.72,0.0,25.81,8.38,44,1008.6,17.6,0.177,34.8
1165,10906X0039/C2-1,BSS002MNYD,2020-03-12,103.9,Valeur mesurée,Syndicat Mixte pour la Protection et la Gestion des Nappes Souterraines de la Plaine du Roussillon  (20001584000016),2.685378283,42.685696389,2020-03-12T03:16,2020-03-12T15:21,43532.46,0.0,26.36,9.11,57,1008.8,19.7,0.176,34.7
1166,10906X0039/C2-1,BSS002MNYD,2020-03-13,103.91,Valeur mesurée,Syndicat Mixte pour la Protection et la Gestion des Nappes Souterraines de la Plaine du Roussillon  (20001584000016),2.685378283,42.685696389,2020-03-13T03:15,2020-03-13T15:21,43541.18,0.0,24.85,8.52,64,1009.1,21.7,0.176,34.7
1167,10906X0039/C2-1,BSS002MNYD,2020-03-14,103.91,Valeur mesurée,Syndicat Mixte pour la Protection et la Gestion des Nappes Souterraines de la Plaine du Roussillon  (20001584000016),2.685378283,42.685696389,2020-03-14T03:15,2020-03-14T15:21,43549.89,0.1,23.31,7.76,88,1009.7,18.3,0.176,34.8
1168,10906X0039/C2-1,BSS002MNYD,2020-03-15,103.93,Valeur mesurée,Syndicat Mixte pour la Protection et la Gestion des Nappes Souterraines de la Plaine du Roussillon  (20001584000016),2.685378283,42.685696389,2020-03-15T03:15,2020-03-15T15:21,43558.66,0.0,24.24,7.49,22,1008.7,17.4,0.175,34.8
1169,10906X0039/C2-1,BSS002MNYD,2020-03-16,103.93,Valeur mesurée,Syndicat Mixte pour la Protection et la Gestion des Nappes Souterraines de la Plaine du Roussillon  (20001584000016),2.685378283,42.685696389,2020-03-16T03:14,2020-03-16T15:20,43567.48,0.0,24.98,8.27,9,1007.7,19.1,0.175,34.9
1170,10906X0039/C2-1,BSS002MNYD,2020-03-17,103.93,Valeur mesurée,Syndicat Mixte pour la Protection et la Gestion des Nappes Souterraines de la Plaine du Roussillon  (20001584000016),2.685378283,42.685696389,2020-03-17T03:14,2020-03-17T15:20,43576.36,0.0,23.76,7.53,45,1008.8,16.5,0.174,35.0
1171,10906X0039/C2-1,BSS002MNYD,2020-03-18,103.93,Valeur mesurée,Syndicat Mixte pour la Protection et la Gestion des Nappes Souterraines de la Plaine du Roussillon  (20001584000016),2.685378283,42.685696389,2020-03-18T03:14,2020-03-18T15:20,43585.29,0.0,24.94,8.24,69,1010.1,20.2,0.174,34.9
1172,10906X0039/C2-1,BSS002MNYD,2020-03-19,103.93,Valeur mesurée,Syndicat Mixte pour la Protection et la Gestion des Nappes Souterraines de la Plaine du Roussillon  (20001584000016),2.685378283,42.685696389,2020-03-19T03:13,2020-03-19T15:20,43594.25,0.2,22.34,7.02,63,1010.8,16.9,0.174,34.9
1173,10906X0039/C2-1,BSS002MNYD,2020-03-20,103.93,Valeur mesurée,Syndicat Mixte pour la Protection et la Gestion des Nappes Souterraines de la Plaine du Roussillon  (20001584000016),2.685378283,42.685696389,2020-03-20T03:13,2020-03-20T15:20,43603.26,0.0,25.18,7.98,31,1010.7,18.9,0.174,34.8
1174,10906X0039/C2-1,BSS002MNYD,2020-03-21,103.93,Valeur mesurée,Syndicat Mixte pour la Protection et la Gestion des Nappes Souterraines de la Plaine du Roussillon  (20001584000016),2.685378283,42.685696389,2020-03-21T03:12,2020-03-21T15:19,43612.29,0.1,25.3,7.37,42,1010.2,16.9,0.175,34.7
1175,10906X0039/C2-1,BSS002MNYD,2020-03-22,103.93,Valeur mesurée,Syndicat Mixte pour la Protection et la Gestion des Nappes Souterraines de la Plaine du Roussillon  (20001584000016),2.685378283,42.685696389,2020-03-22T03:12,2020-03-22T15:19,43621.35,0.0,26.28,8.11,47,1010.1,16.1,0.174,34.8
1176,10906X0039/C2-1,BSS002MNYD,2020-03-23,103.93,Valeur mesurée,Syndicat Mixte pour la Protection et la Gestion des Nappes Souterraines de la Plaine du Roussillon  (20001584000016),2.685378283,42.685696389,2020-03-23T03:12,2020-03-23T15:19,43630.42,0.1,23.48,7.34,75,1010.9,14.4,0.173,34.8
1177,10906X0039/C2-1,BSS002MNYD,2020-03-24,103.93,Valeur mesurée,Syndicat Mixte pour la Protection et la Gestion des Nappes Souterraines de la Plaine du Roussillon  (20001584000016),2.685378283,42.685696389,2020-03-24T03:11,2020-03-24T15:19,43639.51,2.5,23.38,7.07,49,1009.6,15.0,0.173,34.8
1178,10906X0039/C2-1,BSS002MNYD,2020-03-25,103.94,Valeur mesurée,Syndicat Mixte pour la Protection et la Gestion des Nappes Souterraines de la Plaine du Roussillon  (20001584000016),2.685378283,42.685696389,2020-03-25T03:11,2020-03-25T15:18,43648.61,5.4,20.24,5.48,84,1008.3,12.1,0.174,34.6
1179,10906X0039/C2-1,BSS002MNYD,2020-03-26,103.94,Valeur mesurée,Syndicat Mixte pour la Protection et la Gestion des Nappes Souterraines de la Plaine du Roussillon  (20001584000016),2.685378283,42.685696389,2020-03-26T03:10,2020-03-26T15:18,43657.71,10.9,18.22,4.24,94,1009.0,7.7,0.183,33.8
1180,10906X0039/C2-1,BSS002MNYD,2020-03-27,103.93,Valeur mesurée,Syndicat Mixte pour la Protection et la Gestion des Nappes Souterraines de la Plaine du Roussillon  (20001584000016),2.685378283,42.685696389,2020-03-27T03:10,2020-03-27T15:18,43666.8,3.6,16.52,3.77,91,1011.3,8.8,0.187,33.3
1181,10906X0039/C2-1,BSS002MNYD,2020-03-28,103.94,Valeur mesurée,Syndicat Mixte pour la Protection et la Gestion des Nappes Souterraines de la Plaine du Roussillon  (20001584000016),2.685378283,42.685696389,2020-03-28T03:10,2020-03-28T15:18,43675.87,8.6,18.2,3.98,78,1012.1,7.8,0.199,32.7
1182,10906X0039/C2-1,BSS002MNYD,2020-03-29,103.94,Valeur mesurée,Syndicat Mixte pour la Protection et la Gestion des Nappes Souterraines de la Plaine du Roussillon  (20001584000016),2.685378283,42.685696389,2020-03-29T03:09,2020-03-29T15:17,43684.93,2.6,18.28,4.05,68,1011.4,8.5,0.204,32.4
1183,10906X0039/C2-1,BSS002MNYD,2020-03-30,103.94,Valeur mesurée,Syndicat Mixte pour la Protection et la Gestion des Nappes Souterraines de la Plaine du Roussillon  (20001584000016),2.685378283,42.685696389,2020-03-30T03:09,2020-03-30T15:17,43693.96,0.4,20.93,4.85,31,1010.3,10.8,0.2,32.2
1184,10906X0039/C2-1,BSS002MNYD,2020-03-31,103.93,Valeur mesurée,Syndicat Mixte pour la Protection et la Gestion des Nappes Souterraines de la Plaine du Roussillon  (20001584000016),2.685378283,42.685696389,2020-03-31T03:09,2020-03-31T15:17,43702.97,0.6,21.34,5.0,46,1011.1,10.4,0.194,32.1
1185,10906X0039/C2-1,BSS002MNYD,2020-04-01,103.93,Valeur mesurée,Syndicat Mixte pour la Protection et la Gestion des Nappes Souterraines de la Plaine du Roussillon  (20001584000016),2.685378283,42.685696389,2020-04-01T03:08,2020-04-01T15:17,43711.93,1.4,22.56,5.25,27,1011.3,11.0,0.189,32.1
1186,10906X0039/C2-1,BSS002MNYD,2020-04-02,103.92,Valeur mesurée,Syndicat Mixte pour la Protection et la Gestion des Nappes Souterraines de la Plaine du Roussillon  (20001584000016),2.685378283,42.685696389,2020-04-02T03:08,2020-04-02T15:17,43720.85,0.0,23.81,6.09,30,1009.8,14.4,0.187,31.9
1187,10906X0039/C2-1,BSS002MNYD,2020-04-03,103.91,Valeur mesurée,Syndicat Mixte pour la Protection et la Gestion des Nappes Souterraines de la Plaine du Roussillon  (20001584000016),2.685378283,42.685696389,2020-04-03T03:08,2020-04-03T15:16,43729.72,0.0,24.76,6.68,46,1010.2,15.7,0.183,32.0
1188,10906X0039/C2-1,BSS002MNYD,2020-04-04,103.89,Valeur mesurée,Syndicat Mixte pour la Protection et la Gestion des Nappes Souterraines de la Plaine du Roussillon  (20001584000016),2.685378283,42.685696389,2020-04-04T03:07,2020-04-04T15:16,43738.62,0.0,24.8,6.57,25,1011.3,13.7,0.18,32.1
1189,10906X0039/C2-1,BSS002MNYD,2020-04-05,103.86,Valeur mesurée,Syndicat Mixte pour la Protection et la Gestion des Nappes Souterraines de la Plaine du Roussillon  (20001584000016),2.685378283,42.685696389,2020-04-05T03:07,2020-04-05T15:16,43747.54,1.7,21.23,5.18,62,1012.6,11.7,0.176,32.1
1190,10906X0039/C2-1,BSS002MNYD,2020-04-06,103.83,Valeur mesurée,Syndicat Mixte pour la Protection et la Gestion des Nappes Souterraines de la Plaine du Roussillon  (20001584000016),2.685378283,42.685696389,2020-04-06T03:06,2020-04-06T15:16,43756.48,0.5,23.08,6.6,66,1011.8,14.0,0.175,32.4
1191,10906X0039/C2-1,BSS002MNYD,2020-04-07,103.81,Valeur mesurée,Syndicat Mixte pour la Protection et la Gestion des Nappes Souterraines de la Plaine du Roussillon  (20001584000016),2.685378283,42.685696389,2020-04-07T03:06,2020-04-07T15:16,43765.44,0.0,22.87,6.77,93,1011.5,16.8,0.173,32.5
1192,10906X0039/C2-1,BSS002MNYD,2020-04-08,103.79,Valeur mesurée,Syndicat Mixte pour la Protection et la Gestion des Nappes Souterraines de la Plaine du Roussillon  (20001584000016),2.685378283,42.685696389,2020-04-08T03:06,2020-04-08T15:15,43774.41,0.1,24.08,6.92,29,1011.6,15.7,0.172,32.7
1193,10906X0039/C2-1,BSS002MNYD,2020-04-09,103.83,Valeur mesurée,Syndicat Mixte pour la Protection et la Gestion des Nappes Souterraines de la Plaine du Roussillon  (20001584000016),2.685378283,42.685696389,2020-04-09T03:05,2020-04-09T15:15,43783.39,0.0,24.36,6.89,29,1011.0,15.3,0.172,32.9
1194,10906X0039/C2-1,BSS002MNYD,2020-04-10,103.84,Valeur mesurée,Syndicat Mixte pour la Protection et la Gestion des Nappes Souterraines de la Plaine du Roussillon  (20001584000016),2.685378283,42.685696389,2020-04-10T03:05,2020-04-10T15:15,43792.35,0.6,22.9,6.28,62,1010.9,13.7,0.173,33.0
1195,10906X0039/C2-1,BSS002MNYD,2020-04-11,103.85,Valeur mesurée,Syndicat Mixte pour la Protection et la Gestion des Nappes Souterraines de la Plaine du Roussillon  (20001584000016),2.685378283,42.685696389,2020-04-11T03:05,2020-04-11T15:15,43801.3,3.5,20.65,5.32,72,1010.6,13.2,0.175,32.9
1196,10906X0039/C2-1,BSS002MNYD,2020-04-12,103.85,Valeur mesurée,Syndicat Mixte pour la Protection et la Gestion des Nappes Souterraines de la Plaine du Roussillon  (20001584000016),2.685378283,42.685696389,2020-04-12T03:04,2020-04-12T15:15,43810.24,12.6,15.94,4.07,83,1010.3,11.8,0.176,32.6
1197,10906X0039/C2-1,BSS002MNYD,2020-04-13,103.86,Valeur mesurée,Syndicat Mixte pour la Protection et la Gestion des Nappes Souterraines de la Plaine du Roussillon  (20001584000016),2.685378283,42.685696389,2020-04-13T03:04,2020-04-13T15:14,43819.16,1.4,24.36,6.05,72,1010.3,10.5,0.173,32.6
1198,10906X0039/C2-1,BSS002MNYD,2020-04-14,103.87,Valeur mesurée,Syndicat Mixte pour la Protection et la Gestion des Nappes Souterraines de la Plaine du Roussillon  (20001584000016),2.685378283,42.685696389,2020-04-14T03:04,2020-04-14T15:14,43828.05,12.5,19.1,4.7,83,1011.0,13.0,0.173,32.6
1199,10906X0039/C2-1,BSS002MNYD,2020-04-15,103.88,Valeur mesurée,Syndicat Mixte pour la Protection et la Gestion des Nappes Souterraines de la Plaine du Roussillon  (20001584000016),2.685378283,42.685696389,2020-04-15T03:03,2020-04-15T15:14,43836.89,1.8,15.07,3.43,97,1011.8,7.8,0.167,32.3
1200,10906X0039/C2-1,BSS002MNYD,2020-04-16,103.89,Valeur mesurée,Syndicat Mixte pour la Protection et la Gestion des Nappes Souterraines de la Plaine du Roussillon  (20001584000016),2.685378283,42.685696389,2020-04-16T03:03,2020-04-16T15:14,43845.7,7.3,20.4,4.67,93,1010.4,9.5,0.166,32.1
1201,10906X0039/C2-1,BSS002MNYD,2020-04-17,103.89,Valeur mesurée,Syndicat Mixte pour la Protection et la Gestion des Nappes Souterraines de la Plaine du Roussillon  (20001584000016),2.685378283,42.685696389,2020-04-17T03:03,2020-04-17T15:14,43854.46,8.5,21.1,4.78,77,1009.5,8.1,0.166,32.0
1202,10906X0039/C2-1,BSS002MNYD,2020-04-18,103.89,Valeur mesurée,Syndicat Mixte pour la Protection et la Gestion des Nappes Souterraines de la Plaine du Roussillon  (20001584000016),2.685378283,42.685696389,2020-04-18T03:02,2020-04-18T15:14,43863.15,4.4,20.55,4.54,94,1010.2,6.9,0.172,31.7
1203,10906X0039/C2-1,BSS002MNYD,2020-04-19,103.88,Valeur mesurée,Syndicat Mixte pour la Protection et la Gestion des Nappes Souterraines de la Plaine du Roussillon  (20001584000016),2.685378283,42.685696389,2020-04-19T03:02,2020-04-19T15:13,43871.78,12.2,18.68,3.96,98,1011.4,7.1,0.171,31.4
1204,10906X0039/C2-1,BSS002MNYD,2020-04-20,103.88,Valeur mesurée,Syndicat Mixte pour la Protection et la Gestion des Nappes Souterraines de la Plaine du Roussillon  (20001584000016),2.685378283,42.685696389,2020-04-20T03:02,2020-04-20T15:13,43880.34,27.5,11.88,2.58,95,1011.4,7.6,0.199,30.8
1205,10906X0039/C2-1,BSS002MNYD,2020-04-21,104.02,Valeur mesurée,Syndicat Mixte pour la Protection et la Gestion des Nappes Souterraines de la Plaine du Roussillon  (20001584000016),2.685378283,42.685696389,2020-04-21T03:02,2020-04-21T15:13,43888.81,7.5,18.51,4.01,85,1011.7,11.0,0.203,30.5
1206,10906X0039/C2-1,BSS002MNYD,2020-04-22,104.59,Valeur mesurée,Syndicat Mixte pour la Protection et la Gestion des Nappes Souterraines de la Plaine du Roussillon  (20001584000016),2.685378283,42.685696389,2020-04-22T03:01,2020-04-22T15:13,43897.2,9.2,12.39,2.52,99,1011.9,6.8,0.214,30.1
1207,10906X0039/C2-1,BSS002MNYD,2020-04-23,104.63,Valeur mesurée,Syndicat Mixte pour la Protection et la Gestion des Nappes Souterraines de la Plaine du Roussillon  (20001584000016),2.685378283,42.685696389,2020-04-23T03:01,2020-04-23T15:13,43905.51,0.4,22.07,4.94,76,1011.5,7.2,0.219,30.0
1208,10906X0039/C2-1,BSS002MNYD,2020-04-24,104.62,Valeur mesurée,Syndicat Mixte pour la Protection et la Gestion des Nappes Souterraines de la Plaine du Roussillon  (20001584000016),2.685378283,42.685696389,2020-04-24T03:01,2020-04-24T15:13,43913.78,10.9,19.95,4.15,84,1012.0,8.4,0.22,29.9
1209,10906X0039/C2-1,BSS002MNYD,2020-04-25,104.57,Valeur mesurée,Syndicat Mixte pour la Protection et la Gestion des Nappes Souterraines de la Plaine du Roussillon  (20001584000016),2.685378283,42.685696389,2020-04-25T03:01,2020-04-25T15:13,43922.04,3.7,18.65,3.95,89,1011.8,11.0,0.226,29.7
1210,10906X0039/C2-1,BSS002MNYD,2020-04-26,104.52,Valeur mesurée,Syndicat Mixte pour la Protection et la Gestion des Nappes Souterraines de la Plaine du Roussillon  (20001584000016),2.685378283,42.685696389,2020-04-26T03:00,2020-04-26T15:13,43930.28,0.9,20.9,4.62,63,1012.1,11.1,0.224,29.6
1211,10906X0039/C2-1,BSS002MNYD,2020-04-27,104.47,Valeur mesurée,Syndicat Mixte pour la Protection et la Gestion des Nappes Souterraines de la Plaine du Roussillon  (20001584000016),2.685378283,42.685696389,2020-04-27T03:00,2020-04-27T15:13,43938.48,6.5,20.95,4.55,67,1012.8,11.3,0.22,29.6
1212,10906X0039/C2-1,BSS002MNYD,2020-04-28,104.44,Valeur mesurée,Syndicat Mixte pour la Protection et la Gestion des Nappes Souterraines de la Plaine du Roussillon  (20001584000016),2.685378283,42.685696389,2020-04-28T03:00,2020-04-28T15:12,43946.63,8.0,20.96,4.41,71,1013.1,10.0,0.221,29.5
1213,10906X0039/C2-1,BSS002MNYD,2020-04-29,104.4,Valeur mesurée,Syndicat Mixte pour la Protection et la Gestion des Nappes Souterraines de la Plaine du Roussillon  (20001584000016),2.685378283,42.685696389,2020-04-29T03:00,2020-04-29T15:12,43954.74,5.5,17.04,3.84,79,1013.2,13.3,0.222,29.3
1214,10906X0039/C2-1,BSS002MNYD,2020-04-30,104.38,Valeur mesurée,Syndicat Mixte pour la Protection et la Gestion des Nappes Souterraines de la Plaine du Roussillon  (20001584000016),2.685378283,42.685696389,2020-04-30T03:00,2020-04-30T15:12,43962.8,1.5,18.48,4.07,75,1013.8,14.1,0.223,29.1
1215,10906X0039/C2-1,BSS002MNYD,2020-05-01,104.37,Valeur mesurée,Syndicat Mixte pour la Protection et la Gestion des Nappes Souterraines de la Plaine du Roussillon  (20001584000016),2.685378283,42.685696389,2020-05-01T02:59,2020-05-01T15:12,43970.8,5.3,16.07,3.21,85,1013.9,14.2,0.23,28.9
1216,10906X0039/C2-1,BSS002MNYD,2020-05-02,104.36,Valeur mesurée,Syndicat Mixte pour la Protection et la Gestion des Nappes Souterraines de la Plaine du Roussillon  (20001584000016),2.685378283,42.685696389,2020-05-02T02:59,2020-05-02T15:12,43978.73,0.5,20.75,4.58,52,1012.5,12.5,0.228,28.9
1217,10906X0039/C2-1,BSS002MNYD,2020-05-03,104.35,Valeur mesurée,Syndicat Mixte pour la Protection et la Gestion des Nappes Souterraines de la Plaine du Roussillon  (20001584000016),2.685378283,42.685696389,2020-05-03T02:59,2020-05-03T15:12,43986.58,0.7,20.5,4.65,90,1012.2,15.8,0.228,28.9
1218,10906X0039/C2-1,BSS002MNYD,2020-05-04,104.34,Valeur mesurée,Syndicat Mixte pour la Protection et la Gestion des Nappes Souterraines de la Plaine du Roussillon  (20001584000016),2.685378283,42.685696389,2020-05-04T02:59,2020-05-04T15:12,43994.35,0.5,22.94,5.0,44,1012.5,14.6,0.224,28.9
1219,10906X0039/C2-1,BSS002MNYD,2020-05-05,104.35,Valeur mesurée,Syndicat Mixte pour la Protection et la Gestion des Nappes Souterraines de la Plaine du Roussillon  (20001584000016),2.685378283,42.685696389,2020-05-05T02:59,2020-05-05T15:12,44002.03,1.8,20.69,4.38,95,1012.5,12.0,0.221,28.9
1220,10906X0039/C2-1,BSS002MNYD,2020-05-06,104.34,Valeur mesurée,Syndicat Mixte pour la Protection et la Gestion des Nappes Souterraines de la Plaine du Roussillon  (20001584000016),2.685378283,42.685696389,2020-05-06T02:59,2020-05-06T15:12,44009.6,4.7,19.01,4.05,70,1012.2,14.1,0.223,28.8
1221,10906X0039/C2-1,BSS002MNYD,2020-05-07,104.33,Valeur mesurée,Syndicat Mixte pour la Protection et la Gestion des Nappes Souterraines de la Plaine du Roussillon  (20001584000016),2.685378283,42.685696389,2020-05-07T02:59,2020-05-07T15:12,44017.07,10.1,15.02,3.14,93,1012.5,11.5,0.227,28.7
1222,10906X0039/C2-1,BSS002MNYD,2020-05-08,104.32,Valeur mesurée,Syndicat Mixte pour la Protection et la Gestion des Nappes Souterraines de la Plaine du Roussillon  (20001584000016),2.685378283,42.685696389,2020-05-08T02:58,2020-05-08T15:12,44024.42,1.1,20.68,4.37,60,1012.1,13.0,0.226,28.7
1223,10906X0039/C2-1,BSS002MNYD,2020-05-09,104.31,Valeur mesurée,Syndicat Mixte pour la Protection et la Gestion des Nappes Souterraines de la Plaine du Roussillon  (20001584000016),2.685378283,42.685696389,2020-05-09T02:58,2020-05-09T15:12,44031.65,0.7,19.88,4.39,57,1012.3,14.2,0.224,28.7
1224,10906X0039/C2-1,BSS002MNYD,2020-05-10,104.32,Valeur mesurée,Syndicat Mixte pour la Protection et la Gestion des Nappes Souterraines de la Plaine du Roussillon  (20001584000016),2.685378283,42.685696389,2020-05-10T02:58,2020-05-10T15:12,44038.75,0.5,18.44,4.38,71,1013.0,16.4,0.22,28.7
1225,10906X0039/C2-1,BSS002MNYD,2020-05-11,104.31,Valeur mesurée,Syndicat Mixte pour la Protection et la Gestion des Nappes Souterraines de la Plaine du Roussillon  (20001584000016),2.685378283,42.685696389,2020-05-11T02:58,2020-05-11T15:12,44045.7,0.9,21.5,5.14,67,1012.8,15.0,0.216,28.8
1226,10906X0039/C2-1,BSS002MNYD,2020-05-12,104.29,Valeur mesurée,Syndicat Mixte pour la Protection et la Gestion des Nappes Souterraines de la Plaine du Roussillon  (20001584000016),2.685378283,42.685696389,2020-05-12T02:58,2020-05-12T15:12,44052.51,0.0,21.45,4.92,47,1012.7,16.1,0.213,28.8
1227,10906X0039/C2-1,BSS002MNYD,2020-05-13,104.28,Valeur mesurée,Syndicat Mixte pour la Protection et la Gestion des Nappes Souterraines de la Plaine du Roussillon  (20001584000016),2.685378283,42.685696389,2020-05-13T02:58,2020-05-13T15:12,44059.16,0.0,22.99,5.39,42,1012.6,18.2,0.209,28.8
1228,10906X0039/C2-1,BSS002MNYD,2020-05-14,104.29,Valeur mesurée,Syndicat Mixte pour la Protection et la Gestion des Nappes Souterraines de la Plaine du Roussillon  (20001584000016),2.685378283,42.685696389,2020-05-14T02:58,2020-05-14T15:12,44065.73,0.0,22.48,5.59,32,1012.5,16.3,0.206,28.9
1229,10906X0039/C2-1,BSS002MNYD,2020-05-15,104.3,Valeur mesurée,Syndicat Mixte pour la Protection et la Gestion des Nappes Souterraines de la Plaine du Roussillon  (20001584000016),2.685378283,42.685696389,2020-05-15T02:58,2020-05-15T15:12,44072.2,0.1,21.33,5.23,32,1012.6,16.8,0.204,29.0
1230,10906X0039/C2-1,BSS002MNYD,2020-05-16,104.31,Valeur mesurée,Syndicat Mixte pour la Protection et la Gestion des Nappes Souterraines de la Plaine du Roussillon  (20001584000016),2.685378283,42.685696389,2020-05-16T02:58,2020-05-16T15:12,44078.57,0.0,21.81,5.87,30,1013.0,19.7,0.201,29.2
1231,10906X0039/C2-1,BSS002MNYD,2020-05-17,104.31,Valeur mesurée,Syndicat Mixte pour la Protection et la Gestion des Nappes Souterraines de la Plaine du Roussillon  (20001584000016),2.685378283,42.685696389,2020-05-17T02:58,2020-05-17T15:13,44084.84,0.1,18.56,5.26,35,1014.6,18.7,0.199,29.1
1232,10906X0039/C2-1,BSS002MNYD,2020-05-18,104.29,Valeur mesurée,Syndicat Mixte pour la Protection et la Gestion des Nappes Souterraines de la Plaine du Roussillon  (20001584000016),2.685378283,42.685696389,2020-05-18T02:58,2020-05-18T15:13,44091.0,0.0,18.22,4.92,39,1014.0,16.8,0.198,29.1
1233,10906X0039/C2-1,BSS002MNYD,2020-05-19,104.29,Valeur mesurée,Syndicat Mixte pour la Protection et la Gestion des Nappes Souterraines de la Plaine du Roussillon  (20001584000016),2.685378283,42.685696389,2020-05-19T02:58,2020-05-19T15:13,44097.04,0.0,23.63,6.32,56,1013.3,18.8,0.197,29.3
1234,10906X0039/C2-1,BSS002MNYD,2020-05-20,104.28,Valeur mesurée,Syndicat Mixte pour la Protection et la Gestion des Nappes Souterraines de la Plaine du Roussillon  (20001584000016),2.685378283,42.685696389,2020-05-20T02:58,2020-05-20T15:13,44102.96,0.2,20.0,5.43,49,1014.2,20.9,0.196,29.3
1235,10906X0039/C2-1,BSS002MNYD,2020-05-21,104.28,Valeur mesurée,Syndicat Mixte pour la Protection et la Gestion des Nappes Souterraines de la Plaine du Roussillon  (20001584000016),2.685378283,42.685696389,2020-05-21T02:58,2020-05-21T15:13,44108.75,2.9,18.44,4.67,78,1015.2,20.3,0.196,29.2
1236,10906X0039/C2-1,BSS002MNYD,2020-05-22,104.28,Valeur mesurée,Syndicat Mixte pour la Protection et la Gestion des Nappes Souterraines de la Plaine du Roussillon  (20001584000016),2.685378283,42.685696389,2020-05-22T02:58,2020-05-22T15:13,44114.4,1.6,19.33,4.98,44,1015.7,19.7,0.196,29.1
1237,10906X0039/C2-1,BSS002MNYD,2020-05-23,104.28,Valeur mesurée,Syndicat Mixte pour la Protection et la Gestion des Nappes Souterraines de la Plaine du Roussillon  (20001584000016),2.685378283,42.685696389,2020-05-23T02:58,2020-05-23T15:13,44119.92,2.1,20.7,5.14,23,1015.1,17.8,0.196,29.1
1238,10906X0039/C2-1,BSS002MNYD,2020-05-24,104.27,Valeur mesurée,Syndicat Mixte pour la Protection et la Gestion des Nappes Souterraines de la Plaine du Roussillon  (20001584000016),2.685378283,42.685696389,2020-05-24T02:58,2020-05-24T15:13,44125.28,0.0,20.17,5.6,39,1013.5,18.8,0.195,29.1
1239,10906X0039/C2-1,BSS002MNYD,2020-05-25,104.28,Valeur mesurée,Syndicat Mixte pour la Protection et la Gestion des Nappes Souterraines de la Plaine du Roussillon  (20001584000016),2.685378283,42.685696389,2020-05-25T02:58,2020-05-25T15:14,44130.48,0.1,18.01,4.89,70,1013.4,19.6,0.192,29.2
1240,10906X0039/C2-1,BSS002MNYD,2020-05-26,104.29,Valeur mesurée,Syndicat Mixte pour la Protection et la Gestion des Nappes Souterraines de la Plaine du Roussillon  (20001584000016),2.685378283,42.685696389,2020-05-26T02:58,2020-05-26T15:14,44135.51,0.3,18.5,5.3,38,1013.2,17.6,0.191,29.3
1241,10906X0039/C2-1,BSS002MNYD,2020-05-27,104.3,Valeur mesurée,Syndicat Mixte pour la Protection et la Gestion des Nappes Souterraines de la Plaine du Roussillon  (20001584000016),2.685378283,42.685696389,2020-05-27T02:58,2020-05-27T15:14,44140.38,0.0,18.57,5.07,50,1013.8,18.1,0.19,29.3
1242,10906X0039/C2-1,BSS002MNYD,2020-05-28,104.32,Valeur mesurée,Syndicat Mixte pour la Protection et la Gestion des Nappes Souterraines de la Plaine du Roussillon  (20001584000016),2.685378283,42.685696389,2020-05-28T02:58,2020-05-28T15:14,44145.06,1.8,17.51,4.51,75,1013.2,16.4,0.19,29.4
1243,10906X0039/C2-1,BSS002MNYD,2020-05-29,104.38,Valeur mesurée,Syndicat Mixte pour la Protection et la Gestion des Nappes Souterraines de la Plaine du Roussillon  (20001584000016),2.685378283,42.685696389,2020-05-29T02:58,2020-05-29T15:14,44149.57,0.0,19.8,5.75,78,1012.8,19.5,0.189,29.5
1244,10906X0039/C2-1,BSS002MNYD,2020-05-30,104.38,Valeur mesurée,Syndicat Mixte pour la Protection et la Gestion des Nappes Souterraines de la Plaine du Roussillon  (20001584000016),2.685378283,42.685696389,2020-05-30T02:58,2020-05-30T15:14,44153.87,0.0,22.96,6.69,46,1012.7,20.4,0.187,29.5
1245,10906X0039/C2-1,BSS002MNYD,2020-05-31,104.32,Valeur mesurée,Syndicat Mixte pour la Protection et la Gestion des Nappes Souterraines de la Plaine du Roussillon  (20001584000016),2.685378283,42.685696389,2020-05-31T02:59,2020-05-31T15:15,44157.99,0.1,19.28,5.83,47,1013.7,22.0,0.186,29.6
1246,10906X0039/C2-1,BSS002MNYD,2020-06-01,104.33,Valeur mesurée,Syndicat Mixte pour la Protection et la Gestion des Nappes Souterraines de la Plaine du Roussillon  (20001584000016),2.685378283,42.685696389,2020-06-01T02:59,2020-06-01T15:15,44161.89,0.4,20.94,6.01,67,1013.9,21.7,0.184,29.8
1247,10906X0039/C2-1,BSS002MNYD,2020-06-02,104.34,Valeur mesurée,Syndicat Mixte pour la Protection et la Gestion des Nappes Souterraines de la Plaine du Roussillon  (20001584000016),2.685378283,42.685696389,2020-06-02T02:59,2020-06-02T15:15,44165.58,1.6,17.02,5.05,58,1013.5,21.3,0.185,29.8
1248,10906X0039/C2-1,BSS002MNYD,2020-06-03,104.33,Valeur mesurée,Syndicat Mixte pour la Protection et la Gestion des Nappes Souterraines de la Plaine du Roussillon  (20001584000016),2.685378283,42.685696389,2020-06-03T02:59,2020-06-03T15:15,44169.1,0.2,16.95,5.39,61,1013.4,21.9,0.185,29.7
1249,10906X0039/C2-1,BSS002MNYD,2020-06-04,104.32,Valeur mesurée,Syndicat Mixte pour la Protection et la Gestion des Nappes Souterraines de la Plaine du Roussillon  (20001584000016),2.685378283,42.685696389,2020-06-04T02:59,2020-06-04T15:15,44172.44,0.4,15.7,5.02,81,1013.6,20.5,0.187,29.5
1250,10906X0039/C2-1,BSS002MNYD,2020-06-05,104.32,Valeur mesurée,Syndicat Mixte pour la Protection et la Gestion des Nappes Souterraines de la Plaine du Roussillon  (20001584000016),2.685378283,42.685696389,2020-06-05T02:59,2020-06-05T15:15,44175.62,0.1,16.47,5.77,63,1013.6,22.3,0.185,29.6
1251,10906X0039/C2-1,BSS002MNYD,2020-06-06,104.3,Valeur mesurée,Syndicat Mixte pour la Protection et la Gestion des Nappes Souterraines de la Plaine du Roussillon  (20001584000016),2.685378283,42.685696389,2020-06-06T02:59,2020-06-06T15:16,44178.6,0.0,15.87,5.15,77,1013.1,20.7,0.185,29.6
1252,10906X0039/C2-1,BSS002MNYD,2020-06-07,104.3,Valeur mesurée,Syndicat Mixte pour la Protection et la Gestion des Nappes Souterraines de la Plaine du Roussillon  (20001584000016),2.685378283,42.685696389,2020-06-07T02:59,2020-06-07T15:16,44181.42,0.9,14.86,4.48,95,1012.8,23.2,0.185,29.6
1253,10906X0039/C2-1,BSS002MNYD,2020-06-08,104.3,Valeur mesurée,Syndicat Mixte pour la Protection et la Gestion des Nappes Souterraines de la Plaine du Roussillon  (20001584000016),2.685378283,42.685696389,2020-06-08T03:00,2020-06-08T15:16,44184.04,3.5,16.11,4.31,94,1013.5,22.0,0.187,29.2
1254,10906X0039/C2-1,BSS002MNYD,2020-06-09,104.3,Valeur mesurée,Syndicat Mixte pour la Protection et la Gestion des Nappes Souterraines de la Plaine du Roussillon  (20001584000016),2.685378283,42.685696389,2020-06-09T03:00,2020-06-09T15:16,44186.48,1.0,17.67,4.79,83,1013.5,19.2,0.186,29.1
1255,10906X0039/C2-1,BSS002MNYD,2020-06-10,104.31,Valeur mesurée,Syndicat Mixte pour la Protection et la Gestion des Nappes Souterraines de la Plaine du Roussillon  (20001584000016),2.685378283,42.685696389,2020-06-10T03:00,2020-06-10T15:17,44188.72,0.0,21.21,5.66,54,1013.4,19.2,0.184,29.1
1256,10906X0039/C2-1,BSS002MNYD,2020-06-11,104.31,Valeur mesurée,Syndicat Mixte pour la Protection et la Gestion des Nappes Souterraines de la Plaine du Roussillon  (20001584000016),2.685378283,42.685696389,2020-06-11T03:00,2020-06-11T15:17,44190.78,0.8,21.89,5.85,74,1012.9,20.5,0.183,29.1
1257,10906X0039/C2-1,BSS002MNYD,2020-06-12,104.3,Valeur mesurée,Syndicat Mixte pour la Protection et la Gestion des Nappes Souterraines de la Plaine du Roussillon  (20001584000016),2.685378283,42.685696389,2020-06-12T03:00,2020-06-12T15:17,44192.64,0.0,19.93,6.0,78,1012.4,21.9,0.182,29.2
1258,10906X0039/C2-1,BSS002MNYD,2020-06-13,104.3,Valeur mesurée,Syndicat Mixte pour la Protection et la Gestion des Nappes Souterraines de la Plaine du Roussillon  (20001584000016),2.685378283,42.685696389,2020-06-13T03:01,2020-06-13T15:17,44194.3,0.0,16.85,5.69,80,1012.9,23.3,0.182,29.2
1259,10906X0039/C2-1,BSS002MNYD,2020-06-14,104.29,Valeur mesurée,Syndicat Mixte pour la Protection et la Gestion des Nappes Souterraines de la Plaine du Roussillon  (20001584000016),2.685378283,42.685696389,2020-06-14T03:01,2020-06-14T15:17,44195.76,0.0,18.66,6.66,59,1014.2,24.3,0.181,29.4
1260,10906X0039/C2-1,BSS002MNYD,2020-06-15,104.29,Valeur mesurée,Syndicat Mixte pour la Protection et la Gestion des Nappes Souterraines de la Plaine du Roussillon  (20001584000016),2.685378283,42.685696389,2020-06-15T03:01,2020-06-15T15:18,44197.02,0.4,19.44,6.13,65,1014.5,23.6,0.18,29.4
1261,10906X0039/C2-1,BSS002MNYD,2020-06-16,104.28,Valeur mesurée,Syndicat Mixte pour la Protection et la Gestion des Nappes Souterraines de la Plaine du Roussillon  (20001584000016),2.685378283,42.685696389,2020-06-16T03:01,2020-06-16T15:18,44198.08,0.2,16.01,5.86,91,1014.1,24.4,0.18,29.4
1262,10906X0039/C2-1,BSS002MNYD,2020-06-17,104.28,Valeur mesurée,Syndicat Mixte pour la Protection et la Gestion des Nappes Souterraines de la Plaine du Roussillon  (20001584000016),2.685378283,42.685696389,2020-06-17T03:01,2020-06-17T15:18,44198.92,0.0,21.25,7.48,75,1013.9,24.4,0.18,29.5
1263,10906X0039/C2-1,BSS002MNYD,2020-06-18,104.27,Valeur mesurée,Syndicat Mixte pour la Protection et la Gestion des Nappes Souterraines de la Plaine du Roussillon  (20001584000016),2.685378283,42.685696389,2020-06-18T03:02,2020-06-18T15:18,44199.56,0.0,16.55,6.14,82,1013.8,23.8,0.18,29.4
1264,10906X0039/C2-1,BSS002MNYD,2020-06-19,104.26,Valeur mesurée,Syndicat Mixte pour la Protection et la Gestion des Nappes Souterraines de la Plaine du Roussillon  (20001584000016),2.685378283,42.685696389,2020-06-19T03:02,2020-06-19T15:19,44199.99,0.0,16.14,5.83,80,1013.7,24.0,0.179,29.5
1265,10906X0039/C2-1,BSS002MNYD,2020-06-20,104.26,Valeur mesurée,Syndicat Mixte pour la Protection et la Gestion des Nappes Souterraines de la Plaine du Roussillon  (20001584000016),2.685378283,42.685696389,2020-06-20T03:02,2020-06-20T15:19,44200.2,0.0,21.14,7.36,43,1013.1,25.1,0.179,29.6
1266,10906X0039/C2-1,BSS002MNYD,2020-06-21,104.25,Valeur mesurée,Syndicat Mixte pour la Protection et la Gestion des Nappes Souterraines de la Plaine du Roussillon  (20001584000016),2.685378283,42.685696389,2020-06-21T03:02,2020-06-21T15:19,44200.2,0.0,22.15,8.05,66,1012.1,25.5,0.179,29.8
1267,10906X0039/C2-1,BSS002MNYD,2020-06-22,104.23,Valeur mesurée,Syndicat Mixte pour la Protection et la Gestion des Nappes Souterraines de la Plaine du Roussillon  (20001584000016),2.685378283,42.685696389,2020-06-22T03:02,2020-06-22T15:19,44199.99,0.0,22.17,7.5,56,1011.5,23.8,0.178,30.0
1268,10906X0039/C2-1,BSS002MNYD,2020-06-23,104.24,Valeur mesurée,Syndicat Mixte pour la Protection et la Gestion des Nappes Souterraines de la Plaine du Roussillon  (20001584000016),2.685378283,42.685696389,2020-06-23T03:03,2020-06-23T15:19,44199.55,0.3,18.03,6.34,60,1011.9,24.6,0.178,30.2
1269,10906X0039/C2-1,BSS002MNYD,2020-06-24,104.24,Valeur mesurée,Syndicat Mixte pour la Protection et la Gestion des Nappes Souterraines de la Plaine du Roussillon  (20001584000016),2.685378283,42.685696389,2020-06-24T03:03,2020-06-24T15:20,44198.89,0.7,17.54,5.65,49,1012.7,22.6,0.178,30.1
1270,10906X0039/C2-1,BSS002MNYD,2020-06-25,104.24,Valeur mesurée,Syndicat Mixte pour la Protection et la Gestion des Nappes Souterraines de la Plaine du Roussillon  (20001584000016),2.685378283,42.685696389,2020-06-25T03:03,2020-06-25T15:20,44198.01,0.2,15.67,5.45,67,1012.0,21.8,0.178,29.9
1271,10906X0039/C2-1,BSS002MNYD,2020-06-26,104.24,Valeur mesurée,Syndicat Mixte pour la Protection et la Gestion des Nappes Souterraines de la Plaine du Roussillon  (20001584000016),2.685378283,42.685696389,2020-06-26T03:03,2020-06-26T15:20,44196.92,1.4,15.8,4.93,50,1012.0,22.4,0.179,29.7
1272,10906X0039/C2-1,BSS002MNYD,2020-06-27,104.23,Valeur mesurée,Syndicat Mixte pour la Protection et la Gestion des Nappes Souterraines de la Plaine du Roussillon  (20001584000016),2.685378283,42.685696389,2020-06-27T03:04,2020-06-27T15:20,44195.62,0.1,14.8,4.6,67,1012.7,22.0,0.179,29.6
1273,10906X0039/C2-1,BSS002MNYD,2020-06-28,104.26,Valeur mesurée,Syndicat Mixte pour la Protection et la Gestion des Nappes Souterraines de la Plaine du Roussillon  (20001584000016),2.685378283,42.685696389,2020-06-28T03:04,2020-06-28T15:20,44194.12,2.4,15.04,4.03,70,1012.8,19.9,0.181,29.4
1274,10906X0039/C2-1,BSS002MNYD,2020-06-29,104.31,Valeur mesurée,Syndicat Mixte pour la Protection et la Gestion des Nappes Souterraines de la Plaine du Roussillon  (20001584000016),2.685378283,42.685696389,2020-06-29T03:04,2020-06-29T15:21,44192.41,2.5,14.84,3.91,75,1012.5,19.6,0.181,29.3
1275,10906X0039/C2-1,BSS002MNYD,2020-06-30,104.31,Valeur mesurée,Syndicat Mixte pour la Protection et la Gestion des Nappes Souterraines de la Plaine du Roussillon  (20001584000016),2.685378283,42.685696389,2020-06-30T03:04,2020-06-30T15:21,44190.5,3.8,15.63,4.09,82,1012.4,20.6,0.187,29.2
1276,10906X0039/C2-1,BSS002MNYD,2020-07-01,104.31,Valeur mesurée,Syndicat Mixte pour la Protection et la Gestion des Nappes Souterraines de la Plaine du Roussillon  (20001584000016),2.685378283,42.685696389,2020-07-01T03:04,2020-07-01T15:21,44188.39,0.6,16.45,5.38,88,1013.2,25.2,0.193,29.1
1277,10906X0039/C2-1,BSS002MNYD,2020-07-02,104.28,Valeur mesurée,Syndicat Mixte pour la Protection et la Gestion des Nappes Souterraines de la Plaine du Roussillon  (20001584000016),2.685378283,42.685696389,2020-07-02T03:05,2020-07-02T15:21,44186.09,0.0,16.88,5.95,80,1013.4,25.1,0.191,28.9
1278,10906X0039/C2-1,BSS002MNYD,2020-07-03,104.26,Valeur mesurée,Syndicat Mixte pour la Protection et la Gestion des Nappes Souterraines de la Plaine du Roussillon  (20001584000016),2.685378283,42.685696389,2020-07-03T03:05,2020-07-03T15:21,44183.6,0.0,20.02,6.47,69,1013.3,23.5,0.19,28.9
1279,10906X0039/C2-1,BSS002MNYD,2020-07-04,104.25,Valeur mesurée,Syndicat Mixte pour la Protection et la Gestion des Nappes Souterraines de la Plaine du Roussillon  (20001584000016),2.685378283,42.685696389,2020-07-04T03:05,2020-07-04T15:21,44180.93,0.0,18.27,5.93,67,1013.3,22.5,0.189,28.8
1280,10906X0039/C2-1,BSS002MNYD,2020-07-05,104.24,Valeur mesurée,Syndicat Mixte pour la Protection et la Gestion des Nappes Souterraines de la Plaine du Roussillon  (20001584000016),2.685378283,42.685696389,2020-07-05T03:05,2020-07-05T15:22,44178.07,0.1,17.05,5.96,73,1012.0,24.9,0.189,28.9
1281,10906X0039/C2-1,BSS002MNYD,2020-07-06,104.23,Valeur mesurée,Syndicat Mixte pour la Protection et la Gestion des Nappes Souterraines de la Plaine du Roussillon  (20001584000016),2.685378283,42.685696389,2020-07-06T03:05,2020-07-06T15:22,44175.03,0.0,18.98,6.91,92,1011.7,26.3,0.188,29.0
1282,10906X0039/C2-1,BSS002MNYD,2020-07-07,104.24,Valeur mesurée,Syndicat Mixte pour la Protection et la Gestion des Nappes Souterraines de la Plaine du Roussillon  (20001584000016),2.685378283,42.685696389,2020-07-07T03:06,2020-07-07T15:22,44171.82,0.0,19.12,6.56,89,1012.4,22.1,0.188,29.2
1283,10906X0039/C2-1,BSS002MNYD,2020-07-08,104.25,Valeur mesurée,Syndicat Mixte pour la Protection et la Gestion des Nappes Souterraines de la Plaine du Roussillon  (20001584000016),2.685378283,42.685696389,2020-07-08T03:06,2020-07-08T15:22,44168.43,0.0,13.14,5.25,85,1012.7,21.2,0.187,29.3
1284,10906X0039/C2-1,BSS002MNYD,2020-07-09,104.26,Valeur mesurée,Syndicat Mixte pour la Protection et la Gestion des Nappes Souterraines de la Plaine du Roussillon  (20001584000016),2.685378283,42.685696389,2020-07-09T03:06,2020-07-09T15:22,44164.88,1.0,19.6,5.85,48,1012.4,19.4,0.187,29.5
1285,10906X0039/C2-1,BSS002MNYD,2020-07-10,104.24,Valeur mesurée,Syndicat Mixte pour la Protection et la Gestion des Nappes Souterraines de la Plaine du Roussillon  (20001584000016),2.685378283,42.685696389,2020-07-10T03:06,2020-07-10T15:22,44161.16,1.7,16.57,5.01,81,1012.6,20.3,0.187,29.4
1286,10906X0039/C2-1,BSS002MNYD,2020-07-11,104.22,Valeur mesurée,Syndicat Mixte pour la Protection et la Gestion des Nappes Souterraines de la Plaine du Roussillon  (20001584000016),2.685378283,42.685696389,2020-07-11T03:06,2020-07-11T15:22,44157.29,0.0,17.48,5.59,67,1013.0,22.3,0.187,29.3
1287,10906X0039/C2-1,BSS002MNYD,2020-07-12,104.21,Valeur mesurée,Syndicat Mixte pour la Protection et la Gestion des Nappes Souterraines de la Plaine du Roussillon  (20001584000016),2.685378283,42.685696389,2020-07-12T03:06,2020-07-12T15:22,44153.24,1.7,15.25,4.57,81,1012.6,21.7,0.187,29.3
1288,10906X0039/C2-1,BSS002MNYD,2020-07-13,104.19,Valeur mesurée,Syndicat Mixte pour la Protection et la Gestion des Nappes Souterraines de la Plaine du Roussillon  (20001584000016),2.685378283,42.685696389,2020-07-13T03:07,2020-07-13T15:22,44149.01,0.1,17.35,5.39,54,1011.6,23.2,0.187,29.2
1289,10906X0039/C2-1,BSS002MNYD,2020-07-14,104.21,Valeur mesurée,Syndicat Mixte pour la Protection et la Gestion des Nappes Souterraines de la Plaine du Roussillon  (20001584000016),2.685378283,42.685696389,2020-07-14T03:07,2020-07-14T15:23,44144.56,0.1,16.81,5.25,71,1012.3,23.3,0.186,29.1
1290,10906X0039/C2-1,BSS002MNYD,2020-07-15,104.21,Valeur mesurée,Syndicat Mixte pour la Protection et la Gestion des Nappes Souterraines de la Plaine du Roussillon  (20001584000016),2.685378283,42.685696389,2020-07-15T03:07,2020-07-15T15:23,44139.93,0.0,18.55,6.04,98,1014.1,22.2,0.186,29.2
1291,10906X0039/C2-1,BSS002MNYD,2020-07-16,104.18,Valeur mesurée,Syndicat Mixte pour la Protection et la Gestion des Nappes Souterraines de la Plaine du Roussillon  (20001584000016),2.685378283,42.685696389,2020-07-16T03:07,2020-07-16T15:23,44135.11,1.1,18.62,5.95,96,1014.7,26.0,0.186,29.1
1292,10906X0039/C2-1,BSS002MNYD,2020-07-17,104.16,Valeur mesurée,Syndicat Mixte pour la Protection et la Gestion des Nappes Souterraines de la Plaine du Roussillon  (20001584000016),2.685378283,42.685696389,2020-07-17T03:07,2020-07-17T15:23,44130.11,0.0,17.97,6.39,97,1013.6,25.8,0.186,28.9
1293,10906X0039/C2-1,BSS002MNYD,2020-07-18,104.15,Valeur mesurée,Syndicat Mixte pour la Protection et la Gestion des Nappes Souterraines de la Plaine du Roussillon  (20001584000016),2.685378283,42.685696389,2020-07-18T03:07,2020-07-18T15:23,44124.94,0.0,19.35,6.93,83,1013.0,28.9,0.185,28.9
1294,10906X0039/C2-1,BSS002MNYD,2020-07-19,104.13,Valeur mesurée,Syndicat Mixte pour la Protection et la Gestion des Nappes Souterraines de la Plaine du Roussillon  (20001584000016),2.685378283,42.685696389,2020-07-19T03:07,2020-07-19T15:23,44119.61,2.6,15.66,4.71,74,1013.9,26.0,0.185,28.8
1295,10906X0039/C2-1,BSS002MNYD,2020-07-20,104.12,Valeur mesurée,Syndicat Mixte pour la Protection et la Gestion des Nappes Souterraines de la Plaine du Roussillon  (20001584000016),2.685378283,42.685696389,2020-07-20T03:07,2020-07-20T15:23,44114.13,0.0,19.81,6.69,86,1013.3,24.2,0.185,28.8
1296,10906X0039/C2-1,BSS002MNYD,2020-07-21,104.15,Valeur mesurée,Syndicat Mixte pour la Protection et la Gestion des Nappes Souterraines de la Plaine du Roussillon  (20001584000016),2.685378283,42.685696389,2020-07-21T03:08,2020-07-21T15:23,44108.49,0.2,12.77,4.78,88,1012.8,25.8,0.184,28.7
1297,10906X0039/C2-1,BSS002MNYD,2020-07-22,104.15,Valeur mesurée,Syndicat Mixte pour la Protection et la Gestion des Nappes Souterraines de la Plaine du Roussillon  (20001584000016),2.685378283,42.685696389,2020-07-22T03:08,2020-07-22T15:23,44102.72,0.1,15.02,5.52,86,1011.7,26.6,0.183,28.6
1298,10906X0039/C2-1,BSS002MNYD,2020-07-23,104.16,Valeur mesurée,Syndicat Mixte pour la Protection et la Gestion des Nappes Souterraines de la Plaine du Roussillon  (20001584000016),2.685378283,42.685696389,2020-07-23T03:08,2020-07-23T15:23,44096.81,0.0,16.34,5.84,78,1011.9,25.7,0.183,28.6
1299,10906X0039/C2-1,BSS002MNYD,2020-07-24,104.15,Valeur mesurée,Syndicat Mixte pour la Protection et la Gestion des Nappes Souterraines de la Plaine du Roussillon  (20001584000016),2.685378283,42.685696389,2020-07-24T03:08,2020-07-24T15:23,44090.78,0.0,18.95,6.88,76,1011.9,27.5,0.183,28.7
1300,10906X0039/C2-1,BSS002MNYD,2020-07-25,104.15,Valeur mesurée,Syndicat Mixte pour la Protection et la Gestion des Nappes Souterraines de la Plaine du Roussillon  (20001584000016),2.685378283,42.685696389,2020-07-25T03:08,2020-07-25T15:23,44084.62,0.0,19.05,6.87,49,1012.4,26.9,0.183,28.8
1301,10906X0039/C2-1,BSS002MNYD,2020-07-26,104.13,Valeur mesurée,Syndicat Mixte pour la Protection et la Gestion des Nappes Souterraines de la Plaine du Roussillon  (20001584000016),2.685378283,42.685696389,2020-07-26T03:08,2020-07-26T15:23,44078.36,2.3,14.46,4.59,70,1013.0,23.3,0.184,28.7
1302,10906X0039/C2-1,BSS002MNYD,2020-07-27,104.12,Valeur mesurée,Syndicat Mixte pour la Protection et la Gestion des Nappes Souterraines de la Plaine du Roussillon  (20001584000016),2.685378283,42.685696389,2020-07-27T03:08,2020-07-27T15:23,44071.98,0.4,16.33,5.69,58,1012.2,25.1,0.183,28.8
1303,10906X0039/C2-1,BSS002MNYD,2020-07-28,104.14,Valeur mesurée,Syndicat Mixte pour la Protection et la Gestion des Nappes Souterraines de la Plaine du Roussillon  (20001584000016),2.685378283,42.685696389,2020-07-28T03:08,2020-07-28T15:22,44065.51,0.8,9.85,3.87,69,1013.0,24.2,0.182,28.7
1304,10906X0039/C2-1,BSS002MNYD,2020-07-29,104.14,Valeur mesurée,Syndicat Mixte pour la Protection et la Gestion des Nappes Souterraines de la Plaine du Roussillon  (20001584000016),2.685378283,42.685696389,2020-07-29T03:08,2020-07-29T15:22,44058.95,1.4,17.19,5.02,59,1013.5,19.9,0.183,28.7
1305,10906X0039/C2-1,BSS002MNYD,2020-07-30,104.11,Valeur mesurée,Syndicat Mixte pour la Protection et la Gestion des Nappes Souterraines de la Plaine du Roussillon  (20001584000016),2.685378283,42.685696389,2020-07-30T03:08,2020-07-30T15:22,44052.3,1.5,18.02,4.91,41,1014.4,19.3,0.183,28.7
1306,10906X0039/C2-1,BSS002MNYD,2020-07-31,104.13,Valeur mesurée,Syndicat Mixte pour la Protection et la Gestion des Nappes Souterraines de la Plaine du Roussillon  (20001584000016),2.685378283,42.685696389,2020-07-31T03:08,2020-07-31T15:22,44045.58,2.7,17.59,4.93,48,1014.5,22.9,0.184,28.7
1307,10906X0039/C2-1,BSS002MNYD,2020-08-01,104.12,Valeur mesurée,Syndicat Mixte pour la Protection et la Gestion des Nappes Souterraines de la Plaine du Roussillon  (20001584000016),2.685378283,42.685696389,2020-08-01T03:08,2020-08-01T15:22,44038.77,2.2,17.02,5.05,44,1014.9,25.0,0.184,28.5
1308,10906X0039/C2-1,BSS002MNYD,2020-08-02,104.09,Valeur mesurée,Syndicat Mixte pour la Protection et la Gestion des Nappes Souterraines de la Plaine du Roussillon  (20001584000016),2.685378283,42.685696389,2020-08-02T03:08,2020-08-02T15:22,44031.82,1.1,16.6,4.68,72,1016.0,21.4,0.184,28.2
1309,10906X0039/C2-1,BSS002MNYD,2020-08-03,104.09,Valeur mesurée,Syndicat Mixte pour la Protection et la Gestion des Nappes Souterraines de la Plaine du Roussillon  (20001584000016),2.685378283,42.685696389,2020-08-03T03:08,2020-08-03T15:22,44024.74,0.2,13.34,4.36,90,1016.4,23.7,0.182,28.1
1310,10906X0039/C2-1,BSS002MNYD,2020-08-04,104.07,Valeur mesurée,Syndicat Mixte pour la Protection et la Gestion des Nappes Souterraines de la Plaine du Roussillon  (20001584000016),2.685378283,42.685696389,2020-08-04T03:08,2020-08-04T15:22,44017.52,0.4,9.68,3.61,78,1015.2,22.9,0.182,27.9
1311,10906X0039/C2-1,BSS002MNYD,2020-08-05,104.07,Valeur mesurée,Syndicat Mixte pour la Protection et la Gestion des Nappes Souterraines de la Plaine du Roussillon  (20001584000016),2.685378283,42.685696389,2020-08-05T03:08,2020-08-05T15:21,44010.18,2.3,17.3,4.91,66,1014.5,23.1,0.181,27.9
1312,10906X0039/C2-1,BSS002MNYD,2020-08-06,104.05,Valeur mesurée,Syndicat Mixte pour la Protection et la Gestion des Nappes Souterraines de la Plaine du Roussillon  (20001584000016),2.685378283,42.685696389,2020-08-06T03:08,2020-08-06T15:21,44002.72,0.0,23.01,6.54,44,1014.3,21.6,0.18,28.1
1313,10906X0039/C2-1,BSS002MNYD,2020-08-07,104.04,Valeur mesurée,Syndicat Mixte pour la Protection et la Gestion des Nappes Souterraines de la Plaine du Roussillon  (20001584000016),2.685378283,42.685696389,2020-08-07T03:08,2020-08-07T15:21,43995.16,0.0,23.59,6.97,45,1014.5,24.4,0.18,28.2
1314,10906X0039/C2-1,BSS002MNYD,2020-08-08,104.03,Valeur mesurée,Syndicat Mixte pour la Protection et la Gestion des Nappes Souterraines de la Plaine du Roussillon  (20001584000016),2.685378283,42.685696389,2020-08-08T03:08,2020-08-08T15:21,43987.51,0.3,15.0,5.6,75,1015.3,26.5,0.18,28.2
1315,10906X0039/C2-1,BSS002MNYD,2020-08-09,104.01,Valeur mesurée,Syndicat Mixte pour la Protection et la Gestion des Nappes Souterraines de la Plaine du Roussillon  (20001584000016),2.685378283,42.685696389,2020-08-09T03:08,2020-08-09T15:21,43979.75,0.5,17.47,5.77,63,1014.3,23.2,0.179,28.1
1316,10906X0039/C2-1,BSS002MNYD,2020-08-10,104.01,Valeur mesurée,Syndicat Mixte pour la Protection et la Gestion des Nappes Souterraines de la Plaine du Roussillon  (20001584000016),2.685378283,42.685696389,2020-08-10T03:08,2020-08-10T15:20,43971.92,0.0,18.01,6.15,71,1013.3,22.3,0.179,28.1
1317,10906X0039/C2-1,BSS002MNYD,2020-08-11,104.03,Valeur mesurée,Syndicat Mixte pour la Protection et la Gestion des Nappes Souterraines de la Plaine du Roussillon  (20001584000016),2.685378283,42.685696389,2020-08-11T03:07,2020-08-11T15:20,43964.01,0.3,19.05,6.03,85,1013.5,23.6,0.179,28.2
1318,10906X0039/C2-1,BSS002MNYD,2020-08-12,104.03,Valeur mesurée,Syndicat Mixte pour la Protection et la Gestion des Nappes Souterraines de la Plaine du Roussillon  (20001584000016),2.685378283,42.685696389,2020-08-12T03:07,2020-08-12T15:20,43956.04,0.0,15.67,5.18,82,1014.3,21.0,0.179,28.2
1319,10906X0039/C2-1,BSS002MNYD,2020-08-13,104.04,Valeur mesurée,Syndicat Mixte pour la Protection et la Gestion des Nappes Souterraines de la Plaine du Roussillon  (20001584000016),2.685378283,42.685696389,2020-08-13T03:07,2020-08-13T15:20,43948.0,0.0,19.79,6.25,66,1012.8,20.5,0.178,28.4
1320,10906X0039/C2-1,BSS002MNYD,2020-08-14,104.02,Valeur mesurée,Syndicat Mixte pour la Protection et la Gestion des Nappes Souterraines de la Plaine du Roussillon  (20001584000016),2.685378283,42.685696389,2020-08-14T03:07,2020-08-14T15:19,43939.91,0.0,21.62,6.74,95,1011.5,24.0,0.178,28.5
1321,10906X0039/C2-1,BSS002MNYD,2020-08-15,104.04,Valeur mesurée,Syndicat Mixte pour la Protection et la Gestion des Nappes Souterraines de la Plaine du Roussillon  (20001584000016),2.685378283,42.685696389,2020-08-15T03:07,2020-08-15T15:19,43931.78,0.0,18.33,6.2,99,1011.7,23.7,0.178,28.6
1322,10906X0039/C2-1,BSS002MNYD,2020-08-16,104.06,Valeur mesurée,Syndicat Mixte pour la Protection et la Gestion des Nappes Souterraines de la Plaine du Roussillon  (20001584000016),2.685378283,42.685696389,2020-08-16T03:07,2020-08-16T15:19,43923.6,1.7,17.43,5.39,95,1012.3,20.0,0.178,28.6
1323,10906X0039/C2-1,BSS002MNYD,2020-08-17,104.07,Valeur mesurée,Syndicat Mixte pour la Protection et la Gestion des Nappes Souterraines de la Plaine du Roussillon  (20001584000016),2.685378283,42.685696389,2020-08-17T03:07,2020-08-17T15:19,43915.39,0.0,18.59,6.07,95,1011.9,20.4,0.178,28.7
1324,10906X0039/C2-1,BSS002MNYD,2020-08-18,104.06,Valeur mesurée,Syndicat Mixte pour la Protection et la Gestion des Nappes Souterraines de la Plaine du Roussillon  (20001584000016),2.685378283,42.685696389,2020-08-18T03:07,2020-08-18T15:18,43907.15,0.0,21.88,6.66,85,1011.5,22.7,0.178,28.8
1325,10906X0039/C2-1,BSS002MNYD,2020-08-19,104.02,Valeur mesurée,Syndicat Mixte pour la Protection et la Gestion des Nappes Souterraines de la Plaine du Roussillon  (20001584000016),2.685378283,42.685696389,2020-08-19T03:06,2020-08-19T15:18,43898.9,0.9,18.47,5.33,64,1011.6,21.6,0.178,28.9
1326,10906X0039/C2-1,BSS002MNYD,2020-08-20,104.0,Valeur mesurée,Syndicat Mixte pour la Protection et la Gestion des Nappes Souterraines de la Plaine du Roussillon  (20001584000016),2.685378283,42.685696389,2020-08-20T03:06,2020-08-20T15:18,43890.64,1.9,19.36,5.12,46,1012.0,19.1,0.178,28.9
1327,10906X0039/C2-1,BSS002MNYD,2020-08-21,103.99,Valeur mesurée,Syndicat Mixte pour la Protection et la Gestion des Nappes Souterraines de la Plaine du Roussillon  (20001584000016),2.685378283,42.685696389,2020-08-21T03:06,2020-08-21T15:17,43882.35,0.0,18.24,5.73,74,1013.7,20.5,0.177,28.8
1328,10906X0039/C2-1,BSS002MNYD,2020-08-22,103.99,Valeur mesurée,Syndicat Mixte pour la Protection et la Gestion des Nappes Souterraines de la Plaine du Roussillon  (20001584000016),2.685378283,42.685696389,2020-08-22T03:06,2020-08-22T15:17,43873.99,0.0,20.24,6.52,87,1013.6,22.9,0.178,28.9
1329,10906X0039/C2-1,BSS002MNYD,2020-08-23,103.99,Valeur mesurée,Syndicat Mixte pour la Protection et la Gestion des Nappes Souterraines de la Plaine du Roussillon  (20001584000016),2.685378283,42.685696389,2020-08-23T03:06,2020-08-23T15:17,43865.55,2.9,19.82,5.35,61,1013.4,20.8,0.179,28.8
1330,10906X0039/C2-1,BSS002MNYD,2020-08-24,103.99,Valeur mesurée,Syndicat Mixte pour la Protection et la Gestion des Nappes Souterraines de la Plaine du Roussillon  (20001584000016),2.685378283,42.685696389,2020-08-24T03:06,2020-08-24T15:17,43857.04,0.0,17.57,5.96,65,1012.8,22.4,0.179,28.8
1331,10906X0039/C2-1,BSS002MNYD,2020-08-25,104.0,Valeur mesurée,Syndicat Mixte pour la Protection et la Gestion des Nappes Souterraines de la Plaine du Roussillon  (20001584000016),2.685378283,42.685696389,2020-08-25T03:05,2020-08-25T15:16,43848.46,0.6,16.76,4.91,82,1014.2,20.3,0.18,28.8
1332,10906X0039/C2-1,BSS002MNYD,2020-08-26,104.01,Valeur mesurée,Syndicat Mixte pour la Protection et la Gestion des Nappes Souterraines de la Plaine du Roussillon  (20001584000016),2.685378283,42.685696389,2020-08-26T03:05,2020-08-26T15:16,43839.82,0.0,20.93,5.99,77,1014.2,20.1,0.18,28.9
1333,10906X0039/C2-1,BSS002MNYD,2020-08-27,104.0,Valeur mesurée,Syndicat Mixte pour la Protection et la Gestion des Nappes Souterraines de la Plaine du Roussillon  (20001584000016),2.685378283,42.685696389,2020-08-27T03:05,2020-08-27T15:15,43831.13,1.7,19.76,5.46,53,1013.3,18.8,0.18,29.0
1334,10906X0039/C2-1,BSS002MNYD,2020-08-28,103.99,Valeur mesurée,Syndicat Mixte pour la Protection et la Gestion des Nappes Souterraines de la Plaine du Roussillon  (20001584000016),2.685378283,42.685696389,2020-08-28T03:05,2020-08-28T15:15,43822.4,0.0,20.06,6.19,59,1011.8,21.6,0.181,28.9
1335,10906X0039/C2-1,BSS002MNYD,2020-08-29,103.98,Valeur mesurée,Syndicat Mixte pour la Protection et la Gestion des Nappes Souterraines de la Plaine du Roussillon  (20001584000016),2.685378283,42.685696389,2020-08-29T03:04,2020-08-29T15:15,43813.63,0.7,20.29,5.85,52,1011.8,19.6,0.181,29.0
1336,10906X0039/C2-1,BSS002MNYD,2020-08-30,103.96,Valeur mesurée,Syndicat Mixte pour la Protection et la Gestion des Nappes Souterraines de la Plaine du Roussillon  (20001584000016),2.685378283,42.685696389,2020-08-30T03:04,2020-08-30T15:14,43804.82,0.3,19.59,5.58,55,1012.2,19.9,0.181,29.2
1337,10906X0039/C2-1,BSS002MNYD,2020-08-31,103.96,Valeur mesurée,Syndicat Mixte pour la Protection et la Gestion des Nappes Souterraines de la Plaine du Roussillon  (20001584000016),2.685378283,42.685696389,2020-08-31T03:04,2020-08-31T15:14,43795.99,0.0,19.62,5.91,51,1012.6,21.9,0.18,29.3
1338,10906X0039/C2-1,BSS002MNYD,2020-09-01,103.96,Valeur mesurée,Syndicat Mixte pour la Protection et la Gestion des Nappes Souterraines de la Plaine du Roussillon  (20001584000016),2.685378283,42.685696389,2020-09-01T03:04,2020-09-01T15:13,43787.15,0.1,21.66,6.39,45,1013.4,21.7,0.18,29.3
1339,10906X0039/C2-1,BSS002MNYD,2020-09-02,103.95,Valeur mesurée,Syndicat Mixte pour la Protection et la Gestion des Nappes Souterraines de la Plaine du Roussillon  (20001584000016),2.685378283,42.685696389,2020-09-02T03:03,2020-09-02T15:13,43778.29,0.0,23.7,6.95,46,1013.4,20.0,0.179,29.5
1340,10906X0039/C2-1,BSS002MNYD,2020-09-03,103.96,Valeur mesurée,Syndicat Mixte pour la Protection et la Gestion des Nappes Souterraines de la Plaine du Roussillon  (20001584000016),2.685378283,42.685696389,2020-09-03T03:03,2020-09-03T15:13,43769.42,0.0,24.63,7.38,30,1013.4,21.3,0.181,29.5
1341,10906X0039/C2-1,BSS002MNYD,2020-09-04,103.95,Valeur mesurée,Syndicat Mixte pour la Protection et la Gestion des Nappes Souterraines de la Plaine du Roussillon  (20001584000016),2.685378283,42.685696389,2020-09-04T03:03,2020-09-04T15:12,43760.56,0.0,25.19,7.79,43,1012.9,24.7,0.18,29.6
1342,10906X0039/C2-1,BSS002MNYD,2020-09-05,103.95,Valeur mesurée,Syndicat Mixte pour la Protection et la Gestion des Nappes Souterraines de la Plaine du Roussillon  (20001584000016),2.685378283,42.685696389,2020-09-05T03:03,2020-09-05T15:12,43751.69,0.0,19.72,6.57,75,1011.7,22.8,0.179,29.6
1343,10906X0039/C2-1,BSS002MNYD,2020-09-06,103.95,Valeur mesurée,Syndicat Mixte pour la Protection et la Gestion des Nappes Souterraines de la Plaine du Roussillon  (20001584000016),2.685378283,42.685696389,2020-09-06T03:02,2020-09-06T15:11,43742.85,0.0,15.47,5.71,70,1011.2,21.7,0.179,29.5
1344,10906X0039/C2-1,BSS002MNYD,2020-09-07,103.96,Valeur mesurée,Syndicat Mixte pour la Protection et la Gestion des Nappes Souterraines de la Plaine du Roussillon  (20001584000016),2.685378283,42.685696389,2020-09-07T03:02,2020-09-07T15:11,43734.01,0.1,18.34,5.94,70,1012.9,21.4,0.179,29.5
1345,10906X0039/C2-1,BSS002MNYD,2020-09-08,103.99,Valeur mesurée,Syndicat Mixte pour la Protection et la Gestion des Nappes Souterraines de la Plaine du Roussillon  (20001584000016),2.685378283,42.685696389,2020-09-08T03:02,2020-09-08T15:11,43725.21,0.0,22.96,6.58,45,1014.4,20.3,0.18,29.4
1346,10906X0039/C2-1,BSS002MNYD,2020-09-09,104.0,Valeur mesurée,Syndicat Mixte pour la Protection et la Gestion des Nappes Souterraines de la Plaine du Roussillon  (20001584000016),2.685378283,42.685696389,2020-09-09T03:02,2020-09-09T15:10,43716.42,0.0,24.97,7.74,50,1013.8,23.0,0.18,29.5
1347,10906X0039/C2-1,BSS002MNYD,2020-09-10,103.99,Valeur mesurée,Syndicat Mixte pour la Protection et la Gestion des Nappes Souterraines de la Plaine du Roussillon  (20001584000016),2.685378283,42.685696389,2020-09-10T03:01,2020-09-10T15:10,43707.67,0.1,19.29,6.1,69,1012.7,21.3,0.18,29.5
1348,10906X0039/C2-1,BSS002MNYD,2020-09-11,103.98,Valeur mesurée,Syndicat Mixte pour la Protection et la Gestion des Nappes Souterraines de la Plaine du Roussillon  (20001584000016),2.685378283,42.685696389,2020-09-11T03:01,2020-09-11T15:09,43698.87,0.3,23.12,6.27,77,1012.3,20.6,0.18,29.6
1349,10906X0039/C2-1,BSS002MNYD,2020-09-12,103.98,Valeur mesurée,Syndicat Mixte pour la Protection et la Gestion des Nappes Souterraines de la Plaine du Roussillon  (20001584000016),2.685378283,42.685696389,2020-09-12T03:01,2020-09-12T15:09,43690.03,0.6,19.85,5.67,75,1013.6,21.2,0.179,29.7
1350,10906X0039/C2-1,BSS002MNYD,2020-09-13,103.98,Valeur mesurée,Syndicat Mixte pour la Protection et la Gestion des Nappes Souterraines de la Plaine du Roussillon  (20001584000016),2.685378283,42.685696389,2020-09-13T03:01,2020-09-13T15:09,43681.17,1.3,19.5,5.39,58,1014.3,20.3,0.179,29.6
1351,10906X0039/C2-1,BSS002MNYD,2020-09-14,104.0,Valeur mesurée,Syndicat Mixte pour la Protection et la Gestion des Nappes Souterraines de la Plaine du Roussillon  (20001584000016),2.685378283,42.685696389,2020-09-14T03:00,2020-09-14T15:08,43672.27,1.1,17.98,5.24,74,1013.6,19.7,0.179,29.6
1352,10906X0039/C2-1,BSS002MNYD,2020-09-15,104.04,Valeur mesurée,Syndicat Mixte pour la Protection et la Gestion des Nappes Souterraines de la Plaine du Roussillon  (20001584000016),2.685378283,42.685696389,2020-09-15T03:00,2020-09-15T15:08,43663.35,1.3,21.6,5.83,40,1013.1,20.0,0.178,29.6
1353,10906X0039/C2-1,BSS002MNYD,2020-09-16,104.03,Valeur mesurée,Syndicat Mixte pour la Protection et la Gestion des Nappes Souterraines de la Plaine du Roussillon  (20001584000016),2.685378283,42.685696389,2020-09-16T03:00,2020-09-16T15:07,43654.42,0.0,20.52,6.12,39,1012.2,19.3,0.178,29.7
1354,10906X0039/C2-1,BSS002MNYD,2020-09-17,104.03,Valeur mesurée,Syndicat Mixte pour la Protection et la Gestion des Nappes Souterraines de la Plaine du Roussillon  (20001584000016),2.685378283,42.685696389,2020-09-17T02:59,2020-09-17T15:07,43645.48,0.0,25.26,7.12,16,1012.9,20.0,0.178,29.8
1355,10906X0039/C2-1,BSS002MNYD,2020-09-18,104.03,Valeur mesurée,Syndicat Mixte pour la Protection et la Gestion des Nappes Souterraines de la Plaine du Roussillon  (20001584000016),2.685378283,42.685696389,2020-09-18T02:59,2020-09-18T15:06,43636.53,0.1,15.79,5.19,59,1013.0,18.4,0.177,29.8
1356,10906X0039/C2-1,BSS002MNYD,2020-09-19,104.04,Valeur mesurée,Syndicat Mixte pour la Protection et la Gestion des Nappes Souterraines de la Plaine du Roussillon  (20001584000016),2.685378283,42.685696389,2020-09-19T02:59,2020-09-19T15:06,43627.58,1.5,20.08,5.3,38,1013.1,21.0,0.178,29.6
1357,10906X0039/C2-1,BSS002MNYD,2020-09-20,104.03,Valeur mesurée,Syndicat Mixte pour la Protection et la Gestion des Nappes Souterraines de la Plaine du Roussillon  (20001584000016),2.685378283,42.685696389,2020-09-20T02:59,2020-09-20T15:06,43618.65,0.0,19.98,6.0,67,1013.2,19.6,0.178,29.5
1358,10906X0039/C2-1,BSS002MNYD,2020-09-21,104.01,Valeur mesurée,Syndicat Mixte pour la Protection et la Gestion des Nappes Souterraines de la Plaine du Roussillon  (20001584000016),2.685378283,42.685696389,2020-09-21T02:58,2020-09-21T15:05,43609.73,0.0,26.04,7.07,75,1012.8,18.4,0.178,29.6
1359,10906X0039/C2-1,BSS002MNYD,2020-09-22,104.04,Valeur mesurée,Syndicat Mixte pour la Protection et la Gestion des Nappes Souterraines de la Plaine du Roussillon  (20001584000016),2.685378283,42.685696389,2020-09-22T02:58,2020-09-22T15:05,43600.83,0.0,25.21,7.47,93,1013.0,20.7,0.177,29.8
1360,10906X0039/C2-1,BSS002MNYD,2020-09-23,104.04,Valeur mesurée,Syndicat Mixte pour la Protection et la Gestion des Nappes Souterraines de la Plaine du Roussillon  (20001584000016),2.685378283,42.685696389,2020-09-23T02:58,2020-09-23T15:04,43591.95,1.9,20.06,5.71,77,1013.2,20.6,0.177,29.8
1361,10906X0039/C2-1,BSS002MNYD,2020-09-24,104.01,Valeur mesurée,Syndicat Mixte pour la Protection et la Gestion des Nappes Souterraines de la Plaine du Roussillon  (20001584000016),2.685378283,42.685696389,2020-09-24T02:57,2020-09-24T15:04,43583.1,0.5,20.65,6.05,51,1013.1,20.4,0.177,29.8
1362,10906X0039/C2-1,BSS002MNYD,2020-09-25,104.0,Valeur mesurée,Syndicat Mixte pour la Protection et la Gestion des Nappes Souterraines de la Plaine du Roussillon  (20001584000016),2.685378283,42.685696389,2020-09-25T02:57,2020-09-25T15:03,43574.29,0.0,20.67,6.39,59,1012.9,20.1,0.176,29.8
1363,10906X0039/C2-1,BSS002MNYD,2020-09-26,104.0,Valeur mesurée,Syndicat Mixte pour la Protection et la Gestion des Nappes Souterraines de la Plaine du Roussillon  (20001584000016),2.685378283,42.685696389,2020-09-26T02:57,2020-09-26T15:03,43565.53,0.1,24.61,7.18,34,1011.3,21.1,0.177,29.9
1364,10906X0039/C2-1,BSS002MNYD,2020-09-27,104.0,Valeur mesurée,Syndicat Mixte pour la Protection et la Gestion des Nappes Souterraines de la Plaine du Roussillon  (20001584000016),2.685378283,42.685696389,2020-09-27T02:57,2020-09-27T15:03,43556.8,0.0,24.0,6.66,46,1010.2,16.5,0.177,30.2
1365,10906X0039/C2-1,BSS002MNYD,2020-09-28,103.99,Valeur mesurée,Syndicat Mixte pour la Protection et la Gestion des Nappes Souterraines de la Plaine du Roussillon  (20001584000016),2.685378283,42.685696389,2020-09-28T02:56,2020-09-28T15:02,43548.14,0.0,21.81,6.53,61,1011.0,19.1,0.176,30.4
1366,10906X0039/C2-1,BSS002MNYD,2020-09-29,103.98,Valeur mesurée,Syndicat Mixte pour la Protection et la Gestion des Nappes Souterraines de la Plaine du Roussillon  (20001584000016),2.685378283,42.685696389,2020-09-29T02:56,2020-09-29T15:02,43539.52,0.0,22.78,6.66,85,1011.3,17.9,0.178,30.5
1367,10906X0039/C2-1,BSS002MNYD,2020-09-30,103.98,Valeur mesurée,Syndicat Mixte pour la Protection et la Gestion des Nappes Souterraines de la Plaine du Roussillon  (20001584000016),2.685378283,42.685696389,2020-09-30T02:56,2020-09-30T15:01,43530.97,0.0,19.47,5.77,81,1011.3,17.3,0.179,30.4
1368,10906X0039/C2-1,BSS002MNYD,2020-10-01,103.97,Valeur mesurée,Syndicat Mixte pour la Protection et la Gestion des Nappes Souterraines de la Plaine du Roussillon  (20001584000016),2.685378283,42.685696389,2020-10-01T02:56,2020-10-01T15:01,43522.4,0.0,26.04,7.01,65,1011.2,16.2,0.178,30.5
1369,10906X0039/C2-1,BSS002MNYD,2020-10-02,103.95,Valeur mesurée,Syndicat Mixte pour la Protection et la Gestion des Nappes Souterraines de la Plaine du Roussillon  (20001584000016),2.685378283,42.685696389,2020-10-02T02:55,2020-10-02T15:01,43513.81,0.0,24.02,6.96,29,1011.3,19.2,0.177,30.7
1370,10906X0039/C2-1,BSS002MNYD,2020-10-03,103.96,Valeur mesurée,Syndicat Mixte pour la Protection et la Gestion des Nappes Souterraines de la Plaine du Roussillon  (20001584000016),2.685378283,42.685696389,2020-10-03T02:55,2020-10-03T15:00,43505.23,0.0,24.16,6.79,46,1012.2,17.5,0.177,30.8
1371,10906X0039/C2-1,BSS002MNYD,2020-10-04,103.96,Valeur mesurée,Syndicat Mixte pour la Protection et la Gestion des Nappes Souterraines de la Plaine du Roussillon  (20001584000016),2.685378283,42.685696389,2020-10-04T02:55,2020-10-04T15:00,43496.64,0.1,10.76,3.89,92,1012.7,14.2,0.177,30.6
1372,10906X0039/C2-1,BSS002MNYD,2020-10-05,103.96,Valeur mesurée,Syndicat Mixte pour la Protection et la Gestion des Nappes Souterraines de la Plaine du Roussillon  (20001584000016),2.685378283,42.685696389,2020-10-05T02:55,2020-10-05T14:59,43488.06,0.0,13.79,4.31,55,1012.2,14.6,0.176,30.6
1373,10906X0039/C2-1,BSS002MNYD,2020-10-06,103.96,Valeur mesurée,Syndicat Mixte pour la Protection et la Gestion des Nappes Souterraines de la Plaine du Roussillon  (20001584000016),2.685378283,42.685696389,2020-10-06T02:54,2020-10-06T14:59,43479.49,0.0,19.89,5.84,56,1011.3,17.4,0.177,30.7
1374,10906X0039/C2-1,BSS002MNYD,2020-10-07,103.95,Valeur mesurée,Syndicat Mixte pour la Protection et la Gestion des Nappes Souterraines de la Plaine du Roussillon  (20001584000016),2.685378283,42.685696389,2020-10-07T02:54,2020-10-07T14:59,43470.94,0.2,13.86,4.22,84,1011.7,15.2,0.177,30.5
1375,10906X0039/C2-1,BSS002MNYD,2020-10-08,103.93,Valeur mesurée,Syndicat Mixte pour la Protection et la Gestion des Nappes Souterraines de la Plaine du Roussillon  (20001584000016),2.685378283,42.685696389,2020-10-08T02:54,2020-10-08T14:58,43462.41,0.0,17.42,4.91,52,1011.6,15.8,0.18,30.4
1376,10906X0039/C2-1,BSS002MNYD,2020-10-09,103.92,Valeur mesurée,Syndicat Mixte pour la Protection et la Gestion des Nappes Souterraines de la Plaine du Roussillon  (20001584000016),2.685378283,42.685696389,2020-10-09T02:54,2020-10-09T14:58,43453.91,0.0,21.47,5.84,53,1010.8,15.7,0.18,30.6
1377,10906X0039/C2-1,BSS002MNYD,2020-10-10,103.91,Valeur mesurée,Syndicat Mixte pour la Protection et la Gestion des Nappes Souterraines de la Plaine du Roussillon  (20001584000016),2.685378283,42.685696389,2020-10-10T02:54,2020-10-10T14:58,43445.44,3.1,19.43,5.03,70,1011.3,13.9,0.182,30.7
1378,10906X0039/C2-1,BSS002MNYD,2020-10-11,103.89,Valeur mesurée,Syndicat Mixte pour la Protection et la Gestion des Nappes Souterraines de la Plaine du Roussillon  (20001584000016),2.685378283,42.685696389,2020-10-11T02:53,2020-10-11T14:57,43437.02,0.0,24.28,5.98,50,1010.3,11.9,0.184,30.5
1379,10906X0039/C2-1,BSS002MNYD,2020-10-12,103.88,Valeur mesurée,Syndicat Mixte pour la Protection et la Gestion des Nappes Souterraines de la Plaine du Roussillon  (20001584000016),2.685378283,42.685696389,2020-10-12T02:53,2020-10-12T14:57,43428.65,0.0,22.82,5.67,41,1010.1,12.4,0.184,30.6
1380,10906X0039/C2-1,BSS002MNYD,2020-10-13,103.86,Valeur mesurée,Syndicat Mixte pour la Protection et la Gestion des Nappes Souterraines de la Plaine du Roussillon  (20001584000016),2.685378283,42.685696389,2020-10-13T02:53,2020-10-13T14:57,43420.33,2.4,20.14,5.14,92,1011.2,12.8,0.189,30.5
1381,10906X0039/C2-1,BSS002MNYD,2020-10-14,103.84,Valeur mesurée,Syndicat Mixte pour la Protection et la Gestion des Nappes Souterraines de la Plaine du Roussillon  (20001584000016),2.685378283,42.685696389,2020-10-14T02:53,2020-10-14T14:56,43412.07,0.1,21.01,5.75,83,1012.7,14.5,0.187,30.5
1382,10906X0039/C2-1,BSS002MNYD,2020-10-15,103.82,Valeur mesurée,Syndicat Mixte pour la Protection et la Gestion des Nappes Souterraines de la Plaine du Roussillon  (20001584000016),2.685378283,42.685696389,2020-10-15T02:53,2020-10-15T14:56,43403.88,0.1,22.61,6.5,49,1012.4,17.0,0.185,30.6
1383,10906X0039/C2-1,BSS002MNYD,2020-10-16,103.8,Valeur mesurée,Syndicat Mixte pour la Protection et la Gestion des Nappes Souterraines de la Plaine du Roussillon  (20001584000016),2.685378283,42.685696389,2020-10-16T02:53,2020-10-16T14:56,43395.76,0.2,22.31,6.38,49,1011.2,17.2,0.184,30.7
1384,10906X0039/C2-1,BSS002MNYD,2020-10-17,103.78,Valeur mesurée,Syndicat Mixte pour la Protection et la Gestion des Nappes Souterraines de la Plaine du Roussillon  (20001584000016),2.685378283,42.685696389,2020-10-17T02:52,2020-10-17T14:56,43387.71,1.2,19.14,5.4,83,1011.6,17.1,0.184,30.7
1385,10906X0039/C2-1,BSS002MNYD,2020-10-18,103.75,Valeur mesurée,Syndicat Mixte pour la Protection et la Gestion des Nappes Souterraines de la Plaine du Roussillon  (20001584000016),2.685378283,42.685696389,2020-10-18T02:52,2020-10-18T14:55,43379.76,0.2,22.25,6.32,49,1011.4,16.1,0.183,30.8
1386,10906X0039/C2-1,BSS002MNYD,2020-10-19,103.74,Valeur mesurée,Syndicat Mixte pour la Protection et la Gestion des Nappes Souterraines de la Plaine du Roussillon  (20001584000016),2.685378283,42.685696389,2020-10-19T02:52,2020-10-19T14:55,43371.89,0.1,19.08,5.19,51,1011.3,12.9,0.183,30.8
1387,10906X0039/C2-1,BSS002MNYD,2020-10-20,103.71,Valeur mesurée,Syndicat Mixte pour la Protection et la Gestion des Nappes Souterraines de la Plaine du Roussillon  (20001584000016),2.685378283,42.685696389,2020-10-20T02:52,2020-10-20T14:55,43364.11,0.4,22.75,6.04,29,1010.6,14.2,0.183,31.0
1388,10906X0039/C2-1,BSS002MNYD,2020-10-21,103.69,Valeur mesurée,Syndicat Mixte pour la Protection et la Gestion des Nappes Souterraines de la Plaine du Roussillon  (20001584000016),2.685378283,42.685696389,2020-10-21T02:52,2020-10-21T14:55,43356.35,0.5,21.32,5.92,58,1011.4,15.1,0.181,31.1
1389,10906X0039/C2-1,BSS002MNYD,2020-10-22,103.68,Valeur mesurée,Syndicat Mixte pour la Protection et la Gestion des Nappes Souterraines de la Plaine du Roussillon  (20001584000016),2.685378283,42.685696389,2020-10-22T02:52,2020-10-22T14:54,43348.61,0.0,23.68,6.63,39,1011.7,16.2,0.181,31.3
1390,10906X0039/C2-1,BSS002MNYD,2020-10-23,103.65,Valeur mesurée,Syndicat Mixte pour la Protection et la Gestion des Nappes Souterraines de la Plaine du Roussillon  (20001584000016),2.685378283,42.685696389,2020-10-23T02:52,2020-10-23T14:54,43340.89,0.0,23.3,6.76,56,1011.0,18.0,0.182,31.3
1391,10906X0039/C2-1,BSS002MNYD,2020-10-24,103.62,Valeur mesurée,Syndicat Mixte pour la Protection et la Gestion des Nappes Souterraines de la Plaine du Roussillon  (20001584000016),2.685378283,42.685696389,2020-10-24T02:52,2020-10-24T14:54,43333.2,0.7,19.56,5.52,77,1011.3,18.5,0.184,31.2
1392,10906X0039/C2-1,BSS002MNYD,2020-10-25,103.6,Valeur mesurée,Syndicat Mixte pour la Protection et la Gestion des Nappes Souterraines de la Plaine du Roussillon  (20001584000016),2.685378283,42.685696389,2020-10-25T02:52,2020-10-25T14:54,43325.55,0.1,20.18,5.42,65,1010.5,14.5,0.184,31.2
1393,10906X0039/C2-1,BSS002MNYD,2020-10-26,103.6,Valeur mesurée,Syndicat Mixte pour la Protection et la Gestion des Nappes Souterraines de la Plaine du Roussillon  (20001584000016),2.685378283,42.685696389,2020-10-26T02:52,2020-10-26T14:54,43317.94,0.6,21.33,5.83,82,1010.8,15.5,0.184,31.2
1394,10906X0039/C2-1,BSS002MNYD,2020-10-27,103.59,Valeur mesurée,Syndicat Mixte pour la Protection et la Gestion des Nappes Souterraines de la Plaine du Roussillon  (20001584000016),2.685378283,42.685696389,2020-10-27T02:52,2020-10-27T14:54,43310.38,13.3,19.62,4.45,94,1011.9,11.0,0.188,30.9
1395,10906X0039/C2-1,BSS002MNYD,2020-10-28,103.57,Valeur mesurée,Syndicat Mixte pour la Protection et la Gestion des Nappes Souterraines de la Plaine du Roussillon  (20001584000016),2.685378283,42.685696389,2020-10-28T02:52,2020-10-28T14:53,43302.88,2.7,12.42,2.95,87,1011.9,11.4,0.192,30.3
1396,10906X0039/C2-1,BSS002MNYD,2020-10-29,103.54,Valeur mesurée,Syndicat Mixte pour la Protection et la Gestion des Nappes Souterraines de la Plaine du Roussillon  (20001584000016),2.685378283,42.685696389,2020-10-29T02:52,2020-10-29T14:53,43295.44,6.4,13.18,2.99,87,1012.7,10.1,0.191,29.9
1397,10906X0039/C2-1,BSS002MNYD,2020-10-30,103.55,Valeur mesurée,Syndicat Mixte pour la Protection et la Gestion des Nappes Souterraines de la Plaine du Roussillon  (20001584000016),2.685378283,42.685696389,2020-10-30T02:52,2020-10-30T14:53,43288.07,1.9,20.1,4.57,70,1013.3,8.8,0.189,29.8
1398,10906X0039/C2-1,BSS002MNYD,2020-10-31,103.55,Valeur mesurée,Syndicat Mixte pour la Protection et la Gestion des Nappes Souterraines de la Plaine du Roussillon  (20001584000016),2.685378283,42.685696389,2020-10-31T02:52,2020-10-31T14:53,43280.78,3.9,20.44,4.61,55,1013.4,12.9,0.186,29.8
1399,10906X0039/C2-1,BSS002MNYD,2020-11-01,103.56,Valeur mesurée,Syndicat Mixte pour la Protection et la Gestion des Nappes Souterraines de la Plaine du Roussillon  (20001584000016),2.685378283,42.685696389,2020-11-01T02:52,2020-11-01T14:53,43273.58,9.5,16.63,3.55,67,1013.1,8.4,0.189,29.5
1400,10906X0039/C2-1,BSS002MNYD,2020-11-02,103.56,Valeur mesurée,Syndicat Mixte pour la Protection et la Gestion des Nappes Souterraines de la Plaine du Roussillon  (20001584000016),2.685378283,42.685696389,2020-11-02T02:52,2020-11-02T14:53,43266.47,123.0,12.05,2.51,85,1014.3,5.9,0.273,29.0
1401,10906X0039/C2-1,BSS002MNYD,2020-11-03,103.56,Valeur mesurée,Syndicat Mixte pour la Protection et la Gestion des Nappes Souterraines de la Plaine du Roussillon  (20001584000016),2.685378283,42.685696389,2020-11-03T02:52,2020-11-03T14:53,43259.46,15.3,14.78,3.09,84,1014.3,7.9,0.287,28.7
1402,10906X0039/C2-1,BSS002MNYD,2020-11-04,103.54,Valeur mesurée,Syndicat Mixte pour la Protection et la Gestion des Nappes Souterraines de la Plaine du Roussillon  (20001584000016),2.685378283,42.685696389,2020-11-04T02:52,2020-11-04T14:53,43252.55,23.8,14.23,2.89,74,1013.5,8.8,0.304,28.4
1403,10906X0039/C2-1,BSS002MNYD,2020-11-05,103.51,Valeur mesurée,Syndicat Mixte pour la Protection et la Gestion des Nappes Souterraines de la Plaine du Roussillon  (20001584000016),2.685378283,42.685696389,2020-11-05T02:52,2020-11-05T14:53,43245.76,17.1,16.87,3.48,77,1012.5,10.9,0.308,28.2
1404,10906X0039/C2-1,BSS002MNYD,2020-11-06,103.51,Valeur mesurée,Syndicat Mixte pour la Protection et la Gestion des Nappes Souterraines de la Plaine du Roussillon  (20001584000016),2.685378283,42.685696389,2020-11-06T02:52,2020-11-06T14:53,43239.1,12.1,15.97,3.34,78,1013.0,8.2,0.337,28.0
1405,10906X0039/C2-1,BSS002MNYD,2020-11-07,103.49,Valeur mesurée,Syndicat Mixte pour la Protection et la Gestion des Nappes Souterraines de la Plaine du Roussillon  (20001584000016),2.685378283,42.685696389,2020-11-07T02:52,2020-11-07T14:53,43232.56,14.1,14.63,2.96,88,1013.7,6.3,0.344,27.9
1406,10906X0039/C2-1,BSS002MNYD,2020-11-08,103.46,Valeur mesurée,Syndicat Mixte pour la Protection et la Gestion des Nappes Souterraines de la Plaine du Roussillon  (20001584000016),2.685378283,42.685696389,2020-11-08T02:52,2020-11-08T14:53,43226.16,11.6,18.5,3.86,63,1014.0,7.0,0.341,28.0
1407,10906X0039/C2-1,BSS002MNYD,2020-11-09,103.4,Valeur mesurée,Syndicat Mixte pour la Protection et la Gestion des Nappes Souterraines de la Plaine du Roussillon  (20001584000016),2.685378283,42.685696389,2020-11-09T02:52,2020-11-09T14:53,43219.89,1.1,23.79,5.24,38,1013.2,8.5,0.342,28.0
1408,10906X0039/C2-1,BSS002MNYD,2020-11-10,103.35,Valeur mesurée,Syndicat Mixte pour la Protection et la Gestion des Nappes Souterraines de la Plaine du Roussillon  (20001584000016),2.685378283,42.685696389,2020-11-10T02:53,2020-11-10T14:53,43213.69,0.2,16.67,3.98,60,1012.1,14.1,0.337,28.0
1409,10906X0039/C2-1,BSS002MNYD,2020-11-11,103.34,Valeur mesurée,Syndicat Mixte pour la Protection et la Gestion des Nappes Souterraines de la Plaine du Roussillon  (20001584000016),2.685378283,42.685696389,2020-11-11T02:53,2020-11-11T14:53,43207.56,0.1,16.41,3.72,54,1012.5,10.5,0.334,27.9
1410,10906X0039/C2-1,BSS002MNYD,2020-11-12,103.33,Valeur mesurée,Syndicat Mixte pour la Protection et la Gestion des Nappes Souterraines de la Plaine du Roussillon  (20001584000016),2.685378283,42.685696389,2020-11-12T02:53,2020-11-12T14:53,43201.49,7.0,15.44,3.26,58,1012.8,8.1,0.332,27.8
1411,10906X0039/C2-1,BSS002MNYD,2020-11-13,103.31,Valeur mesurée,Syndicat Mixte pour la Protection et la Gestion des Nappes Souterraines de la Plaine du Roussillon  (20001584000016),2.685378283,42.685696389,2020-11-13T02:53,2020-11-13T14:53,43195.51,0.5,19.52,4.3,31,1012.4,10.9,0.327,27.8
1412,10906X0039/C2-1,BSS002MNYD,2020-11-14,103.28,Valeur mesurée,Syndicat Mixte pour la Protection et la Gestion des Nappes Souterraines de la Plaine du Roussillon  (20001584000016),2.685378283,42.685696389,2020-11-14T02:53,2020-11-14T14:53,43189.61,0.1,21.92,4.55,17,1011.7,8.4,0.322,27.9
1413,10906X0039/C2-1,BSS002MNYD,2020-11-15,103.28,Valeur mesurée,Syndicat Mixte pour la Protection et la Gestion des Nappes Souterraines de la Plaine du Roussillon  (20001584000016),2.685378283,42.685696389,2020-11-15T02:54,2020-11-15T14:53,43183.8,0.3,21.17,4.72,13,1010.8,10.5,0.318,27.9
1414,10906X0039/C2-1,BSS002MNYD,2020-11-16,103.27,Valeur mesurée,Syndicat Mixte pour la Protection et la Gestion des Nappes Souterraines de la Plaine du Roussillon  (20001584000016),2.685378283,42.685696389,2020-11-16T02:54,2020-11-16T14:53,43178.1,0.4,16.88,4.03,75,1011.7,12.9,0.314,27.8
1415,10906X0039/C2-1,BSS002MNYD,2020-11-17,103.23,Valeur mesurée,Syndicat Mixte pour la Protection et la Gestion des Nappes Souterraines de la Plaine du Roussillon  (20001584000016),2.685378283,42.685696389,2020-11-17T02:54,2020-11-17T14:54,43172.49,0.2,22.34,5.13,25,1011.0,13.3,0.309,27.8
1416,10906X0039/C2-1,BSS002MNYD,2020-11-18,103.19,Valeur mesurée,Syndicat Mixte pour la Protection et la Gestion des Nappes Souterraines de la Plaine du Roussillon  (20001584000016),2.685378283,42.685696389,2020-11-18T02:54,2020-11-18T14:54,43167.0,0.2,19.5,4.76,42,1010.8,14.3,0.304,27.9
1417,10906X0039/C2-1,BSS002MNYD,2020-11-19,103.18,Valeur mesurée,Syndicat Mixte pour la Protection et la Gestion des Nappes Souterraines de la Plaine du Roussillon  (20001584000016),2.685378283,42.685696389,2020-11-19T02:55,2020-11-19T14:54,43161.63,0.0,21.43,5.23,30,1010.5,13.0,0.299,27.9
1418,10906X0039/C2-1,BSS002MNYD,2020-11-20,103.15,Valeur mesurée,Syndicat Mixte pour la Protection et la Gestion des Nappes Souterraines de la Plaine du Roussillon  (20001584000016),2.685378283,42.685696389,2020-11-20T02:55,2020-11-20T14:54,43156.38,0.0,22.29,5.49,35,1010.2,14.9,0.295,27.9
1419,10906X0039/C2-1,BSS002MNYD,2020-11-21,103.09,Valeur mesurée,Syndicat Mixte pour la Protection et la Gestion des Nappes Souterraines de la Plaine du Roussillon  (20001584000016),2.685378283,42.685696389,2020-11-21T02:55,2020-11-21T14:54,43151.27,0.0,21.44,5.68,67,1010.6,16.4,0.291,28.0
1420,10906X0039/C2-1,BSS002MNYD,2020-11-22,103.03,Valeur mesurée,Syndicat Mixte pour la Protection et la Gestion des Nappes Souterraines de la Plaine du Roussillon  (20001584000016),2.685378283,42.685696389,2020-11-22T02:55,2020-11-22T14:55,43146.31,0.1,22.86,4.97,35,1011.5,9.7,0.288,28.1
1421,10906X0039/C2-1,BSS002MNYD,2020-11-23,103.01,Valeur mesurée,Syndicat Mixte pour la Protection et la Gestion des Nappes Souterraines de la Plaine du Roussillon  (20001584000016),2.685378283,42.685696389,2020-11-23T02:56,2020-11-23T14:55,43141.48,0.0,21.83,4.86,76,1011.9,10.0,0.286,28.3
1422,10906X0039/C2-1,BSS002MNYD,2020-11-24,102.98,Valeur mesurée,Syndicat Mixte pour la Protection et la Gestion des Nappes Souterraines de la Plaine du Roussillon  (20001584000016),2.685378283,42.685696389,2020-11-24T02:56,2020-11-24T14:55,43136.82,0.1,21.84,4.9,20,1010.5,9.0,0.283,28.6
1423,10906X0039/C2-1,BSS002MNYD,2020-11-25,102.98,Valeur mesurée,Syndicat Mixte pour la Protection et la Gestion des Nappes Souterraines de la Plaine du Roussillon  (20001584000016),2.685378283,42.685696389,2020-11-25T02:56,2020-11-25T14:55,43132.32,0.3,21.84,5.12,48,1010.8,10.9,0.281,28.8
1424,10906X0039/C2-1,BSS002MNYD,2020-11-26,103.0,Valeur mesurée,Syndicat Mixte pour la Protection et la Gestion des Nappes Souterraines de la Plaine du Roussillon  (20001584000016),2.685378283,42.685696389,2020-11-26T02:57,2020-11-26T14:56,43127.99,2.9,18.98,4.25,45,1011.3,8.3,0.279,28.9
1425,10906X0039/C2-1,BSS002MNYD,2020-11-27,102.94,Valeur mesurée,Syndicat Mixte pour la Protection et la Gestion des Nappes Souterraines de la Plaine du Roussillon  (20001584000016),2.685378283,42.685696389,2020-11-27T02:57,2020-11-27T14:56,43123.83,0.9,19.96,4.61,29,1011.6,11.0,0.284,28.7
1426,10906X0039/C2-1,BSS002MNYD,2020-11-28,102.85,Valeur mesurée,Syndicat Mixte pour la Protection et la Gestion des Nappes Souterraines de la Plaine du Roussillon  (20001584000016),2.685378283,42.685696389,2020-11-28T02:57,2020-11-28T14:56,43119.87,0.0,22.2,5.53,10,1011.3,14.7,0.281,28.6
1427,10906X0039/C2-1,BSS002MNYD,2020-11-29,102.89,Valeur mesurée,Syndicat Mixte pour la Protection et la Gestion des Nappes Souterraines de la Plaine du Roussillon  (20001584000016),2.685378283,42.685696389,2020-11-29T02:58,2020-11-29T14:56,43116.08,0.0,22.83,5.36,12,1011.3,9.9,0.276,28.6
1428,10906X0039/C2-1,BSS002MNYD,2020-11-30,102.89,Valeur mesurée,Syndicat Mixte pour la Protection et la Gestion des Nappes Souterraines de la Plaine du Roussillon  (20001584000016),2.685378283,42.685696389,2020-11-30T02:58,2020-11-30T14:57,43112.44,0.0,22.87,5.51,6,1011.2,11.8,0.272,28.8
1429,10906X0039/C2-1,BSS002MNYD,2020-12-01,102.86,Valeur mesurée,Syndicat Mixte pour la Protection et la Gestion des Nappes Souterraines de la Plaine du Roussillon  (20001584000016),2.685378283,42.685696389,2020-12-01T02:59,2020-12-01T14:57,43108.93,0.0,23.7,6.09,7,1010.6,15.1,0.269,29.0
1430,10906X0039/C2-1,BSS002MNYD,2020-12-02,102.81,Valeur mesurée,Syndicat Mixte pour la Protection et la Gestion des Nappes Souterraines de la Plaine du Roussillon  (20001584000016),2.685378283,42.685696389,2020-12-02T02:59,2020-12-02T14:57,43105.56,0.1,22.46,6.49,60,1010.8,18.7,0.267,29.1
1431,10906X0039/C2-1,BSS002MNYD,2020-12-03,102.75,Valeur mesurée,Syndicat Mixte pour la Protection et la Gestion des Nappes Souterraines de la Plaine du Roussillon  (20001584000016),2.685378283,42.685696389,2020-12-03T02:59,2020-12-03T14:58,43102.33,0.1,22.28,6.34,59,1012.0,18.5,0.265,29.3
1432,10906X0039/C2-1,BSS002MNYD,2020-12-04,102.69,Valeur mesurée,Syndicat Mixte pour la Protection et la Gestion des Nappes Souterraines de la Plaine du Roussillon  (20001584000016),2.685378283,42.685696389,2020-12-04T03:00,2020-12-04T14:58,43099.25,0.0,23.18,6.57,81,1012.3,16.7,0.263,29.4
1433,10906X0039/C2-1,BSS002MNYD,2020-12-05,102.65,Valeur mesurée,Syndicat Mixte pour la Protection et la Gestion des Nappes Souterraines de la Plaine du Roussillon  (20001584000016),2.685378283,42.685696389,2020-12-05T03:00,2020-12-05T14:59,43096.33,0.0,23.9,6.1,39,1011.6,12.3,0.261,29.6
1434,10906X0039/C2-1,BSS002MNYD,2020-12-06,102.61,Valeur mesurée,Syndicat Mixte pour la Protection et la Gestion des Nappes Souterraines de la Plaine du Roussillon  (20001584000016),2.685378283,42.685696389,2020-12-06T03:01,2020-12-06T14:59,43093.55,0.0,22.63,5.75,12,1011.6,12.8,0.26,29.9
1435,10906X0039/C2-1,BSS002MNYD,2020-12-07,102.58,Valeur mesurée,Syndicat Mixte pour la Protection et la Gestion des Nappes Souterraines de la Plaine du Roussillon  (20001584000016),2.685378283,42.685696389,2020-12-07T03:01,2020-12-07T14:59,43090.93,0.0,22.04,6.11,38,1012.1,14.4,0.259,30.1
1436,10906X0039/C2-1,BSS002MNYD,2020-12-08,102.56,Valeur mesurée,Syndicat Mixte pour la Protection et la Gestion des Nappes Souterraines de la Plaine du Roussillon  (20001584000016),2.685378283,42.685696389,2020-12-08T03:02,2020-12-08T15:00,43088.47,0.7,19.14,4.77,43,1012.9,11.3,0.258,30.2
1437,10906X0039/C2-1,BSS002MNYD,2020-12-09,102.54,Valeur mesurée,Syndicat Mixte pour la Protection et la Gestion des Nappes Souterraines de la Plaine du Roussillon  (20001584000016),2.685378283,42.685696389,2020-12-09T03:02,2020-12-09T15:00,43086.18,0.1,21.13,6.1,51,1011.4,16.6,0.257,30.2
1438,10906X0039/C2-1,BSS002MNYD,2020-12-10,102.52,Valeur mesurée,Syndicat Mixte pour la Protection et la Gestion des Nappes Souterraines de la Plaine du Roussillon  (20001584000016),2.685378283,42.685696389,2020-12-10T03:03,2020-12-10T15:01,43084.05,0.0,24.68,6.84,18,1011.7,14.0,0.255,30.2
1439,10906X0039/C2-1,BSS002MNYD,2020-12-11,102.5,Valeur mesurée,Syndicat Mixte pour la Protection et la Gestion des Nappes Souterraines de la Plaine du Roussillon  (20001584000016),2.685378283,42.685696389,2020-12-11T03:03,2020-12-11T15:01,43082.1,0.0,24.67,7.18,38,1011.5,15.6,0.253,30.3
1440,10906X0039/C2-1,BSS002MNYD,2020-12-12,102.48,Valeur mesurée,Syndicat Mixte pour la Protection et la Gestion des Nappes Souterraines de la Plaine du Roussillon  (20001584000016),2.685378283,42.685696389,2020-12-12T03:04,2020-12-12T15:02,43080.33,0.0,25.03,7.35,49,1011.5,16.6,0.252,30.4
1441,10906X0039/C2-1,BSS002MNYD,2020-12-13,102.45,Valeur mesurée,Syndicat Mixte pour la Protection et la Gestion des Nappes Souterraines de la Plaine du Roussillon  (20001584000016),2.685378283,42.685696389,2020-12-13T03:04,2020-12-13T15:02,43078.74,0.0,25.01,7.43,39,1011.3,17.3,0.25,30.4
1442,10906X0039/C2-1,BSS002MNYD,2020-12-14,102.41,Valeur mesurée,Syndicat Mixte pour la Protection et la Gestion des Nappes Souterraines de la Plaine du Roussillon  (20001584000016),2.685378283,42.685696389,2020-12-14T03:05,2020-12-14T15:03,43077.34,0.0,24.85,6.61,13,1011.2,12.9,0.248,30.4
1443,10906X0039/C2-1,BSS002MNYD,2020-12-15,102.38,Valeur mesurée,Syndicat Mixte pour la Protection et la Gestion des Nappes Souterraines de la Plaine du Roussillon  (20001584000016),2.685378283,42.685696389,2020-12-15T03:05,2020-12-15T15:03,43076.12,0.0,24.69,7.16,21,1010.7,14.2,0.246,30.6
1444,10906X0039/C2-1,BSS002MNYD,2020-12-16,102.34,Valeur mesurée,Syndicat Mixte pour la Protection et la Gestion des Nappes Souterraines de la Plaine du Roussillon  (20001584000016),2.685378283,42.685696389,2020-12-16T03:06,2020-12-16T15:04,43075.09,0.0,24.93,7.34,10,1010.6,15.8,0.245,30.7
1445,10906X0039/C2-1,BSS002MNYD,2020-12-17,102.31,Valeur mesurée,Syndicat Mixte pour la Protection et la Gestion des Nappes Souterraines de la Plaine du Roussillon  (20001584000016),2.685378283,42.685696389,2020-12-17T03:06,2020-12-17T15:04,43074.26,0.0,24.32,7.22,60,1010.5,15.7,0.243,30.7
1446,10906X0039/C2-1,BSS002MNYD,2020-12-18,102.27,Valeur mesurée,Syndicat Mixte pour la Protection et la Gestion des Nappes Souterraines de la Plaine du Roussillon  (20001584000016),2.685378283,42.685696389,2020-12-18T03:07,2020-12-18T15:04,43073.63,0.0,22.84,7.34,54,1009.7,17.0,0.242,30.9
1447,10906X0039/C2-1,BSS002MNYD,2020-12-19,102.24,Valeur mesurée,Syndicat Mixte pour la Protection et la Gestion des Nappes Souterraines de la Plaine du Roussillon  (20001584000016),2.685378283,42.685696389,2020-12-19T03:07,2020-12-19T15:05,43073.2,0.0,18.97,5.69,30,1010.6,14.4,0.24,31.0
1448,10906X0039/C2-1,BSS002MNYD,2020-12-20,102.24,Valeur mesurée,Syndicat Mixte pour la Protection et la Gestion des Nappes Souterraines de la Plaine du Roussillon  (20001584000016),2.685378283,42.685696389,2020-12-20T03:08,2020-12-20T15:05,43072.96,0.0,20.91,6.3,49,1011.3,17.2,0.239,31.1
1449,10906X0039/C2-1,BSS002MNYD,2020-12-21,102.25,Valeur mesurée,Syndicat Mixte pour la Protection et la Gestion des Nappes Souterraines de la Plaine du Roussillon  (20001584000016),2.685378283,42.685696389,2020-12-21T03:08,2020-12-21T15:06,43072.92,0.0,24.32,7.64,15,1011.1,17.5,0.238,31.3
1450,10906X0039/C2-1,BSS002MNYD,2020-12-22,102.24,Valeur mesurée,Syndicat Mixte pour la Protection et la Gestion des Nappes Souterraines de la Plaine du Roussillon  (20001584000016),2.685378283,42.685696389,2020-12-22T03:08,2020-12-22T15:06,43073.07,0.0,21.38,7.16,51,1010.4,16.9,0.236,31.4
1451,10906X0039/C2-1,BSS002MNYD,2020-12-23,102.24,Valeur mesurée,Syndicat Mixte pour la Protection et la Gestion des Nappes Souterraines de la Plaine du Roussillon  (20001584000016),2.685378283,42.685696389,2020-12-23T03:09,2020-12-23T15:07,43073.4,0.0,22.99,7.7,59,1009.6,18.0,0.235,31.5
1452,10906X0039/C2-1,BSS002MNYD,2020-12-24,102.24,Valeur mesurée,Syndicat Mixte pour la Protection et la Gestion des Nappes Souterraines de la Plaine du Roussillon  (20001584000016),2.685378283,42.685696389,2020-12-24T03:09,2020-12-24T15:07,43073.92,0.0,24.55,7.59,32,1008.9,15.9,0.234,31.6
1453,10906X0039/C2-1,BSS002MNYD,2020-12-25,102.23,Valeur mesurée,Syndicat Mixte pour la Protection et la Gestion des Nappes Souterraines de la Plaine du Roussillon  (20001584000016),2.685378283,42.685696389,2020-12-25T03:10,2020-12-25T15:08,43074.62,0.0,24.79,7.64,37,1008.6,16.1,0.232,31.6
1454,10906X0039/C2-1,BSS002MNYD,2020-12-26,102.2,Valeur mesurée,Syndicat Mixte pour la Protection et la Gestion des Nappes Souterraines de la Plaine du Roussillon  (20001584000016),2.685378283,42.685696389,2020-12-26T03:10,2020-12-26T15:08,43075.51,0.0,24.72,8.29,47,1009.6,18.6,0.231,31.5
1455,10906X0039/C2-1,BSS002MNYD,2020-12-27,102.17,Valeur mesurée,Syndicat Mixte pour la Protection et la Gestion des Nappes Souterraines de la Plaine du Roussillon  (20001584000016),2.685378283,42.685696389,2020-12-27T03:11,2020-12-27T15:09,43076.57,0.0,24.41,8.28,33,1009.7,20.0,0.23,31.5
1456,10906X0039/C2-1,BSS002MNYD,2020-12-28,102.14,Valeur mesurée,Syndicat Mixte pour la Protection et la Gestion des Nappes Souterraines de la Plaine du Roussillon  (20001584000016),2.685378283,42.685696389,2020-12-28T03:11,2020-12-28T15:09,43077.81,0.0,24.15,7.89,32,1010.1,19.5,0.229,31.6
1457,10906X0039/C2-1,BSS002MNYD,2020-12-29,102.12,Valeur mesurée,Syndicat Mixte pour la Protection et la Gestion des Nappes Souterraines de la Plaine du Roussillon  (20001584000016),2.685378283,42.685696389,2020-12-29T03:12,2020-12-29T15:10,43079.24,0.0,22.18,7.23,52,1009.7,17.3,0.227,31.8
1458,10906X0039/C2-1,BSS002MNYD,2020-12-30,102.11,Valeur mesurée,Syndicat Mixte pour la Protection et la Gestion des Nappes Souterraines de la Plaine du Roussillon  (20001584000016),2.685378283,42.685696389,2020-12-30T03:12,2020-12-30T15:10,43080.83,3.2,18.56,5.72,40,1009.7,15.5,0.227,31.7
1459,10906X0039/C2-1,BSS002MNYD,2020-12-31,102.11,Valeur mesurée,Syndicat Mixte pour la Protection et la Gestion des Nappes Souterraines de la Plaine du Roussillon  (20001584000016),2.685378283,42.685696389,2020-12-31T03:13,2020-12-31T15:11,43082.59,0.1,21.64,6.25,36,1010.0,14.7,0.227,31.5
1460,10906X0039/C2-1,BSS002MNYD,2021-01-01,102.11,Valeur mesurée,Syndicat Mixte pour la Protection et la Gestion des Nappes Souterraines de la Plaine du Roussillon  (20001584000016),2.685378283,42.685696389,2021-01-01T03:13,2021-01-01T15:11,43084.52,0.0,24.45,6.23,23,1010.8,10.7,0.224,31.5
1461,10906X0039/C2-1,BSS002MNYD,2021-01-02,102.1,Valeur mesurée,Syndicat Mixte pour la Protection et la Gestion des Nappes Souterraines de la Plaine du Roussillon  (20001584000016),2.685378283,42.685696389,2021-01-02T03:14,2021-01-02T15:12,43086.62,0.0,22.6,6.51,75,1011.4,14.5,0.223,31.7
1462,10906X0039/C2-1,BSS002MNYD,2021-01-03,102.07,Valeur mesurée,Syndicat Mixte pour la Protection et la Gestion des Nappes Souterraines de la Plaine du Roussillon  (20001584000016),2.685378283,42.685696389,2021-01-03T03:14,2021-01-03T15:12,43088.88,0.0,24.89,7.19,72,1011.0,14.5,0.222,31.6
1463,10906X0039/C2-1,BSS002MNYD,2021-01-04,102.06,Valeur mesurée,Syndicat Mixte pour la Protection et la Gestion des Nappes Souterraines de la Plaine du Roussillon  (20001584000016),2.685378283,42.685696389,2021-01-04T03:15,2021-01-04T15:13,43091.31,0.0,22.96,7.05,95,1010.4,16.8,0.221,31.6
1464,10906X0039/C2-1,BSS002MNYD,2021-01-05,102.05,Valeur mesurée,Syndicat Mixte pour la Protection et la Gestion des Nappes Souterraines de la Plaine du Roussillon  (20001584000016),2.685378283,42.685696389,2021-01-05T03:15,2021-01-05T15:13,43093.9,0.0,25.0,7.95,43,1010.4,19.2,0.22,31.6
1465,10906X0039/C2-1,BSS002MNYD,2021-01-06,102.04,Valeur mesurée,Syndicat Mixte pour la Protection et la Gestion des Nappes Souterraines de la Plaine du Roussillon  (20001584000016),2.685378283,42.685696389,2021-01-06T03:16,2021-01-06T15:14,43096.64,0.0,24.49,7.87,54,1011.3,17.9,0.219,31.6
1466,10906X0039/C2-1,BSS002MNYD,2021-01-07,102.05,Valeur mesurée,Syndicat Mixte pour la Protection et la Gestion des Nappes Souterraines de la Plaine du Roussillon  (20001584000016),2.685378283,42.685696389,2021-01-07T03:16,2021-01-07T15:14,43099.54,0.0,25.31,7.39,14,1009.5,16.4,0.218,31.5
1467,10906X0039/C2-1,BSS002MNYD,2021-01-08,102.06,Valeur mesurée,Syndicat Mixte pour la Protection et la Gestion des Nappes Souterraines de la Plaine du Roussillon  (20001584000016),2.685378283,42.685696389,2021-01-08T03:16,2021-01-08T15:15,43102.6,0.0,25.45,7.51,25,1008.4,16.8,0.217,31.5
1468,10906X0039/C2-1,BSS002MNYD,2021-01-09,102.05,Valeur mesurée,Syndicat Mixte pour la Protection et la Gestion des Nappes Souterraines de la Plaine du Roussillon  (20001584000016),2.685378283,42.685696389,2021-01-09T03:17,2021-01-09T15:15,43105.86,0.0,25.37,7.8,3,1008.7,15.9,0.216,31.5
1469,10906X0039/C2-1,BSS002MNYD,2021-01-10,102.04,Valeur mesurée,Syndicat Mixte pour la Protection et la Gestion des Nappes Souterraines de la Plaine du Roussillon  (20001584000016),2.685378283,42.685696389,2021-01-10T03:17,2021-01-10T15:15,43109.31,0.0,24.94,7.72,53,1009.5,18.2,0.215,31.5
1470,10906X0039/C2-1,BSS002MNYD,2021-01-11,102.03,Valeur mesurée,Syndicat Mixte pour la Protection et la Gestion des Nappes Souterraines de la Plaine du Roussillon  (20001584000016),2.685378283,42.685696389,2021-01-11T03:17,2021-01-11T15:16,43112.94,0.0,24.83,7.92,14,1009.8,18.5,0.214,31.6
1471,10906X0039/C2-1,BSS002MNYD,2021-01-12,102.01,Valeur mesurée,Syndicat Mixte pour la Protection et la Gestion des Nappes Souterraines de la Plaine du Roussillon  (20001584000016),2.685378283,42.685696389,2021-01-12T03:18,2021-01-12T15:16,43116.76,0.0,24.57,8.15,9,1011.0,19.7,0.213,31.6
1472,10906X0039/C2-1,BSS002MNYD,2021-01-13,101.99,Valeur mesurée,Syndicat Mixte pour la Protection et la Gestion des Nappes Souterraines de la Plaine du Roussillon  (20001584000016),2.685378283,42.685696389,2021-01-13T03:18,2021-01-13T15:17,43120.76,0.0,25.14,8.04,9,1010.9,17.9,0.212,31.6
1473,10906X0039/C2-1,BSS002MNYD,2021-01-14,101.97,Valeur mesurée,Syndicat Mixte pour la Protection et la Gestion des Nappes Souterraines de la Plaine du Roussillon  (20001584000016),2.685378283,42.685696389,2021-01-14T03:18,2021-01-14T15:17,43124.92,0.0,25.11,7.82,15,1009.8,18.7,0.212,31.7
1474,10906X0039/C2-1,BSS002MNYD,2021-01-15,101.94,Valeur mesurée,Syndicat Mixte pour la Protection et la Gestion des Nappes Souterraines de la Plaine du Roussillon  (20001584000016),2.685378283,42.685696389,2021-01-15T03:19,2021-01-15T15:18,43129.24,0.0,24.05,6.88,16,1009.5,15.1,0.211,31.8
1475,10906X0039/C2-1,BSS002MNYD,2021-01-16,101.92,Valeur mesurée,Syndicat Mixte pour la Protection et la Gestion des Nappes Souterraines de la Plaine du Roussillon  (20001584000016),2.685378283,42.685696389,2021-01-16T03:19,2021-01-16T15:18,43133.73,0.0,23.4,6.76,9,1008.3,15.5,0.21,31.9
1476,10906X0039/C2-1,BSS002MNYD,2021-01-17,101.89,Valeur mesurée,Syndicat Mixte pour la Protection et la Gestion des Nappes Souterraines de la Plaine du Roussillon  (20001584000016),2.685378283,42.685696389,2021-01-17T03:19,2021-01-17T15:18,43138.35,0.0,25.39,7.56,33,1008.6,15.1,0.209,32.1
1477,10906X0039/C2-1,BSS002MNYD,2021-01-18,101.88,Valeur mesurée,Syndicat Mixte pour la Protection et la Gestion des Nappes Souterraines de la Plaine du Roussillon  (20001584000016),2.685378283,42.685696389,2021-01-18T03:20,2021-01-18T15:19,43143.12,0.0,25.61,8.55,85,1008.1,17.1,0.208,32.1
1478,10906X0039/C2-1,BSS002MNYD,2021-01-19,101.87,Valeur mesurée,Syndicat Mixte pour la Protection et la Gestion des Nappes Souterraines de la Plaine du Roussillon  (20001584000016),2.685378283,42.685696389,2021-01-19T03:20,2021-01-19T15:19,43148.02,0.0,25.66,9.14,79,1008.3,19.3,0.207,32.2
1479,10906X0039/C2-1,BSS002MNYD,2021-01-20,101.86,Valeur mesurée,Syndicat Mixte pour la Protection et la Gestion des Nappes Souterraines de la Plaine du Roussillon  (20001584000016),2.685378283,42.685696389,2021-01-20T03:20,2021-01-20T15:19,43153.05,0.0,23.76,8.43,77,1009.7,19.7,0.206,32.3
1480,10906X0039/C2-1,BSS002MNYD,2021-01-21,101.85,Valeur mesurée,Syndicat Mixte pour la Protection et la Gestion des Nappes Souterraines de la Plaine du Roussillon  (20001584000016),2.685378283,42.685696389,2021-01-21T03:20,2021-01-21T15:20,43158.2,0.0,21.64,7.87,67,1009.9,21.1,0.206,32.4
1481,10906X0039/C2-1,BSS002MNYD,2021-01-22,101.85,Valeur mesurée,Syndicat Mixte pour la Protection et la Gestion des Nappes Souterraines de la Plaine du Roussillon  (20001584000016),2.685378283,42.685696389,2021-01-22T03:21,2021-01-22T15:20,43163.47,0.0,23.5,7.95,85,1010.2,22.4,0.205,32.4
1482,10906X0039/C2-1,BSS002MNYD,2021-01-23,101.83,Valeur mesurée,Syndicat Mixte pour la Protection et la Gestion des Nappes Souterraines de la Plaine du Roussillon  (20001584000016),2.685378283,42.685696389,2021-01-23T03:21,2021-01-23T15:20,43168.84,0.0,22.47,7.38,93,1010.7,19.1,0.204,32.3
1483,10906X0039/C2-1,BSS002MNYD,2021-01-24,101.82,Valeur mesurée,Syndicat Mixte pour la Protection et la Gestion des Nappes Souterraines de la Plaine du Roussillon  (20001584000016),2.685378283,42.685696389,2021-01-24T03:21,2021-01-24T15:21,43174.32,0.0,24.75,8.06,45,1010.3,18.3,0.203,32.5
1484,10906X0039/C2-1,BSS002MNYD,2021-01-25,101.8,Valeur mesurée,Syndicat Mixte pour la Protection et la Gestion des Nappes Souterraines de la Plaine du Roussillon  (20001584000016),2.685378283,42.685696389,2021-01-25T03:21,2021-01-25T15:21,43179.89,0.0,26.0,8.01,17,1011.1,16.8,0.203,32.5
1485,10906X0039/C2-1,BSS002MNYD,2021-01-26,101.78,Valeur mesurée,Syndicat Mixte pour la Protection et la Gestion des Nappes Souterraines de la Plaine du Roussillon  (20001584000016),2.685378283,42.685696389,2021-01-26T03:21,2021-01-26T15:21,43185.56,0.0,24.84,7.56,62,1011.3,17.1,0.202,32.4
1486,10906X0039/C2-1,BSS002MNYD,2021-01-27,101.74,Valeur mesurée,Syndicat Mixte pour la Protection et la Gestion des Nappes Souterraines de la Plaine du Roussillon  (20001584000016),2.685378283,42.685696389,2021-01-27T03:22,2021-01-27T15:21,43191.31,0.0,23.03,7.34,30,1010.6,18.2,0.201,32.4
1487,10906X0039/C2-1,BSS002MNYD,2021-01-28,101.71,Valeur mesurée,Syndicat Mixte pour la Protection et la Gestion des Nappes Souterraines de la Plaine du Roussillon  (20001584000016),2.685378283,42.685696389,2021-01-28T03:22,2021-01-28T15:22,43197.15,0.0,23.06,7.95,28,1010.2,19.6,0.2,32.4
1488,10906X0039/C2-1,BSS002MNYD,2021-01-29,101.75,Valeur mesurée,Syndicat Mixte pour la Protection et la Gestion des Nappes Souterraines de la Plaine du Roussillon  (20001584000016),2.685378283,42.685696389,2021-01-29T03:22,2021-01-29T15:22,43203.14,0.0,25.64,8.24,15,1011.4,17.6,0.2,32.5
1489,10906X0039/C2-1,BSS002MNYD,2021-01-30,101.8,Valeur mesurée,Syndicat Mixte pour la Protection et la Gestion des Nappes Souterraines de la Plaine du Roussillon  (20001584000016),2.685378283,42.685696389,2021-01-30T03:22,2021-01-30T15:22,43209.28,0.0,26.83,7.94,8,1010.8,16.8,0.199,32.5
1490,10906X0039/C2-1,BSS002MNYD,2021-01-31,101.85,Valeur mesurée,Syndicat Mixte pour la Protection et la Gestion des Nappes Souterraines de la Plaine du Roussillon  (20001584000016),2.685378283,42.685696389,2021-01-31T03:22,2021-01-31T15:22,43215.56,0.0,26.28,8.23,3,1010.6,19.4,0.198,32.4
1491,10906X0039/C2-1,BSS002MNYD,2021-02-01,101.87,Valeur mesurée,Syndicat Mixte pour la Protection et la Gestion des Nappes Souterraines de la Plaine du Roussillon  (20001584000016),2.685378283,42.685696389,2021-02-01T03:22,2021-02-01T15:22,43221.99,0.0,25.1,7.9,65,1011.8,18.3,0.198,32.4
1492,10906X0039/C2-1,BSS002MNYD,2021-02-02,101.88,Valeur mesurée,Syndicat Mixte pour la Protection et la Gestion des Nappes Souterraines de la Plaine du Roussillon  (20001584000016),2.685378283,42.685696389,2021-02-02T03:22,2021-02-02T15:23,43228.54,0.0,26.18,7.7,29,1012.3,14.6,0.197,32.5
1493,10906X0039/C2-1,BSS002MNYD,2021-02-03,101.88,Valeur mesurée,Syndicat Mixte pour la Protection et la Gestion des Nappes Souterraines de la Plaine du Roussillon  (20001584000016),2.685378283,42.685696389,2021-02-03T03:22,2021-02-03T15:23,43235.21,0.0,26.57,8.06,24,1011.6,15.6,0.196,32.5
1494,10906X0039/C2-1,BSS002MNYD,2021-02-04,101.88,Valeur mesurée,Syndicat Mixte pour la Protection et la Gestion des Nappes Souterraines de la Plaine du Roussillon  (20001584000016),2.685378283,42.685696389,2021-02-04T03:22,2021-02-04T15:23,43242.01,0.0,26.52,7.5,30,1011.4,15.0,0.195,32.5
1495,10906X0039/C2-1,BSS002MNYD,2021-02-05,101.86,Valeur mesurée,Syndicat Mixte pour la Protection et la Gestion des Nappes Souterraines de la Plaine du Roussillon  (20001584000016),2.685378283,42.685696389,2021-02-05T03:22,2021-02-05T15:23,43248.9,0.0,26.05,6.72,23,1010.9,13.2,0.195,32.7
1496,10906X0039/C2-1,BSS002MNYD,2021-02-06,101.83,Valeur mesurée,Syndicat Mixte pour la Protection et la Gestion des Nappes Souterraines de la Plaine du Roussillon  (20001584000016),2.685378283,42.685696389,2021-02-06T03:22,2021-02-06T15:23,43255.9,0.0,26.02,7.05,8,1009.7,14.6,0.194,32.8
1497,10906X0039/C2-1,BSS002MNYD,2021-02-07,101.82,Valeur mesurée,Syndicat Mixte pour la Protection et la Gestion des Nappes Souterraines de la Plaine du Roussillon  (20001584000016),2.685378283,42.685696389,2021-02-07T03:22,2021-02-07T15:23,43262.98,0.0,25.74,7.75,21,1008.5,15.5,0.194,32.9
1498,10906X0039/C2-1,BSS002MNYD,2021-02-08,101.8,Valeur mesurée,Syndicat Mixte pour la Protection et la Gestion des Nappes Souterraines de la Plaine du Roussillon  (20001584000016),2.685378283,42.685696389,2021-02-08T03:22,2021-02-08T15:23,43270.15,0.0,24.79,8.73,61,1009.3,21.7,0.193,33.0
1499,10906X0039/C2-1,BSS002MNYD,2021-02-09,101.78,Valeur mesurée,Syndicat Mixte pour la Protection et la Gestion des Nappes Souterraines de la Plaine du Roussillon  (20001584000016),2.685378283,42.685696389,2021-02-09T03:22,2021-02-09T15:24,43277.4,0.0,21.88,8.16,60,1010.1,20.1,0.192,32.9
1500,10906X0039/C2-1,BSS002MNYD,2021-02-10,101.75,Valeur mesurée,Syndicat Mixte pour la Protection et la Gestion des Nappes Souterraines de la Plaine du Roussillon  (20001584000016),2.685378283,42.685696389,2021-02-10T03:22,2021-02-10T15:24,43284.71,0.0,26.09,8.8,15,1009.6,20.3,0.192,32.9
1501,10906X0039/C2-1,BSS002MNYD,2021-02-11,101.74,Valeur mesurée,Syndicat Mixte pour la Protection et la Gestion des Nappes Souterraines de la Plaine du Roussillon  (20001584000016),2.685378283,42.685696389,2021-02-11T03:22,2021-02-11T15:24,43292.09,0.0,25.51,8.54,87,1009.0,19.2,0.191,33.0
1502,10906X0039/C2-1,BSS002MNYD,2021-02-12,101.72,Valeur mesurée,Syndicat Mixte pour la Protection et la Gestion des Nappes Souterraines de la Plaine du Roussillon  (20001584000016),2.685378283,42.685696389,2021-02-12T03:22,2021-02-12T15:24,43299.53,0.0,26.02,7.71,34,1008.8,15.6,0.191,33.2
1503,10906X0039/C2-1,BSS002MNYD,2021-02-13,101.7,Valeur mesurée,Syndicat Mixte pour la Protection et la Gestion des Nappes Souterraines de la Plaine du Roussillon  (20001584000016),2.685378283,42.685696389,2021-02-13T03:22,2021-02-13T15:24,43307.01,0.0,25.37,8.15,62,1009.5,17.5,0.19,33.3
1504,10906X0039/C2-1,BSS002MNYD,2021-02-14,101.69,Valeur mesurée,Syndicat Mixte pour la Protection et la Gestion des Nappes Souterraines de la Plaine du Roussillon  (20001584000016),2.685378283,42.685696389,2021-02-14T03:22,2021-02-14T15:24,43314.53,0.0,26.19,7.96,1,1009.9,16.8,0.189,33.4
1505,10906X0039/C2-1,BSS002MNYD,2021-02-15,101.67,Valeur mesurée,Syndicat Mixte pour la Protection et la Gestion des Nappes Souterraines de la Plaine du Roussillon  (20001584000016),2.685378283,42.685696389,2021-02-15T03:22,2021-02-15T15:24,43322.08,0.0,26.58,8.93,0,1009.2,21.2,0.189,33.3
1506,10906X0039/C2-1,BSS002MNYD,2021-02-16,101.66,Valeur mesurée,Syndicat Mixte pour la Protection et la Gestion des Nappes Souterraines de la Plaine du Roussillon  (20001584000016),2.685378283,42.685696389,2021-02-16T03:22,2021-02-16T15:24,43329.66,0.0,26.58,8.5,46,1008.5,19.9,0.188,33.3
1507,10906X0039/C2-1,BSS002MNYD,2021-02-17,101.65,Valeur mesurée,Syndicat Mixte pour la Protection et la Gestion des Nappes Souterraines de la Plaine du Roussillon  (20001584000016),2.685378283,42.685696389,2021-02-17T03:22,2021-02-17T15:24,43337.27,0.0,26.38,8.13,95,1009.1,18.0,0.187,33.4
1508,10906X0039/C2-1,BSS002MNYD,2021-02-18,101.64,Valeur mesurée,Syndicat Mixte pour la Protection et la Gestion des Nappes Souterraines de la Plaine du Roussillon  (20001584000016),2.685378283,42.685696389,2021-02-18T03:21,2021-02-18T15:24,43344.98,0.0,25.65,7.49,32,1009.5,15.3,0.187,33.4
1509,10906X0039/C2-1,BSS002MNYD,2021-02-19,101.63,Valeur mesurée,Syndicat Mixte pour la Protection et la Gestion des Nappes Souterraines de la Plaine du Roussillon  (20001584000016),2.685378283,42.685696389,2021-02-19T03:21,2021-02-19T15:24,43352.8,0.0,23.63,7.34,53,1009.7,15.6,0.187,33.5
1510,10906X0039/C2-1,BSS002MNYD,2021-02-20,101.61,Valeur mesurée,Syndicat Mixte pour la Protection et la Gestion des Nappes Souterraines de la Plaine du Roussillon  (20001584000016),2.685378283,42.685696389,2021-02-20T03:21,2021-02-20T15:24,43360.72,0.0,23.95,6.7,95,1009.8,13.4,0.186,33.6
1511,10906X0039/C2-1,BSS002MNYD,2021-02-21,101.61,Valeur mesurée,Syndicat Mixte pour la Protection et la Gestion des Nappes Souterraines de la Plaine du Roussillon  (20001584000016),2.685378283,42.685696389,2021-02-21T03:21,2021-02-21T15:24,43368.72,0.0,26.46,7.85,57,1009.7,16.1,0.186,33.7
1512,10906X0039/C2-1,BSS002MNYD,2021-02-22,101.61,Valeur mesurée,Syndicat Mixte pour la Protection et la Gestion des Nappes Souterraines de la Plaine du Roussillon  (20001584000016),2.685378283,42.685696389,2021-02-22T03:21,2021-02-22T15:24,43376.81,0.0,24.47,8.04,69,1010.2,17.0,0.185,33.8
1513,10906X0039/C2-1,BSS002MNYD,2021-02-23,101.6,Valeur mesurée,Syndicat Mixte pour la Protection et la Gestion des Nappes Souterraines de la Plaine du Roussillon  (20001584000016),2.685378283,42.685696389,2021-02-23T03:21,2021-02-23T15:24,43384.98,0.0,20.48,6.92,76,1009.9,14.7,0.184,33.7
1514,10906X0039/C2-1,BSS002MNYD,2021-02-24,101.59,Valeur mesurée,Syndicat Mixte pour la Protection et la Gestion des Nappes Souterraines de la Plaine du Roussillon  (20001584000016),2.685378283,42.685696389,2021-02-24T03:20,2021-02-24T15:24,43393.21,0.0,26.76,8.69,68,1009.0,20.3,0.184,33.7
1515,10906X0039/C2-1,BSS002MNYD,2021-02-25,101.6,Valeur mesurée,Syndicat Mixte pour la Protection et la Gestion des Nappes Souterraines de la Plaine du Roussillon  (20001584000016),2.685378283,42.685696389,2021-02-25T03:20,2021-02-25T15:23,43401.51,0.0,27.13,8.27,45,1009.1,18.3,0.184,33.7
1516,10906X0039/C2-1,BSS002MNYD,2021-02-26,101.64,Valeur mesurée,Syndicat Mixte pour la Protection et la Gestion des Nappes Souterraines de la Plaine du Roussillon  (20001584000016),2.685378283,42.685696389,2021-02-26T03:20,2021-02-26T15:23,43409.87,0.0,25.86,7.61,25,1008.6,16.0,0.183,33.7
1517,10906X0039/C2-1,BSS002MNYD,2021-02-27,101.65,Valeur mesurée,Syndicat Mixte pour la Protection et la Gestion des Nappes Souterraines de la Plaine du Roussillon  (20001584000016),2.685378283,42.685696389,2021-02-27T03:20,2021-02-27T15:23,43418.28,0.0,25.9,7.95,13,1007.7,14.9,0.182,33.9
1518,10906X0039/C2-1,BSS002MNYD,2021-02-28,101.66,Valeur mesurée,Syndicat Mixte pour la Protection et la Gestion des Nappes Souterraines de la Plaine du Roussillon  (20001584000016),2.685378283,42.685696389,2021-02-28T03:19,2021-02-28T15:23,43426.74,0.0,26.27,9.04,51,1007.8,17.3,0.182,34.0
1519,10906X0039/C2-1,BSS002MNYD,2021-03-01,101.67,Valeur mesurée,Syndicat Mixte pour la Protection et la Gestion des Nappes Souterraines de la Plaine du Roussillon  (20001584000016),2.685378283,42.685696389,2021-03-01T03:19,2021-03-01T15:23,43435.23,0.0,27.58,9.74,38,1008.6,20.6,0.181,34.0
1520,10906X0039/C2-1,BSS002MNYD,2021-03-02,101.66,Valeur mesurée,Syndicat Mixte pour la Protection et la Gestion des Nappes Souterraines de la Plaine du Roussillon  (20001584000016),2.685378283,42.685696389,2021-03-02T03:19,2021-03-02T15:23,43443.75,0.0,26.61,9.99,16,1009.2,22.7,0.181,34.0
1521,10906X0039/C2-1,BSS002MNYD,2021-03-03,101.65,Valeur mesurée,Syndicat Mixte pour la Protection et la Gestion des Nappes Souterraines de la Plaine du Roussillon  (20001584000016),2.685378283,42.685696389,2021-03-03T03:18,2021-03-03T15:23,43452.29,0.0,25.09,8.87,26,1008.8,23.2,0.18,33.9
1522,10906X0039/C2-1,BSS002MNYD,2021-03-04,101.66,Valeur mesurée,Syndicat Mixte pour la Protection et la Gestion des Nappes Souterraines de la Plaine du Roussillon  (20001584000016),2.685378283,42.685696389,2021-03-04T03:18,2021-03-04T15:23,43460.85,0.0,25.59,8.31,54,1009.8,19.2,0.18,33.9
1523,10906X0039/C2-1,BSS002MNYD,2021-03-05,101.68,Valeur mesurée,Syndicat Mixte pour la Protection et la Gestion des Nappes Souterraines de la Plaine du Roussillon  (20001584000016),2.685378283,42.685696389,2021-03-05T03:18,2021-03-05T15:22,43469.43,0.0,27.1,10.12,85,1009.0,21.1,0.18,34.0
1524,10906X0039/C2-1,BSS002MNYD,2021-03-06,101.72,Valeur mesurée,Syndicat Mixte pour la Protection et la Gestion des Nappes Souterraines de la Plaine du Roussillon  (20001584000016),2.685378283,42.685696389,2021-03-06T03:18,2021-03-06T15:22,43478.01,0.0,26.6,9.49,62,1009.2,21.3,0.179,34.1
1525,10906X0039/C2-1,BSS002MNYD,2021-03-07,101.76,Valeur mesurée,Syndicat Mixte pour la Protection et la Gestion des Nappes Souterraines de la Plaine du Roussillon  (20001584000016),2.685378283,42.685696389,2021-03-07T03:17,2021-03-07T15:22,43486.59,0.0,27.47,8.49,22,1008.9,17.5,0.178,34.1
1526,10906X0039/C2-1,BSS002MNYD,2021-03-08,101.81,Valeur mesurée,Syndicat Mixte pour la Protection et la Gestion des Nappes Souterraines de la Plaine du Roussillon  (20001584000016),2.685378283,42.685696389,2021-03-08T03:17,2021-03-08T15:22,43495.16,0.0,27.4,9.2,36,1008.7,21.2,0.178,34.1
1527,10906X0039/C2-1,BSS002MNYD,2021-03-09,101.85,Valeur mesurée,Syndicat Mixte pour la Protection et la Gestion des Nappes Souterraines de la Plaine du Roussillon  (20001584000016),2.685378283,42.685696389,2021-03-09T03:17,2021-03-09T15:22,43503.73,0.0,25.16,7.59,20,1010.4,17.4,0.178,34.1
1528,10906X0039/C2-1,BSS002MNYD,2021-03-10,101.89,Valeur mesurée,Syndicat Mixte pour la Protection et la Gestion des Nappes Souterraines de la Plaine du Roussillon  (20001584000016),2.685378283,42.685696389,2021-03-10T03:16,2021-03-10T15:22,43512.36,0.0,25.33,7.53,45,1010.7,16.7,0.177,34.2
1529,10906X0039/C2-1,BSS002MNYD,2021-03-11,101.94,Valeur mesurée,Syndicat Mixte pour la Protection et la Gestion des Nappes Souterraines de la Plaine du Roussillon  (20001584000016),2.685378283,42.685696389,2021-03-11T03:16,2021-03-11T15:21,43521.06,0.0,25.35,8.06,20,1009.5,18.0,0.177,34.2
1530,10906X0039/C2-1,BSS002MNYD,2021-03-12,102.01,Valeur mesurée,Syndicat Mixte pour la Protection et la Gestion des Nappes Souterraines de la Plaine du Roussillon  (20001584000016),2.685378283,42.685696389,2021-03-12T03:16,2021-03-12T15:21,43529.81,0.0,25.87,8.21,42,1009.2,18.4,0.176,34.2
1531,10906X0039/C2-1,BSS002MNYD,2021-03-13,102.06,Valeur mesurée,Syndicat Mixte pour la Protection et la Gestion des Nappes Souterraines de la Plaine du Roussillon  (20001584000016),2.685378283,42.685696389,2021-03-13T03:15,2021-03-13T15:21,43538.63,0.0,23.14,7.25,73,1010.0,17.1,0.176,34.2
1532,10906X0039/C2-1,BSS002MNYD,2021-03-14,102.1,Valeur mesurée,Syndicat Mixte pour la Protection et la Gestion des Nappes Souterraines de la Plaine du Roussillon  (20001584000016),2.685378283,42.685696389,2021-03-14T03:15,2021-03-14T15:21,43547.49,0.0,22.89,6.85,45,1009.8,16.6,0.176,34.2
1533,10906X0039/C2-1,BSS002MNYD,2021-03-15,102.13,Valeur mesurée,Syndicat Mixte pour la Protection et la Gestion des Nappes Souterraines de la Plaine du Roussillon  (20001584000016),2.685378283,42.685696389,2021-03-15T03:15,2021-03-15T15:21,43556.4,3.6,20.92,5.73,75,1009.6,14.7,0.176,34.0
1534,10906X0039/C2-1,BSS002MNYD,2021-03-16,102.13,Valeur mesurée,Syndicat Mixte pour la Protection et la Gestion des Nappes Souterraines de la Plaine du Roussillon  (20001584000016),2.685378283,42.685696389,2021-03-16T03:14,2021-03-16T15:20,43565.35,0.0,23.67,7.34,59,1009.0,16.3,0.175,34.1
1535,10906X0039/C2-1,BSS002MNYD,2021-03-17,102.13,Valeur mesurée,Syndicat Mixte pour la Protection et la Gestion des Nappes Souterraines de la Plaine du Roussillon  (20001584000016),2.685378283,42.685696389,2021-03-17T03:14,2021-03-17T15:20,43574.33,0.4,21.12,6.31,78,1009.5,14.9,0.175,34.1
1536,10906X0039/C2-1,BSS002MNYD,2021-03-18,102.12,Valeur mesurée,Syndicat Mixte pour la Protection et la Gestion des Nappes Souterraines de la Plaine du Roussillon  (20001584000016),2.685378283,42.685696389,2021-03-18T03:14,2021-03-18T15:20,43583.33,2.7,21.89,5.99,43,1009.9,12.7,0.175,33.9
1537,10906X0039/C2-1,BSS002MNYD,2021-03-19,102.15,Valeur mesurée,Syndicat Mixte pour la Protection et la Gestion des Nappes Souterraines de la Plaine du Roussillon  (20001584000016),2.685378283,42.685696389,2021-03-19T03:13,2021-03-19T15:20,43592.36,1.2,17.95,4.63,69,1010.3,11.4,0.177,33.6
1538,10906X0039/C2-1,BSS002MNYD,2021-03-20,102.17,Valeur mesurée,Syndicat Mixte pour la Protection et la Gestion des Nappes Souterraines de la Plaine du Roussillon  (20001584000016),2.685378283,42.685696389,2021-03-20T03:13,2021-03-20T15:19,43601.39,0.0,23.39,6.25,31,1009.2,14.4,0.18,33.1
1539,10906X0039/C2-1,BSS002MNYD,2021-03-21,102.18,Valeur mesurée,Syndicat Mixte pour la Protection et la Gestion des Nappes Souterraines de la Plaine du Roussillon  (20001584000016),2.685378283,42.685696389,2021-03-21T03:12,2021-03-21T15:19,43610.44,0.2,21.65,6.05,26,1008.5,14.1,0.177,33.0
1540,10906X0039/C2-1,BSS002MNYD,2021-03-22,102.18,Valeur mesurée,Syndicat Mixte pour la Protection et la Gestion des Nappes Souterraines de la Plaine du Roussillon  (20001584000016),2.685378283,42.685696389,2021-03-22T03:12,2021-03-22T15:19,43619.49,0.0,23.5,6.82,21,1009.4,16.5,0.176,33.1
1541,10906X0039/C2-1,BSS002MNYD,2021-03-23,102.19,Valeur mesurée,Syndicat Mixte pour la Protection et la Gestion des Nappes Souterraines de la Plaine du Roussillon  (20001584000016),2.685378283,42.685696389,2021-03-23T03:12,2021-03-23T15:19,43628.54,0.0,25.91,7.59,20,1010.5,15.3,0.176,33.2
1542,10906X0039/C2-1,BSS002MNYD,2021-03-24,102.19,Valeur mesurée,Syndicat Mixte pour la Protection et la Gestion des Nappes Souterraines de la Plaine du Roussillon  (20001584000016),2.685378283,42.685696389,2021-03-24T03:11,2021-03-24T15:19,43637.57,0.0,27.3,7.42,34,1010.0,13.3,0.176,33.3
1543,10906X0039/C2-1,BSS002MNYD,2021-03-25,102.18,Valeur mesurée,Syndicat Mixte pour la Protection et la Gestion des Nappes Souterraines de la Plaine du Roussillon  (20001584000016),2.685378283,42.685696389,2021-03-25T03:11,2021-03-25T15:18,43646.59,0.0,25.75,6.89,25,1008.1,13.0,0.176,33.5
1544,10906X0039/C2-1,BSS002MNYD,2021-03-26,102.18,Valeur mesurée,Syndicat Mixte pour la Protection et la Gestion des Nappes Souterraines de la Plaine du Roussillon  (20001584000016),2.685378283,42.685696389,2021-03-26T03:11,2021-03-26T15:18,43655.58,0.0,26.58,7.25,28,1009.1,14.3,0.175,33.6
1545,10906X0039/C2-1,BSS002MNYD,2021-03-27,102.17,Valeur mesurée,Syndicat Mixte pour la Protection et la Gestion des Nappes Souterraines de la Plaine du Roussillon  (20001584000016),2.685378283,42.685696389,2021-03-27T03:10,2021-03-27T15:18,43664.55,0.0,25.65,7.23,89,1009.8,14.3,0.175,33.8
1546,10906X0039/C2-1,BSS002MNYD,2021-03-28,102.14,Valeur mesurée,Syndicat Mixte pour la Protection et la Gestion des Nappes Souterraines de la Plaine du Roussillon  (20001584000016),2.685378283,42.685696389,2021-03-28T03:10,2021-03-28T15:18,43673.48,0.0,24.18,7.23,78,1009.6,15.5,0.174,33.9
1547,10906X0039/C2-1,BSS002MNYD,2021-03-29,102.12,Valeur mesurée,Syndicat Mixte pour la Protection et la Gestion des Nappes Souterraines de la Plaine du Roussillon  (20001584000016),2.685378283,42.685696389,2021-03-29T03:09,2021-03-29T15:17,43682.37,0.0,24.21,8.23,61,1009.2,18.6,0.174,34.1
1548,10906X0039/C2-1,BSS002MNYD,2021-03-30,102.12,Valeur mesurée,Syndicat Mixte pour la Protection et la Gestion des Nappes Souterraines de la Plaine du Roussillon  (20001584000016),2.685378283,42.685696389,2021-03-30T03:09,2021-03-30T15:17,43691.3,0.0,23.83,7.67,35,1008.7,17.4,0.173,34.1
1549,10906X0039/C2-1,BSS002MNYD,2021-03-31,102.13,Valeur mesurée,Syndicat Mixte pour la Protection et la Gestion des Nappes Souterraines de la Plaine du Roussillon  (20001584000016),2.685378283,42.685696389,2021-03-31T03:09,2021-03-31T15:17,43700.25,0.0,25.03,7.25,60,1010.0,15.7,0.173,34.1
1550,10906X0039/C2-1,BSS002MNYD,2021-04-01,102.11,Valeur mesurée,Syndicat Mixte pour la Protection et la Gestion des Nappes Souterraines de la Plaine du Roussillon  (20001584000016),2.685378283,42.685696389,2021-04-01T03:08,2021-04-01T15:17,43709.24,0.0,24.09,6.92,30,1010.3,15.5,0.173,34.2
1551,10906X0039/C2-1,BSS002MNYD,2021-04-02,102.12,Valeur mesurée,Syndicat Mixte pour la Protection et la Gestion des Nappes Souterraines de la Plaine du Roussillon  (20001584000016),2.685378283,42.685696389,2021-04-02T03:08,2021-04-02T15:17,43718.26,0.0,23.81,6.61,24,1010.4,13.6,0.172,34.3
1552,10906X0039/C2-1,BSS002MNYD,2021-04-03,102.12,Valeur mesurée,Syndicat Mixte pour la Protection et la Gestion des Nappes Souterraines de la Plaine du Roussillon  (20001584000016),2.685378283,42.685696389,2021-04-03T03:08,2021-04-03T15:16,43727.3,6.0,21.01,5.49,72,1010.4,14.5,0.173,34.1
1553,10906X0039/C2-1,BSS002MNYD,2021-04-04,102.1,Valeur mesurée,Syndicat Mixte pour la Protection et la Gestion des Nappes Souterraines de la Plaine du Roussillon  (20001584000016),2.685378283,42.685696389,2021-04-04T03:07,2021-04-04T15:16,43736.34,3.6,22.58,5.38,62,1011.1,12.4,0.177,33.4
1554,10906X0039/C2-1,BSS002MNYD,2021-04-05,102.11,Valeur mesurée,Syndicat Mixte pour la Protection et la Gestion des Nappes Souterraines de la Plaine du Roussillon  (20001584000016),2.685378283,42.685696389,2021-04-05T03:07,2021-04-05T15:16,43745.39,2.9,20.3,4.81,60,1011.0,9.2,0.174,33.1
1555,10906X0039/C2-1,BSS002MNYD,2021-04-06,102.12,Valeur mesurée,Syndicat Mixte pour la Protection et la Gestion des Nappes Souterraines de la Plaine du Roussillon  (20001584000016),2.685378283,42.685696389,2021-04-06T03:07,2021-04-06T15:16,43754.44,0.0,23.52,5.96,37,1011.2,11.2,0.172,33.1
1556,10906X0039/C2-1,BSS002MNYD,2021-04-07,102.15,Valeur mesurée,Syndicat Mixte pour la Protection et la Gestion des Nappes Souterraines de la Plaine du Roussillon  (20001584000016),2.685378283,42.685696389,2021-04-07T03:06,2021-04-07T15:16,43763.49,0.6,20.38,4.91,30,1012.3,9.0,0.171,33.0
1557,10906X0039/C2-1,BSS002MNYD,2021-04-08,102.13,Valeur mesurée,Syndicat Mixte pour la Protection et la Gestion des Nappes Souterraines de la Plaine du Roussillon  (20001584000016),2.685378283,42.685696389,2021-04-08T03:06,2021-04-08T15:15,43772.53,0.0,23.4,5.96,20,1011.0,13.1,0.169,33.0
1558,10906X0039/C2-1,BSS002MNYD,2021-04-09,102.13,Valeur mesurée,Syndicat Mixte pour la Protection et la Gestion des Nappes Souterraines de la Plaine du Roussillon  (20001584000016),2.685378283,42.685696389,2021-04-09T03:05,2021-04-09T15:15,43781.54,1.2,20.28,5.42,27,1009.6,15.1,0.166,33.1
1559,10906X0039/C2-1,BSS002MNYD,2021-04-10,102.1,Valeur mesurée,Syndicat Mixte pour la Protection et la Gestion des Nappes Souterraines de la Plaine du Roussillon  (20001584000016),2.685378283,42.685696389,2021-04-10T03:05,2021-04-10T15:15,43790.53,0.4,19.79,5.45,57,1010.1,14.5,0.163,33.0
1560,10906X0039/C2-1,BSS002MNYD,2021-04-11,102.08,Valeur mesurée,Syndicat Mixte pour la Protection et la Gestion des Nappes Souterraines de la Plaine du Roussillon  (20001584000016),2.685378283,42.685696389,2021-04-11T03:05,2021-04-11T15:15,43799.49,0.0,23.79,6.58,86,1011.0,14.5,0.163,33.1
1561,10906X0039/C2-1,BSS002MNYD,2021-04-12,102.05,Valeur mesurée,Syndicat Mixte pour la Protection et la Gestion des Nappes Souterraines de la Plaine du Roussillon  (20001584000016),2.685378283,42.685696389,2021-04-12T03:04,2021-04-12T15:15,43808.41,0.1,22.74,6.33,39,1011.9,14.5,0.168,33.2
1562,10906X0039/C2-1,BSS002MNYD,2021-04-13,102.04,Valeur mesurée,Syndicat Mixte pour la Protection et la Gestion des Nappes Souterraines de la Plaine du Roussillon  (20001584000016),2.685378283,42.685696389,2021-04-13T03:04,2021-04-13T15:14,43817.28,0.0,23.51,5.84,48,1011.8,9.5,0.174,33.3
1563,10906X0039/C2-1,BSS002MNYD,2021-04-14,102.06,Valeur mesurée,Syndicat Mixte pour la Protection et la Gestion des Nappes Souterraines de la Plaine du Roussillon  (20001584000016),2.685378283,42.685696389,2021-04-14T03:04,2021-04-14T15:14,43826.1,0.0,24.06,6.39,22,1010.8,13.4,0.176,33.4
1564,10906X0039/C2-1,BSS002MNYD,2021-04-15,102.05,Valeur mesurée,Syndicat Mixte pour la Protection et la Gestion des Nappes Souterraines de la Plaine du Roussillon  (20001584000016),2.685378283,42.685696389,2021-04-15T03:03,2021-04-15T15:14,43834.85,0.1,20.38,5.84,55,1010.5,14.1,0.175,33.4
1565,10906X0039/C2-1,BSS002MNYD,2021-04-16,102.03,Valeur mesurée,Syndicat Mixte pour la Protection et la Gestion des Nappes Souterraines de la Plaine du Roussillon  (20001584000016),2.685378283,42.685696389,2021-04-16T03:03,2021-04-16T15:14,43843.55,1.7,18.76,5.06,35,1010.4,12.5,0.178,33.3
1566,10906X0039/C2-1,BSS002MNYD,2021-04-17,102.01,Valeur mesurée,Syndicat Mixte pour la Protection et la Gestion des Nappes Souterraines de la Plaine du Roussillon  (20001584000016),2.685378283,42.685696389,2021-04-17T03:03,2021-04-17T15:14,43852.16,9.4,19.77,5.12,69,1011.4,13.2,0.18,33.1
1567,10906X0039/C2-1,BSS002MNYD,2021-04-18,101.97,Valeur mesurée,Syndicat Mixte pour la Protection et la Gestion des Nappes Souterraines de la Plaine du Roussillon  (20001584000016),2.685378283,42.685696389,2021-04-18T03:03,2021-04-18T15:14,43860.7,6.9,18.63,4.44,66,1012.5,8.3,0.179,32.9
1568,10906X0039/C2-1,BSS002MNYD,2021-04-19,101.96,Valeur mesurée,Syndicat Mixte pour la Protection et la Gestion des Nappes Souterraines de la Plaine du Roussillon  (20001584000016),2.685378283,42.685696389,2021-04-19T03:02,2021-04-19T15:13,43869.23,11.1,18.82,3.86,86,1012.5,4.2,0.266,32.2
1569,10906X0039/C2-1,BSS002MNYD,2021-04-20,101.97,Valeur mesurée,Syndicat Mixte pour la Protection et la Gestion des Nappes Souterraines de la Plaine du Roussillon  (20001584000016),2.685378283,42.685696389,2021-04-20T03:02,2021-04-20T15:13,43877.76,3.4,19.16,3.97,70,1012.0,6.7,0.273,31.5
1570,10906X0039/C2-1,BSS002MNYD,2021-04-21,101.96,Valeur mesurée,Syndicat Mixte pour la Protection et la Gestion des Nappes Souterraines de la Plaine du Roussillon  (20001584000016),2.685378283,42.685696389,2021-04-21T03:02,2021-04-21T15:13,43886.27,5.2,17.95,3.69,91,1012.5,8.9,0.276,31.0
1571,10906X0039/C2-1,BSS002MNYD,2021-04-22,101.97,Valeur mesurée,Syndicat Mixte pour la Protection et la Gestion des Nappes Souterraines de la Plaine du Roussillon  (20001584000016),2.685378283,42.685696389,2021-04-22T03:01,2021-04-22T15:13,43894.76,5.5,18.25,3.76,94,1012.7,8.9,0.28,30.6
1572,10906X0039/C2-1,BSS002MNYD,2021-04-23,101.99,Valeur mesurée,Syndicat Mixte pour la Protection et la Gestion des Nappes Souterraines de la Plaine du Roussillon  (20001584000016),2.685378283,42.685696389,2021-04-23T03:01,2021-04-23T15:13,43903.24,0.1,20.91,4.34,82,1011.5,7.8,0.284,30.4
1573,10906X0039/C2-1,BSS002MNYD,2021-04-24,101.99,Valeur mesurée,Syndicat Mixte pour la Protection et la Gestion des Nappes Souterraines de la Plaine du Roussillon  (20001584000016),2.685378283,42.685696389,2021-04-24T03:01,2021-04-24T15:13,43911.67,0.2,21.86,4.67,54,1010.3,7.7,0.285,30.3
1574,10906X0039/C2-1,BSS002MNYD,2021-04-25,101.98,Valeur mesurée,Syndicat Mixte pour la Protection et la Gestion des Nappes Souterraines de la Plaine du Roussillon  (20001584000016),2.685378283,42.685696389,2021-04-25T03:01,2021-04-25T15:13,43920.07,0.4,21.66,4.72,92,1011.0,10.0,0.282,30.1
1575,10906X0039/C2-1,BSS002MNYD,2021-04-26,101.94,Valeur mesurée,Syndicat Mixte pour la Protection et la Gestion des Nappes Souterraines de la Plaine du Roussillon  (20001584000016),2.685378283,42.685696389,2021-04-26T03:01,2021-04-26T15:13,43928.43,1.8,21.34,4.53,60,1011.4,8.8,0.278,30.0
1576,10906X0039/C2-1,BSS002MNYD,2021-04-27,101.94,Valeur mesurée,Syndicat Mixte pour la Protection et la Gestion des Nappes Souterraines de la Plaine du Roussillon  (20001584000016),2.685378283,42.685696389,2021-04-27T03:00,2021-04-27T15:13,43936.73,3.3,18.46,4.0,67,1010.8,8.1,0.274,30.0
1577,10906X0039/C2-1,BSS002MNYD,2021-04-28,101.95,Valeur mesurée,Syndicat Mixte pour la Protection et la Gestion des Nappes Souterraines de la Plaine du Roussillon  (20001584000016),2.685378283,42.685696389,2021-04-28T03:00,2021-04-28T15:12,43944.97,2.2,22.92,5.03,58,1010.7,9.8,0.268,30.0
1578,10906X0039/C2-1,BSS002MNYD,2021-04-29,101.98,Valeur mesurée,Syndicat Mixte pour la Protection et la Gestion des Nappes Souterraines de la Plaine du Roussillon  (20001584000016),2.685378283,42.685696389,2021-04-29T03:00,2021-04-29T15:12,43953.14,0.7,22.1,4.77,68,1010.7,6.7,0.264,30.1
1579,10906X0039/C2-1,BSS002MNYD,2021-04-30,102.0,Valeur mesurée,Syndicat Mixte pour la Protection et la Gestion des Nappes Souterraines de la Plaine du Roussillon  (20001584000016),2.685378283,42.685696389,2021-04-30T03:00,2021-04-30T15:12,43961.24,3.0,19.74,4.16,63,1010.5,5.9,0.261,30.1
1580,10906X0039/C2-1,BSS002MNYD,2021-05-01,102.0,Valeur mesurée,Syndicat Mixte pour la Protection et la Gestion des Nappes Souterraines de la Plaine du Roussillon  (20001584000016),2.685378283,42.685696389,2021-05-01T02:59,2021-05-01T15:12,43969.25,9.5,18.65,3.86,62,1010.4,6.5,0.263,29.9
1581,10906X0039/C2-1,BSS002MNYD,2021-05-02,101.98,Valeur mesurée,Syndicat Mixte pour la Protection et la Gestion des Nappes Souterraines de la Plaine du Roussillon  (20001584000016),2.685378283,42.685696389,2021-05-02T02:59,2021-05-02T15:12,43977.17,8.2,20.69,4.5,60,1010.1,10.1,0.261,29.9
1582,10906X0039/C2-1,BSS002MNYD,2021-05-03,101.94,Valeur mesurée,Syndicat Mixte pour la Protection et la Gestion des Nappes Souterraines de la Plaine du Roussillon  (20001584000016),2.685378283,42.685696389,2021-05-03T02:59,2021-05-03T15:12,43984.99,1.8,21.49,4.56,81,1010.4,9.9,0.259,29.8
1583,10906X0039/C2-1,BSS002MNYD,2021-05-04,101.94,Valeur mesurée,Syndicat Mixte pour la Protection et la Gestion des Nappes Souterraines de la Plaine du Roussillon  (20001584000016),2.685378283,42.685696389,2021-05-04T02:59,2021-05-04T15:12,43992.71,0.0,21.11,4.52,79,1010.2,11.8,0.257,29.6
1584,10906X0039/C2-1,BSS002MNYD,2021-05-05,101.96,Valeur mesurée,Syndicat Mixte pour la Protection et la Gestion des Nappes Souterraines de la Plaine du Roussillon  (20001584000016),2.685378283,42.685696389,2021-05-05T02:59,2021-05-05T15:12,44000.31,5.4,20.8,4.39,69,1010.5,11.4,0.255,29.6
1585,10906X0039/C2-1,BSS002MNYD,2021-05-06,101.97,Valeur mesurée,Syndicat Mixte pour la Protection et la Gestion des Nappes Souterraines de la Plaine du Roussillon  (20001584000016),2.685378283,42.685696389,2021-05-06T02:59,2021-05-06T15:12,44007.79,0.7,22.3,4.92,71,1011.2,14.3,0.252,29.5
1586,10906X0039/C2-1,BSS002MNYD,2021-05-07,101.99,Valeur mesurée,Syndicat Mixte pour la Protection et la Gestion des Nappes Souterraines de la Plaine du Roussillon  (20001584000016),2.685378283,42.685696389,2021-05-07T02:58,2021-05-07T15:12,44015.13,14.1,13.38,2.98,95,1012.7,13.8,0.254,29.3
1587,10906X0039/C2-1,BSS002MNYD,2021-05-08,101.99,Valeur mesurée,Syndicat Mixte pour la Protection et la Gestion des Nappes Souterraines de la Plaine du Roussillon  (20001584000016),2.685378283,42.685696389,2021-05-08T02:58,2021-05-08T15:12,44022.34,4.6,19.02,3.97,91,1011.8,13.1,0.258,29.1
1588,10906X0039/C2-1,BSS002MNYD,2021-05-09,101.99,Valeur mesurée,Syndicat Mixte pour la Protection et la Gestion des Nappes Souterraines de la Plaine du Roussillon  (20001584000016),2.685378283,42.685696389,2021-05-09T02:58,2021-05-09T15:12,44029.48,0.2,11.65,2.97,94,1011.5,13.2,0.255,29.0
1589,10906X0039/C2-1,BSS002MNYD,2021-05-10,102.0,Valeur mesurée,Syndicat Mixte pour la Protection et la Gestion des Nappes Souterraines de la Plaine du Roussillon  (20001584000016),2.685378283,42.685696389,2021-05-10T02:58,2021-05-10T15:12,44036.55,0.8,16.88,3.82,95,1012.8,15.3,0.251,28.9
1590,10906X0039/C2-1,BSS002MNYD,2021-05-11,102.08,Valeur mesurée,Syndicat Mixte pour la Protection et la Gestion des Nappes Souterraines de la Plaine du Roussillon  (20001584000016),2.685378283,42.685696389,2021-05-11T02:58,2021-05-11T15:12,44043.54,0.0,19.67,5.4,70,1013.4,19.5,0.213,29.1
1591,10906X0039/C2-1,BSS002MNYD,2021-05-12,102.12,Valeur mesurée,Syndicat Mixte pour la Protection et la Gestion des Nappes Souterraines de la Plaine du Roussillon  (20001584000016),2.685378283,42.685696389,2021-05-12T02:58,2021-05-12T15:12,44050.44,0.0,17.29,5.17,93,1013.7,19.9,0.175,29.3
1592,10906X0039/C2-1,BSS002MNYD,2021-05-13,102.19,Valeur mesurée,Syndicat Mixte pour la Protection et la Gestion des Nappes Souterraines de la Plaine du Roussillon  (20001584000016),2.685378283,42.685696389,2021-05-13T02:58,2021-05-13T15:12,44057.26,0.0,24.87,6.64,64,1012.9,19.4,0.174,29.4
1593,10906X0039/C2-1,BSS002MNYD,2021-05-14,102.24,Valeur mesurée,Syndicat Mixte pour la Protection et la Gestion des Nappes Souterraines de la Plaine du Roussillon  (20001584000016),2.685378283,42.685696389,2021-05-14T02:58,2021-05-14T15:12,44063.98,0.0,22.91,6.5,56,1012.3,20.7,0.173,29.6
1594,10906X0039/C2-1,BSS002MNYD,2021-05-15,102.24,Valeur mesurée,Syndicat Mixte pour la Protection et la Gestion des Nappes Souterraines de la Plaine du Roussillon  (20001584000016),2.685378283,42.685696389,2021-05-15T02:58,2021-05-15T15:12,44070.6,0.0,22.73,6.51,47,1012.0,20.6,0.172,29.9
1595,10906X0039/C2-1,BSS002MNYD,2021-05-16,102.22,Valeur mesurée,Syndicat Mixte pour la Protection et la Gestion des Nappes Souterraines de la Plaine du Roussillon  (20001584000016),2.685378283,42.685696389,2021-05-16T02:58,2021-05-16T15:12,44077.11,0.0,24.58,6.79,41,1011.0,18.3,0.173,30.1
1596,10906X0039/C2-1,BSS002MNYD,2021-05-17,102.17,Valeur mesurée,Syndicat Mixte pour la Protection et la Gestion des Nappes Souterraines de la Plaine du Roussillon  (20001584000016),2.685378283,42.685696389,2021-05-17T02:58,2021-05-17T15:13,44083.49,0.0,19.0,5.71,82,1011.6,18.2,0.174,30.3
1597,10906X0039/C2-1,BSS002MNYD,2021-05-18,102.16,Valeur mesurée,Syndicat Mixte pour la Protection et la Gestion des Nappes Souterraines de la Plaine du Roussillon  (20001584000016),2.685378283,42.685696389,2021-05-18T02:58,2021-05-18T15:13,44089.75,0.1,23.0,6.95,94,1012.2,21.9,0.173,30.5
1598,10906X0039/C2-1,BSS002MNYD,2021-05-19,102.21,Valeur mesurée,Syndicat Mixte pour la Protection et la Gestion des Nappes Souterraines de la Plaine du Roussillon  (20001584000016),2.685378283,42.685696389,2021-05-19T02:58,2021-05-19T15:13,44095.88,0.7,19.67,5.75,90,1013.3,22.1,0.175,30.5
1599,10906X0039/C2-1,BSS002MNYD,2021-05-20,102.21,Valeur mesurée,Syndicat Mixte pour la Protection et la Gestion des Nappes Souterraines de la Plaine du Roussillon  (20001584000016),2.685378283,42.685696389,2021-05-20T02:58,2021-05-20T15:13,44101.87,0.0,17.19,5.85,82,1013.6,21.5,0.175,30.3
1600,10906X0039/C2-1,BSS002MNYD,2021-05-21,102.19,Valeur mesurée,Syndicat Mixte pour la Protection et la Gestion des Nappes Souterraines de la Plaine du Roussillon  (20001584000016),2.685378283,42.685696389,2021-05-21T02:58,2021-05-21T15:13,44107.71,0.0,17.59,5.56,56,1013.7,20.1,0.175,30.2
1601,10906X0039/C2-1,BSS002MNYD,2021-05-22,102.15,Valeur mesurée,Syndicat Mixte pour la Protection et la Gestion des Nappes Souterraines de la Plaine du Roussillon  (20001584000016),2.685378283,42.685696389,2021-05-22T02:58,2021-05-22T15:13,44113.39,0.5,21.04,6.02,46,1012.9,20.8,0.175,30.3
1602,10906X0039/C2-1,BSS002MNYD,2021-05-23,102.1,Valeur mesurée,Syndicat Mixte pour la Protection et la Gestion des Nappes Souterraines de la Plaine du Roussillon  (20001584000016),2.685378283,42.685696389,2021-05-23T02:58,2021-05-23T15:13,44118.91,0.1,20.47,6.33,31,1013.6,23.4,0.174,30.3
1603,10906X0039/C2-1,BSS002MNYD,2021-05-24,102.08,Valeur mesurée,Syndicat Mixte pour la Protection et la Gestion des Nappes Souterraines de la Plaine du Roussillon  (20001584000016),2.685378283,42.685696389,2021-05-24T02:58,2021-05-24T15:13,44124.26,0.8,21.36,6.13,31,1015.2,21.3,0.174,30.3
1604,10906X0039/C2-1,BSS002MNYD,2021-05-25,102.1,Valeur mesurée,Syndicat Mixte pour la Protection et la Gestion des Nappes Souterraines de la Plaine du Roussillon  (20001584000016),2.685378283,42.685696389,2021-05-25T02:58,2021-05-25T15:13,44129.43,1.1,22.64,6.45,31,1014.8,20.8,0.175,30.2
1605,10906X0039/C2-1,BSS002MNYD,2021-05-26,102.11,Valeur mesurée,Syndicat Mixte pour la Protection et la Gestion des Nappes Souterraines de la Plaine du Roussillon  (20001584000016),2.685378283,42.685696389,2021-05-26T02:58,2021-05-26T15:14,44134.41,0.8,19.07,5.31,64,1014.6,19.7,0.175,30.0
1606,10906X0039/C2-1,BSS002MNYD,2021-05-27,102.11,Valeur mesurée,Syndicat Mixte pour la Protection et la Gestion des Nappes Souterraines de la Plaine du Roussillon  (20001584000016),2.685378283,42.685696389,2021-05-27T02:58,2021-05-27T15:14,44139.2,0.2,18.23,4.84,89,1014.8,17.2,0.174,30.0
1607,10906X0039/C2-1,BSS002MNYD,2021-05-28,102.1,Valeur mesurée,Syndicat Mixte pour la Protection et la Gestion des Nappes Souterraines de la Plaine du Roussillon  (20001584000016),2.685378283,42.685696389,2021-05-28T02:58,2021-05-28T15:14,44143.8,1.2,18.34,4.88,59,1014.9,18.1,0.174,30.0
1608,10906X0039/C2-1,BSS002MNYD,2021-05-29,102.09,Valeur mesurée,Syndicat Mixte pour la Protection et la Gestion des Nappes Souterraines de la Plaine du Roussillon  (20001584000016),2.685378283,42.685696389,2021-05-29T02:58,2021-05-29T15:14,44148.23,0.9,20.33,5.49,29,1014.6,16.2,0.173,30.0
1609,10906X0039/C2-1,BSS002MNYD,2021-05-30,102.07,Valeur mesurée,Syndicat Mixte pour la Protection et la Gestion des Nappes Souterraines de la Plaine du Roussillon  (20001584000016),2.685378283,42.685696389,2021-05-30T02:58,2021-05-30T15:14,44152.52,0.0,20.17,5.79,47,1013.8,17.4,0.173,30.1
1610,10906X0039/C2-1,BSS002MNYD,2021-05-31,102.08,Valeur mesurée,Syndicat Mixte pour la Protection et la Gestion des Nappes Souterraines de la Plaine du Roussillon  (20001584000016),2.685378283,42.685696389,2021-05-31T02:58,2021-05-31T15:14,44156.64,0.0,18.34,5.53,59,1012.6,19.2,0.172,30.1
1611,10906X0039/C2-1,BSS002MNYD,2021-06-01,102.13,Valeur mesurée,Syndicat Mixte pour la Protection et la Gestion des Nappes Souterraines de la Plaine du Roussillon  (20001584000016),2.685378283,42.685696389,2021-06-01T02:59,2021-06-01T15:15,44160.61,1.0,19.74,5.44,37,1012.3,18.9,0.171,30.1
1612,10906X0039/C2-1,BSS002MNYD,2021-06-02,102.17,Valeur mesurée,Syndicat Mixte pour la Protection et la Gestion des Nappes Souterraines de la Plaine du Roussillon  (20001584000016),2.685378283,42.685696389,2021-06-02T02:59,2021-06-02T15:15,44164.41,0.8,20.17,6.1,54,1013.2,20.0,0.171,30.0
1613,10906X0039/C2-1,BSS002MNYD,2021-06-03,102.27,Valeur mesurée,Syndicat Mixte pour la Protection et la Gestion des Nappes Souterraines de la Plaine du Roussillon  (20001584000016),2.685378283,42.685696389,2021-06-03T02:59,2021-06-03T15:15,44168.05,0.0,21.45,6.49,54,1013.9,20.0,0.171,30.1
1614,10906X0039/C2-1,BSS002MNYD,2021-06-04,102.35,Valeur mesurée,Syndicat Mixte pour la Protection et la Gestion des Nappes Souterraines de la Plaine du Roussillon  (20001584000016),2.685378283,42.685696389,2021-06-04T02:59,2021-06-04T15:15,44171.5,0.1,20.51,6.14,25,1014.0,19.8,0.17,30.2
1615,10906X0039/C2-1,BSS002MNYD,2021-06-05,102.4,Valeur mesurée,Syndicat Mixte pour la Protection et la Gestion des Nappes Souterraines de la Plaine du Roussillon  (20001584000016),2.685378283,42.685696389,2021-06-05T02:59,2021-06-05T15:15,44174.78,0.1,21.96,6.71,67,1013.4,19.7,0.169,30.3
1616,10906X0039/C2-1,BSS002MNYD,2021-06-06,102.4,Valeur mesurée,Syndicat Mixte pour la Protection et la Gestion des Nappes Souterraines de la Plaine du Roussillon  (20001584000016),2.685378283,42.685696389,2021-06-06T02:59,2021-06-06T15:16,44177.88,0.2,20.65,6.36,45,1014.0,22.4,0.169,30.4
1617,10906X0039/C2-1,BSS002MNYD,2021-06-07,102.4,Valeur mesurée,Syndicat Mixte pour la Protection et la Gestion des Nappes Souterraines de la Plaine du Roussillon  (20001584000016),2.685378283,42.685696389,2021-06-07T03:00,2021-06-07T15:16,44180.8,0.6,17.89,5.6,47,1014.5,22.7,0.169,30.3
1618,10906X0039/C2-1,BSS002MNYD,2021-06-08,102.42,Valeur mesurée,Syndicat Mixte pour la Protection et la Gestion des Nappes Souterraines de la Plaine du Roussillon  (20001584000016),2.685378283,42.685696389,2021-06-08T03:00,2021-06-08T15:16,44183.52,1.4,17.12,4.94,39,1014.9,20.3,0.17,30.1
1619,10906X0039/C2-1,BSS002MNYD,2021-06-09,102.42,Valeur mesurée,Syndicat Mixte pour la Protection et la Gestion des Nappes Souterraines de la Plaine du Roussillon  (20001584000016),2.685378283,42.685696389,2021-06-09T03:00,2021-06-09T15:16,44186.05,0.9,18.57,5.23,38,1014.1,18.8,0.17,30.0
1620,10906X0039/C2-1,BSS002MNYD,2021-06-10,102.41,Valeur mesurée,Syndicat Mixte pour la Protection et la Gestion des Nappes Souterraines de la Plaine du Roussillon  (20001584000016),2.685378283,42.685696389,2021-06-10T03:00,2021-06-10T15:17,44188.39,0.9,17.6,5.18,67,1013.5,20.6,0.169,29.9
1621,10906X0039/C2-1,BSS002MNYD,2021-06-11,102.41,Valeur mesurée,Syndicat Mixte pour la Protection et la Gestion des Nappes Souterraines de la Plaine du Roussillon  (20001584000016),2.685378283,42.685696389,2021-06-11T03:00,2021-06-11T15:17,44190.52,0.0,16.82,5.63,63,1013.4,21.9,0.168,29.8
1622,10906X0039/C2-1,BSS002MNYD,2021-06-12,102.39,Valeur mesurée,Syndicat Mixte pour la Protection et la Gestion des Nappes Souterraines de la Plaine du Roussillon  (20001584000016),2.685378283,42.685696389,2021-06-12T03:00,2021-06-12T15:17,44192.44,0.0,22.0,6.9,55,1014.0,21.1,0.167,29.8
1623,10906X0039/C2-1,BSS002MNYD,2021-06-13,102.36,Valeur mesurée,Syndicat Mixte pour la Protection et la Gestion des Nappes Souterraines de la Plaine du Roussillon  (20001584000016),2.685378283,42.685696389,2021-06-13T03:01,2021-06-13T15:17,44194.17,0.0,20.2,6.61,95,1014.5,21.0,0.167,29.9
1624,10906X0039/C2-1,BSS002MNYD,2021-06-14,102.34,Valeur mesurée,Syndicat Mixte pour la Protection et la Gestion des Nappes Souterraines de la Plaine du Roussillon  (20001584000016),2.685378283,42.685696389,2021-06-14T03:01,2021-06-14T15:17,44195.67,0.0,19.68,6.4,96,1013.8,20.9,0.166,30.0
1625,10906X0039/C2-1,BSS002MNYD,2021-06-15,102.38,Valeur mesurée,Syndicat Mixte pour la Protection et la Gestion des Nappes Souterraines de la Plaine du Roussillon  (20001584000016),2.685378283,42.685696389,2021-06-15T03:01,2021-06-15T15:18,44196.96,0.0,23.58,7.59,89,1013.2,21.1,0.166,30.2
1626,10906X0039/C2-1,BSS002MNYD,2021-06-16,102.39,Valeur mesurée,Syndicat Mixte pour la Protection et la Gestion des Nappes Souterraines de la Plaine du Roussillon  (20001584000016),2.685378283,42.685696389,2021-06-16T03:01,2021-06-16T15:18,44198.03,0.0,21.75,7.0,65,1013.9,21.3,0.165,30.2
1627,10906X0039/C2-1,BSS002MNYD,2021-06-17,102.38,Valeur mesurée,Syndicat Mixte pour la Protection et la Gestion des Nappes Souterraines de la Plaine du Roussillon  (20001584000016),2.685378283,42.685696389,2021-06-17T03:01,2021-06-17T15:18,44198.88,0.0,22.97,6.91,88,1014.3,19.2,0.165,30.4
1628,10906X0039/C2-1,BSS002MNYD,2021-06-18,102.37,Valeur mesurée,Syndicat Mixte pour la Protection et la Gestion des Nappes Souterraines de la Plaine du Roussillon  (20001584000016),2.685378283,42.685696389,2021-06-18T03:02,2021-06-18T15:18,44199.51,0.3,21.13,6.58,94,1015.4,22.3,0.165,30.4
1629,10906X0039/C2-1,BSS002MNYD,2021-06-19,102.39,Valeur mesurée,Syndicat Mixte pour la Protection et la Gestion des Nappes Souterraines de la Plaine du Roussillon  (20001584000016),2.685378283,42.685696389,2021-06-19T03:02,2021-06-19T15:18,44199.93,1.3,18.7,6.0,77,1016.8,24.7,0.165,30.3
1630,10906X0039/C2-1,BSS002MNYD,2021-06-20,102.39,Valeur mesurée,Syndicat Mixte pour la Protection et la Gestion des Nappes Souterraines de la Plaine du Roussillon  (20001584000016),2.685378283,42.685696389,2021-06-20T03:02,2021-06-20T15:19,44200.14,0.0,20.38,6.64,62,1016.3,22.9,0.165,30.2
1631,10906X0039/C2-1,BSS002MNYD,2021-06-21,102.42,Valeur mesurée,Syndicat Mixte pour la Protection et la Gestion des Nappes Souterraines de la Plaine du Roussillon  (20001584000016),2.685378283,42.685696389,2021-06-21T03:02,2021-06-21T15:19,44200.13,0.6,20.68,5.88,41,1015.5,21.4,0.165,30.1
1632,10906X0039/C2-1,BSS002MNYD,2021-06-22,102.45,Valeur mesurée,Syndicat Mixte pour la Protection et la Gestion des Nappes Souterraines de la Plaine du Roussillon  (20001584000016),2.685378283,42.685696389,2021-06-22T03:02,2021-06-22T15:19,44199.92,1.0,17.29,4.84,58,1014.8,20.2,0.165,30.0
1633,10906X0039/C2-1,BSS002MNYD,2021-06-23,102.47,Valeur mesurée,Syndicat Mixte pour la Protection et la Gestion des Nappes Souterraines de la Plaine du Roussillon  (20001584000016),2.685378283,42.685696389,2021-06-23T03:03,2021-06-23T15:19,44199.5,1.2,16.44,4.54,54,1015.3,20.5,0.165,29.8
1634,10906X0039/C2-1,BSS002MNYD,2021-06-24,102.48,Valeur mesurée,Syndicat Mixte pour la Protection et la Gestion des Nappes Souterraines de la Plaine du Roussillon  (20001584000016),2.685378283,42.685696389,2021-06-24T03:03,2021-06-24T15:20,44198.88,1.5,13.12,3.71,73,1015.8,19.8,0.166,29.4
1635,10906X0039/C2-1,BSS002MNYD,2021-06-25,102.49,Valeur mesurée,Syndicat Mixte pour la Protection et la Gestion des Nappes Souterraines de la Plaine du Roussillon  (20001584000016),2.685378283,42.685696389,2021-06-25T03:03,2021-06-25T15:20,44198.05,0.0,16.34,5.05,80,1014.7,19.8,0.166,29.3
1636,10906X0039/C2-1,BSS002MNYD,2021-06-26,102.48,Valeur mesurée,Syndicat Mixte pour la Protection et la Gestion des Nappes Souterraines de la Plaine du Roussillon  (20001584000016),2.685378283,42.685696389,2021-06-26T03:03,2021-06-26T15:20,44197.02,0.0,16.89,5.62,80,1013.5,20.7,0.165,29.2
1637,10906X0039/C2-1,BSS002MNYD,2021-06-27,102.44,Valeur mesurée,Syndicat Mixte pour la Protection et la Gestion des Nappes Souterraines de la Plaine du Roussillon  (20001584000016),2.685378283,42.685696389,2021-06-27T03:04,2021-06-27T15:20,44195.79,0.0,17.94,5.57,73,1013.7,18.3,0.165,29.3
1638,10906X0039/C2-1,BSS002MNYD,2021-06-28,102.42,Valeur mesurée,Syndicat Mixte pour la Protection et la Gestion des Nappes Souterraines de la Plaine du Roussillon  (20001584000016),2.685378283,42.685696389,2021-06-28T03:04,2021-06-28T15:20,44194.36,0.7,17.78,4.91,72,1014.4,16.6,0.165,29.3
1639,10906X0039/C2-1,BSS002MNYD,2021-06-29,102.48,Valeur mesurée,Syndicat Mixte pour la Protection et la Gestion des Nappes Souterraines de la Plaine du Roussillon  (20001584000016),2.685378283,42.685696389,2021-06-29T03:04,2021-06-29T15:21,44192.73,0.8,18.51,4.86,50,1014.8,19.9,0.165,29.2
1640,10906X0039/C2-1,BSS002MNYD,2021-06-30,102.52,Valeur mesurée,Syndicat Mixte pour la Protection et la Gestion des Nappes Souterraines de la Plaine du Roussillon  (20001584000016),2.685378283,42.685696389,2021-06-30T03:04,2021-06-30T15:21,44190.92,1.5,17.81,5.32,54,1016.1,22.1,0.165,29.1
1641,10906X0039/C2-1,BSS002MNYD,2021-07-01,102.51,Valeur mesurée,Syndicat Mixte pour la Protection et la Gestion des Nappes Souterraines de la Plaine du Roussillon  (20001584000016),2.685378283,42.685696389,2021-07-01T03:04,2021-07-01T15:21,44188.91,0.1,19.01,6.22,53,1015.6,22.1,0.166,29.0
1642,10906X0039/C2-1,BSS002MNYD,2021-07-02,102.5,Valeur mesurée,Syndicat Mixte pour la Protection et la Gestion des Nappes Souterraines de la Plaine du Roussillon  (20001584000016),2.685378283,42.685696389,2021-07-02T03:05,2021-07-02T15:21,44186.71,0.0,22.2,6.99,54,1014.8,22.7,0.165,29.1
1643,10906X0039/C2-1,BSS002MNYD,2021-07-03,102.49,Valeur mesurée,Syndicat Mixte pour la Protection et la Gestion des Nappes Souterraines de la Plaine du Roussillon  (20001584000016),2.685378283,42.685696389,2021-07-03T03:05,2021-07-03T15:21,44184.33,0.0,16.2,5.61,75,1014.3,23.1,0.165,29.1
1644,10906X0039/C2-1,BSS002MNYD,2021-07-04,102.47,Valeur mesurée,Syndicat Mixte pour la Protection et la Gestion des Nappes Souterraines de la Plaine du Roussillon  (20001584000016),2.685378283,42.685696389,2021-07-04T03:05,2021-07-04T15:21,44181.76,0.0,16.29,5.85,48,1014.4,24.9,0.165,29.1
1645,10906X0039/C2-1,BSS002MNYD,2021-07-05,102.51,Valeur mesurée,Syndicat Mixte pour la Protection et la Gestion des Nappes Souterraines de la Plaine du Roussillon  (20001584000016),2.685378283,42.685696389,2021-07-05T03:05,2021-07-05T15:22,44179.01,0.0,15.67,5.84,79,1014.4,23.1,0.165,29.0
1646,10906X0039/C2-1,BSS002MNYD,2021-07-06,102.57,Valeur mesurée,Syndicat Mixte pour la Protection et la Gestion des Nappes Souterraines de la Plaine du Roussillon  (20001584000016),2.685378283,42.685696389,2021-07-06T03:05,2021-07-06T15:22,44176.08,0.0,18.76,6.46,55,1013.7,25.3,0.165,29.0
1647,10906X0039/C2-1,BSS002MNYD,2021-07-07,102.59,Valeur mesurée,Syndicat Mixte pour la Protection et la Gestion des Nappes Souterraines de la Plaine du Roussillon  (20001584000016),2.685378283,42.685696389,2021-07-07T03:06,2021-07-07T15:22,44172.97,0.0,17.59,6.06,47,1014.3,25.0,0.165,29.1
1648,10906X0039/C2-1,BSS002MNYD,2021-07-08,102.59,Valeur mesurée,Syndicat Mixte pour la Protection et la Gestion des Nappes Souterraines de la Plaine du Roussillon  (20001584000016),2.685378283,42.685696389,2021-07-08T03:06,2021-07-08T15:22,44169.65,0.0,16.24,5.65,70,1015.7,23.4,0.164,29.0
1649,10906X0039/C2-1,BSS002MNYD,2021-07-09,102.6,Valeur mesurée,Syndicat Mixte pour la Protection et la Gestion des Nappes Souterraines de la Plaine du Roussillon  (20001584000016),2.685378283,42.685696389,2021-07-09T03:06,2021-07-09T15:22,44166.11,0.0,16.76,6.22,91,1015.3,25.9,0.164,29.0
1650,10906X0039/C2-1,BSS002MNYD,2021-07-10,102.6,Valeur mesurée,Syndicat Mixte pour la Protection et la Gestion des Nappes Souterraines de la Plaine du Roussillon  (20001584000016),2.685378283,42.685696389,2021-07-10T03:06,2021-07-10T15:22,44162.37,0.0,13.58,5.97,80,1014.3,25.7,0.164,29.0
1651,10906X0039/C2-1,BSS002MNYD,2021-07-11,102.59,Valeur mesurée,Syndicat Mixte pour la Protection et la Gestion des Nappes Souterraines de la Plaine du Roussillon  (20001584000016),2.685378283,42.685696389,2021-07-11T03:06,2021-07-11T15:22,44158.43,0.0,13.37,5.67,71,1014.6,24.9,0.164,29.0
1652,10906X0039/C2-1,BSS002MNYD,2021-07-12,102.61,Valeur mesurée,Syndicat Mixte pour la Protection et la Gestion des Nappes Souterraines de la Plaine du Roussillon  (20001584000016),2.685378283,42.685696389,2021-07-12T03:06,2021-07-12T15:22,44154.3,0.0,20.03,6.92,58,1014.4,24.9,0.164,29.2
1653,10906X0039/C2-1,BSS002MNYD,2021-07-13,102.67,Valeur mesurée,Syndicat Mixte pour la Protection et la Gestion des Nappes Souterraines de la Plaine du Roussillon  (20001584000016),2.685378283,42.685696389,2021-07-13T03:07,2021-07-13T15:22,44149.99,0.8,9.58,4.0,87,1014.2,23.2,0.164,29.1
1654,10906X0039/C2-1,BSS002MNYD,2021-07-14,102.75,Valeur mesurée,Syndicat Mixte pour la Protection et la Gestion des Nappes Souterraines de la Plaine du Roussillon  (20001584000016),2.685378283,42.685696389,2021-07-14T03:07,2021-07-14T15:22,44145.5,2.4,13.31,4.41,81,1014.6,21.8,0.166,28.8
1655,10906X0039/C2-1,BSS002MNYD,2021-07-15,102.78,Valeur mesurée,Syndicat Mixte pour la Protection et la Gestion des Nappes Souterraines de la Plaine du Roussillon  (20001584000016),2.685378283,42.685696389,2021-07-15T03:07,2021-07-15T15:23,44140.84,0.0,16.71,5.65,84,1014.4,22.8,0.164,28.7
1656,10906X0039/C2-1,BSS002MNYD,2021-07-16,102.81,Valeur mesurée,Syndicat Mixte pour la Protection et la Gestion des Nappes Souterraines de la Plaine du Roussillon  (20001584000016),2.685378283,42.685696389,2021-07-16T03:07,2021-07-16T15:23,44136.02,0.0,14.16,5.66,98,1014.2,24.8,0.163,28.6
1657,10906X0039/C2-1,BSS002MNYD,2021-07-17,102.82,Valeur mesurée,Syndicat Mixte pour la Protection et la Gestion des Nappes Souterraines de la Plaine du Roussillon  (20001584000016),2.685378283,42.685696389,2021-07-17T03:07,2021-07-17T15:23,44131.03,0.0,15.54,6.48,72,1014.2,27.6,0.163,28.7
1658,10906X0039/C2-1,BSS002MNYD,2021-07-18,102.77,Valeur mesurée,Syndicat Mixte pour la Protection et la Gestion des Nappes Souterraines de la Plaine du Roussillon  (20001584000016),2.685378283,42.685696389,2021-07-18T03:07,2021-07-18T15:23,44125.9,0.0,13.47,5.62,64,1014.4,25.3,0.162,28.6
1659,10906X0039/C2-1,BSS002MNYD,2021-07-19,102.78,Valeur mesurée,Syndicat Mixte pour la Protection et la Gestion des Nappes Souterraines de la Plaine du Roussillon  (20001584000016),2.685378283,42.685696389,2021-07-19T03:07,2021-07-19T15:23,44120.62,0.0,15.91,6.2,89,1014.8,24.9,0.162,28.7
1660,10906X0039/C2-1,BSS002MNYD,2021-07-20,102.82,Valeur mesurée,Syndicat Mixte pour la Protection et la Gestion des Nappes Souterraines de la Plaine du Roussillon  (20001584000016),2.685378283,42.685696389,2021-07-20T03:07,2021-07-20T15:23,44115.21,0.0,16.55,6.62,57,1015.4,26.4,0.161,28.7
1661,10906X0039/C2-1,BSS002MNYD,2021-07-21,102.83,Valeur mesurée,Syndicat Mixte pour la Protection et la Gestion des Nappes Souterraines de la Plaine du Roussillon  (20001584000016),2.685378283,42.685696389,2021-07-21T03:08,2021-07-21T15:23,44109.65,0.3,14.72,5.26,54,1017.1,23.6,0.162,28.7
1662,10906X0039/C2-1,BSS002MNYD,2021-07-22,102.8,Valeur mesurée,Syndicat Mixte pour la Protection et la Gestion des Nappes Souterraines de la Plaine du Roussillon  (20001584000016),2.685378283,42.685696389,2021-07-22T03:08,2021-07-22T15:23,44103.99,0.0,19.22,6.6,57,1015.7,24.2,0.161,28.8
1663,10906X0039/C2-1,BSS002MNYD,2021-07-23,102.79,Valeur mesurée,Syndicat Mixte pour la Protection et la Gestion des Nappes Souterraines de la Plaine du Roussillon  (20001584000016),2.685378283,42.685696389,2021-07-23T03:08,2021-07-23T15:23,44098.2,0.0,18.71,7.16,78,1014.0,29.7,0.162,28.8
1664,10906X0039/C2-1,BSS002MNYD,2021-07-24,102.77,Valeur mesurée,Syndicat Mixte pour la Protection et la Gestion des Nappes Souterraines de la Plaine du Roussillon  (20001584000016),2.685378283,42.685696389,2021-07-24T03:08,2021-07-24T15:23,44092.29,1.0,12.77,5.41,89,1015.3,28.7,0.163,28.7
1665,10906X0039/C2-1,BSS002MNYD,2021-07-25,102.75,Valeur mesurée,Syndicat Mixte pour la Protection et la Gestion des Nappes Souterraines de la Plaine du Roussillon  (20001584000016),2.685378283,42.685696389,2021-07-25T03:08,2021-07-25T15:23,44086.29,1.2,17.3,5.88,42,1015.4,27.4,0.163,28.6
1666,10906X0039/C2-1,BSS002MNYD,2021-07-26,102.73,Valeur mesurée,Syndicat Mixte pour la Protection et la Gestion des Nappes Souterraines de la Plaine du Roussillon  (20001584000016),2.685378283,42.685696389,2021-07-26T03:08,2021-07-26T15:23,44080.17,0.1,12.81,5.07,68,1015.5,26.1,0.163,28.4
1667,10906X0039/C2-1,BSS002MNYD,2021-07-27,102.76,Valeur mesurée,Syndicat Mixte pour la Protection et la Gestion des Nappes Souterraines de la Plaine du Roussillon  (20001584000016),2.685378283,42.685696389,2021-07-27T03:08,2021-07-27T15:23,44073.96,2.1,10.36,3.58,91,1015.3,23.7,0.164,28.2
1668,10906X0039/C2-1,BSS002MNYD,2021-07-28,102.76,Valeur mesurée,Syndicat Mixte pour la Protection et la Gestion des Nappes Souterraines de la Plaine du Roussillon  (20001584000016),2.685378283,42.685696389,2021-07-28T03:08,2021-07-28T15:22,44067.59,1.0,12.85,4.31,95,1015.1,21.7,0.165,27.9
1669,10906X0039/C2-1,BSS002MNYD,2021-07-29,102.75,Valeur mesurée,Syndicat Mixte pour la Protection et la Gestion des Nappes Souterraines de la Plaine du Roussillon  (20001584000016),2.685378283,42.685696389,2021-07-29T03:08,2021-07-29T15:22,44061.06,0.7,12.25,4.69,85,1016.0,22.5,0.165,27.9
1670,10906X0039/C2-1,BSS002MNYD,2021-07-30,102.73,Valeur mesurée,Syndicat Mixte pour la Protection et la Gestion des Nappes Souterraines de la Plaine du Roussillon  (20001584000016),2.685378283,42.685696389,2021-07-30T03:08,2021-07-30T15:22,44054.39,0.0,16.9,6.06,94,1016.6,25.2,0.164,28.0
1671,10906X0039/C2-1,BSS002MNYD,2021-07-31,102.75,Valeur mesurée,Syndicat Mixte pour la Protection et la Gestion des Nappes Souterraines de la Plaine du Roussillon  (20001584000016),2.685378283,42.685696389,2021-07-31T03:08,2021-07-31T15:22,44047.58,0.0,18.86,6.3,60,1016.7,23.3,0.163,28.1
1672,10906X0039/C2-1,BSS002MNYD,2021-08-01,102.79,Valeur mesurée,Syndicat Mixte pour la Protection et la Gestion des Nappes Souterraines de la Plaine du Roussillon  (20001584000016),2.685378283,42.685696389,2021-08-01T03:08,2021-08-01T15:22,44040.63,1.2,14.06,4.18,86,1016.9,23.8,0.163,28.0
1673,10906X0039/C2-1,BSS002MNYD,2021-08-02,102.86,Valeur mesurée,Syndicat Mixte pour la Protection et la Gestion des Nappes Souterraines de la Plaine du Roussillon  (20001584000016),2.685378283,42.685696389,2021-08-02T03:08,2021-08-02T15:22,44033.56,0.5,15.66,4.65,80,1017.2,22.4,0.163,28.0
1674,10906X0039/C2-1,BSS002MNYD,2021-08-03,102.95,Valeur mesurée,Syndicat Mixte pour la Protection et la Gestion des Nappes Souterraines de la Plaine du Roussillon  (20001584000016),2.685378283,42.685696389,2021-08-03T03:08,2021-08-03T15:22,44026.38,0.0,11.99,4.11,92,1017.7,20.5,0.162,28.0
1675,10906X0039/C2-1,BSS002MNYD,2021-08-04,103.03,Valeur mesurée,Syndicat Mixte pour la Protection et la Gestion des Nappes Souterraines de la Plaine du Roussillon  (20001584000016),2.685378283,42.685696389,2021-08-04T03:08,2021-08-04T15:22,44019.09,0.3,15.87,5.1,88,1018.5,21.2,0.162,28.0
1676,10906X0039/C2-1,BSS002MNYD,2021-08-05,103.05,Valeur mesurée,Syndicat Mixte pour la Protection et la Gestion des Nappes Souterraines de la Plaine du Roussillon  (20001584000016),2.685378283,42.685696389,2021-08-05T03:08,2021-08-05T15:21,44011.7,0.2,16.9,5.31,68,1018.0,20.8,0.162,28.1
1677,10906X0039/C2-1,BSS002MNYD,2021-08-06,103.07,Valeur mesurée,Syndicat Mixte pour la Protection et la Gestion des Nappes Souterraines de la Plaine du Roussillon  (20001584000016),2.685378283,42.685696389,2021-08-06T03:08,2021-08-06T15:21,44004.22,0.1,17.58,5.83,63,1016.2,21.4,0.162,28.2
1678,10906X0039/C2-1,BSS002MNYD,2021-08-07,103.07,Valeur mesurée,Syndicat Mixte pour la Protection et la Gestion des Nappes Souterraines de la Plaine du Roussillon  (20001584000016),2.685378283,42.685696389,2021-08-07T03:08,2021-08-07T15:21,43996.65,0.0,18.51,6.13,66,1015.1,21.6,0.162,28.3
1679,10906X0039/C2-1,BSS002MNYD,2021-08-08,103.04,Valeur mesurée,Syndicat Mixte pour la Protection et la Gestion des Nappes Souterraines de la Plaine du Roussillon  (20001584000016),2.685378283,42.685696389,2021-08-08T03:08,2021-08-08T15:21,43989.01,0.0,22.51,7.06,89,1014.8,23.1,0.162,28.5
1680,10906X0039/C2-1,BSS002MNYD,2021-08-09,103.04,Valeur mesurée,Syndicat Mixte pour la Protection et la Gestion des Nappes Souterraines de la Plaine du Roussillon  (20001584000016),2.685378283,42.685696389,2021-08-09T03:08,2021-08-09T15:21,43981.29,0.0,17.41,6.01,82,1014.7,23.0,0.162,28.6
1681,10906X0039/C2-1,BSS002MNYD,2021-08-10,103.07,Valeur mesurée,Syndicat Mixte pour la Protection et la Gestion des Nappes Souterraines de la Plaine du Roussillon  (20001584000016),2.685378283,42.685696389,2021-08-10T03:08,2021-08-10T15:21,43973.52,0.0,17.73,6.12,81,1014.0,22.9,0.162,28.6
1682,10906X0039/C2-1,BSS002MNYD,2021-08-11,103.1,Valeur mesurée,Syndicat Mixte pour la Protection et la Gestion des Nappes Souterraines de la Plaine du Roussillon  (20001584000016),2.685378283,42.685696389,2021-08-11T03:08,2021-08-11T15:20,43965.69,0.0,19.72,6.74,69,1014.5,23.3,0.162,28.7
1683,10906X0039/C2-1,BSS002MNYD,2021-08-12,103.14,Valeur mesurée,Syndicat Mixte pour la Protection et la Gestion des Nappes Souterraines de la Plaine du Roussillon  (20001584000016),2.685378283,42.685696389,2021-08-12T03:07,2021-08-12T15:20,43957.81,0.0,21.68,6.94,76,1014.7,21.7,0.162,28.9
1684,10906X0039/C2-1,BSS002MNYD,2021-08-13,103.17,Valeur mesurée,Syndicat Mixte pour la Protection et la Gestion des Nappes Souterraines de la Plaine du Roussillon  (20001584000016),2.685378283,42.685696389,2021-08-13T03:07,2021-08-13T15:20,43949.9,0.0,19.14,6.32,69,1014.6,22.7,0.161,29.0
1685,10906X0039/C2-1,BSS002MNYD,2021-08-14,103.18,Valeur mesurée,Syndicat Mixte pour la Protection et la Gestion des Nappes Souterraines de la Plaine du Roussillon  (20001584000016),2.685378283,42.685696389,2021-08-14T03:07,2021-08-14T15:20,43941.94,0.3,21.25,6.76,59,1014.4,26.1,0.161,29.1
1686,10906X0039/C2-1,BSS002MNYD,2021-08-15,103.19,Valeur mesurée,Syndicat Mixte pour la Protection et la Gestion des Nappes Souterraines de la Plaine du Roussillon  (20001584000016),2.685378283,42.685696389,2021-08-15T03:07,2021-08-15T15:19,43933.96,0.0,19.88,6.13,60,1015.1,23.7,0.161,29.1
1687,10906X0039/C2-1,BSS002MNYD,2021-08-16,103.21,Valeur mesurée,Syndicat Mixte pour la Protection et la Gestion des Nappes Souterraines de la Plaine du Roussillon  (20001584000016),2.685378283,42.685696389,2021-08-16T03:07,2021-08-16T15:19,43925.96,0.0,15.97,6.0,73,1015.9,25.0,0.161,29.0
1688,10906X0039/C2-1,BSS002MNYD,2021-08-17,103.26,Valeur mesurée,Syndicat Mixte pour la Protection et la Gestion des Nappes Souterraines de la Plaine du Roussillon  (20001584000016),2.685378283,42.685696389,2021-08-17T03:07,2021-08-17T15:19,43917.85,0.0,18.03,6.18,89,1015.8,22.3,0.161,28.9
1689,10906X0039/C2-1,BSS002MNYD,2021-08-18,103.29,Valeur mesurée,Syndicat Mixte pour la Protection et la Gestion des Nappes Souterraines de la Plaine du Roussillon  (20001584000016),2.685378283,42.685696389,2021-08-18T03:07,2021-08-18T15:19,43909.66,0.0,19.83,6.61,74,1013.5,21.4,0.161,28.9
1690,10906X0039/C2-1,BSS002MNYD,2021-08-19,103.27,Valeur mesurée,Syndicat Mixte pour la Protection et la Gestion des Nappes Souterraines de la Plaine du Roussillon  (20001584000016),2.685378283,42.685696389,2021-08-19T03:07,2021-08-19T15:18,43901.38,0.0,24.96,7.45,70,1011.4,22.6,0.162,29.1
1691,10906X0039/C2-1,BSS002MNYD,2021-08-20,103.24,Valeur mesurée,Syndicat Mixte pour la Protection et la Gestion des Nappes Souterraines de la Plaine du Roussillon  (20001584000016),2.685378283,42.685696389,2021-08-20T03:06,2021-08-20T15:18,43893.01,0.9,19.75,5.82,77,1011.9,22.9,0.162,29.3
1692,10906X0039/C2-1,BSS002MNYD,2021-08-21,103.2,Valeur mesurée,Syndicat Mixte pour la Protection et la Gestion des Nappes Souterraines de la Plaine du Roussillon  (20001584000016),2.685378283,42.685696389,2021-08-21T03:06,2021-08-21T15:18,43884.58,2.1,18.16,5.04,50,1012.6,20.9,0.162,29.3
1693,10906X0039/C2-1,BSS002MNYD,2021-08-22,103.16,Valeur mesurée,Syndicat Mixte pour la Protection et la Gestion des Nappes Souterraines de la Plaine du Roussillon  (20001584000016),2.685378283,42.685696389,2021-08-22T03:06,2021-08-22T15:17,43876.08,0.7,21.42,6.02,43,1013.0,21.7,0.162,29.3
1694,10906X0039/C2-1,BSS002MNYD,2021-08-23,103.16,Valeur mesurée,Syndicat Mixte pour la Protection et la Gestion des Nappes Souterraines de la Plaine du Roussillon  (20001584000016),2.685378283,42.685696389,2021-08-23T03:06,2021-08-23T15:17,43867.53,0.7,18.0,5.64,51,1012.8,21.5,0.162,29.3
1695,10906X0039/C2-1,BSS002MNYD,2021-08-24,103.19,Valeur mesurée,Syndicat Mixte pour la Protection et la Gestion des Nappes Souterraines de la Plaine du Roussillon  (20001584000016),2.685378283,42.685696389,2021-08-24T03:06,2021-08-24T15:17,43858.93,0.4,16.48,5.07,56,1013.5,20.6,0.162,29.2
1696,10906X0039/C2-1,BSS002MNYD,2021-08-25,103.21,Valeur mesurée,Syndicat Mixte pour la Protection et la Gestion des Nappes Souterraines de la Plaine du Roussillon  (20001584000016),2.685378283,42.685696389,2021-08-25T03:05,2021-08-25T15:16,43850.29,0.0,24.21,7.05,64,1012.8,21.4,0.161,29.2
1697,10906X0039/C2-1,BSS002MNYD,2021-08-26,103.19,Valeur mesurée,Syndicat Mixte pour la Protection et la Gestion des Nappes Souterraines de la Plaine du Roussillon  (20001584000016),2.685378283,42.685696389,2021-08-26T03:05,2021-08-26T15:16,43841.6,0.1,19.73,6.48,41,1012.8,22.1,0.161,29.3
1698,10906X0039/C2-1,BSS002MNYD,2021-08-27,103.15,Valeur mesurée,Syndicat Mixte pour la Protection et la Gestion des Nappes Souterraines de la Plaine du Roussillon  (20001584000016),2.685378283,42.685696389,2021-08-27T03:05,2021-08-27T15:15,43832.89,0.0,21.53,6.57,40,1013.2,22.8,0.16,29.3
1699,10906X0039/C2-1,BSS002MNYD,2021-08-28,103.13,Valeur mesurée,Syndicat Mixte pour la Protection et la Gestion des Nappes Souterraines de la Plaine du Roussillon  (20001584000016),2.685378283,42.685696389,2021-08-28T03:05,2021-08-28T15:15,43824.16,0.0,24.6,7.65,11,1011.3,24.5,0.16,29.3
1700,10906X0039/C2-1,BSS002MNYD,2021-08-29,103.09,Valeur mesurée,Syndicat Mixte pour la Protection et la Gestion des Nappes Souterraines de la Plaine du Roussillon  (20001584000016),2.685378283,42.685696389,2021-08-29T03:04,2021-08-29T15:15,43815.4,0.0,23.48,7.38,71,1009.7,22.9,0.159,29.4
1701,10906X0039/C2-1,BSS002MNYD,2021-08-30,103.07,Valeur mesurée,Syndicat Mixte pour la Protection et la Gestion des Nappes Souterraines de la Plaine du Roussillon  (20001584000016),2.685378283,42.685696389,2021-08-30T03:04,2021-08-30T15:14,43806.65,0.0,25.64,8.29,44,1009.9,25.3,0.159,29.6
1702,10906X0039/C2-1,BSS002MNYD,2021-08-31,103.09,Valeur mesurée,Syndicat Mixte pour la Protection et la Gestion des Nappes Souterraines de la Plaine du Roussillon  (20001584000016),2.685378283,42.685696389,2021-08-31T03:04,2021-08-31T15:14,43797.88,0.0,23.56,7.93,46,1010.7,26.2,0.159,29.7
1703,10906X0039/C2-1,BSS002MNYD,2021-09-01,103.08,Valeur mesurée,Syndicat Mixte pour la Protection et la Gestion des Nappes Souterraines de la Plaine du Roussillon  (20001584000016),2.685378283,42.685696389,2021-09-01T03:04,2021-09-01T15:14,43789.12,0.2,18.06,6.16,62,1012.4,21.8,0.159,29.7
1704,10906X0039/C2-1,BSS002MNYD,2021-09-02,103.08,Valeur mesurée,Syndicat Mixte pour la Protection et la Gestion des Nappes Souterraines de la Plaine du Roussillon  (20001584000016),2.685378283,42.685696389,2021-09-02T03:04,2021-09-02T15:13,43780.36,0.4,21.28,5.98,32,1012.3,20.0,0.159,29.8
1705,10906X0039/C2-1,BSS002MNYD,2021-09-03,103.08,Valeur mesurée,Syndicat Mixte pour la Protection et la Gestion des Nappes Souterraines de la Plaine du Roussillon  (20001584000016),2.685378283,42.685696389,2021-09-03T03:03,2021-09-03T15:13,43771.62,0.1,17.82,5.66,60,1012.8,20.5,0.159,29.7
1706,10906X0039/C2-1,BSS002MNYD,2021-09-04,103.09,Valeur mesurée,Syndicat Mixte pour la Protection et la Gestion des Nappes Souterraines de la Plaine du Roussillon  (20001584000016),2.685378283,42.685696389,2021-09-04T03:03,2021-09-04T15:12,43762.89,0.9,19.03,5.78,68,1013.3,21.9,0.159,29.5
1707,10906X0039/C2-1,BSS002MNYD,2021-09-05,103.12,Valeur mesurée,Syndicat Mixte pour la Protection et la Gestion des Nappes Souterraines de la Plaine du Roussillon  (20001584000016),2.685378283,42.685696389,2021-09-05T03:03,2021-09-05T15:12,43754.18,0.1,18.89,5.7,72,1014.1,20.3,0.16,29.4
1708,10906X0039/C2-1,BSS002MNYD,2021-09-06,103.16,Valeur mesurée,Syndicat Mixte pour la Protection et la Gestion des Nappes Souterraines de la Plaine du Roussillon  (20001584000016),2.685378283,42.685696389,2021-09-06T03:03,2021-09-06T15:12,43745.42,0.0,18.63,6.03,69,1014.3,21.3,0.159,29.5
1709,10906X0039/C2-1,BSS002MNYD,2021-09-07,103.21,Valeur mesurée,Syndicat Mixte pour la Protection et la Gestion des Nappes Souterraines de la Plaine du Roussillon  (20001584000016),2.685378283,42.685696389,2021-09-07T03:02,2021-09-07T15:11,43736.62,0.7,19.78,6.02,77,1013.8,21.6,0.16,29.5
1710,10906X0039/C2-1,BSS002MNYD,2021-09-08,103.28,Valeur mesurée,Syndicat Mixte pour la Protection et la Gestion des Nappes Souterraines de la Plaine du Roussillon  (20001584000016),2.685378283,42.685696389,2021-09-08T03:02,2021-09-08T15:11,43727.78,0.0,22.4,6.83,53,1013.9,22.6,0.159,29.6
1711,10906X0039/C2-1,BSS002MNYD,2021-09-09,103.27,Valeur mesurée,Syndicat Mixte pour la Protection et la Gestion des Nappes Souterraines de la Plaine du Roussillon  (20001584000016),2.685378283,42.685696389,2021-09-09T03:02,2021-09-09T15:10,43718.9,0.5,19.65,5.68,81,1015.0,20.8,0.159,29.6
1712,10906X0039/C2-1,BSS002MNYD,2021-09-10,103.25,Valeur mesurée,Syndicat Mixte pour la Protection et la Gestion des Nappes Souterraines de la Plaine du Roussillon  (20001584000016),2.685378283,42.685696389,2021-09-10T03:01,2021-09-10T15:10,43709.99,0.0,24.02,7.56,59,1015.6,23.7,0.158,29.7
1713,10906X0039/C2-1,BSS002MNYD,2021-09-11,103.28,Valeur mesurée,Syndicat Mixte pour la Protection et la Gestion des Nappes Souterraines de la Plaine du Roussillon  (20001584000016),2.685378283,42.685696389,2021-09-11T03:01,2021-09-11T15:10,43701.05,0.0,25.1,7.68,79,1014.9,25.2,0.158,29.9
1714,10906X0039/C2-1,BSS002MNYD,2021-09-12,103.32,Valeur mesurée,Syndicat Mixte pour la Protection et la Gestion des Nappes Souterraines de la Plaine du Roussillon  (20001584000016),2.685378283,42.685696389,2021-09-12T03:01,2021-09-12T15:09,43692.1,11.3,4.16,1.26,93,1015.8,17.1,0.16,29.1
1715,10906X0039/C2-1,BSS002MNYD,2021-09-13,103.35,Valeur mesurée,Syndicat Mixte pour la Protection et la Gestion des Nappes Souterraines de la Plaine du Roussillon  (20001584000016),2.685378283,42.685696389,2021-09-13T03:01,2021-09-13T15:09,43683.14,0.7,17.9,4.92,71,1014.4,19.6,0.163,28.7
1716,10906X0039/C2-1,BSS002MNYD,2021-09-14,103.37,Valeur mesurée,Syndicat Mixte pour la Protection et la Gestion des Nappes Souterraines de la Plaine du Roussillon  (20001584000016),2.685378283,42.685696389,2021-09-14T03:00,2021-09-14T15:08,43674.17,0.3,16.78,4.93,84,1013.7,19.6,0.163,28.6
1717,10906X0039/C2-1,BSS002MNYD,2021-09-15,103.39,Valeur mesurée,Syndicat Mixte pour la Protection et la Gestion des Nappes Souterraines de la Plaine du Roussillon  (20001584000016),2.685378283,42.685696389,2021-09-15T03:00,2021-09-15T15:08,43665.2,0.0,24.1,6.73,64,1012.8,20.9,0.162,28.8
1718,10906X0039/C2-1,BSS002MNYD,2021-09-16,103.44,Valeur mesurée,Syndicat Mixte pour la Protection et la Gestion des Nappes Souterraines de la Plaine du Roussillon  (20001584000016),2.685378283,42.685696389,2021-09-16T03:00,2021-09-16T15:07,43656.24,0.2,19.07,5.62,72,1011.7,20.7,0.161,29.0
1719,10906X0039/C2-1,BSS002MNYD,2021-09-17,103.47,Valeur mesurée,Syndicat Mixte pour la Protection et la Gestion des Nappes Souterraines de la Plaine du Roussillon  (20001584000016),2.685378283,42.685696389,2021-09-17T02:59,2021-09-17T15:07,43647.3,0.0,25.36,6.94,59,1010.6,19.2,0.16,29.3
1720,10906X0039/C2-1,BSS002MNYD,2021-09-18,103.49,Valeur mesurée,Syndicat Mixte pour la Protection et la Gestion des Nappes Souterraines de la Plaine du Roussillon  (20001584000016),2.685378283,42.685696389,2021-09-18T02:59,2021-09-18T15:06,43638.36,0.0,25.22,7.15,33,1011.6,20.5,0.16,29.5
1721,10906X0039/C2-1,BSS002MNYD,2021-09-19,103.52,Valeur mesurée,Syndicat Mixte pour la Protection et la Gestion des Nappes Souterraines de la Plaine du Roussillon  (20001584000016),2.685378283,42.685696389,2021-09-19T02:59,2021-09-19T15:06,43629.46,0.0,19.83,6.6,34,1012.5,23.8,0.161,29.6
1722,10906X0039/C2-1,BSS002MNYD,2021-09-20,103.54,Valeur mesurée,Syndicat Mixte pour la Protection et la Gestion des Nappes Souterraines de la Plaine du Roussillon  (20001584000016),2.685378283,42.685696389,2021-09-20T02:59,2021-09-20T15:06,43620.58,0.1,19.22,6.57,47,1013.0,22.4,0.161,29.5
1723,10906X0039/C2-1,BSS002MNYD,2021-09-21,103.56,Valeur mesurée,Syndicat Mixte pour la Protection et la Gestion des Nappes Souterraines de la Plaine du Roussillon  (20001584000016),2.685378283,42.685696389,2021-09-21T02:58,2021-09-21T15:05,43611.73,0.0,23.42,7.32,49,1013.4,22.9,0.16,29.7
1724,10906X0039/C2-1,BSS002MNYD,2021-09-22,103.58,Valeur mesurée,Syndicat Mixte pour la Protection et la Gestion des Nappes Souterraines de la Plaine du Roussillon  (20001584000016),2.685378283,42.685696389,2021-09-22T02:58,2021-09-22T15:05,43602.92,0.1,24.56,7.08,47,1013.2,21.8,0.16,29.9
1725,10906X0039/C2-1,BSS002MNYD,2021-09-23,103.58,Valeur mesurée,Syndicat Mixte pour la Protection et la Gestion des Nappes Souterraines de la Plaine du Roussillon  (20001584000016),2.685378283,42.685696389,2021-09-23T02:58,2021-09-23T15:04,43594.16,0.2,21.87,6.37,43,1013.0,21.9,0.16,30.0
1726,10906X0039/C2-1,BSS002MNYD,2021-09-24,103.61,Valeur mesurée,Syndicat Mixte pour la Protection et la Gestion des Nappes Souterraines de la Plaine du Roussillon  (20001584000016),2.685378283,42.685696389,2021-09-24T02:57,2021-09-24T15:04,43585.46,0.0,19.06,6.31,86,1013.8,21.3,0.16,29.9
1727,10906X0039/C2-1,BSS002MNYD,2021-09-25,103.63,Valeur mesurée,Syndicat Mixte pour la Protection et la Gestion des Nappes Souterraines de la Plaine du Roussillon  (20001584000016),2.685378283,42.685696389,2021-09-25T02:57,2021-09-25T15:04,43576.78,0.2,21.2,6.36,48,1014.4,19.3,0.16,29.9
1728,10906X0039/C2-1,BSS002MNYD,2021-09-26,103.64,Valeur mesurée,Syndicat Mixte pour la Protection et la Gestion des Nappes Souterraines de la Plaine du Roussillon  (20001584000016),2.685378283,42.685696389,2021-09-26T02:57,2021-09-26T15:03,43568.1,0.0,21.83,6.8,25,1013.0,22.0,0.158,30.1
1729,10906X0039/C2-1,BSS002MNYD,2021-09-27,103.64,Valeur mesurée,Syndicat Mixte pour la Protection et la Gestion des Nappes Souterraines de la Plaine du Roussillon  (20001584000016),2.685378283,42.685696389,2021-09-27T02:57,2021-09-27T15:03,43559.4,0.0,25.75,7.79,39,1011.7,21.8,0.158,30.2
1730,10906X0039/C2-1,BSS002MNYD,2021-09-28,103.65,Valeur mesurée,Syndicat Mixte pour la Protection et la Gestion des Nappes Souterraines de la Plaine du Roussillon  (20001584000016),2.685378283,42.685696389,2021-09-28T02:56,2021-09-28T15:02,43550.69,0.0,24.87,7.49,53,1011.2,23.3,0.158,30.3
1731,10906X0039/C2-1,BSS002MNYD,2021-09-29,103.66,Valeur mesurée,Syndicat Mixte pour la Protection et la Gestion des Nappes Souterraines de la Plaine du Roussillon  (20001584000016),2.685378283,42.685696389,2021-09-29T02:56,2021-09-29T15:02,43541.96,0.0,23.17,7.15,42,1011.1,22.3,0.158,30.5
1732,10906X0039/C2-1,BSS002MNYD,2021-09-30,103.64,Valeur mesurée,Syndicat Mixte pour la Protection et la Gestion des Nappes Souterraines de la Plaine du Roussillon  (20001584000016),2.685378283,42.685696389,2021-09-30T02:56,2021-09-30T15:02,43533.24,0.0,24.69,7.28,38,1011.4,20.6,0.158,30.6
1733,10906X0039/C2-1,BSS002MNYD,2021-10-01,103.63,Valeur mesurée,Syndicat Mixte pour la Protection et la Gestion des Nappes Souterraines de la Plaine du Roussillon  (20001584000016),2.685378283,42.685696389,2021-10-01T02:56,2021-10-01T15:01,43524.52,1.7,20.77,5.99,82,1011.5,20.2,0.159,30.6
1734,10906X0039/C2-1,BSS002MNYD,2021-10-02,103.62,Valeur mesurée,Syndicat Mixte pour la Protection et la Gestion des Nappes Souterraines de la Plaine du Roussillon  (20001584000016),2.685378283,42.685696389,2021-10-02T02:55,2021-10-02T15:01,43515.81,0.0,22.74,6.91,55,1010.7,19.7,0.159,30.5
1735,10906X0039/C2-1,BSS002MNYD,2021-10-03,103.62,Valeur mesurée,Syndicat Mixte pour la Protection et la Gestion des Nappes Souterraines de la Plaine du Roussillon  (20001584000016),2.685378283,42.685696389,2021-10-03T02:55,2021-10-03T15:00,43507.12,0.0,25.2,7.11,37,1011.0,19.1,0.158,30.6
1736,10906X0039/C2-1,BSS002MNYD,2021-10-04,103.62,Valeur mesurée,Syndicat Mixte pour la Protection et la Gestion des Nappes Souterraines de la Plaine du Roussillon  (20001584000016),2.685378283,42.685696389,2021-10-04T02:55,2021-10-04T15:00,43498.45,0.0,23.88,6.99,88,1011.0,18.8,0.158,30.8
1737,10906X0039/C2-1,BSS002MNYD,2021-10-05,103.62,Valeur mesurée,Syndicat Mixte pour la Protection et la Gestion des Nappes Souterraines de la Plaine du Roussillon  (20001584000016),2.685378283,42.685696389,2021-10-05T02:55,2021-10-05T15:00,43489.8,0.1,21.93,6.52,63,1011.2,19.0,0.158,30.9
1738,10906X0039/C2-1,BSS002MNYD,2021-10-06,103.64,Valeur mesurée,Syndicat Mixte pour la Protection et la Gestion des Nappes Souterraines de la Plaine du Roussillon  (20001584000016),2.685378283,42.685696389,2021-10-06T02:54,2021-10-06T14:59,43481.2,0.0,23.86,7.32,50,1010.8,20.5,0.158,30.9
1739,10906X0039/C2-1,BSS002MNYD,2021-10-07,103.67,Valeur mesurée,Syndicat Mixte pour la Protection et la Gestion des Nappes Souterraines de la Plaine du Roussillon  (20001584000016),2.685378283,42.685696389,2021-10-07T02:54,2021-10-07T14:59,43472.63,0.0,25.3,7.75,37,1010.7,21.0,0.157,31.0
1740,10906X0039/C2-1,BSS002MNYD,2021-10-08,103.68,Valeur mesurée,Syndicat Mixte pour la Protection et la Gestion des Nappes Souterraines de la Plaine du Roussillon  (20001584000016),2.685378283,42.685696389,2021-10-08T02:54,2021-10-08T14:58,43464.11,0.0,26.03,8.1,11,1010.2,22.3,0.157,31.1
1741,10906X0039/C2-1,BSS002MNYD,2021-10-09,103.68,Valeur mesurée,Syndicat Mixte pour la Protection et la Gestion des Nappes Souterraines de la Plaine du Roussillon  (20001584000016),2.685378283,42.685696389,2021-10-09T02:54,2021-10-09T14:58,43455.64,0.0,23.3,7.39,20,1011.2,22.1,0.157,31.1
1742,10906X0039/C2-1,BSS002MNYD,2021-10-10,103.68,Valeur mesurée,Syndicat Mixte pour la Protection et la Gestion des Nappes Souterraines de la Plaine du Roussillon  (20001584000016),2.685378283,42.685696389,2021-10-10T02:54,2021-10-10T14:58,43447.23,0.1,19.8,6.4,50,1011.8,19.3,0.157,31.2
1743,10906X0039/C2-1,BSS002MNYD,2021-10-11,103.68,Valeur mesurée,Syndicat Mixte pour la Protection et la Gestion des Nappes Souterraines de la Plaine du Roussillon  (20001584000016),2.685378283,42.685696389,2021-10-11T02:53,2021-10-11T14:57,43438.88,0.1,19.75,6.02,78,1012.2,20.3,0.157,31.2
1744,10906X0039/C2-1,BSS002MNYD,2021-10-12,103.68,Valeur mesurée,Syndicat Mixte pour la Protection et la Gestion des Nappes Souterraines de la Plaine du Roussillon  (20001584000016),2.685378283,42.685696389,2021-10-12T02:53,2021-10-12T14:57,43430.6,0.0,17.56,5.68,85,1012.3,19.3,0.156,31.0
1745,10906X0039/C2-1,BSS002MNYD,2021-10-13,103.65,Valeur mesurée,Syndicat Mixte pour la Protection et la Gestion des Nappes Souterraines de la Plaine du Roussillon  (20001584000016),2.685378283,42.685696389,2021-10-13T02:53,2021-10-13T14:57,43422.39,0.6,23.25,6.86,87,1012.5,17.3,0.155,31.1
1746,10906X0039/C2-1,BSS002MNYD,2021-10-14,103.62,Valeur mesurée,Syndicat Mixte pour la Protection et la Gestion des Nappes Souterraines de la Plaine du Roussillon  (20001584000016),2.685378283,42.685696389,2021-10-14T02:53,2021-10-14T14:57,43414.27,0.1,24.97,7.04,39,1012.0,16.5,0.156,31.4
1747,10906X0039/C2-1,BSS002MNYD,2021-10-15,103.56,Valeur mesurée,Syndicat Mixte pour la Protection et la Gestion des Nappes Souterraines de la Plaine du Roussillon  (20001584000016),2.685378283,42.685696389,2021-10-15T02:53,2021-10-15T14:56,43406.23,0.0,23.89,7.06,43,1011.0,18.1,0.156,31.5
1748,10906X0039/C2-1,BSS002MNYD,2021-10-16,103.52,Valeur mesurée,Syndicat Mixte pour la Protection et la Gestion des Nappes Souterraines de la Plaine du Roussillon  (20001584000016),2.685378283,42.685696389,2021-10-16T02:53,2021-10-16T14:56,43398.2,0.0,21.62,6.19,54,1010.2,16.6,0.156,31.5
1749,10906X0039/C2-1,BSS002MNYD,2021-10-17,103.47,Valeur mesurée,Syndicat Mixte pour la Protection et la Gestion des Nappes Souterraines de la Plaine du Roussillon  (20001584000016),2.685378283,42.685696389,2021-10-17T02:53,2021-10-17T14:56,43390.17,0.0,18.82,5.75,69,1010.2,17.5,0.156,31.5
1750,10906X0039/C2-1,BSS002MNYD,2021-10-18,103.42,Valeur mesurée,Syndicat Mixte pour la Protection et la Gestion des Nappes Souterraines de la Plaine du Roussillon  (20001584000016),2.685378283,42.685696389,2021-10-18T02:52,2021-10-18T14:55,43382.15,0.0,18.35,5.6,85,1010.9,17.7,0.156,31.4
1751,10906X0039/C2-1,BSS002MNYD,2021-10-19,103.37,Valeur mesurée,Syndicat Mixte pour la Protection et la Gestion des Nappes Souterraines de la Plaine du Roussillon  (20001584000016),2.685378283,42.685696389,2021-10-19T02:52,2021-10-19T14:55,43374.16,0.4,18.86,5.59,71,1012.5,17.1,0.156,31.4
1752,10906X0039/C2-1,BSS002MNYD,2021-10-20,103.33,Valeur mesurée,Syndicat Mixte pour la Protection et la Gestion des Nappes Souterraines de la Plaine du Roussillon  (20001584000016),2.685378283,42.685696389,2021-10-20T02:52,2021-10-20T14:55,43366.2,2.1,18.39,4.97,78,1013.6,15.9,0.155,31.2
1753,10906X0039/C2-1,BSS002MNYD,2021-10-21,103.3,Valeur mesurée,Syndicat Mixte pour la Protection et la Gestion des Nappes Souterraines de la Plaine du Roussillon  (20001584000016),2.685378283,42.685696389,2021-10-21T02:52,2021-10-21T14:55,43358.27,2.9,17.88,4.53,97,1013.6,14.0,0.156,31.0
1754,10906X0039/C2-1,BSS002MNYD,2021-10-22,103.29,Valeur mesurée,Syndicat Mixte pour la Protection et la Gestion des Nappes Souterraines de la Plaine du Roussillon  (20001584000016),2.685378283,42.685696389,2021-10-22T02:52,2021-10-22T14:55,43350.38,1.0,17.0,4.53,90,1013.4,15.2,0.155,30.9
1755,10906X0039/C2-1,BSS002MNYD,2021-10-23,103.25,Valeur mesurée,Syndicat Mixte pour la Protection et la Gestion des Nappes Souterraines de la Plaine du Roussillon  (20001584000016),2.685378283,42.685696389,2021-10-23T02:52,2021-10-23T14:54,43342.54,1.5,17.87,4.24,55,1013.7,11.5,0.162,30.6
1756,10906X0039/C2-1,BSS002MNYD,2021-10-24,103.19,Valeur mesurée,Syndicat Mixte pour la Protection et la Gestion des Nappes Souterraines de la Plaine du Roussillon  (20001584000016),2.685378283,42.685696389,2021-10-24T02:52,2021-10-24T14:54,43334.75,0.2,22.67,5.41,43,1012.6,13.9,0.166,30.4
1757,10906X0039/C2-1,BSS002MNYD,2021-10-25,103.13,Valeur mesurée,Syndicat Mixte pour la Protection et la Gestion des Nappes Souterraines de la Plaine du Roussillon  (20001584000016),2.685378283,42.685696389,2021-10-25T02:52,2021-10-25T14:54,43327.02,0.7,14.73,3.79,63,1013.4,13.8,0.165,30.2
1758,10906X0039/C2-1,BSS002MNYD,2021-10-26,103.08,Valeur mesurée,Syndicat Mixte pour la Protection et la Gestion des Nappes Souterraines de la Plaine du Roussillon  (20001584000016),2.685378283,42.685696389,2021-10-26T02:52,2021-10-26T14:54,43319.37,0.0,22.65,5.46,33,1013.7,12.3,0.164,30.1
1759,10906X0039/C2-1,BSS002MNYD,2021-10-27,103.03,Valeur mesurée,Syndicat Mixte pour la Protection et la Gestion des Nappes Souterraines de la Plaine du Roussillon  (20001584000016),2.685378283,42.685696389,2021-10-27T02:52,2021-10-27T14:54,43311.78,0.0,23.97,5.93,23,1013.5,14.1,0.164,30.2
1760,10906X0039/C2-1,BSS002MNYD,2021-10-28,102.98,Valeur mesurée,Syndicat Mixte pour la Protection et la Gestion des Nappes Souterraines de la Plaine du Roussillon  (20001584000016),2.685378283,42.685696389,2021-10-28T02:52,2021-10-28T14:53,43304.27,0.7,20.62,4.99,48,1012.3,11.9,0.165,30.1
1761,10906X0039/C2-1,BSS002MNYD,2021-10-29,102.96,Valeur mesurée,Syndicat Mixte pour la Protection et la Gestion des Nappes Souterraines de la Plaine du Roussillon  (20001584000016),2.685378283,42.685696389,2021-10-29T02:52,2021-10-29T14:53,43296.85,0.6,23.93,5.49,36,1011.7,10.1,0.164,30.2
1762,10906X0039/C2-1,BSS002MNYD,2021-10-30,102.94,Valeur mesurée,Syndicat Mixte pour la Protection et la Gestion des Nappes Souterraines de la Plaine du Roussillon  (20001584000016),2.685378283,42.685696389,2021-10-30T02:52,2021-10-30T14:53,43289.53,0.4,23.53,6.04,74,1011.6,11.7,0.162,30.3
1763,10906X0039/C2-1,BSS002MNYD,2021-10-31,102.91,Valeur mesurée,Syndicat Mixte pour la Protection et la Gestion des Nappes Souterraines de la Plaine du Roussillon  (20001584000016),2.685378283,42.685696389,2021-10-31T02:52,2021-10-31T14:53,43282.31,0.1,22.87,6.41,15,1012.6,16.9,0.161,30.4
1764,10906X0039/C2-1,BSS002MNYD,2021-11-01,102.88,Valeur mesurée,Syndicat Mixte pour la Protection et la Gestion des Nappes Souterraines de la Plaine du Roussillon  (20001584000016),2.685378283,42.685696389,2021-11-01T02:52,2021-11-01T14:53,43275.21,0.0,24.3,6.98,12,1011.5,19.0,0.161,30.6
1765,10906X0039/C2-1,BSS002MNYD,2021-11-02,102.85,Valeur mesurée,Syndicat Mixte pour la Protection et la Gestion des Nappes Souterraines de la Plaine du Roussillon  (20001584000016),2.685378283,42.685696389,2021-11-02T02:52,2021-11-02T14:53,43268.21,1.2,16.72,4.91,31,1011.7,15.3,0.162,30.6
1766,10906X0039/C2-1,BSS002MNYD,2021-11-03,102.81,Valeur mesurée,Syndicat Mixte pour la Protection et la Gestion des Nappes Souterraines de la Plaine du Roussillon  (20001584000016),2.685378283,42.685696389,2021-11-03T02:52,2021-11-03T14:53,43261.34,0.2,21.86,6.02,42,1011.9,15.3,0.162,30.7
1767,10906X0039/C2-1,BSS002MNYD,2021-11-04,102.8,Valeur mesurée,Syndicat Mixte pour la Protection et la Gestion des Nappes Souterraines de la Plaine du Roussillon  (20001584000016),2.685378283,42.685696389,2021-11-04T02:52,2021-11-04T14:53,43254.59,0.0,20.19,5.33,25,1012.0,11.6,0.162,30.8
1768,10906X0039/C2-1,BSS002MNYD,2021-11-05,102.79,Valeur mesurée,Syndicat Mixte pour la Protection et la Gestion des Nappes Souterraines de la Plaine du Roussillon  (20001584000016),2.685378283,42.685696389,2021-11-05T02:52,2021-11-05T14:53,43247.89,0.0,19.76,5.43,31,1011.4,12.9,0.162,30.8
1769,10906X0039/C2-1,BSS002MNYD,2021-11-06,102.78,Valeur mesurée,Syndicat Mixte pour la Protection et la Gestion des Nappes Souterraines de la Plaine du Roussillon  (20001584000016),2.685378283,42.685696389,2021-11-06T02:52,2021-11-06T14:53,43241.24,0.0,22.93,6.07,30,1011.0,14.1,0.162,31.0
1770,10906X0039/C2-1,BSS002MNYD,2021-11-07,102.77,Valeur mesurée,Syndicat Mixte pour la Protection et la Gestion des Nappes Souterraines de la Plaine du Roussillon  (20001584000016),2.685378283,42.685696389,2021-11-07T02:52,2021-11-07T14:53,43234.66,0.6,23.01,5.77,37,1010.0,13.3,0.162,31.2
1771,10906X0039/C2-1,BSS002MNYD,2021-11-08,102.75,Valeur mesurée,Syndicat Mixte pour la Protection et la Gestion des Nappes Souterraines de la Plaine du Roussillon  (20001584000016),2.685378283,42.685696389,2021-11-08T02:52,2021-11-08T14:53,43228.13,0.3,20.46,5.49,67,1010.1,13.3,0.162,31.2
1772,10906X0039/C2-1,BSS002MNYD,2021-11-09,102.68,Valeur mesurée,Syndicat Mixte pour la Protection et la Gestion des Nappes Souterraines de la Plaine du Roussillon  (20001584000016),2.685378283,42.685696389,2021-11-09T02:52,2021-11-09T14:53,43221.68,0.1,23.31,6.04,45,1011.7,12.6,0.161,31.2
1773,10906X0039/C2-1,BSS002MNYD,2021-11-10,102.61,Valeur mesurée,Syndicat Mixte pour la Protection et la Gestion des Nappes Souterraines de la Plaine du Roussillon  (20001584000016),2.685378283,42.685696389,2021-11-10T02:53,2021-11-10T14:53,43215.3,0.3,21.79,5.85,30,1012.0,13.0,0.16,31.4
1774,10906X0039/C2-1,BSS002MNYD,2021-11-11,102.54,Valeur mesurée,Syndicat Mixte pour la Protection et la Gestion des Nappes Souterraines de la Plaine du Roussillon  (20001584000016),2.685378283,42.685696389,2021-11-11T02:53,2021-11-11T14:53,43209.0,0.0,23.01,6.44,82,1010.3,14.2,0.163,31.6
1775,10906X0039/C2-1,BSS002MNYD,2021-11-12,102.63,Valeur mesurée,Syndicat Mixte pour la Protection et la Gestion des Nappes Souterraines de la Plaine du Roussillon  (20001584000016),2.685378283,42.685696389,2021-11-12T02:53,2021-11-12T14:53,43202.8,0.0,23.19,6.53,97,1010.4,14.4,0.167,31.9
1776,10906X0039/C2-1,BSS002MNYD,2021-11-13,102.63,Valeur mesurée,Syndicat Mixte pour la Protection et la Gestion des Nappes Souterraines de la Plaine du Roussillon  (20001584000016),2.685378283,42.685696389,2021-11-13T02:53,2021-11-13T14:53,43196.7,0.2,22.14,6.32,42,1011.3,15.7,0.169,31.9
1777,10906X0039/C2-1,BSS002MNYD,2021-11-14,102.57,Valeur mesurée,Syndicat Mixte pour la Protection et la Gestion des Nappes Souterraines de la Plaine du Roussillon  (20001584000016),2.685378283,42.685696389,2021-11-14T02:53,2021-11-14T14:53,43190.7,0.4,15.13,4.6,72,1012.0,14.5,0.172,31.8
1778,10906X0039/C2-1,BSS002MNYD,2021-11-15,102.51,Valeur mesurée,Syndicat Mixte pour la Protection et la Gestion des Nappes Souterraines de la Plaine du Roussillon  (20001584000016),2.685378283,42.685696389,2021-11-15T02:54,2021-11-15T14:53,43184.81,0.4,21.74,5.77,41,1011.5,13.6,0.172,31.7
1779,10906X0039/C2-1,BSS002MNYD,2021-11-16,102.45,Valeur mesurée,Syndicat Mixte pour la Protection et la Gestion des Nappes Souterraines de la Plaine du Roussillon  (20001584000016),2.685378283,42.685696389,2021-11-16T02:54,2021-11-16T14:53,43179.05,0.2,20.74,5.54,50,1010.1,12.8,0.173,31.7
1780,10906X0039/C2-1,BSS002MNYD,2021-11-17,102.39,Valeur mesurée,Syndicat Mixte pour la Protection et la Gestion des Nappes Souterraines de la Plaine du Roussillon  (20001584000016),2.685378283,42.685696389,2021-11-17T02:54,2021-11-17T14:54,43173.42,0.1,19.32,5.32,72,1010.7,12.9,0.174,31.6
1781,10906X0039/C2-1,BSS002MNYD,2021-11-18,102.36,Valeur mesurée,Syndicat Mixte pour la Protection et la Gestion des Nappes Souterraines de la Plaine du Roussillon  (20001584000016),2.685378283,42.685696389,2021-11-18T02:54,2021-11-18T14:54,43167.92,0.0,22.88,5.72,23,1011.5,11.0,0.175,31.8
1782,10906X0039/C2-1,BSS002MNYD,2021-11-19,102.38,Valeur mesurée,Syndicat Mixte pour la Protection et la Gestion des Nappes Souterraines de la Plaine du Roussillon  (20001584000016),2.685378283,42.685696389,2021-11-19T02:54,2021-11-19T14:54,43162.56,0.0,23.04,5.6,19,1010.3,11.0,0.172,32.0
1783,10906X0039/C2-1,BSS002MNYD,2021-11-20,102.41,Valeur mesurée,Syndicat Mixte pour la Protection et la Gestion des Nappes Souterraines de la Plaine du Roussillon  (20001584000016),2.685378283,42.685696389,2021-11-20T02:55,2021-11-20T14:54,43157.36,0.1,23.33,5.93,39,1009.4,12.3,0.172,32.2
1784,10906X0039/C2-1,BSS002MNYD,2021-11-21,102.41,Valeur mesurée,Syndicat Mixte pour la Protection et la Gestion des Nappes Souterraines de la Plaine du Roussillon  (20001584000016),2.685378283,42.685696389,2021-11-21T02:55,2021-11-21T14:54,43152.31,0.0,23.2,6.19,29,1009.7,13.0,0.173,32.3
1785,10906X0039/C2-1,BSS002MNYD,2021-11-22,102.42,Valeur mesurée,Syndicat Mixte pour la Protection et la Gestion des Nappes Souterraines de la Plaine du Roussillon  (20001584000016),2.685378283,42.685696389,2021-11-22T02:55,2021-11-22T14:54,43147.43,0.0,23.15,5.67,72,1010.9,10.4,0.172,32.4
1786,10906X0039/C2-1,BSS002MNYD,2021-11-23,102.42,Valeur mesurée,Syndicat Mixte pour la Protection et la Gestion des Nappes Souterraines de la Plaine du Roussillon  (20001584000016),2.685378283,42.685696389,2021-11-23T02:56,2021-11-23T14:55,43142.73,0.2,21.32,5.58,66,1011.0,11.0,0.171,32.4
1787,10906X0039/C2-1,BSS002MNYD,2021-11-24,102.39,Valeur mesurée,Syndicat Mixte pour la Protection et la Gestion des Nappes Souterraines de la Plaine du Roussillon  (20001584000016),2.685378283,42.685696389,2021-11-24T02:56,2021-11-24T14:55,43138.19,0.0,23.46,6.11,5,1009.1,10.5,0.171,32.5
1788,10906X0039/C2-1,BSS002MNYD,2021-11-25,102.34,Valeur mesurée,Syndicat Mixte pour la Protection et la Gestion des Nappes Souterraines de la Plaine du Roussillon  (20001584000016),2.685378283,42.685696389,2021-11-25T02:56,2021-11-25T14:55,43133.78,0.0,22.41,6.37,44,1008.6,14.1,0.17,32.6
1789,10906X0039/C2-1,BSS002MNYD,2021-11-26,102.29,Valeur mesurée,Syndicat Mixte pour la Protection et la Gestion des Nappes Souterraines de la Plaine du Roussillon  (20001584000016),2.685378283,42.685696389,2021-11-26T02:57,2021-11-26T14:55,43129.48,6.8,17.6,4.51,99,1012.0,14.2,0.173,32.2
1790,10906X0039/C2-1,BSS002MNYD,2021-11-27,102.23,Valeur mesurée,Syndicat Mixte pour la Protection et la Gestion des Nappes Souterraines de la Plaine du Roussillon  (20001584000016),2.685378283,42.685696389,2021-11-27T02:57,2021-11-27T14:56,43125.31,3.8,13.19,2.93,86,1013.0,9.8,0.177,31.4
1791,10906X0039/C2-1,BSS002MNYD,2021-11-28,102.21,Valeur mesurée,Syndicat Mixte pour la Protection et la Gestion des Nappes Souterraines de la Plaine du Roussillon  (20001584000016),2.685378283,42.685696389,2021-11-28T02:57,2021-11-28T14:56,43121.26,3.9,15.41,3.31,56,1012.7,8.5,0.175,30.8
1792,10906X0039/C2-1,BSS002MNYD,2021-11-29,102.17,Valeur mesurée,Syndicat Mixte pour la Protection et la Gestion des Nappes Souterraines de la Plaine du Roussillon  (20001584000016),2.685378283,42.685696389,2021-11-29T02:58,2021-11-29T14:56,43117.33,4.1,14.44,3.31,49,1012.2,11.0,0.174,30.4
1793,10906X0039/C2-1,BSS002MNYD,2021-11-30,102.12,Valeur mesurée,Syndicat Mixte pour la Protection et la Gestion des Nappes Souterraines de la Plaine du Roussillon  (20001584000016),2.685378283,42.685696389,2021-11-30T02:58,2021-11-30T14:57,43113.55,0.0,23.04,5.56,90,1011.7,11.2,0.172,30.3
1794,10906X0039/C2-1,BSS002MNYD,2021-12-01,102.07,Valeur mesurée,Syndicat Mixte pour la Protection et la Gestion des Nappes Souterraines de la Plaine du Roussillon  (20001584000016),2.685378283,42.685696389,2021-12-01T02:59,2021-12-01T14:57,43109.9,0.0,23.24,5.73,76,1011.4,12.2,0.168,30.3
1795,10906X0039/C2-1,BSS002MNYD,2021-12-02,102.05,Valeur mesurée,Syndicat Mixte pour la Protection et la Gestion des Nappes Souterraines de la Plaine du Roussillon  (20001584000016),2.685378283,42.685696389,2021-12-02T02:59,2021-12-02T14:57,43106.4,0.0,20.52,5.6,44,1011.7,14.4,0.163,30.3
1796,10906X0039/C2-1,BSS002MNYD,2021-12-03,102.03,Valeur mesurée,Syndicat Mixte pour la Protection et la Gestion des Nappes Souterraines de la Plaine du Roussillon  (20001584000016),2.685378283,42.685696389,2021-12-03T02:59,2021-12-03T14:58,43103.05,0.0,21.54,5.7,29,1012.5,13.7,0.161,30.4
1797,10906X0039/C2-1,BSS002MNYD,2021-12-04,102.02,Valeur mesurée,Syndicat Mixte pour la Protection et la Gestion des Nappes Souterraines de la Plaine du Roussillon  (20001584000016),2.685378283,42.685696389,2021-12-04T03:00,2021-12-04T14:58,43099.86,0.1,22.33,5.81,24,1013.0,13.7,0.16,30.6
1798,10906X0039/C2-1,BSS002MNYD,2021-12-05,102.03,Valeur mesurée,Syndicat Mixte pour la Protection et la Gestion des Nappes Souterraines de la Plaine du Roussillon  (20001584000016),2.685378283,42.685696389,2021-12-05T03:00,2021-12-05T14:59,43096.83,0.0,22.02,6.48,35,1012.7,15.4,0.159,30.8
1799,10906X0039/C2-1,BSS002MNYD,2021-12-06,102.02,Valeur mesurée,Syndicat Mixte pour la Protection et la Gestion des Nappes Souterraines de la Plaine du Roussillon  (20001584000016),2.685378283,42.685696389,2021-12-06T03:01,2021-12-06T14:59,43093.96,0.0,23.07,6.05,19,1012.9,11.9,0.159,31.1
1800,10906X0039/C2-1,BSS002MNYD,2021-12-07,102.02,Valeur mesurée,Syndicat Mixte pour la Protection et la Gestion des Nappes Souterraines de la Plaine du Roussillon  (20001584000016),2.685378283,42.685696389,2021-12-07T03:01,2021-12-07T14:59,43091.26,0.1,22.36,5.93,30,1012.9,12.3,0.159,31.4
1801,10906X0039/C2-1,BSS002MNYD,2021-12-08,102.02,Valeur mesurée,Syndicat Mixte pour la Protection et la Gestion des Nappes Souterraines de la Plaine du Roussillon  (20001584000016),2.685378283,42.685696389,2021-12-08T03:02,2021-12-08T15:00,43088.74,0.0,22.93,5.99,34,1012.5,10.9,0.158,31.6
1802,10906X0039/C2-1,BSS002MNYD,2021-12-09,102.04,Valeur mesurée,Syndicat Mixte pour la Protection et la Gestion des Nappes Souterraines de la Plaine du Roussillon  (20001584000016),2.685378283,42.685696389,2021-12-09T03:02,2021-12-09T15:00,43086.4,0.0,24.33,6.16,9,1012.2,11.7,0.161,31.8
1803,10906X0039/C2-1,BSS002MNYD,2021-12-10,102.1,Valeur mesurée,Syndicat Mixte pour la Protection et la Gestion des Nappes Souterraines de la Plaine du Roussillon  (20001584000016),2.685378283,42.685696389,2021-12-10T03:03,2021-12-10T15:01,43084.25,0.0,24.8,7.27,0,1011.6,13.7,0.162,31.8
1804,10906X0039/C2-1,BSS002MNYD,2021-12-11,102.11,Valeur mesurée,Syndicat Mixte pour la Protection et la Gestion des Nappes Souterraines de la Plaine du Roussillon  (20001584000016),2.685378283,42.685696389,2021-12-11T03:03,2021-12-11T15:01,43082.29,0.0,24.4,7.87,33,1011.2,16.3,0.162,31.9
1805,10906X0039/C2-1,BSS002MNYD,2021-12-12,102.08,Valeur mesurée,Syndicat Mixte pour la Protection et la Gestion des Nappes Souterraines de la Plaine du Roussillon  (20001584000016),2.685378283,42.685696389,2021-12-12T03:04,2021-12-12T15:02,43080.52,0.0,20.22,7.3,27,1011.4,17.4,0.161,32.0
1806,10906X0039/C2-1,BSS002MNYD,2021-12-13,102.02,Valeur mesurée,Syndicat Mixte pour la Protection et la Gestion des Nappes Souterraines de la Plaine du Roussillon  (20001584000016),2.685378283,42.685696389,2021-12-13T03:04,2021-12-13T15:02,43078.96,0.2,20.6,6.55,55,1011.3,14.9,0.161,32.1
1807,10906X0039/C2-1,BSS002MNYD,2021-12-14,101.97,Valeur mesurée,Syndicat Mixte pour la Protection et la Gestion des Nappes Souterraines de la Plaine du Roussillon  (20001584000016),2.685378283,42.685696389,2021-12-14T03:04,2021-12-14T15:02,43077.6,0.0,22.16,6.51,48,1010.5,13.9,0.161,32.2
1808,10906X0039/C2-1,BSS002MNYD,2021-12-15,101.94,Valeur mesurée,Syndicat Mixte pour la Protection et la Gestion des Nappes Souterraines de la Plaine du Roussillon  (20001584000016),2.685378283,42.685696389,2021-12-15T03:05,2021-12-15T15:03,43076.42,0.1,21.83,5.99,47,1011.0,12.6,0.161,32.3
1809,10906X0039/C2-1,BSS002MNYD,2021-12-16,101.94,Valeur mesurée,Syndicat Mixte pour la Protection et la Gestion des Nappes Souterraines de la Plaine du Roussillon  (20001584000016),2.685378283,42.685696389,2021-12-16T03:05,2021-12-16T15:03,43075.42,0.0,23.32,7.69,71,1010.9,16.6,0.161,32.3
1810,10906X0039/C2-1,BSS002MNYD,2021-12-17,101.94,Valeur mesurée,Syndicat Mixte pour la Protection et la Gestion des Nappes Souterraines de la Plaine du Roussillon  (20001584000016),2.685378283,42.685696389,2021-12-17T03:06,2021-12-17T15:04,43074.61,1.6,18.61,5.38,86,1011.6,12.6,0.161,32.2
1811,10906X0039/C2-1,BSS002MNYD,2021-12-18,101.95,Valeur mesurée,Syndicat Mixte pour la Protection et la Gestion des Nappes Souterraines de la Plaine du Roussillon  (20001584000016),2.685378283,42.685696389,2021-12-18T03:06,2021-12-18T15:04,43073.98,1.6,19.9,5.59,64,1011.7,12.9,0.162,32.1
1812,10906X0039/C2-1,BSS002MNYD,2021-12-19,101.96,Valeur mesurée,Syndicat Mixte pour la Protection et la Gestion des Nappes Souterraines de la Plaine du Roussillon  (20001584000016),2.685378283,42.685696389,2021-12-19T03:07,2021-12-19T15:05,43073.52,0.5,15.68,4.93,81,1011.4,12.6,0.158,32.0
1813,10906X0039/C2-1,BSS002MNYD,2021-12-20,101.98,Valeur mesurée,Syndicat Mixte pour la Protection et la Gestion des Nappes Souterraines de la Plaine du Roussillon  (20001584000016),2.685378283,42.685696389,2021-12-20T03:07,2021-12-20T15:05,43073.24,1.3,16.07,4.65,82,1012.6,11.7,0.161,31.9
1814,10906X0039/C2-1,BSS002MNYD,2021-12-21,102.01,Valeur mesurée,Syndicat Mixte pour la Protection et la Gestion des Nappes Souterraines de la Plaine du Roussillon  (20001584000016),2.685378283,42.685696389,2021-12-21T03:08,2021-12-21T15:06,43073.14,0.0,21.01,6.13,98,1012.3,13.2,0.163,31.9
1815,10906X0039/C2-1,BSS002MNYD,2021-12-22,102.03,Valeur mesurée,Syndicat Mixte pour la Protection et la Gestion des Nappes Souterraines de la Plaine du Roussillon  (20001584000016),2.685378283,42.685696389,2021-12-22T03:08,2021-12-22T15:06,43073.23,1.6,21.56,5.52,61,1011.8,10.4,0.164,31.9
1816,10906X0039/C2-1,BSS002MNYD,2021-12-23,102.05,Valeur mesurée,Syndicat Mixte pour la Protection et la Gestion des Nappes Souterraines de la Plaine du Roussillon  (20001584000016),2.685378283,42.685696389,2021-12-23T03:09,2021-12-23T15:07,43073.49,1.1,22.58,6.41,66,1010.6,13.4,0.16,31.8
1817,10906X0039/C2-1,BSS002MNYD,2021-12-24,102.08,Valeur mesurée,Syndicat Mixte pour la Protection et la Gestion des Nappes Souterraines de la Plaine du Roussillon  (20001584000016),2.685378283,42.685696389,2021-12-24T03:09,2021-12-24T15:07,43073.93,0.1,21.29,6.11,69,1010.6,14.8,0.159,31.9
1818,10906X0039/C2-1,BSS002MNYD,2021-12-25,102.09,Valeur mesurée,Syndicat Mixte pour la Protection et la Gestion des Nappes Souterraines de la Plaine du Roussillon  (20001584000016),2.685378283,42.685696389,2021-12-25T03:10,2021-12-25T15:08,43074.54,0.0,22.38,6.52,63,1011.0,13.3,0.163,32.1
1819,10906X0039/C2-1,BSS002MNYD,2021-12-26,102.06,Valeur mesurée,Syndicat Mixte pour la Protection et la Gestion des Nappes Souterraines de la Plaine du Roussillon  (20001584000016),2.685378283,42.685696389,2021-12-26T03:10,2021-12-26T15:08,43075.33,0.0,21.47,6.49,34,1011.4,13.5,0.163,32.2
1820,10906X0039/C2-1,BSS002MNYD,2021-12-27,102.02,Valeur mesurée,Syndicat Mixte pour la Protection et la Gestion des Nappes Souterraines de la Plaine du Roussillon  (20001584000016),2.685378283,42.685696389,2021-12-27T03:11,2021-12-27T15:09,43076.3,0.0,22.63,6.92,82,1011.4,14.5,0.163,32.3
1821,10906X0039/C2-1,BSS002MNYD,2021-12-28,101.98,Valeur mesurée,Syndicat Mixte pour la Protection et la Gestion des Nappes Souterraines de la Plaine du Roussillon  (20001584000016),2.685378283,42.685696389,2021-12-28T03:11,2021-12-28T15:09,43077.44,0.0,24.63,6.97,57,1011.4,11.7,0.164,32.4
1822,10906X0039/C2-1,BSS002MNYD,2021-12-29,101.97,Valeur mesurée,Syndicat Mixte pour la Protection et la Gestion des Nappes Souterraines de la Plaine du Roussillon  (20001584000016),2.685378283,42.685696389,2021-12-29T03:12,2021-12-29T15:10,43078.76,0.0,24.69,7.26,34,1010.6,12.0,0.163,32.5
1823,10906X0039/C2-1,BSS002MNYD,2021-12-30,102.0,Valeur mesurée,Syndicat Mixte pour la Protection et la Gestion des Nappes Souterraines de la Plaine du Roussillon  (20001584000016),2.685378283,42.685696389,2021-12-30T03:12,2021-12-30T15:10,43080.26,0.0,24.0,7.47,86,1009.8,14.6,0.163,32.6
1824,10906X0039/C2-1,BSS002MNYD,2021-12-31,102.04,Valeur mesurée,Syndicat Mixte pour la Protection et la Gestion des Nappes Souterraines de la Plaine du Roussillon  (20001584000016),2.685378283,42.685696389,2021-12-31T03:13,2021-12-31T15:11,43081.92,0.0,25.04,7.85,44,1011.0,16.1,0.163,32.6
1825,10906X0039/C2-1,BSS002MNYD,2022-01-01,102.05,Valeur mesurée,Syndicat Mixte pour la Protection et la Gestion des Nappes Souterraines de la Plaine du Roussillon  (20001584000016),2.685378283,42.685696389,2022-01-01T03:13,2022-01-01T15:11,43083.76,0.0,25.33,8.08,18,1011.5,15.5,0.163,32.7
1826,10906X0039/C2-1,BSS002MNYD,2022-01-02,102.04,Valeur mesurée,Syndicat Mixte pour la Protection et la Gestion des Nappes Souterraines de la Plaine du Roussillon  (20001584000016),2.685378283,42.685696389,2022-01-02T03:14,2022-01-02T15:12,43085.77,0.0,24.8,7.45,5,1010.2,15.7,0.163,32.8
1827,10906X0039/C2-1,BSS002MNYD,2022-01-03,102.01,Valeur mesurée,Syndicat Mixte pour la Protection et la Gestion des Nappes Souterraines de la Plaine du Roussillon  (20001584000016),2.685378283,42.685696389,2022-01-03T03:14,2022-01-03T15:12,43087.96,0.0,24.31,7.22,34,1010.4,15.0,0.162,32.8
1828,10906X0039/C2-1,BSS002MNYD,2022-01-04,102.02,Valeur mesurée,Syndicat Mixte pour la Protection et la Gestion des Nappes Souterraines de la Plaine du Roussillon  (20001584000016),2.685378283,42.685696389,2022-01-04T03:14,2022-01-04T15:13,43090.34,0.0,23.38,7.31,69,1010.4,14.1,0.162,33.0
1829,10906X0039/C2-1,BSS002MNYD,2022-01-05,102.04,Valeur mesurée,Syndicat Mixte pour la Protection et la Gestion des Nappes Souterraines de la Plaine du Roussillon  (20001584000016),2.685378283,42.685696389,2022-01-05T03:15,2022-01-05T15:13,43092.93,0.1,20.24,6.55,67,1011.5,18.5,0.162,33.0
1830,10906X0039/C2-1,BSS002MNYD,2022-01-06,102.06,Valeur mesurée,Syndicat Mixte pour la Protection et la Gestion des Nappes Souterraines de la Plaine du Roussillon  (20001584000016),2.685378283,42.685696389,2022-01-06T03:15,2022-01-06T15:14,43095.71,0.0,23.21,7.85,43,1010.9,17.6,0.161,33.0
1831,10906X0039/C2-1,BSS002MNYD,2022-01-07,102.09,Valeur mesurée,Syndicat Mixte pour la Protection et la Gestion des Nappes Souterraines de la Plaine du Roussillon  (20001584000016),2.685378283,42.685696389,2022-01-07T03:16,2022-01-07T15:14,43098.67,0.0,24.02,7.9,58,1011.1,18.2,0.161,33.1
1832,10906X0039/C2-1,BSS002MNYD,2022-01-08,102.13,Valeur mesurée,Syndicat Mixte pour la Protection et la Gestion des Nappes Souterraines de la Plaine du Roussillon  (20001584000016),2.685378283,42.685696389,2022-01-08T03:16,2022-01-08T15:14,43101.82,0.0,22.45,7.16,53,1011.0,17.1,0.161,33.1
1833,10906X0039/C2-1,BSS002MNYD,2022-01-09,102.16,Valeur mesurée,Syndicat Mixte pour la Protection et la Gestion des Nappes Souterraines de la Plaine du Roussillon  (20001584000016),2.685378283,42.685696389,2022-01-09T03:16,2022-01-09T15:15,43105.15,0.0,21.95,6.88,17,1011.0,15.9,0.161,33.1
1834,10906X0039/C2-1,BSS002MNYD,2022-01-10,102.19,Valeur mesurée,Syndicat Mixte pour la Protection et la Gestion des Nappes Souterraines de la Plaine du Roussillon  (20001584000016),2.685378283,42.685696389,2022-01-10T03:17,2022-01-10T15:15,43108.64,0.0,24.36,8.14,23,1010.0,19.1,0.16,33.1
1835,10906X0039/C2-1,BSS002MNYD,2022-01-11,102.2,Valeur mesurée,Syndicat Mixte pour la Protection et la Gestion des Nappes Souterraines de la Plaine du Roussillon  (20001584000016),2.685378283,42.685696389,2022-01-11T03:17,2022-01-11T15:16,43112.3,0.0,23.99,8.04,73,1010.7,19.3,0.16,33.1
1836,10906X0039/C2-1,BSS002MNYD,2022-01-12,102.2,Valeur mesurée,Syndicat Mixte pour la Protection et la Gestion des Nappes Souterraines de la Plaine du Roussillon  (20001584000016),2.685378283,42.685696389,2022-01-12T03:18,2022-01-12T15:16,43116.13,0.0,25.29,7.98,49,1011.5,16.4,0.16,33.1
1837,10906X0039/C2-1,BSS002MNYD,2022-01-13,102.26,Valeur mesurée,Syndicat Mixte pour la Protection et la Gestion des Nappes Souterraines de la Plaine du Roussillon  (20001584000016),2.685378283,42.685696389,2022-01-13T03:18,2022-01-13T15:17,43120.1,0.0,25.22,7.65,72,1010.9,16.6,0.16,33.2
1838,10906X0039/C2-1,BSS002MNYD,2022-01-14,102.35,Valeur mesurée,Syndicat Mixte pour la Protection et la Gestion des Nappes Souterraines de la Plaine du Roussillon  (20001584000016),2.685378283,42.685696389,2022-01-14T03:18,2022-01-14T15:17,43124.22,0.0,25.31,7.51,64,1010.5,15.3,0.16,33.3
1839,10906X0039/C2-1,BSS002MNYD,2022-01-15,102.38,Valeur mesurée,Syndicat Mixte pour la Protection et la Gestion des Nappes Souterraines de la Plaine du Roussillon  (20001584000016),2.685378283,42.685696389,2022-01-15T03:19,2022-01-15T15:17,43128.49,0.0,24.0,7.02,56,1009.2,12.9,0.16,33.5
1840,10906X0039/C2-1,BSS002MNYD,2022-01-16,102.4,Valeur mesurée,Syndicat Mixte pour la Protection et la Gestion des Nappes Souterraines de la Plaine du Roussillon  (20001584000016),2.685378283,42.685696389,2022-01-16T03:19,2022-01-16T15:18,43132.88,0.0,24.25,6.89,38,1008.9,13.7,0.16,33.6
1841,10906X0039/C2-1,BSS002MNYD,2022-01-17,102.43,Valeur mesurée,Syndicat Mixte pour la Protection et la Gestion des Nappes Souterraines de la Plaine du Roussillon  (20001584000016),2.685378283,42.685696389,2022-01-17T03:19,2022-01-17T15:18,43137.42,0.0,23.35,6.86,44,1010.1,13.7,0.159,33.7
1842,10906X0039/C2-1,BSS002MNYD,2022-01-18,102.44,Valeur mesurée,Syndicat Mixte pour la Protection et la Gestion des Nappes Souterraines de la Plaine du Roussillon  (20001584000016),2.685378283,42.685696389,2022-01-18T03:20,2022-01-18T15:19,43142.07,0.0,23.38,6.15,86,1012.0,9.3,0.159,33.7
1843,10906X0039/C2-1,BSS002MNYD,2022-01-19,102.44,Valeur mesurée,Syndicat Mixte pour la Protection et la Gestion des Nappes Souterraines de la Plaine du Roussillon  (20001584000016),2.685378283,42.685696389,2022-01-19T03:20,2022-01-19T15:19,43146.84,0.0,23.41,7.99,76,1011.3,16.8,0.159,33.7
1844,10906X0039/C2-1,BSS002MNYD,2022-01-20,102.43,Valeur mesurée,Syndicat Mixte pour la Protection et la Gestion des Nappes Souterraines de la Plaine du Roussillon  (20001584000016),2.685378283,42.685696389,2022-01-20T03:20,2022-01-20T15:19,43151.73,0.0,23.5,8.44,48,1010.4,17.9,0.159,33.6
1845,10906X0039/C2-1,BSS002MNYD,2022-01-21,102.43,Valeur mesurée,Syndicat Mixte pour la Protection et la Gestion des Nappes Souterraines de la Plaine du Roussillon  (20001584000016),2.685378283,42.685696389,2022-01-21T03:20,2022-01-21T15:20,43156.73,0.0,24.66,9.16,73,1010.7,18.5,0.158,33.7
1846,10906X0039/C2-1,BSS002MNYD,2022-01-22,102.43,Valeur mesurée,Syndicat Mixte pour la Protection et la Gestion des Nappes Souterraines de la Plaine du Roussillon  (20001584000016),2.685378283,42.685696389,2022-01-22T03:21,2022-01-22T15:20,43161.83,0.0,24.11,8.52,100,1010.8,19.5,0.158,33.6
1847,10906X0039/C2-1,BSS002MNYD,2022-01-23,102.44,Valeur mesurée,Syndicat Mixte pour la Protection et la Gestion des Nappes Souterraines de la Plaine du Roussillon  (20001584000016),2.685378283,42.685696389,2022-01-23T03:21,2022-01-23T15:20,43167.03,0.0,24.17,8.55,53,1010.6,17.8,0.158,33.6
1848,10906X0039/C2-1,BSS002MNYD,2022-01-24,102.44,Valeur mesurée,Syndicat Mixte pour la Protection et la Gestion des Nappes Souterraines de la Plaine du Roussillon  (20001584000016),2.685378283,42.685696389,2022-01-24T03:21,2022-01-24T15:21,43172.4,0.0,26.03,10.35,33,1009.2,22.6,0.158,33.5
1849,10906X0039/C2-1,BSS002MNYD,2022-01-25,102.45,Valeur mesurée,Syndicat Mixte pour la Protection et la Gestion des Nappes Souterraines de la Plaine du Roussillon  (20001584000016),2.685378283,42.685696389,2022-01-25T03:21,2022-01-25T15:21,43177.94,0.0,26.05,9.34,1,1009.4,20.2,0.158,33.5
1850,10906X0039/C2-1,BSS002MNYD,2022-01-26,102.46,Valeur mesurée,Syndicat Mixte pour la Protection et la Gestion des Nappes Souterraines de la Plaine du Roussillon  (20001584000016),2.685378283,42.685696389,2022-01-26T03:21,2022-01-26T15:21,43183.64,0.0,26.16,8.49,22,1009.7,18.7,0.157,33.4
1851,10906X0039/C2-1,BSS002MNYD,2022-01-27,102.48,Valeur mesurée,Syndicat Mixte pour la Protection et la Gestion des Nappes Souterraines de la Plaine du Roussillon  (20001584000016),2.685378283,42.685696389,2022-01-27T03:21,2022-01-27T15:21,43189.48,0.0,25.98,7.93,16,1010.1,15.6,0.157,33.4
1852,10906X0039/C2-1,BSS002MNYD,2022-01-28,102.51,Valeur mesurée,Syndicat Mixte pour la Protection et la Gestion des Nappes Souterraines de la Plaine du Roussillon  (20001584000016),2.685378283,42.685696389,2022-01-28T03:22,2022-01-28T15:22,43195.47,0.0,25.44,6.87,51,1009.7,11.0,0.157,33.6
1853,10906X0039/C2-1,BSS002MNYD,2022-01-29,102.55,Valeur mesurée,Syndicat Mixte pour la Protection et la Gestion des Nappes Souterraines de la Plaine du Roussillon  (20001584000016),2.685378283,42.685696389,2022-01-29T03:22,2022-01-29T15:22,43201.6,0.0,25.37,7.52,31,1010.5,16.0,0.157,33.5
1854,10906X0039/C2-1,BSS002MNYD,2022-01-30,102.58,Valeur mesurée,Syndicat Mixte pour la Protection et la Gestion des Nappes Souterraines de la Plaine du Roussillon  (20001584000016),2.685378283,42.685696389,2022-01-30T03:22,2022-01-30T15:22,43207.84,0.0,26.38,7.91,21,1009.6,16.2,0.157,33.5
1855,10906X0039/C2-1,BSS002MNYD,2022-01-31,102.61,Valeur mesurée,Syndicat Mixte pour la Protection et la Gestion des Nappes Souterraines de la Plaine du Roussillon  (20001584000016),2.685378283,42.685696389,2022-01-31T03:22,2022-01-31T15:22,43214.21,0.0,25.4,7.52,83,1009.5,15.3,0.156,33.4
1856,10906X0039/C2-1,BSS002MNYD,2022-02-01,102.64,Valeur mesurée,Syndicat Mixte pour la Protection et la Gestion des Nappes Souterraines de la Plaine du Roussillon  (20001584000016),2.685378283,42.685696389,2022-02-01T03:22,2022-02-01T15:22,43220.69,0.0,23.82,7.31,100,1009.1,15.5,0.156,33.5
1857,10906X0039/C2-1,BSS002MNYD,2022-02-02,102.67,Valeur mesurée,Syndicat Mixte pour la Protection et la Gestion des Nappes Souterraines de la Plaine du Roussillon  (20001584000016),2.685378283,42.685696389,2022-02-02T03:22,2022-02-02T15:23,43227.28,0.0,22.29,7.96,100,1009.8,18.9,0.156,33.6
1858,10906X0039/C2-1,BSS002MNYD,2022-02-03,102.72,Valeur mesurée,Syndicat Mixte pour la Protection et la Gestion des Nappes Souterraines de la Plaine du Roussillon  (20001584000016),2.685378283,42.685696389,2022-02-03T03:22,2022-02-03T15:23,43233.96,0.0,24.05,8.89,69,1010.4,20.8,0.156,33.6
1859,10906X0039/C2-1,BSS002MNYD,2022-02-04,102.76,Valeur mesurée,Syndicat Mixte pour la Protection et la Gestion des Nappes Souterraines de la Plaine du Roussillon  (20001584000016),2.685378283,42.685696389,2022-02-04T03:22,2022-02-04T15:23,43240.73,0.0,26.41,8.63,29,1009.1,17.4,0.156,33.6
1860,10906X0039/C2-1,BSS002MNYD,2022-02-05,102.79,Valeur mesurée,Syndicat Mixte pour la Protection et la Gestion des Nappes Souterraines de la Plaine du Roussillon  (20001584000016),2.685378283,42.685696389,2022-02-05T03:22,2022-02-05T15:23,43247.59,0.0,26.71,7.97,34,1008.5,14.9,0.155,33.6
1861,10906X0039/C2-1,BSS002MNYD,2022-02-06,102.82,Valeur mesurée,Syndicat Mixte pour la Protection et la Gestion des Nappes Souterraines de la Plaine du Roussillon  (20001584000016),2.685378283,42.685696389,2022-02-06T03:22,2022-02-06T15:23,43254.51,0.0,26.07,7.56,71,1009.8,15.5,0.155,33.7
1862,10906X0039/C2-1,BSS002MNYD,2022-02-07,102.85,Valeur mesurée,Syndicat Mixte pour la Protection et la Gestion des Nappes Souterraines de la Plaine du Roussillon  (20001584000016),2.685378283,42.685696389,2022-02-07T03:22,2022-02-07T15:23,43261.51,0.0,26.47,9.21,28,1010.6,21.0,0.155,33.6
1863,10906X0039/C2-1,BSS002MNYD,2022-02-08,102.87,Valeur mesurée,Syndicat Mixte pour la Protection et la Gestion des Nappes Souterraines de la Plaine du Roussillon  (20001584000016),2.685378283,42.685696389,2022-02-08T03:22,2022-02-08T15:23,43268.57,0.0,26.61,9.86,58,1011.1,21.8,0.155,33.5
1864,10906X0039/C2-1,BSS002MNYD,2022-02-09,102.87,Valeur mesurée,Syndicat Mixte pour la Protection et la Gestion des Nappes Souterraines de la Plaine du Roussillon  (20001584000016),2.685378283,42.685696389,2022-02-09T03:22,2022-02-09T15:24,43275.67,0.0,26.32,9.14,60,1009.8,18.8,0.155,33.6
1865,10906X0039/C2-1,BSS002MNYD,2022-02-10,102.88,Valeur mesurée,Syndicat Mixte pour la Protection et la Gestion des Nappes Souterraines de la Plaine du Roussillon  (20001584000016),2.685378283,42.685696389,2022-02-10T03:22,2022-02-10T15:24,43282.83,0.0,26.83,9.09,16,1009.1,18.3,0.155,33.7
1866,10906X0039/C2-1,BSS002MNYD,2022-02-11,102.9,Valeur mesurée,Syndicat Mixte pour la Protection et la Gestion des Nappes Souterraines de la Plaine du Roussillon  (20001584000016),2.685378283,42.685696389,2022-02-11T03:22,2022-02-11T15:24,43290.03,0.0,26.58,8.42,68,1008.9,18.7,0.155,33.7
1867,10906X0039/C2-1,BSS002MNYD,2022-02-12,102.91,Valeur mesurée,Syndicat Mixte pour la Protection et la Gestion des Nappes Souterraines de la Plaine du Roussillon  (20001584000016),2.685378283,42.685696389,2022-02-12T03:22,2022-02-12T15:24,43297.26,0.0,26.98,8.14,60,1009.3,16.8,0.155,33.6
1868,10906X0039/C2-1,BSS002MNYD,2022-02-13,102.94,Valeur mesurée,Syndicat Mixte pour la Protection et la Gestion des Nappes Souterraines de la Plaine du Roussillon  (20001584000016),2.685378283,42.685696389,2022-02-13T03:22,2022-02-13T15:24,43304.61,0.0,26.65,7.82,62,1008.6,16.2,0.154,33.6
1869,10906X0039/C2-1,BSS002MNYD,2022-02-14,102.97,Valeur mesurée,Syndicat Mixte pour la Protection et la Gestion des Nappes Souterraines de la Plaine du Roussillon  (20001584000016),2.685378283,42.685696389,2022-02-14T03:22,2022-02-14T15:24,43312.08,0.0,26.33,7.79,54,1008.2,16.6,0.154,33.6
1870,10906X0039/C2-1,BSS002MNYD,2022-02-15,102.98,Valeur mesurée,Syndicat Mixte pour la Protection et la Gestion des Nappes Souterraines de la Plaine du Roussillon  (20001584000016),2.685378283,42.685696389,2022-02-15T03:22,2022-02-15T15:24,43319.66,0.0,26.56,7.46,15,1009.7,13.9,0.153,33.7
1871,10906X0039/C2-1,BSS002MNYD,2022-02-16,103.0,Valeur mesurée,Syndicat Mixte pour la Protection et la Gestion des Nappes Souterraines de la Plaine du Roussillon  (20001584000016),2.685378283,42.685696389,2022-02-16T03:22,2022-02-16T15:24,43327.33,0.0,26.16,7.75,77,1007.6,14.6,0.151,33.9
1872,10906X0039/C2-1,BSS002MNYD,2022-02-17,103.0,Valeur mesurée,Syndicat Mixte pour la Protection et la Gestion des Nappes Souterraines de la Plaine du Roussillon  (20001584000016),2.685378283,42.685696389,2022-02-17T03:22,2022-02-17T15:24,43335.11,0.0,26.26,6.86,38,1006.5,11.1,0.15,34.1
1873,10906X0039/C2-1,BSS002MNYD,2022-02-18,103.01,Valeur mesurée,Syndicat Mixte pour la Protection et la Gestion des Nappes Souterraines de la Plaine du Roussillon  (20001584000016),2.685378283,42.685696389,2022-02-18T03:21,2022-02-18T15:24,43342.97,0.0,23.65,6.67,87,1007.5,13.2,0.15,34.3
1874,10906X0039/C2-1,BSS002MNYD,2022-02-19,103.03,Valeur mesurée,Syndicat Mixte pour la Protection et la Gestion des Nappes Souterraines de la Plaine du Roussillon  (20001584000016),2.685378283,42.685696389,2022-02-19T03:21,2022-02-19T15:24,43350.9,0.0,25.62,7.38,78,1007.7,12.5,0.148,34.4
1875,10906X0039/C2-1,BSS002MNYD,2022-02-20,103.06,Valeur mesurée,Syndicat Mixte pour la Protection et la Gestion des Nappes Souterraines de la Plaine du Roussillon  (20001584000016),2.685378283,42.685696389,2022-02-20T03:21,2022-02-20T15:24,43358.92,0.0,24.51,7.67,72,1007.9,16.3,0.151,34.4
1876,10906X0039/C2-1,BSS002MNYD,2022-02-21,103.09,Valeur mesurée,Syndicat Mixte pour la Protection et la Gestion des Nappes Souterraines de la Plaine du Roussillon  (20001584000016),2.685378283,42.685696389,2022-02-21T03:21,2022-02-21T15:24,43367.01,0.0,25.97,7.97,58,1008.3,15.8,0.15,34.4
1877,10906X0039/C2-1,BSS002MNYD,2022-02-22,103.12,Valeur mesurée,Syndicat Mixte pour la Protection et la Gestion des Nappes Souterraines de la Plaine du Roussillon  (20001584000016),2.685378283,42.685696389,2022-02-22T03:21,2022-02-22T15:24,43375.15,0.0,26.16,8.73,67,1007.7,18.0,0.15,34.4
1878,10906X0039/C2-1,BSS002MNYD,2022-02-23,103.14,Valeur mesurée,Syndicat Mixte pour la Protection et la Gestion des Nappes Souterraines de la Plaine du Roussillon  (20001584000016),2.685378283,42.685696389,2022-02-23T03:21,2022-02-23T15:24,43383.34,0.0,25.28,8.8,88,1008.9,21.8,0.15,34.4
1879,10906X0039/C2-1,BSS002MNYD,2022-02-24,103.17,Valeur mesurée,Syndicat Mixte pour la Protection et la Gestion des Nappes Souterraines de la Plaine du Roussillon  (20001584000016),2.685378283,42.685696389,2022-02-24T03:20,2022-02-24T15:23,43391.58,0.0,25.29,8.76,58,1010.8,22.0,0.148,34.4
1880,10906X0039/C2-1,BSS002MNYD,2022-02-25,103.19,Valeur mesurée,Syndicat Mixte pour la Protection et la Gestion des Nappes Souterraines de la Plaine du Roussillon  (20001584000016),2.685378283,42.685696389,2022-02-25T03:20,2022-02-25T15:23,43399.87,0.0,25.6,7.8,90,1010.8,16.4,0.147,34.4
1881,10906X0039/C2-1,BSS002MNYD,2022-02-26,103.23,Valeur mesurée,Syndicat Mixte pour la Protection et la Gestion des Nappes Souterraines de la Plaine du Roussillon  (20001584000016),2.685378283,42.685696389,2022-02-26T03:20,2022-02-26T15:23,43408.18,0.0,24.16,7.18,57,1010.5,15.5,0.148,34.4
1882,10906X0039/C2-1,BSS002MNYD,2022-02-27,103.24,Valeur mesurée,Syndicat Mixte pour la Protection et la Gestion des Nappes Souterraines de la Plaine du Roussillon  (20001584000016),2.685378283,42.685696389,2022-02-27T03:20,2022-02-27T15:23,43416.52,0.0,26.14,7.61,52,1009.8,14.2,0.147,34.6
1883,10906X0039/C2-1,BSS002MNYD,2022-02-28,103.25,Valeur mesurée,Syndicat Mixte pour la Protection et la Gestion des Nappes Souterraines de la Plaine du Roussillon  (20001584000016),2.685378283,42.685696389,2022-02-28T03:19,2022-02-28T15:23,43424.88,0.0,24.54,7.59,19,1009.9,17.3,0.146,34.6
1884,10906X0039/C2-1,BSS002MNYD,2022-03-01,103.24,Valeur mesurée,Syndicat Mixte pour la Protection et la Gestion des Nappes Souterraines de la Plaine du Roussillon  (20001584000016),2.685378283,42.685696389,2022-03-01T03:19,2022-03-01T15:23,43433.25,0.0,23.53,8.2,32,1009.8,20.1,0.147,34.5
1885,10906X0039/C2-1,BSS002MNYD,2022-03-02,103.22,Valeur mesurée,Syndicat Mixte pour la Protection et la Gestion des Nappes Souterraines de la Plaine du Roussillon  (20001584000016),2.685378283,42.685696389,2022-03-02T03:19,2022-03-02T15:23,43441.63,0.0,23.4,8.99,18,1009.4,23.5,0.147,34.3
1886,10906X0039/C2-1,BSS002MNYD,2022-03-03,103.21,Valeur mesurée,Syndicat Mixte pour la Protection et la Gestion des Nappes Souterraines de la Plaine du Roussillon  (20001584000016),2.685378283,42.685696389,2022-03-03T03:19,2022-03-03T15:23,43450.01,0.0,27.38,9.35,18,1009.5,20.9,0.148,34.4
1887,10906X0039/C2-1,BSS002MNYD,2022-03-04,103.21,Valeur mesurée,Syndicat Mixte pour la Protection et la Gestion des Nappes Souterraines de la Plaine du Roussillon  (20001584000016),2.685378283,42.685696389,2022-03-04T03:18,2022-03-04T15:23,43458.39,0.0,27.78,9.11,44,1008.7,20.0,0.148,34.5
1888,10906X0039/C2-1,BSS002MNYD,2022-03-05,103.18,Valeur mesurée,Syndicat Mixte pour la Protection et la Gestion des Nappes Souterraines de la Plaine du Roussillon  (20001584000016),2.685378283,42.685696389,2022-03-05T03:18,2022-03-05T15:22,43466.85,0.0,27.62,8.69,34,1008.7,17.9,0.148,34.5
1889,10906X0039/C2-1,BSS002MNYD,2022-03-06,103.18,Valeur mesurée,Syndicat Mixte pour la Protection et la Gestion des Nappes Souterraines de la Plaine du Roussillon  (20001584000016),2.685378283,42.685696389,2022-03-06T03:18,2022-03-06T15:22,43475.37,0.0,27.48,8.66,60,1008.0,18.7,0.148,34.6
1890,10906X0039/C2-1,BSS002MNYD,2022-03-07,103.19,Valeur mesurée,Syndicat Mixte pour la Protection et la Gestion des Nappes Souterraines de la Plaine du Roussillon  (20001584000016),2.685378283,42.685696389,2022-03-07T03:17,2022-03-07T15:22,43483.98,0.0,26.95,8.0,35,1007.8,16.3,0.147,34.6
1891,10906X0039/C2-1,BSS002MNYD,2022-03-08,103.19,Valeur mesurée,Syndicat Mixte pour la Protection et la Gestion des Nappes Souterraines de la Plaine du Roussillon  (20001584000016),2.685378283,42.685696389,2022-03-08T03:17,2022-03-08T15:22,43492.64,0.0,26.58,7.61,8,1007.8,15.4,0.147,34.7
1892,10906X0039/C2-1,BSS002MNYD,2022-03-09,103.2,Valeur mesurée,Syndicat Mixte pour la Protection et la Gestion des Nappes Souterraines de la Plaine du Roussillon  (20001584000016),2.685378283,42.685696389,2022-03-09T03:17,2022-03-09T15:22,43501.36,0.0,26.43,7.53,31,1007.8,15.4,0.146,34.8
1893,10906X0039/C2-1,BSS002MNYD,2022-03-10,103.2,Valeur mesurée,Syndicat Mixte pour la Protection et la Gestion des Nappes Souterraines de la Plaine du Roussillon  (20001584000016),2.685378283,42.685696389,2022-03-10T03:16,2022-03-10T15:22,43510.13,0.0,26.37,7.55,72,1008.3,15.3,0.147,34.8
1894,10906X0039/C2-1,BSS002MNYD,2022-03-11,103.18,Valeur mesurée,Syndicat Mixte pour la Protection et la Gestion des Nappes Souterraines de la Plaine du Roussillon  (20001584000016),2.685378283,42.685696389,2022-03-11T03:16,2022-03-11T15:21,43518.95,0.0,26.89,7.86,43,1008.2,16.3,0.146,34.9
1895,10906X0039/C2-1,BSS002MNYD,2022-03-12,103.15,Valeur mesurée,Syndicat Mixte pour la Protection et la Gestion des Nappes Souterraines de la Plaine du Roussillon  (20001584000016),2.685378283,42.685696389,2022-03-12T03:16,2022-03-12T15:21,43527.81,0.0,25.99,7.51,95,1007.4,14.4,0.146,34.9
1896,10906X0039/C2-1,BSS002MNYD,2022-03-13,103.11,Valeur mesurée,Syndicat Mixte pour la Protection et la Gestion des Nappes Souterraines de la Plaine du Roussillon  (20001584000016),2.685378283,42.685696389,2022-03-13T03:15,2022-03-13T15:21,43536.7,0.0,24.88,7.87,65,1007.5,18.0,0.145,34.9
1897,10906X0039/C2-1,BSS002MNYD,2022-03-14,103.08,Valeur mesurée,Syndicat Mixte pour la Protection et la Gestion des Nappes Souterraines de la Plaine du Roussillon  (20001584000016),2.685378283,42.685696389,2022-03-14T03:15,2022-03-14T15:21,43545.62,0.0,25.42,7.76,25,1008.9,17.7,0.145,34.9
1898,10906X0039/C2-1,BSS002MNYD,2022-03-15,103.04,Valeur mesurée,Syndicat Mixte pour la Protection et la Gestion des Nappes Souterraines de la Plaine du Roussillon  (20001584000016),2.685378283,42.685696389,2022-03-15T03:15,2022-03-15T15:21,43554.56,0.0,24.93,7.46,49,1008.2,15.1,0.145,35.0
1899,10906X0039/C2-1,BSS002MNYD,2022-03-16,103.04,Valeur mesurée,Syndicat Mixte pour la Protection et la Gestion des Nappes Souterraines de la Plaine du Roussillon  (20001584000016),2.685378283,42.685696389,2022-03-16T03:14,2022-03-16T15:20,43563.52,0.0,26.95,8.4,9,1006.9,17.4,0.145,35.1
1900,10906X0039/C2-1,BSS002MNYD,2022-03-17,102.99,Valeur mesurée,Syndicat Mixte pour la Protection et la Gestion des Nappes Souterraines de la Plaine du Roussillon  (20001584000016),2.685378283,42.685696389,2022-03-17T03:14,2022-03-17T15:20,43572.49,0.0,25.8,8.28,13,1007.7,16.9,0.144,35.1
1901,10906X0039/C2-1,BSS002MNYD,2022-03-18,102.94,Valeur mesurée,Syndicat Mixte pour la Protection et la Gestion des Nappes Souterraines de la Plaine du Roussillon  (20001584000016),2.685378283,42.685696389,2022-03-18T03:14,2022-03-18T15:20,43581.46,0.0,25.31,7.74,45,1010.0,17.0,0.144,35.1
1902,10906X0039/C2-1,BSS002MNYD,2022-03-19,102.88,Valeur mesurée,Syndicat Mixte pour la Protection et la Gestion des Nappes Souterraines de la Plaine du Roussillon  (20001584000016),2.685378283,42.685696389,2022-03-19T03:13,2022-03-19T15:20,43590.43,0.0,25.53,7.87,64,1009.6,15.3,0.144,35.1
1903,10906X0039/C2-1,BSS002MNYD,2022-03-20,102.83,Valeur mesurée,Syndicat Mixte pour la Protection et la Gestion des Nappes Souterraines de la Plaine du Roussillon  (20001584000016),2.685378283,42.685696389,2022-03-20T03:13,2022-03-20T15:20,43599.39,0.0,25.68,7.86,19,1009.0,16.7,0.144,35.2
1904,10906X0039/C2-1,BSS002MNYD,2022-03-21,102.78,Valeur mesurée,Syndicat Mixte pour la Protection et la Gestion des Nappes Souterraines de la Plaine du Roussillon  (20001584000016),2.685378283,42.685696389,2022-03-21T03:13,2022-03-21T15:19,43608.33,0.0,25.73,7.9,28,1009.3,17.2,0.144,35.2
1905,10906X0039/C2-1,BSS002MNYD,2022-03-22,102.75,Valeur mesurée,Syndicat Mixte pour la Protection et la Gestion des Nappes Souterraines de la Plaine du Roussillon  (20001584000016),2.685378283,42.685696389,2022-03-22T03:12,2022-03-22T15:19,43617.25,0.0,26.14,7.76,17,1009.4,16.5,0.144,35.2
1906,10906X0039/C2-1,BSS002MNYD,2022-03-23,102.72,Valeur mesurée,Syndicat Mixte pour la Protection et la Gestion des Nappes Souterraines de la Plaine du Roussillon  (20001584000016),2.685378283,42.685696389,2022-03-23T03:12,2022-03-23T15:19,43626.14,0.0,26.07,7.56,16,1010.4,15.1,0.143,35.2
1907,10906X0039/C2-1,BSS002MNYD,2022-03-24,102.7,Valeur mesurée,Syndicat Mixte pour la Protection et la Gestion des Nappes Souterraines de la Plaine du Roussillon  (20001584000016),2.685378283,42.685696389,2022-03-24T03:11,2022-03-24T15:19,43635.01,0.0,21.29,6.22,61,1009.7,13.8,0.144,35.2
1908,10906X0039/C2-1,BSS002MNYD,2022-03-25,102.68,Valeur mesurée,Syndicat Mixte pour la Protection et la Gestion des Nappes Souterraines de la Plaine du Roussillon  (20001584000016),2.685378283,42.685696389,2022-03-25T03:11,2022-03-25T15:18,43643.92,2.5,20.94,5.22,50,1009.8,10.9,0.152,34.7
1909,10906X0039/C2-1,BSS002MNYD,2022-03-26,102.68,Valeur mesurée,Syndicat Mixte pour la Protection et la Gestion des Nappes Souterraines de la Plaine du Roussillon  (20001584000016),2.685378283,42.685696389,2022-03-26T03:11,2022-03-26T15:18,43652.87,0.0,21.77,5.23,23,1009.9,8.5,0.155,34.2
1910,10906X0039/C2-1,BSS002MNYD,2022-03-27,102.71,Valeur mesurée,Syndicat Mixte pour la Protection et la Gestion des Nappes Souterraines de la Plaine du Roussillon  (20001584000016),2.685378283,42.685696389,2022-03-27T03:10,2022-03-27T15:18,43661.86,0.0,25.94,7.05,25,1010.3,14.4,0.151,33.9
1911,10906X0039/C2-1,BSS002MNYD,2022-03-28,102.73,Valeur mesurée,Syndicat Mixte pour la Protection et la Gestion des Nappes Souterraines de la Plaine du Roussillon  (20001584000016),2.685378283,42.685696389,2022-03-28T03:10,2022-03-28T15:18,43670.89,0.0,25.75,7.1,82,1009.8,13.9,0.149,33.8
1912,10906X0039/C2-1,BSS002MNYD,2022-03-29,102.73,Valeur mesurée,Syndicat Mixte pour la Protection et la Gestion des Nappes Souterraines de la Plaine du Roussillon  (20001584000016),2.685378283,42.685696389,2022-03-29T03:10,2022-03-29T15:18,43679.94,0.0,25.19,7.1,38,1008.6,15.7,0.146,33.8
1913,10906X0039/C2-1,BSS002MNYD,2022-03-30,102.73,Valeur mesurée,Syndicat Mixte pour la Protection et la Gestion des Nappes Souterraines de la Plaine du Roussillon  (20001584000016),2.685378283,42.685696389,2022-03-30T03:09,2022-03-30T15:17,43689.01,0.0,25.44,7.7,60,1008.9,18.0,0.145,33.9
1914,10906X0039/C2-1,BSS002MNYD,2022-03-31,102.73,Valeur mesurée,Syndicat Mixte pour la Protection et la Gestion des Nappes Souterraines de la Plaine du Roussillon  (20001584000016),2.685378283,42.685696389,2022-03-31T03:09,2022-03-31T15:17,43698.1,0.0,23.99,7.4,23,1009.7,18.0,0.144,34.1
1915,10906X0039/C2-1,BSS002MNYD,2022-04-01,102.71,Valeur mesurée,Syndicat Mixte pour la Protection et la Gestion des Nappes Souterraines de la Plaine du Roussillon  (20001584000016),2.685378283,42.685696389,2022-04-01T03:08,2022-04-01T15:17,43707.2,0.1,20.6,6.36,39,1011.0,16.4,0.143,34.2
1916,10906X0039/C2-1,BSS002MNYD,2022-04-02,102.69,Valeur mesurée,Syndicat Mixte pour la Protection et la Gestion des Nappes Souterraines de la Plaine du Roussillon  (20001584000016),2.685378283,42.685696389,2022-04-02T03:08,2022-04-02T15:17,43716.3,0.0,25.19,8.04,46,1009.9,18.9,0.144,34.2
1917,10906X0039/C2-1,BSS002MNYD,2022-04-03,102.66,Valeur mesurée,Syndicat Mixte pour la Protection et la Gestion des Nappes Souterraines de la Plaine du Roussillon  (20001584000016),2.685378283,42.685696389,2022-04-03T03:08,2022-04-03T15:16,43725.4,0.0,25.02,8.21,58,1009.5,17.6,0.143,34.3
1918,10906X0039/C2-1,BSS002MNYD,2022-04-04,102.63,Valeur mesurée,Syndicat Mixte pour la Protection et la Gestion des Nappes Souterraines de la Plaine du Roussillon  (20001584000016),2.685378283,42.685696389,2022-04-04T03:07,2022-04-04T15:16,43734.49,0.0,24.94,7.53,15,1009.9,14.5,0.143,34.5
1919,10906X0039/C2-1,BSS002MNYD,2022-04-05,102.62,Valeur mesurée,Syndicat Mixte pour la Protection et la Gestion des Nappes Souterraines de la Plaine du Roussillon  (20001584000016),2.685378283,42.685696389,2022-04-05T03:07,2022-04-05T15:16,43743.56,0.0,25.42,7.73,15,1010.3,16.4,0.142,34.6
1920,10906X0039/C2-1,BSS002MNYD,2022-04-06,102.6,Valeur mesurée,Syndicat Mixte pour la Protection et la Gestion des Nappes Souterraines de la Plaine du Roussillon  (20001584000016),2.685378283,42.685696389,2022-04-06T03:07,2022-04-06T15:16,43752.62,0.0,24.88,7.64,43,1010.0,15.7,0.142,34.7
1921,10906X0039/C2-1,BSS002MNYD,2022-04-07,102.7,Valeur mesurée,Syndicat Mixte pour la Protection et la Gestion des Nappes Souterraines de la Plaine du Roussillon  (20001584000016),2.685378283,42.685696389,2022-04-07T03:06,2022-04-07T15:16,43761.64,0.0,24.81,7.56,80,1010.6,15.4,0.142,34.8
1922,10906X0039/C2-1,BSS002MNYD,2022-04-08,102.72,Valeur mesurée,Syndicat Mixte pour la Protection et la Gestion des Nappes Souterraines de la Plaine du Roussillon  (20001584000016),2.685378283,42.685696389,2022-04-08T03:06,2022-04-08T15:15,43770.62,0.0,24.16,7.62,88,1010.4,15.8,0.142,34.9
1923,10906X0039/C2-1,BSS002MNYD,2022-04-09,102.64,Valeur mesurée,Syndicat Mixte pour la Protection et la Gestion des Nappes Souterraines de la Plaine du Roussillon  (20001584000016),2.685378283,42.685696389,2022-04-09T03:06,2022-04-09T15:15,43779.57,0.0,23.5,7.39,51,1009.5,17.5,0.142,34.9
1924,10906X0039/C2-1,BSS002MNYD,2022-04-10,102.63,Valeur mesurée,Syndicat Mixte pour la Protection et la Gestion des Nappes Souterraines de la Plaine du Roussillon  (20001584000016),2.685378283,42.685696389,2022-04-10T03:05,2022-04-10T15:15,43788.47,0.0,24.69,6.89,30,1009.2,13.7,0.142,35.0
1925,10906X0039/C2-1,BSS002MNYD,2022-04-11,102.6,Valeur mesurée,Syndicat Mixte pour la Protection et la Gestion des Nappes Souterraines de la Plaine du Roussillon  (20001584000016),2.685378283,42.685696389,2022-04-11T03:05,2022-04-11T15:15,43797.3,0.0,20.84,6.16,57,1009.3,13.5,0.143,35.0
1926,10906X0039/C2-1,BSS002MNYD,2022-04-12,102.6,Valeur mesurée,Syndicat Mixte pour la Protection et la Gestion des Nappes Souterraines de la Plaine du Roussillon  (20001584000016),2.685378283,42.685696389,2022-04-12T03:05,2022-04-12T15:15,43806.08,0.0,23.21,6.35,36,1008.3,12.1,0.144,35.0
1927,10906X0039/C2-1,BSS002MNYD,2022-04-13,102.65,Valeur mesurée,Syndicat Mixte pour la Protection et la Gestion des Nappes Souterraines de la Plaine du Roussillon  (20001584000016),2.685378283,42.685696389,2022-04-13T03:04,2022-04-13T15:14,43814.8,0.0,21.83,6.31,37,1007.3,15.2,0.144,35.0
1928,10906X0039/C2-1,BSS002MNYD,2022-04-14,102.69,Valeur mesurée,Syndicat Mixte pour la Protection et la Gestion des Nappes Souterraines de la Plaine du Roussillon  (20001584000016),2.685378283,42.685696389,2022-04-14T03:04,2022-04-14T15:14,43823.51,0.8,21.57,6.08,71,1007.6,14.6,0.144,34.9
1929,10906X0039/C2-1,BSS002MNYD,2022-04-15,102.73,Valeur mesurée,Syndicat Mixte pour la Protection et la Gestion des Nappes Souterraines de la Plaine du Roussillon  (20001584000016),2.685378283,42.685696389,2022-04-15T03:04,2022-04-15T15:14,43832.24,0.5,23.63,6.63,88,1008.7,14.0,0.143,34.8
1930,10906X0039/C2-1,BSS002MNYD,2022-04-16,102.77,Valeur mesurée,Syndicat Mixte pour la Protection et la Gestion des Nappes Souterraines de la Plaine du Roussillon  (20001584000016),2.685378283,42.685696389,2022-04-16T03:03,2022-04-16T15:14,43840.97,0.0,24.15,6.71,81,1008.8,13.1,0.144,34.8
1931,10906X0039/C2-1,BSS002MNYD,2022-04-17,102.83,Valeur mesurée,Syndicat Mixte pour la Protection et la Gestion des Nappes Souterraines de la Plaine du Roussillon  (20001584000016),2.685378283,42.685696389,2022-04-17T03:03,2022-04-17T15:14,43849.69,0.1,22.54,6.8,77,1008.9,18.1,0.143,34.8
1932,10906X0039/C2-1,BSS002MNYD,2022-04-18,102.88,Valeur mesurée,Syndicat Mixte pour la Protection et la Gestion des Nappes Souterraines de la Plaine du Roussillon  (20001584000016),2.685378283,42.685696389,2022-04-18T03:03,2022-04-18T15:14,43858.39,0.5,15.51,4.62,93,1010.0,14.2,0.142,34.5
1933,10906X0039/C2-1,BSS002MNYD,2022-04-19,102.92,Valeur mesurée,Syndicat Mixte pour la Protection et la Gestion des Nappes Souterraines de la Plaine du Roussillon  (20001584000016),2.685378283,42.685696389,2022-04-19T03:02,2022-04-19T15:14,43867.08,0.1,21.12,5.62,49,1010.1,11.7,0.142,34.4
1934,10906X0039/C2-1,BSS002MNYD,2022-04-20,102.96,Valeur mesurée,Syndicat Mixte pour la Protection et la Gestion des Nappes Souterraines de la Plaine du Roussillon  (20001584000016),2.685378283,42.685696389,2022-04-20T03:02,2022-04-20T15:13,43875.75,15.7,18.52,4.53,73,1010.4,10.4,0.148,33.9
1935,10906X0039/C2-1,BSS002MNYD,2022-04-21,102.98,Valeur mesurée,Syndicat Mixte pour la Protection et la Gestion des Nappes Souterraines de la Plaine du Roussillon  (20001584000016),2.685378283,42.685696389,2022-04-21T03:02,2022-04-21T15:13,43884.38,0.1,24.07,5.72,56,1009.9,9.8,0.156,33.4
1936,10906X0039/C2-1,BSS002MNYD,2022-04-22,102.97,Valeur mesurée,Syndicat Mixte pour la Protection et la Gestion des Nappes Souterraines de la Plaine du Roussillon  (20001584000016),2.685378283,42.685696389,2022-04-22T03:02,2022-04-22T15:13,43892.98,0.0,19.42,4.92,86,1010.2,11.0,0.153,33.2
1937,10906X0039/C2-1,BSS002MNYD,2022-04-23,102.94,Valeur mesurée,Syndicat Mixte pour la Protection et la Gestion des Nappes Souterraines de la Plaine du Roussillon  (20001584000016),2.685378283,42.685696389,2022-04-23T03:01,2022-04-23T15:13,43901.53,0.3,23.95,6.44,68,1009.3,14.7,0.153,33.1
1938,10906X0039/C2-1,BSS002MNYD,2022-04-24,102.91,Valeur mesurée,Syndicat Mixte pour la Protection et la Gestion des Nappes Souterraines de la Plaine du Roussillon  (20001584000016),2.685378283,42.685696389,2022-04-24T03:01,2022-04-24T15:13,43910.02,0.0,24.23,6.81,33,1008.7,16.5,0.152,33.1
1939,10906X0039/C2-1,BSS002MNYD,2022-04-25,102.89,Valeur mesurée,Syndicat Mixte pour la Protection et la Gestion des Nappes Souterraines de la Plaine du Roussillon  (20001584000016),2.685378283,42.685696389,2022-04-25T03:01,2022-04-25T15:13,43918.46,0.0,25.22,7.0,53,1008.4,14.6,0.149,33.3
1940,10906X0039/C2-1,BSS002MNYD,2022-04-26,102.9,Valeur mesurée,Syndicat Mixte pour la Protection et la Gestion des Nappes Souterraines de la Plaine du Roussillon  (20001584000016),2.685378283,42.685696389,2022-04-26T03:01,2022-04-26T15:13,43926.82,0.8,23.54,5.47,68,1009.5,5.7,0.148,33.4
1941,10906X0039/C2-1,BSS002MNYD,2022-04-27,102.9,Valeur mesurée,Syndicat Mixte pour la Protection et la Gestion des Nappes Souterraines de la Plaine du Roussillon  (20001584000016),2.685378283,42.685696389,2022-04-27T03:00,2022-04-27T15:13,43935.12,5.1,16.3,3.94,95,1009.8,8.6,0.152,33.1
1942,10906X0039/C2-1,BSS002MNYD,2022-04-28,102.91,Valeur mesurée,Syndicat Mixte pour la Protection et la Gestion des Nappes Souterraines de la Plaine du Roussillon  (20001584000016),2.685378283,42.685696389,2022-04-28T03:00,2022-04-28T15:12,43943.32,1.7,21.01,4.81,77,1010.5,11.1,0.156,32.6
1943,10906X0039/C2-1,BSS002MNYD,2022-04-29,102.91,Valeur mesurée,Syndicat Mixte pour la Protection et la Gestion des Nappes Souterraines de la Plaine du Roussillon  (20001584000016),2.685378283,42.685696389,2022-04-29T03:00,2022-04-29T15:12,43951.44,2.5,18.96,4.28,71,1011.6,10.0,0.158,32.1
1944,10906X0039/C2-1,BSS002MNYD,2022-04-30,102.94,Valeur mesurée,Syndicat Mixte pour la Protection et la Gestion des Nappes Souterraines de la Plaine du Roussillon  (20001584000016),2.685378283,42.685696389,2022-04-30T03:00,2022-04-30T15:12,43959.45,5.9,19.16,4.26,68,1011.9,10.1,0.158,31.8
1945,10906X0039/C2-1,BSS002MNYD,2022-05-01,102.98,Valeur mesurée,Syndicat Mixte pour la Protection et la Gestion des Nappes Souterraines de la Plaine du Roussillon  (20001584000016),2.685378283,42.685696389,2022-05-01T02:59,2022-05-01T15:12,43967.36,14.2,17.9,3.8,96,1012.9,11.0,0.174,31.3
1946,10906X0039/C2-1,BSS002MNYD,2022-05-02,103.03,Valeur mesurée,Syndicat Mixte pour la Protection et la Gestion des Nappes Souterraines de la Plaine du Roussillon  (20001584000016),2.685378283,42.685696389,2022-05-02T02:59,2022-05-02T15:12,43975.15,3.7,16.88,3.63,100,1012.9,12.7,0.18,30.8
1947,10906X0039/C2-1,BSS002MNYD,2022-05-03,103.09,Valeur mesurée,Syndicat Mixte pour la Protection et la Gestion des Nappes Souterraines de la Plaine du Roussillon  (20001584000016),2.685378283,42.685696389,2022-05-03T02:59,2022-05-03T15:12,43982.83,1.7,15.12,3.54,84,1013.0,17.5,0.179,30.5
1948,10906X0039/C2-1,BSS002MNYD,2022-05-04,103.13,Valeur mesurée,Syndicat Mixte pour la Protection et la Gestion des Nappes Souterraines de la Plaine du Roussillon  (20001584000016),2.685378283,42.685696389,2022-05-04T02:59,2022-05-04T15:12,43990.45,6.0,16.51,3.6,88,1014.2,14.0,0.184,30.1
1949,10906X0039/C2-1,BSS002MNYD,2022-05-05,103.15,Valeur mesurée,Syndicat Mixte pour la Protection et la Gestion des Nappes Souterraines de la Plaine du Roussillon  (20001584000016),2.685378283,42.685696389,2022-05-05T02:59,2022-05-05T15:12,43998.02,6.3,15.94,3.53,64,1013.4,14.3,0.188,29.8
1950,10906X0039/C2-1,BSS002MNYD,2022-05-06,103.16,Valeur mesurée,Syndicat Mixte pour la Protection et la Gestion des Nappes Souterraines de la Plaine du Roussillon  (20001584000016),2.685378283,42.685696389,2022-05-06T02:59,2022-05-06T15:12,44005.54,0.7,20.38,4.53,43,1012.0,14.5,0.186,29.7
1951,10906X0039/C2-1,BSS002MNYD,2022-05-07,103.17,Valeur mesurée,Syndicat Mixte pour la Protection et la Gestion des Nappes Souterraines de la Plaine du Roussillon  (20001584000016),2.685378283,42.685696389,2022-05-07T02:59,2022-05-07T15:12,44012.98,1.1,20.1,4.54,42,1011.2,17.2,0.185,29.7
1952,10906X0039/C2-1,BSS002MNYD,2022-05-08,103.19,Valeur mesurée,Syndicat Mixte pour la Protection et la Gestion des Nappes Souterraines de la Plaine du Roussillon  (20001584000016),2.685378283,42.685696389,2022-05-08T02:58,2022-05-08T15:12,44020.37,0.0,21.7,5.07,26,1011.3,15.8,0.184,29.7
1953,10906X0039/C2-1,BSS002MNYD,2022-05-09,103.23,Valeur mesurée,Syndicat Mixte pour la Protection et la Gestion des Nappes Souterraines de la Plaine du Roussillon  (20001584000016),2.685378283,42.685696389,2022-05-09T02:58,2022-05-09T15:12,44027.66,0.7,18.16,4.41,69,1011.7,17.8,0.179,29.6
1954,10906X0039/C2-1,BSS002MNYD,2022-05-10,103.29,Valeur mesurée,Syndicat Mixte pour la Protection et la Gestion des Nappes Souterraines de la Plaine du Roussillon  (20001584000016),2.685378283,42.685696389,2022-05-10T02:58,2022-05-10T15:12,44034.88,1.3,19.03,4.63,66,1011.3,17.3,0.178,29.6
1955,10906X0039/C2-1,BSS002MNYD,2022-05-11,103.33,Valeur mesurée,Syndicat Mixte pour la Protection et la Gestion des Nappes Souterraines de la Plaine du Roussillon  (20001584000016),2.685378283,42.685696389,2022-05-11T02:58,2022-05-11T15:12,44042.0,0.3,21.55,5.24,48,1011.5,17.4,0.175,29.7
1956,10906X0039/C2-1,BSS002MNYD,2022-05-12,103.34,Valeur mesurée,Syndicat Mixte pour la Protection et la Gestion des Nappes Souterraines de la Plaine du Roussillon  (20001584000016),2.685378283,42.685696389,2022-05-12T02:58,2022-05-12T15:12,44049.02,0.6,20.74,5.25,88,1012.7,19.1,0.175,29.7
1957,10906X0039/C2-1,BSS002MNYD,2022-05-13,103.37,Valeur mesurée,Syndicat Mixte pour la Protection et la Gestion des Nappes Souterraines de la Plaine du Roussillon  (20001584000016),2.685378283,42.685696389,2022-05-13T02:58,2022-05-13T15:12,44055.94,0.0,24.47,6.48,70,1013.0,19.4,0.175,29.8
1958,10906X0039/C2-1,BSS002MNYD,2022-05-14,103.37,Valeur mesurée,Syndicat Mixte pour la Protection et la Gestion des Nappes Souterraines de la Plaine du Roussillon  (20001584000016),2.685378283,42.685696389,2022-05-14T02:58,2022-05-14T15:12,44062.73,0.4,21.21,5.59,84,1013.3,19.3,0.174,29.8
1959,10906X0039/C2-1,BSS002MNYD,2022-05-15,103.34,Valeur mesurée,Syndicat Mixte pour la Protection et la Gestion des Nappes Souterraines de la Plaine du Roussillon  (20001584000016),2.685378283,42.685696389,2022-05-15T02:58,2022-05-15T15:12,44069.41,0.8,19.71,5.13,80,1014.5,18.0,0.176,29.8
1960,10906X0039/C2-1,BSS002MNYD,2022-05-16,103.32,Valeur mesurée,Syndicat Mixte pour la Protection et la Gestion des Nappes Souterraines de la Plaine du Roussillon  (20001584000016),2.685378283,42.685696389,2022-05-16T02:58,2022-05-16T15:12,44075.96,3.1,18.68,4.75,66,1014.8,19.9,0.177,29.7
1961,10906X0039/C2-1,BSS002MNYD,2022-05-17,103.34,Valeur mesurée,Syndicat Mixte pour la Protection et la Gestion des Nappes Souterraines de la Plaine du Roussillon  (20001584000016),2.685378283,42.685696389,2022-05-17T02:58,2022-05-17T15:13,44082.36,1.0,17.49,4.83,63,1013.6,20.3,0.179,29.6
1962,10906X0039/C2-1,BSS002MNYD,2022-05-18,103.35,Valeur mesurée,Syndicat Mixte pour la Protection et la Gestion des Nappes Souterraines de la Plaine du Roussillon  (20001584000016),2.685378283,42.685696389,2022-05-18T02:58,2022-05-18T15:13,44088.62,1.0,20.82,5.37,52,1013.1,19.8,0.179,29.6
1963,10906X0039/C2-1,BSS002MNYD,2022-05-19,103.37,Valeur mesurée,Syndicat Mixte pour la Protection et la Gestion des Nappes Souterraines de la Plaine du Roussillon  (20001584000016),2.685378283,42.685696389,2022-05-19T02:58,2022-05-19T15:13,44094.72,0.0,20.53,5.81,55,1012.8,19.0,0.182,29.6
1964,10906X0039/C2-1,BSS002MNYD,2022-05-20,103.4,Valeur mesurée,Syndicat Mixte pour la Protection et la Gestion des Nappes Souterraines de la Plaine du Roussillon  (20001584000016),2.685378283,42.685696389,2022-05-20T02:58,2022-05-20T15:13,44100.66,0.1,22.96,6.3,87,1012.3,19.3,0.18,29.8
1965,10906X0039/C2-1,BSS002MNYD,2022-05-21,103.44,Valeur mesurée,Syndicat Mixte pour la Protection et la Gestion des Nappes Souterraines de la Plaine du Roussillon  (20001584000016),2.685378283,42.685696389,2022-05-21T02:58,2022-05-21T15:13,44106.43,0.2,21.66,6.23,61,1012.5,20.8,0.179,30.0
1966,10906X0039/C2-1,BSS002MNYD,2022-05-22,103.48,Valeur mesurée,Syndicat Mixte pour la Protection et la Gestion des Nappes Souterraines de la Plaine du Roussillon  (20001584000016),2.685378283,42.685696389,2022-05-22T02:58,2022-05-22T15:13,44112.01,0.0,21.53,6.4,94,1011.4,18.6,0.179,30.1
1967,10906X0039/C2-1,BSS002MNYD,2022-05-23,103.57,Valeur mesurée,Syndicat Mixte pour la Protection et la Gestion des Nappes Souterraines de la Plaine du Roussillon  (20001584000016),2.685378283,42.685696389,2022-05-23T02:58,2022-05-23T15:13,44117.42,0.0,23.19,6.88,91,1010.2,21.7,0.177,30.3
1968,10906X0039/C2-1,BSS002MNYD,2022-05-24,103.59,Valeur mesurée,Syndicat Mixte pour la Protection et la Gestion des Nappes Souterraines de la Plaine du Roussillon  (20001584000016),2.685378283,42.685696389,2022-05-24T02:58,2022-05-24T15:13,44122.7,1.3,20.61,5.81,98,1011.4,19.1,0.176,30.5
1969,10906X0039/C2-1,BSS002MNYD,2022-05-25,103.59,Valeur mesurée,Syndicat Mixte pour la Protection et la Gestion des Nappes Souterraines de la Plaine du Roussillon  (20001584000016),2.685378283,42.685696389,2022-05-25T02:58,2022-05-25T15:13,44127.84,0.5,18.63,5.61,99,1013.5,19.3,0.177,30.4
1970,10906X0039/C2-1,BSS002MNYD,2022-05-26,103.62,Valeur mesurée,Syndicat Mixte pour la Protection et la Gestion des Nappes Souterraines de la Plaine du Roussillon  (20001584000016),2.685378283,42.685696389,2022-05-26T02:58,2022-05-26T15:14,44132.85,0.1,20.26,5.97,92,1013.7,20.5,0.177,30.5
1971,10906X0039/C2-1,BSS002MNYD,2022-05-27,103.63,Valeur mesurée,Syndicat Mixte pour la Protection et la Gestion des Nappes Souterraines de la Plaine du Roussillon  (20001584000016),2.685378283,42.685696389,2022-05-27T02:58,2022-05-27T15:14,44137.71,0.0,22.65,6.52,59,1012.6,20.7,0.178,30.5
1972,10906X0039/C2-1,BSS002MNYD,2022-05-28,103.66,Valeur mesurée,Syndicat Mixte pour la Protection et la Gestion des Nappes Souterraines de la Plaine du Roussillon  (20001584000016),2.685378283,42.685696389,2022-05-28T02:58,2022-05-28T15:14,44142.43,0.0,22.94,6.83,36,1012.2,21.3,0.178,30.6
1973,10906X0039/C2-1,BSS002MNYD,2022-05-29,103.67,Valeur mesurée,Syndicat Mixte pour la Protection et la Gestion des Nappes Souterraines de la Plaine du Roussillon  (20001584000016),2.685378283,42.685696389,2022-05-29T02:58,2022-05-29T15:14,44146.99,0.1,20.02,5.62,42,1013.4,20.0,0.178,30.5
1974,10906X0039/C2-1,BSS002MNYD,2022-05-30,103.69,Valeur mesurée,Syndicat Mixte pour la Protection et la Gestion des Nappes Souterraines de la Plaine du Roussillon  (20001584000016),2.685378283,42.685696389,2022-05-30T02:58,2022-05-30T15:14,44151.4,0.2,20.42,5.7,61,1014.1,19.6,0.177,30.4
1975,10906X0039/C2-1,BSS002MNYD,2022-05-31,103.71,Valeur mesurée,Syndicat Mixte pour la Protection et la Gestion des Nappes Souterraines de la Plaine du Roussillon  (20001584000016),2.685378283,42.685696389,2022-05-31T02:58,2022-05-31T15:14,44155.65,0.0,21.57,6.33,26,1012.8,20.2,0.177,30.5
1976,10906X0039/C2-1,BSS002MNYD,2022-06-01,103.74,Valeur mesurée,Syndicat Mixte pour la Protection et la Gestion des Nappes Souterraines de la Plaine du Roussillon  (20001584000016),2.685378283,42.685696389,2022-06-01T02:59,2022-06-01T15:15,44159.73,0.0,21.69,6.47,30,1012.3,20.9,0.177,30.6
1977,10906X0039/C2-1,BSS002MNYD,2022-06-02,103.74,Valeur mesurée,Syndicat Mixte pour la Protection et la Gestion des Nappes Souterraines de la Plaine du Roussillon  (20001584000016),2.685378283,42.685696389,2022-06-02T02:59,2022-06-02T15:15,44163.64,0.4,20.82,6.2,64,1012.6,21.4,0.176,30.6
1978,10906X0039/C2-1,BSS002MNYD,2022-06-03,103.74,Valeur mesurée,Syndicat Mixte pour la Protection et la Gestion des Nappes Souterraines de la Plaine du Roussillon  (20001584000016),2.685378283,42.685696389,2022-06-03T02:59,2022-06-03T15:15,44167.37,0.7,21.05,6.24,63,1013.1,21.9,0.176,30.6
1979,10906X0039/C2-1,BSS002MNYD,2022-06-04,103.74,Valeur mesurée,Syndicat Mixte pour la Protection et la Gestion des Nappes Souterraines de la Plaine du Roussillon  (20001584000016),2.685378283,42.685696389,2022-06-04T02:59,2022-06-04T15:15,44170.92,2.2,18.68,5.39,56,1012.6,19.1,0.176,30.5
1980,10906X0039/C2-1,BSS002MNYD,2022-06-05,103.74,Valeur mesurée,Syndicat Mixte pour la Protection et la Gestion des Nappes Souterraines de la Plaine du Roussillon  (20001584000016),2.685378283,42.685696389,2022-06-05T02:59,2022-06-05T15:15,44174.27,0.9,21.17,6.17,85,1011.9,20.0,0.175,30.5
1981,10906X0039/C2-1,BSS002MNYD,2022-06-06,103.78,Valeur mesurée,Syndicat Mixte pour la Protection et la Gestion des Nappes Souterraines de la Plaine du Roussillon  (20001584000016),2.685378283,42.685696389,2022-06-06T02:59,2022-06-06T15:16,44177.44,0.1,16.65,5.85,81,1012.0,22.7,0.175,30.5
1982,10906X0039/C2-1,BSS002MNYD,2022-06-07,103.82,Valeur mesurée,Syndicat Mixte pour la Protection et la Gestion des Nappes Souterraines de la Plaine du Roussillon  (20001584000016),2.685378283,42.685696389,2022-06-07T03:00,2022-06-07T15:16,44180.4,0.7,10.99,3.92,95,1013.0,19.8,0.174,30.2
1983,10906X0039/C2-1,BSS002MNYD,2022-06-08,103.85,Valeur mesurée,Syndicat Mixte pour la Protection et la Gestion des Nappes Souterraines de la Plaine du Roussillon  (20001584000016),2.685378283,42.685696389,2022-06-08T03:00,2022-06-08T15:16,44183.17,2.2,17.23,4.63,72,1013.4,19.5,0.175,30.1
1984,10906X0039/C2-1,BSS002MNYD,2022-06-09,103.86,Valeur mesurée,Syndicat Mixte pour la Protection et la Gestion des Nappes Souterraines de la Plaine du Roussillon  (20001584000016),2.685378283,42.685696389,2022-06-09T03:00,2022-06-09T15:16,44185.72,0.6,19.21,5.49,83,1013.1,19.6,0.173,30.1
1985,10906X0039/C2-1,BSS002MNYD,2022-06-10,103.86,Valeur mesurée,Syndicat Mixte pour la Protection et la Gestion des Nappes Souterraines de la Plaine du Roussillon  (20001584000016),2.685378283,42.685696389,2022-06-10T03:00,2022-06-10T15:16,44188.05,0.0,20.11,5.95,70,1013.8,21.3,0.174,30.1
1986,10906X0039/C2-1,BSS002MNYD,2022-06-11,103.86,Valeur mesurée,Syndicat Mixte pour la Protection et la Gestion des Nappes Souterraines de la Plaine du Roussillon  (20001584000016),2.685378283,42.685696389,2022-06-11T03:00,2022-06-11T15:17,44190.17,1.1,16.23,4.96,70,1014.1,20.6,0.175,30.0
1987,10906X0039/C2-1,BSS002MNYD,2022-06-12,103.83,Valeur mesurée,Syndicat Mixte pour la Protection et la Gestion des Nappes Souterraines de la Plaine du Roussillon  (20001584000016),2.685378283,42.685696389,2022-06-12T03:00,2022-06-12T15:17,44192.07,1.9,18.51,5.07,58,1013.4,21.2,0.177,29.9
1988,10906X0039/C2-1,BSS002MNYD,2022-06-13,103.82,Valeur mesurée,Syndicat Mixte pour la Protection et la Gestion des Nappes Souterraines de la Plaine du Roussillon  (20001584000016),2.685378283,42.685696389,2022-06-13T03:01,2022-06-13T15:17,44193.76,1.8,19.83,5.46,70,1013.5,20.7,0.178,29.8
1989,10906X0039/C2-1,BSS002MNYD,2022-06-14,103.86,Valeur mesurée,Syndicat Mixte pour la Protection et la Gestion des Nappes Souterraines de la Plaine du Roussillon  (20001584000016),2.685378283,42.685696389,2022-06-14T03:01,2022-06-14T15:17,44195.25,0.1,17.1,5.47,72,1013.1,20.9,0.178,29.8
1990,10906X0039/C2-1,BSS002MNYD,2022-06-15,103.85,Valeur mesurée,Syndicat Mixte pour la Protection et la Gestion des Nappes Souterraines de la Plaine du Roussillon  (20001584000016),2.685378283,42.685696389,2022-06-15T03:01,2022-06-15T15:18,44196.54,0.0,20.98,6.43,67,1012.4,21.1,0.177,29.9
1991,10906X0039/C2-1,BSS002MNYD,2022-06-16,103.84,Valeur mesurée,Syndicat Mixte pour la Protection et la Gestion des Nappes Souterraines de la Plaine du Roussillon  (20001584000016),2.685378283,42.685696389,2022-06-16T03:01,2022-06-16T15:18,44197.62,0.0,18.14,5.39,67,1012.3,18.8,0.176,30.0
1992,10906X0039/C2-1,BSS002MNYD,2022-06-17,103.85,Valeur mesurée,Syndicat Mixte pour la Protection et la Gestion des Nappes Souterraines de la Plaine du Roussillon  (20001584000016),2.685378283,42.685696389,2022-06-17T03:01,2022-06-17T15:18,44198.5,1.3,19.63,5.86,64,1012.1,19.4,0.176,30.0
1993,10906X0039/C2-1,BSS002MNYD,2022-06-18,103.85,Valeur mesurée,Syndicat Mixte pour la Protection et la Gestion des Nappes Souterraines de la Plaine du Roussillon  (20001584000016),2.685378283,42.685696389,2022-06-18T03:02,2022-06-18T15:18,44199.18,0.4,21.12,6.08,78,1012.5,20.3,0.176,30.0
1994,10906X0039/C2-1,BSS002MNYD,2022-06-19,103.81,Valeur mesurée,Syndicat Mixte pour la Protection et la Gestion des Nappes Souterraines de la Plaine du Roussillon  (20001584000016),2.685378283,42.685696389,2022-06-19T03:02,2022-06-19T15:18,44199.65,0.4,19.68,6.17,71,1013.4,21.0,0.176,29.9
1995,10906X0039/C2-1,BSS002MNYD,2022-06-20,103.77,Valeur mesurée,Syndicat Mixte pour la Protection et la Gestion des Nappes Souterraines de la Plaine du Roussillon  (20001584000016),2.685378283,42.685696389,2022-06-20T03:02,2022-06-20T15:19,44199.92,0.8,21.33,6.24,73,1014.4,22.7,0.176,30.0
1996,10906X0039/C2-1,BSS002MNYD,2022-06-21,103.76,Valeur mesurée,Syndicat Mixte pour la Protection et la Gestion des Nappes Souterraines de la Plaine du Roussillon  (20001584000016),2.685378283,42.685696389,2022-06-21T03:02,2022-06-21T15:19,44199.99,0.2,19.62,6.18,85,1013.2,23.0,0.176,30.0
1997,10906X0039/C2-1,BSS002MNYD,2022-06-22,103.76,Valeur mesurée,Syndicat Mixte pour la Protection et la Gestion des Nappes Souterraines de la Plaine du Roussillon  (20001584000016),2.685378283,42.685696389,2022-06-22T03:02,2022-06-22T15:19,44199.86,0.6,18.13,5.65,95,1012.5,23.1,0.177,29.9
1998,10906X0039/C2-1,BSS002MNYD,2022-06-23,103.73,Valeur mesurée,Syndicat Mixte pour la Protection et la Gestion des Nappes Souterraines de la Plaine du Roussillon  (20001584000016),2.685378283,42.685696389,2022-06-23T03:03,2022-06-23T15:19,44199.53,0.6,16.7,5.17,100,1013.7,24.1,0.177,29.8
1999,10906X0039/C2-1,BSS002MNYD,2022-06-24,103.72,Valeur mesurée,Syndicat Mixte pour la Protection et la Gestion des Nappes Souterraines de la Plaine du Roussillon  (20001584000016),2.685378283,42.685696389,2022-06-24T03:03,2022-06-24T15:20,44198.99,2.4,15.73,4.53,86,1014.3,21.5,0.178,29.5
2000,10906X0039/C2-1,BSS002MNYD,2022-06-25,103.7,Valeur mesurée,Syndicat Mixte pour la Protection et la Gestion des Nappes Souterraines de la Plaine du Roussillon  (20001584000016),2.685378283,42.685696389,2022-06-25T03:03,2022-06-25T15:20,44198.26,0.5,15.48,4.86,71,1014.0,18.5,0.178,29.3
2001,10906X0039/C2-1,BSS002MNYD,2022-06-26,103.72,Valeur mesurée,Syndicat Mixte pour la Protection et la Gestion des Nappes Souterraines de la Plaine du Roussillon  (20001584000016),2.685378283,42.685696389,2022-06-26T03:03,2022-06-26T15:20,44197.32,0.9,19.49,5.8,30,1014.8,23.5,0.179,29.3
2002,10906X0039/C2-1,BSS002MNYD,2022-06-27,103.75,Valeur mesurée,Syndicat Mixte pour la Protection et la Gestion des Nappes Souterraines de la Plaine du Roussillon  (20001584000016),2.685378283,42.685696389,2022-06-27T03:04,2022-06-27T15:20,44196.19,1.5,20.43,5.71,58,1015.8,24.2,0.179,29.2
2003,10906X0039/C2-1,BSS002MNYD,2022-06-28,103.77,Valeur mesurée,Syndicat Mixte pour la Protection et la Gestion des Nappes Souterraines de la Plaine du Roussillon  (20001584000016),2.685378283,42.685696389,2022-06-28T03:04,2022-06-28T15:20,44194.85,4.4,15.96,4.25,90,1015.5,21.8,0.18,29.0
2004,10906X0039/C2-1,BSS002MNYD,2022-06-29,103.81,Valeur mesurée,Syndicat Mixte pour la Protection et la Gestion des Nappes Souterraines de la Plaine du Roussillon  (20001584000016),2.685378283,42.685696389,2022-06-29T03:04,2022-06-29T15:21,44193.32,0.4,16.44,5.23,79,1015.3,22.1,0.18,28.8
2005,10906X0039/C2-1,BSS002MNYD,2022-06-30,103.82,Valeur mesurée,Syndicat Mixte pour la Protection et la Gestion des Nappes Souterraines de la Plaine du Roussillon  (20001584000016),2.685378283,42.685696389,2022-06-30T03:04,2022-06-30T15:21,44191.59,2.1,18.13,4.56,54,1015.5,24.7,0.179,28.6
2006,10906X0039/C2-1,BSS002MNYD,2022-07-01,103.83,Valeur mesurée,Syndicat Mixte pour la Protection et la Gestion des Nappes Souterraines de la Plaine du Roussillon  (20001584000016),2.685378283,42.685696389,2022-07-01T03:04,2022-07-01T15:21,44189.67,0.0,17.11,5.32,48,1015.9,22.2,0.178,28.5
2007,10906X0039/C2-1,BSS002MNYD,2022-07-02,103.78,Valeur mesurée,Syndicat Mixte pour la Protection et la Gestion des Nappes Souterraines de la Plaine du Roussillon  (20001584000016),2.685378283,42.685696389,2022-07-02T03:05,2022-07-02T15:21,44187.55,0.0,12.12,4.46,76,1015.5,22.2,0.178,28.3
2008,10906X0039/C2-1,BSS002MNYD,2022-07-03,103.72,Valeur mesurée,Syndicat Mixte pour la Protection et la Gestion des Nappes Souterraines de la Plaine du Roussillon  (20001584000016),2.685378283,42.685696389,2022-07-03T03:05,2022-07-03T15:21,44185.21,0.0,15.75,5.71,85,1015.9,26.6,0.176,28.3
2009,10906X0039/C2-1,BSS002MNYD,2022-07-04,103.69,Valeur mesurée,Syndicat Mixte pour la Protection et la Gestion des Nappes Souterraines de la Plaine du Roussillon  (20001584000016),2.685378283,42.685696389,2022-07-04T03:05,2022-07-04T15:21,44182.65,0.0,17.04,5.78,78,1015.6,24.3,0.176,28.4
2010,10906X0039/C2-1,BSS002MNYD,2022-07-05,103.68,Valeur mesurée,Syndicat Mixte pour la Protection et la Gestion des Nappes Souterraines de la Plaine du Roussillon  (20001584000016),2.685378283,42.685696389,2022-07-05T03:05,2022-07-05T15:21,44179.88,0.0,13.85,5.25,84,1014.4,23.8,0.176,28.4
2011,10906X0039/C2-1,BSS002MNYD,2022-07-06,103.68,Valeur mesurée,Syndicat Mixte pour la Protection et la Gestion des Nappes Souterraines de la Plaine du Roussillon  (20001584000016),2.685378283,42.685696389,2022-07-06T03:05,2022-07-06T15:22,44176.9,0.0,13.36,5.25,97,1014.3,26.2,0.176,28.4
2012,10906X0039/C2-1,BSS002MNYD,2022-07-07,103.66,Valeur mesurée,Syndicat Mixte pour la Protection et la Gestion des Nappes Souterraines de la Plaine du Roussillon  (20001584000016),2.685378283,42.685696389,2022-07-07T03:06,2022-07-07T15:22,44173.72,0.3,12.14,5.06,93,1015.5,26.9,0.176,28.4
2013,10906X0039/C2-1,BSS002MNYD,2022-07-08,103.65,Valeur mesurée,Syndicat Mixte pour la Protection et la Gestion des Nappes Souterraines de la Plaine du Roussillon  (20001584000016),2.685378283,42.685696389,2022-07-08T03:06,2022-07-08T15:22,44170.34,0.0,16.03,5.97,74,1016.4,26.8,0.176,28.5
2014,10906X0039/C2-1,BSS002MNYD,2022-07-09,103.64,Valeur mesurée,Syndicat Mixte pour la Protection et la Gestion des Nappes Souterraines de la Plaine du Roussillon  (20001584000016),2.685378283,42.685696389,2022-07-09T03:06,2022-07-09T15:22,44166.78,0.0,15.75,6.03,89,1015.5,27.0,0.175,28.4
2015,10906X0039/C2-1,BSS002MNYD,2022-07-10,103.62,Valeur mesurée,Syndicat Mixte pour la Protection et la Gestion des Nappes Souterraines de la Plaine du Roussillon  (20001584000016),2.685378283,42.685696389,2022-07-10T03:06,2022-07-10T15:22,44163.03,1.0,13.62,4.83,90,1014.8,25.7,0.175,28.3
2016,10906X0039/C2-1,BSS002MNYD,2022-07-11,103.59,Valeur mesurée,Syndicat Mixte pour la Protection et la Gestion des Nappes Souterraines de la Plaine du Roussillon  (20001584000016),2.685378283,42.685696389,2022-07-11T03:06,2022-07-11T15:22,44159.1,0.8,12.1,4.34,86,1015.4,22.8,0.176,28.1
2017,10906X0039/C2-1,BSS002MNYD,2022-07-12,103.59,Valeur mesurée,Syndicat Mixte pour la Protection et la Gestion des Nappes Souterraines de la Plaine du Roussillon  (20001584000016),2.685378283,42.685696389,2022-07-12T03:06,2022-07-12T15:22,44155.0,0.5,18.53,5.81,89,1016.4,22.1,0.175,28.1
2018,10906X0039/C2-1,BSS002MNYD,2022-07-13,103.58,Valeur mesurée,Syndicat Mixte pour la Protection et la Gestion des Nappes Souterraines de la Plaine du Roussillon  (20001584000016),2.685378283,42.685696389,2022-07-13T03:07,2022-07-13T15:22,44150.73,0.2,17.79,6.3,100,1014.6,24.5,0.175,28.2
2019,10906X0039/C2-1,BSS002MNYD,2022-07-14,103.59,Valeur mesurée,Syndicat Mixte pour la Protection et la Gestion des Nappes Souterraines de la Plaine du Roussillon  (20001584000016),2.685378283,42.685696389,2022-07-14T03:07,2022-07-14T15:23,44146.3,3.7,15.76,4.32,99,1013.5,23.4,0.175,28.3
2020,10906X0039/C2-1,BSS002MNYD,2022-07-15,103.59,Valeur mesurée,Syndicat Mixte pour la Protection et la Gestion des Nappes Souterraines de la Plaine du Roussillon  (20001584000016),2.685378283,42.685696389,2022-07-15T03:07,2022-07-15T15:23,44141.72,3.6,15.97,4.09,82,1014.3,23.5,0.179,28.0
2021,10906X0039/C2-1,BSS002MNYD,2022-07-16,103.56,Valeur mesurée,Syndicat Mixte pour la Protection et la Gestion des Nappes Souterraines de la Plaine du Roussillon  (20001584000016),2.685378283,42.685696389,2022-07-16T03:07,2022-07-16T15:23,44136.99,0.9,15.51,4.39,91,1015.2,22.3,0.179,27.7
2022,10906X0039/C2-1,BSS002MNYD,2022-07-17,103.53,Valeur mesurée,Syndicat Mixte pour la Protection et la Gestion des Nappes Souterraines de la Plaine du Roussillon  (20001584000016),2.685378283,42.685696389,2022-07-17T03:07,2022-07-17T15:23,44132.11,0.2,16.65,5.3,82,1015.3,24.4,0.178,27.7
2023,10906X0039/C2-1,BSS002MNYD,2022-07-18,103.52,Valeur mesurée,Syndicat Mixte pour la Protection et la Gestion des Nappes Souterraines de la Plaine du Roussillon  (20001584000016),2.685378283,42.685696389,2022-07-18T03:07,2022-07-18T15:23,44127.09,0.3,14.82,4.51,72,1015.4,23.4,0.177,27.6
2024,10906X0039/C2-1,BSS002MNYD,2022-07-19,103.55,Valeur mesurée,Syndicat Mixte pour la Protection et la Gestion des Nappes Souterraines de la Plaine du Roussillon  (20001584000016),2.685378283,42.685696389,2022-07-19T03:07,2022-07-19T15:23,44121.94,0.2,18.41,5.78,74,1015.6,23.3,0.176,27.6
2025,10906X0039/C2-1,BSS002MNYD,2022-07-20,103.58,Valeur mesurée,Syndicat Mixte pour la Protection et la Gestion des Nappes Souterraines de la Plaine du Roussillon  (20001584000016),2.685378283,42.685696389,2022-07-20T03:08,2022-07-20T15:23,44116.66,0.0,16.47,5.6,74,1015.2,23.7,0.174,27.6
2026,10906X0039/C2-1,BSS002MNYD,2022-07-21,103.58,Valeur mesurée,Syndicat Mixte pour la Protection et la Gestion des Nappes Souterraines de la Plaine du Roussillon  (20001584000016),2.685378283,42.685696389,2022-07-21T03:08,2022-07-21T15:23,44111.26,0.0,15.73,5.17,55,1014.3,23.2,0.173,27.6
2027,10906X0039/C2-1,BSS002MNYD,2022-07-22,103.56,Valeur mesurée,Syndicat Mixte pour la Protection et la Gestion des Nappes Souterraines de la Plaine du Roussillon  (20001584000016),2.685378283,42.685696389,2022-07-22T03:08,2022-07-22T15:23,44105.74,0.1,12.2,4.51,85,1014.8,24.1,0.172,27.6
2028,10906X0039/C2-1,BSS002MNYD,2022-07-23,103.55,Valeur mesurée,Syndicat Mixte pour la Protection et la Gestion des Nappes Souterraines de la Plaine du Roussillon  (20001584000016),2.685378283,42.685696389,2022-07-23T03:08,2022-07-23T15:23,44100.04,0.0,21.09,6.3,74,1014.4,22.2,0.171,27.8
2029,10906X0039/C2-1,BSS002MNYD,2022-07-24,103.52,Valeur mesurée,Syndicat Mixte pour la Protection et la Gestion des Nappes Souterraines de la Plaine du Roussillon  (20001584000016),2.685378283,42.685696389,2022-07-24T03:08,2022-07-24T15:23,44094.17,0.0,17.04,6.1,94,1013.7,24.4,0.17,27.9
2030,10906X0039/C2-1,BSS002MNYD,2022-07-25,103.5,Valeur mesurée,Syndicat Mixte pour la Protection et la Gestion des Nappes Souterraines de la Plaine du Roussillon  (20001584000016),2.685378283,42.685696389,2022-07-25T03:08,2022-07-25T15:23,44088.14,0.0,20.83,6.83,43,1014.2,24.6,0.17,28.0
2031,10906X0039/C2-1,BSS002MNYD,2022-07-26,103.52,Valeur mesurée,Syndicat Mixte pour la Protection et la Gestion des Nappes Souterraines de la Plaine du Roussillon  (20001584000016),2.685378283,42.685696389,2022-07-26T03:08,2022-07-26T15:23,44081.94,0.0,20.61,6.35,49,1013.8,24.2,0.17,28.0
2032,10906X0039/C2-1,BSS002MNYD,2022-07-27,103.54,Valeur mesurée,Syndicat Mixte pour la Protection et la Gestion des Nappes Souterraines de la Plaine du Roussillon  (20001584000016),2.685378283,42.685696389,2022-07-27T03:08,2022-07-27T15:23,44075.6,0.0,18.36,6.14,63,1012.9,21.5,0.169,28.1
2033,10906X0039/C2-1,BSS002MNYD,2022-07-28,103.56,Valeur mesurée,Syndicat Mixte pour la Protection et la Gestion des Nappes Souterraines de la Plaine du Roussillon  (20001584000016),2.685378283,42.685696389,2022-07-28T03:08,2022-07-28T15:22,44069.12,0.0,19.1,6.41,69,1013.3,21.5,0.169,28.2
2034,10906X0039/C2-1,BSS002MNYD,2022-07-29,103.58,Valeur mesurée,Syndicat Mixte pour la Protection et la Gestion des Nappes Souterraines de la Plaine du Roussillon  (20001584000016),2.685378283,42.685696389,2022-07-29T03:08,2022-07-29T15:22,44062.5,0.0,22.15,6.92,55,1014.1,20.9,0.169,28.3
2035,10906X0039/C2-1,BSS002MNYD,2022-07-30,103.58,Valeur mesurée,Syndicat Mixte pour la Protection et la Gestion des Nappes Souterraines de la Plaine du Roussillon  (20001584000016),2.685378283,42.685696389,2022-07-30T03:08,2022-07-30T15:22,44055.76,0.0,20.15,6.3,71,1014.2,22.3,0.168,28.5
2036,10906X0039/C2-1,BSS002MNYD,2022-07-31,103.55,Valeur mesurée,Syndicat Mixte pour la Protection et la Gestion des Nappes Souterraines de la Plaine du Roussillon  (20001584000016),2.685378283,42.685696389,2022-07-31T03:08,2022-07-31T15:22,44048.91,0.6,18.04,5.71,69,1014.0,21.3,0.168,28.6
2037,10906X0039/C2-1,BSS002MNYD,2022-08-01,103.54,Valeur mesurée,Syndicat Mixte pour la Protection et la Gestion des Nappes Souterraines de la Plaine du Roussillon  (20001584000016),2.685378283,42.685696389,2022-08-01T03:08,2022-08-01T15:22,44041.94,0.0,20.83,6.93,52,1014.4,24.9,0.168,28.7
2038,10906X0039/C2-1,BSS002MNYD,2022-08-02,103.53,Valeur mesurée,Syndicat Mixte pour la Protection et la Gestion des Nappes Souterraines de la Plaine du Roussillon  (20001584000016),2.685378283,42.685696389,2022-08-02T03:08,2022-08-02T15:22,44034.88,0.0,17.29,6.01,53,1014.8,24.1,0.169,28.6
2039,10906X0039/C2-1,BSS002MNYD,2022-08-03,103.52,Valeur mesurée,Syndicat Mixte pour la Protection et la Gestion des Nappes Souterraines de la Plaine du Roussillon  (20001584000016),2.685378283,42.685696389,2022-08-03T03:08,2022-08-03T15:22,44027.72,0.0,16.67,5.62,72,1014.2,24.3,0.17,28.5
2040,10906X0039/C2-1,BSS002MNYD,2022-08-04,103.49,Valeur mesurée,Syndicat Mixte pour la Protection et la Gestion des Nappes Souterraines de la Plaine du Roussillon  (20001584000016),2.685378283,42.685696389,2022-08-04T03:08,2022-08-04T15:22,44020.47,0.3,15.35,5.6,80,1014.8,23.1,0.169,28.6
2041,10906X0039/C2-1,BSS002MNYD,2022-08-05,103.49,Valeur mesurée,Syndicat Mixte pour la Protection et la Gestion des Nappes Souterraines de la Plaine du Roussillon  (20001584000016),2.685378283,42.685696389,2022-08-05T03:08,2022-08-05T15:22,44013.15,0.0,19.48,6.66,64,1014.7,24.3,0.168,28.6
2042,10906X0039/C2-1,BSS002MNYD,2022-08-06,103.49,Valeur mesurée,Syndicat Mixte pour la Protection et la Gestion des Nappes Souterraines de la Plaine du Roussillon  (20001584000016),2.685378283,42.685696389,2022-08-06T03:08,2022-08-06T15:21,44005.75,0.0,21.18,7.01,61,1013.6,23.9,0.168,28.8
2043,10906X0039/C2-1,BSS002MNYD,2022-08-07,103.46,Valeur mesurée,Syndicat Mixte pour la Protection et la Gestion des Nappes Souterraines de la Plaine du Roussillon  (20001584000016),2.685378283,42.685696389,2022-08-07T03:08,2022-08-07T15:21,43998.29,0.1,15.16,6.07,79,1013.4,25.8,0.167,28.6
2044,10906X0039/C2-1,BSS002MNYD,2022-08-08,103.42,Valeur mesurée,Syndicat Mixte pour la Protection et la Gestion des Nappes Souterraines de la Plaine du Roussillon  (20001584000016),2.685378283,42.685696389,2022-08-08T03:08,2022-08-08T15:21,43990.78,0.0,18.0,6.53,62,1013.7,24.6,0.167,28.7
2045,10906X0039/C2-1,BSS002MNYD,2022-08-09,103.4,Valeur mesurée,Syndicat Mixte pour la Protection et la Gestion des Nappes Souterraines de la Plaine du Roussillon  (20001584000016),2.685378283,42.685696389,2022-08-09T03:08,2022-08-09T15:21,43983.21,0.0,21.33,7.2,81,1013.5,24.6,0.167,28.8
2046,10906X0039/C2-1,BSS002MNYD,2022-08-10,103.39,Valeur mesurée,Syndicat Mixte pour la Protection et la Gestion des Nappes Souterraines de la Plaine du Roussillon  (20001584000016),2.685378283,42.685696389,2022-08-10T03:08,2022-08-10T15:21,43975.59,3.6,14.16,4.36,99,1013.7,22.4,0.168,28.7
2047,10906X0039/C2-1,BSS002MNYD,2022-08-11,103.38,Valeur mesurée,Syndicat Mixte pour la Protection et la Gestion des Nappes Souterraines de la Plaine du Roussillon  (20001584000016),2.685378283,42.685696389,2022-08-11T03:08,2022-08-11T15:20,43967.93,0.9,15.57,5.28,90,1014.0,24.5,0.168,28.5
2048,10906X0039/C2-1,BSS002MNYD,2022-08-12,103.38,Valeur mesurée,Syndicat Mixte pour la Protection et la Gestion des Nappes Souterraines de la Plaine du Roussillon  (20001584000016),2.685378283,42.685696389,2022-08-12T03:07,2022-08-12T15:20,43960.16,0.0,14.2,5.23,83,1013.8,22.5,0.168,28.3
2049,10906X0039/C2-1,BSS002MNYD,2022-08-13,103.37,Valeur mesurée,Syndicat Mixte pour la Protection et la Gestion des Nappes Souterraines de la Plaine du Roussillon  (20001584000016),2.685378283,42.685696389,2022-08-13T03:07,2022-08-13T15:20,43952.28,0.0,17.18,6.12,96,1012.9,23.3,0.167,28.4
2050,10906X0039/C2-1,BSS002MNYD,2022-08-14,103.35,Valeur mesurée,Syndicat Mixte pour la Protection et la Gestion des Nappes Souterraines de la Plaine du Roussillon  (20001584000016),2.685378283,42.685696389,2022-08-14T03:07,2022-08-14T15:20,43944.3,0.2,15.61,5.53,92,1012.3,23.9,0.166,28.5
2051,10906X0039/C2-1,BSS002MNYD,2022-08-15,103.32,Valeur mesurée,Syndicat Mixte pour la Protection et la Gestion des Nappes Souterraines de la Plaine du Roussillon  (20001584000016),2.685378283,42.685696389,2022-08-15T03:07,2022-08-15T15:19,43936.23,0.5,19.19,5.74,99,1012.4,19.9,0.166,28.7
2052,10906X0039/C2-1,BSS002MNYD,2022-08-16,103.31,Valeur mesurée,Syndicat Mixte pour la Protection et la Gestion des Nappes Souterraines de la Plaine du Roussillon  (20001584000016),2.685378283,42.685696389,2022-08-16T03:07,2022-08-16T15:19,43928.07,0.0,20.06,6.68,70,1012.5,23.1,0.165,28.8
2053,10906X0039/C2-1,BSS002MNYD,2022-08-17,103.31,Valeur mesurée,Syndicat Mixte pour la Protection et la Gestion des Nappes Souterraines de la Plaine du Roussillon  (20001584000016),2.685378283,42.685696389,2022-08-17T03:07,2022-08-17T15:19,43919.84,1.1,20.22,6.02,72,1012.9,24.0,0.165,28.9
2054,10906X0039/C2-1,BSS002MNYD,2022-08-18,103.3,Valeur mesurée,Syndicat Mixte pour la Protection et la Gestion des Nappes Souterraines de la Plaine du Roussillon  (20001584000016),2.685378283,42.685696389,2022-08-18T03:07,2022-08-18T15:19,43911.53,0.0,23.44,6.95,66,1012.9,20.2,0.165,29.0
2055,10906X0039/C2-1,BSS002MNYD,2022-08-19,103.32,Valeur mesurée,Syndicat Mixte pour la Protection et la Gestion des Nappes Souterraines de la Plaine du Roussillon  (20001584000016),2.685378283,42.685696389,2022-08-19T03:07,2022-08-19T15:18,43903.16,0.0,23.66,6.73,85,1013.0,20.7,0.164,29.2
2056,10906X0039/C2-1,BSS002MNYD,2022-08-20,103.34,Valeur mesurée,Syndicat Mixte pour la Protection et la Gestion des Nappes Souterraines de la Plaine du Roussillon  (20001584000016),2.685378283,42.685696389,2022-08-20T03:06,2022-08-20T15:18,43894.74,0.1,20.56,6.04,78,1013.5,18.6,0.164,29.2
2057,10906X0039/C2-1,BSS002MNYD,2022-08-21,103.33,Valeur mesurée,Syndicat Mixte pour la Protection et la Gestion des Nappes Souterraines de la Plaine du Roussillon  (20001584000016),2.685378283,42.685696389,2022-08-21T03:06,2022-08-21T15:18,43886.26,0.1,17.45,5.91,68,1013.5,22.4,0.164,29.3
2058,10906X0039/C2-1,BSS002MNYD,2022-08-22,103.35,Valeur mesurée,Syndicat Mixte pour la Protection et la Gestion des Nappes Souterraines de la Plaine du Roussillon  (20001584000016),2.685378283,42.685696389,2022-08-22T03:06,2022-08-22T15:17,43877.74,0.3,20.48,6.69,68,1013.9,24.8,0.164,29.2
2059,10906X0039/C2-1,BSS002MNYD,2022-08-23,103.38,Valeur mesurée,Syndicat Mixte pour la Protection et la Gestion des Nappes Souterraines de la Plaine du Roussillon  (20001584000016),2.685378283,42.685696389,2022-08-23T03:06,2022-08-23T15:17,43869.19,0.0,19.57,6.95,78,1014.5,25.7,0.164,29.1
2060,10906X0039/C2-1,BSS002MNYD,2022-08-24,103.38,Valeur mesurée,Syndicat Mixte pour la Protection et la Gestion des Nappes Souterraines de la Plaine du Roussillon  (20001584000016),2.685378283,42.685696389,2022-08-24T03:06,2022-08-24T15:17,43860.62,2.2,13.4,4.2,98,1015.5,22.9,0.164,28.9
2061,10906X0039/C2-1,BSS002MNYD,2022-08-25,103.4,Valeur mesurée,Syndicat Mixte pour la Protection et la Gestion des Nappes Souterraines de la Plaine du Roussillon  (20001584000016),2.685378283,42.685696389,2022-08-25T03:05,2022-08-25T15:16,43852.01,0.3,20.16,6.33,52,1014.0,23.2,0.164,28.9
2062,10906X0039/C2-1,BSS002MNYD,2022-08-26,103.4,Valeur mesurée,Syndicat Mixte pour la Protection et la Gestion des Nappes Souterraines de la Plaine du Roussillon  (20001584000016),2.685378283,42.685696389,2022-08-26T03:05,2022-08-26T15:16,43843.4,0.0,16.01,5.7,78,1013.2,23.6,0.163,28.9
2063,10906X0039/C2-1,BSS002MNYD,2022-08-27,103.4,Valeur mesurée,Syndicat Mixte pour la Protection et la Gestion des Nappes Souterraines de la Plaine du Roussillon  (20001584000016),2.685378283,42.685696389,2022-08-27T03:05,2022-08-27T15:16,43834.77,0.3,22.41,6.62,60,1013.5,21.8,0.163,29.0
2064,10906X0039/C2-1,BSS002MNYD,2022-08-28,103.38,Valeur mesurée,Syndicat Mixte pour la Protection et la Gestion des Nappes Souterraines de la Plaine du Roussillon  (20001584000016),2.685378283,42.685696389,2022-08-28T03:05,2022-08-28T15:15,43826.14,0.0,19.4,6.11,44,1013.1,20.1,0.164,28.9
2065,10906X0039/C2-1,BSS002MNYD,2022-08-29,103.35,Valeur mesurée,Syndicat Mixte pour la Protection et la Gestion des Nappes Souterraines de la Plaine du Roussillon  (20001584000016),2.685378283,42.685696389,2022-08-29T03:05,2022-08-29T15:15,43817.52,0.0,19.8,6.34,57,1013.3,22.2,0.164,29.0
2066,10906X0039/C2-1,BSS002MNYD,2022-08-30,103.39,Valeur mesurée,Syndicat Mixte pour la Protection et la Gestion des Nappes Souterraines de la Plaine du Roussillon  (20001584000016),2.685378283,42.685696389,2022-08-30T03:04,2022-08-30T15:15,43808.9,0.0,23.64,6.77,37,1013.3,21.4,0.164,29.1
2067,10906X0039/C2-1,BSS002MNYD,2022-08-31,103.4,Valeur mesurée,Syndicat Mixte pour la Protection et la Gestion des Nappes Souterraines de la Plaine du Roussillon  (20001584000016),2.685378283,42.685696389,2022-08-31T03:04,2022-08-31T15:14,43800.29,0.0,23.16,7.11,81,1013.8,23.2,0.164,29.2
2068,10906X0039/C2-1,BSS002MNYD,2022-09-01,103.37,Valeur mesurée,Syndicat Mixte pour la Protection et la Gestion des Nappes Souterraines de la Plaine du Roussillon  (20001584000016),2.685378283,42.685696389,2022-09-01T03:04,2022-09-01T15:14,43791.63,0.0,23.39,7.44,56,1013.7,22.2,0.164,29.3
2069,10906X0039/C2-1,BSS002MNYD,2022-09-02,103.37,Valeur mesurée,Syndicat Mixte pour la Protection et la Gestion des Nappes Souterraines de la Plaine du Roussillon  (20001584000016),2.685378283,42.685696389,2022-09-02T03:04,2022-09-02T15:13,43782.9,0.0,22.98,7.54,98,1013.7,24.5,0.163,29.4
2070,10906X0039/C2-1,BSS002MNYD,2022-09-03,103.33,Valeur mesurée,Syndicat Mixte pour la Protection et la Gestion des Nappes Souterraines de la Plaine du Roussillon  (20001584000016),2.685378283,42.685696389,2022-09-03T03:03,2022-09-03T15:13,43774.13,0.0,15.21,6.24,94,1014.7,25.0,0.163,29.3
2071,10906X0039/C2-1,BSS002MNYD,2022-09-04,103.3,Valeur mesurée,Syndicat Mixte pour la Protection et la Gestion des Nappes Souterraines de la Plaine du Roussillon  (20001584000016),2.685378283,42.685696389,2022-09-04T03:03,2022-09-04T15:13,43765.31,0.0,23.19,7.22,58,1014.8,22.0,0.163,29.4
2072,10906X0039/C2-1,BSS002MNYD,2022-09-05,103.28,Valeur mesurée,Syndicat Mixte pour la Protection et la Gestion des Nappes Souterraines de la Plaine du Roussillon  (20001584000016),2.685378283,42.685696389,2022-09-05T03:03,2022-09-05T15:12,43756.45,0.0,20.82,7.01,47,1014.2,22.9,0.163,29.5
2073,10906X0039/C2-1,BSS002MNYD,2022-09-06,103.26,Valeur mesurée,Syndicat Mixte pour la Protection et la Gestion des Nappes Souterraines de la Plaine du Roussillon  (20001584000016),2.685378283,42.685696389,2022-09-06T03:03,2022-09-06T15:12,43747.56,0.0,19.09,6.6,42,1013.8,23.7,0.163,29.5
2074,10906X0039/C2-1,BSS002MNYD,2022-09-07,103.23,Valeur mesurée,Syndicat Mixte pour la Protection et la Gestion des Nappes Souterraines de la Plaine du Roussillon  (20001584000016),2.685378283,42.685696389,2022-09-07T03:02,2022-09-07T15:11,43738.64,0.0,20.56,7.36,71,1013.6,24.5,0.163,29.5
2075,10906X0039/C2-1,BSS002MNYD,2022-09-08,103.21,Valeur mesurée,Syndicat Mixte pour la Protection et la Gestion des Nappes Souterraines de la Plaine du Roussillon  (20001584000016),2.685378283,42.685696389,2022-09-08T03:02,2022-09-08T15:11,43729.71,0.0,21.63,7.54,39,1013.3,22.5,0.163,29.6
2076,10906X0039/C2-1,BSS002MNYD,2022-09-09,103.18,Valeur mesurée,Syndicat Mixte pour la Protection et la Gestion des Nappes Souterraines de la Plaine du Roussillon  (20001584000016),2.685378283,42.685696389,2022-09-09T03:02,2022-09-09T15:10,43720.75,0.0,22.77,7.65,58,1013.1,23.9,0.162,29.7
2077,10906X0039/C2-1,BSS002MNYD,2022-09-10,103.16,Valeur mesurée,Syndicat Mixte pour la Protection et la Gestion des Nappes Souterraines de la Plaine du Roussillon  (20001584000016),2.685378283,42.685696389,2022-09-10T03:01,2022-09-10T15:10,43711.8,0.1,24.85,7.22,90,1013.9,23.3,0.162,29.8
2078,10906X0039/C2-1,BSS002MNYD,2022-09-11,103.13,Valeur mesurée,Syndicat Mixte pour la Protection et la Gestion des Nappes Souterraines de la Plaine du Roussillon  (20001584000016),2.685378283,42.685696389,2022-09-11T03:01,2022-09-11T15:10,43702.83,0.0,19.02,6.18,95,1013.4,20.6,0.163,29.8
2079,10906X0039/C2-1,BSS002MNYD,2022-09-12,103.1,Valeur mesurée,Syndicat Mixte pour la Protection et la Gestion des Nappes Souterraines de la Plaine du Roussillon  (20001584000016),2.685378283,42.685696389,2022-09-12T03:01,2022-09-12T15:09,43693.88,0.0,24.65,7.65,89,1012.0,21.3,0.164,29.9
2080,10906X0039/C2-1,BSS002MNYD,2022-09-13,103.08,Valeur mesurée,Syndicat Mixte pour la Protection et la Gestion des Nappes Souterraines de la Plaine du Roussillon  (20001584000016),2.685378283,42.685696389,2022-09-13T03:01,2022-09-13T15:09,43684.93,0.0,22.4,7.54,97,1012.6,24.6,0.165,30.0
2081,10906X0039/C2-1,BSS002MNYD,2022-09-14,103.08,Valeur mesurée,Syndicat Mixte pour la Protection et la Gestion des Nappes Souterraines de la Plaine du Roussillon  (20001584000016),2.685378283,42.685696389,2022-09-14T03:00,2022-09-14T15:08,43676.0,0.2,22.37,7.25,93,1014.3,23.6,0.164,30.0
2082,10906X0039/C2-1,BSS002MNYD,2022-09-15,103.09,Valeur mesurée,Syndicat Mixte pour la Protection et la Gestion des Nappes Souterraines de la Plaine du Roussillon  (20001584000016),2.685378283,42.685696389,2022-09-15T03:00,2022-09-15T15:08,43667.09,0.1,22.11,6.82,92,1015.2,22.6,0.164,30.0
2083,10906X0039/C2-1,BSS002MNYD,2022-09-16,103.12,Valeur mesurée,Syndicat Mixte pour la Protection et la Gestion des Nappes Souterraines de la Plaine du Roussillon  (20001584000016),2.685378283,42.685696389,2022-09-16T03:00,2022-09-16T15:07,43658.21,0.5,19.29,5.67,70,1014.5,21.8,0.164,29.9
2084,10906X0039/C2-1,BSS002MNYD,2022-09-17,103.11,Valeur mesurée,Syndicat Mixte pour la Protection et la Gestion des Nappes Souterraines de la Plaine du Roussillon  (20001584000016),2.685378283,42.685696389,2022-09-17T02:59,2022-09-17T15:07,43649.36,0.0,20.37,6.54,39,1012.9,19.7,0.165,29.9
2085,10906X0039/C2-1,BSS002MNYD,2022-09-18,103.09,Valeur mesurée,Syndicat Mixte pour la Protection et la Gestion des Nappes Souterraines de la Plaine du Roussillon  (20001584000016),2.685378283,42.685696389,2022-09-18T02:59,2022-09-18T15:07,43640.55,0.0,25.69,7.54,20,1012.7,21.4,0.163,30.1
2086,10906X0039/C2-1,BSS002MNYD,2022-09-19,103.07,Valeur mesurée,Syndicat Mixte pour la Protection et la Gestion des Nappes Souterraines de la Plaine du Roussillon  (20001584000016),2.685378283,42.685696389,2022-09-19T02:59,2022-09-19T15:06,43631.78,0.0,24.74,7.23,69,1013.5,21.5,0.161,30.3
2087,10906X0039/C2-1,BSS002MNYD,2022-09-20,103.07,Valeur mesurée,Syndicat Mixte pour la Protection et la Gestion des Nappes Souterraines de la Plaine du Roussillon  (20001584000016),2.685378283,42.685696389,2022-09-20T02:59,2022-09-20T15:06,43623.04,0.6,19.78,5.97,81,1013.2,18.4,0.16,30.3
2088,10906X0039/C2-1,BSS002MNYD,2022-09-21,103.06,Valeur mesurée,Syndicat Mixte pour la Protection et la Gestion des Nappes Souterraines de la Plaine du Roussillon  (20001584000016),2.685378283,42.685696389,2022-09-21T02:58,2022-09-21T15:05,43614.28,0.0,18.31,5.45,38,1012.0,18.0,0.16,30.3
2089,10906X0039/C2-1,BSS002MNYD,2022-09-22,103.04,Valeur mesurée,Syndicat Mixte pour la Protection et la Gestion des Nappes Souterraines de la Plaine du Roussillon  (20001584000016),2.685378283,42.685696389,2022-09-22T02:58,2022-09-22T15:05,43605.5,1.8,17.18,4.62,81,1012.9,20.7,0.161,30.0
2090,10906X0039/C2-1,BSS002MNYD,2022-09-23,102.89,Valeur mesurée,Syndicat Mixte pour la Protection et la Gestion des Nappes Souterraines de la Plaine du Roussillon  (20001584000016),2.685378283,42.685696389,2022-09-23T02:58,2022-09-23T15:05,43596.69,0.0,22.86,6.39,63,1013.0,17.7,0.159,30.0
2091,10906X0039/C2-1,BSS002MNYD,2022-09-24,102.89,Valeur mesurée,Syndicat Mixte pour la Protection et la Gestion des Nappes Souterraines de la Plaine du Roussillon  (20001584000016),2.685378283,42.685696389,2022-09-24T02:58,2022-09-24T15:04,43587.87,0.0,22.03,6.54,56,1012.3,19.3,0.156,30.1
2092,10906X0039/C2-1,BSS002MNYD,2022-09-25,102.86,Valeur mesurée,Syndicat Mixte pour la Protection et la Gestion des Nappes Souterraines de la Plaine du Roussillon  (20001584000016),2.685378283,42.685696389,2022-09-25T02:57,2022-09-25T15:04,43579.05,2.7,20.5,6.17,77,1012.3,19.8,0.156,30.1
2093,10906X0039/C2-1,BSS002MNYD,2022-09-26,102.95,Valeur mesurée,Syndicat Mixte pour la Protection et la Gestion des Nappes Souterraines de la Plaine du Roussillon  (20001584000016),2.685378283,42.685696389,2022-09-26T02:57,2022-09-26T15:03,43570.22,1.0,20.47,5.86,52,1013.4,18.7,0.156,30.1
2094,10906X0039/C2-1,BSS002MNYD,2022-09-27,102.97,Valeur mesurée,Syndicat Mixte pour la Protection et la Gestion des Nappes Souterraines de la Plaine du Roussillon  (20001584000016),2.685378283,42.685696389,2022-09-27T02:57,2022-09-27T15:03,43561.4,0.5,23.01,6.39,56,1013.3,18.9,0.155,30.3
2095,10906X0039/C2-1,BSS002MNYD,2022-09-28,102.95,Valeur mesurée,Syndicat Mixte pour la Protection et la Gestion des Nappes Souterraines de la Plaine du Roussillon  (20001584000016),2.685378283,42.685696389,2022-09-28T02:57,2022-09-28T15:02,43552.58,0.1,22.76,6.66,46,1012.5,20.5,0.154,30.4
2096,10906X0039/C2-1,BSS002MNYD,2022-09-29,102.92,Valeur mesurée,Syndicat Mixte pour la Protection et la Gestion des Nappes Souterraines de la Plaine du Roussillon  (20001584000016),2.685378283,42.685696389,2022-09-29T02:56,2022-09-29T15:02,43543.78,0.0,21.39,6.78,73,1012.6,22.6,0.154,30.3
2097,10906X0039/C2-1,BSS002MNYD,2022-09-30,102.9,Valeur mesurée,Syndicat Mixte pour la Protection et la Gestion des Nappes Souterraines de la Plaine du Roussillon  (20001584000016),2.685378283,42.685696389,2022-09-30T02:56,2022-09-30T15:02,43535.0,0.0,23.54,7.05,37,1013.1,20.0,0.154,30.4
2098,10906X0039/C2-1,BSS002MNYD,2022-10-01,102.88,Valeur mesurée,Syndicat Mixte pour la Protection et la Gestion des Nappes Souterraines de la Plaine du Roussillon  (20001584000016),2.685378283,42.685696389,2022-10-01T02:56,2022-10-01T15:01,43526.25,0.0,25.52,7.48,12,1013.8,20.4,0.154,30.6
2099,10906X0039/C2-1,BSS002MNYD,2022-10-02,102.86,Valeur mesurée,Syndicat Mixte pour la Protection et la Gestion des Nappes Souterraines de la Plaine du Roussillon  (20001584000016),2.685378283,42.685696389,2022-10-02T02:55,2022-10-02T15:01,43517.53,0.0,25.15,7.7,69,1012.5,22.0,0.154,30.6
2100,10906X0039/C2-1,BSS002MNYD,2022-10-03,102.87,Valeur mesurée,Syndicat Mixte pour la Protection et la Gestion des Nappes Souterraines de la Plaine du Roussillon  (20001584000016),2.685378283,42.685696389,2022-10-03T02:55,2022-10-03T15:00,43508.85,0.0,24.8,7.62,78,1012.2,20.8,0.154,30.6
2101,10906X0039/C2-1,BSS002MNYD,2022-10-04,102.85,Valeur mesurée,Syndicat Mixte pour la Protection et la Gestion des Nappes Souterraines de la Plaine du Roussillon  (20001584000016),2.685378283,42.685696389,2022-10-04T02:55,2022-10-04T15:00,43500.21,0.0,21.86,6.6,64,1012.6,18.5,0.153,30.7
2102,10906X0039/C2-1,BSS002MNYD,2022-10-05,102.81,Valeur mesurée,Syndicat Mixte pour la Protection et la Gestion des Nappes Souterraines de la Plaine du Roussillon  (20001584000016),2.685378283,42.685696389,2022-10-05T02:55,2022-10-05T15:00,43491.62,1.1,21.72,6.13,46,1013.3,17.6,0.154,30.7
2103,10906X0039/C2-1,BSS002MNYD,2022-10-06,102.78,Valeur mesurée,Syndicat Mixte pour la Protection et la Gestion des Nappes Souterraines de la Plaine du Roussillon  (20001584000016),2.685378283,42.685696389,2022-10-06T02:54,2022-10-06T14:59,43483.1,0.4,21.89,6.04,68,1013.2,16.4,0.154,30.7
2104,10906X0039/C2-1,BSS002MNYD,2022-10-07,102.77,Valeur mesurée,Syndicat Mixte pour la Protection et la Gestion des Nappes Souterraines de la Plaine du Roussillon  (20001584000016),2.685378283,42.685696389,2022-10-07T02:54,2022-10-07T14:59,43474.62,0.7,18.93,5.81,72,1012.6,18.6,0.153,30.6
2105,10906X0039/C2-1,BSS002MNYD,2022-10-08,102.76,Valeur mesurée,Syndicat Mixte pour la Protection et la Gestion des Nappes Souterraines de la Plaine du Roussillon  (20001584000016),2.685378283,42.685696389,2022-10-08T02:54,2022-10-08T14:59,43466.22,0.1,23.31,6.51,49,1012.9,18.7,0.154,30.6
2106,10906X0039/C2-1,BSS002MNYD,2022-10-09,102.76,Valeur mesurée,Syndicat Mixte pour la Protection et la Gestion des Nappes Souterraines de la Plaine du Roussillon  (20001584000016),2.685378283,42.685696389,2022-10-09T02:54,2022-10-09T14:58,43457.89,0.0,23.54,6.71,35,1013.7,19.3,0.153,30.7
2107,10906X0039/C2-1,BSS002MNYD,2022-10-10,102.73,Valeur mesurée,Syndicat Mixte pour la Protection et la Gestion des Nappes Souterraines de la Plaine du Roussillon  (20001584000016),2.685378283,42.685696389,2022-10-10T02:54,2022-10-10T14:58,43449.62,0.0,23.96,6.92,39,1014.4,18.7,0.152,30.8
2108,10906X0039/C2-1,BSS002MNYD,2022-10-11,102.71,Valeur mesurée,Syndicat Mixte pour la Protection et la Gestion des Nappes Souterraines de la Plaine du Roussillon  (20001584000016),2.685378283,42.685696389,2022-10-11T02:54,2022-10-11T14:58,43441.36,0.3,18.04,5.88,51,1014.1,19.7,0.151,30.7
2109,10906X0039/C2-1,BSS002MNYD,2022-10-12,102.76,Valeur mesurée,Syndicat Mixte pour la Protection et la Gestion des Nappes Souterraines de la Plaine du Roussillon  (20001584000016),2.685378283,42.685696389,2022-10-12T02:53,2022-10-12T14:57,43433.1,0.0,21.35,6.28,33,1013.8,18.8,0.151,30.6
2110,10906X0039/C2-1,BSS002MNYD,2022-10-13,102.81,Valeur mesurée,Syndicat Mixte pour la Protection et la Gestion des Nappes Souterraines de la Plaine du Roussillon  (20001584000016),2.685378283,42.685696389,2022-10-13T02:53,2022-10-13T14:57,43424.85,0.3,18.52,5.54,47,1013.2,19.6,0.151,30.5
2111,10906X0039/C2-1,BSS002MNYD,2022-10-14,102.82,Valeur mesurée,Syndicat Mixte pour la Protection et la Gestion des Nappes Souterraines de la Plaine du Roussillon  (20001584000016),2.685378283,42.685696389,2022-10-14T02:53,2022-10-14T14:57,43416.6,0.0,16.85,5.08,68,1012.7,17.7,0.15,30.4
2112,10906X0039/C2-1,BSS002MNYD,2022-10-15,102.76,Valeur mesurée,Syndicat Mixte pour la Protection et la Gestion des Nappes Souterraines de la Plaine du Roussillon  (20001584000016),2.685378283,42.685696389,2022-10-15T02:53,2022-10-15T14:56,43408.37,1.7,21.73,5.84,80,1011.9,15.8,0.151,30.4
2113,10906X0039/C2-1,BSS002MNYD,2022-10-16,102.69,Valeur mesurée,Syndicat Mixte pour la Protection et la Gestion des Nappes Souterraines de la Plaine du Roussillon  (20001584000016),2.685378283,42.685696389,2022-10-16T02:53,2022-10-16T14:56,43400.17,0.0,20.79,5.71,78,1012.9,15.6,0.151,30.5
2114,10906X0039/C2-1,BSS002MNYD,2022-10-17,102.62,Valeur mesurée,Syndicat Mixte pour la Protection et la Gestion des Nappes Souterraines de la Plaine du Roussillon  (20001584000016),2.685378283,42.685696389,2022-10-17T02:53,2022-10-17T14:56,43392.01,1.6,17.94,4.93,93,1014.3,15.8,0.151,30.3
2115,10906X0039/C2-1,BSS002MNYD,2022-10-18,102.55,Valeur mesurée,Syndicat Mixte pour la Protection et la Gestion des Nappes Souterraines de la Plaine du Roussillon  (20001584000016),2.685378283,42.685696389,2022-10-18T02:52,2022-10-18T14:56,43383.88,6.1,17.0,4.32,87,1014.9,13.2,0.155,30.1
2116,10906X0039/C2-1,BSS002MNYD,2022-10-19,102.49,Valeur mesurée,Syndicat Mixte pour la Protection et la Gestion des Nappes Souterraines de la Plaine du Roussillon  (20001584000016),2.685378283,42.685696389,2022-10-19T02:52,2022-10-19T14:55,43375.79,5.6,15.5,3.98,54,1014.0,14.5,0.167,29.6
2117,10906X0039/C2-1,BSS002MNYD,2022-10-20,102.46,Valeur mesurée,Syndicat Mixte pour la Protection et la Gestion des Nappes Souterraines de la Plaine du Roussillon  (20001584000016),2.685378283,42.685696389,2022-10-20T02:52,2022-10-20T14:55,43367.75,0.0,23.38,5.94,38,1013.0,15.8,0.162,29.5
2118,10906X0039/C2-1,BSS002MNYD,2022-10-21,102.46,Valeur mesurée,Syndicat Mixte pour la Protection et la Gestion des Nappes Souterraines de la Plaine du Roussillon  (20001584000016),2.685378283,42.685696389,2022-10-21T02:52,2022-10-21T14:55,43359.78,2.1,17.32,4.41,86,1013.8,15.8,0.159,29.3
2119,10906X0039/C2-1,BSS002MNYD,2022-10-22,102.45,Valeur mesurée,Syndicat Mixte pour la Protection et la Gestion des Nappes Souterraines de la Plaine du Roussillon  (20001584000016),2.685378283,42.685696389,2022-10-22T02:52,2022-10-22T14:55,43351.87,0.4,17.98,4.6,63,1014.5,12.1,0.158,29.2
2120,10906X0039/C2-1,BSS002MNYD,2022-10-23,102.42,Valeur mesurée,Syndicat Mixte pour la Protection et la Gestion des Nappes Souterraines de la Plaine du Roussillon  (20001584000016),2.685378283,42.685696389,2022-10-23T02:52,2022-10-23T14:54,43344.02,0.4,20.88,5.09,45,1014.9,11.6,0.154,29.3
2121,10906X0039/C2-1,BSS002MNYD,2022-10-24,102.38,Valeur mesurée,Syndicat Mixte pour la Protection et la Gestion des Nappes Souterraines de la Plaine du Roussillon  (20001584000016),2.685378283,42.685696389,2022-10-24T02:52,2022-10-24T14:54,43336.26,0.3,23.32,5.6,20,1012.9,11.7,0.154,29.6
2122,10906X0039/C2-1,BSS002MNYD,2022-10-25,102.34,Valeur mesurée,Syndicat Mixte pour la Protection et la Gestion des Nappes Souterraines de la Plaine du Roussillon  (20001584000016),2.685378283,42.685696389,2022-10-25T02:52,2022-10-25T14:54,43328.58,0.0,17.71,4.56,48,1012.4,12.7,0.153,29.6
2123,10906X0039/C2-1,BSS002MNYD,2022-10-26,102.29,Valeur mesurée,Syndicat Mixte pour la Protection et la Gestion des Nappes Souterraines de la Plaine du Roussillon  (20001584000016),2.685378283,42.685696389,2022-10-26T02:52,2022-10-26T14:54,43320.99,0.1,15.34,4.34,70,1012.5,12.0,0.151,29.6
2124,10906X0039/C2-1,BSS002MNYD,2022-10-27,102.23,Valeur mesurée,Syndicat Mixte pour la Protection et la Gestion des Nappes Souterraines de la Plaine du Roussillon  (20001584000016),2.685378283,42.685696389,2022-10-27T02:52,2022-10-27T14:54,43313.49,9.9,13.58,3.25,73,1013.7,11.0,0.151,29.4
2125,10906X0039/C2-1,BSS002MNYD,2022-10-28,102.18,Valeur mesurée,Syndicat Mixte pour la Protection et la Gestion des Nappes Souterraines de la Plaine du Roussillon  (20001584000016),2.685378283,42.685696389,2022-10-28T02:52,2022-10-28T14:53,43306.11,2.9,15.84,3.27,72,1012.7,8.2,0.163,29.0
2126,10906X0039/C2-1,BSS002MNYD,2022-10-29,102.16,Valeur mesurée,Syndicat Mixte pour la Protection et la Gestion des Nappes Souterraines de la Plaine du Roussillon  (20001584000016),2.685378283,42.685696389,2022-10-29T02:52,2022-10-29T14:53,43298.83,14.6,12.65,2.86,94,1012.2,9.9,0.167,28.7
2127,10906X0039/C2-1,BSS002MNYD,2022-10-30,102.14,Valeur mesurée,Syndicat Mixte pour la Protection et la Gestion des Nappes Souterraines de la Plaine du Roussillon  (20001584000016),2.685378283,42.685696389,2022-10-30T02:52,2022-10-30T14:53,43291.66,5.9,11.34,2.44,92,1012.7,9.2,0.203,28.2
2128,10906X0039/C2-1,BSS002MNYD,2022-10-31,102.11,Valeur mesurée,Syndicat Mixte pour la Protection et la Gestion des Nappes Souterraines de la Plaine du Roussillon  (20001584000016),2.685378283,42.685696389,2022-10-31T02:52,2022-10-31T14:53,43284.53,0.8,19.74,4.13,40,1012.9,10.4,0.198,28.1
2129,10906X0039/C2-1,BSS002MNYD,2022-11-01,102.06,Valeur mesurée,Syndicat Mixte pour la Protection et la Gestion des Nappes Souterraines de la Plaine du Roussillon  (20001584000016),2.685378283,42.685696389,2022-11-01T02:52,2022-11-01T14:53,43277.44,1.6,16.28,3.52,60,1014.0,10.3,0.192,28.0
2130,10906X0039/C2-1,BSS002MNYD,2022-11-02,102.01,Valeur mesurée,Syndicat Mixte pour la Protection et la Gestion des Nappes Souterraines de la Plaine du Roussillon  (20001584000016),2.685378283,42.685696389,2022-11-02T02:52,2022-11-02T14:53,43270.4,2.2,17.0,3.74,54,1013.4,10.4,0.188,27.9
2131,10906X0039/C2-1,BSS002MNYD,2022-11-03,101.96,Valeur mesurée,Syndicat Mixte pour la Protection et la Gestion des Nappes Souterraines de la Plaine du Roussillon  (20001584000016),2.685378283,42.685696389,2022-11-03T02:52,2022-11-03T14:53,43263.4,0.3,20.69,4.46,28,1012.8,10.7,0.185,28.0
2132,10906X0039/C2-1,BSS002MNYD,2022-11-04,101.91,Valeur mesurée,Syndicat Mixte pour la Protection et la Gestion des Nappes Souterraines de la Plaine du Roussillon  (20001584000016),2.685378283,42.685696389,2022-11-04T02:52,2022-11-04T14:53,43256.46,1.3,17.91,3.81,32,1012.6,9.8,0.184,27.9
2133,10906X0039/C2-1,BSS002MNYD,2022-11-05,101.86,Valeur mesurée,Syndicat Mixte pour la Protection et la Gestion des Nappes Souterraines de la Plaine du Roussillon  (20001584000016),2.685378283,42.685696389,2022-11-05T02:52,2022-11-05T14:53,43249.58,0.8,19.49,4.33,52,1013.1,12.0,0.181,27.8
2134,10906X0039/C2-1,BSS002MNYD,2022-11-06,101.82,Valeur mesurée,Syndicat Mixte pour la Protection et la Gestion des Nappes Souterraines de la Plaine du Roussillon  (20001584000016),2.685378283,42.685696389,2022-11-06T02:52,2022-11-06T14:53,43242.78,0.7,19.8,4.53,71,1013.6,12.1,0.176,27.8
2135,10906X0039/C2-1,BSS002MNYD,2022-11-07,101.78,Valeur mesurée,Syndicat Mixte pour la Protection et la Gestion des Nappes Souterraines de la Plaine du Roussillon  (20001584000016),2.685378283,42.685696389,2022-11-07T02:52,2022-11-07T14:53,43236.05,0.3,22.45,5.12,55,1013.5,12.4,0.173,28.0
2136,10906X0039/C2-1,BSS002MNYD,2022-11-08,101.74,Valeur mesurée,Syndicat Mixte pour la Protection et la Gestion des Nappes Souterraines de la Plaine du Roussillon  (20001584000016),2.685378283,42.685696389,2022-11-08T02:52,2022-11-08T14:53,43229.41,0.1,21.16,4.82,57,1013.0,10.5,0.17,28.1
2137,10906X0039/C2-1,BSS002MNYD,2022-11-09,101.74,Valeur mesurée,Syndicat Mixte pour la Protection et la Gestion des Nappes Souterraines de la Plaine du Roussillon  (20001584000016),2.685378283,42.685696389,2022-11-09T02:52,2022-11-09T14:53,43222.87,0.0,22.42,5.1,85,1012.2,10.9,0.172,28.1
2138,10906X0039/C2-1,BSS002MNYD,2022-11-10,101.76,Valeur mesurée,Syndicat Mixte pour la Protection et la Gestion des Nappes Souterraines de la Plaine du Roussillon  (20001584000016),2.685378283,42.685696389,2022-11-10T02:53,2022-11-10T14:53,43216.42,0.0,19.73,4.99,96,1012.0,15.4,0.172,28.1
2139,10906X0039/C2-1,BSS002MNYD,2022-11-11,101.75,Valeur mesurée,Syndicat Mixte pour la Protection et la Gestion des Nappes Souterraines de la Plaine du Roussillon  (20001584000016),2.685378283,42.685696389,2022-11-11T02:53,2022-11-11T14:53,43210.08,0.0,23.57,5.75,90,1012.7,14.9,0.175,28.2
2140,10906X0039/C2-1,BSS002MNYD,2022-11-12,101.7,Valeur mesurée,Syndicat Mixte pour la Protection et la Gestion des Nappes Souterraines de la Plaine du Roussillon  (20001584000016),2.685378283,42.685696389,2022-11-12T02:53,2022-11-12T14:53,43203.85,0.0,22.95,5.59,47,1013.1,13.4,0.175,28.4
2141,10906X0039/C2-1,BSS002MNYD,2022-11-13,101.67,Valeur mesurée,Syndicat Mixte pour la Protection et la Gestion des Nappes Souterraines de la Plaine du Roussillon  (20001584000016),2.685378283,42.685696389,2022-11-13T02:53,2022-11-13T14:53,43197.75,0.3,18.46,4.36,52,1013.2,10.3,0.175,28.4
2142,10906X0039/C2-1,BSS002MNYD,2022-11-14,101.63,Valeur mesurée,Syndicat Mixte pour la Protection et la Gestion des Nappes Souterraines de la Plaine du Roussillon  (20001584000016),2.685378283,42.685696389,2022-11-14T02:53,2022-11-14T14:53,43191.78,0.4,22.44,5.49,28,1012.8,12.1,0.176,28.5
2143,10906X0039/C2-1,BSS002MNYD,2022-11-15,101.66,Valeur mesurée,Syndicat Mixte pour la Protection et la Gestion des Nappes Souterraines de la Plaine du Roussillon  (20001584000016),2.685378283,42.685696389,2022-11-15T02:53,2022-11-15T14:53,43185.95,0.0,21.21,5.52,24,1012.1,14.2,0.176,28.8
2144,10906X0039/C2-1,BSS002MNYD,2022-11-16,101.66,Valeur mesurée,Syndicat Mixte pour la Protection et la Gestion des Nappes Souterraines de la Plaine du Roussillon  (20001584000016),2.685378283,42.685696389,2022-11-16T02:54,2022-11-16T14:53,43180.26,0.2,20.03,5.33,42,1011.3,12.8,0.172,29.0
2145,10906X0039/C2-1,BSS002MNYD,2022-11-17,101.65,Valeur mesurée,Syndicat Mixte pour la Protection et la Gestion des Nappes Souterraines de la Plaine du Roussillon  (20001584000016),2.685378283,42.685696389,2022-11-17T02:54,2022-11-17T14:53,43174.73,0.1,22.17,5.95,23,1011.4,14.1,0.172,29.3
2146,10906X0039/C2-1,BSS002MNYD,2022-11-18,101.61,Valeur mesurée,Syndicat Mixte pour la Protection et la Gestion des Nappes Souterraines de la Plaine du Roussillon  (20001584000016),2.685378283,42.685696389,2022-11-18T02:54,2022-11-18T14:54,43169.36,0.0,17.87,4.86,56,1011.6,12.5,0.171,29.4
2147,10906X0039/C2-1,BSS002MNYD,2022-11-19,101.59,Valeur mesurée,Syndicat Mixte pour la Protection et la Gestion des Nappes Souterraines de la Plaine du Roussillon  (20001584000016),2.685378283,42.685696389,2022-11-19T02:54,2022-11-19T14:54,43164.14,0.1,21.88,6.09,36,1011.7,15.2,0.171,29.5
2148,10906X0039/C2-1,BSS002MNYD,2022-11-20,101.54,Valeur mesurée,Syndicat Mixte pour la Protection et la Gestion des Nappes Souterraines de la Plaine du Roussillon  (20001584000016),2.685378283,42.685696389,2022-11-20T02:55,2022-11-20T14:54,43159.03,0.0,20.2,5.31,68,1011.5,11.8,0.17,29.9
2149,10906X0039/C2-1,BSS002MNYD,2022-11-21,101.49,Valeur mesurée,Syndicat Mixte pour la Protection et la Gestion des Nappes Souterraines de la Plaine du Roussillon  (20001584000016),2.685378283,42.685696389,2022-11-21T02:55,2022-11-21T14:54,43154.01,16.6,16.78,3.75,49,1011.6,10.2,0.175,29.6
2150,10906X0039/C2-1,BSS002MNYD,2022-11-22,101.45,Valeur mesurée,Syndicat Mixte pour la Protection et la Gestion des Nappes Souterraines de la Plaine du Roussillon  (20001584000016),2.685378283,42.685696389,2022-11-22T02:55,2022-11-22T14:54,43149.1,0.0,20.24,5.74,75,1011.0,14.4,0.179,29.3
2151,10906X0039/C2-1,BSS002MNYD,2022-11-23,101.53,Valeur mesurée,Syndicat Mixte pour la Protection et la Gestion des Nappes Souterraines de la Plaine du Roussillon  (20001584000016),2.685378283,42.685696389,2022-11-23T02:56,2022-11-23T14:55,43144.3,0.0,22.85,6.07,33,1012.1,16.5,0.175,29.3
2152,10906X0039/C2-1,BSS002MNYD,2022-11-24,101.54,Valeur mesurée,Syndicat Mixte pour la Protection et la Gestion des Nappes Souterraines de la Plaine du Roussillon  (20001584000016),2.685378283,42.685696389,2022-11-24T02:56,2022-11-24T14:55,43139.6,0.0,23.35,5.93,21,1012.3,13.6,0.172,29.4
2153,10906X0039/C2-1,BSS002MNYD,2022-11-25,101.48,Valeur mesurée,Syndicat Mixte pour la Protection et la Gestion des Nappes Souterraines de la Plaine du Roussillon  (20001584000016),2.685378283,42.685696389,2022-11-25T02:56,2022-11-25T14:55,43135.03,0.0,22.85,5.6,59,1012.0,11.1,0.169,29.6
2154,10906X0039/C2-1,BSS002MNYD,2022-11-26,101.41,Valeur mesurée,Syndicat Mixte pour la Protection et la Gestion des Nappes Souterraines de la Plaine du Roussillon  (20001584000016),2.685378283,42.685696389,2022-11-26T02:57,2022-11-26T14:55,43130.59,0.0,20.3,5.12,83,1011.3,11.5,0.172,29.7
2155,10906X0039/C2-1,BSS002MNYD,2022-11-27,101.38,Valeur mesurée,Syndicat Mixte pour la Protection et la Gestion des Nappes Souterraines de la Plaine du Roussillon  (20001584000016),2.685378283,42.685696389,2022-11-27T02:57,2022-11-27T14:56,43126.27,2.4,20.35,5.08,92,1009.8,12.0,0.175,29.6
2156,10906X0039/C2-1,BSS002MNYD,2022-11-28,101.4,Valeur mesurée,Syndicat Mixte pour la Protection et la Gestion des Nappes Souterraines de la Plaine du Roussillon  (20001584000016),2.685378283,42.685696389,2022-11-28T02:57,2022-11-28T14:56,43122.1,0.2,22.08,5.87,30,1009.1,14.4,0.172,29.8
2157,10906X0039/C2-1,BSS002MNYD,2022-11-29,101.45,Valeur mesurée,Syndicat Mixte pour la Protection et la Gestion des Nappes Souterraines de la Plaine du Roussillon  (20001584000016),2.685378283,42.685696389,2022-11-29T02:58,2022-11-29T14:56,43118.07,0.0,22.67,6.47,15,1009.1,17.9,0.17,29.9
2158,10906X0039/C2-1,BSS002MNYD,2022-11-30,101.5,Valeur mesurée,Syndicat Mixte pour la Protection et la Gestion des Nappes Souterraines de la Plaine du Roussillon  (20001584000016),2.685378283,42.685696389,2022-11-30T02:58,2022-11-30T14:57,43114.19,0.0,23.08,6.9,14,1009.8,18.3,0.17,30.1
2159,10906X0039/C2-1,BSS002MNYD,2022-12-01,101.52,Valeur mesurée,Syndicat Mixte pour la Protection et la Gestion des Nappes Souterraines de la Plaine du Roussillon  (20001584000016),2.685378283,42.685696389,2022-12-01T02:59,2022-12-01T14:57,43110.46,0.0,23.03,6.79,70,1010.1,16.3,0.173,30.3
2160,10906X0039/C2-1,BSS002MNYD,2022-12-02,101.55,Valeur mesurée,Syndicat Mixte pour la Protection et la Gestion des Nappes Souterraines de la Plaine du Roussillon  (20001584000016),2.685378283,42.685696389,2022-12-02T02:59,2022-12-02T14:57,43106.89,2.5,17.36,4.5,71,1011.0,14.4,0.177,30.2
2161,10906X0039/C2-1,BSS002MNYD,2022-12-03,101.53,Valeur mesurée,Syndicat Mixte pour la Protection et la Gestion des Nappes Souterraines de la Plaine du Roussillon  (20001584000016),2.685378283,42.685696389,2022-12-03T02:59,2022-12-03T14:58,43103.5,2.2,18.45,4.58,50,1010.5,15.8,0.182,29.6
2162,10906X0039/C2-1,BSS002MNYD,2022-12-04,101.55,Valeur mesurée,Syndicat Mixte pour la Protection et la Gestion des Nappes Souterraines de la Plaine du Roussillon  (20001584000016),2.685378283,42.685696389,2022-12-04T03:00,2022-12-04T14:58,43100.28,0.1,21.94,6.02,15,1010.9,14.3,0.18,29.4
2163,10906X0039/C2-1,BSS002MNYD,2022-12-05,101.51,Valeur mesurée,Syndicat Mixte pour la Protection et la Gestion des Nappes Souterraines de la Plaine du Roussillon  (20001584000016),2.685378283,42.685696389,2022-12-05T03:00,2022-12-05T14:58,43097.24,0.1,23.27,6.06,53,1011.6,13.2,0.177,29.4
2164,10906X0039/C2-1,BSS002MNYD,2022-12-06,101.48,Valeur mesurée,Syndicat Mixte pour la Protection et la Gestion des Nappes Souterraines de la Plaine du Roussillon  (20001584000016),2.685378283,42.685696389,2022-12-06T03:01,2022-12-06T14:59,43094.38,0.0,22.5,6.0,59,1011.1,14.3,0.176,29.6
2165,10906X0039/C2-1,BSS002MNYD,2022-12-07,101.47,Valeur mesurée,Syndicat Mixte pour la Protection et la Gestion des Nappes Souterraines de la Plaine du Roussillon  (20001584000016),2.685378283,42.685696389,2022-12-07T03:01,2022-12-07T14:59,43091.72,0.0,20.13,5.61,56,1010.4,12.7,0.175,29.9
2166,10906X0039/C2-1,BSS002MNYD,2022-12-08,101.48,Valeur mesurée,Syndicat Mixte pour la Protection et la Gestion des Nappes Souterraines de la Plaine du Roussillon  (20001584000016),2.685378283,42.685696389,2022-12-08T03:01,2022-12-08T15:00,43089.26,0.5,21.2,5.72,46,1011.5,13.1,0.174,30.2
2167,10906X0039/C2-1,BSS002MNYD,2022-12-09,101.47,Valeur mesurée,Syndicat Mixte pour la Protection et la Gestion des Nappes Souterraines de la Plaine du Roussillon  (20001584000016),2.685378283,42.685696389,2022-12-09T03:02,2022-12-09T15:00,43086.99,0.1,19.0,5.11,46,1011.5,11.8,0.173,30.2
2168,10906X0039/C2-1,BSS002MNYD,2022-12-10,101.46,Valeur mesurée,Syndicat Mixte pour la Protection et la Gestion des Nappes Souterraines de la Plaine du Roussillon  (20001584000016),2.685378283,42.685696389,2022-12-10T03:02,2022-12-10T15:00,43084.9,0.3,21.67,5.34,76,1011.3,11.1,0.171,30.3
2169,10906X0039/C2-1,BSS002MNYD,2022-12-11,101.49,Valeur mesurée,Syndicat Mixte pour la Protection et la Gestion des Nappes Souterraines de la Plaine du Roussillon  (20001584000016),2.685378283,42.685696389,2022-12-11T03:03,2022-12-11T15:01,43082.97,0.0,21.06,6.02,41,1011.3,13.7,0.169,30.5
2170,10906X0039/C2-1,BSS002MNYD,2022-12-12,101.53,Valeur mesurée,Syndicat Mixte pour la Protection et la Gestion des Nappes Souterraines de la Plaine du Roussillon  (20001584000016),2.685378283,42.685696389,2022-12-12T03:03,2022-12-12T15:01,43081.21,0.0,22.69,7.06,14,1010.3,15.0,0.168,30.7
2171,10906X0039/C2-1,BSS002MNYD,2022-12-13,101.54,Valeur mesurée,Syndicat Mixte pour la Protection et la Gestion des Nappes Souterraines de la Plaine du Roussillon  (20001584000016),2.685378283,42.685696389,2022-12-13T03:04,2022-12-13T15:02,43079.62,0.0,23.91,7.23,6,1010.8,14.6,0.168,30.8
2172,10906X0039/C2-1,BSS002MNYD,2022-12-14,101.55,Valeur mesurée,Syndicat Mixte pour la Protection et la Gestion des Nappes Souterraines de la Plaine du Roussillon  (20001584000016),2.685378283,42.685696389,2022-12-14T03:04,2022-12-14T15:02,43078.2,0.0,24.24,7.1,2,1011.0,14.9,0.167,31.0
2173,10906X0039/C2-1,BSS002MNYD,2022-12-15,101.58,Valeur mesurée,Syndicat Mixte pour la Protection et la Gestion des Nappes Souterraines de la Plaine du Roussillon  (20001584000016),2.685378283,42.685696389,2022-12-15T03:05,2022-12-15T15:03,43076.95,0.0,24.19,7.03,8,1009.9,13.3,0.167,31.2
2174,10906X0039/C2-1,BSS002MNYD,2022-12-16,101.6,Valeur mesurée,Syndicat Mixte pour la Protection et la Gestion des Nappes Souterraines de la Plaine du Roussillon  (20001584000016),2.685378283,42.685696389,2022-12-16T03:05,2022-12-16T15:03,43075.88,0.0,23.86,6.89,7,1009.6,13.7,0.167,31.3
2175,10906X0039/C2-1,BSS002MNYD,2022-12-17,101.61,Valeur mesurée,Syndicat Mixte pour la Protection et la Gestion des Nappes Souterraines de la Plaine du Roussillon  (20001584000016),2.685378283,42.685696389,2022-12-17T03:06,2022-12-17T15:04,43074.98,0.0,24.01,7.07,16,1009.2,14.2,0.166,31.4
2176,10906X0039/C2-1,BSS002MNYD,2022-12-18,101.61,Valeur mesurée,Syndicat Mixte pour la Protection et la Gestion des Nappes Souterraines de la Plaine du Roussillon  (20001584000016),2.685378283,42.685696389,2022-12-18T03:06,2022-12-18T15:04,43074.25,0.0,24.74,7.71,50,1009.5,17.4,0.166,31.4
2177,10906X0039/C2-1,BSS002MNYD,2022-12-19,101.6,Valeur mesurée,Syndicat Mixte pour la Protection et la Gestion des Nappes Souterraines de la Plaine du Roussillon  (20001584000016),2.685378283,42.685696389,2022-12-19T03:07,2022-12-19T15:05,43073.7,0.0,24.8,7.8,13,1009.0,15.9,0.165,31.4
2178,10906X0039/C2-1,BSS002MNYD,2022-12-20,101.59,Valeur mesurée,Syndicat Mixte pour la Protection et la Gestion des Nappes Souterraines de la Plaine du Roussillon  (20001584000016),2.685378283,42.685696389,2022-12-20T03:07,2022-12-20T15:05,43073.33,0.0,23.94,7.61,51,1008.3,16.1,0.165,31.5
2179,10906X0039/C2-1,BSS002MNYD,2022-12-21,101.59,Valeur mesurée,Syndicat Mixte pour la Protection et la Gestion des Nappes Souterraines de la Plaine du Roussillon  (20001584000016),2.685378283,42.685696389,2022-12-21T03:08,2022-12-21T15:06,43073.14,0.0,22.87,7.15,74,1009.4,15.7,0.164,31.7
2180,10906X0039/C2-1,BSS002MNYD,2022-12-22,101.59,Valeur mesurée,Syndicat Mixte pour la Protection et la Gestion des Nappes Souterraines de la Plaine du Roussillon  (20001584000016),2.685378283,42.685696389,2022-12-22T03:08,2022-12-22T15:06,43073.12,0.0,22.6,7.04,26,1009.5,17.6,0.164,31.8
2181,10906X0039/C2-1,BSS002MNYD,2022-12-23,101.6,Valeur mesurée,Syndicat Mixte pour la Protection et la Gestion des Nappes Souterraines de la Plaine du Roussillon  (20001584000016),2.685378283,42.685696389,2022-12-23T03:09,2022-12-23T15:07,43073.29,0.0,22.81,7.38,28,1010.1,17.0,0.164,31.9
2182,10906X0039/C2-1,BSS002MNYD,2022-12-24,101.6,Valeur mesurée,Syndicat Mixte pour la Protection et la Gestion des Nappes Souterraines de la Plaine du Roussillon  (20001584000016),2.685378283,42.685696389,2022-12-24T03:09,2022-12-24T15:07,43073.64,0.0,22.53,6.81,24,1011.1,16.2,0.163,32.0
2183,10906X0039/C2-1,BSS002MNYD,2022-12-25,101.54,Valeur mesurée,Syndicat Mixte pour la Protection et la Gestion des Nappes Souterraines de la Plaine du Roussillon  (20001584000016),2.685378283,42.685696389,2022-12-25T03:10,2022-12-25T15:08,43074.17,0.0,23.22,6.81,13,1011.6,15.2,0.163,32.1
2184,10906X0039/C2-1,BSS002MNYD,2022-12-26,101.5,Valeur mesurée,Syndicat Mixte pour la Protection et la Gestion des Nappes Souterraines de la Plaine du Roussillon  (20001584000016),2.685378283,42.685696389,2022-12-26T03:10,2022-12-26T15:08,43074.89,0.0,23.37,7.27,8,1012.0,17.3,0.163,32.2
2185,10906X0039/C2-1,BSS002MNYD,2022-12-27,101.47,Valeur mesurée,Syndicat Mixte pour la Protection et la Gestion des Nappes Souterraines de la Plaine du Roussillon  (20001584000016),2.685378283,42.685696389,2022-12-27T03:11,2022-12-27T15:09,43075.78,0.0,23.08,7.15,36,1012.7,18.1,0.163,32.2
2186,10906X0039/C2-1,BSS002MNYD,2022-12-28,101.43,Valeur mesurée,Syndicat Mixte pour la Protection et la Gestion des Nappes Souterraines de la Plaine du Roussillon  (20001584000016),2.685378283,42.685696389,2022-12-28T03:11,2022-12-28T15:09,43076.86,0.0,24.32,7.95,32,1012.5,17.9,0.162,32.2
2187,10906X0039/C2-1,BSS002MNYD,2022-12-29,101.4,Valeur mesurée,Syndicat Mixte pour la Protection et la Gestion des Nappes Souterraines de la Plaine du Roussillon  (20001584000016),2.685378283,42.685696389,2022-12-29T03:12,2022-12-29T15:10,43078.14,0.0,24.09,8.1,27,1012.5,18.0,0.162,32.2
2188,10906X0039/C2-1,BSS002MNYD,2022-12-30,101.37,Valeur mesurée,Syndicat Mixte pour la Protection et la Gestion des Nappes Souterraines de la Plaine du Roussillon  (20001584000016),2.685378283,42.685696389,2022-12-30T03:12,2022-12-30T15:10,43079.61,0.0,24.61,8.36,52,1013.8,19.1,0.162,32.2
2189,10906X0039/C2-1,BSS002MNYD,2022-12-31,101.35,Valeur mesurée,Syndicat Mixte pour la Protection et la Gestion des Nappes Souterraines de la Plaine du Roussillon  (20001584000016),2.685378283,42.685696389,2022-12-31T03:13,2022-12-31T15:11,43081.29,0.0,24.29,8.3,29,1013.7,19.3,0.162,32.2
2190,10906X0039/C2-1,BSS002MNYD,2023-01-01,101.35,Valeur mesurée,Syndicat Mixte pour la Protection et la Gestion des Nappes Souterraines de la Plaine du Roussillon  (20001584000016),2.685378283,42.685696389,2023-01-01T03:13,2023-01-01T15:11,43083.16,0.4,21.77,7.01,29,1013.5,16.6,0.162,32.2
2191,10906X0039/C2-1,BSS002MNYD,2023-01-02,101.35,Valeur mesurée,Syndicat Mixte pour la Protection et la Gestion des Nappes Souterraines de la Plaine du Roussillon  (20001584000016),2.685378283,42.685696389,2023-01-02T03:13,2023-01-02T15:12,43085.22,2.5,16.85,5.53,61,1013.3,16.2,0.161,31.8
2192,10906X0039/C2-1,BSS002MNYD,2023-01-03,101.35,Valeur mesurée,Syndicat Mixte pour la Protection et la Gestion des Nappes Souterraines de la Plaine du Roussillon  (20001584000016),2.685378283,42.685696389,2023-01-03T03:14,2023-01-03T15:12,43087.47,0.0,16.98,6.45,63,1013.6,16.0,0.159,31.6
2193,10906X0039/C2-1,BSS002MNYD,2023-01-04,101.34,Valeur mesurée,Syndicat Mixte pour la Protection et la Gestion des Nappes Souterraines de la Plaine du Roussillon  (20001584000016),2.685378283,42.685696389,2023-01-04T03:14,2023-01-04T15:12,43089.9,0.0,24.75,8.23,42,1012.7,18.1,0.157,31.7
2194,10906X0039/C2-1,BSS002MNYD,2023-01-05,101.32,Valeur mesurée,Syndicat Mixte pour la Protection et la Gestion des Nappes Souterraines de la Plaine du Roussillon  (20001584000016),2.685378283,42.685696389,2023-01-05T03:15,2023-01-05T15:13,43092.51,0.0,24.9,8.25,9,1011.9,18.9,0.154,31.8
2195,10906X0039/C2-1,BSS002MNYD,2023-01-06,101.31,Valeur mesurée,Syndicat Mixte pour la Protection et la Gestion des Nappes Souterraines de la Plaine du Roussillon  (20001584000016),2.685378283,42.685696389,2023-01-06T03:15,2023-01-06T15:13,43095.29,0.0,23.6,8.19,53,1012.0,19.8,0.15,31.9
2196,10906X0039/C2-1,BSS002MNYD,2023-01-07,101.32,Valeur mesurée,Syndicat Mixte pour la Protection et la Gestion des Nappes Souterraines de la Plaine du Roussillon  (20001584000016),2.685378283,42.685696389,2023-01-07T03:16,2023-01-07T15:14,43098.24,0.0,23.44,8.21,24,1011.3,20.3,0.149,32.0
2197,10906X0039/C2-1,BSS002MNYD,2023-01-08,101.33,Valeur mesurée,Syndicat Mixte pour la Protection et la Gestion des Nappes Souterraines de la Plaine du Roussillon  (20001584000016),2.685378283,42.685696389,2023-01-08T03:16,2023-01-08T15:14,43101.36,0.0,23.58,7.14,24,1011.8,17.1,0.149,32.2
2198,10906X0039/C2-1,BSS002MNYD,2023-01-09,101.33,Valeur mesurée,Syndicat Mixte pour la Protection et la Gestion des Nappes Souterraines de la Plaine du Roussillon  (20001584000016),2.685378283,42.685696389,2023-01-09T03:16,2023-01-09T15:15,43104.63,0.0,23.43,7.55,32,1012.3,18.2,0.149,32.3
2199,10906X0039/C2-1,BSS002MNYD,2023-01-10,101.33,Valeur mesurée,Syndicat Mixte pour la Protection et la Gestion des Nappes Souterraines de la Plaine du Roussillon  (20001584000016),2.685378283,42.685696389,2023-01-10T03:17,2023-01-10T15:15,43108.06,0.0,23.71,7.45,32,1013.1,17.6,0.149,32.4
2200,10906X0039/C2-1,BSS002MNYD,2023-01-11,101.32,Valeur mesurée,Syndicat Mixte pour la Protection et la Gestion des Nappes Souterraines de la Plaine du Roussillon  (20001584000016),2.685378283,42.685696389,2023-01-11T03:17,2023-01-11T15:16,43111.63,0.0,23.77,7.17,24,1011.8,15.6,0.149,32.4
2201,10906X0039/C2-1,BSS002MNYD,2023-01-12,101.33,Valeur mesurée,Syndicat Mixte pour la Protection et la Gestion des Nappes Souterraines de la Plaine du Roussillon  (20001584000016),2.685378283,42.685696389,2023-01-12T03:18,2023-01-12T15:16,43115.35,0.0,25.17,7.8,4,1010.8,18.4,0.149,32.4
2202,10906X0039/C2-1,BSS002MNYD,2023-01-13,101.42,Valeur mesurée,Syndicat Mixte pour la Protection et la Gestion des Nappes Souterraines de la Plaine du Roussillon  (20001584000016),2.685378283,42.685696389,2023-01-13T03:18,2023-01-13T15:17,43119.21,0.0,25.37,8.56,1,1011.3,20.1,0.149,32.4
2203,10906X0039/C2-1,BSS002MNYD,2023-01-14,101.5,Valeur mesurée,Syndicat Mixte pour la Protection et la Gestion des Nappes Souterraines de la Plaine du Roussillon  (20001584000016),2.685378283,42.685696389,2023-01-14T03:18,2023-01-14T15:17,43123.21,0.0,24.89,8.07,25,1011.7,18.0,0.149,32.4
2204,10906X0039/C2-1,BSS002MNYD,2023-01-15,101.59,Valeur mesurée,Syndicat Mixte pour la Protection et la Gestion des Nappes Souterraines de la Plaine du Roussillon  (20001584000016),2.685378283,42.685696389,2023-01-15T03:19,2023-01-15T15:17,43127.34,0.0,25.12,8.29,20,1010.7,18.2,0.149,32.5
2205,10906X0039/C2-1,BSS002MNYD,2023-01-16,101.58,Valeur mesurée,Syndicat Mixte pour la Protection et la Gestion des Nappes Souterraines de la Plaine du Roussillon  (20001584000016),2.685378283,42.685696389,2023-01-16T03:19,2023-01-16T15:18,43131.6,0.0,25.47,8.51,6,1011.3,18.7,0.149,32.5
2206,10906X0039/C2-1,BSS002MNYD,2023-01-17,101.42,Valeur mesurée,Syndicat Mixte pour la Protection et la Gestion des Nappes Souterraines de la Plaine du Roussillon  (20001584000016),2.685378283,42.685696389,2023-01-17T03:19,2023-01-17T15:18,43135.97,0.0,25.8,8.92,44,1010.6,18.6,0.148,32.5
2207,10906X0039/C2-1,BSS002MNYD,2023-01-18,101.35,Valeur mesurée,Syndicat Mixte pour la Protection et la Gestion des Nappes Souterraines de la Plaine du Roussillon  (20001584000016),2.685378283,42.685696389,2023-01-18T03:19,2023-01-18T15:18,43140.48,0.0,25.45,7.97,23,1010.5,15.1,0.148,32.6
2208,10906X0039/C2-1,BSS002MNYD,2023-01-19,101.3,Valeur mesurée,Syndicat Mixte pour la Protection et la Gestion des Nappes Souterraines de la Plaine du Roussillon  (20001584000016),2.685378283,42.685696389,2023-01-19T03:20,2023-01-19T15:19,43145.15,0.0,25.38,7.83,62,1010.3,15.7,0.148,32.6
2209,10906X0039/C2-1,BSS002MNYD,2023-01-20,101.26,Valeur mesurée,Syndicat Mixte pour la Protection et la Gestion des Nappes Souterraines de la Plaine du Roussillon  (20001584000016),2.685378283,42.685696389,2023-01-20T03:20,2023-01-20T15:19,43150.01,0.0,25.43,9.79,31,1009.7,21.8,0.148,32.6
2210,10906X0039/C2-1,BSS002MNYD,2023-01-21,101.23,Valeur mesurée,Syndicat Mixte pour la Protection et la Gestion des Nappes Souterraines de la Plaine du Roussillon  (20001584000016),2.685378283,42.685696389,2023-01-21T03:20,2023-01-21T15:19,43155.05,0.0,24.53,8.81,74,1009.2,21.0,0.148,32.7
2211,10906X0039/C2-1,BSS002MNYD,2023-01-22,101.19,Valeur mesurée,Syndicat Mixte pour la Protection et la Gestion des Nappes Souterraines de la Plaine du Roussillon  (20001584000016),2.685378283,42.685696389,2023-01-22T03:20,2023-01-22T15:20,43160.23,0.0,22.88,8.38,80,1009.4,20.4,0.148,32.9
2212,10906X0039/C2-1,BSS002MNYD,2023-01-23,101.16,Valeur mesurée,Syndicat Mixte pour la Protection et la Gestion des Nappes Souterraines de la Plaine du Roussillon  (20001584000016),2.685378283,42.685696389,2023-01-23T03:21,2023-01-23T15:20,43165.58,0.0,24.46,8.83,39,1009.2,21.7,0.148,32.9
2213,10906X0039/C2-1,BSS002MNYD,2023-01-24,101.13,Valeur mesurée,Syndicat Mixte pour la Protection et la Gestion des Nappes Souterraines de la Plaine du Roussillon  (20001584000016),2.685378283,42.685696389,2023-01-24T03:21,2023-01-24T15:20,43171.07,0.0,24.29,7.96,54,1010.0,18.0,0.148,33.1
2214,10906X0039/C2-1,BSS002MNYD,2023-01-25,101.11,Valeur mesurée,Syndicat Mixte pour la Protection et la Gestion des Nappes Souterraines de la Plaine du Roussillon  (20001584000016),2.685378283,42.685696389,2023-01-25T03:21,2023-01-25T15:21,43176.71,0.0,25.76,8.02,22,1008.6,14.1,0.147,33.1
2215,10906X0039/C2-1,BSS002MNYD,2023-01-26,101.09,Valeur mesurée,Syndicat Mixte pour la Protection et la Gestion des Nappes Souterraines de la Plaine du Roussillon  (20001584000016),2.685378283,42.685696389,2023-01-26T03:21,2023-01-26T15:21,43182.48,0.0,26.1,8.99,38,1008.3,17.8,0.147,33.2
2216,10906X0039/C2-1,BSS002MNYD,2023-01-27,101.07,Valeur mesurée,Syndicat Mixte pour la Protection et la Gestion des Nappes Souterraines de la Plaine du Roussillon  (20001584000016),2.685378283,42.685696389,2023-01-27T03:21,2023-01-27T15:21,43188.37,0.0,26.0,8.89,18,1009.7,21.4,0.147,33.2
2217,10906X0039/C2-1,BSS002MNYD,2023-01-28,101.04,Valeur mesurée,Syndicat Mixte pour la Protection et la Gestion des Nappes Souterraines de la Plaine du Roussillon  (20001584000016),2.685378283,42.685696389,2023-01-28T03:22,2023-01-28T15:21,43194.38,0.0,26.37,8.71,0,1009.8,18.8,0.147,33.1
2218,10906X0039/C2-1,BSS002MNYD,2023-01-29,101.02,Valeur mesurée,Syndicat Mixte pour la Protection et la Gestion des Nappes Souterraines de la Plaine du Roussillon  (20001584000016),2.685378283,42.685696389,2023-01-29T03:22,2023-01-29T15:22,43200.5,0.0,25.99,8.14,17,1009.6,16.7,0.147,33.2
2219,10906X0039/C2-1,BSS002MNYD,2023-01-30,101.05,Valeur mesurée,Syndicat Mixte pour la Protection et la Gestion des Nappes Souterraines de la Plaine du Roussillon  (20001584000016),2.685378283,42.685696389,2023-01-30T03:22,2023-01-30T15:22,43206.72,0.0,24.49,6.89,11,1010.8,14.3,0.147,33.2
2220,10906X0039/C2-1,BSS002MNYD,2023-01-31,101.27,Valeur mesurée,Syndicat Mixte pour la Protection et la Gestion des Nappes Souterraines de la Plaine du Roussillon  (20001584000016),2.685378283,42.685696389,2023-01-31T03:22,2023-01-31T15:22,43213.03,0.0,25.32,7.54,17,1010.6,15.9,0.147,33.3
2221,10906X0039/C2-1,BSS002MNYD,2023-02-01,101.4,Valeur mesurée,Syndicat Mixte pour la Protection et la Gestion des Nappes Souterraines de la Plaine du Roussillon  (20001584000016),2.685378283,42.685696389,2023-02-01T03:22,2023-02-01T15:22,43219.44,0.0,25.83,7.11,8,1011.0,13.7,0.147,33.4
2222,10906X0039/C2-1,BSS002MNYD,2023-02-02,101.41,Valeur mesurée,Syndicat Mixte pour la Protection et la Gestion des Nappes Souterraines de la Plaine du Roussillon  (20001584000016),2.685378283,42.685696389,2023-02-02T03:22,2023-02-02T15:23,43225.93,0.0,25.79,7.01,40,1010.5,12.2,0.147,33.6
2223,10906X0039/C2-1,BSS002MNYD,2023-02-03,101.45,Valeur mesurée,Syndicat Mixte pour la Protection et la Gestion des Nappes Souterraines de la Plaine du Roussillon  (20001584000016),2.685378283,42.685696389,2023-02-03T03:22,2023-02-03T15:23,43232.49,0.0,25.89,7.84,13,1010.6,15.4,0.147,33.7
2224,10906X0039/C2-1,BSS002MNYD,2023-02-04,101.31,Valeur mesurée,Syndicat Mixte pour la Protection et la Gestion des Nappes Souterraines de la Plaine du Roussillon  (20001584000016),2.685378283,42.685696389,2023-02-04T03:22,2023-02-04T15:23,43239.12,0.0,26.32,8.36,14,1010.2,16.0,0.147,33.6
2225,10906X0039/C2-1,BSS002MNYD,2023-02-05,101.2,Valeur mesurée,Syndicat Mixte pour la Protection et la Gestion des Nappes Souterraines de la Plaine du Roussillon  (20001584000016),2.685378283,42.685696389,2023-02-05T03:22,2023-02-05T15:23,43245.81,0.0,26.68,8.58,24,1009.1,17.5,0.147,33.5
2226,10906X0039/C2-1,BSS002MNYD,2023-02-23,100.83,Valeur mesurée,Syndicat Mixte pour la Protection et la Gestion des Nappes Souterraines de la Plaine du Roussillon  (20001584000016),2.685378283,42.685696389,2023-02-23T03:21,2023-02-23T15:24,43381.56,0.0,26.69,7.77,49,1009.9,17.5,0.146,33.7
2227,10906X0039/C2-1,BSS002MNYD,2023-02-24,100.82,Valeur mesurée,Syndicat Mixte pour la Protection et la Gestion des Nappes Souterraines de la Plaine du Roussillon  (20001584000016),2.685378283,42.685696389,2023-02-24T03:20,2023-02-24T15:23,43389.69,0.0,25.42,7.39,82,1010.4,15.9,0.146,33.8
2228,10906X0039/C2-1,BSS002MNYD,2023-02-25,100.8,Valeur mesurée,Syndicat Mixte pour la Protection et la Gestion des Nappes Souterraines de la Plaine du Roussillon  (20001584000016),2.685378283,42.685696389,2023-02-25T03:20,2023-02-25T15:23,43397.82,0.0,25.46,7.52,80,1011.5,16.7,0.146,33.9
2229,10906X0039/C2-1,BSS002MNYD,2023-02-26,100.78,Valeur mesurée,Syndicat Mixte pour la Protection et la Gestion des Nappes Souterraines de la Plaine du Roussillon  (20001584000016),2.685378283,42.685696389,2023-02-26T03:20,2023-02-26T15:23,43405.96,0.0,24.92,7.99,59,1011.6,18.2,0.146,33.9
2230,10906X0039/C2-1,BSS002MNYD,2023-02-27,100.79,Valeur mesurée,Syndicat Mixte pour la Protection et la Gestion des Nappes Souterraines de la Plaine du Roussillon  (20001584000016),2.685378283,42.685696389,2023-02-27T03:20,2023-02-27T15:23,43414.12,0.0,26.11,8.62,73,1012.2,19.7,0.145,33.9
2231,10906X0039/C2-1,BSS002MNYD,2023-02-28,100.88,Valeur mesurée,Syndicat Mixte pour la Protection et la Gestion des Nappes Souterraines de la Plaine du Roussillon  (20001584000016),2.685378283,42.685696389,2023-02-28T03:19,2023-02-28T15:23,43422.35,0.0,24.91,8.68,84,1012.3,19.0,0.146,33.9
2232,10906X0039/C2-1,BSS002MNYD,2023-03-01,100.94,Valeur mesurée,Syndicat Mixte pour la Protection et la Gestion des Nappes Souterraines de la Plaine du Roussillon  (20001584000016),2.685378283,42.685696389,2023-03-01T03:19,2023-03-01T15:23,43430.67,0.0,26.46,8.13,88,1011.6,16.3,0.145,34.0
2233,10906X0039/C2-1,BSS002MNYD,2023-03-02,100.94,Valeur mesurée,Syndicat Mixte pour la Protection et la Gestion des Nappes Souterraines de la Plaine du Roussillon  (20001584000016),2.685378283,42.685696389,2023-03-02T03:19,2023-03-02T15:23,43439.06,0.0,26.24,8.28,59,1011.0,18.5,0.145,34.0
2234,10906X0039/C2-1,BSS002MNYD,2023-03-03,100.91,Valeur mesurée,Syndicat Mixte pour la Protection et la Gestion des Nappes Souterraines de la Plaine du Roussillon  (20001584000016),2.685378283,42.685696389,2023-03-03T03:19,2023-03-03T15:23,43447.54,0.0,26.88,9.18,52,1011.0,20.0,0.145,34.2
2235,10906X0039/C2-1,BSS002MNYD,2023-03-04,100.86,Valeur mesurée,Syndicat Mixte pour la Protection et la Gestion des Nappes Souterraines de la Plaine du Roussillon  (20001584000016),2.685378283,42.685696389,2023-03-04T03:18,2023-03-04T15:23,43456.07,0.0,27.44,9.57,12,1011.7,21.5,0.145,34.3
2236,10906X0039/C2-1,BSS002MNYD,2023-03-05,100.82,Valeur mesurée,Syndicat Mixte pour la Protection et la Gestion des Nappes Souterraines de la Plaine du Roussillon  (20001584000016),2.685378283,42.685696389,2023-03-05T03:18,2023-03-05T15:23,43464.67,0.0,26.9,9.13,24,1012.3,21.0,0.145,34.2
2237,10906X0039/C2-1,BSS002MNYD,2023-03-06,100.84,Valeur mesurée,Syndicat Mixte pour la Protection et la Gestion des Nappes Souterraines de la Plaine du Roussillon  (20001584000016),2.685378283,42.685696389,2023-03-06T03:18,2023-03-06T15:22,43473.32,0.0,24.9,8.76,28,1010.2,22.2,0.145,34.2
2238,10906X0039/C2-1,BSS002MNYD,2023-03-07,100.9,Valeur mesurée,Syndicat Mixte pour la Protection et la Gestion des Nappes Souterraines de la Plaine du Roussillon  (20001584000016),2.685378283,42.685696389,2023-03-07T03:17,2023-03-07T15:22,43482.02,0.0,24.26,8.06,47,1009.1,20.4,0.145,34.2
2239,10906X0039/C2-1,BSS002MNYD,2023-03-08,100.9,Valeur mesurée,Syndicat Mixte pour la Protection et la Gestion des Nappes Souterraines de la Plaine du Roussillon  (20001584000016),2.685378283,42.685696389,2023-03-08T03:17,2023-03-08T15:22,43490.76,0.0,24.61,7.51,46,1009.0,16.8,0.145,34.3
2240,10906X0039/C2-1,BSS002MNYD,2023-03-09,100.89,Valeur mesurée,Syndicat Mixte pour la Protection et la Gestion des Nappes Souterraines de la Plaine du Roussillon  (20001584000016),2.685378283,42.685696389,2023-03-09T03:17,2023-03-09T15:22,43499.54,0.0,25.6,8.15,17,1008.8,18.3,0.145,34.4
2241,10906X0039/C2-1,BSS002MNYD,2023-03-10,100.84,Valeur mesurée,Syndicat Mixte pour la Protection et la Gestion des Nappes Souterraines de la Plaine du Roussillon  (20001584000016),2.685378283,42.685696389,2023-03-10T03:16,2023-03-10T15:22,43508.35,0.0,24.65,8.03,52,1008.0,16.8,0.145,34.6
2242,10906X0039/C2-1,BSS002MNYD,2023-03-11,100.83,Valeur mesurée,Syndicat Mixte pour la Protection et la Gestion des Nappes Souterraines de la Plaine du Roussillon  (20001584000016),2.685378283,42.685696389,2023-03-11T03:16,2023-03-11T15:21,43517.17,0.0,24.65,8.24,69,1008.2,20.1,0.145,34.6
2243,10906X0039/C2-1,BSS002MNYD,2023-03-12,100.8,Valeur mesurée,Syndicat Mixte pour la Protection et la Gestion des Nappes Souterraines de la Plaine du Roussillon  (20001584000016),2.685378283,42.685696389,2023-03-12T03:16,2023-03-12T15:21,43526.02,0.0,25.01,8.13,39,1008.4,20.8,0.145,34.6
2244,10906X0039/C2-1,BSS002MNYD,2023-03-13,100.77,Valeur mesurée,Syndicat Mixte pour la Protection et la Gestion des Nappes Souterraines de la Plaine du Roussillon  (20001584000016),2.685378283,42.685696389,2023-03-13T03:15,2023-03-13T15:21,43534.88,3.1,18.52,6.07,78,1008.9,17.3,0.146,34.5
2245,10906X0039/C2-1,BSS002MNYD,2023-03-14,100.75,Valeur mesurée,Syndicat Mixte pour la Protection et la Gestion des Nappes Souterraines de la Plaine du Roussillon  (20001584000016),2.685378283,42.685696389,2023-03-14T03:15,2023-03-14T15:21,43543.74,0.5,15.33,4.54,88,1008.9,14.9,0.146,34.0
2246,10906X0039/C2-1,BSS002MNYD,2023-03-15,100.72,Valeur mesurée,Syndicat Mixte pour la Protection et la Gestion des Nappes Souterraines de la Plaine du Roussillon  (20001584000016),2.685378283,42.685696389,2023-03-15T03:15,2023-03-15T15:21,43552.6,0.2,21.65,5.28,86,1008.9,10.3,0.15,33.5
2247,10906X0039/C2-1,BSS002MNYD,2023-03-16,100.71,Valeur mesurée,Syndicat Mixte pour la Protection et la Gestion des Nappes Souterraines de la Plaine du Roussillon  (20001584000016),2.685378283,42.685696389,2023-03-16T03:14,2023-03-16T15:20,43561.45,0.4,22.29,5.82,94,1009.4,13.5,0.15,33.2
2248,10906X0039/C2-1,BSS002MNYD,2023-03-17,100.72,Valeur mesurée,Syndicat Mixte pour la Protection et la Gestion des Nappes Souterraines de la Plaine du Roussillon  (20001584000016),2.685378283,42.685696389,2023-03-17T03:14,2023-03-17T15:20,43570.28,0.6,20.94,5.31,87,1009.8,12.7,0.149,33.0
2249,10906X0039/C2-1,BSS002MNYD,2023-03-18,100.73,Valeur mesurée,Syndicat Mixte pour la Protection et la Gestion des Nappes Souterraines de la Plaine du Roussillon  (20001584000016),2.685378283,42.685696389,2023-03-18T03:14,2023-03-18T15:20,43579.1,4.4,16.29,4.42,94,1011.0,11.7,0.149,32.8
2250,10906X0039/C2-1,BSS002MNYD,2023-03-19,100.76,Valeur mesurée,Syndicat Mixte pour la Protection et la Gestion des Nappes Souterraines de la Plaine du Roussillon  (20001584000016),2.685378283,42.685696389,2023-03-19T03:13,2023-03-19T15:20,43587.9,2.0,19.86,4.75,99,1010.8,7.8,0.151,32.9
2251,10906X0039/C2-1,BSS002MNYD,2023-03-20,100.77,Valeur mesurée,Syndicat Mixte pour la Protection et la Gestion des Nappes Souterraines de la Plaine du Roussillon  (20001584000016),2.685378283,42.685696389,2023-03-20T03:13,2023-03-20T15:20,43596.74,2.1,20.06,5.03,90,1010.4,9.8,0.152,32.8
2252,10906X0039/C2-1,BSS002MNYD,2023-03-21,100.78,Valeur mesurée,Syndicat Mixte pour la Protection et la Gestion des Nappes Souterraines de la Plaine du Roussillon  (20001584000016),2.685378283,42.685696389,2023-03-21T03:13,2023-03-21T15:19,43605.64,1.8,20.96,5.28,88,1009.5,13.8,0.153,32.4
2253,10906X0039/C2-1,BSS002MNYD,2023-03-22,100.77,Valeur mesurée,Syndicat Mixte pour la Protection et la Gestion des Nappes Souterraines de la Plaine du Roussillon  (20001584000016),2.685378283,42.685696389,2023-03-22T03:12,2023-03-22T15:19,43614.58,8.4,19.53,5.14,70,1009.6,15.3,0.149,32.3
2254,10906X0039/C2-1,BSS002MNYD,2023-03-23,100.76,Valeur mesurée,Syndicat Mixte pour la Protection et la Gestion des Nappes Souterraines de la Plaine du Roussillon  (20001584000016),2.685378283,42.685696389,2023-03-23T03:12,2023-03-23T15:19,43623.57,2.1,19.14,4.5,98,1010.5,7.3,0.15,32.1
2255,10906X0039/C2-1,BSS002MNYD,2023-03-24,100.75,Valeur mesurée,Syndicat Mixte pour la Protection et la Gestion des Nappes Souterraines de la Plaine du Roussillon  (20001584000016),2.685378283,42.685696389,2023-03-24T03:12,2023-03-24T15:19,43632.59,19.3,11.74,2.59,100,1010.5,6.3,0.185,31.5
2256,10906X0039/C2-1,BSS002MNYD,2023-03-25,100.74,Valeur mesurée,Syndicat Mixte pour la Protection et la Gestion des Nappes Souterraines de la Plaine du Roussillon  (20001584000016),2.685378283,42.685696389,2023-03-25T03:11,2023-03-25T15:19,43641.64,16.4,18.75,3.99,99,1010.7,10.4,0.189,31.2
2257,10906X0039/C2-1,BSS002MNYD,2023-03-26,100.73,Valeur mesurée,Syndicat Mixte pour la Protection et la Gestion des Nappes Souterraines de la Plaine du Roussillon  (20001584000016),2.685378283,42.685696389,2023-03-26T03:11,2023-03-26T15:18,43650.72,16.7,17.55,3.6,80,1011.6,6.7,0.196,30.7
2258,10906X0039/C2-1,BSS002MNYD,2023-03-27,100.73,Valeur mesurée,Syndicat Mixte pour la Protection et la Gestion des Nappes Souterraines de la Plaine du Roussillon  (20001584000016),2.685378283,42.685696389,2023-03-27T03:10,2023-03-27T15:18,43659.81,1.0,23.72,5.13,54,1010.6,6.1,0.19,30.6
2259,10906X0039/C2-1,BSS002MNYD,2023-03-28,100.73,Valeur mesurée,Syndicat Mixte pour la Protection et la Gestion des Nappes Souterraines de la Plaine du Roussillon  (20001584000016),2.685378283,42.685696389,2023-03-28T03:10,2023-03-28T15:18,43668.92,0.0,25.04,6.12,33,1010.3,14.1,0.183,30.6
2260,10906X0039/C2-1,BSS002MNYD,2023-03-29,100.73,Valeur mesurée,Syndicat Mixte pour la Protection et la Gestion des Nappes Souterraines de la Plaine du Roussillon  (20001584000016),2.685378283,42.685696389,2023-03-29T03:10,2023-03-29T15:18,43678.03,0.2,20.02,4.43,64,1011.9,8.8,0.178,30.5
2261,10906X0039/C2-1,BSS002MNYD,2023-03-30,100.73,Valeur mesurée,Syndicat Mixte pour la Protection et la Gestion des Nappes Souterraines de la Plaine du Roussillon  (20001584000016),2.685378283,42.685696389,2023-03-30T03:09,2023-03-30T15:17,43687.14,0.2,24.21,5.46,37,1011.1,8.4,0.173,30.6
2262,10906X0039/C2-1,BSS002MNYD,2023-03-31,100.72,Valeur mesurée,Syndicat Mixte pour la Protection et la Gestion des Nappes Souterraines de la Plaine du Roussillon  (20001584000016),2.685378283,42.685696389,2023-03-31T03:09,2023-03-31T15:17,43696.24,0.1,25.16,5.96,20,1010.1,10.6,0.167,30.6
2263,10906X0039/C2-1,BSS002MNYD,2023-04-01,100.76,Valeur mesurée,Syndicat Mixte pour la Protection et la Gestion des Nappes Souterraines de la Plaine du Roussillon  (20001584000016),2.685378283,42.685696389,2023-04-01T03:08,2023-04-01T15:17,43705.33,0.0,25.37,5.92,49,1010.4,10.7,0.16,30.8
2264,10906X0039/C2-1,BSS002MNYD,2023-04-02,100.82,Valeur mesurée,Syndicat Mixte pour la Protection et la Gestion des Nappes Souterraines de la Plaine du Roussillon  (20001584000016),2.685378283,42.685696389,2023-04-02T03:08,2023-04-02T15:17,43714.4,1.5,23.3,6.05,52,1010.0,14.0,0.155,30.9
2265,10906X0039/C2-1,BSS002MNYD,2023-04-03,100.84,Valeur mesurée,Syndicat Mixte pour la Protection et la Gestion des Nappes Souterraines de la Plaine du Roussillon  (20001584000016),2.685378283,42.685696389,2023-04-03T03:08,2023-04-03T15:16,43723.45,9.5,18.01,3.95,76,1009.9,6.9,0.154,30.8
2266,10906X0039/C2-1,BSS002MNYD,2023-04-04,100.84,Valeur mesurée,Syndicat Mixte pour la Protection et la Gestion des Nappes Souterraines de la Plaine du Roussillon  (20001584000016),2.685378283,42.685696389,2023-04-04T03:07,2023-04-04T15:16,43732.47,1.0,17.77,4.11,64,1010.5,7.2,0.147,30.7
2267,10906X0039/C2-1,BSS002MNYD,2023-04-05,100.83,Valeur mesurée,Syndicat Mixte pour la Protection et la Gestion des Nappes Souterraines de la Plaine du Roussillon  (20001584000016),2.685378283,42.685696389,2023-04-05T03:07,2023-04-05T15:16,43741.44,0.1,23.89,6.39,65,1010.5,14.4,0.137,31.0
2268,10906X0039/C2-1,BSS002MNYD,2023-04-06,100.81,Valeur mesurée,Syndicat Mixte pour la Protection et la Gestion des Nappes Souterraines de la Plaine du Roussillon  (20001584000016),2.685378283,42.685696389,2023-04-06T03:07,2023-04-06T15:16,43750.37,1.3,20.24,5.03,58,1010.2,9.6,0.134,31.1
2269,10906X0039/C2-1,BSS002MNYD,2023-04-07,100.78,Valeur mesurée,Syndicat Mixte pour la Protection et la Gestion des Nappes Souterraines de la Plaine du Roussillon  (20001584000016),2.685378283,42.685696389,2023-04-07T03:06,2023-04-07T15:16,43759.25,0.2,23.19,5.97,51,1010.8,12.0,0.132,31.3
2270,10906X0039/C2-1,BSS002MNYD,2023-04-08,100.77,Valeur mesurée,Syndicat Mixte pour la Protection et la Gestion des Nappes Souterraines de la Plaine du Roussillon  (20001584000016),2.685378283,42.685696389,2023-04-08T03:06,2023-04-08T15:15,43768.07,0.0,24.68,6.7,23,1010.9,15.5,0.13,31.4
2271,10906X0039/C2-1,BSS002MNYD,2023-04-09,100.76,Valeur mesurée,Syndicat Mixte pour la Protection et la Gestion des Nappes Souterraines de la Plaine du Roussillon  (20001584000016),2.685378283,42.685696389,2023-04-09T03:06,2023-04-09T15:15,43776.92,1.7,23.93,6.53,50,1011.3,13.6,0.129,31.7
2272,10906X0039/C2-1,BSS002MNYD,2023-04-10,100.74,Valeur mesurée,Syndicat Mixte pour la Protection et la Gestion des Nappes Souterraines de la Plaine du Roussillon  (20001584000016),2.685378283,42.685696389,2023-04-10T03:05,2023-04-10T15:15,43785.78,0.8,20.29,5.6,66,1010.7,13.2,0.128,31.8
2273,10906X0039/C2-1,BSS002MNYD,2023-04-11,100.73,Valeur mesurée,Syndicat Mixte pour la Protection et la Gestion des Nappes Souterraines de la Plaine du Roussillon  (20001584000016),2.685378283,42.685696389,2023-04-11T03:05,2023-04-11T15:15,43794.65,0.9,21.11,5.81,68,1010.3,13.3,0.13,31.8
2274,10906X0039/C2-1,BSS002MNYD,2023-04-12,100.72,Valeur mesurée,Syndicat Mixte pour la Protection et la Gestion des Nappes Souterraines de la Plaine du Roussillon  (20001584000016),2.685378283,42.685696389,2023-04-12T03:05,2023-04-12T15:15,43803.53,3.9,23.88,5.96,86,1011.0,15.3,0.13,31.9
2275,10906X0039/C2-1,BSS002MNYD,2023-04-13,100.71,Valeur mesurée,Syndicat Mixte pour la Protection et la Gestion des Nappes Souterraines de la Plaine du Roussillon  (20001584000016),2.685378283,42.685696389,2023-04-13T03:04,2023-04-13T15:14,43812.41,0.0,19.61,5.32,99,1012.4,10.9,0.126,31.8
2276,10906X0039/C2-1,BSS002MNYD,2023-04-14,100.7,Valeur mesurée,Syndicat Mixte pour la Protection et la Gestion des Nappes Souterraines de la Plaine du Roussillon  (20001584000016),2.685378283,42.685696389,2023-04-14T03:04,2023-04-14T15:14,43821.28,0.0,25.53,7.17,73,1011.7,14.4,0.13,31.9
2277,10906X0039/C2-1,BSS002MNYD,2023-04-15,100.68,Valeur mesurée,Syndicat Mixte pour la Protection et la Gestion des Nappes Souterraines de la Plaine du Roussillon  (20001584000016),2.685378283,42.685696389,2023-04-15T03:04,2023-04-15T15:14,43830.14,3.7,22.62,5.68,48,1011.3,11.2,0.129,31.9
2278,10906X0039/C2-1,BSS002MNYD,2023-04-16,100.69,Valeur mesurée,Syndicat Mixte pour la Protection et la Gestion des Nappes Souterraines de la Plaine du Roussillon  (20001584000016),2.685378283,42.685696389,2023-04-16T03:03,2023-04-16T15:14,43838.98,14.5,12.75,2.7,98,1011.0,6.3,0.154,31.2
2279,10906X0039/C2-1,BSS002MNYD,2023-04-17,100.74,Valeur mesurée,Syndicat Mixte pour la Protection et la Gestion des Nappes Souterraines de la Plaine du Roussillon  (20001584000016),2.685378283,42.685696389,2023-04-17T03:03,2023-04-17T15:14,43847.8,1.4,18.17,4.07,59,1010.0,7.9,0.154,30.9
2280,10906X0039/C2-1,BSS002MNYD,2023-04-18,100.77,Valeur mesurée,Syndicat Mixte pour la Protection et la Gestion des Nappes Souterraines de la Plaine du Roussillon  (20001584000016),2.685378283,42.685696389,2023-04-18T03:03,2023-04-18T15:14,43856.58,17.6,16.07,3.37,84,1012.3,7.7,0.159,30.5
2281,10906X0039/C2-1,BSS002MNYD,2023-04-19,100.77,Valeur mesurée,Syndicat Mixte pour la Protection et la Gestion des Nappes Souterraines de la Plaine du Roussillon  (20001584000016),2.685378283,42.685696389,2023-04-19T03:02,2023-04-19T15:13,43865.32,1.8,18.17,3.92,79,1011.2,7.5,0.155,30.4
2282,10906X0039/C2-1,BSS002MNYD,2023-04-20,100.76,Valeur mesurée,Syndicat Mixte pour la Protection et la Gestion des Nappes Souterraines de la Plaine du Roussillon  (20001584000016),2.685378283,42.685696389,2023-04-20T03:02,2023-04-20T15:13,43874.02,1.4,18.48,4.14,57,1008.6,10.5,0.155,30.3
2283,10906X0039/C2-1,BSS002MNYD,2023-04-21,100.73,Valeur mesurée,Syndicat Mixte pour la Protection et la Gestion des Nappes Souterraines de la Plaine du Roussillon  (20001584000016),2.685378283,42.685696389,2023-04-21T03:02,2023-04-21T15:13,43882.66,4.1,23.29,5.08,81,1006.4,7.8,0.153,30.4
2284,10906X0039/C2-1,BSS002MNYD,2023-04-22,100.7,Valeur mesurée,Syndicat Mixte pour la Protection et la Gestion des Nappes Souterraines de la Plaine du Roussillon  (20001584000016),2.685378283,42.685696389,2023-04-22T03:02,2023-04-22T15:13,43891.24,10.7,10.35,2.26,100,1009.1,8.2,0.172,29.9
2285,10906X0039/C2-1,BSS002MNYD,2023-04-23,100.67,Valeur mesurée,Syndicat Mixte pour la Protection et la Gestion des Nappes Souterraines de la Plaine du Roussillon  (20001584000016),2.685378283,42.685696389,2023-04-23T03:01,2023-04-23T15:13,43899.75,4.5,14.51,3.09,100,1010.2,5.3,0.192,29.6
2286,10906X0039/C2-1,BSS002MNYD,2023-04-24,100.65,Valeur mesurée,Syndicat Mixte pour la Protection et la Gestion des Nappes Souterraines de la Plaine du Roussillon  (20001584000016),2.685378283,42.685696389,2023-04-24T03:01,2023-04-24T15:13,43908.19,2.6,17.05,3.81,91,1010.3,10.0,0.192,29.5
2287,10906X0039/C2-1,BSS002MNYD,2023-04-25,100.63,Valeur mesurée,Syndicat Mixte pour la Protection et la Gestion des Nappes Souterraines de la Plaine du Roussillon  (20001584000016),2.685378283,42.685696389,2023-04-25T03:01,2023-04-25T15:13,43916.53,1.0,20.19,4.28,100,1011.2,8.9,0.19,29.5
2288,10906X0039/C2-1,BSS002MNYD,2023-04-26,100.61,Valeur mesurée,Syndicat Mixte pour la Protection et la Gestion des Nappes Souterraines de la Plaine du Roussillon  (20001584000016),2.685378283,42.685696389,2023-04-26T03:01,2023-04-26T15:13,43924.79,0.6,22.62,4.87,75,1010.6,9.6,0.195,29.3
2289,10906X0039/C2-1,BSS002MNYD,2023-04-27,100.59,Valeur mesurée,Syndicat Mixte pour la Protection et la Gestion des Nappes Souterraines de la Plaine du Roussillon  (20001584000016),2.685378283,42.685696389,2023-04-27T03:00,2023-04-27T15:13,43932.95,0.5,21.89,4.87,69,1010.0,12.8,0.191,29.4
2290,10906X0039/C2-1,BSS002MNYD,2023-04-28,100.56,Valeur mesurée,Syndicat Mixte pour la Protection et la Gestion des Nappes Souterraines de la Plaine du Roussillon  (20001584000016),2.685378283,42.685696389,2023-04-28T03:00,2023-04-28T15:12,43941.0,11.3,13.69,2.8,100,1011.5,10.1,0.193,29.1
2291,10906X0039/C2-1,BSS002MNYD,2023-04-29,100.56,Valeur mesurée,Syndicat Mixte pour la Protection et la Gestion des Nappes Souterraines de la Plaine du Roussillon  (20001584000016),2.685378283,42.685696389,2023-04-29T03:00,2023-04-29T15:12,43949.02,2.7,19.59,4.19,90,1010.9,11.1,0.197,28.9
2292,10906X0039/C2-1,BSS002MNYD,2023-04-30,100.59,Valeur mesurée,Syndicat Mixte pour la Protection et la Gestion des Nappes Souterraines de la Plaine du Roussillon  (20001584000016),2.685378283,42.685696389,2023-04-30T03:00,2023-04-30T15:12,43957.01,11.4,19.26,3.9,98,1011.3,11.8,0.198,28.8
2293,10906X0039/C2-1,BSS002MNYD,2023-05-01,100.58,Valeur mesurée,Syndicat Mixte pour la Protection et la Gestion des Nappes Souterraines de la Plaine du Roussillon  (20001584000016),2.685378283,42.685696389,2023-05-01T03:00,2023-05-01T15:12,43964.96,1.0,18.05,4.0,91,1011.9,12.9,0.201,28.6
2294,10906X0039/C2-1,BSS002MNYD,2023-05-02,100.6,Valeur mesurée,Syndicat Mixte pour la Protection et la Gestion des Nappes Souterraines de la Plaine du Roussillon  (20001584000016),2.685378283,42.685696389,2023-05-02T02:59,2023-05-02T15:12,43972.86,0.6,21.56,4.78,62,1012.6,14.0,0.197,28.6
2295,10906X0039/C2-1,BSS002MNYD,2023-05-03,100.62,Valeur mesurée,Syndicat Mixte pour la Protection et la Gestion des Nappes Souterraines de la Plaine du Roussillon  (20001584000016),2.685378283,42.685696389,2023-05-03T02:59,2023-05-03T15:12,43980.7,0.3,23.94,5.33,84,1014.1,13.8,0.192,28.7
2296,10906X0039/C2-1,BSS002MNYD,2023-05-04,100.61,Valeur mesurée,Syndicat Mixte pour la Protection et la Gestion des Nappes Souterraines de la Plaine du Roussillon  (20001584000016),2.685378283,42.685696389,2023-05-04T02:59,2023-05-04T15:12,43988.49,0.5,22.02,5.0,44,1014.4,15.1,0.188,28.7
2297,10906X0039/C2-1,BSS002MNYD,2023-05-05,100.58,Valeur mesurée,Syndicat Mixte pour la Protection et la Gestion des Nappes Souterraines de la Plaine du Roussillon  (20001584000016),2.685378283,42.685696389,2023-05-05T02:59,2023-05-05T15:12,43996.21,0.5,22.13,4.99,46,1013.8,14.7,0.184,28.7
2298,10906X0039/C2-1,BSS002MNYD,2023-05-06,100.55,Valeur mesurée,Syndicat Mixte pour la Protection et la Gestion des Nappes Souterraines de la Plaine du Roussillon  (20001584000016),2.685378283,42.685696389,2023-05-06T02:59,2023-05-06T15:12,44003.85,0.6,21.58,5.06,27,1013.0,15.6,0.181,28.8
2299,10906X0039/C2-1,BSS002MNYD,2023-05-07,100.52,Valeur mesurée,Syndicat Mixte pour la Protection et la Gestion des Nappes Souterraines de la Plaine du Roussillon  (20001584000016),2.685378283,42.685696389,2023-05-07T02:59,2023-05-07T15:12,44011.41,0.6,22.65,5.34,37,1012.7,15.6,0.179,28.9
2300,10906X0039/C2-1,BSS002MNYD,2023-05-08,100.49,Valeur mesurée,Syndicat Mixte pour la Protection et la Gestion des Nappes Souterraines de la Plaine du Roussillon  (20001584000016),2.685378283,42.685696389,2023-05-08T02:58,2023-05-08T15:12,44018.87,0.3,23.13,5.52,39,1012.4,17.1,0.177,28.9
2301,10906X0039/C2-1,BSS002MNYD,2023-05-09,100.46,Valeur mesurée,Syndicat Mixte pour la Protection et la Gestion des Nappes Souterraines de la Plaine du Roussillon  (20001584000016),2.685378283,42.685696389,2023-05-09T02:58,2023-05-09T15:12,44026.25,0.9,21.19,5.01,45,1012.4,18.2,0.175,28.9
2302,10906X0039/C2-1,BSS002MNYD,2023-05-10,100.43,Valeur mesurée,Syndicat Mixte pour la Protection et la Gestion des Nappes Souterraines de la Plaine du Roussillon  (20001584000016),2.685378283,42.685696389,2023-05-10T02:58,2023-05-10T15:12,44033.52,0.3,21.87,5.38,32,1012.4,17.6,0.174,28.9
2303,10906X0039/C2-1,BSS002MNYD,2023-05-11,100.4,Valeur mesurée,Syndicat Mixte pour la Protection et la Gestion des Nappes Souterraines de la Plaine du Roussillon  (20001584000016),2.685378283,42.685696389,2023-05-11T02:58,2023-05-11T15:12,44040.67,0.4,23.42,5.82,58,1013.3,16.4,0.171,29.1
2304,10906X0039/C2-1,BSS002MNYD,2023-05-12,100.4,Valeur mesurée,Syndicat Mixte pour la Protection et la Gestion des Nappes Souterraines de la Plaine du Roussillon  (20001584000016),2.685378283,42.685696389,2023-05-12T02:58,2023-05-12T15:12,44047.7,0.3,22.42,5.59,49,1013.3,16.9,0.17,29.2
2305,10906X0039/C2-1,BSS002MNYD,2023-05-13,100.47,Valeur mesurée,Syndicat Mixte pour la Protection et la Gestion des Nappes Souterraines de la Plaine du Roussillon  (20001584000016),2.685378283,42.685696389,2023-05-13T02:58,2023-05-13T15:12,44054.6,0.3,22.08,5.61,80,1014.0,16.9,0.17,29.4
2306,10906X0039/C2-1,BSS002MNYD,2023-05-14,100.53,Valeur mesurée,Syndicat Mixte pour la Protection et la Gestion des Nappes Souterraines de la Plaine du Roussillon  (20001584000016),2.685378283,42.685696389,2023-05-14T02:58,2023-05-14T15:12,44061.37,0.0,22.05,6.19,70,1013.4,19.4,0.169,29.5
2307,10906X0039/C2-1,BSS002MNYD,2023-05-15,100.53,Valeur mesurée,Syndicat Mixte pour la Protection et la Gestion des Nappes Souterraines de la Plaine du Roussillon  (20001584000016),2.685378283,42.685696389,2023-05-15T02:58,2023-05-15T15:12,44067.98,0.0,23.05,6.61,30,1013.3,19.4,0.168,29.7
2308,10906X0039/C2-1,BSS002MNYD,2023-05-16,100.49,Valeur mesurée,Syndicat Mixte pour la Protection et la Gestion des Nappes Souterraines de la Plaine du Roussillon  (20001584000016),2.685378283,42.685696389,2023-05-16T02:58,2023-05-16T15:12,44074.44,0.0,24.18,6.64,45,1013.1,18.5,0.168,29.9
2309,10906X0039/C2-1,BSS002MNYD,2023-05-17,100.45,Valeur mesurée,Syndicat Mixte pour la Protection et la Gestion des Nappes Souterraines de la Plaine du Roussillon  (20001584000016),2.685378283,42.685696389,2023-05-17T02:58,2023-05-17T15:12,44080.74,0.4,21.83,6.04,56,1013.1,17.7,0.167,30.1
2310,10906X0039/C2-1,BSS002MNYD,2023-05-18,100.4,Valeur mesurée,Syndicat Mixte pour la Protection et la Gestion des Nappes Souterraines de la Plaine du Roussillon  (20001584000016),2.685378283,42.685696389,2023-05-18T02:58,2023-05-18T15:13,44086.87,0.8,21.77,5.83,92,1013.1,16.1,0.167,30.2
2311,10906X0039/C2-1,BSS002MNYD,2023-05-19,100.36,Valeur mesurée,Syndicat Mixte pour la Protection et la Gestion des Nappes Souterraines de la Plaine du Roussillon  (20001584000016),2.685378283,42.685696389,2023-05-19T02:58,2023-05-19T15:13,44092.9,0.7,20.94,5.63,50,1013.3,17.4,0.167,30.4
2312,10906X0039/C2-1,BSS002MNYD,2023-05-20,100.32,Valeur mesurée,Syndicat Mixte pour la Protection et la Gestion des Nappes Souterraines de la Plaine du Roussillon  (20001584000016),2.685378283,42.685696389,2023-05-20T02:58,2023-05-20T15:13,44098.8,0.0,24.48,6.45,59,1011.9,14.8,0.166,30.4
2313,10906X0039/C2-1,BSS002MNYD,2023-05-21,100.29,Valeur mesurée,Syndicat Mixte pour la Protection et la Gestion des Nappes Souterraines de la Plaine du Roussillon  (20001584000016),2.685378283,42.685696389,2023-05-21T02:58,2023-05-21T15:13,44104.61,0.0,23.51,6.17,94,1011.8,14.7,0.166,30.5
2314,10906X0039/C2-1,BSS002MNYD,2023-05-22,100.33,Valeur mesurée,Syndicat Mixte pour la Protection et la Gestion des Nappes Souterraines de la Plaine du Roussillon  (20001584000016),2.685378283,42.685696389,2023-05-22T02:58,2023-05-22T15:13,44110.28,0.0,24.1,6.37,9,1012.0,15.2,0.165,30.7
2315,10906X0039/C2-1,BSS002MNYD,2023-05-23,100.39,Valeur mesurée,Syndicat Mixte pour la Protection et la Gestion des Nappes Souterraines de la Plaine du Roussillon  (20001584000016),2.685378283,42.685696389,2023-05-23T02:58,2023-05-23T15:13,44115.83,0.3,23.08,6.29,22,1013.0,16.3,0.165,30.9
2316,10906X0039/C2-1,BSS002MNYD,2023-05-24,100.4,Valeur mesurée,Syndicat Mixte pour la Protection et la Gestion des Nappes Souterraines de la Plaine du Roussillon  (20001584000016),2.685378283,42.685696389,2023-05-24T02:58,2023-05-24T15:13,44121.25,1.7,20.07,5.44,54,1013.6,17.2,0.166,30.8
2317,10906X0039/C2-1,BSS002MNYD,2023-05-25,100.39,Valeur mesurée,Syndicat Mixte pour la Protection et la Gestion des Nappes Souterraines de la Plaine du Roussillon  (20001584000016),2.685378283,42.685696389,2023-05-25T02:58,2023-05-25T15:13,44126.53,0.0,21.79,6.28,23,1013.3,16.1,0.165,30.8
2318,10906X0039/C2-1,BSS002MNYD,2023-05-26,100.36,Valeur mesurée,Syndicat Mixte pour la Protection et la Gestion des Nappes Souterraines de la Plaine du Roussillon  (20001584000016),2.685378283,42.685696389,2023-05-26T02:58,2023-05-26T15:14,44131.66,0.6,21.32,6.17,54,1013.5,18.4,0.164,30.9
2319,10906X0039/C2-1,BSS002MNYD,2023-05-27,100.31,Valeur mesurée,Syndicat Mixte pour la Protection et la Gestion des Nappes Souterraines de la Plaine du Roussillon  (20001584000016),2.685378283,42.685696389,2023-05-27T02:58,2023-05-27T15:14,44136.64,0.5,22.77,6.33,68,1014.0,16.5,0.163,30.9
2320,10906X0039/C2-1,BSS002MNYD,2023-05-28,100.28,Valeur mesurée,Syndicat Mixte pour la Protection et la Gestion des Nappes Souterraines de la Plaine du Roussillon  (20001584000016),2.685378283,42.685696389,2023-05-28T02:58,2023-05-28T15:14,44141.47,8.1,17.85,4.36,96,1014.2,13.6,0.165,30.6
2321,10906X0039/C2-1,BSS002MNYD,2023-05-29,100.25,Valeur mesurée,Syndicat Mixte pour la Protection et la Gestion des Nappes Souterraines de la Plaine du Roussillon  (20001584000016),2.685378283,42.685696389,2023-05-29T02:58,2023-05-29T15:14,44146.13,0.7,22.19,5.83,44,1014.2,14.8,0.162,30.6
2322,10906X0039/C2-1,BSS002MNYD,2023-05-30,100.23,Valeur mesurée,Syndicat Mixte pour la Protection et la Gestion des Nappes Souterraines de la Plaine du Roussillon  (20001584000016),2.685378283,42.685696389,2023-05-30T02:58,2023-05-30T15:14,44150.62,0.0,22.35,6.04,61,1014.1,15.2,0.161,30.8
2323,10906X0039/C2-1,BSS002MNYD,2023-05-31,100.23,Valeur mesurée,Syndicat Mixte pour la Protection et la Gestion des Nappes Souterraines de la Plaine du Roussillon  (20001584000016),2.685378283,42.685696389,2023-05-31T02:58,2023-05-31T15:14,44154.93,0.2,21.5,6.04,23,1014.1,19.3,0.16,30.9
2324,10906X0039/C2-1,BSS002MNYD,2023-06-01,100.23,Valeur mesurée,Syndicat Mixte pour la Protection et la Gestion des Nappes Souterraines de la Plaine du Roussillon  (20001584000016),2.685378283,42.685696389,2023-06-01T02:59,2023-06-01T15:15,44159.07,0.6,21.19,5.89,29,1013.6,18.7,0.159,30.9
2325,10906X0039/C2-1,BSS002MNYD,2023-06-02,100.22,Valeur mesurée,Syndicat Mixte pour la Protection et la Gestion des Nappes Souterraines de la Plaine du Roussillon  (20001584000016),2.685378283,42.685696389,2023-06-02T02:59,2023-06-02T15:15,44163.01,0.2,20.66,5.75,30,1013.8,16.8,0.159,30.9
2326,10906X0039/C2-1,BSS002MNYD,2023-06-03,100.25,Valeur mesurée,Syndicat Mixte pour la Protection et la Gestion des Nappes Souterraines de la Plaine du Roussillon  (20001584000016),2.685378283,42.685696389,2023-06-03T02:59,2023-06-03T15:15,44166.76,0.6,19.96,5.48,34,1014.2,18.5,0.159,30.9
2327,10906X0039/C2-1,BSS002MNYD,2023-06-04,100.33,Valeur mesurée,Syndicat Mixte pour la Protection et la Gestion des Nappes Souterraines de la Plaine du Roussillon  (20001584000016),2.685378283,42.685696389,2023-06-04T02:59,2023-06-04T15:15,44170.3,0.5,19.68,5.25,63,1014.2,17.8,0.16,30.8
2328,10906X0039/C2-1,BSS002MNYD,2023-06-05,100.42,Valeur mesurée,Syndicat Mixte pour la Protection et la Gestion des Nappes Souterraines de la Plaine du Roussillon  (20001584000016),2.685378283,42.685696389,2023-06-05T02:59,2023-06-05T15:15,44173.65,0.0,18.55,5.75,71,1013.6,19.1,0.16,30.8
2329,10906X0039/C2-1,BSS002MNYD,2023-06-06,100.48,Valeur mesurée,Syndicat Mixte pour la Protection et la Gestion des Nappes Souterraines de la Plaine du Roussillon  (20001584000016),2.685378283,42.685696389,2023-06-06T02:59,2023-06-06T15:16,44176.77,0.2,20.98,6.64,74,1014.1,20.3,0.16,30.8
2330,10906X0039/C2-1,BSS002MNYD,2023-06-07,100.57,Valeur mesurée,Syndicat Mixte pour la Protection et la Gestion des Nappes Souterraines de la Plaine du Roussillon  (20001584000016),2.685378283,42.685696389,2023-06-07T02:59,2023-06-07T15:16,44179.68,0.0,22.58,6.24,42,1014.0,16.8,0.16,30.9
2331,10906X0039/C2-1,BSS002MNYD,2023-06-08,100.69,Valeur mesurée,Syndicat Mixte pour la Protection et la Gestion des Nappes Souterraines de la Plaine du Roussillon  (20001584000016),2.685378283,42.685696389,2023-06-08T03:00,2023-06-08T15:16,44182.4,0.0,21.74,6.59,83,1013.6,20.2,0.159,30.9
2332,10906X0039/C2-1,BSS002MNYD,2023-06-09,100.8,Valeur mesurée,Syndicat Mixte pour la Protection et la Gestion des Nappes Souterraines de la Plaine du Roussillon  (20001584000016),2.685378283,42.685696389,2023-06-09T03:00,2023-06-09T15:16,44184.93,0.2,20.95,6.12,98,1013.6,20.3,0.159,30.9
2333,10906X0039/C2-1,BSS002MNYD,2023-06-10,100.92,Valeur mesurée,Syndicat Mixte pour la Protection et la Gestion des Nappes Souterraines de la Plaine du Roussillon  (20001584000016),2.685378283,42.685696389,2023-06-10T03:00,2023-06-10T15:16,44187.27,0.0,22.61,7.03,76,1013.1,19.5,0.159,30.9
2334,10906X0039/C2-1,BSS002MNYD,2023-06-11,101.01,Valeur mesurée,Syndicat Mixte pour la Protection et la Gestion des Nappes Souterraines de la Plaine du Roussillon  (20001584000016),2.685378283,42.685696389,2023-06-11T03:00,2023-06-11T15:17,44189.42,0.0,19.58,6.17,62,1013.3,19.8,0.158,30.9
2335,10906X0039/C2-1,BSS002MNYD,2023-06-12,101.08,Valeur mesurée,Syndicat Mixte pour la Protection et la Gestion des Nappes Souterraines de la Plaine du Roussillon  (20001584000016),2.685378283,42.685696389,2023-06-12T03:00,2023-06-12T15:17,44191.39,0.0,23.38,7.27,77,1012.4,21.6,0.158,30.9
2336,10906X0039/C2-1,BSS002MNYD,2023-06-13,101.16,Valeur mesurée,Syndicat Mixte pour la Protection et la Gestion des Nappes Souterraines de la Plaine du Roussillon  (20001584000016),2.685378283,42.685696389,2023-06-13T03:00,2023-06-13T15:17,44193.15,0.0,22.4,7.03,63,1012.7,21.4,0.157,31.0
2337,10906X0039/C2-1,BSS002MNYD,2023-06-14,101.24,Valeur mesurée,Syndicat Mixte pour la Protection et la Gestion des Nappes Souterraines de la Plaine du Roussillon  (20001584000016),2.685378283,42.685696389,2023-06-14T03:01,2023-06-14T15:17,44194.71,0.3,22.49,7.4,99,1013.1,21.5,0.156,31.1
2338,10906X0039/C2-1,BSS002MNYD,2023-06-15,101.25,Valeur mesurée,Syndicat Mixte pour la Protection et la Gestion des Nappes Souterraines de la Plaine du Roussillon  (20001584000016),2.685378283,42.685696389,2023-06-15T03:01,2023-06-15T15:17,44196.08,0.0,21.11,6.92,85,1013.8,19.4,0.156,31.2
2339,10906X0039/C2-1,BSS002MNYD,2023-06-16,101.25,Valeur mesurée,Syndicat Mixte pour la Protection et la Gestion des Nappes Souterraines de la Plaine du Roussillon  (20001584000016),2.685378283,42.685696389,2023-06-16T03:01,2023-06-16T15:18,44197.26,0.0,21.3,7.27,91,1012.9,22.1,0.157,31.2
2340,10906X0039/C2-1,BSS002MNYD,2023-06-17,101.24,Valeur mesurée,Syndicat Mixte pour la Protection et la Gestion des Nappes Souterraines de la Plaine du Roussillon  (20001584000016),2.685378283,42.685696389,2023-06-17T03:01,2023-06-17T15:18,44198.23,0.9,16.98,5.69,52,1013.9,21.5,0.158,31.1
2341,10906X0039/C2-1,BSS002MNYD,2023-06-18,101.22,Valeur mesurée,Syndicat Mixte pour la Protection et la Gestion des Nappes Souterraines de la Plaine du Roussillon  (20001584000016),2.685378283,42.685696389,2023-06-18T03:02,2023-06-18T15:18,44199.0,0.1,21.62,6.55,34,1013.7,19.5,0.158,31.1
2342,10906X0039/C2-1,BSS002MNYD,2023-06-19,101.24,Valeur mesurée,Syndicat Mixte pour la Protection et la Gestion des Nappes Souterraines de la Plaine du Roussillon  (20001584000016),2.685378283,42.685696389,2023-06-19T03:02,2023-06-19T15:18,44199.57,0.3,21.55,6.43,54,1013.3,19.6,0.157,31.1
2343,10906X0039/C2-1,BSS002MNYD,2023-06-20,101.27,Valeur mesurée,Syndicat Mixte pour la Protection et la Gestion des Nappes Souterraines de la Plaine du Roussillon  (20001584000016),2.685378283,42.685696389,2023-06-20T03:02,2023-06-20T15:19,44199.94,0.2,20.63,6.42,84,1012.7,19.9,0.157,31.1
2344,10906X0039/C2-1,BSS002MNYD,2023-06-21,101.33,Valeur mesurée,Syndicat Mixte pour la Protection et la Gestion des Nappes Souterraines de la Plaine du Roussillon  (20001584000016),2.685378283,42.685696389,2023-06-21T03:02,2023-06-21T15:19,44200.1,0.1,19.25,6.57,99,1012.8,21.3,0.157,31.0
2345,10906X0039/C2-1,BSS002MNYD,2023-06-22,101.39,Valeur mesurée,Syndicat Mixte pour la Protection et la Gestion des Nappes Souterraines de la Plaine du Roussillon  (20001584000016),2.685378283,42.685696389,2023-06-22T03:02,2023-06-22T15:19,44200.06,0.6,19.75,6.33,81,1013.1,22.8,0.156,31.0
2346,10906X0039/C2-1,BSS002MNYD,2023-06-23,101.45,Valeur mesurée,Syndicat Mixte pour la Protection et la Gestion des Nappes Souterraines de la Plaine du Roussillon  (20001584000016),2.685378283,42.685696389,2023-06-23T03:03,2023-06-23T15:19,44199.8,0.1,17.98,6.5,88,1014.0,22.1,0.156,31.0
2347,10906X0039/C2-1,BSS002MNYD,2023-06-24,101.46,Valeur mesurée,Syndicat Mixte pour la Protection et la Gestion des Nappes Souterraines de la Plaine du Roussillon  (20001584000016),2.685378283,42.685696389,2023-06-24T03:03,2023-06-24T15:20,44199.35,0.0,17.0,6.28,62,1013.8,21.1,0.156,30.9
2348,10906X0039/C2-1,BSS002MNYD,2023-06-25,101.46,Valeur mesurée,Syndicat Mixte pour la Protection et la Gestion des Nappes Souterraines de la Plaine du Roussillon  (20001584000016),2.685378283,42.685696389,2023-06-25T03:03,2023-06-25T15:20,44198.68,0.0,20.64,7.36,65,1012.5,24.0,0.156,30.8
2349,10906X0039/C2-1,BSS002MNYD,2023-06-26,101.43,Valeur mesurée,Syndicat Mixte pour la Protection et la Gestion des Nappes Souterraines de la Plaine du Roussillon  (20001584000016),2.685378283,42.685696389,2023-06-26T03:03,2023-06-26T15:20,44197.81,1.0,17.55,5.87,84,1013.2,24.0,0.156,30.7
2350,10906X0039/C2-1,BSS002MNYD,2023-06-27,101.46,Valeur mesurée,Syndicat Mixte pour la Protection et la Gestion des Nappes Souterraines de la Plaine du Roussillon  (20001584000016),2.685378283,42.685696389,2023-06-27T03:03,2023-06-27T15:20,44196.73,0.0,16.92,6.02,89,1013.5,22.8,0.161,30.5
2351,10906X0039/C2-1,BSS002MNYD,2023-06-28,101.46,Valeur mesurée,Syndicat Mixte pour la Protection et la Gestion des Nappes Souterraines de la Plaine du Roussillon  (20001584000016),2.685378283,42.685696389,2023-06-28T03:04,2023-06-28T15:20,44195.42,1.3,19.26,5.83,94,1014.6,21.3,0.165,30.4
2352,10906X0039/C2-1,BSS002MNYD,2023-06-29,101.45,Valeur mesurée,Syndicat Mixte pour la Protection et la Gestion des Nappes Souterraines de la Plaine du Roussillon  (20001584000016),2.685378283,42.685696389,2023-06-29T03:04,2023-06-29T15:20,44193.89,1.5,16.42,5.0,80,1015.1,21.5,0.167,30.1
2353,10906X0039/C2-1,BSS002MNYD,2023-06-30,101.46,Valeur mesurée,Syndicat Mixte pour la Protection et la Gestion des Nappes Souterraines de la Plaine du Roussillon  (20001584000016),2.685378283,42.685696389,2023-06-30T03:04,2023-06-30T15:21,44192.15,1.0,19.83,5.28,76,1015.4,20.4,0.168,29.9
2354,10906X0039/C2-1,BSS002MNYD,2023-07-01,101.51,Valeur mesurée,Syndicat Mixte pour la Protection et la Gestion des Nappes Souterraines de la Plaine du Roussillon  (20001584000016),2.685378283,42.685696389,2023-07-01T03:04,2023-07-01T15:21,44190.19,1.6,19.05,5.39,97,1016.5,21.0,0.169,29.7
2355,10906X0039/C2-1,BSS002MNYD,2023-07-02,101.55,Valeur mesurée,Syndicat Mixte pour la Protection et la Gestion des Nappes Souterraines de la Plaine du Roussillon  (20001584000016),2.685378283,42.685696389,2023-07-02T03:04,2023-07-02T15:21,44188.02,0.0,15.56,5.43,92,1017.2,22.5,0.169,29.6
2356,10906X0039/C2-1,BSS002MNYD,2023-07-03,101.57,Valeur mesurée,Syndicat Mixte pour la Protection et la Gestion des Nappes Souterraines de la Plaine du Roussillon  (20001584000016),2.685378283,42.685696389,2023-07-03T03:05,2023-07-03T15:21,44185.65,0.0,15.77,5.21,83,1017.5,20.9,0.168,29.4
2357,10906X0039/C2-1,BSS002MNYD,2023-07-04,101.61,Valeur mesurée,Syndicat Mixte pour la Protection et la Gestion des Nappes Souterraines de la Plaine du Roussillon  (20001584000016),2.685378283,42.685696389,2023-07-04T03:05,2023-07-04T15:21,44183.09,0.0,14.3,5.22,78,1016.4,22.2,0.168,29.3
2358,10906X0039/C2-1,BSS002MNYD,2023-07-05,101.63,Valeur mesurée,Syndicat Mixte pour la Protection et la Gestion des Nappes Souterraines de la Plaine du Roussillon  (20001584000016),2.685378283,42.685696389,2023-07-05T03:05,2023-07-05T15:21,44180.33,0.0,15.6,5.74,71,1014.6,23.1,0.168,29.3
2359,10906X0039/C2-1,BSS002MNYD,2023-07-06,101.69,Valeur mesurée,Syndicat Mixte pour la Protection et la Gestion des Nappes Souterraines de la Plaine du Roussillon  (20001584000016),2.685378283,42.685696389,2023-07-06T03:05,2023-07-06T15:22,44177.37,0.0,15.08,5.9,99,1015.0,25.5,0.167,29.3
2360,10906X0039/C2-1,BSS002MNYD,2023-07-07,101.75,Valeur mesurée,Syndicat Mixte pour la Protection et la Gestion des Nappes Souterraines de la Plaine du Roussillon  (20001584000016),2.685378283,42.685696389,2023-07-07T03:06,2023-07-07T15:22,44174.24,0.2,19.34,5.91,62,1016.6,22.0,0.167,29.3
2361,10906X0039/C2-1,BSS002MNYD,2023-07-08,101.76,Valeur mesurée,Syndicat Mixte pour la Protection et la Gestion des Nappes Souterraines de la Plaine du Roussillon  (20001584000016),2.685378283,42.685696389,2023-07-08T03:06,2023-07-08T15:22,44170.92,0.0,15.11,5.13,46,1015.8,20.4,0.167,29.2
2362,10906X0039/C2-1,BSS002MNYD,2023-07-09,101.75,Valeur mesurée,Syndicat Mixte pour la Protection et la Gestion des Nappes Souterraines de la Plaine du Roussillon  (20001584000016),2.685378283,42.685696389,2023-07-09T03:06,2023-07-09T15:22,44167.42,2.1,15.61,4.84,81,1014.8,19.5,0.168,29.1
2363,10906X0039/C2-1,BSS002MNYD,2023-07-10,101.73,Valeur mesurée,Syndicat Mixte pour la Protection et la Gestion des Nappes Souterraines de la Plaine du Roussillon  (20001584000016),2.685378283,42.685696389,2023-07-10T03:06,2023-07-10T15:22,44163.76,0.0,20.87,6.25,94,1013.8,22.0,0.168,29.2
2364,10906X0039/C2-1,BSS002MNYD,2023-07-11,101.76,Valeur mesurée,Syndicat Mixte pour la Protection et la Gestion des Nappes Souterraines de la Plaine du Roussillon  (20001584000016),2.685378283,42.685696389,2023-07-11T03:06,2023-07-11T15:22,44159.92,0.0,22.12,6.76,72,1013.6,21.3,0.167,29.4
2365,10906X0039/C2-1,BSS002MNYD,2023-07-12,101.81,Valeur mesurée,Syndicat Mixte pour la Protection et la Gestion des Nappes Souterraines de la Plaine du Roussillon  (20001584000016),2.685378283,42.685696389,2023-07-12T03:06,2023-07-12T15:22,44155.93,0.0,20.01,6.73,51,1014.4,25.1,0.166,29.5
2366,10906X0039/C2-1,BSS002MNYD,2023-07-13,101.86,Valeur mesurée,Syndicat Mixte pour la Protection et la Gestion des Nappes Souterraines de la Plaine du Roussillon  (20001584000016),2.685378283,42.685696389,2023-07-13T03:07,2023-07-13T15:22,44151.78,0.0,16.59,5.88,91,1015.0,24.2,0.165,29.5
2367,10906X0039/C2-1,BSS002MNYD,2023-07-14,101.88,Valeur mesurée,Syndicat Mixte pour la Protection et la Gestion des Nappes Souterraines de la Plaine du Roussillon  (20001584000016),2.685378283,42.685696389,2023-07-14T03:07,2023-07-14T15:23,44147.48,2.8,19.72,5.72,58,1015.5,22.7,0.166,29.5
2368,10906X0039/C2-1,BSS002MNYD,2023-07-15,101.89,Valeur mesurée,Syndicat Mixte pour la Protection et la Gestion des Nappes Souterraines de la Plaine du Roussillon  (20001584000016),2.685378283,42.685696389,2023-07-15T03:07,2023-07-15T15:23,44143.03,2.0,18.85,5.71,58,1015.8,21.2,0.165,29.4
2369,10906X0039/C2-1,BSS002MNYD,2023-07-16,101.89,Valeur mesurée,Syndicat Mixte pour la Protection et la Gestion des Nappes Souterraines de la Plaine du Roussillon  (20001584000016),2.685378283,42.685696389,2023-07-16T03:07,2023-07-16T15:23,44138.43,0.9,20.31,6.27,77,1016.1,23.0,0.165,29.4
2370,10906X0039/C2-1,BSS002MNYD,2023-07-17,101.86,Valeur mesurée,Syndicat Mixte pour la Protection et la Gestion des Nappes Souterraines de la Plaine du Roussillon  (20001584000016),2.685378283,42.685696389,2023-07-17T03:07,2023-07-17T15:23,44133.69,0.0,17.28,6.14,62,1016.2,22.2,0.165,29.3
2371,10906X0039/C2-1,BSS002MNYD,2023-07-18,101.88,Valeur mesurée,Syndicat Mixte pour la Protection et la Gestion des Nappes Souterraines de la Plaine du Roussillon  (20001584000016),2.685378283,42.685696389,2023-07-18T03:07,2023-07-18T15:23,44128.76,0.2,16.02,5.78,52,1015.8,23.6,0.164,29.2
2372,10906X0039/C2-1,BSS002MNYD,2023-07-19,101.94,Valeur mesurée,Syndicat Mixte pour la Protection et la Gestion des Nappes Souterraines de la Plaine du Roussillon  (20001584000016),2.685378283,42.685696389,2023-07-19T03:07,2023-07-19T15:23,44123.64,0.1,18.09,6.17,45,1014.3,23.1,0.164,29.2
2373,10906X0039/C2-1,BSS002MNYD,2023-07-20,101.96,Valeur mesurée,Syndicat Mixte pour la Protection et la Gestion des Nappes Souterraines de la Plaine du Roussillon  (20001584000016),2.685378283,42.685696389,2023-07-20T03:07,2023-07-20T15:23,44118.33,0.0,20.22,6.8,87,1014.2,23.8,0.164,29.3
2374,10906X0039/C2-1,BSS002MNYD,2023-07-21,101.98,Valeur mesurée,Syndicat Mixte pour la Protection et la Gestion des Nappes Souterraines de la Plaine du Roussillon  (20001584000016),2.685378283,42.685696389,2023-07-21T03:08,2023-07-21T15:23,44112.86,0.0,15.18,5.9,99,1015.8,25.7,0.163,29.4
2375,10906X0039/C2-1,BSS002MNYD,2023-07-22,102.01,Valeur mesurée,Syndicat Mixte pour la Protection et la Gestion des Nappes Souterraines de la Plaine du Roussillon  (20001584000016),2.685378283,42.685696389,2023-07-22T03:08,2023-07-22T15:23,44107.22,2.8,19.77,5.7,95,1017.1,23.2,0.164,29.4
2376,10906X0039/C2-1,BSS002MNYD,2023-07-23,102.01,Valeur mesurée,Syndicat Mixte pour la Protection et la Gestion des Nappes Souterraines de la Plaine du Roussillon  (20001584000016),2.685378283,42.685696389,2023-07-23T03:08,2023-07-23T15:23,44101.42,0.1,14.6,5.27,98,1016.4,22.1,0.164,29.3
2377,10906X0039/C2-1,BSS002MNYD,2023-07-24,102.05,Valeur mesurée,Syndicat Mixte pour la Protection et la Gestion des Nappes Souterraines de la Plaine du Roussillon  (20001584000016),2.685378283,42.685696389,2023-07-24T03:08,2023-07-24T15:23,44095.48,0.3,17.34,5.85,67,1014.8,22.7,0.164,29.2
2378,10906X0039/C2-1,BSS002MNYD,2023-07-25,102.09,Valeur mesurée,Syndicat Mixte pour la Protection et la Gestion des Nappes Souterraines de la Plaine du Roussillon  (20001584000016),2.685378283,42.685696389,2023-07-25T03:08,2023-07-25T15:23,44089.39,0.0,16.1,6.28,80,1014.5,24.4,0.162,29.1
2379,10906X0039/C2-1,BSS002MNYD,2023-07-26,102.18,Valeur mesurée,Syndicat Mixte pour la Protection et la Gestion des Nappes Souterraines de la Plaine du Roussillon  (20001584000016),2.685378283,42.685696389,2023-07-26T03:08,2023-07-26T15:23,44083.17,0.0,19.83,6.91,54,1015.1,24.6,0.161,29.2
2380,10906X0039/C2-1,BSS002MNYD,2023-07-27,102.29,Valeur mesurée,Syndicat Mixte pour la Protection et la Gestion des Nappes Souterraines de la Plaine du Roussillon  (20001584000016),2.685378283,42.685696389,2023-07-27T03:08,2023-07-27T15:23,44076.82,0.0,17.12,6.1,68,1015.7,22.7,0.161,29.2
2381,10906X0039/C2-1,BSS002MNYD,2023-07-28,102.33,Valeur mesurée,Syndicat Mixte pour la Protection et la Gestion des Nappes Souterraines de la Plaine du Roussillon  (20001584000016),2.685378283,42.685696389,2023-07-28T03:08,2023-07-28T15:23,44070.35,0.4,13.92,4.68,79,1016.2,22.3,0.161,29.1
2382,10906X0039/C2-1,BSS002MNYD,2023-07-29,102.37,Valeur mesurée,Syndicat Mixte pour la Protection et la Gestion des Nappes Souterraines de la Plaine du Roussillon  (20001584000016),2.685378283,42.685696389,2023-07-29T03:08,2023-07-29T15:22,44063.77,1.1,19.55,5.85,65,1015.3,21.8,0.161,29.1
2383,10906X0039/C2-1,BSS002MNYD,2023-07-30,102.42,Valeur mesurée,Syndicat Mixte pour la Protection et la Gestion des Nappes Souterraines de la Plaine du Roussillon  (20001584000016),2.685378283,42.685696389,2023-07-30T03:08,2023-07-30T15:22,44057.09,0.7,17.64,6.0,57,1014.4,22.7,0.162,29.2
2384,10906X0039/C2-1,BSS002MNYD,2023-07-31,102.46,Valeur mesurée,Syndicat Mixte pour la Protection et la Gestion des Nappes Souterraines de la Plaine du Roussillon  (20001584000016),2.685378283,42.685696389,2023-07-31T03:08,2023-07-31T15:22,44050.31,0.3,17.14,5.95,60,1014.8,22.2,0.162,29.1
2385,10906X0039/C2-1,BSS002MNYD,2023-08-01,102.5,Valeur mesurée,Syndicat Mixte pour la Protection et la Gestion des Nappes Souterraines de la Plaine du Roussillon  (20001584000016),2.685378283,42.685696389,2023-08-01T03:08,2023-08-01T15:22,44043.44,0.1,17.2,5.79,82,1015.7,21.6,0.162,29.1
2386,10906X0039/C2-1,BSS002MNYD,2023-08-02,102.56,Valeur mesurée,Syndicat Mixte pour la Protection et la Gestion des Nappes Souterraines de la Plaine du Roussillon  (20001584000016),2.685378283,42.685696389,2023-08-02T03:08,2023-08-02T15:22,44036.48,0.2,10.38,4.37,100,1017.3,20.6,0.163,28.9
2387,10906X0039/C2-1,BSS002MNYD,2023-08-03,102.62,Valeur mesurée,Syndicat Mixte pour la Protection et la Gestion des Nappes Souterraines de la Plaine du Roussillon  (20001584000016),2.685378283,42.685696389,2023-08-03T03:08,2023-08-03T15:22,44029.45,0.6,20.37,6.46,82,1017.9,22.9,0.162,29.0
2388,10906X0039/C2-1,BSS002MNYD,2023-08-04,102.62,Valeur mesurée,Syndicat Mixte pour la Protection et la Gestion des Nappes Souterraines de la Plaine du Roussillon  (20001584000016),2.685378283,42.685696389,2023-08-04T03:08,2023-08-04T15:22,44022.35,0.6,19.06,6.26,96,1017.3,23.3,0.162,29.1
2389,10906X0039/C2-1,BSS002MNYD,2023-08-05,102.59,Valeur mesurée,Syndicat Mixte pour la Protection et la Gestion des Nappes Souterraines de la Plaine du Roussillon  (20001584000016),2.685378283,42.685696389,2023-08-05T03:08,2023-08-05T15:22,44015.19,1.3,20.61,6.14,90,1017.6,24.2,0.162,29.1
2390,10906X0039/C2-1,BSS002MNYD,2023-08-06,102.58,Valeur mesurée,Syndicat Mixte pour la Protection et la Gestion des Nappes Souterraines de la Plaine du Roussillon  (20001584000016),2.685378283,42.685696389,2023-08-06T03:08,2023-08-06T15:21,44007.96,1.0,19.15,5.82,70,1017.7,22.5,0.162,29.1
2391,10906X0039/C2-1,BSS002MNYD,2023-08-07,102.57,Valeur mesurée,Syndicat Mixte pour la Protection et la Gestion des Nappes Souterraines de la Plaine du Roussillon  (20001584000016),2.685378283,42.685696389,2023-08-07T03:08,2023-08-07T15:21,44000.61,1.8,21.66,6.3,66,1015.8,23.2,0.161,29.1
2392,10906X0039/C2-1,BSS002MNYD,2023-08-08,102.59,Valeur mesurée,Syndicat Mixte pour la Protection et la Gestion des Nappes Souterraines de la Plaine du Roussillon  (20001584000016),2.685378283,42.685696389,2023-08-08T03:08,2023-08-08T15:21,43993.13,0.0,17.01,5.95,77,1014.9,23.9,0.162,29.0
2393,10906X0039/C2-1,BSS002MNYD,2023-08-09,102.6,Valeur mesurée,Syndicat Mixte pour la Protection et la Gestion des Nappes Souterraines de la Plaine du Roussillon  (20001584000016),2.685378283,42.685696389,2023-08-09T03:08,2023-08-09T15:21,43985.53,0.0,16.28,6.06,88,1015.3,22.7,0.161,29.0
2394,10906X0039/C2-1,BSS002MNYD,2023-08-10,102.61,Valeur mesurée,Syndicat Mixte pour la Protection et la Gestion des Nappes Souterraines de la Plaine du Roussillon  (20001584000016),2.685378283,42.685696389,2023-08-10T03:08,2023-08-10T15:21,43977.83,0.1,18.42,6.46,90,1015.3,22.1,0.161,29.1
2395,10906X0039/C2-1,BSS002MNYD,2023-08-11,102.63,Valeur mesurée,Syndicat Mixte pour la Protection et la Gestion des Nappes Souterraines de la Plaine du Roussillon  (20001584000016),2.685378283,42.685696389,2023-08-11T03:08,2023-08-11T15:20,43970.02,0.4,22.09,7.02,98,1014.6,23.6,0.161,29.3
2396,10906X0039/C2-1,BSS002MNYD,2023-08-12,102.63,Valeur mesurée,Syndicat Mixte pour la Protection et la Gestion des Nappes Souterraines de la Plaine du Roussillon  (20001584000016),2.685378283,42.685696389,2023-08-12T03:07,2023-08-12T15:20,43962.12,0.6,23.1,6.99,84,1014.3,21.5,0.161,29.4
2397,10906X0039/C2-1,BSS002MNYD,2023-08-13,102.64,Valeur mesurée,Syndicat Mixte pour la Protection et la Gestion des Nappes Souterraines de la Plaine du Roussillon  (20001584000016),2.685378283,42.685696389,2023-08-13T03:07,2023-08-13T15:20,43954.14,0.0,23.26,6.44,21,1014.3,17.4,0.16,29.6
2398,10906X0039/C2-1,BSS002MNYD,2023-08-14,102.64,Valeur mesurée,Syndicat Mixte pour la Protection et la Gestion des Nappes Souterraines de la Plaine du Roussillon  (20001584000016),2.685378283,42.685696389,2023-08-14T03:07,2023-08-14T15:20,43946.07,0.0,22.68,6.79,29,1014.3,18.0,0.16,29.8
2399,10906X0039/C2-1,BSS002MNYD,2023-08-15,102.67,Valeur mesurée,Syndicat Mixte pour la Protection et la Gestion des Nappes Souterraines de la Plaine du Roussillon  (20001584000016),2.685378283,42.685696389,2023-08-15T03:07,2023-08-15T15:19,43937.94,0.2,22.14,6.47,37,1014.2,20.1,0.16,29.9
2400,10906X0039/C2-1,BSS002MNYD,2023-08-16,102.69,Valeur mesurée,Syndicat Mixte pour la Protection et la Gestion des Nappes Souterraines de la Plaine du Roussillon  (20001584000016),2.685378283,42.685696389,2023-08-16T03:07,2023-08-16T15:19,43929.74,0.1,23.88,7.26,80,1014.0,20.7,0.16,30.0
2401,10906X0039/C2-1,BSS002MNYD,2023-08-17,102.69,Valeur mesurée,Syndicat Mixte pour la Protection et la Gestion des Nappes Souterraines de la Plaine du Roussillon  (20001584000016),2.685378283,42.685696389,2023-08-17T03:07,2023-08-17T15:19,43921.49,0.0,20.76,6.78,58,1014.1,21.2,0.159,30.0
2402,10906X0039/C2-1,BSS002MNYD,2023-08-18,102.7,Valeur mesurée,Syndicat Mixte pour la Protection et la Gestion des Nappes Souterraines de la Plaine du Roussillon  (20001584000016),2.685378283,42.685696389,2023-08-18T03:07,2023-08-18T15:19,43913.19,0.0,21.51,6.61,31,1014.0,19.6,0.159,30.0
2403,10906X0039/C2-1,BSS002MNYD,2023-08-19,102.71,Valeur mesurée,Syndicat Mixte pour la Protection et la Gestion des Nappes Souterraines de la Plaine du Roussillon  (20001584000016),2.685378283,42.685696389,2023-08-19T03:07,2023-08-19T15:18,43904.85,0.2,19.19,6.18,89,1013.3,18.9,0.159,30.0
2404,10906X0039/C2-1,BSS002MNYD,2023-08-20,102.73,Valeur mesurée,Syndicat Mixte pour la Protection et la Gestion des Nappes Souterraines de la Plaine du Roussillon  (20001584000016),2.685378283,42.685696389,2023-08-20T03:06,2023-08-20T15:18,43896.48,0.0,25.35,7.47,78,1012.0,20.0,0.159,30.2
2405,10906X0039/C2-1,BSS002MNYD,2023-08-21,102.76,Valeur mesurée,Syndicat Mixte pour la Protection et la Gestion des Nappes Souterraines de la Plaine du Roussillon  (20001584000016),2.685378283,42.685696389,2023-08-21T03:06,2023-08-21T15:18,43888.06,2.3,15.63,4.78,73,1012.0,18.2,0.16,30.1
2406,10906X0039/C2-1,BSS002MNYD,2023-08-22,102.79,Valeur mesurée,Syndicat Mixte pour la Protection et la Gestion des Nappes Souterraines de la Plaine du Roussillon  (20001584000016),2.685378283,42.685696389,2023-08-22T03:06,2023-08-22T15:17,43879.64,8.4,16.52,3.82,80,1013.3,16.0,0.163,29.7
2407,10906X0039/C2-1,BSS002MNYD,2023-08-23,102.82,Valeur mesurée,Syndicat Mixte pour la Protection et la Gestion des Nappes Souterraines de la Plaine du Roussillon  (20001584000016),2.685378283,42.685696389,2023-08-23T03:06,2023-08-23T15:17,43871.2,0.3,20.43,5.39,43,1013.2,16.9,0.162,29.5
2408,10906X0039/C2-1,BSS002MNYD,2023-08-24,102.83,Valeur mesurée,Syndicat Mixte pour la Protection et la Gestion des Nappes Souterraines de la Plaine du Roussillon  (20001584000016),2.685378283,42.685696389,2023-08-24T03:06,2023-08-24T15:17,43862.75,0.0,23.5,6.19,31,1012.6,17.3,0.16,29.4
2409,10906X0039/C2-1,BSS002MNYD,2023-08-25,102.84,Valeur mesurée,Syndicat Mixte pour la Protection et la Gestion des Nappes Souterraines de la Plaine du Roussillon  (20001584000016),2.685378283,42.685696389,2023-08-25T03:05,2023-08-25T15:16,43854.3,0.0,19.27,5.77,31,1012.3,19.1,0.159,29.5
2410,10906X0039/C2-1,BSS002MNYD,2023-08-26,102.84,Valeur mesurée,Syndicat Mixte pour la Protection et la Gestion des Nappes Souterraines de la Plaine du Roussillon  (20001584000016),2.685378283,42.685696389,2023-08-26T03:05,2023-08-26T15:16,43845.85,0.0,20.61,6.15,74,1012.9,19.9,0.159,29.6
2411,10906X0039/C2-1,BSS002MNYD,2023-08-27,102.82,Valeur mesurée,Syndicat Mixte pour la Protection et la Gestion des Nappes Souterraines de la Plaine du Roussillon  (20001584000016),2.685378283,42.685696389,2023-08-27T03:05,2023-08-27T15:16,43837.32,0.1,20.06,5.91,41,1014.5,19.4,0.158,29.5
2412,10906X0039/C2-1,BSS002MNYD,2023-08-28,102.83,Valeur mesurée,Syndicat Mixte pour la Protection et la Gestion des Nappes Souterraines de la Plaine du Roussillon  (20001584000016),2.685378283,42.685696389,2023-08-28T03:05,2023-08-28T15:15,43828.73,0.2,23.94,7.0,37,1015.7,23.1,0.157,29.7
2413,10906X0039/C2-1,BSS002MNYD,2023-08-29,102.88,Valeur mesurée,Syndicat Mixte pour la Protection et la Gestion des Nappes Souterraines de la Plaine du Roussillon  (20001584000016),2.685378283,42.685696389,2023-08-29T03:05,2023-08-29T15:15,43820.07,1.2,19.48,6.03,78,1015.2,23.9,0.157,29.7
2414,10906X0039/C2-1,BSS002MNYD,2023-08-30,102.92,Valeur mesurée,Syndicat Mixte pour la Protection et la Gestion des Nappes Souterraines de la Plaine du Roussillon  (20001584000016),2.685378283,42.685696389,2023-08-30T03:04,2023-08-30T15:15,43811.36,0.0,17.78,5.77,68,1015.4,22.1,0.157,29.7
2415,10906X0039/C2-1,BSS002MNYD,2023-08-31,102.94,Valeur mesurée,Syndicat Mixte pour la Protection et la Gestion des Nappes Souterraines de la Plaine du Roussillon  (20001584000016),2.685378283,42.685696389,2023-08-31T03:04,2023-08-31T15:14,43802.6,0.3,18.65,5.6,34,1015.1,20.2,0.157,29.6
2416,10906X0039/C2-1,BSS002MNYD,2023-09-01,102.97,Valeur mesurée,Syndicat Mixte pour la Protection et la Gestion des Nappes Souterraines de la Plaine du Roussillon  (20001584000016),2.685378283,42.685696389,2023-09-01T03:04,2023-09-01T15:14,43793.8,0.2,21.68,6.57,49,1014.6,21.2,0.157,29.7
2417,10906X0039/C2-1,BSS002MNYD,2023-09-02,102.97,Valeur mesurée,Syndicat Mixte pour la Protection et la Gestion des Nappes Souterraines de la Plaine du Roussillon  (20001584000016),2.685378283,42.685696389,2023-09-02T03:04,2023-09-02T15:13,43784.96,0.0,25.82,7.73,49,1013.7,22.6,0.157,29.9
2418,10906X0039/C2-1,BSS002MNYD,2023-09-03,102.97,Valeur mesurée,Syndicat Mixte pour la Protection et la Gestion des Nappes Souterraines de la Plaine du Roussillon  (20001584000016),2.685378283,42.685696389,2023-09-03T03:03,2023-09-03T15:13,43776.1,0.0,18.22,6.31,45,1012.6,23.6,0.157,29.9
2419,10906X0039/C2-1,BSS002MNYD,2023-09-04,102.98,Valeur mesurée,Syndicat Mixte pour la Protection et la Gestion des Nappes Souterraines de la Plaine du Roussillon  (20001584000016),2.685378283,42.685696389,2023-09-04T03:03,2023-09-04T15:13,43767.2,0.1,23.79,7.4,21,1012.1,23.7,0.157,30.0
2420,10906X0039/C2-1,BSS002MNYD,2023-09-05,103.03,Valeur mesurée,Syndicat Mixte pour la Protection et la Gestion des Nappes Souterraines de la Plaine du Roussillon  (20001584000016),2.685378283,42.685696389,2023-09-05T03:03,2023-09-05T15:12,43758.3,0.1,22.49,7.35,81,1012.0,22.4,0.156,30.2
2421,10906X0039/C2-1,BSS002MNYD,2023-09-06,103.06,Valeur mesurée,Syndicat Mixte pour la Protection et la Gestion des Nappes Souterraines de la Plaine du Roussillon  (20001584000016),2.685378283,42.685696389,2023-09-06T03:03,2023-09-06T15:12,43749.38,0.1,24.08,7.47,58,1012.0,23.4,0.156,30.4
2422,10906X0039/C2-1,BSS002MNYD,2023-09-07,103.08,Valeur mesurée,Syndicat Mixte pour la Protection et la Gestion des Nappes Souterraines de la Plaine du Roussillon  (20001584000016),2.685378283,42.685696389,2023-09-07T03:02,2023-09-07T15:11,43740.46,0.0,24.23,7.76,45,1012.2,23.0,0.156,30.6
2423,10906X0039/C2-1,BSS002MNYD,2023-09-08,103.08,Valeur mesurée,Syndicat Mixte pour la Protection et la Gestion des Nappes Souterraines de la Plaine du Roussillon  (20001584000016),2.685378283,42.685696389,2023-09-08T03:02,2023-09-08T15:11,43731.53,0.0,24.83,7.67,36,1013.0,22.3,0.156,30.7
2424,10906X0039/C2-1,BSS002MNYD,2023-09-09,103.08,Valeur mesurée,Syndicat Mixte pour la Protection et la Gestion des Nappes Souterraines de la Plaine du Roussillon  (20001584000016),2.685378283,42.685696389,2023-09-09T03:02,2023-09-09T15:11,43722.62,0.0,25.6,7.8,79,1013.0,21.2,0.156,30.8
2425,10906X0039/C2-1,BSS002MNYD,2023-09-10,103.07,Valeur mesurée,Syndicat Mixte pour la Protection et la Gestion des Nappes Souterraines de la Plaine du Roussillon  (20001584000016),2.685378283,42.685696389,2023-09-10T03:02,2023-09-10T15:10,43713.72,0.0,25.55,7.85,47,1012.5,23.2,0.156,30.9
2426,10906X0039/C2-1,BSS002MNYD,2023-09-11,103.04,Valeur mesurée,Syndicat Mixte pour la Protection et la Gestion des Nappes Souterraines de la Plaine du Roussillon  (20001584000016),2.685378283,42.685696389,2023-09-11T03:01,2023-09-11T15:10,43704.84,0.6,20.62,6.25,59,1012.5,21.1,0.156,30.9
2427,10906X0039/C2-1,BSS002MNYD,2023-09-12,103.04,Valeur mesurée,Syndicat Mixte pour la Protection et la Gestion des Nappes Souterraines de la Plaine du Roussillon  (20001584000016),2.685378283,42.685696389,2023-09-12T03:01,2023-09-12T15:09,43695.98,0.0,25.69,7.3,43,1012.7,18.3,0.156,31.0
2428,10906X0039/C2-1,BSS002MNYD,2023-09-13,103.06,Valeur mesurée,Syndicat Mixte pour la Protection et la Gestion des Nappes Souterraines de la Plaine du Roussillon  (20001584000016),2.685378283,42.685696389,2023-09-13T03:01,2023-09-13T15:09,43687.15,0.0,19.98,6.31,60,1012.8,21.7,0.156,31.0
2429,10906X0039/C2-1,BSS002MNYD,2023-09-14,103.1,Valeur mesurée,Syndicat Mixte pour la Protection et la Gestion des Nappes Souterraines de la Plaine du Roussillon  (20001584000016),2.685378283,42.685696389,2023-09-14T03:00,2023-09-14T15:08,43678.36,1.3,15.29,5.23,88,1012.8,19.1,0.157,30.8
2430,10906X0039/C2-1,BSS002MNYD,2023-09-15,103.11,Valeur mesurée,Syndicat Mixte pour la Protection et la Gestion des Nappes Souterraines de la Plaine du Roussillon  (20001584000016),2.685378283,42.685696389,2023-09-15T03:00,2023-09-15T15:08,43669.6,2.8,15.76,4.73,78,1013.6,20.5,0.158,30.5
2431,10906X0039/C2-1,BSS002MNYD,2023-09-16,103.11,Valeur mesurée,Syndicat Mixte pour la Protection et la Gestion des Nappes Souterraines de la Plaine du Roussillon  (20001584000016),2.685378283,42.685696389,2023-09-16T03:00,2023-09-16T15:08,43660.8,0.0,24.35,6.81,42,1012.9,18.3,0.158,30.5
2432,10906X0039/C2-1,BSS002MNYD,2023-09-17,103.1,Valeur mesurée,Syndicat Mixte pour la Protection et la Gestion des Nappes Souterraines de la Plaine du Roussillon  (20001584000016),2.685378283,42.685696389,2023-09-17T03:00,2023-09-17T15:07,43651.98,0.0,25.3,7.45,47,1011.3,22.2,0.157,30.6
2433,10906X0039/C2-1,BSS002MNYD,2023-09-18,103.09,Valeur mesurée,Syndicat Mixte pour la Protection et la Gestion des Nappes Souterraines de la Plaine du Roussillon  (20001584000016),2.685378283,42.685696389,2023-09-18T02:59,2023-09-18T15:07,43643.12,0.0,25.32,7.77,77,1011.0,21.4,0.156,30.8
2434,10906X0039/C2-1,BSS002MNYD,2023-09-19,103.09,Valeur mesurée,Syndicat Mixte pour la Protection et la Gestion des Nappes Souterraines de la Plaine du Roussillon  (20001584000016),2.685378283,42.685696389,2023-09-19T02:59,2023-09-19T15:06,43634.25,0.0,24.74,7.62,88,1012.0,22.5,0.156,30.9
2435,10906X0039/C2-1,BSS002MNYD,2023-09-20,103.08,Valeur mesurée,Syndicat Mixte pour la Protection et la Gestion des Nappes Souterraines de la Plaine du Roussillon  (20001584000016),2.685378283,42.685696389,2023-09-20T02:59,2023-09-20T15:06,43625.35,0.0,24.09,7.56,76,1012.2,21.6,0.155,31.0
2436,10906X0039/C2-1,BSS002MNYD,2023-09-21,103.09,Valeur mesurée,Syndicat Mixte pour la Protection et la Gestion des Nappes Souterraines de la Plaine du Roussillon  (20001584000016),2.685378283,42.685696389,2023-09-21T02:58,2023-09-21T15:05,43616.46,0.0,26.1,7.95,8,1011.7,21.5,0.155,31.2
2437,10906X0039/C2-1,BSS002MNYD,2023-09-22,103.1,Valeur mesurée,Syndicat Mixte pour la Protection et la Gestion des Nappes Souterraines de la Plaine du Roussillon  (20001584000016),2.685378283,42.685696389,2023-09-22T02:58,2023-09-22T15:05,43607.55,0.1,21.51,6.39,55,1012.1,21.0,0.155,31.2
2438,10906X0039/C2-1,BSS002MNYD,2023-09-23,103.12,Valeur mesurée,Syndicat Mixte pour la Protection et la Gestion des Nappes Souterraines de la Plaine du Roussillon  (20001584000016),2.685378283,42.685696389,2023-09-23T02:58,2023-09-23T15:05,43598.65,1.9,18.42,5.59,91,1012.8,20.6,0.156,31.1
2439,10906X0039/C2-1,BSS002MNYD,2023-09-24,103.12,Valeur mesurée,Syndicat Mixte pour la Protection et la Gestion des Nappes Souterraines de la Plaine du Roussillon  (20001584000016),2.685378283,42.685696389,2023-09-24T02:58,2023-09-24T15:04,43589.76,0.6,23.42,6.79,59,1013.5,20.5,0.157,30.9
2440,10906X0039/C2-1,BSS002MNYD,2023-09-25,103.13,Valeur mesurée,Syndicat Mixte pour la Protection et la Gestion des Nappes Souterraines de la Plaine du Roussillon  (20001584000016),2.685378283,42.685696389,2023-09-25T02:57,2023-09-25T15:04,43580.88,0.0,25.61,7.4,26,1012.4,19.5,0.157,31.0
2441,10906X0039/C2-1,BSS002MNYD,2023-09-26,103.14,Valeur mesurée,Syndicat Mixte pour la Protection et la Gestion des Nappes Souterraines de la Plaine du Roussillon  (20001584000016),2.685378283,42.685696389,2023-09-26T02:57,2023-09-26T15:03,43572.03,0.0,25.02,7.68,19,1011.7,22.2,0.156,31.0
2442,10906X0039/C2-1,BSS002MNYD,2023-09-27,103.17,Valeur mesurée,Syndicat Mixte pour la Protection et la Gestion des Nappes Souterraines de la Plaine du Roussillon  (20001584000016),2.685378283,42.685696389,2023-09-27T02:57,2023-09-27T15:03,43563.19,0.0,25.85,7.72,13,1011.7,20.5,0.156,31.3
2443,10906X0039/C2-1,BSS002MNYD,2023-09-28,103.19,Valeur mesurée,Syndicat Mixte pour la Protection et la Gestion des Nappes Souterraines de la Plaine du Roussillon  (20001584000016),2.685378283,42.685696389,2023-09-28T02:57,2023-09-28T15:02,43554.39,0.4,23.81,6.96,48,1012.9,18.6,0.155,31.4
2444,10906X0039/C2-1,BSS002MNYD,2023-09-29,103.23,Valeur mesurée,Syndicat Mixte pour la Protection et la Gestion des Nappes Souterraines de la Plaine du Roussillon  (20001584000016),2.685378283,42.685696389,2023-09-29T02:56,2023-09-29T15:02,43545.62,0.3,23.32,6.86,38,1013.2,19.3,0.155,31.6
2445,10906X0039/C2-1,BSS002MNYD,2023-09-30,103.23,Valeur mesurée,Syndicat Mixte pour la Protection et la Gestion des Nappes Souterraines de la Plaine du Roussillon  (20001584000016),2.685378283,42.685696389,2023-09-30T02:56,2023-09-30T15:02,43536.9,1.2,21.17,6.36,42,1013.8,18.6,0.155,31.6
2446,10906X0039/C2-1,BSS002MNYD,2023-10-01,103.19,Valeur mesurée,Syndicat Mixte pour la Protection et la Gestion des Nappes Souterraines de la Plaine du Roussillon  (20001584000016),2.685378283,42.685696389,2023-10-01T02:56,2023-10-01T15:01,43528.23,0.0,23.63,6.9,29,1013.1,17.7,0.155,31.6
2447,10906X0039/C2-1,BSS002MNYD,2023-10-02,103.16,Valeur mesurée,Syndicat Mixte pour la Protection et la Gestion des Nappes Souterraines de la Plaine du Roussillon  (20001584000016),2.685378283,42.685696389,2023-10-02T02:55,2023-10-02T15:01,43519.6,0.0,24.51,7.63,27,1013.0,19.1,0.154,31.8
2448,10906X0039/C2-1,BSS002MNYD,2023-10-03,103.19,Valeur mesurée,Syndicat Mixte pour la Protection et la Gestion des Nappes Souterraines de la Plaine du Roussillon  (20001584000016),2.685378283,42.685696389,2023-10-03T02:55,2023-10-03T15:00,43511.04,0.9,20.51,5.68,76,1013.5,17.0,0.154,31.7
2449,10906X0039/C2-1,BSS002MNYD,2023-10-04,103.19,Valeur mesurée,Syndicat Mixte pour la Protection et la Gestion des Nappes Souterraines de la Plaine du Roussillon  (20001584000016),2.685378283,42.685696389,2023-10-04T02:55,2023-10-04T15:00,43502.53,6.7,15.28,4.29,90,1014.2,15.3,0.156,31.5
2450,10906X0039/C2-1,BSS002MNYD,2023-10-05,103.18,Valeur mesurée,Syndicat Mixte pour la Protection et la Gestion des Nappes Souterraines de la Plaine du Roussillon  (20001584000016),2.685378283,42.685696389,2023-10-05T02:55,2023-10-05T15:00,43494.1,4.6,15.46,3.61,68,1014.7,12.0,0.169,30.5
2451,10906X0039/C2-1,BSS002MNYD,2023-10-06,103.15,Valeur mesurée,Syndicat Mixte pour la Protection et la Gestion des Nappes Souterraines de la Plaine du Roussillon  (20001584000016),2.685378283,42.685696389,2023-10-06T02:55,2023-10-06T14:59,43485.65,0.8,20.56,5.08,60,1012.8,13.3,0.168,30.3
2452,10906X0039/C2-1,BSS002MNYD,2023-10-07,103.13,Valeur mesurée,Syndicat Mixte pour la Protection et la Gestion des Nappes Souterraines de la Plaine du Roussillon  (20001584000016),2.685378283,42.685696389,2023-10-07T02:54,2023-10-07T14:59,43477.19,1.5,15.89,4.03,62,1012.5,15.0,0.165,30.1
2453,10906X0039/C2-1,BSS002MNYD,2023-10-08,103.1,Valeur mesurée,Syndicat Mixte pour la Protection et la Gestion des Nappes Souterraines de la Plaine du Roussillon  (20001584000016),2.685378283,42.685696389,2023-10-08T02:54,2023-10-08T14:59,43468.74,0.0,24.36,6.27,71,1012.2,16.9,0.162,30.1
2454,10906X0039/C2-1,BSS002MNYD,2023-10-09,103.06,Valeur mesurée,Syndicat Mixte pour la Protection et la Gestion des Nappes Souterraines de la Plaine du Roussillon  (20001584000016),2.685378283,42.685696389,2023-10-09T02:54,2023-10-09T14:58,43460.29,0.1,21.81,5.76,36,1012.8,16.3,0.16,30.2
2455,10906X0039/C2-1,BSS002MNYD,2023-10-10,103.01,Valeur mesurée,Syndicat Mixte pour la Protection et la Gestion des Nappes Souterraines de la Plaine du Roussillon  (20001584000016),2.685378283,42.685696389,2023-10-10T02:54,2023-10-10T14:58,43451.85,0.0,24.65,6.56,40,1012.3,16.1,0.159,30.2
2456,10906X0039/C2-1,BSS002MNYD,2023-10-11,102.99,Valeur mesurée,Syndicat Mixte pour la Protection et la Gestion des Nappes Souterraines de la Plaine du Roussillon  (20001584000016),2.685378283,42.685696389,2023-10-11T02:54,2023-10-11T14:58,43443.42,0.4,21.24,5.65,92,1012.5,15.3,0.157,30.3
2457,10906X0039/C2-1,BSS002MNYD,2023-10-12,102.97,Valeur mesurée,Syndicat Mixte pour la Protection et la Gestion des Nappes Souterraines de la Plaine du Roussillon  (20001584000016),2.685378283,42.685696389,2023-10-12T02:53,2023-10-12T14:57,43435.03,2.0,18.8,4.78,95,1012.9,14.2,0.158,30.3
2458,10906X0039/C2-1,BSS002MNYD,2023-10-13,102.96,Valeur mesurée,Syndicat Mixte pour la Protection et la Gestion des Nappes Souterraines de la Plaine du Roussillon  (20001584000016),2.685378283,42.685696389,2023-10-13T02:53,2023-10-13T14:57,43426.66,11.2,17.23,4.09,89,1012.9,12.6,0.164,30.2
2459,10906X0039/C2-1,BSS002MNYD,2023-10-14,102.93,Valeur mesurée,Syndicat Mixte pour la Protection et la Gestion des Nappes Souterraines de la Plaine du Roussillon  (20001584000016),2.685378283,42.685696389,2023-10-14T02:53,2023-10-14T14:57,43418.32,1.8,18.35,4.52,65,1011.6,9.2,0.161,30.0
2460,10906X0039/C2-1,BSS002MNYD,2023-10-15,102.89,Valeur mesurée,Syndicat Mixte pour la Protection et la Gestion des Nappes Souterraines de la Plaine du Roussillon  (20001584000016),2.685378283,42.685696389,2023-10-15T02:53,2023-10-15T14:56,43410.03,0.5,23.52,5.97,70,1011.1,15.5,0.158,30.1
2461,10906X0039/C2-1,BSS002MNYD,2023-10-16,102.87,Valeur mesurée,Syndicat Mixte pour la Protection et la Gestion des Nappes Souterraines de la Plaine du Roussillon  (20001584000016),2.685378283,42.685696389,2023-10-16T02:53,2023-10-16T14:56,43401.79,0.8,20.65,5.37,73,1011.3,11.3,0.157,30.1
2462,10906X0039/C2-1,BSS002MNYD,2023-10-17,102.86,Valeur mesurée,Syndicat Mixte pour la Protection et la Gestion des Nappes Souterraines de la Plaine du Roussillon  (20001584000016),2.685378283,42.685696389,2023-10-17T02:53,2023-10-17T14:56,43393.6,0.6,22.07,5.36,96,1012.2,9.9,0.156,30.3
2463,10906X0039/C2-1,BSS002MNYD,2023-10-18,102.83,Valeur mesurée,Syndicat Mixte pour la Protection et la Gestion des Nappes Souterraines de la Plaine du Roussillon  (20001584000016),2.685378283,42.685696389,2023-10-18T02:52,2023-10-18T14:56,43385.47,12.7,18.59,4.34,66,1013.3,10.0,0.162,30.1
2464,10906X0039/C2-1,BSS002MNYD,2023-10-19,102.8,Valeur mesurée,Syndicat Mixte pour la Protection et la Gestion des Nappes Souterraines de la Plaine du Roussillon  (20001584000016),2.685378283,42.685696389,2023-10-19T02:52,2023-10-19T14:55,43377.41,17.4,17.93,3.85,98,1014.2,7.5,0.173,29.8
2465,10906X0039/C2-1,BSS002MNYD,2023-10-20,102.77,Valeur mesurée,Syndicat Mixte pour la Protection et la Gestion des Nappes Souterraines de la Plaine du Roussillon  (20001584000016),2.685378283,42.685696389,2023-10-20T02:52,2023-10-20T14:55,43369.42,4.9,17.63,3.83,98,1013.6,6.9,0.174,29.5
2466,10906X0039/C2-1,BSS002MNYD,2023-10-21,102.71,Valeur mesurée,Syndicat Mixte pour la Protection et la Gestion des Nappes Souterraines de la Plaine du Roussillon  (20001584000016),2.685378283,42.685696389,2023-10-21T02:52,2023-10-21T14:55,43361.52,21.5,8.61,1.85,84,1013.9,6.9,0.187,29.1
2467,10906X0039/C2-1,BSS002MNYD,2023-10-22,102.67,Valeur mesurée,Syndicat Mixte pour la Protection et la Gestion des Nappes Souterraines de la Plaine du Roussillon  (20001584000016),2.685378283,42.685696389,2023-10-22T02:52,2023-10-22T14:55,43353.71,2.0,18.19,3.99,88,1012.8,10.2,0.186,29.0
2468,10906X0039/C2-1,BSS002MNYD,2023-10-23,102.65,Valeur mesurée,Syndicat Mixte pour la Protection et la Gestion des Nappes Souterraines de la Plaine du Roussillon  (20001584000016),2.685378283,42.685696389,2023-10-23T02:52,2023-10-23T14:54,43345.98,1.4,21.59,4.8,41,1011.3,9.9,0.183,29.1
2469,10906X0039/C2-1,BSS002MNYD,2023-10-24,102.63,Valeur mesurée,Syndicat Mixte pour la Protection et la Gestion des Nappes Souterraines de la Plaine du Roussillon  (20001584000016),2.685378283,42.685696389,2023-10-24T02:52,2023-10-24T14:54,43338.36,12.7,16.75,3.75,40,1010.4,11.0,0.183,29.1
2470,10906X0039/C2-1,BSS002MNYD,2023-10-25,102.62,Valeur mesurée,Syndicat Mixte pour la Protection et la Gestion des Nappes Souterraines de la Plaine du Roussillon  (20001584000016),2.685378283,42.685696389,2023-10-25T02:52,2023-10-25T14:54,43330.83,1.1,21.47,4.89,34,1011.6,10.8,0.193,29.1
2471,10906X0039/C2-1,BSS002MNYD,2023-10-26,102.6,Valeur mesurée,Syndicat Mixte pour la Protection et la Gestion des Nappes Souterraines de la Plaine du Roussillon  (20001584000016),2.685378283,42.685696389,2023-10-26T02:52,2023-10-26T14:54,43323.33,5.0,14.91,3.43,95,1012.6,8.7,0.188,29.0
2472,10906X0039/C2-1,BSS002MNYD,2023-10-27,102.57,Valeur mesurée,Syndicat Mixte pour la Protection et la Gestion des Nappes Souterraines de la Plaine du Roussillon  (20001584000016),2.685378283,42.685696389,2023-10-27T02:52,2023-10-27T14:54,43315.85,11.9,18.1,3.75,96,1012.3,6.7,0.195,28.8
2473,10906X0039/C2-1,BSS002MNYD,2023-10-28,102.51,Valeur mesurée,Syndicat Mixte pour la Protection et la Gestion des Nappes Souterraines de la Plaine du Roussillon  (20001584000016),2.685378283,42.685696389,2023-10-28T02:52,2023-10-28T14:54,43308.41,30.1,15.86,3.28,97,1012.1,6.0,0.207,28.5
2474,10906X0039/C2-1,BSS002MNYD,2023-10-29,102.45,Valeur mesurée,Syndicat Mixte pour la Protection et la Gestion des Nappes Souterraines de la Plaine du Roussillon  (20001584000016),2.685378283,42.685696389,2023-10-29T02:52,2023-10-29T14:53,43301.01,29.7,8.08,1.75,97,1012.4,5.6,0.214,28.2
2475,10906X0039/C2-1,BSS002MNYD,2023-10-30,102.39,Valeur mesurée,Syndicat Mixte pour la Protection et la Gestion des Nappes Souterraines de la Plaine du Roussillon  (20001584000016),2.685378283,42.685696389,2023-10-30T02:52,2023-10-30T14:53,43293.64,12.0,13.94,2.91,82,1011.8,5.4,0.214,28.2
2476,10906X0039/C2-1,BSS002MNYD,2023-10-31,102.34,Valeur mesurée,Syndicat Mixte pour la Protection et la Gestion des Nappes Souterraines de la Plaine du Roussillon  (20001584000016),2.685378283,42.685696389,2023-10-31T02:52,2023-10-31T14:53,43286.34,10.4,19.84,4.27,79,1011.0,7.9,0.217,28.2
2477,10906X0039/C2-1,BSS002MNYD,2023-11-01,102.29,Valeur mesurée,Syndicat Mixte pour la Protection et la Gestion des Nappes Souterraines de la Plaine du Roussillon  (20001584000016),2.685378283,42.685696389,2023-11-01T02:52,2023-11-01T14:53,43279.09,19.8,12.95,2.76,100,1011.7,5.8,0.243,27.9
2478,10906X0039/C2-1,BSS002MNYD,2023-11-02,102.25,Valeur mesurée,Syndicat Mixte pour la Protection et la Gestion des Nappes Souterraines de la Plaine du Roussillon  (20001584000016),2.685378283,42.685696389,2023-11-02T02:52,2023-11-02T14:53,43271.91,12.2,9.68,2.05,99,1011.9,3.6,0.262,27.7
2479,10906X0039/C2-1,BSS002MNYD,2023-11-03,102.2,Valeur mesurée,Syndicat Mixte pour la Protection et la Gestion des Nappes Souterraines de la Plaine du Roussillon  (20001584000016),2.685378283,42.685696389,2023-11-03T02:52,2023-11-03T14:53,43264.8,37.4,14.91,3.09,99,1011.8,5.2,0.285,27.6
2480,10906X0039/C2-1,BSS002MNYD,2023-11-04,102.15,Valeur mesurée,Syndicat Mixte pour la Protection et la Gestion des Nappes Souterraines de la Plaine du Roussillon  (20001584000016),2.685378283,42.685696389,2023-11-04T02:52,2023-11-04T14:53,43257.77,4.2,18.0,3.71,89,1011.9,4.9,0.303,27.6
2481,10906X0039/C2-1,BSS002MNYD,2023-11-05,102.12,Valeur mesurée,Syndicat Mixte pour la Protection et la Gestion des Nappes Souterraines de la Plaine du Roussillon  (20001584000016),2.685378283,42.685696389,2023-11-05T02:52,2023-11-05T14:53,43250.83,21.0,13.2,2.76,87,1012.5,4.7,0.308,27.6
2482,10906X0039/C2-1,BSS002MNYD,2023-11-06,102.07,Valeur mesurée,Syndicat Mixte pour la Protection et la Gestion des Nappes Souterraines de la Plaine du Roussillon  (20001584000016),2.685378283,42.685696389,2023-11-06T02:52,2023-11-06T14:53,43243.99,13.5,12.77,2.62,99,1013.6,7.1,0.324,27.3
2483,10906X0039/C2-1,BSS002MNYD,2023-11-07,102.03,Valeur mesurée,Syndicat Mixte pour la Protection et la Gestion des Nappes Souterraines de la Plaine du Roussillon  (20001584000016),2.685378283,42.685696389,2023-11-07T02:52,2023-11-07T14:53,43237.24,23.4,18.52,3.77,83,1012.7,7.1,0.329,27.2
2484,10906X0039/C2-1,BSS002MNYD,2023-11-08,101.98,Valeur mesurée,Syndicat Mixte pour la Protection et la Gestion des Nappes Souterraines de la Plaine du Roussillon  (20001584000016),2.685378283,42.685696389,2023-11-08T02:52,2023-11-08T14:53,43230.62,2.6,13.36,2.85,67,1012.6,6.2,0.343,27.2
2485,10906X0039/C2-1,BSS002MNYD,2023-11-09,101.94,Valeur mesurée,Syndicat Mixte pour la Protection et la Gestion des Nappes Souterraines de la Plaine du Roussillon  (20001584000016),2.685378283,42.685696389,2023-11-09T02:52,2023-11-09T14:53,43224.1,0.1,23.19,5.05,44,1011.6,8.4,0.341,27.4
2486,10906X0039/C2-1,BSS002MNYD,2023-11-10,101.89,Valeur mesurée,Syndicat Mixte pour la Protection et la Gestion des Nappes Souterraines de la Plaine du Roussillon  (20001584000016),2.685378283,42.685696389,2023-11-10T02:52,2023-11-10T14:53,43217.71,0.1,23.31,5.34,63,1012.3,10.2,0.336,27.5
2487,10906X0039/C2-1,BSS002MNYD,2023-11-11,101.85,Valeur mesurée,Syndicat Mixte pour la Protection et la Gestion des Nappes Souterraines de la Plaine du Roussillon  (20001584000016),2.685378283,42.685696389,2023-11-11T02:53,2023-11-11T14:53,43211.45,8.3,18.0,3.73,88,1013.8,6.2,0.333,27.5
2488,10906X0039/C2-1,BSS002MNYD,2023-11-12,101.8,Valeur mesurée,Syndicat Mixte pour la Protection et la Gestion des Nappes Souterraines de la Plaine du Roussillon  (20001584000016),2.685378283,42.685696389,2023-11-12T02:53,2023-11-12T14:53,43205.34,15.0,17.97,3.73,71,1013.8,9.4,0.339,27.3
2489,10906X0039/C2-1,BSS002MNYD,2023-11-13,101.76,Valeur mesurée,Syndicat Mixte pour la Protection et la Gestion des Nappes Souterraines de la Plaine du Roussillon  (20001584000016),2.685378283,42.685696389,2023-11-13T02:53,2023-11-13T14:53,43199.37,19.6,14.2,2.87,78,1013.6,7.1,0.35,27.2
2490,10906X0039/C2-1,BSS002MNYD,2023-11-14,101.73,Valeur mesurée,Syndicat Mixte pour la Protection et la Gestion des Nappes Souterraines de la Plaine du Roussillon  (20001584000016),2.685378283,42.685696389,2023-11-14T02:53,2023-11-14T14:53,43193.55,21.1,15.6,3.17,78,1012.9,4.2,0.358,27.1
2491,10906X0039/C2-1,BSS002MNYD,2023-11-15,101.7,Valeur mesurée,Syndicat Mixte pour la Protection et la Gestion des Nappes Souterraines de la Plaine du Roussillon  (20001584000016),2.685378283,42.685696389,2023-11-15T02:53,2023-11-15T14:53,43187.8,6.8,14.74,3.02,85,1012.3,5.1,0.368,27.1
2492,10906X0039/C2-1,BSS002MNYD,2023-11-16,101.68,Valeur mesurée,Syndicat Mixte pour la Protection et la Gestion des Nappes Souterraines de la Plaine du Roussillon  (20001584000016),2.685378283,42.685696389,2023-11-16T02:54,2023-11-16T14:53,43182.15,17.3,15.08,3.07,82,1012.8,6.0,0.375,27.2
2493,10906X0039/C2-1,BSS002MNYD,2023-11-17,101.65,Valeur mesurée,Syndicat Mixte pour la Protection et la Gestion des Nappes Souterraines de la Plaine du Roussillon  (20001584000016),2.685378283,42.685696389,2023-11-17T02:54,2023-11-17T14:53,43176.57,9.1,14.03,2.84,83,1012.7,5.6,0.376,27.1
2494,10906X0039/C2-1,BSS002MNYD,2023-11-18,101.62,Valeur mesurée,Syndicat Mixte pour la Protection et la Gestion des Nappes Souterraines de la Plaine du Roussillon  (20001584000016),2.685378283,42.685696389,2023-11-18T02:54,2023-11-18T14:54,43171.08,20.2,17.75,3.61,98,1012.9,5.8,0.378,27.2
2495,10906X0039/C2-1,BSS002MNYD,2023-11-19,101.61,Valeur mesurée,Syndicat Mixte pour la Protection et la Gestion des Nappes Souterraines de la Plaine du Roussillon  (20001584000016),2.685378283,42.685696389,2023-11-19T02:54,2023-11-19T14:54,43165.7,57.2,4.56,1.04,83,1012.9,5.8,0.408,26.6
2496,10906X0039/C2-1,BSS002MNYD,2023-11-20,101.6,Valeur mesurée,Syndicat Mixte pour la Protection et la Gestion des Nappes Souterraines de la Plaine du Roussillon  (20001584000016),2.685378283,42.685696389,2023-11-20T02:55,2023-11-20T14:54,43160.42,0.7,18.18,3.86,71,1011.9,7.4,0.406,26.7
2497,10906X0039/C2-1,BSS002MNYD,2023-11-21,101.58,Valeur mesurée,Syndicat Mixte pour la Protection et la Gestion des Nappes Souterraines de la Plaine du Roussillon  (20001584000016),2.685378283,42.685696389,2023-11-21T02:55,2023-11-21T14:54,43155.24,0.3,22.59,4.88,52,1011.3,7.9,0.399,27.1
2498,10906X0039/C2-1,BSS002MNYD,2023-11-22,101.55,Valeur mesurée,Syndicat Mixte pour la Protection et la Gestion des Nappes Souterraines de la Plaine du Roussillon  (20001584000016),2.685378283,42.685696389,2023-11-22T02:55,2023-11-22T14:54,43150.19,0.4,21.63,4.81,61,1011.7,9.5,0.389,27.3
2499,10906X0039/C2-1,BSS002MNYD,2023-11-23,101.51,Valeur mesurée,Syndicat Mixte pour la Protection et la Gestion des Nappes Souterraines de la Plaine du Roussillon  (20001584000016),2.685378283,42.685696389,2023-11-23T02:56,2023-11-23T14:55,43145.26,1.9,19.59,4.37,82,1011.5,11.1,0.382,27.4
2500,10906X0039/C2-1,BSS002MNYD,2023-11-24,101.48,Valeur mesurée,Syndicat Mixte pour la Protection et la Gestion des Nappes Souterraines de la Plaine du Roussillon  (20001584000016),2.685378283,42.685696389,2023-11-24T02:56,2023-11-24T14:55,43140.46,2.2,14.82,3.13,82,1010.5,7.1,0.39,27.2
2501,10906X0039/C2-1,BSS002MNYD,2023-11-25,101.45,Valeur mesurée,Syndicat Mixte pour la Protection et la Gestion des Nappes Souterraines de la Plaine du Roussillon  (20001584000016),2.685378283,42.685696389,2023-11-25T02:56,2023-11-25T14:55,43135.8,0.8,18.41,4.02,84,1010.5,7.1,0.385,27.3
2502,10906X0039/C2-1,BSS002MNYD,2023-11-26,101.41,Valeur mesurée,Syndicat Mixte pour la Protection et la Gestion des Nappes Souterraines de la Plaine du Roussillon  (20001584000016),2.685378283,42.685696389,2023-11-26T02:57,2023-11-26T14:55,43131.28,0.4,17.89,3.94,71,1012.1,9.6,0.379,27.3
2503,10906X0039/C2-1,BSS002MNYD,2023-11-27,101.4,Valeur mesurée,Syndicat Mixte pour la Protection et la Gestion des Nappes Souterraines de la Plaine du Roussillon  (20001584000016),2.685378283,42.685696389,2023-11-27T02:57,2023-11-27T14:56,43126.92,0.3,19.69,4.25,87,1011.9,8.7,0.373,27.4
2504,10906X0039/C2-1,BSS002MNYD,2023-11-28,101.45,Valeur mesurée,Syndicat Mixte pour la Protection et la Gestion des Nappes Souterraines de la Plaine du Roussillon  (20001584000016),2.685378283,42.685696389,2023-11-28T02:57,2023-11-28T14:56,43122.71,0.3,22.36,4.78,56,1010.6,7.1,0.368,27.6
2505,10906X0039/C2-1,BSS002MNYD,2023-11-29,101.53,Valeur mesurée,Syndicat Mixte pour la Protection et la Gestion des Nappes Souterraines de la Plaine du Roussillon  (20001584000016),2.685378283,42.685696389,2023-11-29T02:58,2023-11-29T14:56,43118.67,0.3,22.15,4.96,43,1010.8,10.7,0.361,27.6
2506,10906X0039/C2-1,BSS002MNYD,2023-11-30,101.53,Valeur mesurée,Syndicat Mixte pour la Protection et la Gestion des Nappes Souterraines de la Plaine du Roussillon  (20001584000016),2.685378283,42.685696389,2023-11-30T02:58,2023-11-30T14:57,43114.79,0.0,23.39,5.45,58,1011.8,11.6,0.354,27.6
2507,10906X0039/C2-1,BSS002MNYD,2023-12-01,101.52,Valeur mesurée,Syndicat Mixte pour la Protection et la Gestion des Nappes Souterraines de la Plaine du Roussillon  (20001584000016),2.685378283,42.685696389,2023-12-01T02:58,2023-12-01T14:57,43111.1,0.0,23.76,5.86,71,1011.5,12.4,0.348,27.6
2508,10906X0039/C2-1,BSS002MNYD,2023-12-02,101.48,Valeur mesurée,Syndicat Mixte pour la Protection et la Gestion des Nappes Souterraines de la Plaine du Roussillon  (20001584000016),2.685378283,42.685696389,2023-12-02T02:59,2023-12-02T14:57,43107.59,0.0,22.98,5.88,75,1011.2,12.7,0.343,27.6
2509,10906X0039/C2-1,BSS002MNYD,2023-12-03,101.44,Valeur mesurée,Syndicat Mixte pour la Protection et la Gestion des Nappes Souterraines de la Plaine du Roussillon  (20001584000016),2.685378283,42.685696389,2023-12-03T02:59,2023-12-03T14:58,43104.28,0.0,24.25,6.09,18,1011.5,13.1,0.337,27.7
2510,10906X0039/C2-1,BSS002MNYD,2023-12-04,101.4,Valeur mesurée,Syndicat Mixte pour la Protection et la Gestion des Nappes Souterraines de la Plaine du Roussillon  (20001584000016),2.685378283,42.685696389,2023-12-04T03:00,2023-12-04T14:58,43101.15,0.0,24.13,5.88,24,1011.7,12.9,0.332,27.7
2511,10906X0039/C2-1,BSS002MNYD,2023-12-05,101.36,Valeur mesurée,Syndicat Mixte pour la Protection et la Gestion des Nappes Souterraines de la Plaine du Roussillon  (20001584000016),2.685378283,42.685696389,2023-12-05T03:00,2023-12-05T14:58,43098.19,0.0,23.89,5.84,53,1012.2,10.6,0.327,27.7
2512,10906X0039/C2-1,BSS002MNYD,2023-12-06,101.33,Valeur mesurée,Syndicat Mixte pour la Protection et la Gestion des Nappes Souterraines de la Plaine du Roussillon  (20001584000016),2.685378283,42.685696389,2023-12-06T03:00,2023-12-06T14:59,43095.37,0.0,24.35,5.55,24,1012.2,8.9,0.324,27.8
2513,10906X0039/C2-1,BSS002MNYD,2023-12-07,101.31,Valeur mesurée,Syndicat Mixte pour la Protection et la Gestion des Nappes Souterraines de la Plaine du Roussillon  (20001584000016),2.685378283,42.685696389,2023-12-07T03:01,2023-12-07T14:59,43092.71,0.0,24.59,5.89,0,1011.8,9.6,0.321,27.9
2514,10906X0039/C2-1,BSS002MNYD,2023-12-08,101.28,Valeur mesurée,Syndicat Mixte pour la Protection et la Gestion des Nappes Souterraines de la Plaine du Roussillon  (20001584000016),2.685378283,42.685696389,2023-12-08T03:01,2023-12-08T14:59,43090.19,0.0,23.15,5.59,5,1011.8,11.4,0.316,28.0
2515,10906X0039/C2-1,BSS002MNYD,2023-12-09,101.25,Valeur mesurée,Syndicat Mixte pour la Protection et la Gestion des Nappes Souterraines de la Plaine du Roussillon  (20001584000016),2.685378283,42.685696389,2023-12-09T03:02,2023-12-09T15:00,43087.83,0.0,23.35,6.28,8,1010.8,12.9,0.314,28.2
2516,10906X0039/C2-1,BSS002MNYD,2023-12-10,101.23,Valeur mesurée,Syndicat Mixte pour la Protection et la Gestion des Nappes Souterraines de la Plaine du Roussillon  (20001584000016),2.685378283,42.685696389,2023-12-10T03:02,2023-12-10T15:00,43085.65,0.0,23.7,6.08,45,1011.4,12.0,0.312,28.5
2517,10906X0039/C2-1,BSS002MNYD,2023-12-11,101.21,Valeur mesurée,Syndicat Mixte pour la Protection et la Gestion des Nappes Souterraines de la Plaine du Roussillon  (20001584000016),2.685378283,42.685696389,2023-12-11T03:03,2023-12-11T15:01,43083.62,0.2,22.51,5.58,73,1011.7,11.2,0.311,28.7
2518,10906X0039/C2-1,BSS002MNYD,2023-12-12,101.23,Valeur mesurée,Syndicat Mixte pour la Protection et la Gestion des Nappes Souterraines de la Plaine du Roussillon  (20001584000016),2.685378283,42.685696389,2023-12-12T03:03,2023-12-12T15:01,43081.75,0.0,22.85,5.29,89,1010.7,8.5,0.308,29.0
2519,10906X0039/C2-1,BSS002MNYD,2023-12-13,101.4,Valeur mesurée,Syndicat Mixte pour la Protection et la Gestion des Nappes Souterraines de la Plaine du Roussillon  (20001584000016),2.685378283,42.685696389,2023-12-13T03:04,2023-12-13T15:02,43080.06,0.0,21.99,4.75,58,1010.8,6.8,0.305,29.3
2520,10906X0039/C2-1,BSS002MNYD,2023-12-14,101.5,Valeur mesurée,Syndicat Mixte pour la Protection et la Gestion des Nappes Souterraines de la Plaine du Roussillon  (20001584000016),2.685378283,42.685696389,2023-12-14T03:04,2023-12-14T15:02,43078.53,0.0,22.83,5.64,12,1010.6,10.9,0.303,29.4
2521,10906X0039/C2-1,BSS002MNYD,2023-12-15,101.41,Valeur mesurée,Syndicat Mixte pour la Protection et la Gestion des Nappes Souterraines de la Plaine du Roussillon  (20001584000016),2.685378283,42.685696389,2023-12-15T03:05,2023-12-15T15:03,43077.19,0.0,21.79,5.52,62,1011.9,12.0,0.302,29.5
2522,10906X0039/C2-1,BSS002MNYD,2023-12-16,101.28,Valeur mesurée,Syndicat Mixte pour la Protection et la Gestion des Nappes Souterraines de la Plaine du Roussillon  (20001584000016),2.685378283,42.685696389,2023-12-16T03:05,2023-12-16T15:03,43076.02,0.0,23.99,6.63,34,1011.2,13.0,0.299,29.6
2523,10906X0039/C2-1,BSS002MNYD,2023-12-17,101.22,Valeur mesurée,Syndicat Mixte pour la Protection et la Gestion des Nappes Souterraines de la Plaine du Roussillon  (20001584000016),2.685378283,42.685696389,2023-12-17T03:06,2023-12-17T15:04,43075.03,0.0,24.33,7.61,55,1010.3,16.0,0.296,29.7
2524,10906X0039/C2-1,BSS002MNYD,2023-12-18,101.21,Valeur mesurée,Syndicat Mixte pour la Protection et la Gestion des Nappes Souterraines de la Plaine du Roussillon  (20001584000016),2.685378283,42.685696389,2023-12-18T03:06,2023-12-18T15:04,43074.22,0.0,23.8,7.11,82,1010.4,13.6,0.293,29.9
2525,10906X0039/C2-1,BSS002MNYD,2023-12-19,101.54,Valeur mesurée,Syndicat Mixte pour la Protection et la Gestion des Nappes Souterraines de la Plaine du Roussillon  (20001584000016),2.685378283,42.685696389,2023-12-19T03:07,2023-12-19T15:05,43073.59,0.0,23.05,7.16,79,1010.2,14.3,0.29,30.0
2526,10906X0039/C2-1,BSS002MNYD,2023-12-20,101.6,Valeur mesurée,Syndicat Mixte pour la Protection et la Gestion des Nappes Souterraines de la Plaine du Roussillon  (20001584000016),2.685378283,42.685696389,2023-12-20T03:07,2023-12-20T15:05,43073.15,0.0,23.36,6.9,49,1010.9,12.9,0.288,30.3
2527,10906X0039/C2-1,BSS002MNYD,2023-12-21,101.47,Valeur mesurée,Syndicat Mixte pour la Protection et la Gestion des Nappes Souterraines de la Plaine du Roussillon  (20001584000016),2.685378283,42.685696389,2023-12-21T03:08,2023-12-21T15:06,43072.91,0.0,23.28,6.99,46,1011.4,16.2,0.285,30.5
2528,10906X0039/C2-1,BSS002MNYD,2023-12-22,101.34,Valeur mesurée,Syndicat Mixte pour la Protection et la Gestion des Nappes Souterraines de la Plaine du Roussillon  (20001584000016),2.685378283,42.685696389,2023-12-22T03:08,2023-12-22T15:06,43072.85,0.0,22.78,6.89,89,1012.5,16.0,0.283,30.7
2529,10906X0039/C2-1,BSS002MNYD,2023-12-23,101.26,Valeur mesurée,Syndicat Mixte pour la Protection et la Gestion des Nappes Souterraines de la Plaine du Roussillon  (20001584000016),2.685378283,42.685696389,2023-12-23T03:09,2023-12-23T15:07,43072.99,0.0,22.9,6.24,89,1012.5,13.7,0.282,30.8
2530,10906X0039/C2-1,BSS002MNYD,2023-12-24,101.19,Valeur mesurée,Syndicat Mixte pour la Protection et la Gestion des Nappes Souterraines de la Plaine du Roussillon  (20001584000016),2.685378283,42.685696389,2023-12-24T03:09,2023-12-24T15:07,43073.33,0.0,21.96,5.64,49,1012.4,11.6,0.28,31.0
2531,10906X0039/C2-1,BSS002MNYD,2023-12-25,101.16,Valeur mesurée,Syndicat Mixte pour la Protection et la Gestion des Nappes Souterraines de la Plaine du Roussillon  (20001584000016),2.685378283,42.685696389,2023-12-25T03:10,2023-12-25T15:08,43073.87,0.0,23.18,6.69,49,1011.1,13.2,0.279,31.2
2532,10906X0039/C2-1,BSS002MNYD,2023-12-26,101.15,Valeur mesurée,Syndicat Mixte pour la Protection et la Gestion des Nappes Souterraines de la Plaine du Roussillon  (20001584000016),2.685378283,42.685696389,2023-12-26T03:10,2023-12-26T15:08,43074.6,0.0,24.29,7.22,46,1011.0,16.6,0.277,31.2
2533,10906X0039/C2-1,BSS002MNYD,2023-12-27,101.19,Valeur mesurée,Syndicat Mixte pour la Protection et la Gestion des Nappes Souterraines de la Plaine du Roussillon  (20001584000016),2.685378283,42.685696389,2023-12-27T03:11,2023-12-27T15:08,43075.53,0.0,22.65,6.98,91,1011.4,15.2,0.274,31.2
2534,10906X0039/C2-1,BSS002MNYD,2023-12-28,101.21,Valeur mesurée,Syndicat Mixte pour la Protection et la Gestion des Nappes Souterraines de la Plaine du Roussillon  (20001584000016),2.685378283,42.685696389,2023-12-28T03:11,2023-12-28T15:09,43076.65,0.2,21.25,5.99,86,1011.7,12.1,0.272,31.3
2535,10906X0039/C2-1,BSS002MNYD,2023-12-29,101.22,Valeur mesurée,Syndicat Mixte pour la Protection et la Gestion des Nappes Souterraines de la Plaine du Roussillon  (20001584000016),2.685378283,42.685696389,2023-12-29T03:12,2023-12-29T15:09,43077.96,0.7,22.59,6.51,64,1011.3,14.3,0.27,31.4
2536,10906X0039/C2-1,BSS002MNYD,2023-12-30,101.19,Valeur mesurée,Syndicat Mixte pour la Protection et la Gestion des Nappes Souterraines de la Plaine du Roussillon  (20001584000016),2.685378283,42.685696389,2023-12-30T03:12,2023-12-30T15:10,43079.46,0.0,23.99,7.3,31,1010.5,15.8,0.267,31.5
2537,10906X0039/C2-1,BSS002MNYD,2023-12-31,101.16,Valeur mesurée,Syndicat Mixte pour la Protection et la Gestion des Nappes Souterraines de la Plaine du Roussillon  (20001584000016),2.685378283,42.685696389,2023-12-31T03:12,2023-12-31T15:10,43081.13,0.0,23.76,6.88,22,1010.8,15.0,0.265,31.5
2538,10906X0039/C2-1,BSS002MNYD,2024-01-01,101.14,Valeur mesurée,Syndicat Mixte pour la Protection et la Gestion des Nappes Souterraines de la Plaine du Roussillon  (20001584000016),2.685378283,42.685696389,2024-01-01T03:13,2024-01-01T15:11,43082.98,0.0,24.69,7.39,33,1011.4,14.6,0.263,31.6
2539,10906X0039/C2-1,BSS002MNYD,2024-01-02,101.13,Valeur mesurée,Syndicat Mixte pour la Protection et la Gestion des Nappes Souterraines de la Plaine du Roussillon  (20001584000016),2.685378283,42.685696389,2024-01-02T03:13,2024-01-02T15:11,43085.0,0.0,24.11,7.3,46,1011.1,15.6,0.261,31.6
2540,10906X0039/C2-1,BSS002MNYD,2024-01-03,101.12,Valeur mesurée,Syndicat Mixte pour la Protection et la Gestion des Nappes Souterraines de la Plaine du Roussillon  (20001584000016),2.685378283,42.685696389,2024-01-03T03:14,2024-01-03T15:12,43087.21,0.0,24.72,7.35,73,1010.7,15.8,0.259,31.5
2541,10906X0039/C2-1,BSS002MNYD,2024-01-04,101.1,Valeur mesurée,Syndicat Mixte pour la Protection et la Gestion des Nappes Souterraines de la Plaine du Roussillon  (20001584000016),2.685378283,42.685696389,2024-01-04T03:14,2024-01-04T15:12,43089.57,0.0,24.58,7.33,47,1011.5,15.5,0.257,31.4
2542,10906X0039/C2-1,BSS002MNYD,2024-01-05,101.08,Valeur mesurée,Syndicat Mixte pour la Protection et la Gestion des Nappes Souterraines de la Plaine du Roussillon  (20001584000016),2.685378283,42.685696389,2024-01-05T03:15,2024-01-05T15:13,43092.1,0.0,24.91,6.88,20,1012.0,13.2,0.255,31.5
2543,10906X0039/C2-1,BSS002MNYD,2024-01-06,101.06,Valeur mesurée,Syndicat Mixte pour la Protection et la Gestion des Nappes Souterraines de la Plaine du Roussillon  (20001584000016),2.685378283,42.685696389,2024-01-06T03:15,2024-01-06T15:13,43094.79,0.0,24.65,7.06,30,1012.1,13.0,0.254,31.5
2544,10906X0039/C2-1,BSS002MNYD,2024-01-07,101.07,Valeur mesurée,Syndicat Mixte pour la Protection et la Gestion des Nappes Souterraines de la Plaine du Roussillon  (20001584000016),2.685378283,42.685696389,2024-01-07T03:16,2024-01-07T15:14,43097.64,0.0,24.46,7.77,41,1011.4,16.6,0.252,31.5
2545,10906X0039/C2-1,BSS002MNYD,2024-01-08,101.12,Valeur mesurée,Syndicat Mixte pour la Protection et la Gestion des Nappes Souterraines de la Plaine du Roussillon  (20001584000016),2.685378283,42.685696389,2024-01-08T03:16,2024-01-08T15:14,43100.64,0.0,24.71,8.03,20,1011.1,18.4,0.251,31.4
2546,10906X0039/C2-1,BSS002MNYD,2024-01-09,101.12,Valeur mesurée,Syndicat Mixte pour la Protection et la Gestion des Nappes Souterraines de la Plaine du Roussillon  (20001584000016),2.685378283,42.685696389,2024-01-09T03:16,2024-01-09T15:15,43103.8,0.0,24.97,8.16,46,1011.1,18.0,0.249,31.4
2547,10906X0039/C2-1,BSS002MNYD,2024-01-10,101.11,Valeur mesurée,Syndicat Mixte pour la Protection et la Gestion des Nappes Souterraines de la Plaine du Roussillon  (20001584000016),2.685378283,42.685696389,2024-01-10T03:17,2024-01-10T15:15,43107.11,0.0,24.8,7.59,22,1010.7,16.0,0.248,31.3
2548,10906X0039/C2-1,BSS002MNYD,2024-01-11,101.1,Valeur mesurée,Syndicat Mixte pour la Protection et la Gestion des Nappes Souterraines de la Plaine du Roussillon  (20001584000016),2.685378283,42.685696389,2024-01-11T03:17,2024-01-11T15:16,43110.55,0.0,24.25,7.22,78,1010.1,15.9,0.246,31.4
2549,10906X0039/C2-1,BSS002MNYD,2024-01-12,101.08,Valeur mesurée,Syndicat Mixte pour la Protection et la Gestion des Nappes Souterraines de la Plaine du Roussillon  (20001584000016),2.685378283,42.685696389,2024-01-12T03:18,2024-01-12T15:16,43114.14,0.0,24.56,7.12,38,1010.0,16.1,0.245,31.5
2550,10906X0039/C2-1,BSS002MNYD,2024-01-13,101.07,Valeur mesurée,Syndicat Mixte pour la Protection et la Gestion des Nappes Souterraines de la Plaine du Roussillon  (20001584000016),2.685378283,42.685696389,2024-01-13T03:18,2024-01-13T15:16,43117.87,0.0,24.0,7.36,34,1010.0,15.8,0.243,31.6
2551,10906X0039/C2-1,BSS002MNYD,2024-01-14,101.06,Valeur mesurée,Syndicat Mixte pour la Protection et la Gestion des Nappes Souterraines de la Plaine du Roussillon  (20001584000016),2.685378283,42.685696389,2024-01-14T03:18,2024-01-14T15:17,43121.8,0.0,23.99,8.03,71,1010.2,17.8,0.242,31.8
2552,10906X0039/C2-1,BSS002MNYD,2024-01-15,101.06,Valeur mesurée,Syndicat Mixte pour la Protection et la Gestion des Nappes Souterraines de la Plaine du Roussillon  (20001584000016),2.685378283,42.685696389,2024-01-15T03:19,2024-01-15T15:17,43125.9,0.0,24.7,8.63,45,1010.7,18.1,0.241,32.0
2553,10906X0039/C2-1,BSS002MNYD,2024-01-16,101.13,Valeur mesurée,Syndicat Mixte pour la Protection et la Gestion des Nappes Souterraines de la Plaine du Roussillon  (20001584000016),2.685378283,42.685696389,2024-01-16T03:19,2024-01-16T15:18,43130.19,0.0,23.31,7.43,24,1010.6,15.0,0.239,32.2
2554,10906X0039/C2-1,BSS002MNYD,2024-01-17,101.26,Valeur mesurée,Syndicat Mixte pour la Protection et la Gestion des Nappes Souterraines de la Plaine du Roussillon  (20001584000016),2.685378283,42.685696389,2024-01-17T03:19,2024-01-17T15:18,43134.66,0.8,21.99,6.76,30,1010.5,14.6,0.238,32.3
2555,10906X0039/C2-1,BSS002MNYD,2024-01-18,101.36,Valeur mesurée,Syndicat Mixte pour la Protection et la Gestion des Nappes Souterraines de la Plaine du Roussillon  (20001584000016),2.685378283,42.685696389,2024-01-18T03:19,2024-01-18T15:18,43139.29,0.1,22.0,6.08,28,1010.4,12.6,0.238,32.4
2556,10906X0039/C2-1,BSS002MNYD,2024-01-19,101.35,Valeur mesurée,Syndicat Mixte pour la Protection et la Gestion des Nappes Souterraines de la Plaine du Roussillon  (20001584000016),2.685378283,42.685696389,2024-01-19T03:20,2024-01-19T15:19,43144.08,0.1,21.68,6.2,33,1009.9,12.6,0.243,31.8
2557,10906X0039/C2-1,BSS002MNYD,2024-01-20,101.3,Valeur mesurée,Syndicat Mixte pour la Protection et la Gestion des Nappes Souterraines de la Plaine du Roussillon  (20001584000016),2.685378283,42.685696389,2024-01-20T03:20,2024-01-20T15:19,43149.01,0.0,25.37,8.88,62,1009.7,18.0,0.239,31.6
2558,10906X0039/C2-1,BSS002MNYD,2024-01-21,101.24,Valeur mesurée,Syndicat Mixte pour la Protection et la Gestion des Nappes Souterraines de la Plaine du Roussillon  (20001584000016),2.685378283,42.685696389,2024-01-21T03:20,2024-01-21T15:19,43154.1,0.0,25.4,8.67,77,1010.7,19.5,0.236,31.6
2559,10906X0039/C2-1,BSS002MNYD,2024-01-22,101.18,Valeur mesurée,Syndicat Mixte pour la Protection et la Gestion des Nappes Souterraines de la Plaine du Roussillon  (20001584000016),2.685378283,42.685696389,2024-01-22T03:20,2024-01-22T15:20,43159.33,0.0,25.46,8.57,42,1012.4,18.7,0.235,31.6
2560,10906X0039/C2-1,BSS002MNYD,2024-01-23,101.18,Valeur mesurée,Syndicat Mixte pour la Protection et la Gestion des Nappes Souterraines de la Plaine du Roussillon  (20001584000016),2.685378283,42.685696389,2024-01-23T03:21,2024-01-23T15:20,43164.69,0.0,25.6,8.66,15,1012.1,17.1,0.233,31.7
2561,10906X0039/C2-1,BSS002MNYD,2024-01-24,101.23,Valeur mesurée,Syndicat Mixte pour la Protection et la Gestion des Nappes Souterraines de la Plaine du Roussillon  (20001584000016),2.685378283,42.685696389,2024-01-24T03:21,2024-01-24T15:20,43170.16,0.0,24.21,7.25,18,1011.9,14.9,0.232,32.0
2562,10906X0039/C2-1,BSS002MNYD,2024-01-25,101.25,Valeur mesurée,Syndicat Mixte pour la Protection et la Gestion des Nappes Souterraines de la Plaine du Roussillon  (20001584000016),2.685378283,42.685696389,2024-01-25T03:21,2024-01-25T15:21,43175.76,0.0,24.47,7.44,11,1011.5,15.1,0.231,32.2
2563,10906X0039/C2-1,BSS002MNYD,2024-01-26,101.25,Valeur mesurée,Syndicat Mixte pour la Protection et la Gestion des Nappes Souterraines de la Plaine du Roussillon  (20001584000016),2.685378283,42.685696389,2024-01-26T03:21,2024-01-26T15:21,43181.46,0.0,21.64,6.21,37,1012.4,14.6,0.23,32.4
2564,10906X0039/C2-1,BSS002MNYD,2024-01-27,101.22,Valeur mesurée,Syndicat Mixte pour la Protection et la Gestion des Nappes Souterraines de la Plaine du Roussillon  (20001584000016),2.685378283,42.685696389,2024-01-27T03:21,2024-01-27T15:21,43187.27,0.0,22.31,6.51,58,1012.4,15.6,0.229,32.5
2565,10906X0039/C2-1,BSS002MNYD,2024-01-28,101.18,Valeur mesurée,Syndicat Mixte pour la Protection et la Gestion des Nappes Souterraines de la Plaine du Roussillon  (20001584000016),2.685378283,42.685696389,2024-01-28T03:22,2024-01-28T15:21,43193.18,0.0,23.61,7.52,26,1011.7,18.4,0.228,32.6
2566,10906X0039/C2-1,BSS002MNYD,2024-01-29,101.14,Valeur mesurée,Syndicat Mixte pour la Protection et la Gestion des Nappes Souterraines de la Plaine du Roussillon  (20001584000016),2.685378283,42.685696389,2024-01-29T03:22,2024-01-29T15:22,43199.17,0.0,24.01,6.86,90,1011.8,15.3,0.228,32.7
2567,10906X0039/C2-1,BSS002MNYD,2024-01-30,101.1,Valeur mesurée,Syndicat Mixte pour la Protection et la Gestion des Nappes Souterraines de la Plaine du Roussillon  (20001584000016),2.685378283,42.685696389,2024-01-30T03:22,2024-01-30T15:22,43205.25,0.0,24.18,7.21,56,1012.0,16.3,0.227,32.8
2568,10906X0039/C2-1,BSS002MNYD,2024-01-31,101.06,Valeur mesurée,Syndicat Mixte pour la Protection et la Gestion des Nappes Souterraines de la Plaine du Roussillon  (20001584000016),2.685378283,42.685696389,2024-01-31T03:22,2024-01-31T15:22,43211.41,0.0,23.87,7.33,100,1012.7,16.6,0.226,32.9
2569,10906X0039/C2-1,BSS002MNYD,2024-02-01,101.03,Valeur mesurée,Syndicat Mixte pour la Protection et la Gestion des Nappes Souterraines de la Plaine du Roussillon  (20001584000016),2.685378283,42.685696389,2024-02-01T03:22,2024-02-01T15:22,43217.63,0.0,24.16,7.06,98,1013.4,15.3,0.224,33.0
2570,10906X0039/C2-1,BSS002MNYD,2024-02-02,101.01,Valeur mesurée,Syndicat Mixte pour la Protection et la Gestion des Nappes Souterraines de la Plaine du Roussillon  (20001584000016),2.685378283,42.685696389,2024-02-02T03:22,2024-02-02T15:23,43223.93,0.1,23.79,6.7,99,1011.8,12.8,0.223,33.1
2571,10906X0039/C2-1,BSS002MNYD,2024-02-03,100.98,Valeur mesurée,Syndicat Mixte pour la Protection et la Gestion des Nappes Souterraines de la Plaine du Roussillon  (20001584000016),2.685378283,42.685696389,2024-02-03T03:22,2024-02-03T15:23,43230.37,0.4,22.75,6.66,59,1011.3,15.7,0.223,33.2
2572,10906X0039/C2-1,BSS002MNYD,2024-02-04,101.02,Valeur mesurée,Syndicat Mixte pour la Protection et la Gestion des Nappes Souterraines de la Plaine du Roussillon  (20001584000016),2.685378283,42.685696389,2024-02-04T03:22,2024-02-04T15:23,43236.95,0.0,24.06,7.9,78,1011.9,18.1,0.222,33.1
2573,10906X0039/C2-1,BSS002MNYD,2024-02-05,101.1,Valeur mesurée,Syndicat Mixte pour la Protection et la Gestion des Nappes Souterraines de la Plaine du Roussillon  (20001584000016),2.685378283,42.685696389,2024-02-05T03:22,2024-02-05T15:23,43243.67,0.0,22.26,8.01,87,1012.7,18.8,0.222,33.1
2574,10906X0039/C2-1,BSS002MNYD,2024-02-06,101.21,Valeur mesurée,Syndicat Mixte pour la Protection et la Gestion des Nappes Souterraines de la Plaine du Roussillon  (20001584000016),2.685378283,42.685696389,2024-02-06T03:22,2024-02-06T15:23,43250.51,0.0,16.95,6.09,78,1013.4,16.1,0.221,33.0
2575,10906X0039/C2-1,BSS002MNYD,2024-02-07,101.23,Valeur mesurée,Syndicat Mixte pour la Protection et la Gestion des Nappes Souterraines de la Plaine du Roussillon  (20001584000016),2.685378283,42.685696389,2024-02-07T03:22,2024-02-07T15:23,43257.47,0.0,24.1,7.32,12,1013.0,16.1,0.219,33.0
2576,10906X0039/C2-1,BSS002MNYD,2024-02-08,101.22,Valeur mesurée,Syndicat Mixte pour la Protection et la Gestion des Nappes Souterraines de la Plaine du Roussillon  (20001584000016),2.685378283,42.685696389,2024-02-08T03:22,2024-02-08T15:23,43264.55,0.0,24.5,7.8,50,1012.3,16.9,0.218,33.2
2577,10906X0039/C2-1,BSS002MNYD,2024-02-09,101.18,Valeur mesurée,Syndicat Mixte pour la Protection et la Gestion des Nappes Souterraines de la Plaine du Roussillon  (20001584000016),2.685378283,42.685696389,2024-02-09T03:22,2024-02-09T15:23,43271.72,0.0,25.84,8.88,57,1011.0,19.9,0.218,33.3
2578,10906X0039/C2-1,BSS002MNYD,2024-02-10,101.13,Valeur mesurée,Syndicat Mixte pour la Protection et la Gestion des Nappes Souterraines de la Plaine du Roussillon  (20001584000016),2.685378283,42.685696389,2024-02-10T03:22,2024-02-10T15:24,43278.99,0.0,25.53,8.45,3,1012.1,21.0,0.217,33.3
2579,10906X0039/C2-1,BSS002MNYD,2024-02-11,101.09,Valeur mesurée,Syndicat Mixte pour la Protection et la Gestion des Nappes Souterraines de la Plaine du Roussillon  (20001584000016),2.685378283,42.685696389,2024-02-11T03:22,2024-02-11T15:24,43286.35,0.0,26.4,8.93,12,1012.7,20.6,0.216,33.3
2580,10906X0039/C2-1,BSS002MNYD,2024-02-12,101.15,Valeur mesurée,Syndicat Mixte pour la Protection et la Gestion des Nappes Souterraines de la Plaine du Roussillon  (20001584000016),2.685378283,42.685696389,2024-02-12T03:22,2024-02-12T15:24,43293.8,0.0,26.0,8.43,53,1011.8,19.7,0.215,33.4
2581,10906X0039/C2-1,BSS002MNYD,2024-02-13,101.16,Valeur mesurée,Syndicat Mixte pour la Protection et la Gestion des Nappes Souterraines de la Plaine du Roussillon  (20001584000016),2.685378283,42.685696389,2024-02-13T03:22,2024-02-13T15:24,43301.32,0.0,25.98,8.71,61,1011.1,20.7,0.214,33.5
2582,10906X0039/C2-1,BSS002MNYD,2024-02-14,101.16,Valeur mesurée,Syndicat Mixte pour la Protection et la Gestion des Nappes Souterraines de la Plaine du Roussillon  (20001584000016),2.685378283,42.685696389,2024-02-14T03:22,2024-02-14T15:24,43308.9,0.0,26.35,8.45,58,1010.6,18.5,0.213,33.5
2583,10906X0039/C2-1,BSS002MNYD,2024-02-15,101.15,Valeur mesurée,Syndicat Mixte pour la Protection et la Gestion des Nappes Souterraines de la Plaine du Roussillon  (20001584000016),2.685378283,42.685696389,2024-02-15T03:22,2024-02-15T15:24,43316.55,0.0,25.95,8.52,7,1010.7,19.2,0.212,33.7
2584,10906X0039/C2-1,BSS002MNYD,2024-02-16,101.09,Valeur mesurée,Syndicat Mixte pour la Protection et la Gestion des Nappes Souterraines de la Plaine du Roussillon  (20001584000016),2.685378283,42.685696389,2024-02-16T03:22,2024-02-16T15:24,43324.25,0.0,26.34,8.76,27,1011.4,20.0,0.211,33.8
2585,10906X0039/C2-1,BSS002MNYD,2024-02-17,101.03,Valeur mesurée,Syndicat Mixte pour la Protection et la Gestion des Nappes Souterraines de la Plaine du Roussillon  (20001584000016),2.685378283,42.685696389,2024-02-17T03:22,2024-02-17T15:24,43331.99,0.0,26.05,8.15,4,1010.5,17.3,0.21,33.9
2586,10906X0039/C2-1,BSS002MNYD,2024-02-18,100.97,Valeur mesurée,Syndicat Mixte pour la Protection et la Gestion des Nappes Souterraines de la Plaine du Roussillon  (20001584000016),2.685378283,42.685696389,2024-02-18T03:21,2024-02-18T15:24,43339.77,0.0,26.06,7.97,55,1009.2,15.4,0.209,34.1
2587,10906X0039/C2-1,BSS002MNYD,2024-02-19,100.92,Valeur mesurée,Syndicat Mixte pour la Protection et la Gestion des Nappes Souterraines de la Plaine du Roussillon  (20001584000016),2.685378283,42.685696389,2024-02-19T03:21,2024-02-19T15:24,43347.59,0.0,25.51,7.46,73,1009.2,14.0,0.208,34.2
2588,10906X0039/C2-1,BSS002MNYD,2024-02-20,100.88,Valeur mesurée,Syndicat Mixte pour la Protection et la Gestion des Nappes Souterraines de la Plaine du Roussillon  (20001584000016),2.685378283,42.685696389,2024-02-20T03:21,2024-02-20T15:24,43355.42,0.0,25.32,7.89,67,1010.0,16.6,0.207,34.2
2589,10906X0039/C2-1,BSS002MNYD,2024-02-21,100.83,Valeur mesurée,Syndicat Mixte pour la Protection et la Gestion des Nappes Souterraines de la Plaine du Roussillon  (20001584000016),2.685378283,42.685696389,2024-02-21T03:21,2024-02-21T15:24,43363.28,0.0,26.67,9.07,58,1009.3,21.6,0.206,34.1
2590,10906X0039/C2-1,BSS002MNYD,2024-02-22,100.79,Valeur mesurée,Syndicat Mixte pour la Protection et la Gestion des Nappes Souterraines de la Plaine du Roussillon  (20001584000016),2.685378283,42.685696389,2024-02-22T03:21,2024-02-22T15:24,43371.16,0.0,26.58,9.25,62,1009.3,23.3,0.206,34.1
2591,10906X0039/C2-1,BSS002MNYD,2024-02-23,100.75,Valeur mesurée,Syndicat Mixte pour la Protection et la Gestion des Nappes Souterraines de la Plaine du Roussillon  (20001584000016),2.685378283,42.685696389,2024-02-23T03:21,2024-02-23T15:24,43379.13,0.0,24.39,9.18,99,1009.5,23.5,0.205,34.1
2592,10906X0039/C2-1,BSS002MNYD,2024-02-24,100.71,Valeur mesurée,Syndicat Mixte pour la Protection et la Gestion des Nappes Souterraines de la Plaine du Roussillon  (20001584000016),2.685378283,42.685696389,2024-02-24T03:20,2024-02-24T15:24,43387.19,0.0,24.54,8.94,83,1010.2,19.8,0.204,34.2
2593,10906X0039/C2-1,BSS002MNYD,2024-02-25,100.71,Valeur mesurée,Syndicat Mixte pour la Protection et la Gestion des Nappes Souterraines de la Plaine du Roussillon  (20001584000016),2.685378283,42.685696389,2024-02-25T03:20,2024-02-25T15:24,43395.34,0.0,24.88,7.26,68,1009.3,12.4,0.203,34.4
2594,10906X0039/C2-1,BSS002MNYD,2024-02-26,100.71,Valeur mesurée,Syndicat Mixte pour la Protection et la Gestion des Nappes Souterraines de la Plaine du Roussillon  (20001584000016),2.685378283,42.685696389,2024-02-26T03:20,2024-02-26T15:23,43403.58,0.0,24.56,6.85,65,1008.2,12.4,0.202,34.5
2595,10906X0039/C2-1,BSS002MNYD,2024-02-27,100.69,Valeur mesurée,Syndicat Mixte pour la Protection et la Gestion des Nappes Souterraines de la Plaine du Roussillon  (20001584000016),2.685378283,42.685696389,2024-02-27T03:20,2024-02-27T15:23,43411.89,0.0,24.6,7.66,44,1008.6,15.2,0.202,34.7
2596,10906X0039/C2-1,BSS002MNYD,2024-02-28,100.66,Valeur mesurée,Syndicat Mixte pour la Protection et la Gestion des Nappes Souterraines de la Plaine du Roussillon  (20001584000016),2.685378283,42.685696389,2024-02-28T03:20,2024-02-28T15:23,43420.27,0.0,25.62,7.08,40,1009.2,12.7,0.201,34.8
2597,10906X0039/C2-1,BSS002MNYD,2024-02-29,100.63,Valeur mesurée,Syndicat Mixte pour la Protection et la Gestion des Nappes Souterraines de la Plaine du Roussillon  (20001584000016),2.685378283,42.685696389,2024-02-29T03:19,2024-02-29T15:23,43428.71,0.0,25.37,7.44,16,1009.2,13.9,0.2,34.8
2598,10906X0039/C2-1,BSS002MNYD,2024-03-01,100.61,Valeur mesurée,Syndicat Mixte pour la Protection et la Gestion des Nappes Souterraines de la Plaine du Roussillon  (20001584000016),2.685378283,42.685696389,2024-03-01T03:19,2024-03-01T15:23,43437.21,0.0,26.49,8.32,41,1009.9,16.6,0.199,34.7
2599,10906X0039/C2-1,BSS002MNYD,2024-03-02,100.58,Valeur mesurée,Syndicat Mixte pour la Protection et la Gestion des Nappes Souterraines de la Plaine du Roussillon  (20001584000016),2.685378283,42.685696389,2024-03-02T03:19,2024-03-02T15:23,43445.76,0.0,26.31,8.26,45,1010.4,16.3,0.198,34.7
2600,10906X0039/C2-1,BSS002MNYD,2024-03-03,100.55,Valeur mesurée,Syndicat Mixte pour la Protection et la Gestion des Nappes Souterraines de la Plaine du Roussillon  (20001584000016),2.685378283,42.685696389,2024-03-03T03:18,2024-03-03T15:23,43454.36,0.0,26.91,8.44,74,1009.5,15.9,0.198,34.8
2601,10906X0039/C2-1,BSS002MNYD,2024-03-04,100.56,Valeur mesurée,Syndicat Mixte pour la Protection et la Gestion des Nappes Souterraines de la Plaine du Roussillon  (20001584000016),2.685378283,42.685696389,2024-03-04T03:18,2024-03-04T15:22,43462.98,0.0,25.12,7.81,74,1009.4,16.3,0.197,34.8
2602,10906X0039/C2-1,BSS002MNYD,2024-03-05,100.62,Valeur mesurée,Syndicat Mixte pour la Protection et la Gestion des Nappes Souterraines de la Plaine du Roussillon  (20001584000016),2.685378283,42.685696389,2024-03-05T03:18,2024-03-05T15:22,43471.65,0.0,25.85,8.27,52,1011.3,19.9,0.196,34.9
2603,10906X0039/C2-1,BSS002MNYD,2024-03-06,100.66,Valeur mesurée,Syndicat Mixte pour la Protection et la Gestion des Nappes Souterraines de la Plaine du Roussillon  (20001584000016),2.685378283,42.685696389,2024-03-06T03:18,2024-03-06T15:22,43480.33,0.0,25.1,7.42,31,1011.8,15.6,0.195,34.9
2604,10906X0039/C2-1,BSS002MNYD,2024-03-07,100.65,Valeur mesurée,Syndicat Mixte pour la Protection et la Gestion des Nappes Souterraines de la Plaine du Roussillon  (20001584000016),2.685378283,42.685696389,2024-03-07T03:17,2024-03-07T15:22,43489.04,0.1,24.54,6.74,26,1011.8,11.7,0.195,34.9
2605,10906X0039/C2-1,BSS002MNYD,2024-03-08,100.6,Valeur mesurée,Syndicat Mixte pour la Protection et la Gestion des Nappes Souterraines de la Plaine du Roussillon  (20001584000016),2.685378283,42.685696389,2024-03-08T03:17,2024-03-08T15:22,43497.75,0.0,25.74,7.74,9,1010.6,15.4,0.195,34.8
2606,10906X0039/C2-1,BSS002MNYD,2024-03-09,100.54,Valeur mesurée,Syndicat Mixte pour la Protection et la Gestion des Nappes Souterraines de la Plaine du Roussillon  (20001584000016),2.685378283,42.685696389,2024-03-09T03:17,2024-03-09T15:22,43506.47,0.0,25.92,7.98,33,1010.6,16.0,0.194,34.9
2607,10906X0039/C2-1,BSS002MNYD,2024-03-10,100.5,Valeur mesurée,Syndicat Mixte pour la Protection et la Gestion des Nappes Souterraines de la Plaine du Roussillon  (20001584000016),2.685378283,42.685696389,2024-03-10T03:16,2024-03-10T15:21,43515.19,0.0,26.01,8.67,8,1011.6,18.5,0.193,34.8
2608,10906X0039/C2-1,BSS002MNYD,2024-03-11,100.45,Valeur mesurée,Syndicat Mixte pour la Protection et la Gestion des Nappes Souterraines de la Plaine du Roussillon  (20001584000016),2.685378283,42.685696389,2024-03-11T03:16,2024-03-11T15:21,43523.91,0.0,27.54,9.17,1,1013.4,20.7,0.192,34.7
2609,10906X0039/C2-1,BSS002MNYD,2024-03-12,100.42,Valeur mesurée,Syndicat Mixte pour la Protection et la Gestion des Nappes Souterraines de la Plaine du Roussillon  (20001584000016),2.685378283,42.685696389,2024-03-12T03:16,2024-03-12T15:21,43532.6,0.0,26.02,7.75,11,1013.4,16.9,0.192,34.8
2610,10906X0039/C2-1,BSS002MNYD,2024-03-13,100.43,Valeur mesurée,Syndicat Mixte pour la Protection et la Gestion des Nappes Souterraines de la Plaine du Roussillon  (20001584000016),2.685378283,42.685696389,2024-03-13T03:15,2024-03-13T15:21,43541.29,0.6,22.63,6.5,22,1013.6,15.7,0.191,34.7
2611,10906X0039/C2-1,BSS002MNYD,2024-03-14,100.51,Valeur mesurée,Syndicat Mixte pour la Protection et la Gestion des Nappes Souterraines de la Plaine du Roussillon  (20001584000016),2.685378283,42.685696389,2024-03-14T03:15,2024-03-14T15:21,43550.03,0.0,25.75,8.53,24,1011.8,18.2,0.191,34.8
2612,10906X0039/C2-1,BSS002MNYD,2024-03-15,100.56,Valeur mesurée,Syndicat Mixte pour la Protection et la Gestion des Nappes Souterraines de la Plaine du Roussillon  (20001584000016),2.685378283,42.685696389,2024-03-15T03:15,2024-03-15T15:21,43558.83,0.0,27.68,9.12,0,1012.2,20.4,0.19,34.8
2613,10906X0039/C2-1,BSS002MNYD,2024-03-16,100.56,Valeur mesurée,Syndicat Mixte pour la Protection et la Gestion des Nappes Souterraines de la Plaine du Roussillon  (20001584000016),2.685378283,42.685696389,2024-03-16T03:14,2024-03-16T15:20,43567.69,0.0,27.22,8.24,59,1011.1,15.3,0.189,34.9
2614,10906X0039/C2-1,BSS002MNYD,2024-03-17,100.51,Valeur mesurée,Syndicat Mixte pour la Protection et la Gestion des Nappes Souterraines de la Plaine du Roussillon  (20001584000016),2.685378283,42.685696389,2024-03-17T03:14,2024-03-17T15:20,43576.59,0.0,25.11,7.14,21,1010.3,14.8,0.188,35.1
2615,10906X0039/C2-1,BSS002MNYD,2024-03-18,100.44,Valeur mesurée,Syndicat Mixte pour la Protection et la Gestion des Nappes Souterraines de la Plaine du Roussillon  (20001584000016),2.685378283,42.685696389,2024-03-18T03:14,2024-03-18T15:20,43585.55,0.0,24.99,7.43,10,1009.7,16.0,0.188,35.1
2616,10906X0039/C2-1,BSS002MNYD,2024-03-19,100.39,Valeur mesurée,Syndicat Mixte pour la Protection et la Gestion des Nappes Souterraines de la Plaine du Roussillon  (20001584000016),2.685378283,42.685696389,2024-03-19T03:13,2024-03-19T15:20,43594.53,0.1,24.94,7.11,68,1009.3,14.2,0.187,35.1
2617,10906X0039/C2-1,BSS002MNYD,2024-03-20,100.37,Valeur mesurée,Syndicat Mixte pour la Protection et la Gestion des Nappes Souterraines de la Plaine du Roussillon  (20001584000016),2.685378283,42.685696389,2024-03-20T03:13,2024-03-20T15:19,43603.55,0.0,25.23,8.13,77,1009.3,17.5,0.187,35.2
2618,10906X0039/C2-1,BSS002MNYD,2024-03-21,100.36,Valeur mesurée,Syndicat Mixte pour la Protection et la Gestion des Nappes Souterraines de la Plaine du Roussillon  (20001584000016),2.685378283,42.685696389,2024-03-21T03:12,2024-03-21T15:19,43612.59,0.0,26.8,8.18,82,1008.9,15.6,0.186,35.3
2619,10906X0039/C2-1,BSS002MNYD,2024-03-22,100.33,Valeur mesurée,Syndicat Mixte pour la Protection et la Gestion des Nappes Souterraines de la Plaine du Roussillon  (20001584000016),2.685378283,42.685696389,2024-03-22T03:12,2024-03-22T15:19,43621.66,0.0,25.65,7.63,87,1007.2,16.1,0.186,35.3
2620,10906X0039/C2-1,BSS002MNYD,2024-03-23,100.29,Valeur mesurée,Syndicat Mixte pour la Protection et la Gestion des Nappes Souterraines de la Plaine du Roussillon  (20001584000016),2.685378283,42.685696389,2024-03-23T03:12,2024-03-23T15:19,43630.74,0.0,25.32,7.4,69,1007.1,15.5,0.185,35.4
2621,10906X0039/C2-1,BSS002MNYD,2024-03-24,100.26,Valeur mesurée,Syndicat Mixte pour la Protection et la Gestion des Nappes Souterraines de la Plaine du Roussillon  (20001584000016),2.685378283,42.685696389,2024-03-24T03:11,2024-03-24T15:19,43639.82,0.0,24.3,7.65,46,1008.8,18.0,0.184,35.4
2622,10906X0039/C2-1,BSS002MNYD,2024-03-25,100.23,Valeur mesurée,Syndicat Mixte pour la Protection et la Gestion des Nappes Souterraines de la Plaine du Roussillon  (20001584000016),2.685378283,42.685696389,2024-03-25T03:11,2024-03-25T15:18,43648.91,1.3,20.11,6.12,80,1011.3,16.5,0.184,35.3
2623,10906X0039/C2-1,BSS002MNYD,2024-03-26,100.25,Valeur mesurée,Syndicat Mixte pour la Protection et la Gestion des Nappes Souterraines de la Plaine du Roussillon  (20001584000016),2.685378283,42.685696389,2024-03-26T03:10,2024-03-26T15:18,43657.99,0.0,24.57,7.19,53,1011.0,14.8,0.184,35.3
2624,10906X0039/C2-1,BSS002MNYD,2024-03-27,100.3,Valeur mesurée,Syndicat Mixte pour la Protection et la Gestion des Nappes Souterraines de la Plaine du Roussillon  (20001584000016),2.685378283,42.685696389,2024-03-27T03:10,2024-03-27T15:18,43667.06,0.0,24.67,8.1,63,1011.3,18.1,0.183,35.4
2625,10906X0039/C2-1,BSS002MNYD,2024-03-28,100.3,Valeur mesurée,Syndicat Mixte pour la Protection et la Gestion des Nappes Souterraines de la Plaine du Roussillon  (20001584000016),2.685378283,42.685696389,2024-03-28T03:10,2024-03-28T15:18,43676.12,1.3,19.59,5.62,80,1011.9,12.7,0.183,35.1
2626,10906X0039/C2-1,BSS002MNYD,2024-03-29,100.28,Valeur mesurée,Syndicat Mixte pour la Protection et la Gestion des Nappes Souterraines de la Plaine du Roussillon  (20001584000016),2.685378283,42.685696389,2024-03-29T03:09,2024-03-29T15:17,43685.15,0.2,23.96,6.88,32,1010.8,15.0,0.183,34.8
2627,10906X0039/C2-1,BSS002MNYD,2024-03-30,100.25,Valeur mesurée,Syndicat Mixte pour la Protection et la Gestion des Nappes Souterraines de la Plaine du Roussillon  (20001584000016),2.685378283,42.685696389,2024-03-30T03:09,2024-03-30T15:17,43694.15,0.1,24.96,7.83,62,1010.7,17.1,0.182,34.9
2628,10906X0039/C2-1,BSS002MNYD,2024-03-31,100.22,Valeur mesurée,Syndicat Mixte pour la Protection et la Gestion des Nappes Souterraines de la Plaine du Roussillon  (20001584000016),2.685378283,42.685696389,2024-03-31T03:09,2024-03-31T15:17,43703.12,2.6,22.13,5.85,77,1012.3,13.7,0.182,34.8
2629,10906X0039/C2-1,BSS002MNYD,2024-04-01,100.2,Valeur mesurée,Syndicat Mixte pour la Protection et la Gestion des Nappes Souterraines de la Plaine du Roussillon  (20001584000016),2.685378283,42.685696389,2024-04-01T03:08,2024-04-01T15:17,43712.04,24.8,21.32,5.32,71,1011.6,11.0,0.185,34.4
2630,10906X0039/C2-1,BSS002MNYD,2024-04-02,100.19,Valeur mesurée,Syndicat Mixte pour la Protection et la Gestion des Nappes Souterraines de la Plaine du Roussillon  (20001584000016),2.685378283,42.685696389,2024-04-02T03:08,2024-04-02T15:17,43720.92,12.1,19.72,4.36,90,1011.1,7.1,0.193,33.6
2631,10906X0039/C2-1,BSS002MNYD,2024-04-03,100.17,Valeur mesurée,Syndicat Mixte pour la Protection et la Gestion des Nappes Souterraines de la Plaine du Roussillon  (20001584000016),2.685378283,42.685696389,2024-04-03T03:08,2024-04-03T15:16,43729.83,34.8,14.1,3.01,86,1011.4,6.4,0.225,32.8
2632,10906X0039/C2-1,BSS002MNYD,2024-04-04,100.14,Valeur mesurée,Syndicat Mixte pour la Protection et la Gestion des Nappes Souterraines de la Plaine du Roussillon  (20001584000016),2.685378283,42.685696389,2024-04-04T03:07,2024-04-04T15:16,43738.77,7.3,21.9,4.86,87,1010.9,8.6,0.268,32.3
2633,10906X0039/C2-1,BSS002MNYD,2024-04-05,100.14,Valeur mesurée,Syndicat Mixte pour la Protection et la Gestion des Nappes Souterraines de la Plaine du Roussillon  (20001584000016),2.685378283,42.685696389,2024-04-05T03:07,2024-04-05T15:16,43747.73,9.1,20.32,4.34,67,1011.6,9.6,0.267,32.1
2634,10906X0039/C2-1,BSS002MNYD,2024-04-06,100.22,Valeur mesurée,Syndicat Mixte pour la Protection et la Gestion des Nappes Souterraines de la Plaine du Roussillon  (20001584000016),2.685378283,42.685696389,2024-04-06T03:06,2024-04-06T15:16,43756.71,1.0,22.54,4.86,81,1010.8,7.3,0.277,31.8
2635,10906X0039/C2-1,BSS002MNYD,2024-04-07,100.24,Valeur mesurée,Syndicat Mixte pour la Protection et la Gestion des Nappes Souterraines de la Plaine du Roussillon  (20001584000016),2.685378283,42.685696389,2024-04-07T03:06,2024-04-07T15:16,43765.69,3.4,20.04,4.36,82,1010.2,8.7,0.275,31.5
2636,10906X0039/C2-1,BSS002MNYD,2024-04-08,100.24,Valeur mesurée,Syndicat Mixte pour la Protection et la Gestion des Nappes Souterraines de la Plaine du Roussillon  (20001584000016),2.685378283,42.685696389,2024-04-08T03:06,2024-04-08T15:15,43774.68,2.1,20.42,4.41,69,1010.0,9.9,0.272,31.3
2637,10906X0039/C2-1,BSS002MNYD,2024-04-09,100.23,Valeur mesurée,Syndicat Mixte pour la Protection et la Gestion des Nappes Souterraines de la Plaine du Roussillon  (20001584000016),2.685378283,42.685696389,2024-04-09T03:05,2024-04-09T15:15,43783.67,0.4,17.48,3.77,58,1010.3,7.8,0.268,31.0
2638,10906X0039/C2-1,BSS002MNYD,2024-04-10,100.21,Valeur mesurée,Syndicat Mixte pour la Protection et la Gestion des Nappes Souterraines de la Plaine du Roussillon  (20001584000016),2.685378283,42.685696389,2024-04-10T03:05,2024-04-10T15:15,43792.65,1.0,21.92,4.75,41,1010.0,7.6,0.266,31.0
2639,10906X0039/C2-1,BSS002MNYD,2024-04-11,100.2,Valeur mesurée,Syndicat Mixte pour la Protection et la Gestion des Nappes Souterraines de la Plaine du Roussillon  (20001584000016),2.685378283,42.685696389,2024-04-11T03:05,2024-04-11T15:15,43801.62,0.4,22.88,5.08,31,1010.3,9.5,0.262,31.0
2640,10906X0039/C2-1,BSS002MNYD,2024-04-12,100.23,Valeur mesurée,Syndicat Mixte pour la Protection et la Gestion des Nappes Souterraines de la Plaine du Roussillon  (20001584000016),2.685378283,42.685696389,2024-04-12T03:04,2024-04-12T15:15,43810.57,0.7,22.74,5.11,63,1010.0,11.3,0.261,31.0
2641,10906X0039/C2-1,BSS002MNYD,2024-04-13,100.25,Valeur mesurée,Syndicat Mixte pour la Protection et la Gestion des Nappes Souterraines de la Plaine du Roussillon  (20001584000016),2.685378283,42.685696389,2024-04-13T03:04,2024-04-13T15:14,43819.48,1.6,21.12,4.61,83,1010.3,9.4,0.262,30.8
2642,10906X0039/C2-1,BSS002MNYD,2024-04-14,100.25,Valeur mesurée,Syndicat Mixte pour la Protection et la Gestion des Nappes Souterraines de la Plaine du Roussillon  (20001584000016),2.685378283,42.685696389,2024-04-14T03:04,2024-04-14T15:14,43828.37,0.2,24.25,5.52,89,1010.3,13.6,0.258,30.7
2643,10906X0039/C2-1,BSS002MNYD,2024-04-15,100.22,Valeur mesurée,Syndicat Mixte pour la Protection et la Gestion des Nappes Souterraines de la Plaine du Roussillon  (20001584000016),2.685378283,42.685696389,2024-04-15T03:03,2024-04-15T15:14,43837.21,0.3,21.44,5.19,81,1011.8,17.3,0.254,30.7
2644,10906X0039/C2-1,BSS002MNYD,2024-04-16,100.19,Valeur mesurée,Syndicat Mixte pour la Protection et la Gestion des Nappes Souterraines de la Plaine du Roussillon  (20001584000016),2.685378283,42.685696389,2024-04-16T03:03,2024-04-16T15:14,43846.01,0.8,23.32,5.46,73,1011.5,16.0,0.252,30.6
2645,10906X0039/C2-1,BSS002MNYD,2024-04-17,100.16,Valeur mesurée,Syndicat Mixte pour la Protection et la Gestion des Nappes Souterraines de la Plaine du Roussillon  (20001584000016),2.685378283,42.685696389,2024-04-17T03:03,2024-04-17T15:14,43854.74,0.0,25.49,6.16,17,1010.2,15.7,0.25,30.7
2646,10906X0039/C2-1,BSS002MNYD,2024-04-18,100.16,Valeur mesurée,Syndicat Mixte pour la Protection et la Gestion des Nappes Souterraines de la Plaine du Roussillon  (20001584000016),2.685378283,42.685696389,2024-04-18T03:02,2024-04-18T15:13,43863.42,6.0,16.0,3.96,85,1011.1,16.4,0.248,30.6
2647,10906X0039/C2-1,BSS002MNYD,2024-04-19,100.16,Valeur mesurée,Syndicat Mixte pour la Protection et la Gestion des Nappes Souterraines de la Plaine du Roussillon  (20001584000016),2.685378283,42.685696389,2024-04-19T03:02,2024-04-19T15:13,43872.02,2.8,17.14,4.3,61,1010.0,13.9,0.246,30.5
2648,10906X0039/C2-1,BSS002MNYD,2024-04-20,100.13,Valeur mesurée,Syndicat Mixte pour la Protection et la Gestion des Nappes Souterraines de la Plaine du Roussillon  (20001584000016),2.685378283,42.685696389,2024-04-20T03:02,2024-04-20T15:13,43880.55,0.1,21.41,5.31,82,1009.0,15.5,0.246,30.5
2649,10906X0039/C2-1,BSS002MNYD,2024-04-21,100.18,Valeur mesurée,Syndicat Mixte pour la Protection et la Gestion des Nappes Souterraines de la Plaine du Roussillon  (20001584000016),2.685378283,42.685696389,2024-04-21T03:02,2024-04-21T15:13,43888.99,2.6,18.09,4.15,96,1010.5,10.0,0.244,30.4
2650,10906X0039/C2-1,BSS002MNYD,2024-04-22,100.18,Valeur mesurée,Syndicat Mixte pour la Protection et la Gestion des Nappes Souterraines de la Plaine du Roussillon  (20001584000016),2.685378283,42.685696389,2024-04-22T03:01,2024-04-22T15:13,43897.34,0.1,18.99,4.26,67,1010.5,7.9,0.242,30.3
2651,10906X0039/C2-1,BSS002MNYD,2024-04-23,100.17,Valeur mesurée,Syndicat Mixte pour la Protection et la Gestion des Nappes Souterraines de la Plaine du Roussillon  (20001584000016),2.685378283,42.685696389,2024-04-23T03:01,2024-04-23T15:13,43905.67,16.2,18.06,3.82,71,1010.1,7.4,0.241,30.3
2652,10906X0039/C2-1,BSS002MNYD,2024-04-24,100.15,Valeur mesurée,Syndicat Mixte pour la Protection et la Gestion des Nappes Souterraines de la Plaine du Roussillon  (20001584000016),2.685378283,42.685696389,2024-04-24T03:01,2024-04-24T15:13,43913.99,8.0,19.82,4.4,77,1009.0,8.1,0.238,30.5
2653,10906X0039/C2-1,BSS002MNYD,2024-04-25,100.12,Valeur mesurée,Syndicat Mixte pour la Protection et la Gestion des Nappes Souterraines de la Plaine du Roussillon  (20001584000016),2.685378283,42.685696389,2024-04-25T03:01,2024-04-25T15:13,43922.28,2.4,21.7,4.38,100,1009.6,11.0,0.26,30.2
2654,10906X0039/C2-1,BSS002MNYD,2024-04-26,100.1,Valeur mesurée,Syndicat Mixte pour la Protection et la Gestion des Nappes Souterraines de la Plaine du Roussillon  (20001584000016),2.685378283,42.685696389,2024-04-26T03:00,2024-04-26T15:13,43930.55,22.2,10.19,2.29,100,1010.8,10.2,0.28,29.6
2655,10906X0039/C2-1,BSS002MNYD,2024-04-27,100.14,Valeur mesurée,Syndicat Mixte pour la Protection et la Gestion des Nappes Souterraines de la Plaine du Roussillon  (20001584000016),2.685378283,42.685696389,2024-04-27T03:00,2024-04-27T15:13,43938.78,6.9,19.86,4.14,86,1010.0,10.7,0.277,29.5
2656,10906X0039/C2-1,BSS002MNYD,2024-04-28,100.15,Valeur mesurée,Syndicat Mixte pour la Protection et la Gestion des Nappes Souterraines de la Plaine du Roussillon  (20001584000016),2.685378283,42.685696389,2024-04-28T03:00,2024-04-28T15:12,43946.96,11.6,10.58,2.34,88,1011.3,8.7,0.296,29.1
2657,10906X0039/C2-1,BSS002MNYD,2024-04-29,100.13,Valeur mesurée,Syndicat Mixte pour la Protection et la Gestion des Nappes Souterraines de la Plaine du Roussillon  (20001584000016),2.685378283,42.685696389,2024-04-29T03:00,2024-04-29T15:12,43955.08,1.8,22.63,4.94,86,1010.9,16.1,0.297,29.2
2658,10906X0039/C2-1,BSS002MNYD,2024-04-30,100.13,Valeur mesurée,Syndicat Mixte pour la Protection et la Gestion des Nappes Souterraines de la Plaine du Roussillon  (20001584000016),2.685378283,42.685696389,2024-04-30T03:00,2024-04-30T15:12,43963.16,0.1,24.33,5.27,7,1009.1,12.6,0.293,29.3
2659,10906X0039/C2-1,BSS002MNYD,2024-05-01,100.13,Valeur mesurée,Syndicat Mixte pour la Protection et la Gestion des Nappes Souterraines de la Plaine du Roussillon  (20001584000016),2.685378283,42.685696389,2024-05-01T02:59,2024-05-01T15:12,43971.17,0.0,24.2,5.41,59,1008.1,15.2,0.288,29.4
2660,10906X0039/C2-1,BSS002MNYD,2024-05-02,100.12,Valeur mesurée,Syndicat Mixte pour la Protection et la Gestion des Nappes Souterraines de la Plaine du Roussillon  (20001584000016),2.685378283,42.685696389,2024-05-02T02:59,2024-05-02T15:12,43979.1,0.1,21.21,4.71,78,1008.5,12.4,0.284,29.5
2661,10906X0039/C2-1,BSS002MNYD,2024-05-03,100.11,Valeur mesurée,Syndicat Mixte pour la Protection et la Gestion des Nappes Souterraines de la Plaine du Roussillon  (20001584000016),2.685378283,42.685696389,2024-05-03T02:59,2024-05-03T15:12,43986.95,8.0,23.28,5.34,63,1009.9,13.7,0.28,29.6
2662,10906X0039/C2-1,BSS002MNYD,2024-05-04,100.1,Valeur mesurée,Syndicat Mixte pour la Protection et la Gestion des Nappes Souterraines de la Plaine du Roussillon  (20001584000016),2.685378283,42.685696389,2024-05-04T02:59,2024-05-04T15:12,43994.71,6.2,18.47,4.02,90,1011.8,10.7,0.279,29.4
2663,10906X0039/C2-1,BSS002MNYD,2024-05-05,100.09,Valeur mesurée,Syndicat Mixte pour la Protection et la Gestion des Nappes Souterraines de la Plaine du Roussillon  (20001584000016),2.685378283,42.685696389,2024-05-05T02:59,2024-05-05T15:12,44002.38,1.3,20.22,4.52,97,1011.2,12.0,0.279,29.2
2664,10906X0039/C2-1,BSS002MNYD,2024-05-06,100.07,Valeur mesurée,Syndicat Mixte pour la Protection et la Gestion des Nappes Souterraines de la Plaine du Roussillon  (20001584000016),2.685378283,42.685696389,2024-05-06T02:59,2024-05-06T15:12,44009.94,1.5,20.71,4.65,90,1011.6,13.3,0.276,29.3
2665,10906X0039/C2-1,BSS002MNYD,2024-05-07,100.06,Valeur mesurée,Syndicat Mixte pour la Protection et la Gestion des Nappes Souterraines de la Plaine du Roussillon  (20001584000016),2.685378283,42.685696389,2024-05-07T02:58,2024-05-07T15:12,44017.4,3.1,21.77,4.92,85,1012.2,13.6,0.272,29.4
2666,10906X0039/C2-1,BSS002MNYD,2024-05-08,100.12,Valeur mesurée,Syndicat Mixte pour la Protection et la Gestion des Nappes Souterraines de la Plaine du Roussillon  (20001584000016),2.685378283,42.685696389,2024-05-08T02:58,2024-05-08T15:12,44024.72,0.7,17.66,4.1,71,1011.5,14.7,0.274,29.2
2667,10906X0039/C2-1,BSS002MNYD,2024-05-09,100.16,Valeur mesurée,Syndicat Mixte pour la Protection et la Gestion des Nappes Souterraines de la Plaine du Roussillon  (20001584000016),2.685378283,42.685696389,2024-05-09T02:58,2024-05-09T15:12,44031.92,0.7,18.81,4.48,79,1010.9,16.4,0.271,29.2
2668,10906X0039/C2-1,BSS002MNYD,2024-05-10,100.25,Valeur mesurée,Syndicat Mixte pour la Protection et la Gestion des Nappes Souterraines de la Plaine du Roussillon  (20001584000016),2.685378283,42.685696389,2024-05-10T02:58,2024-05-10T15:12,44038.98,0.9,18.53,4.31,94,1012.0,15.5,0.269,29.2
2669,10906X0039/C2-1,BSS002MNYD,2024-05-11,100.29,Valeur mesurée,Syndicat Mixte pour la Protection et la Gestion des Nappes Souterraines de la Plaine du Roussillon  (20001584000016),2.685378283,42.685696389,2024-05-11T02:58,2024-05-11T15:12,44045.89,0.4,20.35,4.85,67,1012.4,14.5,0.265,29.2
2670,10906X0039/C2-1,BSS002MNYD,2024-05-23,101.45,Valeur mesurée,Syndicat Mixte pour la Protection et la Gestion des Nappes Souterraines de la Plaine du Roussillon  (20001584000016),2.685378283,42.685696389,2024-05-23T02:58,2024-05-23T15:13,44120.21,0.8,16.61,4.73,80,1012.2,18.5,0.253,30.4
2671,10906X0039/C2-1,BSS002MNYD,2024-05-24,101.55,Valeur mesurée,Syndicat Mixte pour la Protection et la Gestion des Nappes Souterraines de la Plaine du Roussillon  (20001584000016),2.685378283,42.685696389,2024-05-24T02:58,2024-05-24T15:13,44125.56,1.0,12.09,3.55,83,1012.8,21.5,0.253,30.1
2672,10906X0039/C2-1,BSS002MNYD,2024-05-25,101.63,Valeur mesurée,Syndicat Mixte pour la Protection et la Gestion des Nappes Souterraines de la Plaine du Roussillon  (20001584000016),2.685378283,42.685696389,2024-05-25T02:58,2024-05-25T15:14,44130.75,0.8,19.36,5.22,62,1012.8,20.9,0.254,29.9
2673,10906X0039/C2-1,BSS002MNYD,2024-05-26,101.69,Valeur mesurée,Syndicat Mixte pour la Protection et la Gestion des Nappes Souterraines de la Plaine du Roussillon  (20001584000016),2.685378283,42.685696389,2024-05-26T02:58,2024-05-26T15:14,44135.77,0.0,21.6,6.21,59,1013.3,19.5,0.252,30.0
2674,10906X0039/C2-1,BSS002MNYD,2024-05-27,101.74,Valeur mesurée,Syndicat Mixte pour la Protection et la Gestion des Nappes Souterraines de la Plaine du Roussillon  (20001584000016),2.685378283,42.685696389,2024-05-27T02:58,2024-05-27T15:14,44140.62,0.0,18.59,5.64,31,1014.3,19.8,0.251,30.0
2675,10906X0039/C2-1,BSS002MNYD,2024-05-28,101.79,Valeur mesurée,Syndicat Mixte pour la Protection et la Gestion des Nappes Souterraines de la Plaine du Roussillon  (20001584000016),2.685378283,42.685696389,2024-05-28T02:58,2024-05-28T15:14,44145.28,0.1,20.96,6.42,41,1014.8,22.2,0.25,30.0
2676,10906X0039/C2-1,BSS002MNYD,2024-05-29,101.86,Valeur mesurée,Syndicat Mixte pour la Protection et la Gestion des Nappes Souterraines de la Plaine du Roussillon  (20001584000016),2.685378283,42.685696389,2024-05-29T02:58,2024-05-29T15:14,44149.76,0.0,18.98,6.03,62,1013.7,21.9,0.249,29.9
2677,10906X0039/C2-1,BSS002MNYD,2024-05-30,101.87,Valeur mesurée,Syndicat Mixte pour la Protection et la Gestion des Nappes Souterraines de la Plaine du Roussillon  (20001584000016),2.685378283,42.685696389,2024-05-30T02:58,2024-05-30T15:14,44154.03,0.2,21.23,6.53,85,1012.7,21.2,0.248,30.0
2678,10906X0039/C2-1,BSS002MNYD,2024-05-31,101.89,Valeur mesurée,Syndicat Mixte pour la Protection et la Gestion des Nappes Souterraines de la Plaine du Roussillon  (20001584000016),2.685378283,42.685696389,2024-05-31T02:59,2024-05-31T15:14,44158.1,0.0,17.68,5.35,64,1013.3,19.1,0.247,30.0
2679,10906X0039/C2-1,BSS002MNYD,2024-06-01,101.96,Valeur mesurée,Syndicat Mixte pour la Protection et la Gestion des Nappes Souterraines de la Plaine du Roussillon  (20001584000016),2.685378283,42.685696389,2024-06-01T02:59,2024-06-01T15:15,44161.97,0.0,21.79,6.38,51,1013.2,19.6,0.245,30.1
2680,10906X0039/C2-1,BSS002MNYD,2024-06-02,102.03,Valeur mesurée,Syndicat Mixte pour la Protection et la Gestion des Nappes Souterraines de la Plaine du Roussillon  (20001584000016),2.685378283,42.685696389,2024-06-02T02:59,2024-06-02T15:15,44165.66,0.4,22.73,6.45,54,1012.6,18.9,0.243,30.3
2681,10906X0039/C2-1,BSS002MNYD,2024-06-03,102.12,Valeur mesurée,Syndicat Mixte pour la Protection et la Gestion des Nappes Souterraines de la Plaine du Roussillon  (20001584000016),2.685378283,42.685696389,2024-06-03T02:59,2024-06-03T15:15,44169.19,0.0,23.56,7.28,27,1012.0,19.5,0.242,30.5
2682,10906X0039/C2-1,BSS002MNYD,2024-06-04,102.19,Valeur mesurée,Syndicat Mixte pour la Protection et la Gestion des Nappes Souterraines de la Plaine du Roussillon  (20001584000016),2.685378283,42.685696389,2024-06-04T02:59,2024-06-04T15:15,44172.54,0.0,22.66,6.72,21,1012.3,20.2,0.24,30.7
2683,10906X0039/C2-1,BSS002MNYD,2024-06-05,102.24,Valeur mesurée,Syndicat Mixte pour la Protection et la Gestion des Nappes Souterraines de la Plaine du Roussillon  (20001584000016),2.685378283,42.685696389,2024-06-05T02:59,2024-06-05T15:15,44175.71,0.0,22.97,6.68,77,1012.0,19.6,0.239,30.8
2684,10906X0039/C2-1,BSS002MNYD,2024-06-06,102.3,Valeur mesurée,Syndicat Mixte pour la Protection et la Gestion des Nappes Souterraines de la Plaine du Roussillon  (20001584000016),2.685378283,42.685696389,2024-06-06T02:59,2024-06-06T15:16,44178.71,0.2,21.44,6.18,77,1013.3,18.8,0.238,30.9
2685,10906X0039/C2-1,BSS002MNYD,2024-06-07,102.33,Valeur mesurée,Syndicat Mixte pour la Protection et la Gestion des Nappes Souterraines de la Plaine du Roussillon  (20001584000016),2.685378283,42.685696389,2024-06-07T02:59,2024-06-07T15:16,44181.53,0.8,22.2,6.51,53,1013.9,20.7,0.237,30.8
2686,10906X0039/C2-1,BSS002MNYD,2024-06-08,102.36,Valeur mesurée,Syndicat Mixte pour la Protection et la Gestion des Nappes Souterraines de la Plaine du Roussillon  (20001584000016),2.685378283,42.685696389,2024-06-08T03:00,2024-06-08T15:16,44184.15,0.4,19.83,6.07,63,1013.8,22.2,0.237,30.8
2687,10906X0039/C2-1,BSS002MNYD,2024-06-09,102.4,Valeur mesurée,Syndicat Mixte pour la Protection et la Gestion des Nappes Souterraines de la Plaine du Roussillon  (20001584000016),2.685378283,42.685696389,2024-06-09T03:00,2024-06-09T15:16,44186.6,0.0,21.05,6.98,73,1014.3,22.8,0.236,30.7
2688,10906X0039/C2-1,BSS002MNYD,2024-06-10,102.43,Valeur mesurée,Syndicat Mixte pour la Protection et la Gestion des Nappes Souterraines de la Plaine du Roussillon  (20001584000016),2.685378283,42.685696389,2024-06-10T03:00,2024-06-10T15:17,44188.85,0.0,18.55,6.24,76,1015.1,22.7,0.237,30.5
2689,10906X0039/C2-1,BSS002MNYD,2024-06-11,102.47,Valeur mesurée,Syndicat Mixte pour la Protection et la Gestion des Nappes Souterraines de la Plaine du Roussillon  (20001584000016),2.685378283,42.685696389,2024-06-11T03:00,2024-06-11T15:17,44190.91,0.1,20.8,6.02,50,1015.2,22.7,0.236,30.5
2690,10906X0039/C2-1,BSS002MNYD,2024-06-12,102.48,Valeur mesurée,Syndicat Mixte pour la Protection et la Gestion des Nappes Souterraines de la Plaine du Roussillon  (20001584000016),2.685378283,42.685696389,2024-06-12T03:00,2024-06-12T15:17,44192.77,1.7,15.38,4.36,51,1015.5,21.1,0.236,30.2
2691,10906X0039/C2-1,BSS002MNYD,2024-06-13,102.5,Valeur mesurée,Syndicat Mixte pour la Protection et la Gestion des Nappes Souterraines de la Plaine du Roussillon  (20001584000016),2.685378283,42.685696389,2024-06-13T03:01,2024-06-13T15:17,44194.43,0.4,18.64,5.18,66,1014.8,18.0,0.235,30.0
2692,10906X0039/C2-1,BSS002MNYD,2024-06-14,102.52,Valeur mesurée,Syndicat Mixte pour la Protection et la Gestion des Nappes Souterraines de la Plaine du Roussillon  (20001584000016),2.685378283,42.685696389,2024-06-14T03:01,2024-06-14T15:17,44195.9,0.0,18.6,5.49,50,1014.0,18.8,0.234,30.0
2693,10906X0039/C2-1,BSS002MNYD,2024-06-15,102.53,Valeur mesurée,Syndicat Mixte pour la Protection et la Gestion des Nappes Souterraines de la Plaine du Roussillon  (20001584000016),2.685378283,42.685696389,2024-06-15T03:01,2024-06-15T15:18,44197.15,0.0,21.76,6.32,15,1012.6,18.5,0.233,30.1
2694,10906X0039/C2-1,BSS002MNYD,2024-06-16,102.5,Valeur mesurée,Syndicat Mixte pour la Protection et la Gestion des Nappes Souterraines de la Plaine du Roussillon  (20001584000016),2.685378283,42.685696389,2024-06-16T03:01,2024-06-16T15:18,44198.2,0.0,18.1,5.65,62,1012.4,18.7,0.232,30.0
2695,10906X0039/C2-1,BSS002MNYD,2024-06-17,102.48,Valeur mesurée,Syndicat Mixte pour la Protection et la Gestion des Nappes Souterraines de la Plaine du Roussillon  (20001584000016),2.685378283,42.685696389,2024-06-17T03:01,2024-06-17T15:18,44199.04,0.1,15.78,5.37,99,1013.4,20.4,0.231,30.0
2696,10906X0039/C2-1,BSS002MNYD,2024-06-18,102.52,Valeur mesurée,Syndicat Mixte pour la Protection et la Gestion des Nappes Souterraines de la Plaine du Roussillon  (20001584000016),2.685378283,42.685696389,2024-06-18T03:02,2024-06-18T15:18,44199.67,0.5,19.51,5.73,94,1013.1,20.2,0.23,30.1
2697,10906X0039/C2-1,BSS002MNYD,2024-06-19,102.54,Valeur mesurée,Syndicat Mixte pour la Protection et la Gestion des Nappes Souterraines de la Plaine du Roussillon  (20001584000016),2.685378283,42.685696389,2024-06-19T03:02,2024-06-19T15:19,44200.08,1.1,18.22,4.93,68,1013.1,19.0,0.23,30.0
2698,10906X0039/C2-1,BSS002MNYD,2024-06-20,102.54,Valeur mesurée,Syndicat Mixte pour la Protection et la Gestion des Nappes Souterraines de la Plaine du Roussillon  (20001584000016),2.685378283,42.685696389,2024-06-20T03:02,2024-06-20T15:19,44200.28,0.8,19.9,5.76,57,1014.6,21.4,0.23,30.0
2699,10906X0039/C2-1,BSS002MNYD,2024-06-21,102.51,Valeur mesurée,Syndicat Mixte pour la Protection et la Gestion des Nappes Souterraines de la Plaine du Roussillon  (20001584000016),2.685378283,42.685696389,2024-06-21T03:02,2024-06-21T15:19,44200.26,0.3,15.84,5.12,69,1015.0,20.6,0.23,29.8
2700,10906X0039/C2-1,BSS002MNYD,2024-06-22,102.54,Valeur mesurée,Syndicat Mixte pour la Protection et la Gestion des Nappes Souterraines de la Plaine du Roussillon  (20001584000016),2.685378283,42.685696389,2024-06-22T03:02,2024-06-22T15:19,44200.01,0.0,16.66,5.84,65,1013.7,22.1,0.228,29.8
2701,10906X0039/C2-1,BSS002MNYD,2024-06-23,102.56,Valeur mesurée,Syndicat Mixte pour la Protection et la Gestion des Nappes Souterraines de la Plaine du Roussillon  (20001584000016),2.685378283,42.685696389,2024-06-23T03:03,2024-06-23T15:19,44199.55,2.7,6.18,2.84,97,1014.6,20.1,0.227,29.5
2702,10906X0039/C2-1,BSS002MNYD,2024-06-24,102.6,Valeur mesurée,Syndicat Mixte pour la Protection et la Gestion des Nappes Souterraines de la Plaine du Roussillon  (20001584000016),2.685378283,42.685696389,2024-06-24T03:03,2024-06-24T15:20,44198.88,0.0,18.13,6.23,95,1014.1,22.3,0.227,29.5
2703,10906X0039/C2-1,BSS002MNYD,2024-06-25,102.62,Valeur mesurée,Syndicat Mixte pour la Protection et la Gestion des Nappes Souterraines de la Plaine du Roussillon  (20001584000016),2.685378283,42.685696389,2024-06-25T03:03,2024-06-25T15:20,44197.98,0.0,20.49,6.66,85,1013.2,21.7,0.226,29.6
2704,10906X0039/C2-1,BSS002MNYD,2024-06-26,102.62,Valeur mesurée,Syndicat Mixte pour la Protection et la Gestion des Nappes Souterraines de la Plaine du Roussillon  (20001584000016),2.685378283,42.685696389,2024-06-26T03:03,2024-06-26T15:20,44196.89,0.1,21.6,6.81,70,1012.5,23.9,0.225,29.7
2705,10906X0039/C2-1,BSS002MNYD,2024-06-27,102.62,Valeur mesurée,Syndicat Mixte pour la Protection et la Gestion des Nappes Souterraines de la Plaine du Roussillon  (20001584000016),2.685378283,42.685696389,2024-06-27T03:04,2024-06-27T15:20,44195.57,1.0,18.19,6.11,60,1014.1,25.4,0.225,29.7
2706,10906X0039/C2-1,BSS002MNYD,2024-06-28,102.62,Valeur mesurée,Syndicat Mixte pour la Protection et la Gestion des Nappes Souterraines de la Plaine du Roussillon  (20001584000016),2.685378283,42.685696389,2024-06-28T03:04,2024-06-28T15:20,44194.06,2.5,19.09,5.73,96,1014.4,22.6,0.225,29.6
2707,10906X0039/C2-1,BSS002MNYD,2024-06-29,102.62,Valeur mesurée,Syndicat Mixte pour la Protection et la Gestion des Nappes Souterraines de la Plaine du Roussillon  (20001584000016),2.685378283,42.685696389,2024-06-29T03:04,2024-06-29T15:21,44192.35,0.0,16.75,5.47,96,1013.6,20.8,0.224,29.5
2708,10906X0039/C2-1,BSS002MNYD,2024-06-30,102.58,Valeur mesurée,Syndicat Mixte pour la Protection et la Gestion des Nappes Souterraines de la Plaine du Roussillon  (20001584000016),2.685378283,42.685696389,2024-06-30T03:04,2024-06-30T15:21,44190.44,0.1,18.17,5.74,79,1014.3,20.4,0.223,29.5
2709,10906X0039/C2-1,BSS002MNYD,2024-07-01,102.56,Valeur mesurée,Syndicat Mixte pour la Protection et la Gestion des Nappes Souterraines de la Plaine du Roussillon  (20001584000016),2.685378283,42.685696389,2024-07-01T03:04,2024-07-01T15:21,44188.33,0.6,17.32,5.64,87,1014.5,20.1,0.223,29.5
2710,10906X0039/C2-1,BSS002MNYD,2024-07-02,102.58,Valeur mesurée,Syndicat Mixte pour la Protection et la Gestion des Nappes Souterraines de la Plaine du Roussillon  (20001584000016),2.685378283,42.685696389,2024-07-02T03:05,2024-07-02T15:21,44186.03,1.9,18.53,5.16,82,1013.9,21.1,0.223,29.4
2711,10906X0039/C2-1,BSS002MNYD,2024-07-03,102.61,Valeur mesurée,Syndicat Mixte pour la Protection et la Gestion des Nappes Souterraines de la Plaine du Roussillon  (20001584000016),2.685378283,42.685696389,2024-07-03T03:05,2024-07-03T15:21,44183.54,0.2,16.23,5.37,89,1013.6,21.8,0.222,29.4
2712,10906X0039/C2-1,BSS002MNYD,2024-07-04,102.66,Valeur mesurée,Syndicat Mixte pour la Protection et la Gestion des Nappes Souterraines de la Plaine du Roussillon  (20001584000016),2.685378283,42.685696389,2024-07-04T03:05,2024-07-04T15:21,44180.87,0.0,19.8,5.73,87,1013.7,18.5,0.221,29.4
2713,10906X0039/C2-1,BSS002MNYD,2024-07-05,102.69,Valeur mesurée,Syndicat Mixte pour la Protection et la Gestion des Nappes Souterraines de la Plaine du Roussillon  (20001584000016),2.685378283,42.685696389,2024-07-05T03:05,2024-07-05T15:22,44178.01,0.0,18.66,5.87,90,1012.3,19.8,0.22,29.5
2714,10906X0039/C2-1,BSS002MNYD,2024-07-06,102.71,Valeur mesurée,Syndicat Mixte pour la Protection et la Gestion des Nappes Souterraines de la Plaine du Roussillon  (20001584000016),2.685378283,42.685696389,2024-07-06T03:06,2024-07-06T15:22,44174.98,0.0,18.0,6.28,77,1011.9,22.7,0.219,29.6
2715,10906X0039/C2-1,BSS002MNYD,2024-07-07,102.72,Valeur mesurée,Syndicat Mixte pour la Protection et la Gestion des Nappes Souterraines de la Plaine du Roussillon  (20001584000016),2.685378283,42.685696389,2024-07-07T03:06,2024-07-07T15:22,44171.78,0.0,20.55,6.86,90,1011.6,21.4,0.218,29.6
2716,10906X0039/C2-1,BSS002MNYD,2024-07-08,102.71,Valeur mesurée,Syndicat Mixte pour la Protection et la Gestion des Nappes Souterraines de la Plaine du Roussillon  (20001584000016),2.685378283,42.685696389,2024-07-08T03:06,2024-07-08T15:22,44168.4,0.0,20.04,6.96,69,1011.0,21.3,0.218,29.7
2717,10906X0039/C2-1,BSS002MNYD,2024-07-09,102.71,Valeur mesurée,Syndicat Mixte pour la Protection et la Gestion des Nappes Souterraines de la Plaine du Roussillon  (20001584000016),2.685378283,42.685696389,2024-07-09T03:06,2024-07-09T15:22,44164.86,0.0,20.76,6.68,72,1011.8,22.5,0.217,29.9
2718,10906X0039/C2-1,BSS002MNYD,2024-07-10,102.72,Valeur mesurée,Syndicat Mixte pour la Protection et la Gestion des Nappes Souterraines de la Plaine du Roussillon  (20001584000016),2.685378283,42.685696389,2024-07-10T03:06,2024-07-10T15:22,44161.15,0.1,17.74,5.85,97,1013.6,21.6,0.217,29.9
2719,10906X0039/C2-1,BSS002MNYD,2024-07-11,102.72,Valeur mesurée,Syndicat Mixte pour la Protection et la Gestion des Nappes Souterraines de la Plaine du Roussillon  (20001584000016),2.685378283,42.685696389,2024-07-11T03:06,2024-07-11T15:22,44157.28,0.1,16.27,5.69,96,1014.1,20.2,0.216,29.9
2720,10906X0039/C2-1,BSS002MNYD,2024-07-12,102.71,Valeur mesurée,Syndicat Mixte pour la Protection et la Gestion des Nappes Souterraines de la Plaine du Roussillon  (20001584000016),2.685378283,42.685696389,2024-07-12T03:06,2024-07-12T15:22,44153.2,1.2,18.84,5.74,53,1013.9,22.0,0.216,29.8
2721,10906X0039/C2-1,BSS002MNYD,2024-07-13,102.73,Valeur mesurée,Syndicat Mixte pour la Protection et la Gestion des Nappes Souterraines de la Plaine du Roussillon  (20001584000016),2.685378283,42.685696389,2024-07-13T03:07,2024-07-13T15:22,44148.92,1.5,17.56,5.02,50,1014.8,23.3,0.216,29.7
2722,10906X0039/C2-1,BSS002MNYD,2024-07-14,102.76,Valeur mesurée,Syndicat Mixte pour la Protection et la Gestion des Nappes Souterraines de la Plaine du Roussillon  (20001584000016),2.685378283,42.685696389,2024-07-14T03:07,2024-07-14T15:23,44144.44,0.0,17.22,5.74,64,1014.4,22.6,0.215,29.6
2723,10906X0039/C2-1,BSS002MNYD,2024-07-15,102.74,Valeur mesurée,Syndicat Mixte pour la Protection et la Gestion des Nappes Souterraines de la Plaine du Roussillon  (20001584000016),2.685378283,42.685696389,2024-07-15T03:07,2024-07-15T15:23,44139.78,0.5,15.88,5.08,78,1013.7,24.0,0.215,29.5
2724,10906X0039/C2-1,BSS002MNYD,2024-07-16,102.71,Valeur mesurée,Syndicat Mixte pour la Protection et la Gestion des Nappes Souterraines de la Plaine du Roussillon  (20001584000016),2.685378283,42.685696389,2024-07-16T03:07,2024-07-16T15:23,44134.94,0.2,14.79,4.95,59,1013.9,23.6,0.215,29.4
2725,10906X0039/C2-1,BSS002MNYD,2024-07-17,102.71,Valeur mesurée,Syndicat Mixte pour la Protection et la Gestion des Nappes Souterraines de la Plaine du Roussillon  (20001584000016),2.685378283,42.685696389,2024-07-17T03:07,2024-07-17T15:23,44129.92,0.0,12.63,5.16,95,1014.6,22.5,0.215,29.2
2726,10906X0039/C2-1,BSS002MNYD,2024-07-18,102.71,Valeur mesurée,Syndicat Mixte pour la Protection et la Gestion des Nappes Souterraines de la Plaine du Roussillon  (20001584000016),2.685378283,42.685696389,2024-07-18T03:07,2024-07-18T15:23,44124.74,0.0,18.52,6.22,70,1014.6,23.5,0.215,29.3
2727,10906X0039/C2-1,BSS002MNYD,2024-07-19,102.7,Valeur mesurée,Syndicat Mixte pour la Protection et la Gestion des Nappes Souterraines de la Plaine du Roussillon  (20001584000016),2.685378283,42.685696389,2024-07-19T03:07,2024-07-19T15:23,44119.39,0.2,14.68,5.32,95,1013.5,23.8,0.215,29.3
2728,10906X0039/C2-1,BSS002MNYD,2024-07-20,102.68,Valeur mesurée,Syndicat Mixte pour la Protection et la Gestion des Nappes Souterraines de la Plaine du Roussillon  (20001584000016),2.685378283,42.685696389,2024-07-20T03:07,2024-07-20T15:23,44113.9,0.5,18.35,5.75,72,1013.6,22.5,0.214,29.3
2729,10906X0039/C2-1,BSS002MNYD,2024-07-21,102.66,Valeur mesurée,Syndicat Mixte pour la Protection et la Gestion des Nappes Souterraines de la Plaine du Roussillon  (20001584000016),2.685378283,42.685696389,2024-07-21T03:08,2024-07-21T15:23,44108.27,0.0,17.98,5.91,93,1014.1,22.3,0.213,29.4
2730,10906X0039/C2-1,BSS002MNYD,2024-07-22,102.64,Valeur mesurée,Syndicat Mixte pour la Protection et la Gestion des Nappes Souterraines de la Plaine du Roussillon  (20001584000016),2.685378283,42.685696389,2024-07-22T03:08,2024-07-22T15:23,44102.5,0.0,22.4,6.96,97,1015.5,22.6,0.213,29.4
2731,10906X0039/C2-1,BSS002MNYD,2024-07-23,102.62,Valeur mesurée,Syndicat Mixte pour la Protection et la Gestion des Nappes Souterraines de la Plaine du Roussillon  (20001584000016),2.685378283,42.685696389,2024-07-23T03:08,2024-07-23T15:23,44096.6,0.0,18.08,5.77,80,1016.7,21.9,0.212,29.4
2732,10906X0039/C2-1,BSS002MNYD,2024-07-24,102.6,Valeur mesurée,Syndicat Mixte pour la Protection et la Gestion des Nappes Souterraines de la Plaine du Roussillon  (20001584000016),2.685378283,42.685696389,2024-07-24T03:08,2024-07-24T15:23,44090.57,0.2,16.45,5.36,87,1015.2,22.8,0.213,29.4
2733,10906X0039/C2-1,BSS002MNYD,2024-07-25,102.6,Valeur mesurée,Syndicat Mixte pour la Protection et la Gestion des Nappes Souterraines de la Plaine du Roussillon  (20001584000016),2.685378283,42.685696389,2024-07-25T03:08,2024-07-25T15:23,44084.43,0.0,15.41,5.56,95,1013.4,22.1,0.211,29.5
2734,10906X0039/C2-1,BSS002MNYD,2024-07-26,102.59,Valeur mesurée,Syndicat Mixte pour la Protection et la Gestion des Nappes Souterraines de la Plaine du Roussillon  (20001584000016),2.685378283,42.685696389,2024-07-26T03:08,2024-07-26T15:23,44078.18,0.0,13.49,5.31,94,1013.2,21.5,0.211,29.4
2735,10906X0039/C2-1,BSS002MNYD,2024-07-27,102.58,Valeur mesurée,Syndicat Mixte pour la Protection et la Gestion des Nappes Souterraines de la Plaine du Roussillon  (20001584000016),2.685378283,42.685696389,2024-07-27T03:08,2024-07-27T15:23,44071.83,0.0,20.39,6.72,75,1013.8,21.2,0.211,29.5
2736,10906X0039/C2-1,BSS002MNYD,2024-07-28,102.55,Valeur mesurée,Syndicat Mixte pour la Protection et la Gestion des Nappes Souterraines de la Plaine du Roussillon  (20001584000016),2.685378283,42.685696389,2024-07-28T03:08,2024-07-28T15:22,44065.38,0.0,23.97,7.3,84,1013.0,20.9,0.21,29.6
2737,10906X0039/C2-1,BSS002MNYD,2024-07-29,102.54,Valeur mesurée,Syndicat Mixte pour la Protection et la Gestion des Nappes Souterraines de la Plaine du Roussillon  (20001584000016),2.685378283,42.685696389,2024-07-29T03:08,2024-07-29T15:22,44058.84,0.0,19.96,6.71,96,1011.6,22.9,0.21,29.7
2738,10906X0039/C2-1,BSS002MNYD,2024-07-30,102.58,Valeur mesurée,Syndicat Mixte pour la Protection et la Gestion des Nappes Souterraines de la Plaine du Roussillon  (20001584000016),2.685378283,42.685696389,2024-07-30T03:08,2024-07-30T15:22,44052.22,0.0,21.9,6.94,90,1012.4,23.5,0.209,29.8
2739,10906X0039/C2-1,BSS002MNYD,2024-07-31,102.62,Valeur mesurée,Syndicat Mixte pour la Protection et la Gestion des Nappes Souterraines de la Plaine du Roussillon  (20001584000016),2.685378283,42.685696389,2024-07-31T03:08,2024-07-31T15:22,44045.51,0.3,18.96,6.0,95,1014.1,19.8,0.209,29.9
2740,10906X0039/C2-1,BSS002MNYD,2024-08-01,102.64,Valeur mesurée,Syndicat Mixte pour la Protection et la Gestion des Nappes Souterraines de la Plaine du Roussillon  (20001584000016),2.685378283,42.685696389,2024-08-01T03:08,2024-08-01T15:22,44038.66,2.4,18.1,5.11,95,1015.5,21.9,0.209,29.6
2741,10906X0039/C2-1,BSS002MNYD,2024-08-02,102.64,Valeur mesurée,Syndicat Mixte pour la Protection et la Gestion des Nappes Souterraines de la Plaine du Roussillon  (20001584000016),2.685378283,42.685696389,2024-08-02T03:08,2024-08-02T15:22,44031.67,0.0,19.63,6.32,100,1015.1,22.9,0.209,29.5
2742,10906X0039/C2-1,BSS002MNYD,2024-08-03,102.64,Valeur mesurée,Syndicat Mixte pour la Protection et la Gestion des Nappes Souterraines de la Plaine du Roussillon  (20001584000016),2.685378283,42.685696389,2024-08-03T03:08,2024-08-03T15:22,44024.55,0.0,21.02,6.61,97,1014.7,22.4,0.208,29.5
2743,10906X0039/C2-1,BSS002MNYD,2024-08-04,102.62,Valeur mesurée,Syndicat Mixte pour la Protection et la Gestion des Nappes Souterraines de la Plaine du Roussillon  (20001584000016),2.685378283,42.685696389,2024-08-04T03:08,2024-08-04T15:22,44017.3,0.0,20.27,6.32,80,1013.9,20.7,0.207,29.6
2744,10906X0039/C2-1,BSS002MNYD,2024-08-05,102.59,Valeur mesurée,Syndicat Mixte pour la Protection et la Gestion des Nappes Souterraines de la Plaine du Roussillon  (20001584000016),2.685378283,42.685696389,2024-08-05T03:08,2024-08-05T15:21,44009.93,0.0,21.95,6.86,54,1012.8,21.6,0.206,29.6
2745,10906X0039/C2-1,BSS002MNYD,2024-08-06,102.59,Valeur mesurée,Syndicat Mixte pour la Protection et la Gestion des Nappes Souterraines de la Plaine du Roussillon  (20001584000016),2.685378283,42.685696389,2024-08-06T03:08,2024-08-06T15:21,44002.45,0.0,23.57,7.3,18,1012.1,23.1,0.206,29.7
2746,10906X0039/C2-1,BSS002MNYD,2024-08-07,102.58,Valeur mesurée,Syndicat Mixte pour la Protection et la Gestion des Nappes Souterraines de la Plaine du Roussillon  (20001584000016),2.685378283,42.685696389,2024-08-07T03:08,2024-08-07T15:21,43994.87,0.9,19.96,6.19,84,1012.5,24.4,0.205,29.8
2747,10906X0039/C2-1,BSS002MNYD,2024-08-08,102.58,Valeur mesurée,Syndicat Mixte pour la Protection et la Gestion des Nappes Souterraines de la Plaine du Roussillon  (20001584000016),2.685378283,42.685696389,2024-08-08T03:08,2024-08-08T15:21,43987.2,0.0,15.98,5.39,91,1013.9,19.6,0.206,29.7
2748,10906X0039/C2-1,BSS002MNYD,2024-08-09,102.59,Valeur mesurée,Syndicat Mixte pour la Protection et la Gestion des Nappes Souterraines de la Plaine du Roussillon  (20001584000016),2.685378283,42.685696389,2024-08-09T03:08,2024-08-09T15:21,43979.44,0.0,19.84,6.72,72,1014.2,20.0,0.205,29.7
2749,10906X0039/C2-1,BSS002MNYD,2024-08-10,102.58,Valeur mesurée,Syndicat Mixte pour la Protection et la Gestion des Nappes Souterraines de la Plaine du Roussillon  (20001584000016),2.685378283,42.685696389,2024-08-10T03:08,2024-08-10T15:20,43971.6,1.9,19.61,5.26,89,1014.7,21.5,0.205,29.6
2750,10906X0039/C2-1,BSS002MNYD,2024-08-11,102.59,Valeur mesurée,Syndicat Mixte pour la Protection et la Gestion des Nappes Souterraines de la Plaine du Roussillon  (20001584000016),2.685378283,42.685696389,2024-08-11T03:07,2024-08-11T15:20,43963.69,0.0,18.3,5.87,65,1013.1,20.4,0.205,29.6
2751,10906X0039/C2-1,BSS002MNYD,2024-08-12,102.59,Valeur mesurée,Syndicat Mixte pour la Protection et la Gestion des Nappes Souterraines de la Plaine du Roussillon  (20001584000016),2.685378283,42.685696389,2024-08-12T03:07,2024-08-12T15:20,43955.72,0.0,20.06,6.33,65,1012.5,21.2,0.205,29.6
2752,10906X0039/C2-1,BSS002MNYD,2024-08-13,102.59,Valeur mesurée,Syndicat Mixte pour la Protection et la Gestion des Nappes Souterraines de la Plaine du Roussillon  (20001584000016),2.685378283,42.685696389,2024-08-13T03:07,2024-08-13T15:20,43947.69,0.1,17.94,6.09,81,1013.0,22.0,0.204,29.7
2753,10906X0039/C2-1,BSS002MNYD,2024-08-14,102.59,Valeur mesurée,Syndicat Mixte pour la Protection et la Gestion des Nappes Souterraines de la Plaine du Roussillon  (20001584000016),2.685378283,42.685696389,2024-08-14T03:07,2024-08-14T15:19,43939.61,0.1,16.01,5.89,64,1012.8,22.9,0.203,29.7
2754,10906X0039/C2-1,BSS002MNYD,2024-08-15,102.59,Valeur mesurée,Syndicat Mixte pour la Protection et la Gestion des Nappes Souterraines de la Plaine du Roussillon  (20001584000016),2.685378283,42.685696389,2024-08-15T03:07,2024-08-15T15:19,43931.49,0.0,20.17,6.71,60,1013.4,23.1,0.203,29.7
2755,10906X0039/C2-1,BSS002MNYD,2024-08-16,102.57,Valeur mesurée,Syndicat Mixte pour la Protection et la Gestion des Nappes Souterraines de la Plaine du Roussillon  (20001584000016),2.685378283,42.685696389,2024-08-16T03:07,2024-08-16T15:19,43923.34,0.0,22.77,7.71,92,1013.2,24.2,0.202,29.8
2756,10906X0039/C2-1,BSS002MNYD,2024-08-17,102.55,Valeur mesurée,Syndicat Mixte pour la Protection et la Gestion des Nappes Souterraines de la Plaine du Roussillon  (20001584000016),2.685378283,42.685696389,2024-08-17T03:07,2024-08-17T15:19,43915.15,0.0,19.06,6.73,61,1013.1,25.0,0.202,29.8
2757,10906X0039/C2-1,BSS002MNYD,2024-08-18,102.56,Valeur mesurée,Syndicat Mixte pour la Protection et la Gestion des Nappes Souterraines de la Plaine du Roussillon  (20001584000016),2.685378283,42.685696389,2024-08-18T03:07,2024-08-18T15:18,43906.95,0.0,21.49,7.35,77,1013.9,25.6,0.202,29.9
2758,10906X0039/C2-1,BSS002MNYD,2024-08-19,102.58,Valeur mesurée,Syndicat Mixte pour la Protection et la Gestion des Nappes Souterraines de la Plaine du Roussillon  (20001584000016),2.685378283,42.685696389,2024-08-19T03:06,2024-08-19T15:18,43898.73,0.0,23.39,7.88,96,1013.7,25.0,0.201,30.0
2759,10906X0039/C2-1,BSS002MNYD,2024-08-20,102.62,Valeur mesurée,Syndicat Mixte pour la Protection et la Gestion des Nappes Souterraines de la Plaine du Roussillon  (20001584000016),2.685378283,42.685696389,2024-08-20T03:06,2024-08-20T15:18,43890.49,0.0,16.28,6.59,87,1013.2,27.4,0.201,29.9
2760,10906X0039/C2-1,BSS002MNYD,2024-08-21,102.64,Valeur mesurée,Syndicat Mixte pour la Protection et la Gestion des Nappes Souterraines de la Plaine du Roussillon  (20001584000016),2.685378283,42.685696389,2024-08-21T03:06,2024-08-21T15:18,43882.17,0.7,18.37,6.34,80,1012.9,26.7,0.2,29.8
2761,10906X0039/C2-1,BSS002MNYD,2024-08-22,102.65,Valeur mesurée,Syndicat Mixte pour la Protection et la Gestion des Nappes Souterraines de la Plaine du Roussillon  (20001584000016),2.685378283,42.685696389,2024-08-22T03:06,2024-08-22T15:17,43873.76,0.2,14.94,5.46,95,1013.7,21.4,0.201,29.6
2762,10906X0039/C2-1,BSS002MNYD,2024-08-23,102.65,Valeur mesurée,Syndicat Mixte pour la Protection et la Gestion des Nappes Souterraines de la Plaine du Roussillon  (20001584000016),2.685378283,42.685696389,2024-08-23T03:06,2024-08-23T15:17,43865.28,0.0,18.94,6.36,97,1013.9,22.2,0.2,29.6
2763,10906X0039/C2-1,BSS002MNYD,2024-08-24,102.62,Valeur mesurée,Syndicat Mixte pour la Protection et la Gestion des Nappes Souterraines de la Plaine du Roussillon  (20001584000016),2.685378283,42.685696389,2024-08-24T03:06,2024-08-24T15:17,43856.74,0.0,19.08,6.82,91,1014.5,23.8,0.199,29.7
2764,10906X0039/C2-1,BSS002MNYD,2024-08-25,102.6,Valeur mesurée,Syndicat Mixte pour la Protection et la Gestion des Nappes Souterraines de la Plaine du Roussillon  (20001584000016),2.685378283,42.685696389,2024-08-25T03:05,2024-08-25T15:16,43848.13,0.4,19.97,6.34,52,1014.6,22.2,0.199,29.7
2765,10906X0039/C2-1,BSS002MNYD,2024-08-26,102.57,Valeur mesurée,Syndicat Mixte pour la Protection et la Gestion des Nappes Souterraines de la Plaine du Roussillon  (20001584000016),2.685378283,42.685696389,2024-08-26T03:05,2024-08-26T15:16,43839.47,0.9,20.45,5.57,84,1014.6,19.4,0.2,29.7
2766,10906X0039/C2-1,BSS002MNYD,2024-08-27,102.56,Valeur mesurée,Syndicat Mixte pour la Protection et la Gestion des Nappes Souterraines de la Plaine du Roussillon  (20001584000016),2.685378283,42.685696389,2024-08-27T03:05,2024-08-27T15:15,43830.76,3.0,16.99,4.25,87,1015.0,20.9,0.201,29.6
2767,10906X0039/C2-1,BSS002MNYD,2024-08-28,102.57,Valeur mesurée,Syndicat Mixte pour la Protection et la Gestion des Nappes Souterraines de la Plaine du Roussillon  (20001584000016),2.685378283,42.685696389,2024-08-28T03:05,2024-08-28T15:15,43822.01,2.3,18.52,4.58,86,1014.8,18.8,0.204,29.3
2768,10906X0039/C2-1,BSS002MNYD,2024-08-29,102.58,Valeur mesurée,Syndicat Mixte pour la Protection et la Gestion des Nappes Souterraines de la Plaine du Roussillon  (20001584000016),2.685378283,42.685696389,2024-08-29T03:04,2024-08-29T15:15,43813.23,1.2,21.97,5.49,39,1014.1,18.3,0.203,29.2
2769,10906X0039/C2-1,BSS002MNYD,2024-08-30,102.58,Valeur mesurée,Syndicat Mixte pour la Protection et la Gestion des Nappes Souterraines de la Plaine du Roussillon  (20001584000016),2.685378283,42.685696389,2024-08-30T03:04,2024-08-30T15:14,43804.42,0.0,22.69,6.13,69,1014.4,20.0,0.201,29.2
2770,10906X0039/C2-1,BSS002MNYD,2024-08-31,102.55,Valeur mesurée,Syndicat Mixte pour la Protection et la Gestion des Nappes Souterraines de la Plaine du Roussillon  (20001584000016),2.685378283,42.685696389,2024-08-31T03:04,2024-08-31T15:14,43795.6,0.1,18.54,5.61,88,1014.7,21.0,0.199,29.0
2771,10906X0039/C2-1,BSS002MNYD,2024-09-01,102.5,Valeur mesurée,Syndicat Mixte pour la Protection et la Gestion des Nappes Souterraines de la Plaine du Roussillon  (20001584000016),2.685378283,42.685696389,2024-09-01T03:04,2024-09-01T15:13,43786.75,0.0,19.55,5.83,96,1015.0,22.1,0.198,29.0
2772,10906X0039/C2-1,BSS002MNYD,2024-09-02,102.46,Valeur mesurée,Syndicat Mixte pour la Protection et la Gestion des Nappes Souterraines de la Plaine du Roussillon  (20001584000016),2.685378283,42.685696389,2024-09-02T03:03,2024-09-02T15:13,43777.9,0.0,18.54,5.96,55,1015.0,20.3,0.197,29.0
2773,10906X0039/C2-1,BSS002MNYD,2024-09-03,102.51,Valeur mesurée,Syndicat Mixte pour la Protection et la Gestion des Nappes Souterraines de la Plaine du Roussillon  (20001584000016),2.685378283,42.685696389,2024-09-03T03:03,2024-09-03T15:13,43769.05,0.9,20.55,6.13,50,1014.6,20.9,0.197,29.1
2774,10906X0039/C2-1,BSS002MNYD,2024-09-04,102.57,Valeur mesurée,Syndicat Mixte pour la Protection et la Gestion des Nappes Souterraines de la Plaine du Roussillon  (20001584000016),2.685378283,42.685696389,2024-09-04T03:03,2024-09-04T15:12,43760.2,0.0,22.72,6.65,21,1014.5,22.1,0.197,29.1
2775,10906X0039/C2-1,BSS002MNYD,2024-09-05,102.58,Valeur mesurée,Syndicat Mixte pour la Protection et la Gestion des Nappes Souterraines de la Plaine du Roussillon  (20001584000016),2.685378283,42.685696389,2024-09-05T03:03,2024-09-05T15:12,43751.36,0.0,23.98,6.65,63,1013.8,19.7,0.196,29.4
2776,10906X0039/C2-1,BSS002MNYD,2024-09-06,102.58,Valeur mesurée,Syndicat Mixte pour la Protection et la Gestion des Nappes Souterraines de la Plaine du Roussillon  (20001584000016),2.685378283,42.685696389,2024-09-06T03:02,2024-09-06T15:11,43742.54,1.2,22.86,6.41,30,1014.6,20.9,0.196,29.5
2777,10906X0039/C2-1,BSS002MNYD,2024-09-07,102.59,Valeur mesurée,Syndicat Mixte pour la Protection et la Gestion des Nappes Souterraines de la Plaine du Roussillon  (20001584000016),2.685378283,42.685696389,2024-09-07T03:02,2024-09-07T15:11,43733.74,0.7,19.7,5.86,82,1014.7,21.8,0.196,29.5
2778,10906X0039/C2-1,BSS002MNYD,2024-09-08,102.59,Valeur mesurée,Syndicat Mixte pour la Protection et la Gestion des Nappes Souterraines de la Plaine du Roussillon  (20001584000016),2.685378283,42.685696389,2024-09-08T03:02,2024-09-08T15:11,43724.96,1.8,23.31,6.6,75,1014.4,20.8,0.195,29.6
2779,10906X0039/C2-1,BSS002MNYD,2024-09-09,102.6,Valeur mesurée,Syndicat Mixte pour la Protection et la Gestion des Nappes Souterraines de la Plaine du Roussillon  (20001584000016),2.685378283,42.685696389,2024-09-09T03:02,2024-09-09T15:10,43716.21,0.1,19.85,5.67,85,1013.6,20.3,0.194,29.7
2780,10906X0039/C2-1,BSS002MNYD,2024-09-18,102.64,Valeur mesurée,Syndicat Mixte pour la Protection et la Gestion des Nappes Souterraines de la Plaine du Roussillon  (20001584000016),2.685378283,42.685696389,2024-09-18T02:59,2024-09-18T15:06,43636.14,0.3,21.48,6.26,37,1012.8,19.2,0.191,30.3
2781,10906X0039/C2-1,BSS002MNYD,2024-09-19,102.64,Valeur mesurée,Syndicat Mixte pour la Protection et la Gestion des Nappes Souterraines de la Plaine du Roussillon  (20001584000016),2.685378283,42.685696389,2024-09-19T02:59,2024-09-19T15:06,43627.19,0.0,25.75,7.0,19,1010.6,17.5,0.19,30.6
2782,10906X0039/C2-1,BSS002MNYD,2024-09-20,102.63,Valeur mesurée,Syndicat Mixte pour la Protection et la Gestion des Nappes Souterraines de la Plaine du Roussillon  (20001584000016),2.685378283,42.685696389,2024-09-20T02:59,2024-09-20T15:05,43618.26,0.0,24.36,7.18,38,1011.3,20.7,0.189,30.8
2783,10906X0039/C2-1,BSS002MNYD,2024-09-21,102.6,Valeur mesurée,Syndicat Mixte pour la Protection et la Gestion des Nappes Souterraines de la Plaine du Roussillon  (20001584000016),2.685378283,42.685696389,2024-09-21T02:58,2024-09-21T15:05,43609.35,0.7,22.1,6.34,55,1012.6,19.2,0.189,30.8
2784,10906X0039/C2-1,BSS002MNYD,2024-09-22,102.59,Valeur mesurée,Syndicat Mixte pour la Protection et la Gestion des Nappes Souterraines de la Plaine du Roussillon  (20001584000016),2.685378283,42.685696389,2024-09-22T02:58,2024-09-22T15:05,43600.47,0.0,19.56,5.92,57,1012.6,18.2,0.189,30.9
2785,10906X0039/C2-1,BSS002MNYD,2024-09-23,102.59,Valeur mesurée,Syndicat Mixte pour la Protection et la Gestion des Nappes Souterraines de la Plaine du Roussillon  (20001584000016),2.685378283,42.685696389,2024-09-23T02:58,2024-09-23T15:04,43591.61,0.2,23.66,7.24,30,1013.2,21.3,0.188,31.0
2786,10906X0039/C2-1,BSS002MNYD,2024-09-24,102.55,Valeur mesurée,Syndicat Mixte pour la Protection et la Gestion des Nappes Souterraines de la Plaine du Roussillon  (20001584000016),2.685378283,42.685696389,2024-09-24T02:57,2024-09-24T15:04,43582.79,0.0,24.35,7.79,33,1012.8,21.8,0.187,31.0
2787,10906X0039/C2-1,BSS002MNYD,2024-09-25,102.54,Valeur mesurée,Syndicat Mixte pour la Protection et la Gestion des Nappes Souterraines de la Plaine du Roussillon  (20001584000016),2.685378283,42.685696389,2024-09-25T02:57,2024-09-25T15:03,43574.01,0.0,25.35,8.02,40,1012.6,23.1,0.187,31.0
2788,10906X0039/C2-1,BSS002MNYD,2024-09-26,102.54,Valeur mesurée,Syndicat Mixte pour la Protection et la Gestion des Nappes Souterraines de la Plaine du Roussillon  (20001584000016),2.685378283,42.685696389,2024-09-26T02:57,2024-09-26T15:03,43565.27,0.3,22.08,7.53,84,1012.1,23.6,0.187,31.0
2789,10906X0039/C2-1,BSS002MNYD,2024-09-27,102.52,Valeur mesurée,Syndicat Mixte pour la Protection et la Gestion des Nappes Souterraines de la Plaine du Roussillon  (20001584000016),2.685378283,42.685696389,2024-09-27T02:57,2024-09-27T15:03,43556.58,0.0,25.56,7.62,71,1011.0,20.4,0.186,31.2
2790,10906X0039/C2-1,BSS002MNYD,2024-09-28,102.5,Valeur mesurée,Syndicat Mixte pour la Protection et la Gestion des Nappes Souterraines de la Plaine du Roussillon  (20001584000016),2.685378283,42.685696389,2024-09-28T02:56,2024-09-28T15:02,43547.95,0.0,23.67,7.2,80,1009.7,20.1,0.186,31.3
2791,10906X0039/C2-1,BSS002MNYD,2024-09-29,102.46,Valeur mesurée,Syndicat Mixte pour la Protection et la Gestion des Nappes Souterraines de la Plaine du Roussillon  (20001584000016),2.685378283,42.685696389,2024-09-29T02:56,2024-09-29T15:02,43539.37,0.0,23.13,6.75,63,1010.3,17.9,0.185,31.4
2792,10906X0039/C2-1,BSS002MNYD,2024-09-30,102.46,Valeur mesurée,Syndicat Mixte pour la Protection et la Gestion des Nappes Souterraines de la Plaine du Roussillon  (20001584000016),2.685378283,42.685696389,2024-09-30T02:56,2024-09-30T15:01,43530.78,0.0,24.0,6.52,73,1010.8,14.9,0.185,31.6
2793,10906X0039/C2-1,BSS002MNYD,2024-10-01,102.5,Valeur mesurée,Syndicat Mixte pour la Protection et la Gestion des Nappes Souterraines de la Plaine du Roussillon  (20001584000016),2.685378283,42.685696389,2024-10-01T02:56,2024-10-01T15:01,43522.18,0.0,24.2,6.99,98,1010.1,17.5,0.184,31.7
2794,10906X0039/C2-1,BSS002MNYD,2024-10-02,102.52,Valeur mesurée,Syndicat Mixte pour la Protection et la Gestion des Nappes Souterraines de la Plaine du Roussillon  (20001584000016),2.685378283,42.685696389,2024-10-02T02:55,2024-10-02T15:01,43513.56,0.0,25.36,7.33,37,1011.2,18.1,0.184,31.8
2795,10906X0039/C2-1,BSS002MNYD,2024-10-03,102.52,Valeur mesurée,Syndicat Mixte pour la Protection et la Gestion des Nappes Souterraines de la Plaine du Roussillon  (20001584000016),2.685378283,42.685696389,2024-10-03T02:55,2024-10-03T15:00,43504.94,0.2,19.88,6.04,68,1013.1,18.1,0.184,31.6
2796,10906X0039/C2-1,BSS002MNYD,2024-10-04,102.5,Valeur mesurée,Syndicat Mixte pour la Protection et la Gestion des Nappes Souterraines de la Plaine du Roussillon  (20001584000016),2.685378283,42.685696389,2024-10-04T02:55,2024-10-04T15:00,43496.34,0.0,22.6,7.16,91,1013.2,19.9,0.183,31.6
2797,10906X0039/C2-1,BSS002MNYD,2024-10-05,102.48,Valeur mesurée,Syndicat Mixte pour la Protection et la Gestion des Nappes Souterraines de la Plaine du Roussillon  (20001584000016),2.685378283,42.685696389,2024-10-05T02:55,2024-10-05T14:59,43487.73,0.0,23.75,7.45,58,1012.8,22.0,0.183,31.6
2798,10906X0039/C2-1,BSS002MNYD,2024-10-06,102.48,Valeur mesurée,Syndicat Mixte pour la Protection et la Gestion des Nappes Souterraines de la Plaine du Roussillon  (20001584000016),2.685378283,42.685696389,2024-10-06T02:54,2024-10-06T14:59,43479.15,0.0,24.06,7.39,72,1012.8,21.5,0.182,31.7
2799,10906X0039/C2-1,BSS002MNYD,2024-10-07,102.5,Valeur mesurée,Syndicat Mixte pour la Protection et la Gestion des Nappes Souterraines de la Plaine du Roussillon  (20001584000016),2.685378283,42.685696389,2024-10-07T02:54,2024-10-07T14:59,43470.59,1.6,21.13,6.11,59,1013.3,18.8,0.183,31.6
2800,10906X0039/C2-1,BSS002MNYD,2024-10-08,102.51,Valeur mesurée,Syndicat Mixte pour la Protection et la Gestion des Nappes Souterraines de la Plaine du Roussillon  (20001584000016),2.685378283,42.685696389,2024-10-08T02:54,2024-10-08T14:58,43462.05,0.0,23.55,6.58,60,1013.9,16.4,0.183,31.6
2801,10906X0039/C2-1,BSS002MNYD,2024-10-09,102.52,Valeur mesurée,Syndicat Mixte pour la Protection et la Gestion des Nappes Souterraines de la Plaine du Roussillon  (20001584000016),2.685378283,42.685696389,2024-10-09T02:54,2024-10-09T14:58,43453.56,0.0,25.1,7.26,52,1013.8,18.4,0.182,31.6
2802,10906X0039/C2-1,BSS002MNYD,2024-10-10,102.52,Valeur mesurée,Syndicat Mixte pour la Protection et la Gestion des Nappes Souterraines de la Plaine du Roussillon  (20001584000016),2.685378283,42.685696389,2024-10-10T02:54,2024-10-10T14:58,43445.09,0.0,24.67,7.63,48,1013.4,21.6,0.181,31.6
2803,10906X0039/C2-1,BSS002MNYD,2024-10-11,102.49,Valeur mesurée,Syndicat Mixte pour la Protection et la Gestion des Nappes Souterraines de la Plaine du Roussillon  (20001584000016),2.685378283,42.685696389,2024-10-11T02:53,2024-10-11T14:57,43436.68,0.0,23.58,7.1,49,1013.4,20.1,0.181,31.6
2804,10906X0039/C2-1,BSS002MNYD,2024-10-12,102.46,Valeur mesurée,Syndicat Mixte pour la Protection et la Gestion des Nappes Souterraines de la Plaine du Roussillon  (20001584000016),2.685378283,42.685696389,2024-10-12T02:53,2024-10-12T14:57,43428.32,0.2,22.08,6.55,69,1013.7,20.0,0.181,31.6
2805,10906X0039/C2-1,BSS002MNYD,2024-10-13,102.44,Valeur mesurée,Syndicat Mixte pour la Protection et la Gestion des Nappes Souterraines de la Plaine du Roussillon  (20001584000016),2.685378283,42.685696389,2024-10-13T02:53,2024-10-13T14:57,43420.02,0.0,24.48,7.08,21,1013.3,17.7,0.181,31.7
2806,10906X0039/C2-1,BSS002MNYD,2024-10-14,102.42,Valeur mesurée,Syndicat Mixte pour la Protection et la Gestion des Nappes Souterraines de la Plaine du Roussillon  (20001584000016),2.685378283,42.685696389,2024-10-14T02:53,2024-10-14T14:56,43411.78,0.1,25.11,7.34,72,1012.0,18.9,0.18,31.8
2807,10906X0039/C2-1,BSS002MNYD,2024-10-15,102.39,Valeur mesurée,Syndicat Mixte pour la Protection et la Gestion des Nappes Souterraines de la Plaine du Roussillon  (20001584000016),2.685378283,42.685696389,2024-10-15T02:53,2024-10-15T14:56,43403.61,0.3,19.31,6.01,61,1011.8,18.4,0.18,31.8
2808,10906X0039/C2-1,BSS002MNYD,2024-10-16,102.36,Valeur mesurée,Syndicat Mixte pour la Protection et la Gestion des Nappes Souterraines de la Plaine du Roussillon  (20001584000016),2.685378283,42.685696389,2024-10-16T02:53,2024-10-16T14:56,43395.53,0.2,24.5,6.7,88,1011.1,13.9,0.18,32.0
2809,10906X0039/C2-1,BSS002MNYD,2024-10-17,102.32,Valeur mesurée,Syndicat Mixte pour la Protection et la Gestion des Nappes Souterraines de la Plaine du Roussillon  (20001584000016),2.685378283,42.685696389,2024-10-17T02:52,2024-10-17T14:56,43387.52,0.0,23.97,7.07,81,1011.7,20.0,0.179,32.0
2810,10906X0039/C2-1,BSS002MNYD,2024-10-18,102.28,Valeur mesurée,Syndicat Mixte pour la Protection et la Gestion des Nappes Souterraines de la Plaine du Roussillon  (20001584000016),2.685378283,42.685696389,2024-10-18T02:52,2024-10-18T14:55,43379.6,0.3,23.3,6.93,88,1010.9,18.5,0.179,32.1
2811,10906X0039/C2-1,BSS002MNYD,2024-10-19,102.22,Valeur mesurée,Syndicat Mixte pour la Protection et la Gestion des Nappes Souterraines de la Plaine du Roussillon  (20001584000016),2.685378283,42.685696389,2024-10-19T02:52,2024-10-19T14:55,43371.77,0.0,20.21,6.17,67,1011.3,15.7,0.179,32.1
2812,10906X0039/C2-1,BSS002MNYD,2024-10-20,102.15,Valeur mesurée,Syndicat Mixte pour la Protection et la Gestion des Nappes Souterraines de la Plaine du Roussillon  (20001584000016),2.685378283,42.685696389,2024-10-20T02:52,2024-10-20T14:55,43363.95,0.4,21.92,6.68,60,1011.4,16.3,0.178,32.2
2813,10906X0039/C2-1,BSS002MNYD,2024-10-21,102.08,Valeur mesurée,Syndicat Mixte pour la Protection et la Gestion des Nappes Souterraines de la Plaine du Roussillon  (20001584000016),2.685378283,42.685696389,2024-10-21T02:52,2024-10-21T14:55,43356.15,15.3,17.23,4.64,68,1012.3,15.4,0.182,31.9
2814,10906X0039/C2-1,BSS002MNYD,2024-10-22,102.02,Valeur mesurée,Syndicat Mixte pour la Protection et la Gestion des Nappes Souterraines de la Plaine du Roussillon  (20001584000016),2.685378283,42.685696389,2024-10-22T02:52,2024-10-22T14:54,43348.37,3.4,18.01,4.51,47,1012.8,13.4,0.185,31.4
2815,10906X0039/C2-1,BSS002MNYD,2024-10-23,101.96,Valeur mesurée,Syndicat Mixte pour la Protection et la Gestion des Nappes Souterraines de la Plaine du Roussillon  (20001584000016),2.685378283,42.685696389,2024-10-23T02:52,2024-10-23T14:54,43340.62,0.0,21.82,5.66,34,1012.4,15.7,0.183,31.2
2816,10906X0039/C2-1,BSS002MNYD,2024-10-24,101.91,Valeur mesurée,Syndicat Mixte pour la Protection et la Gestion des Nappes Souterraines de la Plaine du Roussillon  (20001584000016),2.685378283,42.685696389,2024-10-24T02:52,2024-10-24T14:54,43332.9,0.0,16.71,4.66,42,1011.9,14.6,0.181,31.1
2817,10906X0039/C2-1,BSS002MNYD,2024-10-25,101.87,Valeur mesurée,Syndicat Mixte pour la Protection et la Gestion des Nappes Souterraines de la Plaine du Roussillon  (20001584000016),2.685378283,42.685696389,2024-10-25T02:52,2024-10-25T14:54,43325.23,0.0,23.31,6.18,67,1011.1,14.8,0.179,31.2
2818,10906X0039/C2-1,BSS002MNYD,2024-10-26,101.83,Valeur mesurée,Syndicat Mixte pour la Protection et la Gestion des Nappes Souterraines de la Plaine du Roussillon  (20001584000016),2.685378283,42.685696389,2024-10-26T02:52,2024-10-26T14:54,43317.6,0.0,24.42,6.34,58,1010.6,12.4,0.178,31.5
2819,10906X0039/C2-1,BSS002MNYD,2024-10-27,101.79,Valeur mesurée,Syndicat Mixte pour la Protection et la Gestion des Nappes Souterraines de la Plaine du Roussillon  (20001584000016),2.685378283,42.685696389,2024-10-27T02:52,2024-10-27T14:54,43310.02,0.3,20.67,5.01,95,1011.2,8.7,0.178,31.7
2820,10906X0039/C2-1,BSS002MNYD,2024-10-28,101.75,Valeur mesurée,Syndicat Mixte pour la Protection et la Gestion des Nappes Souterraines de la Plaine du Roussillon  (20001584000016),2.685378283,42.685696389,2024-10-28T02:52,2024-10-28T14:53,43302.51,0.1,23.44,5.41,85,1010.8,6.9,0.188,31.5
2821,10906X0039/C2-1,BSS002MNYD,2024-10-29,101.95,Valeur mesurée,Syndicat Mixte pour la Protection et la Gestion des Nappes Souterraines de la Plaine du Roussillon  (20001584000016),2.685378283,42.685696389,2024-10-29T02:52,2024-10-29T14:53,43295.08,0.1,22.51,5.74,33,1010.6,8.4,0.187,31.6
2822,10906X0039/C2-1,BSS002MNYD,2024-10-30,102.01,Valeur mesurée,Syndicat Mixte pour la Protection et la Gestion des Nappes Souterraines de la Plaine du Roussillon  (20001584000016),2.685378283,42.685696389,2024-10-30T02:52,2024-10-30T14:53,43287.71,0.0,24.39,6.29,38,1010.0,11.0,0.187,31.9
2823,10906X0039/C2-1,BSS002MNYD,2024-10-31,102.01,Valeur mesurée,Syndicat Mixte pour la Protection et la Gestion des Nappes Souterraines de la Plaine du Roussillon  (20001584000016),2.685378283,42.685696389,2024-10-31T02:52,2024-10-31T14:53,43280.43,0.1,23.3,5.91,52,1010.4,9.9,0.186,32.1
2824,10906X0039/C2-1,BSS002MNYD,2024-11-01,101.99,Valeur mesurée,Syndicat Mixte pour la Protection et la Gestion des Nappes Souterraines de la Plaine du Roussillon  (20001584000016),2.685378283,42.685696389,2024-11-01T02:52,2024-11-01T14:53,43273.24,0.2,15.11,4.08,82,1012.2,8.3,0.185,32.0
2825,10906X0039/C2-1,BSS002MNYD,2024-11-02,101.95,Valeur mesurée,Syndicat Mixte pour la Protection et la Gestion des Nappes Souterraines de la Plaine du Roussillon  (20001584000016),2.685378283,42.685696389,2024-11-02T02:52,2024-11-02T14:53,43266.14,0.1,18.87,4.68,63,1012.6,7.5,0.187,31.8
2826,10906X0039/C2-1,BSS002MNYD,2024-11-03,101.91,Valeur mesurée,Syndicat Mixte pour la Protection et la Gestion des Nappes Souterraines de la Plaine du Roussillon  (20001584000016),2.685378283,42.685696389,2024-11-03T02:52,2024-11-03T14:53,43259.15,1.5,17.1,4.32,46,1012.7,10.0,0.184,31.6
2827,10906X0039/C2-1,BSS002MNYD,2024-11-04,101.87,Valeur mesurée,Syndicat Mixte pour la Protection et la Gestion des Nappes Souterraines de la Plaine du Roussillon  (20001584000016),2.685378283,42.685696389,2024-11-04T02:52,2024-11-04T14:53,43252.28,7.2,20.27,4.57,64,1011.6,9.4,0.185,31.5
2828,10906X0039/C2-1,BSS002MNYD,2024-11-05,101.83,Valeur mesurée,Syndicat Mixte pour la Protection et la Gestion des Nappes Souterraines de la Plaine du Roussillon  (20001584000016),2.685378283,42.685696389,2024-11-05T02:52,2024-11-05T14:53,43245.52,17.0,16.36,3.52,57,1011.3,7.4,0.193,30.9
2829,10906X0039/C2-1,BSS002MNYD,2024-11-06,101.79,Valeur mesurée,Syndicat Mixte pour la Protection et la Gestion des Nappes Souterraines de la Plaine du Roussillon  (20001584000016),2.685378283,42.685696389,2024-11-06T02:52,2024-11-06T14:53,43238.89,0.2,19.74,4.92,52,1011.7,13.2,0.193,30.7
2830,10906X0039/C2-1,BSS002MNYD,2024-11-07,101.76,Valeur mesurée,Syndicat Mixte pour la Protection et la Gestion des Nappes Souterraines de la Plaine du Roussillon  (20001584000016),2.685378283,42.685696389,2024-11-07T02:52,2024-11-07T14:53,43232.4,0.2,23.48,5.65,61,1012.6,12.2,0.188,30.8
2831,10906X0039/C2-1,BSS002MNYD,2024-11-08,101.72,Valeur mesurée,Syndicat Mixte pour la Protection et la Gestion des Nappes Souterraines de la Plaine du Roussillon  (20001584000016),2.685378283,42.685696389,2024-11-08T02:52,2024-11-08T14:53,43226.04,0.6,22.8,5.2,21,1012.3,10.9,0.186,30.8
2832,10906X0039/C2-1,BSS002MNYD,2024-11-09,101.72,Valeur mesurée,Syndicat Mixte pour la Protection et la Gestion des Nappes Souterraines de la Plaine du Roussillon  (20001584000016),2.685378283,42.685696389,2024-11-09T02:52,2024-11-09T14:53,43219.74,0.5,20.94,4.98,20,1011.2,10.6,0.184,30.7
2833,10906X0039/C2-1,BSS002MNYD,2024-11-10,101.72,Valeur mesurée,Syndicat Mixte pour la Protection et la Gestion des Nappes Souterraines de la Plaine du Roussillon  (20001584000016),2.685378283,42.685696389,2024-11-10T02:53,2024-11-10T14:53,43213.51,4.0,17.82,4.08,65,1011.7,9.3,0.185,30.6
2834,10906X0039/C2-1,BSS002MNYD,2024-11-11,101.69,Valeur mesurée,Syndicat Mixte pour la Protection et la Gestion des Nappes Souterraines de la Plaine du Roussillon  (20001584000016),2.685378283,42.685696389,2024-11-11T02:53,2024-11-11T14:53,43207.35,0.3,21.44,5.07,92,1012.3,11.0,0.185,30.6
2835,10906X0039/C2-1,BSS002MNYD,2024-11-12,101.66,Valeur mesurée,Syndicat Mixte pour la Protection et la Gestion des Nappes Souterraines de la Plaine du Roussillon  (20001584000016),2.685378283,42.685696389,2024-11-12T02:53,2024-11-12T14:53,43201.25,7.8,19.87,4.34,83,1011.9,9.9,0.2,29.8
2836,10906X0039/C2-1,BSS002MNYD,2024-11-13,101.62,Valeur mesurée,Syndicat Mixte pour la Protection et la Gestion des Nappes Souterraines de la Plaine du Roussillon  (20001584000016),2.685378283,42.685696389,2024-11-13T02:53,2024-11-13T14:53,43195.25,4.0,16.62,3.76,54,1011.2,8.8,0.211,28.8
2837,10906X0039/C2-1,BSS002MNYD,2024-11-14,101.59,Valeur mesurée,Syndicat Mixte pour la Protection et la Gestion des Nappes Souterraines de la Plaine du Roussillon  (20001584000016),2.685378283,42.685696389,2024-11-14T02:53,2024-11-14T14:53,43189.33,0.4,23.3,5.24,74,1010.1,10.7,0.202,28.9
2838,10906X0039/C2-1,BSS002MNYD,2024-11-15,101.56,Valeur mesurée,Syndicat Mixte pour la Protection et la Gestion des Nappes Souterraines de la Plaine du Roussillon  (20001584000016),2.685378283,42.685696389,2024-11-15T02:54,2024-11-15T14:53,43183.51,0.2,22.78,5.48,87,1010.0,12.7,0.202,29.0
2839,10906X0039/C2-1,BSS002MNYD,2024-11-16,101.59,Valeur mesurée,Syndicat Mixte pour la Protection et la Gestion des Nappes Souterraines de la Plaine du Roussillon  (20001584000016),2.685378283,42.685696389,2024-11-16T02:54,2024-11-16T14:53,43177.79,0.0,24.81,5.66,84,1010.8,8.5,0.205,28.9
2840,10906X0039/C2-1,BSS002MNYD,2024-11-17,101.61,Valeur mesurée,Syndicat Mixte pour la Protection et la Gestion des Nappes Souterraines de la Plaine du Roussillon  (20001584000016),2.685378283,42.685696389,2024-11-17T02:54,2024-11-17T14:54,43172.18,0.1,22.27,5.07,80,1010.9,11.2,0.213,28.9
2841,10906X0039/C2-1,BSS002MNYD,2024-11-18,101.63,Valeur mesurée,Syndicat Mixte pour la Protection et la Gestion des Nappes Souterraines de la Plaine du Roussillon  (20001584000016),2.685378283,42.685696389,2024-11-18T02:54,2024-11-18T14:54,43166.69,1.0,20.35,4.81,83,1011.1,11.6,0.214,29.0
2842,10906X0039/C2-1,BSS002MNYD,2024-11-19,101.65,Valeur mesurée,Syndicat Mixte pour la Protection et la Gestion des Nappes Souterraines de la Plaine du Roussillon  (20001584000016),2.685378283,42.685696389,2024-11-19T02:55,2024-11-19T14:54,43161.33,4.0,17.11,4.12,91,1011.8,11.3,0.204,28.9
2843,10906X0039/C2-1,BSS002MNYD,2024-11-20,101.65,Valeur mesurée,Syndicat Mixte pour la Protection et la Gestion des Nappes Souterraines de la Plaine du Roussillon  (20001584000016),2.685378283,42.685696389,2024-11-20T02:55,2024-11-20T14:54,43156.09,0.6,19.35,4.2,55,1011.2,6.3,0.185,28.9
2844,10906X0039/C2-1,BSS002MNYD,2024-11-21,101.62,Valeur mesurée,Syndicat Mixte pour la Protection et la Gestion des Nappes Souterraines de la Plaine du Roussillon  (20001584000016),2.685378283,42.685696389,2024-11-21T02:55,2024-11-21T14:54,43150.99,0.5,22.71,5.27,33,1010.9,9.9,0.178,29.1
2845,10906X0039/C2-1,BSS002MNYD,2024-11-22,101.59,Valeur mesurée,Syndicat Mixte pour la Protection et la Gestion des Nappes Souterraines de la Plaine du Roussillon  (20001584000016),2.685378283,42.685696389,2024-11-22T02:55,2024-11-22T14:55,43146.05,4.1,22.19,5.1,54,1011.2,9.4,0.173,29.2
2846,10906X0039/C2-1,BSS002MNYD,2024-11-23,101.58,Valeur mesurée,Syndicat Mixte pour la Protection et la Gestion des Nappes Souterraines de la Plaine du Roussillon  (20001584000016),2.685378283,42.685696389,2024-11-23T02:56,2024-11-23T14:55,43141.25,9.9,13.87,3.11,98,1012.5,6.0,0.161,29.1
2847,10906X0039/C2-1,BSS002MNYD,2024-11-24,101.63,Valeur mesurée,Syndicat Mixte pour la Protection et la Gestion des Nappes Souterraines de la Plaine du Roussillon  (20001584000016),2.685378283,42.685696389,2024-11-24T02:56,2024-11-24T14:55,43136.62,0.5,20.57,4.74,58,1011.5,9.9,0.156,29.0
2848,10906X0039/C2-1,BSS002MNYD,2024-11-25,101.65,Valeur mesurée,Syndicat Mixte pour la Protection et la Gestion des Nappes Souterraines de la Plaine du Roussillon  (20001584000016),2.685378283,42.685696389,2024-11-25T02:56,2024-11-25T14:55,43132.15,1.3,22.12,4.8,32,1011.2,8.9,0.147,29.2
2849,10906X0039/C2-1,BSS002MNYD,2024-11-26,101.65,Valeur mesurée,Syndicat Mixte pour la Protection et la Gestion des Nappes Souterraines de la Plaine du Roussillon  (20001584000016),2.685378283,42.685696389,2024-11-26T02:57,2024-11-26T14:56,43127.86,0.3,19.81,4.54,39,1011.0,8.9,0.145,29.3
2850,10906X0039/C2-1,BSS002MNYD,2024-11-27,101.62,Valeur mesurée,Syndicat Mixte pour la Protection et la Gestion des Nappes Souterraines de la Plaine du Roussillon  (20001584000016),2.685378283,42.685696389,2024-11-27T02:57,2024-11-27T14:56,43123.75,2.4,18.24,4.22,46,1011.4,10.5,0.144,29.3
2851,10906X0039/C2-1,BSS002MNYD,2024-11-28,101.59,Valeur mesurée,Syndicat Mixte pour la Protection et la Gestion des Nappes Souterraines de la Plaine du Roussillon  (20001584000016),2.685378283,42.685696389,2024-11-28T02:57,2024-11-28T14:56,43119.83,7.8,17.74,3.71,66,1012.2,7.6,0.152,28.9
2852,10906X0039/C2-1,BSS002MNYD,2024-11-29,101.55,Valeur mesurée,Syndicat Mixte pour la Protection et la Gestion des Nappes Souterraines de la Plaine du Roussillon  (20001584000016),2.685378283,42.685696389,2024-11-29T02:58,2024-11-29T14:56,43116.04,11.5,19.04,4.16,83,1012.8,8.8,0.171,28.8
2853,10906X0039/C2-1,BSS002MNYD,2024-11-30,101.58,Valeur mesurée,Syndicat Mixte pour la Protection et la Gestion des Nappes Souterraines de la Plaine du Roussillon  (20001584000016),2.685378283,42.685696389,2024-11-30T02:58,2024-11-30T14:57,43112.38,0.0,20.8,4.74,37,1011.7,9.9,0.173,28.7
2854,10906X0039/C2-1,BSS002MNYD,2024-12-01,101.63,Valeur mesurée,Syndicat Mixte pour la Protection et la Gestion des Nappes Souterraines de la Plaine du Roussillon  (20001584000016),2.685378283,42.685696389,2024-12-01T02:59,2024-12-01T14:57,43108.86,0.0,24.8,5.72,8,1010.8,12.8,0.17,28.7
2855,10906X0039/C2-1,BSS002MNYD,2024-12-02,101.68,Valeur mesurée,Syndicat Mixte pour la Protection et la Gestion des Nappes Souterraines de la Plaine du Roussillon  (20001584000016),2.685378283,42.685696389,2024-12-02T02:59,2024-12-02T14:57,43105.47,0.0,23.95,5.61,3,1010.6,12.1,0.166,28.7
2856,10906X0039/C2-1,BSS002MNYD,2024-12-03,101.68,Valeur mesurée,Syndicat Mixte pour la Protection et la Gestion des Nappes Souterraines de la Plaine du Roussillon  (20001584000016),2.685378283,42.685696389,2024-12-03T02:59,2024-12-03T14:58,43102.23,0.0,24.85,6.27,8,1010.7,13.6,0.164,28.7
2857,10906X0039/C2-1,BSS002MNYD,2024-12-04,101.65,Valeur mesurée,Syndicat Mixte pour la Protection et la Gestion des Nappes Souterraines de la Plaine du Roussillon  (20001584000016),2.685378283,42.685696389,2024-12-04T03:00,2024-12-04T14:58,43099.14,0.0,24.7,6.56,2,1010.7,14.4,0.161,28.7
2858,10906X0039/C2-1,BSS002MNYD,2024-12-05,101.6,Valeur mesurée,Syndicat Mixte pour la Protection et la Gestion des Nappes Souterraines de la Plaine du Roussillon  (20001584000016),2.685378283,42.685696389,2024-12-05T03:00,2024-12-05T14:59,43096.2,0.0,24.6,5.87,9,1011.2,11.8,0.16,28.8
2859,10906X0039/C2-1,BSS002MNYD,2024-12-06,101.55,Valeur mesurée,Syndicat Mixte pour la Protection et la Gestion des Nappes Souterraines de la Plaine du Roussillon  (20001584000016),2.685378283,42.685696389,2024-12-06T03:01,2024-12-06T14:59,43093.41,0.0,23.34,6.73,45,1010.9,14.5,0.16,28.9
2860,10906X0039/C2-1,BSS002MNYD,2024-12-07,101.51,Valeur mesurée,Syndicat Mixte pour la Protection et la Gestion des Nappes Souterraines de la Plaine du Roussillon  (20001584000016),2.685378283,42.685696389,2024-12-07T03:01,2024-12-07T14:59,43090.78,0.8,22.0,6.56,37,1011.7,16.2,0.158,29.0
2861,10906X0039/C2-1,BSS002MNYD,2024-12-08,101.54,Valeur mesurée,Syndicat Mixte pour la Protection et la Gestion des Nappes Souterraines de la Plaine du Roussillon  (20001584000016),2.685378283,42.685696389,2024-12-08T03:02,2024-12-08T15:00,43088.32,0.1,22.09,6.42,42,1011.9,14.4,0.159,29.2
2862,10906X0039/C2-1,BSS002MNYD,2024-12-09,101.6,Valeur mesurée,Syndicat Mixte pour la Protection et la Gestion des Nappes Souterraines de la Plaine du Roussillon  (20001584000016),2.685378283,42.685696389,2024-12-09T03:02,2024-12-09T15:00,43086.03,0.0,24.26,7.14,9,1011.2,13.7,0.157,29.3
2863,10906X0039/C2-1,BSS002MNYD,2024-12-10,101.62,Valeur mesurée,Syndicat Mixte pour la Protection et la Gestion des Nappes Souterraines de la Plaine du Roussillon  (20001584000016),2.685378283,42.685696389,2024-12-10T03:03,2024-12-10T15:01,43083.91,0.0,21.87,6.23,13,1011.3,13.9,0.156,29.4
2864,10906X0039/C2-1,BSS002MNYD,2024-12-11,101.59,Valeur mesurée,Syndicat Mixte pour la Protection et la Gestion des Nappes Souterraines de la Plaine du Roussillon  (20001584000016),2.685378283,42.685696389,2024-12-11T03:03,2024-12-11T15:01,43081.96,0.0,23.67,6.33,24,1011.0,13.2,0.155,29.4
2865,10906X0039/C2-1,BSS002MNYD,2024-12-12,101.52,Valeur mesurée,Syndicat Mixte pour la Protection et la Gestion des Nappes Souterraines de la Plaine du Roussillon  (20001584000016),2.685378283,42.685696389,2024-12-12T03:04,2024-12-12T15:02,43080.2,0.0,23.96,6.32,12,1010.7,13.1,0.155,29.5
2866,10906X0039/C2-1,BSS002MNYD,2024-12-13,101.46,Valeur mesurée,Syndicat Mixte pour la Protection et la Gestion des Nappes Souterraines de la Plaine du Roussillon  (20001584000016),2.685378283,42.685696389,2024-12-13T03:04,2024-12-13T15:02,43078.62,0.0,23.04,6.86,12,1010.3,14.1,0.154,29.5
2867,10906X0039/C2-1,BSS002MNYD,2024-12-14,101.46,Valeur mesurée,Syndicat Mixte pour la Protection et la Gestion des Nappes Souterraines de la Plaine du Roussillon  (20001584000016),2.685378283,42.685696389,2024-12-14T03:05,2024-12-14T15:03,43077.22,0.0,24.37,7.24,33,1010.2,15.1,0.151,29.8
2868,10906X0039/C2-1,BSS002MNYD,2024-12-15,101.49,Valeur mesurée,Syndicat Mixte pour la Protection et la Gestion des Nappes Souterraines de la Plaine du Roussillon  (20001584000016),2.685378283,42.685696389,2024-12-15T03:05,2024-12-15T15:03,43076.02,0.0,24.14,7.28,10,1011.0,16.4,0.149,30.0
2869,10906X0039/C2-1,BSS002MNYD,2024-12-16,101.5,Valeur mesurée,Syndicat Mixte pour la Protection et la Gestion des Nappes Souterraines de la Plaine du Roussillon  (20001584000016),2.685378283,42.685696389,2024-12-16T03:06,2024-12-16T15:04,43075.01,0.0,23.26,7.36,22,1011.9,17.0,0.148,30.2
2870,10906X0039/C2-1,BSS002MNYD,2024-12-17,101.5,Valeur mesurée,Syndicat Mixte pour la Protection et la Gestion des Nappes Souterraines de la Plaine du Roussillon  (20001584000016),2.685378283,42.685696389,2024-12-17T03:06,2024-12-17T15:04,43074.21,0.0,23.97,7.06,14,1011.9,14.1,0.148,30.4
2871,10906X0039/C2-1,BSS002MNYD,2024-12-18,101.44,Valeur mesurée,Syndicat Mixte pour la Protection et la Gestion des Nappes Souterraines de la Plaine du Roussillon  (20001584000016),2.685378283,42.685696389,2024-12-18T03:07,2024-12-18T15:04,43073.6,0.0,23.6,6.34,18,1011.8,11.4,0.147,30.6
2872,10906X0039/C2-1,BSS002MNYD,2024-12-19,101.37,Valeur mesurée,Syndicat Mixte pour la Protection et la Gestion des Nappes Souterraines de la Plaine du Roussillon  (20001584000016),2.685378283,42.685696389,2024-12-19T03:07,2024-12-19T15:05,43073.2,0.0,22.93,5.84,29,1012.2,11.8,0.146,30.7
2873,10906X0039/C2-1,BSS002MNYD,2024-12-20,101.32,Valeur mesurée,Syndicat Mixte pour la Protection et la Gestion des Nappes Souterraines de la Plaine du Roussillon  (20001584000016),2.685378283,42.685696389,2024-12-20T03:07,2024-12-20T15:05,43072.98,0.1,22.52,5.51,19,1012.2,10.0,0.146,30.8
2874,10906X0039/C2-1,BSS002MNYD,2024-12-21,101.3,Valeur mesurée,Syndicat Mixte pour la Protection et la Gestion des Nappes Souterraines de la Plaine du Roussillon  (20001584000016),2.685378283,42.685696389,2024-12-21T03:08,2024-12-21T15:06,43072.94,0.0,21.75,5.68,16,1012.6,12.6,0.145,31.0
2875,10906X0039/C2-1,BSS002MNYD,2024-12-22,101.33,Valeur mesurée,Syndicat Mixte pour la Protection et la Gestion des Nappes Souterraines de la Plaine du Roussillon  (20001584000016),2.685378283,42.685696389,2024-12-22T03:08,2024-12-22T15:06,43073.1,0.2,22.98,5.95,8,1011.9,12.0,0.145,31.1
2876,10906X0039/C2-1,BSS002MNYD,2024-12-23,101.33,Valeur mesurée,Syndicat Mixte pour la Protection et la Gestion des Nappes Souterraines de la Plaine du Roussillon  (20001584000016),2.685378283,42.685696389,2024-12-23T03:09,2024-12-23T15:07,43073.44,0.0,23.17,6.51,13,1011.0,15.3,0.145,31.2
2877,10906X0039/C2-1,BSS002MNYD,2024-12-24,101.32,Valeur mesurée,Syndicat Mixte pour la Protection et la Gestion des Nappes Souterraines de la Plaine du Roussillon  (20001584000016),2.685378283,42.685696389,2024-12-24T03:09,2024-12-24T15:07,43073.96,0.0,24.53,6.75,1,1011.3,13.2,0.146,31.2
2878,10906X0039/C2-1,BSS002MNYD,2024-12-25,101.34,Valeur mesurée,Syndicat Mixte pour la Protection et la Gestion des Nappes Souterraines de la Plaine du Roussillon  (20001584000016),2.685378283,42.685696389,2024-12-25T03:10,2024-12-25T15:08,43074.67,0.0,23.7,6.93,23,1012.0,14.3,0.146,31.3
2879,10906X0039/C2-1,BSS002MNYD,2024-12-26,101.36,Valeur mesurée,Syndicat Mixte pour la Protection et la Gestion des Nappes Souterraines de la Plaine du Roussillon  (20001584000016),2.685378283,42.685696389,2024-12-26T03:10,2024-12-26T15:08,43075.55,0.0,24.57,7.39,37,1012.2,14.1,0.145,31.4
2880,10906X0039/C2-1,BSS002MNYD,2024-12-27,101.37,Valeur mesurée,Syndicat Mixte pour la Protection et la Gestion des Nappes Souterraines de la Plaine du Roussillon  (20001584000016),2.685378283,42.685696389,2024-12-27T03:11,2024-12-27T15:09,43076.62,0.0,25.05,7.73,72,1013.1,15.5,0.145,31.3
2881,10906X0039/C2-1,BSS002MNYD,2024-12-28,101.36,Valeur mesurée,Syndicat Mixte pour la Protection et la Gestion des Nappes Souterraines de la Plaine du Roussillon  (20001584000016),2.685378283,42.685696389,2024-12-28T03:11,2024-12-28T15:09,43077.85,0.0,24.57,7.59,64,1012.8,16.9,0.145,31.3
2882,10906X0039/C2-1,BSS002MNYD,2024-12-29,101.36,Valeur mesurée,Syndicat Mixte pour la Protection et la Gestion des Nappes Souterraines de la Plaine du Roussillon  (20001584000016),2.685378283,42.685696389,2024-12-29T03:12,2024-12-29T15:10,43079.27,0.0,23.92,7.45,26,1012.4,16.4,0.144,31.4
2883,10906X0039/C2-1,BSS002MNYD,2024-12-30,101.37,Valeur mesurée,Syndicat Mixte pour la Protection et la Gestion des Nappes Souterraines de la Plaine du Roussillon  (20001584000016),2.685378283,42.685696389,2024-12-30T03:12,2024-12-30T15:10,43080.85,0.0,23.75,7.37,11,1011.6,17.0,0.144,31.5
2884,10906X0039/C2-1,BSS002MNYD,2024-12-31,101.4,Valeur mesurée,Syndicat Mixte pour la Protection et la Gestion des Nappes Souterraines de la Plaine du Roussillon  (20001584000016),2.685378283,42.685696389,2024-12-31T03:13,2024-12-31T15:11,43082.61,0.0,24.41,7.56,30,1011.3,17.3,0.144,31.5
2885,10906X0039/C2-1,BSS002MNYD,2025-01-01,101.45,Valeur mesurée,Syndicat Mixte pour la Protection et la Gestion des Nappes Souterraines de la Plaine du Roussillon  (20001584000016),2.685378283,42.685696389,2025-01-01T03:13,2025-01-01T15:11,43084.54,0.0,24.21,7.47,2,1010.8,16.5,0.144,31.6
2886,10906X0039/C2-1,BSS002MNYD,2025-01-02,101.49,Valeur mesurée,Syndicat Mixte pour la Protection et la Gestion des Nappes Souterraines de la Plaine du Roussillon  (20001584000016),2.685378283,42.685696389,2025-01-02T03:14,2025-01-02T15:12,43086.63,0.0,24.26,7.76,2,1011.2,19.8,0.144,31.7
2887,10906X0039/C2-1,BSS002MNYD,2025-01-03,101.53,Valeur mesurée,Syndicat Mixte pour la Protection et la Gestion des Nappes Souterraines de la Plaine du Roussillon  (20001584000016),2.685378283,42.685696389,2025-01-03T03:14,2025-01-03T15:12,43088.89,0.0,22.81,7.31,21,1011.6,18.4,0.143,31.7
2888,10906X0039/C2-1,BSS002MNYD,2025-01-04,101.56,Valeur mesurée,Syndicat Mixte pour la Protection et la Gestion des Nappes Souterraines de la Plaine du Roussillon  (20001584000016),2.685378283,42.685696389,2025-01-04T03:15,2025-01-04T15:13,43091.31,0.0,24.62,8.22,0,1012.0,17.1,0.143,31.7
2889,10906X0039/C2-1,BSS002MNYD,2025-01-05,101.58,Valeur mesurée,Syndicat Mixte pour la Protection et la Gestion des Nappes Souterraines de la Plaine du Roussillon  (20001584000016),2.685378283,42.685696389,2025-01-05T03:15,2025-01-05T15:13,43093.89,0.0,25.21,8.56,18,1011.6,18.5,0.143,31.6
2890,10906X0039/C2-1,BSS002MNYD,2025-01-06,101.57,Valeur mesurée,Syndicat Mixte pour la Protection et la Gestion des Nappes Souterraines de la Plaine du Roussillon  (20001584000016),2.685378283,42.685696389,2025-01-06T03:16,2025-01-06T15:14,43096.62,0.0,25.48,8.08,22,1012.1,19.4,0.143,31.5
2891,10906X0039/C2-1,BSS002MNYD,2025-01-07,101.5,Valeur mesurée,Syndicat Mixte pour la Protection et la Gestion des Nappes Souterraines de la Plaine du Roussillon  (20001584000016),2.685378283,42.685696389,2025-01-07T03:16,2025-01-07T15:14,43099.53,0.0,24.9,7.11,17,1011.7,15.6,0.143,31.6
2892,10906X0039/C2-1,BSS002MNYD,2025-01-08,101.44,Valeur mesurée,Syndicat Mixte pour la Protection et la Gestion des Nappes Souterraines de la Plaine du Roussillon  (20001584000016),2.685378283,42.685696389,2025-01-08T03:16,2025-01-08T15:15,43102.62,0.0,24.07,6.84,16,1010.5,12.9,0.143,31.8
2893,10906X0039/C2-1,BSS002MNYD,2025-01-09,101.38,Valeur mesurée,Syndicat Mixte pour la Protection et la Gestion des Nappes Souterraines de la Plaine du Roussillon  (20001584000016),2.685378283,42.685696389,2025-01-09T03:17,2025-01-09T15:15,43105.92,0.1,20.38,6.25,61,1010.5,14.3,0.143,31.9
2894,10906X0039/C2-1,BSS002MNYD,2025-01-10,101.32,Valeur mesurée,Syndicat Mixte pour la Protection et la Gestion des Nappes Souterraines de la Plaine du Roussillon  (20001584000016),2.685378283,42.685696389,2025-01-10T03:17,2025-01-10T15:15,43109.4,0.0,23.7,7.49,73,1011.3,16.8,0.143,31.9
2895,10906X0039/C2-1,BSS002MNYD,2025-01-11,101.28,Valeur mesurée,Syndicat Mixte pour la Protection et la Gestion des Nappes Souterraines de la Plaine du Roussillon  (20001584000016),2.685378283,42.685696389,2025-01-11T03:17,2025-01-11T15:16,43113.06,0.0,24.0,6.88,83,1011.3,13.8,0.143,31.9
2896,10906X0039/C2-1,BSS002MNYD,2025-01-12,101.23,Valeur mesurée,Syndicat Mixte pour la Protection et la Gestion des Nappes Souterraines de la Plaine du Roussillon  (20001584000016),2.685378283,42.685696389,2025-01-12T03:18,2025-01-12T15:16,43116.91,0.0,24.96,7.8,71,1010.1,15.5,0.144,31.9
2897,10906X0039/C2-1,BSS002MNYD,2025-01-13,101.19,Valeur mesurée,Syndicat Mixte pour la Protection et la Gestion des Nappes Souterraines de la Plaine du Roussillon  (20001584000016),2.685378283,42.685696389,2025-01-13T03:18,2025-01-13T15:17,43120.92,0.0,25.44,9.26,3,1009.5,20.4,0.143,31.9
2898,10906X0039/C2-1,BSS002MNYD,2025-01-14,101.16,Valeur mesurée,Syndicat Mixte pour la Protection et la Gestion des Nappes Souterraines de la Plaine du Roussillon  (20001584000016),2.685378283,42.685696389,2025-01-14T03:18,2025-01-14T15:17,43125.1,0.0,25.3,8.97,83,1009.9,20.9,0.143,31.9
2899,10906X0039/C2-1,BSS002MNYD,2025-01-15,101.12,Valeur mesurée,Syndicat Mixte pour la Protection et la Gestion des Nappes Souterraines de la Plaine du Roussillon  (20001584000016),2.685378283,42.685696389,2025-01-15T03:19,2025-01-15T15:18,43129.43,0.0,25.39,8.47,45,1011.9,19.3,0.143,31.9
2900,10906X0039/C2-1,BSS002MNYD,2025-01-16,101.09,Valeur mesurée,Syndicat Mixte pour la Protection et la Gestion des Nappes Souterraines de la Plaine du Roussillon  (20001584000016),2.685378283,42.685696389,2025-01-16T03:19,2025-01-16T15:18,43133.91,0.0,25.29,8.28,23,1011.7,16.5,0.143,31.9
2901,10906X0039/C2-1,BSS002MNYD,2025-01-17,101.06,Valeur mesurée,Syndicat Mixte pour la Protection et la Gestion des Nappes Souterraines de la Plaine du Roussillon  (20001584000016),2.685378283,42.685696389,2025-01-17T03:19,2025-01-17T15:18,43138.53,0.0,24.36,7.56,88,1010.7,14.7,0.143,32.0
2902,10906X0039/C2-1,BSS002MNYD,2025-01-18,101.03,Valeur mesurée,Syndicat Mixte pour la Protection et la Gestion des Nappes Souterraines de la Plaine du Roussillon  (20001584000016),2.685378283,42.685696389,2025-01-18T03:20,2025-01-18T15:19,43143.3,0.0,25.14,7.31,68,1009.7,14.1,0.143,32.1
2903,10906X0039/C2-1,BSS002MNYD,2025-01-19,101.01,Valeur mesurée,Syndicat Mixte pour la Protection et la Gestion des Nappes Souterraines de la Plaine du Roussillon  (20001584000016),2.685378283,42.685696389,2025-01-19T03:20,2025-01-19T15:19,43148.19,0.0,25.71,7.56,13,1009.3,14.3,0.143,32.2
2904,10906X0039/C2-1,BSS002MNYD,2025-01-20,101.0,Valeur mesurée,Syndicat Mixte pour la Protection et la Gestion des Nappes Souterraines de la Plaine du Roussillon  (20001584000016),2.685378283,42.685696389,2025-01-20T03:20,2025-01-20T15:19,43153.21,0.0,25.73,8.32,49,1009.7,16.0,0.143,32.3
2905,10906X0039/C2-1,BSS002MNYD,2025-01-21,100.98,Valeur mesurée,Syndicat Mixte pour la Protection et la Gestion des Nappes Souterraines de la Plaine du Roussillon  (20001584000016),2.685378283,42.685696389,2025-01-21T03:20,2025-01-21T15:20,43158.34,0.0,24.1,7.7,42,1010.0,16.5,0.143,32.3
2906,10906X0039/C2-1,BSS002MNYD,2025-01-22,100.97,Valeur mesurée,Syndicat Mixte pour la Protection et la Gestion des Nappes Souterraines de la Plaine du Roussillon  (20001584000016),2.685378283,42.685696389,2025-01-22T03:21,2025-01-22T15:20,43163.59,0.0,23.68,7.6,58,1010.6,18.1,0.143,32.3
2907,10906X0039/C2-1,BSS002MNYD,2025-01-23,100.95,Valeur mesurée,Syndicat Mixte pour la Protection et la Gestion des Nappes Souterraines de la Plaine du Roussillon  (20001584000016),2.685378283,42.685696389,2025-01-23T03:21,2025-01-23T15:20,43168.94,0.0,25.3,8.69,30,1009.8,18.7,0.143,32.4
2908,10906X0039/C2-1,BSS002MNYD,2025-01-24,100.94,Valeur mesurée,Syndicat Mixte pour la Protection et la Gestion des Nappes Souterraines de la Plaine du Roussillon  (20001584000016),2.685378283,42.685696389,2025-01-24T03:21,2025-01-24T15:21,43174.4,0.0,25.95,8.69,2,1008.9,19.3,0.143,32.4
2909,10906X0039/C2-1,BSS002MNYD,2025-01-25,100.92,Valeur mesurée,Syndicat Mixte pour la Protection et la Gestion des Nappes Souterraines de la Plaine du Roussillon  (20001584000016),2.685378283,42.685696389,2025-01-25T03:21,2025-01-25T15:21,43179.94,0.0,25.69,8.25,22,1008.9,17.1,0.143,32.5
2910,10906X0039/C2-1,BSS002MNYD,2025-01-26,100.91,Valeur mesurée,Syndicat Mixte pour la Protection et la Gestion des Nappes Souterraines de la Plaine du Roussillon  (20001584000016),2.685378283,42.685696389,2025-01-26T03:21,2025-01-26T15:21,43185.58,0.0,25.51,7.51,11,1009.5,13.9,0.143,32.6
2911,10906X0039/C2-1,BSS002MNYD,2025-01-27,100.91,Valeur mesurée,Syndicat Mixte pour la Protection et la Gestion des Nappes Souterraines de la Plaine du Roussillon  (20001584000016),2.685378283,42.685696389,2025-01-27T03:22,2025-01-27T15:21,43191.3,0.0,25.18,7.54,20,1009.0,15.4,0.143,32.7
2912,10906X0039/C2-1,BSS002MNYD,2025-01-28,100.91,Valeur mesurée,Syndicat Mixte pour la Protection et la Gestion des Nappes Souterraines de la Plaine du Roussillon  (20001584000016),2.685378283,42.685696389,2025-01-28T03:22,2025-01-28T15:22,43197.18,0.0,25.0,7.67,2,1008.9,15.7,0.143,32.8
2913,10906X0039/C2-1,BSS002MNYD,2025-01-29,100.91,Valeur mesurée,Syndicat Mixte pour la Protection et la Gestion des Nappes Souterraines de la Plaine du Roussillon  (20001584000016),2.685378283,42.685696389,2025-01-29T03:22,2025-01-29T15:22,43203.21,0.0,25.19,8.4,1,1009.5,16.2,0.143,32.9
2914,10906X0039/C2-1,BSS002MNYD,2025-01-30,100.89,Valeur mesurée,Syndicat Mixte pour la Protection et la Gestion des Nappes Souterraines de la Plaine du Roussillon  (20001584000016),2.685378283,42.685696389,2025-01-30T03:22,2025-01-30T15:22,43209.4,0.0,25.7,8.38,1,1009.8,17.9,0.143,32.9
2915,10906X0039/C2-1,BSS002MNYD,2025-01-31,100.88,Valeur mesurée,Syndicat Mixte pour la Protection et la Gestion des Nappes Souterraines de la Plaine du Roussillon  (20001584000016),2.685378283,42.685696389,2025-01-31T03:22,2025-01-31T15:22,43215.72,0.0,25.73,8.51,0,1009.3,17.4,0.143,33.0
2916,10906X0039/C2-1,BSS002MNYD,2025-02-01,100.9,Valeur mesurée,Syndicat Mixte pour la Protection et la Gestion des Nappes Souterraines de la Plaine du Roussillon  (20001584000016),2.685378283,42.685696389,2025-02-01T03:22,2025-02-01T15:22,43222.17,0.0,26.16,9.06,48,1009.4,18.8,0.143,33.0
2917,10906X0039/C2-1,BSS002MNYD,2025-02-02,100.93,Valeur mesurée,Syndicat Mixte pour la Protection et la Gestion des Nappes Souterraines de la Plaine du Roussillon  (20001584000016),2.685378283,42.685696389,2025-02-02T03:22,2025-02-02T15:23,43228.75,0.0,26.1,8.84,55,1008.9,17.2,0.143,32.9
2918,10906X0039/C2-1,BSS002MNYD,2025-02-03,100.99,Valeur mesurée,Syndicat Mixte pour la Protection et la Gestion des Nappes Souterraines de la Plaine du Roussillon  (20001584000016),2.685378283,42.685696389,2025-02-03T03:22,2025-02-03T15:23,43235.44,0.0,26.19,9.39,58,1009.2,20.1,0.143,32.9
2919,10906X0039/C2-1,BSS002MNYD,2025-02-04,101.06,Valeur mesurée,Syndicat Mixte pour la Protection et la Gestion des Nappes Souterraines de la Plaine du Roussillon  (20001584000016),2.685378283,42.685696389,2025-02-04T03:22,2025-02-04T15:23,43242.25,0.0,26.54,8.8,65,1010.5,19.1,0.143,32.8
2920,10906X0039/C2-1,BSS002MNYD,2025-02-05,101.09,Valeur mesurée,Syndicat Mixte pour la Protection et la Gestion des Nappes Souterraines de la Plaine du Roussillon  (20001584000016),2.685378283,42.685696389,2025-02-05T03:22,2025-02-05T15:23,43249.15,0.0,25.89,8.16,82,1009.4,17.5,0.143,32.9
2921,10906X0039/C2-1,BSS002MNYD,2025-02-06,101.09,Valeur mesurée,Syndicat Mixte pour la Protection et la Gestion des Nappes Souterraines de la Plaine du Roussillon  (20001584000016),2.685378283,42.685696389,2025-02-06T03:22,2025-02-06T15:23,43256.15,0.0,25.83,7.97,49,1008.5,18.6,0.143,33.0
2922,10906X0039/C2-1,BSS002MNYD,2025-02-07,101.06,Valeur mesurée,Syndicat Mixte pour la Protection et la Gestion des Nappes Souterraines de la Plaine du Roussillon  (20001584000016),2.685378283,42.685696389,2025-02-07T03:22,2025-02-07T15:23,43263.24,0.0,24.62,7.39,42,1009.4,15.9,0.143,33.2
2923,10906X0039/C2-1,BSS002MNYD,2025-02-08,101.0,Valeur mesurée,Syndicat Mixte pour la Protection et la Gestion des Nappes Souterraines de la Plaine du Roussillon  (20001584000016),2.685378283,42.685696389,2025-02-08T03:22,2025-02-08T15:23,43270.4,0.0,24.32,6.41,55,1010.0,12.6,0.143,33.3
2924,10906X0039/C2-1,BSS002MNYD,2025-02-09,100.96,Valeur mesurée,Syndicat Mixte pour la Protection et la Gestion des Nappes Souterraines de la Plaine du Roussillon  (20001584000016),2.685378283,42.685696389,2025-02-09T03:22,2025-02-09T15:23,43277.64,0.0,24.1,6.53,69,1009.1,13.0,0.143,33.5
2925,10906X0039/C2-1,BSS002MNYD,2025-02-10,100.98,Valeur mesurée,Syndicat Mixte pour la Protection et la Gestion des Nappes Souterraines de la Plaine du Roussillon  (20001584000016),2.685378283,42.685696389,2025-02-10T03:22,2025-02-10T15:24,43284.93,0.0,24.74,7.58,36,1008.2,16.8,0.143,33.5
2926,10906X0039/C2-1,BSS002MNYD,2025-02-11,100.98,Valeur mesurée,Syndicat Mixte pour la Protection et la Gestion des Nappes Souterraines de la Plaine du Roussillon  (20001584000016),2.685378283,42.685696389,2025-02-11T03:22,2025-02-11T15:24,43292.29,1.4,24.96,7.64,59,1009.5,19.1,0.143,33.5
2927,10906X0039/C2-1,BSS002MNYD,2025-02-12,100.98,Valeur mesurée,Syndicat Mixte pour la Protection et la Gestion des Nappes Souterraines de la Plaine du Roussillon  (20001584000016),2.685378283,42.685696389,2025-02-12T03:22,2025-02-12T15:24,43299.7,0.2,24.45,7.93,93,1010.7,19.8,0.143,33.3
2928,10906X0039/C2-1,BSS002MNYD,2025-02-13,100.97,Valeur mesurée,Syndicat Mixte pour la Protection et la Gestion des Nappes Souterraines de la Plaine du Roussillon  (20001584000016),2.685378283,42.685696389,2025-02-13T03:22,2025-02-13T15:24,43307.15,0.0,26.51,8.82,60,1011.0,20.4,0.143,33.3
2929,10906X0039/C2-1,BSS002MNYD,2025-02-14,101.01,Valeur mesurée,Syndicat Mixte pour la Protection et la Gestion des Nappes Souterraines de la Plaine du Roussillon  (20001584000016),2.685378283,42.685696389,2025-02-14T03:22,2025-02-14T15:24,43314.64,0.0,24.11,7.78,82,1010.4,17.1,0.143,33.3
2930,10906X0039/C2-1,BSS002MNYD,2025-02-15,101.02,Valeur mesurée,Syndicat Mixte pour la Protection et la Gestion des Nappes Souterraines de la Plaine du Roussillon  (20001584000016),2.685378283,42.685696389,2025-02-15T03:22,2025-02-15T15:24,43322.15,0.0,25.08,7.2,49,1010.3,15.1,0.143,33.4
2931,10906X0039/C2-1,BSS002MNYD,2025-02-16,101.02,Valeur mesurée,Syndicat Mixte pour la Protection et la Gestion des Nappes Souterraines de la Plaine du Roussillon  (20001584000016),2.685378283,42.685696389,2025-02-16T03:22,2025-02-16T15:24,43329.7,0.0,26.46,7.79,46,1008.9,15.6,0.143,33.4
2932,10906X0039/C2-1,BSS002MNYD,2025-02-17,101.05,Valeur mesurée,Syndicat Mixte pour la Protection et la Gestion des Nappes Souterraines de la Plaine du Roussillon  (20001584000016),2.685378283,42.685696389,2025-02-17T03:22,2025-02-17T15:24,43337.35,0.0,27.03,8.55,12,1009.9,19.7,0.143,33.3
2933,10906X0039/C2-1,BSS002MNYD,2025-02-18,101.06,Valeur mesurée,Syndicat Mixte pour la Protection et la Gestion des Nappes Souterraines de la Plaine du Roussillon  (20001584000016),2.685378283,42.685696389,2025-02-18T03:21,2025-02-18T15:24,43345.11,0.0,27.19,8.72,77,1010.5,19.9,0.143,33.2
2934,10906X0039/C2-1,BSS002MNYD,2025-02-19,101.04,Valeur mesurée,Syndicat Mixte pour la Protection et la Gestion des Nappes Souterraines de la Plaine du Roussillon  (20001584000016),2.685378283,42.685696389,2025-02-19T03:21,2025-02-19T15:24,43352.97,0.0,26.46,8.36,35,1010.0,15.1,0.143,33.3
2935,10906X0039/C2-1,BSS002MNYD,2025-02-20,101.0,Valeur mesurée,Syndicat Mixte pour la Protection et la Gestion des Nappes Souterraines de la Plaine du Roussillon  (20001584000016),2.685378283,42.685696389,2025-02-20T03:21,2025-02-20T15:24,43360.91,0.0,26.94,8.97,22,1008.8,18.3,0.144,33.5
2936,10906X0039/C2-1,BSS002MNYD,2025-02-21,100.97,Valeur mesurée,Syndicat Mixte pour la Protection et la Gestion des Nappes Souterraines de la Plaine du Roussillon  (20001584000016),2.685378283,42.685696389,2025-02-21T03:21,2025-02-21T15:24,43368.95,0.0,26.31,8.75,40,1009.4,20.1,0.144,33.6
2937,10906X0039/C2-1,BSS002MNYD,2025-02-22,100.93,Valeur mesurée,Syndicat Mixte pour la Protection et la Gestion des Nappes Souterraines de la Plaine du Roussillon  (20001584000016),2.685378283,42.685696389,2025-02-22T03:21,2025-02-22T15:24,43377.07,0.0,25.92,8.87,37,1010.9,20.3,0.143,33.6
2938,10906X0039/C2-1,BSS002MNYD,2025-02-23,100.93,Valeur mesurée,Syndicat Mixte pour la Protection et la Gestion des Nappes Souterraines de la Plaine du Roussillon  (20001584000016),2.685378283,42.685696389,2025-02-23T03:20,2025-02-23T15:24,43385.26,0.0,25.12,8.56,42,1010.8,19.3,0.144,33.6
2939,10906X0039/C2-1,BSS002MNYD,2025-02-24,101.02,Valeur mesurée,Syndicat Mixte pour la Protection et la Gestion des Nappes Souterraines de la Plaine du Roussillon  (20001584000016),2.685378283,42.685696389,2025-02-24T03:20,2025-02-24T15:23,43393.51,0.0,27.12,9.31,59,1011.2,19.6,0.144,33.7
2940,10906X0039/C2-1,BSS002MNYD,2025-02-25,101.1,Valeur mesurée,Syndicat Mixte pour la Protection et la Gestion des Nappes Souterraines de la Plaine du Roussillon  (20001584000016),2.685378283,42.685696389,2025-02-25T03:20,2025-02-25T15:23,43401.83,0.0,27.44,9.6,35,1010.8,21.2,0.144,33.7
2941,10906X0039/C2-1,BSS002MNYD,2025-02-26,101.14,Valeur mesurée,Syndicat Mixte pour la Protection et la Gestion des Nappes Souterraines de la Plaine du Roussillon  (20001584000016),2.685378283,42.685696389,2025-02-26T03:20,2025-02-26T15:23,43410.19,0.0,27.4,9.23,21,1011.0,20.6,0.144,33.8
2942,10906X0039/C2-1,BSS002MNYD,2025-02-27,101.14,Valeur mesurée,Syndicat Mixte pour la Protection et la Gestion des Nappes Souterraines de la Plaine du Roussillon  (20001584000016),2.685378283,42.685696389,2025-02-27T03:20,2025-02-27T15:23,43418.6,0.0,26.99,8.98,4,1010.9,19.0,0.143,33.9
2943,10906X0039/C2-1,BSS002MNYD,2025-02-28,101.1,Valeur mesurée,Syndicat Mixte pour la Protection et la Gestion des Nappes Souterraines de la Plaine du Roussillon  (20001584000016),2.685378283,42.685696389,2025-02-28T03:19,2025-02-28T15:23,43427.06,0.0,25.3,8.09,39,1010.0,15.9,0.143,34.0
2944,10906X0039/C2-1,BSS002MNYD,2025-03-01,101.08,Valeur mesurée,Syndicat Mixte pour la Protection et la Gestion des Nappes Souterraines de la Plaine du Roussillon  (20001584000016),2.685378283,42.685696389,2025-03-01T03:19,2025-03-01T15:23,43435.54,0.0,25.52,8.18,32,1008.9,17.5,0.143,34.2
2945,10906X0039/C2-1,BSS002MNYD,2025-03-02,101.1,Valeur mesurée,Syndicat Mixte pour la Protection et la Gestion des Nappes Souterraines de la Plaine du Roussillon  (20001584000016),2.685378283,42.685696389,2025-03-02T03:19,2025-03-02T15:23,43444.05,0.0,26.82,7.83,36,1009.4,16.2,0.143,34.2
2946,10906X0039/C2-1,BSS002MNYD,2025-03-03,101.13,Valeur mesurée,Syndicat Mixte pour la Protection et la Gestion des Nappes Souterraines de la Plaine du Roussillon  (20001584000016),2.685378283,42.685696389,2025-03-03T03:18,2025-03-03T15:23,43452.58,0.0,24.87,7.38,70,1009.3,15.9,0.143,34.2
2947,10906X0039/C2-1,BSS002MNYD,2025-03-04,101.14,Valeur mesurée,Syndicat Mixte pour la Protection et la Gestion des Nappes Souterraines de la Plaine du Roussillon  (20001584000016),2.685378283,42.685696389,2025-03-04T03:18,2025-03-04T15:23,43461.12,0.0,24.38,6.97,63,1009.9,15.8,0.143,34.1
2948,10906X0039/C2-1,BSS002MNYD,2025-03-05,101.19,Valeur mesurée,Syndicat Mixte pour la Protection et la Gestion des Nappes Souterraines de la Plaine du Roussillon  (20001584000016),2.685378283,42.685696389,2025-03-05T03:18,2025-03-05T15:22,43469.67,0.0,24.87,7.18,34,1009.9,16.3,0.143,34.1
2949,10906X0039/C2-1,BSS002MNYD,2025-03-06,101.28,Valeur mesurée,Syndicat Mixte pour la Protection et la Gestion des Nappes Souterraines de la Plaine du Roussillon  (20001584000016),2.685378283,42.685696389,2025-03-06T03:18,2025-03-06T15:22,43478.21,0.0,25.69,7.59,20,1010.1,16.4,0.143,34.1
2950,10906X0039/C2-1,BSS002MNYD,2025-03-07,101.31,Valeur mesurée,Syndicat Mixte pour la Protection et la Gestion des Nappes Souterraines de la Plaine du Roussillon  (20001584000016),2.685378283,42.685696389,2025-03-07T03:17,2025-03-07T15:22,43486.75,0.2,24.63,6.68,54,1009.5,13.9,0.143,34.2
2951,10906X0039/C2-1,BSS002MNYD,2025-03-08,101.31,Valeur mesurée,Syndicat Mixte pour la Protection et la Gestion des Nappes Souterraines de la Plaine du Roussillon  (20001584000016),2.685378283,42.685696389,2025-03-08T03:17,2025-03-08T15:22,43495.29,0.1,19.46,6.07,80,1008.1,16.1,0.144,34.0
2952,10906X0039/C2-1,BSS002MNYD,2025-03-09,101.35,Valeur mesurée,Syndicat Mixte pour la Protection et la Gestion des Nappes Souterraines de la Plaine du Roussillon  (20001584000016),2.685378283,42.685696389,2025-03-09T03:17,2025-03-09T15:22,43503.89,1.9,21.21,6.04,94,1008.3,15.2,0.143,33.9
2953,10906X0039/C2-1,BSS002MNYD,2025-03-10,101.52,Valeur mesurée,Syndicat Mixte pour la Protection et la Gestion des Nappes Souterraines de la Plaine du Roussillon  (20001584000016),2.685378283,42.685696389,2025-03-10T03:16,2025-03-10T15:22,43512.56,0.3,21.58,6.5,93,1009.0,17.4,0.143,33.9
2954,10906X0039/C2-1,BSS002MNYD,2025-03-11,101.61,Valeur mesurée,Syndicat Mixte pour la Protection et la Gestion des Nappes Souterraines de la Plaine du Roussillon  (20001584000016),2.685378283,42.685696389,2025-03-11T03:16,2025-03-11T15:21,43521.29,0.0,24.32,7.52,74,1008.8,16.2,0.144,34.0
2955,10906X0039/C2-1,BSS002MNYD,2025-03-12,101.63,Valeur mesurée,Syndicat Mixte pour la Protection et la Gestion des Nappes Souterraines de la Plaine du Roussillon  (20001584000016),2.685378283,42.685696389,2025-03-12T03:16,2025-03-12T15:21,43530.08,0.0,24.25,7.12,68,1009.1,16.6,0.144,34.0
2956,10906X0039/C2-1,BSS002MNYD,2025-03-13,101.65,Valeur mesurée,Syndicat Mixte pour la Protection et la Gestion des Nappes Souterraines de la Plaine du Roussillon  (20001584000016),2.685378283,42.685696389,2025-03-13T03:15,2025-03-13T15:21,43538.92,0.0,24.98,7.25,33,1009.1,13.3,0.144,34.1
2957,10906X0039/C2-1,BSS002MNYD,2025-03-14,101.66,Valeur mesurée,Syndicat Mixte pour la Protection et la Gestion des Nappes Souterraines de la Plaine du Roussillon  (20001584000016),2.685378283,42.685696389,2025-03-14T03:15,2025-03-14T15:21,43547.8,0.0,27.57,8.7,20,1007.5,16.4,0.144,34.2
2958,10906X0039/C2-1,BSS002MNYD,2025-03-15,101.68,Valeur mesurée,Syndicat Mixte pour la Protection et la Gestion des Nappes Souterraines de la Plaine du Roussillon  (20001584000016),2.685378283,42.685696389,2025-03-15T03:15,2025-03-15T15:21,43556.73,0.0,24.26,7.59,50,1009.1,16.2,0.146,34.3
2959,10906X0039/C2-1,BSS002MNYD,2025-03-16,101.7,Valeur mesurée,Syndicat Mixte pour la Protection et la Gestion des Nappes Souterraines de la Plaine du Roussillon  (20001584000016),2.685378283,42.685696389,2025-03-16T03:14,2025-03-16T15:20,43565.68,7.6,22.96,6.34,67,1010.3,15.5,0.15,34.1
2960,10906X0039/C2-1,BSS002MNYD,2025-03-17,101.7,Valeur mesurée,Syndicat Mixte pour la Protection et la Gestion des Nappes Souterraines de la Plaine du Roussillon  (20001584000016),2.685378283,42.685696389,2025-03-17T03:14,2025-03-17T15:20,43574.67,0.4,22.86,5.78,45,1011.0,11.0,0.151,33.9
2961,10906X0039/C2-1,BSS002MNYD,2025-03-18,101.71,Valeur mesurée,Syndicat Mixte pour la Protection et la Gestion des Nappes Souterraines de la Plaine du Roussillon  (20001584000016),2.685378283,42.685696389,2025-03-18T03:14,2025-03-18T15:20,43583.67,0.0,25.01,7.18,37,1009.9,14.0,0.149,34.0
2962,10906X0039/C2-1,BSS002MNYD,2025-03-19,101.73,Valeur mesurée,Syndicat Mixte pour la Protection et la Gestion des Nappes Souterraines de la Plaine du Roussillon  (20001584000016),2.685378283,42.685696389,2025-03-19T03:13,2025-03-19T15:20,43592.7,0.2,24.21,6.66,54,1011.2,11.7,0.148,34.1
2963,10906X0039/C2-1,BSS002MNYD,2025-03-20,101.72,Valeur mesurée,Syndicat Mixte pour la Protection et la Gestion des Nappes Souterraines de la Plaine du Roussillon  (20001584000016),2.685378283,42.685696389,2025-03-20T03:13,2025-03-20T15:19,43601.73,3.3,22.92,6.14,82,1013.1,11.3,0.146,34.2
2964,10906X0039/C2-1,BSS002MNYD,2025-03-21,101.67,Valeur mesurée,Syndicat Mixte pour la Protection et la Gestion des Nappes Souterraines de la Plaine du Roussillon  (20001584000016),2.685378283,42.685696389,2025-03-21T03:12,2025-03-21T15:19,43610.77,0.6,22.99,6.31,67,1012.9,11.9,0.14,34.2
2965,10906X0039/C2-1,BSS002MNYD,2025-03-22,101.61,Valeur mesurée,Syndicat Mixte pour la Protection et la Gestion des Nappes Souterraines de la Plaine du Roussillon  (20001584000016),2.685378283,42.685696389,2025-03-22T03:12,2025-03-22T15:19,43619.8,0.0,24.73,7.29,30,1010.5,13.8,0.139,34.4
2966,10906X0039/C2-1,BSS002MNYD,2025-03-23,101.57,Valeur mesurée,Syndicat Mixte pour la Protection et la Gestion des Nappes Souterraines de la Plaine du Roussillon  (20001584000016),2.685378283,42.685696389,2025-03-23T03:12,2025-03-23T15:19,43628.82,0.0,25.14,7.65,61,1010.3,17.7,0.142,34.4
2967,10906X0039/C2-1,BSS002MNYD,2025-03-24,101.52,Valeur mesurée,Syndicat Mixte pour la Protection et la Gestion des Nappes Souterraines de la Plaine du Roussillon  (20001584000016),2.685378283,42.685696389,2025-03-24T03:11,2025-03-24T15:19,43637.83,14.8,21.14,5.37,84,1012.5,12.7,0.148,34.1
2968,10906X0039/C2-1,BSS002MNYD,2025-04-03,101.86,Valeur mesurée,Syndicat Mixte pour la Protection et la Gestion des Nappes Souterraines de la Plaine du Roussillon  (20001584000016),2.685378283,42.685696389,2025-04-03T03:08,2025-04-03T15:16,43727.58,0.0,24.05,6.1,51,1010.6,12.7,0.151,32.4
2969,10906X0039/C2-1,BSS002MNYD,2025-04-04,101.87,Valeur mesurée,Syndicat Mixte pour la Protection et la Gestion des Nappes Souterraines de la Plaine du Roussillon  (20001584000016),2.685378283,42.685696389,2025-04-04T03:07,2025-04-04T15:16,43736.64,0.1,21.96,5.51,52,1010.5,10.2,0.149,32.3
2970,10906X0039/C2-1,BSS002MNYD,2025-04-05,101.89,Valeur mesurée,Syndicat Mixte pour la Protection et la Gestion des Nappes Souterraines de la Plaine du Roussillon  (20001584000016),2.685378283,42.685696389,2025-04-05T03:07,2025-04-05T15:16,43745.7,0.5,23.3,6.49,80,1010.2,13.7,0.142,32.3
2971,10906X0039/C2-1,BSS002MNYD,2025-04-06,101.93,Valeur mesurée,Syndicat Mixte pour la Protection et la Gestion des Nappes Souterraines de la Plaine du Roussillon  (20001584000016),2.685378283,42.685696389,2025-04-06T03:06,2025-04-06T15:16,43754.76,0.1,24.84,6.73,74,1010.8,14.6,0.141,32.2
2972,10906X0039/C2-1,BSS002MNYD,2025-04-07,101.93,Valeur mesurée,Syndicat Mixte pour la Protection et la Gestion des Nappes Souterraines de la Plaine du Roussillon  (20001584000016),2.685378283,42.685696389,2025-04-07T03:06,2025-04-07T15:16,43763.81,0.0,24.22,6.12,100,1011.5,9.9,0.141,32.4
2973,10906X0039/C2-1,BSS002MNYD,2025-04-08,101.92,Valeur mesurée,Syndicat Mixte pour la Protection et la Gestion des Nappes Souterraines de la Plaine du Roussillon  (20001584000016),2.685378283,42.685696389,2025-04-08T03:06,2025-04-08T15:15,43772.84,0.0,22.45,6.02,83,1012.5,13.3,0.137,32.4
2974,10906X0039/C2-1,BSS002MNYD,2025-04-09,101.95,Valeur mesurée,Syndicat Mixte pour la Protection et la Gestion des Nappes Souterraines de la Plaine du Roussillon  (20001584000016),2.685378283,42.685696389,2025-04-09T03:05,2025-04-09T15:15,43781.85,1.8,18.69,4.56,64,1012.5,11.0,0.14,32.2
2975,10906X0039/C2-1,BSS002MNYD,2025-04-10,101.99,Valeur mesurée,Syndicat Mixte pour la Protection et la Gestion des Nappes Souterraines de la Plaine du Roussillon  (20001584000016),2.685378283,42.685696389,2025-04-10T03:05,2025-04-10T15:15,43790.83,1.7,19.59,4.74,53,1010.8,11.1,0.137,31.9
2976,10906X0039/C2-1,BSS002MNYD,2025-04-11,102.03,Valeur mesurée,Syndicat Mixte pour la Protection et la Gestion des Nappes Souterraines de la Plaine du Roussillon  (20001584000016),2.685378283,42.685696389,2025-04-11T03:05,2025-04-11T15:15,43799.77,0.1,24.27,5.89,35,1009.0,12.5,0.138,31.9
2977,10906X0039/C2-1,BSS002MNYD,2025-04-12,102.04,Valeur mesurée,Syndicat Mixte pour la Protection et la Gestion des Nappes Souterraines de la Plaine du Roussillon  (20001584000016),2.685378283,42.685696389,2025-04-12T03:04,2025-04-12T15:15,43808.67,0.4,22.78,5.76,60,1009.9,14.7,0.135,31.9
2978,10906X0039/C2-1,BSS002MNYD,2025-04-13,102.04,Valeur mesurée,Syndicat Mixte pour la Protection et la Gestion des Nappes Souterraines de la Plaine du Roussillon  (20001584000016),2.685378283,42.685696389,2025-04-13T03:04,2025-04-13T15:14,43817.51,14.3,16.97,3.99,100,1012.5,9.3,0.136,31.6
2979,10906X0039/C2-1,BSS002MNYD,2025-04-14,102.04,Valeur mesurée,Syndicat Mixte pour la Protection et la Gestion des Nappes Souterraines de la Plaine du Roussillon  (20001584000016),2.685378283,42.685696389,2025-04-14T03:04,2025-04-14T15:14,43826.3,1.9,24.3,5.39,92,1012.3,6.8,0.146,31.4
2980,10906X0039/C2-1,BSS002MNYD,2025-04-15,102.05,Valeur mesurée,Syndicat Mixte pour la Protection et la Gestion des Nappes Souterraines de la Plaine du Roussillon  (20001584000016),2.685378283,42.685696389,2025-04-15T03:03,2025-04-15T15:14,43835.02,6.4,19.72,4.68,67,1011.6,10.2,0.142,31.4
2981,10906X0039/C2-1,BSS002MNYD,2025-04-16,102.06,Valeur mesurée,Syndicat Mixte pour la Protection et la Gestion des Nappes Souterraines de la Plaine du Roussillon  (20001584000016),2.685378283,42.685696389,2025-04-16T03:03,2025-04-16T15:14,43843.67,21.7,13.29,2.76,90,1012.8,5.9,0.148,30.9
2982,10906X0039/C2-1,BSS002MNYD,2025-04-17,102.06,Valeur mesurée,Syndicat Mixte pour la Protection et la Gestion des Nappes Souterraines de la Plaine du Roussillon  (20001584000016),2.685378283,42.685696389,2025-04-17T03:03,2025-04-17T15:14,43852.25,8.1,17.38,3.62,94,1012.0,7.7,0.153,30.7
2983,10906X0039/C2-1,BSS002MNYD,2025-04-18,102.09,Valeur mesurée,Syndicat Mixte pour la Protection et la Gestion des Nappes Souterraines de la Plaine du Roussillon  (20001584000016),2.685378283,42.685696389,2025-04-18T03:03,2025-04-18T15:14,43860.82,8.5,18.99,4.0,98,1011.1,8.7,0.153,30.6
2984,10906X0039/C2-1,BSS002MNYD,2025-04-19,102.11,Valeur mesurée,Syndicat Mixte pour la Protection et la Gestion des Nappes Souterraines de la Plaine du Roussillon  (20001584000016),2.685378283,42.685696389,2025-04-19T03:02,2025-04-19T15:13,43869.39,0.8,20.05,4.25,83,1010.8,9.0,0.149,30.4
2985,10906X0039/C2-1,BSS002MNYD,2025-04-20,102.12,Valeur mesurée,Syndicat Mixte pour la Protection et la Gestion des Nappes Souterraines de la Plaine du Roussillon  (20001584000016),2.685378283,42.685696389,2025-04-20T03:02,2025-04-20T15:13,43877.96,4.0,19.28,4.08,75,1010.8,8.6,0.15,30.4
2986,10906X0039/C2-1,BSS002MNYD,2025-04-21,102.15,Valeur mesurée,Syndicat Mixte pour la Protection et la Gestion des Nappes Souterraines de la Plaine du Roussillon  (20001584000016),2.685378283,42.685696389,2025-04-21T03:02,2025-04-21T15:13,43886.5,11.2,16.53,3.4,98,1011.6,6.9,0.15,30.2
2987,10906X0039/C2-1,BSS002MNYD,2025-04-22,102.17,Valeur mesurée,Syndicat Mixte pour la Protection et la Gestion des Nappes Souterraines de la Plaine du Roussillon  (20001584000016),2.685378283,42.685696389,2025-04-22T03:01,2025-04-22T15:13,43895.03,11.7,19.56,4.27,74,1012.0,8.5,0.151,30.1
2988,10906X0039/C2-1,BSS002MNYD,2025-04-23,102.19,Valeur mesurée,Syndicat Mixte pour la Protection et la Gestion des Nappes Souterraines de la Plaine du Roussillon  (20001584000016),2.685378283,42.685696389,2025-04-23T03:01,2025-04-23T15:13,43903.52,0.4,22.05,5.09,63,1012.0,10.9,0.146,30.1
2989,10906X0039/C2-1,BSS002MNYD,2025-04-24,102.21,Valeur mesurée,Syndicat Mixte pour la Protection et la Gestion des Nappes Souterraines de la Plaine du Roussillon  (20001584000016),2.685378283,42.685696389,2025-04-24T03:01,2025-04-24T15:13,43911.98,1.4,21.23,4.5,39,1012.0,8.3,0.145,30.1
2990,10906X0039/C2-1,BSS002MNYD,2025-04-25,102.23,Valeur mesurée,Syndicat Mixte pour la Protection et la Gestion des Nappes Souterraines de la Plaine du Roussillon  (20001584000016),2.685378283,42.685696389,2025-04-25T03:01,2025-04-25T15:13,43920.39,0.0,24.57,5.41,9,1011.2,11.5,0.144,30.1
2991,10906X0039/C2-1,BSS002MNYD,2025-04-26,102.26,Valeur mesurée,Syndicat Mixte pour la Protection et la Gestion des Nappes Souterraines de la Plaine du Roussillon  (20001584000016),2.685378283,42.685696389,2025-04-26T03:00,2025-04-26T15:13,43928.76,0.3,23.34,5.41,48,1010.7,14.5,0.141,30.2
2992,10906X0039/C2-1,BSS002MNYD,2025-04-27,102.29,Valeur mesurée,Syndicat Mixte pour la Protection et la Gestion des Nappes Souterraines de la Plaine du Roussillon  (20001584000016),2.685378283,42.685696389,2025-04-27T03:00,2025-04-27T15:13,43937.06,0.3,24.08,5.36,48,1010.5,11.0,0.139,30.3
2993,10906X0039/C2-1,BSS002MNYD,2025-04-28,102.33,Valeur mesurée,Syndicat Mixte pour la Protection et la Gestion des Nappes Souterraines de la Plaine du Roussillon  (20001584000016),2.685378283,42.685696389,2025-04-28T03:00,2025-04-28T15:12,43945.31,0.3,22.37,5.21,92,1009.4,11.6,0.133,30.5
2994,10906X0039/C2-1,BSS002MNYD,2025-04-29,102.36,Valeur mesurée,Syndicat Mixte pour la Protection et la Gestion des Nappes Souterraines de la Plaine du Roussillon  (20001584000016),2.685378283,42.685696389,2025-04-29T03:00,2025-04-29T15:12,43953.48,1.0,17.21,4.13,87,1009.4,12.0,0.13,30.4
2995,10906X0039/C2-1,BSS002MNYD,2025-04-30,102.4,Valeur mesurée,Syndicat Mixte pour la Protection et la Gestion des Nappes Souterraines de la Plaine du Roussillon  (20001584000016),2.685378283,42.685696389,2025-04-30T03:00,2025-04-30T15:12,43961.57,1.1,22.66,5.17,78,1010.1,9.0,0.128,30.4
2996,10906X0039/C2-1,BSS002MNYD,2025-05-01,102.47,Valeur mesurée,Syndicat Mixte pour la Protection et la Gestion des Nappes Souterraines de la Plaine du Roussillon  (20001584000016),2.685378283,42.685696389,2025-05-01T02:59,2025-05-01T15:12,43969.57,0.4,23.59,5.67,53,1009.9,7.8,0.128,30.8
2997,10906X0039/C2-1,BSS002MNYD,2025-05-02,102.55,Valeur mesurée,Syndicat Mixte pour la Protection et la Gestion des Nappes Souterraines de la Plaine du Roussillon  (20001584000016),2.685378283,42.685696389,2025-05-02T02:59,2025-05-02T15:12,43977.47,2.8,19.0,4.79,74,1010.1,10.5,0.123,31.0
2998,10906X0039/C2-1,BSS002MNYD,2025-05-03,102.63,Valeur mesurée,Syndicat Mixte pour la Protection et la Gestion des Nappes Souterraines de la Plaine du Roussillon  (20001584000016),2.685378283,42.685696389,2025-05-03T02:59,2025-05-03T15:12,43985.28,8.6,18.13,4.31,100,1010.7,10.5,0.128,30.8
2999,10906X0039/C2-1,BSS002MNYD,2025-05-04,102.74,Valeur mesurée,Syndicat Mixte pour la Protection et la Gestion des Nappes Souterraines de la Plaine du Roussillon  (20001584000016),2.685378283,42.685696389,2025-05-04T02:59,2025-05-04T15:12,43992.96,26.1,13.88,2.94,100,1011.4,8.6,0.147,30.2
3000,10906X0039/C2-1,BSS002MNYD,2025-05-05,102.81,Valeur mesurée,Syndicat Mixte pour la Protection et la Gestion des Nappes Souterraines de la Plaine du Roussillon  (20001584000016),2.685378283,42.685696389,2025-05-05T02:59,2025-05-05T15:12,44000.53,5.9,15.07,3.12,96,1012.8,10.5,0.155,29.7
3001,10906X0039/C2-1,BSS002MNYD,2025-05-06,102.84,Valeur mesurée,Syndicat Mixte pour la Protection et la Gestion des Nappes Souterraines de la Plaine du Roussillon  (20001584000016),2.685378283,42.685696389,2025-05-06T02:59,2025-05-06T15:12,44007.96,4.6,18.39,3.74,77,1013.1,13.2,0.154,29.5
3002,10906X0039/C2-1,BSS002MNYD,2025-05-07,102.88,Valeur mesurée,Syndicat Mixte pour la Protection et la Gestion des Nappes Souterraines de la Plaine du Roussillon  (20001584000016),2.685378283,42.685696389,2025-05-07T02:58,2025-05-07T15:12,44015.27,1.7,19.14,4.04,96,1012.5,17.1,0.156,29.3
3003,10906X0039/C2-1,BSS002MNYD,2025-05-08,102.92,Valeur mesurée,Syndicat Mixte pour la Protection et la Gestion des Nappes Souterraines de la Plaine du Roussillon  (20001584000016),2.685378283,42.685696389,2025-05-08T02:58,2025-05-08T15:12,44022.5,1.9,16.69,3.69,92,1011.9,17.1,0.153,29.2
3004,10906X0039/C2-1,BSS002MNYD,2025-05-09,102.97,Valeur mesurée,Syndicat Mixte pour la Protection et la Gestion des Nappes Souterraines de la Plaine du Roussillon  (20001584000016),2.685378283,42.685696389,2025-05-09T02:58,2025-05-09T15:12,44029.67,0.6,17.62,3.98,98,1012.5,14.6,0.15,29.2
3005,10906X0039/C2-1,BSS002MNYD,2025-05-10,103.02,Valeur mesurée,Syndicat Mixte pour la Protection et la Gestion des Nappes Souterraines de la Plaine du Roussillon  (20001584000016),2.685378283,42.685696389,2025-05-10T02:58,2025-05-10T15:12,44036.77,1.1,19.17,4.27,93,1013.1,14.4,0.147,29.3
3006,10906X0039/C2-1,BSS002MNYD,2025-05-11,103.07,Valeur mesurée,Syndicat Mixte pour la Protection et la Gestion des Nappes Souterraines de la Plaine du Roussillon  (20001584000016),2.685378283,42.685696389,2025-05-11T02:58,2025-05-11T15:12,44043.79,0.5,22.27,5.22,26,1012.4,16.4,0.137,29.4
3007,10906X0039/C2-1,BSS002MNYD,2025-05-12,103.11,Valeur mesurée,Syndicat Mixte pour la Protection et la Gestion des Nappes Souterraines de la Plaine du Roussillon  (20001584000016),2.685378283,42.685696389,2025-05-12T02:58,2025-05-12T15:12,44050.71,0.5,22.51,5.4,61,1012.3,18.5,0.135,29.5
3008,10906X0039/C2-1,BSS002MNYD,2025-05-13,103.12,Valeur mesurée,Syndicat Mixte pour la Protection et la Gestion des Nappes Souterraines de la Plaine du Roussillon  (20001584000016),2.685378283,42.685696389,2025-05-13T02:58,2025-05-13T15:12,44057.55,1.0,17.75,4.21,50,1012.9,18.0,0.133,29.5
3009,10906X0039/C2-1,BSS002MNYD,2025-05-14,103.15,Valeur mesurée,Syndicat Mixte pour la Protection et la Gestion des Nappes Souterraines de la Plaine du Roussillon  (20001584000016),2.685378283,42.685696389,2025-05-14T02:58,2025-05-14T15:12,44064.29,1.2,20.05,4.89,55,1012.8,18.6,0.133,29.5
3010,10906X0039/C2-1,BSS002MNYD,2025-05-15,103.18,Valeur mesurée,Syndicat Mixte pour la Protection et la Gestion des Nappes Souterraines de la Plaine du Roussillon  (20001584000016),2.685378283,42.685696389,2025-05-15T02:58,2025-05-15T15:12,44070.91,0.2,20.42,5.13,53,1012.3,18.8,0.133,29.5
3011,10906X0039/C2-1,BSS002MNYD,2025-05-16,103.2,Valeur mesurée,Syndicat Mixte pour la Protection et la Gestion des Nappes Souterraines de la Plaine du Roussillon  (20001584000016),2.685378283,42.685696389,2025-05-16T02:58,2025-05-16T15:12,44077.42,0.1,21.63,5.6,37,1011.6,19.5,0.129,29.6
3012,10906X0039/C2-1,BSS002MNYD,2025-05-17,103.23,Valeur mesurée,Syndicat Mixte pour la Protection et la Gestion des Nappes Souterraines de la Plaine du Roussillon  (20001584000016),2.685378283,42.685696389,2025-05-17T02:58,2025-05-17T15:13,44083.81,1.1,18.63,4.79,79,1011.6,19.1,0.131,29.5
3013,10906X0039/C2-1,BSS002MNYD,2025-05-18,103.29,Valeur mesurée,Syndicat Mixte pour la Protection et la Gestion des Nappes Souterraines de la Plaine du Roussillon  (20001584000016),2.685378283,42.685696389,2025-05-18T02:58,2025-05-18T15:13,44090.07,1.8,20.46,5.1,28,1010.8,16.3,0.133,29.5
3014,10906X0039/C2-1,BSS002MNYD,2025-05-19,103.34,Valeur mesurée,Syndicat Mixte pour la Protection et la Gestion des Nappes Souterraines de la Plaine du Roussillon  (20001584000016),2.685378283,42.685696389,2025-05-19T02:58,2025-05-19T15:13,44096.19,0.0,19.59,5.24,30,1010.3,18.1,0.128,29.6
3015,10906X0039/C2-1,BSS002MNYD,2025-05-20,103.37,Valeur mesurée,Syndicat Mixte pour la Protection et la Gestion des Nappes Souterraines de la Plaine du Roussillon  (20001584000016),2.685378283,42.685696389,2025-05-20T02:58,2025-05-20T15:13,44102.17,0.5,22.04,6.02,45,1010.2,19.0,0.127,29.7
3016,10906X0039/C2-1,BSS002MNYD,2025-05-21,103.41,Valeur mesurée,Syndicat Mixte pour la Protection et la Gestion des Nappes Souterraines de la Plaine du Roussillon  (20001584000016),2.685378283,42.685696389,2025-05-21T02:58,2025-05-21T15:13,44107.99,0.2,22.07,6.04,75,1011.2,19.5,0.127,29.9
3017,10906X0039/C2-1,BSS002MNYD,2025-05-22,103.45,Valeur mesurée,Syndicat Mixte pour la Protection et la Gestion des Nappes Souterraines de la Plaine du Roussillon  (20001584000016),2.685378283,42.685696389,2025-05-22T02:58,2025-05-22T15:13,44113.65,1.5,19.3,5.33,92,1012.5,20.4,0.126,29.9
3018,10906X0039/C2-1,BSS002MNYD,2025-05-23,103.46,Valeur mesurée,Syndicat Mixte pour la Protection et la Gestion des Nappes Souterraines de la Plaine du Roussillon  (20001584000016),2.685378283,42.685696389,2025-05-23T02:58,2025-05-23T15:13,44119.15,0.3,21.42,6.4,95,1012.4,23.0,0.125,29.9
3019,10906X0039/C2-1,BSS002MNYD,2025-05-24,103.49,Valeur mesurée,Syndicat Mixte pour la Protection et la Gestion des Nappes Souterraines de la Plaine du Roussillon  (20001584000016),2.685378283,42.685696389,2025-05-24T02:58,2025-05-24T15:13,44124.47,0.2,20.37,6.17,92,1012.3,24.8,0.123,29.9
3020,10906X0039/C2-1,BSS002MNYD,2025-05-25,103.52,Valeur mesurée,Syndicat Mixte pour la Protection et la Gestion des Nappes Souterraines de la Plaine du Roussillon  (20001584000016),2.685378283,42.685696389,2025-05-25T02:58,2025-05-25T15:13,44129.6,0.8,21.72,6.11,70,1013.5,23.5,0.123,30.0
3021,10906X0039/C2-1,BSS002MNYD,2025-05-26,103.54,Valeur mesurée,Syndicat Mixte pour la Protection et la Gestion des Nappes Souterraines de la Plaine du Roussillon  (20001584000016),2.685378283,42.685696389,2025-05-26T02:58,2025-05-26T15:14,44134.55,0.0,21.86,5.93,84,1014.4,19.5,0.122,30.0
3022,10906X0039/C2-1,BSS002MNYD,2025-05-27,103.57,Valeur mesurée,Syndicat Mixte pour la Protection et la Gestion des Nappes Souterraines de la Plaine du Roussillon  (20001584000016),2.685378283,42.685696389,2025-05-27T02:58,2025-05-27T15:14,44139.3,2.2,18.94,5.21,98,1014.6,22.3,0.121,30.0
3023,10906X0039/C2-1,BSS002MNYD,2025-05-28,103.6,Valeur mesurée,Syndicat Mixte pour la Protection et la Gestion des Nappes Souterraines de la Plaine du Roussillon  (20001584000016),2.685378283,42.685696389,2025-05-28T02:58,2025-05-28T15:14,44143.9,0.1,21.92,6.44,63,1015.4,22.3,0.12,30.1
3024,10906X0039/C2-1,BSS002MNYD,2025-05-29,103.61,Valeur mesurée,Syndicat Mixte pour la Protection et la Gestion des Nappes Souterraines de la Plaine du Roussillon  (20001584000016),2.685378283,42.685696389,2025-05-29T02:58,2025-05-29T15:14,44148.34,0.6,20.66,6.29,86,1015.8,22.3,0.119,30.1
3025,10906X0039/C2-1,BSS002MNYD,2025-05-30,103.63,Valeur mesurée,Syndicat Mixte pour la Protection et la Gestion des Nappes Souterraines de la Plaine du Roussillon  (20001584000016),2.685378283,42.685696389,2025-05-30T02:58,2025-05-30T15:14,44152.64,0.0,19.61,6.03,92,1014.9,21.1,0.119,30.1
3026,10906X0039/C2-1,BSS002MNYD,2025-05-31,103.64,Valeur mesurée,Syndicat Mixte pour la Protection et la Gestion des Nappes Souterraines de la Plaine du Roussillon  (20001584000016),2.685378283,42.685696389,2025-05-31T02:58,2025-05-31T15:14,44156.78,0.8,20.78,5.78,92,1015.1,20.7,0.118,30.1
3027,10906X0039/C2-1,BSS002MNYD,2025-06-01,103.65,Valeur mesurée,Syndicat Mixte pour la Protection et la Gestion des Nappes Souterraines de la Plaine du Roussillon  (20001584000016),2.685378283,42.685696389,2025-06-01T02:59,2025-06-01T15:15,44160.75,1.0,20.88,5.7,96,1015.7,18.2,0.116,30.1
3028,10906X0039/C2-1,BSS002MNYD,2025-06-02,103.68,Valeur mesurée,Syndicat Mixte pour la Protection et la Gestion des Nappes Souterraines de la Plaine du Roussillon  (20001584000016),2.685378283,42.685696389,2025-06-02T02:59,2025-06-02T15:15,44164.56,0.1,20.61,6.19,52,1014.3,20.6,0.116,30.1
3029,10906X0039/C2-1,BSS002MNYD,2025-06-03,103.74,Valeur mesurée,Syndicat Mixte pour la Protection et la Gestion des Nappes Souterraines de la Plaine du Roussillon  (20001584000016),2.685378283,42.685696389,2025-06-03T02:59,2025-06-03T15:15,44168.2,0.0,19.82,6.49,89,1013.4,21.1,0.115,30.2
3030,10906X0039/C2-1,BSS002MNYD,2025-06-04,103.79,Valeur mesurée,Syndicat Mixte pour la Protection et la Gestion des Nappes Souterraines de la Plaine du Roussillon  (20001584000016),2.685378283,42.685696389,2025-06-04T02:59,2025-06-04T15:15,44171.66,0.3,19.93,6.03,93,1013.3,19.9,0.112,30.3
3031,10906X0039/C2-1,BSS002MNYD,2025-06-05,103.82,Valeur mesurée,Syndicat Mixte pour la Protection et la Gestion des Nappes Souterraines de la Plaine du Roussillon  (20001584000016),2.685378283,42.685696389,2025-06-05T02:59,2025-06-05T15:15,44174.95,0.8,14.19,4.57,85,1014.7,19.4,0.111,30.2
3032,10906X0039/C2-1,BSS002MNYD,2025-06-06,103.84,Valeur mesurée,Syndicat Mixte pour la Protection et la Gestion des Nappes Souterraines de la Plaine du Roussillon  (20001584000016),2.685378283,42.685696389,2025-06-06T02:59,2025-06-06T15:16,44178.05,0.7,18.0,5.45,77,1015.3,20.5,0.111,30.1
3033,10906X0039/C2-1,BSS002MNYD,2025-06-07,103.86,Valeur mesurée,Syndicat Mixte pour la Protection et la Gestion des Nappes Souterraines de la Plaine du Roussillon  (20001584000016),2.685378283,42.685696389,2025-06-07T03:00,2025-06-07T15:16,44180.96,0.0,19.66,5.6,38,1015.0,20.6,0.111,30.0
3034,10906X0039/C2-1,BSS002MNYD,2025-06-08,103.87,Valeur mesurée,Syndicat Mixte pour la Protection et la Gestion des Nappes Souterraines de la Plaine du Roussillon  (20001584000016),2.685378283,42.685696389,2025-06-08T03:00,2025-06-08T15:16,44183.69,0.1,20.12,5.7,40,1014.3,20.2,0.11,30.1
3035,10906X0039/C2-1,BSS002MNYD,2025-06-09,103.88,Valeur mesurée,Syndicat Mixte pour la Protection et la Gestion des Nappes Souterraines de la Plaine du Roussillon  (20001584000016),2.685378283,42.685696389,2025-06-09T03:00,2025-06-09T15:16,44186.21,0.4,17.46,4.9,73,1014.2,19.4,0.111,30.0
3036,10906X0039/C2-1,BSS002MNYD,2025-06-10,103.9,Valeur mesurée,Syndicat Mixte pour la Protection et la Gestion des Nappes Souterraines de la Plaine du Roussillon  (20001584000016),2.685378283,42.685696389,2025-06-10T03:00,2025-06-10T15:17,44188.54,1.4,18.29,5.08,41,1013.4,21.0,0.112,29.9
3037,10906X0039/C2-1,BSS002MNYD,2025-06-11,103.91,Valeur mesurée,Syndicat Mixte pour la Protection et la Gestion des Nappes Souterraines de la Plaine du Roussillon  (20001584000016),2.685378283,42.685696389,2025-06-11T03:00,2025-06-11T15:17,44190.66,0.3,19.36,5.94,65,1012.9,22.0,0.11,29.8
3038,10906X0039/C2-1,BSS002MNYD,2025-06-12,103.91,Valeur mesurée,Syndicat Mixte pour la Protection et la Gestion des Nappes Souterraines de la Plaine du Roussillon  (20001584000016),2.685378283,42.685696389,2025-06-12T03:00,2025-06-12T15:17,44192.57,1.9,14.62,4.19,78,1013.2,22.5,0.11,29.7
3039,10906X0039/C2-1,BSS002MNYD,2025-06-13,103.93,Valeur mesurée,Syndicat Mixte pour la Protection et la Gestion des Nappes Souterraines de la Plaine du Roussillon  (20001584000016),2.685378283,42.685696389,2025-06-13T03:01,2025-06-13T15:17,44194.27,0.5,16.53,5.67,75,1014.6,24.4,0.111,29.5
3040,10906X0039/C2-1,BSS002MNYD,2025-06-14,103.94,Valeur mesurée,Syndicat Mixte pour la Protection et la Gestion des Nappes Souterraines de la Plaine du Roussillon  (20001584000016),2.685378283,42.685696389,2025-06-14T03:01,2025-06-14T15:17,44195.76,0.8,20.76,6.49,48,1015.2,26.0,0.111,29.5
3041,10906X0039/C2-1,BSS002MNYD,2025-06-15,103.95,Valeur mesurée,Syndicat Mixte pour la Protection et la Gestion des Nappes Souterraines de la Plaine du Roussillon  (20001584000016),2.685378283,42.685696389,2025-06-15T03:01,2025-06-15T15:18,44197.02,0.4,19.41,6.41,54,1015.1,24.7,0.111,29.5
3042,10906X0039/C2-1,BSS002MNYD,2025-06-16,103.95,Valeur mesurée,Syndicat Mixte pour la Protection et la Gestion des Nappes Souterraines de la Plaine du Roussillon  (20001584000016),2.685378283,42.685696389,2025-06-16T03:01,2025-06-16T15:18,44198.06,1.0,18.37,5.38,50,1014.7,24.4,0.109,29.5
3043,10906X0039/C2-1,BSS002MNYD,2025-06-17,103.96,Valeur mesurée,Syndicat Mixte pour la Protection et la Gestion des Nappes Souterraines de la Plaine du Roussillon  (20001584000016),2.685378283,42.685696389,2025-06-17T03:01,2025-06-17T15:18,44198.89,1.1,16.82,4.79,64,1015.1,24.5,0.108,29.3
3044,10906X0039/C2-1,BSS002MNYD,2025-06-18,103.97,Valeur mesurée,Syndicat Mixte pour la Protection et la Gestion des Nappes Souterraines de la Plaine du Roussillon  (20001584000016),2.685378283,42.685696389,2025-06-18T03:02,2025-06-18T15:18,44199.51,0.5,17.02,5.08,86,1014.8,21.8,0.108,29.3
3045,10906X0039/C2-1,BSS002MNYD,2025-06-19,103.94,Valeur mesurée,Syndicat Mixte pour la Protection et la Gestion des Nappes Souterraines de la Plaine du Roussillon  (20001584000016),2.685378283,42.685696389,2025-06-19T03:02,2025-06-19T15:18,44199.92,0.0,21.8,6.62,92,1014.7,21.6,0.108,29.4
3046,10906X0039/C2-1,BSS002MNYD,2025-06-20,103.94,Valeur mesurée,Syndicat Mixte pour la Protection et la Gestion des Nappes Souterraines de la Plaine du Roussillon  (20001584000016),2.685378283,42.685696389,2025-06-20T03:02,2025-06-20T15:19,44200.12,0.0,22.07,6.36,94,1014.5,20.5,0.11,29.6
3047,10906X0039/C2-1,BSS002MNYD,2025-06-21,103.93,Valeur mesurée,Syndicat Mixte pour la Protection et la Gestion des Nappes Souterraines de la Plaine du Roussillon  (20001584000016),2.685378283,42.685696389,2025-06-21T03:02,2025-06-21T15:19,44200.1,0.0,23.05,6.79,42,1014.0,21.0,0.111,29.6
3048,10906X0039/C2-1,BSS002MNYD,2025-06-22,103.92,Valeur mesurée,Syndicat Mixte pour la Protection et la Gestion des Nappes Souterraines de la Plaine du Roussillon  (20001584000016),2.685378283,42.685696389,2025-06-22T03:02,2025-06-22T15:19,44199.89,0.0,21.98,7.11,20,1013.8,23.4,0.11,29.7
3049,10906X0039/C2-1,BSS002MNYD,2025-06-23,103.93,Valeur mesurée,Syndicat Mixte pour la Protection et la Gestion des Nappes Souterraines de la Plaine du Roussillon  (20001584000016),2.685378283,42.685696389,2025-06-23T03:03,2025-06-23T15:19,44199.46,0.0,15.47,5.67,44,1014.3,22.7,0.11,29.6
3050,10906X0039/C2-1,BSS002MNYD,2025-06-24,103.93,Valeur mesurée,Syndicat Mixte pour la Protection et la Gestion des Nappes Souterraines de la Plaine du Roussillon  (20001584000016),2.685378283,42.685696389,2025-06-24T03:03,2025-06-24T15:20,44198.83,1.9,19.36,5.62,56,1014.3,19.6,0.109,29.6
3051,10906X0039/C2-1,BSS002MNYD,2025-06-25,103.92,Valeur mesurée,Syndicat Mixte pour la Protection et la Gestion des Nappes Souterraines de la Plaine du Roussillon  (20001584000016),2.685378283,42.685696389,2025-06-25T03:03,2025-06-25T15:20,44198.0,2.9,17.37,4.84,58,1014.2,18.2,0.107,29.6
3052,10906X0039/C2-1,BSS002MNYD,2025-06-26,103.9,Valeur mesurée,Syndicat Mixte pour la Protection et la Gestion des Nappes Souterraines de la Plaine du Roussillon  (20001584000016),2.685378283,42.685696389,2025-06-26T03:03,2025-06-26T15:20,44196.98,0.1,16.02,5.39,66,1014.1,19.8,0.105,29.5
3053,10906X0039/C2-1,BSS002MNYD,2025-06-27,103.89,Valeur mesurée,Syndicat Mixte pour la Protection et la Gestion des Nappes Souterraines de la Plaine du Roussillon  (20001584000016),2.685378283,42.685696389,2025-06-27T03:04,2025-06-27T15:20,44195.74,0.6,14.08,4.87,83,1013.9,20.4,0.105,29.4
3054,10906X0039/C2-1,BSS002MNYD,2025-06-28,103.89,Valeur mesurée,Syndicat Mixte pour la Protection et la Gestion des Nappes Souterraines de la Plaine du Roussillon  (20001584000016),2.685378283,42.685696389,2025-06-28T03:04,2025-06-28T15:20,44194.31,0.0,20.87,7.0,79,1013.8,23.3,0.108,29.5
3055,10906X0039/C2-1,BSS002MNYD,2025-06-29,103.88,Valeur mesurée,Syndicat Mixte pour la Protection et la Gestion des Nappes Souterraines de la Plaine du Roussillon  (20001584000016),2.685378283,42.685696389,2025-06-29T03:04,2025-06-29T15:21,44192.7,0.0,17.14,6.09,88,1013.8,24.9,0.111,29.5
3056,10906X0039/C2-1,BSS002MNYD,2025-06-30,103.88,Valeur mesurée,Syndicat Mixte pour la Protection et la Gestion des Nappes Souterraines de la Plaine du Roussillon  (20001584000016),2.685378283,42.685696389,2025-06-30T03:04,2025-06-30T15:21,44190.89,1.4,22.34,6.2,38,1014.2,22.2,0.111,29.5
3057,10906X0039/C2-1,BSS002MNYD,2025-07-01,103.93,Valeur mesurée,Syndicat Mixte pour la Protection et la Gestion des Nappes Souterraines de la Plaine du Roussillon  (20001584000016),2.685378283,42.685696389,2025-07-01T03:04,2025-07-01T15:21,44188.87,1.8,18.82,5.01,84,1015.2,23.4,0.113,29.3
3058,10906X0039/C2-1,BSS002MNYD,2025-07-02,103.95,Valeur mesurée,Syndicat Mixte pour la Protection et la Gestion des Nappes Souterraines de la Plaine du Roussillon  (20001584000016),2.685378283,42.685696389,2025-07-02T03:05,2025-07-02T15:21,44186.68,1.0,15.74,4.84,83,1015.5,22.0,0.114,29.2
3059,10906X0039/C2-1,BSS002MNYD,2025-07-03,103.94,Valeur mesurée,Syndicat Mixte pour la Protection et la Gestion des Nappes Souterraines de la Plaine du Roussillon  (20001584000016),2.685378283,42.685696389,2025-07-03T03:05,2025-07-03T15:21,44184.3,0.1,16.79,5.53,97,1015.2,21.9,0.114,29.1
3060,10906X0039/C2-1,BSS002MNYD,2025-07-04,103.93,Valeur mesurée,Syndicat Mixte pour la Protection et la Gestion des Nappes Souterraines de la Plaine du Roussillon  (20001584000016),2.685378283,42.685696389,2025-07-04T03:05,2025-07-04T15:21,44181.73,0.4,17.92,5.61,64,1015.2,22.5,0.114,29.1
3061,10906X0039/C2-1,BSS002MNYD,2025-07-05,103.9,Valeur mesurée,Syndicat Mixte pour la Protection et la Gestion des Nappes Souterraines de la Plaine du Roussillon  (20001584000016),2.685378283,42.685696389,2025-07-05T03:05,2025-07-05T15:22,44178.98,1.5,19.66,5.37,63,1015.0,21.4,0.115,29.1
3062,10906X0039/C2-1,BSS002MNYD,2025-07-06,103.87,Valeur mesurée,Syndicat Mixte pour la Protection et la Gestion des Nappes Souterraines de la Plaine du Roussillon  (20001584000016),2.685378283,42.685696389,2025-07-06T03:05,2025-07-06T15:22,44176.05,0.5,16.24,5.13,76,1014.7,20.6,0.113,28.9
3063,10906X0039/C2-1,BSS002MNYD,2025-07-07,103.84,Valeur mesurée,Syndicat Mixte pour la Protection et la Gestion des Nappes Souterraines de la Plaine du Roussillon  (20001584000016),2.685378283,42.685696389,2025-07-07T03:06,2025-07-07T15:22,44172.9,0.0,14.52,5.38,84,1014.9,22.0,0.112,28.9
3064,10906X0039/C2-1,BSS002MNYD,2025-07-08,103.86,Valeur mesurée,Syndicat Mixte pour la Protection et la Gestion des Nappes Souterraines de la Plaine du Roussillon  (20001584000016),2.685378283,42.685696389,2025-07-08T03:06,2025-07-08T15:22,44169.54,1.0,20.43,6.49,84,1015.5,23.5,0.112,29.1
3065,10906X0039/C2-1,BSS002MNYD,2025-07-09,103.87,Valeur mesurée,Syndicat Mixte pour la Protection et la Gestion des Nappes Souterraines de la Plaine du Roussillon  (20001584000016),2.685378283,42.685696389,2025-07-09T03:06,2025-07-09T15:22,44165.97,0.0,20.57,6.9,53,1015.4,24.5,0.112,29.2
3066,10906X0039/C2-1,BSS002MNYD,2025-07-10,103.86,Valeur mesurée,Syndicat Mixte pour la Protection et la Gestion des Nappes Souterraines de la Plaine du Roussillon  (20001584000016),2.685378283,42.685696389,2025-07-10T03:06,2025-07-10T15:22,44162.2,0.2,17.44,5.72,74,1014.6,25.6,0.113,29.1
3067,10906X0039/C2-1,BSS002MNYD,2025-07-11,103.83,Valeur mesurée,Syndicat Mixte pour la Protection et la Gestion des Nappes Souterraines de la Plaine du Roussillon  (20001584000016),2.685378283,42.685696389,2025-07-11T03:06,2025-07-11T15:22,44158.24,0.8,17.08,5.2,68,1015.0,24.5,0.113,28.9
3068,10906X0039/C2-1,BSS002MNYD,2025-07-12,103.83,Valeur mesurée,Syndicat Mixte pour la Protection et la Gestion des Nappes Souterraines de la Plaine du Roussillon  (20001584000016),2.685378283,42.685696389,2025-07-12T03:06,2025-07-12T15:22,44154.1,0.0,16.93,5.65,52,1015.1,21.0,0.113,28.9
3069,10906X0039/C2-1,BSS002MNYD,2025-07-13,103.84,Valeur mesurée,Syndicat Mixte pour la Protection et la Gestion des Nappes Souterraines de la Plaine du Roussillon  (20001584000016),2.685378283,42.685696389,2025-07-13T03:07,2025-07-13T15:22,44149.77,0.2,19.57,5.76,39,1015.9,24.1,0.114,28.9
3070,10906X0039/C2-1,BSS002MNYD,2025-07-14,103.81,Valeur mesurée,Syndicat Mixte pour la Protection et la Gestion des Nappes Souterraines de la Plaine du Roussillon  (20001584000016),2.685378283,42.685696389,2025-07-14T03:07,2025-07-14T15:22,44145.27,0.8,19.68,6.28,43,1016.0,23.9,0.114,29.0
3071,10906X0039/C2-1,BSS002MNYD,2025-07-15,103.76,Valeur mesurée,Syndicat Mixte pour la Protection et la Gestion des Nappes Souterraines de la Plaine du Roussillon  (20001584000016),2.685378283,42.685696389,2025-07-15T03:07,2025-07-15T15:23,44140.6,0.3,20.72,6.34,57,1014.7,23.1,0.115,29.1
3072,10906X0039/C2-1,BSS002MNYD,2025-07-16,103.72,Valeur mesurée,Syndicat Mixte pour la Protection et la Gestion des Nappes Souterraines de la Plaine du Roussillon  (20001584000016),2.685378283,42.685696389,2025-07-16T03:07,2025-07-16T15:23,44135.77,0.1,21.28,6.7,72,1014.5,23.6,0.114,29.2
3073,10906X0039/C2-1,BSS002MNYD,2025-07-17,103.7,Valeur mesurée,Syndicat Mixte pour la Protection et la Gestion des Nappes Souterraines de la Plaine du Roussillon  (20001584000016),2.685378283,42.685696389,2025-07-17T03:07,2025-07-17T15:23,44130.79,0.1,21.61,6.61,82,1015.2,23.7,0.115,29.3
3074,10906X0039/C2-1,BSS002MNYD,2025-07-18,103.69,Valeur mesurée,Syndicat Mixte pour la Protection et la Gestion des Nappes Souterraines de la Plaine du Roussillon  (20001584000016),2.685378283,42.685696389,2025-07-18T03:07,2025-07-18T15:23,44125.66,0.0,15.87,6.04,75,1016.0,25.6,0.115,29.2
3075,10906X0039/C2-1,BSS002MNYD,2025-07-19,103.71,Valeur mesurée,Syndicat Mixte pour la Protection et la Gestion des Nappes Souterraines de la Plaine du Roussillon  (20001584000016),2.685378283,42.685696389,2025-07-19T03:07,2025-07-19T15:23,44120.39,0.0,14.62,5.71,74,1015.2,25.3,0.115,29.0
3076,10906X0039/C2-1,BSS002MNYD,2025-07-20,103.72,Valeur mesurée,Syndicat Mixte pour la Protection et la Gestion des Nappes Souterraines de la Plaine du Roussillon  (20001584000016),2.685378283,42.685696389,2025-07-20T03:08,2025-07-20T15:23,44114.99,0.0,20.43,6.91,50,1013.4,26.8,0.115,29.0
3077,10906X0039/C2-1,BSS002MNYD,2025-07-21,103.71,Valeur mesurée,Syndicat Mixte pour la Protection et la Gestion des Nappes Souterraines de la Plaine du Roussillon  (20001584000016),2.685378283,42.685696389,2025-07-21T03:08,2025-07-21T15:23,44109.45,0.0,15.28,6.28,92,1013.2,27.6,0.115,28.9
3078,10906X0039/C2-1,BSS002MNYD,2025-07-22,103.7,Valeur mesurée,Syndicat Mixte pour la Protection et la Gestion des Nappes Souterraines de la Plaine du Roussillon  (20001584000016),2.685378283,42.685696389,2025-07-22T03:08,2025-07-22T15:23,44103.79,0.0,17.63,6.92,75,1014.5,25.8,0.114,28.9
3079,10906X0039/C2-1,BSS002MNYD,2025-07-23,103.71,Valeur mesurée,Syndicat Mixte pour la Protection et la Gestion des Nappes Souterraines de la Plaine du Roussillon  (20001584000016),2.685378283,42.685696389,2025-07-23T03:08,2025-07-23T15:23,44098.02,0.2,16.86,5.63,95,1015.4,24.2,0.115,28.9
3080,10906X0039/C2-1,BSS002MNYD,2025-07-24,103.69,Valeur mesurée,Syndicat Mixte pour la Protection et la Gestion des Nappes Souterraines de la Plaine du Roussillon  (20001584000016),2.685378283,42.685696389,2025-07-24T03:08,2025-07-24T15:23,44092.14,0.2,16.81,5.88,73,1015.0,25.0,0.117,28.8
3081,10906X0039/C2-1,BSS002MNYD,2025-07-25,103.69,Valeur mesurée,Syndicat Mixte pour la Protection et la Gestion des Nappes Souterraines de la Plaine du Roussillon  (20001584000016),2.685378283,42.685696389,2025-07-25T03:08,2025-07-25T15:23,44086.15,0.0,14.95,5.85,96,1014.8,24.7,0.116,28.7
3082,10906X0039/C2-1,BSS002MNYD,2025-07-26,103.68,Valeur mesurée,Syndicat Mixte pour la Protection et la Gestion des Nappes Souterraines de la Plaine du Roussillon  (20001584000016),2.685378283,42.685696389,2025-07-26T03:08,2025-07-26T15:23,44080.06,0.0,19.8,6.59,97,1015.5,23.0,0.116,28.7
3083,10906X0039/C2-1,BSS002MNYD,2025-07-27,103.67,Valeur mesurée,Syndicat Mixte pour la Protection et la Gestion des Nappes Souterraines de la Plaine du Roussillon  (20001584000016),2.685378283,42.685696389,2025-07-27T03:08,2025-07-27T15:23,44073.81,0.0,18.5,6.35,94,1016.1,24.8,0.116,28.7
3084,10906X0039/C2-1,BSS002MNYD,2025-07-28,103.65,Valeur mesurée,Syndicat Mixte pour la Protection et la Gestion des Nappes Souterraines de la Plaine du Roussillon  (20001584000016),2.685378283,42.685696389,2025-07-28T03:08,2025-07-28T15:23,44067.4,0.0,14.31,5.83,88,1016.7,26.8,0.116,28.6
3085,10906X0039/C2-1,BSS002MNYD,2025-07-29,103.63,Valeur mesurée,Syndicat Mixte pour la Protection et la Gestion des Nappes Souterraines de la Plaine du Roussillon  (20001584000016),2.685378283,42.685696389,2025-07-29T03:08,2025-07-29T15:22,44060.83,0.0,19.47,6.85,56,1016.8,25.9,0.115,28.7
3086,10906X0039/C2-1,BSS002MNYD,2025-07-30,103.61,Valeur mesurée,Syndicat Mixte pour la Protection et la Gestion des Nappes Souterraines de la Plaine du Roussillon  (20001584000016),2.685378283,42.685696389,2025-07-30T03:08,2025-07-30T15:22,44054.13,0.1,19.67,6.63,59,1017.3,24.0,0.114,28.8
3087,10906X0039/C2-1,BSS002MNYD,2025-07-31,103.59,Valeur mesurée,Syndicat Mixte pour la Protection et la Gestion des Nappes Souterraines de la Plaine du Roussillon  (20001584000016),2.685378283,42.685696389,2025-07-31T03:08,2025-07-31T15:22,44047.29,1.9,17.25,5.49,82,1016.6,25.2,0.116,28.6
3088,10906X0039/C2-1,BSS002MNYD,2025-08-01,103.56,Valeur mesurée,Syndicat Mixte pour la Protection et la Gestion des Nappes Souterraines de la Plaine du Roussillon  (20001584000016),2.685378283,42.685696389,2025-08-01T03:08,2025-08-01T15:22,44040.32,0.0,17.22,5.79,82,1015.5,25.5,0.119,28.6
3089,10906X0039/C2-1,BSS002MNYD,2025-08-02,103.54,Valeur mesurée,Syndicat Mixte pour la Protection et la Gestion des Nappes Souterraines de la Plaine du Roussillon  (20001584000016),2.685378283,42.685696389,2025-08-02T03:08,2025-08-02T15:22,44033.24,0.0,18.31,6.12,98,1014.8,25.1,0.119,28.5
3090,10906X0039/C2-1,BSS002MNYD,2025-08-03,103.51,Valeur mesurée,Syndicat Mixte pour la Protection et la Gestion des Nappes Souterraines de la Plaine du Roussillon  (20001584000016),2.685378283,42.685696389,2025-08-03T03:08,2025-08-03T15:22,44026.04,0.3,18.33,6.67,69,1015.3,26.0,0.118,28.6
3091,10906X0039/C2-1,BSS002MNYD,2025-08-04,103.48,Valeur mesurée,Syndicat Mixte pour la Protection et la Gestion des Nappes Souterraines de la Plaine du Roussillon  (20001584000016),2.685378283,42.685696389,2025-08-04T03:08,2025-08-04T15:22,44018.74,0.1,16.49,6.78,85,1015.6,27.1,0.117,28.6
3092,10906X0039/C2-1,BSS002MNYD,2025-08-05,103.47,Valeur mesurée,Syndicat Mixte pour la Protection et la Gestion des Nappes Souterraines de la Plaine du Roussillon  (20001584000016),2.685378283,42.685696389,2025-08-05T03:08,2025-08-05T15:21,44011.35,0.0,10.99,5.06,77,1015.2,25.9,0.117,28.4
3093,10906X0039/C2-1,BSS002MNYD,2025-08-06,103.47,Valeur mesurée,Syndicat Mixte pour la Protection et la Gestion des Nappes Souterraines de la Plaine du Roussillon  (20001584000016),2.685378283,42.685696389,2025-08-06T03:08,2025-08-06T15:21,44003.87,0.8,16.85,5.57,89,1013.7,23.6,0.118,28.4
3094,10906X0039/C2-1,BSS002MNYD,2025-08-07,103.43,Valeur mesurée,Syndicat Mixte pour la Protection et la Gestion des Nappes Souterraines de la Plaine du Roussillon  (20001584000016),2.685378283,42.685696389,2025-08-07T03:08,2025-08-07T15:21,43996.31,0.1,13.96,5.11,81,1012.3,22.8,0.12,28.4
3095,10906X0039/C2-1,BSS002MNYD,2025-08-08,103.39,Valeur mesurée,Syndicat Mixte pour la Protection et la Gestion des Nappes Souterraines de la Plaine du Roussillon  (20001584000016),2.685378283,42.685696389,2025-08-08T03:08,2025-08-08T15:21,43988.67,0.0,15.51,5.74,95,1012.7,22.9,0.119,28.4
3096,10906X0039/C2-1,BSS002MNYD,2025-08-09,103.36,Valeur mesurée,Syndicat Mixte pour la Protection et la Gestion des Nappes Souterraines de la Plaine du Roussillon  (20001584000016),2.685378283,42.685696389,2025-08-09T03:08,2025-08-09T15:21,43980.98,0.0,24.13,7.16,71,1013.7,22.6,0.119,28.7
3097,10906X0039/C2-1,BSS002MNYD,2025-08-10,103.33,Valeur mesurée,Syndicat Mixte pour la Protection et la Gestion des Nappes Souterraines de la Plaine du Roussillon  (20001584000016),2.685378283,42.685696389,2025-08-10T03:08,2025-08-10T15:21,43973.23,0.0,23.07,7.01,78,1013.8,24.1,0.118,28.9
3098,10906X0039/C2-1,BSS002MNYD,2025-08-11,103.29,Valeur mesurée,Syndicat Mixte pour la Protection et la Gestion des Nappes Souterraines de la Plaine du Roussillon  (20001584000016),2.685378283,42.685696389,2025-08-11T03:08,2025-08-11T15:20,43965.42,0.2,17.2,5.54,41,1014.2,23.6,0.118,28.8
3099,10906X0039/C2-1,BSS002MNYD,2025-08-12,103.28,Valeur mesurée,Syndicat Mixte pour la Protection et la Gestion des Nappes Souterraines de la Plaine du Roussillon  (20001584000016),2.685378283,42.685696389,2025-08-12T03:07,2025-08-12T15:20,43957.56,0.0,20.96,6.58,34,1014.1,21.0,0.117,28.8
3100,10906X0039/C2-1,BSS002MNYD,2025-08-13,103.26,Valeur mesurée,Syndicat Mixte pour la Protection et la Gestion des Nappes Souterraines de la Plaine du Roussillon  (20001584000016),2.685378283,42.685696389,2025-08-13T03:07,2025-08-13T15:20,43949.68,0.0,23.39,6.87,50,1014.0,20.0,0.117,28.9
3101,10906X0039/C2-1,BSS002MNYD,2025-08-14,103.26,Valeur mesurée,Syndicat Mixte pour la Protection et la Gestion des Nappes Souterraines de la Plaine du Roussillon  (20001584000016),2.685378283,42.685696389,2025-08-14T03:07,2025-08-14T15:20,43941.76,0.3,22.24,6.63,58,1013.8,22.6,0.117,29.0
3102,10906X0039/C2-1,BSS002MNYD,2025-08-15,103.23,Valeur mesurée,Syndicat Mixte pour la Protection et la Gestion des Nappes Souterraines de la Plaine du Roussillon  (20001584000016),2.685378283,42.685696389,2025-08-15T03:07,2025-08-15T15:19,43933.8,0.9,21.06,6.24,51,1013.2,23.6,0.117,29.0
3103,10906X0039/C2-1,BSS002MNYD,2025-08-16,103.2,Valeur mesurée,Syndicat Mixte pour la Protection et la Gestion des Nappes Souterraines de la Plaine du Roussillon  (20001584000016),2.685378283,42.685696389,2025-08-16T03:07,2025-08-16T15:19,43925.75,0.0,22.28,7.12,54,1012.3,23.8,0.117,29.0
3104,10906X0039/C2-1,BSS002MNYD,2025-08-17,103.17,Valeur mesurée,Syndicat Mixte pour la Protection et la Gestion des Nappes Souterraines de la Plaine du Roussillon  (20001584000016),2.685378283,42.685696389,2025-08-17T03:07,2025-08-17T15:19,43917.61,0.0,20.41,7.05,77,1012.4,24.8,0.117,29.1
3105,10906X0039/C2-1,BSS002MNYD,2025-08-18,103.13,Valeur mesurée,Syndicat Mixte pour la Protection et la Gestion des Nappes Souterraines de la Plaine du Roussillon  (20001584000016),2.685378283,42.685696389,2025-08-18T03:07,2025-08-18T15:19,43909.38,0.0,17.29,6.99,78,1013.9,28.8,0.116,29.0
3106,10906X0039/C2-1,BSS002MNYD,2025-08-19,103.1,Valeur mesurée,Syndicat Mixte pour la Protection et la Gestion des Nappes Souterraines de la Plaine du Roussillon  (20001584000016),2.685378283,42.685696389,2025-08-19T03:07,2025-08-19T15:18,43901.06,0.0,17.95,7.09,78,1014.0,27.6,0.115,29.0
3107,10906X0039/C2-1,BSS002MNYD,2025-08-20,103.09,Valeur mesurée,Syndicat Mixte pour la Protection et la Gestion des Nappes Souterraines de la Plaine du Roussillon  (20001584000016),2.685378283,42.685696389,2025-08-20T03:06,2025-08-20T15:18,43892.67,0.0,20.73,7.13,76,1013.3,23.5,0.115,29.1
3108,10906X0039/C2-1,BSS002MNYD,2025-09-23,102.66,Valeur mesurée,Syndicat Mixte pour la Protection et la Gestion des Nappes Souterraines de la Plaine du Roussillon  (20001584000016),2.685378283,42.685696389,2025-09-23T02:58,2025-09-23T15:04,43593.88,0.7,19.79,6.14,85,1015.3,22.2,0.112,30.0
3109,10906X0039/C2-1,BSS002MNYD,2025-09-24,102.66,Valeur mesurée,Syndicat Mixte pour la Protection et la Gestion des Nappes Souterraines de la Plaine du Roussillon  (20001584000016),2.685378283,42.685696389,2025-09-24T02:58,2025-09-24T15:04,43585.2,0.0,26.18,7.67,96,1014.5,20.5,0.11,30.1
3110,10906X0039/C2-1,BSS002MNYD,2025-09-25,102.65,Valeur mesurée,Syndicat Mixte pour la Protection et la Gestion des Nappes Souterraines de la Plaine du Roussillon  (20001584000016),2.685378283,42.685696389,2025-09-25T02:57,2025-09-25T15:04,43576.5,0.0,26.32,8.0,28,1013.2,22.5,0.109,30.2
3111,10906X0039/C2-1,BSS002MNYD,2025-09-26,102.64,Valeur mesurée,Syndicat Mixte pour la Protection et la Gestion des Nappes Souterraines de la Plaine du Roussillon  (20001584000016),2.685378283,42.685696389,2025-09-26T02:57,2025-09-26T15:03,43567.78,0.0,26.05,7.76,74,1012.9,22.3,0.109,30.3
3112,10906X0039/C2-1,BSS002MNYD,2025-09-27,102.61,Valeur mesurée,Syndicat Mixte pour la Protection et la Gestion des Nappes Souterraines de la Plaine du Roussillon  (20001584000016),2.685378283,42.685696389,2025-09-27T02:57,2025-09-27T15:03,43559.05,0.0,25.79,7.75,44,1012.9,23.0,0.109,30.4
3113,10906X0039/C2-1,BSS002MNYD,2025-09-28,102.58,Valeur mesurée,Syndicat Mixte pour la Protection et la Gestion des Nappes Souterraines de la Plaine du Roussillon  (20001584000016),2.685378283,42.685696389,2025-09-28T02:56,2025-09-28T15:02,43550.31,0.0,22.78,6.55,27,1013.7,21.0,0.109,30.4
3114,10906X0039/C2-1,BSS002MNYD,2025-09-29,102.57,Valeur mesurée,Syndicat Mixte pour la Protection et la Gestion des Nappes Souterraines de la Plaine du Roussillon  (20001584000016),2.685378283,42.685696389,2025-09-29T02:56,2025-09-29T15:02,43541.57,0.0,25.04,7.41,33,1012.0,19.8,0.109,30.6
3115,10906X0039/C2-1,BSS002MNYD,2025-09-30,102.56,Valeur mesurée,Syndicat Mixte pour la Protection et la Gestion des Nappes Souterraines de la Plaine du Roussillon  (20001584000016),2.685378283,42.685696389,2025-09-30T02:56,2025-09-30T15:02,43532.83,0.0,25.62,7.48,80,1011.1,19.7,0.109,30.8
3116,10906X0039/C2-1,BSS002MNYD,2025-10-01,102.54,Valeur mesurée,Syndicat Mixte pour la Protection et la Gestion des Nappes Souterraines de la Plaine du Roussillon  (20001584000016),2.685378283,42.685696389,2025-10-01T02:56,2025-10-01T15:01,43524.1,0.0,23.44,7.47,93,1011.5,21.6,0.109,30.7
3117,10906X0039/C2-1,BSS002MNYD,2025-10-02,102.52,Valeur mesurée,Syndicat Mixte pour la Protection et la Gestion des Nappes Souterraines de la Plaine du Roussillon  (20001584000016),2.685378283,42.685696389,2025-10-02T02:55,2025-10-02T15:01,43515.39,0.0,25.21,7.72,42,1011.0,21.3,0.108,30.8
3118,10906X0039/C2-1,BSS002MNYD,2025-10-03,102.5,Valeur mesurée,Syndicat Mixte pour la Protection et la Gestion des Nappes Souterraines de la Plaine du Roussillon  (20001584000016),2.685378283,42.685696389,2025-10-03T02:55,2025-10-03T15:00,43506.69,0.0,19.68,6.62,59,1012.3,19.2,0.108,30.8
3119,10906X0039/C2-1,BSS002MNYD,2025-10-04,102.48,Valeur mesurée,Syndicat Mixte pour la Protection et la Gestion des Nappes Souterraines de la Plaine du Roussillon  (20001584000016),2.685378283,42.685696389,2025-10-04T02:55,2025-10-04T15:00,43498.03,0.0,20.96,6.88,67,1013.1,20.1,0.108,30.9
3120,10906X0039/C2-1,BSS002MNYD,2025-10-05,102.47,Valeur mesurée,Syndicat Mixte pour la Protection et la Gestion des Nappes Souterraines de la Plaine du Roussillon  (20001584000016),2.685378283,42.685696389,2025-10-05T02:55,2025-10-05T15:00,43489.39,2.1,22.32,6.81,86,1012.6,19.7,0.109,30.8
3121,10906X0039/C2-1,BSS002MNYD,2025-10-06,102.48,Valeur mesurée,Syndicat Mixte pour la Protection et la Gestion des Nappes Souterraines de la Plaine du Roussillon  (20001584000016),2.685378283,42.685696389,2025-10-06T02:54,2025-10-06T14:59,43480.8,0.0,16.06,5.48,57,1013.4,18.7,0.109,30.7
3122,10906X0039/C2-1,BSS002MNYD,2025-10-07,102.47,Valeur mesurée,Syndicat Mixte pour la Protection et la Gestion des Nappes Souterraines de la Plaine du Roussillon  (20001584000016),2.685378283,42.685696389,2025-10-07T02:54,2025-10-07T14:59,43472.25,0.2,20.65,6.26,69,1013.7,17.9,0.109,30.8
3123,10906X0039/C2-1,BSS002MNYD,2025-10-08,102.44,Valeur mesurée,Syndicat Mixte pour la Protection et la Gestion des Nappes Souterraines de la Plaine du Roussillon  (20001584000016),2.685378283,42.685696389,2025-10-08T02:54,2025-10-08T14:58,43463.75,0.2,22.13,6.21,43,1013.8,18.0,0.108,30.9
3124,10906X0039/C2-1,BSS002MNYD,2025-10-09,102.39,Valeur mesurée,Syndicat Mixte pour la Protection et la Gestion des Nappes Souterraines de la Plaine du Roussillon  (20001584000016),2.685378283,42.685696389,2025-10-09T02:54,2025-10-09T14:58,43455.3,0.2,23.57,6.71,49,1014.2,17.9,0.108,30.9
3125,10906X0039/C2-1,BSS002MNYD,2025-10-10,102.34,Valeur mesurée,Syndicat Mixte pour la Protection et la Gestion des Nappes Souterraines de la Plaine du Roussillon  (20001584000016),2.685378283,42.685696389,2025-10-10T02:54,2025-10-10T14:58,43446.92,0.4,23.49,6.65,67,1013.4,17.3,0.109,31.0
3126,10906X0039/C2-1,BSS002MNYD,2025-10-11,102.3,Valeur mesurée,Syndicat Mixte pour la Protection et la Gestion des Nappes Souterraines de la Plaine du Roussillon  (20001584000016),2.685378283,42.685696389,2025-10-11T02:53,2025-10-11T14:57,43438.6,0.4,20.52,5.93,59,1012.1,17.9,0.109,30.9
3127,10906X0039/C2-1,BSS002MNYD,2025-10-12,102.26,Valeur mesurée,Syndicat Mixte pour la Protection et la Gestion des Nappes Souterraines de la Plaine du Roussillon  (20001584000016),2.685378283,42.685696389,2025-10-12T02:53,2025-10-12T14:57,43430.37,0.5,9.01,2.6,79,1012.4,11.0,0.11,30.2
3128,10906X0039/C2-1,BSS002MNYD,2025-10-13,102.21,Valeur mesurée,Syndicat Mixte pour la Protection et la Gestion des Nappes Souterraines de la Plaine du Roussillon  (20001584000016),2.685378283,42.685696389,2025-10-13T02:53,2025-10-13T14:57,43422.2,0.1,23.86,6.1,66,1012.1,13.8,0.11,30.2
3129,10906X0039/C2-1,BSS002MNYD,2025-10-14,102.17,Valeur mesurée,Syndicat Mixte pour la Protection et la Gestion des Nappes Souterraines de la Plaine du Roussillon  (20001584000016),2.685378283,42.685696389,2025-10-14T02:53,2025-10-14T14:57,43414.11,2.5,17.6,4.87,77,1012.1,13.9,0.111,30.2
3130,10906X0039/C2-1,BSS002MNYD,2025-10-15,102.11,Valeur mesurée,Syndicat Mixte pour la Protection et la Gestion des Nappes Souterraines de la Plaine du Roussillon  (20001584000016),2.685378283,42.685696389,2025-10-15T02:53,2025-10-15T14:56,43406.03,0.3,17.96,4.91,74,1011.3,15.1,0.105,30.1
3131,10906X0039/C2-1,BSS002MNYD,2025-10-16,102.06,Valeur mesurée,Syndicat Mixte pour la Protection et la Gestion des Nappes Souterraines de la Plaine du Roussillon  (20001584000016),2.685378283,42.685696389,2025-10-16T02:53,2025-10-16T14:56,43397.96,2.3,18.29,4.5,78,1011.5,13.0,0.104,30.0
3132,10906X0039/C2-1,BSS002MNYD,2025-10-17,102.02,Valeur mesurée,Syndicat Mixte pour la Protection et la Gestion des Nappes Souterraines de la Plaine du Roussillon  (20001584000016),2.685378283,42.685696389,2025-10-17T02:53,2025-10-17T14:56,43389.9,1.1,21.03,5.27,47,1012.6,14.2,0.105,29.9
3133,10906X0039/C2-1,BSS002MNYD,2025-10-18,101.99,Valeur mesurée,Syndicat Mixte pour la Protection et la Gestion des Nappes Souterraines de la Plaine du Roussillon  (20001584000016),2.685378283,42.685696389,2025-10-18T02:52,2025-10-18T14:55,43381.86,1.5,19.61,4.95,64,1013.0,15.3,0.106,29.8
3134,10906X0039/C2-1,BSS002MNYD,2025-10-19,101.96,Valeur mesurée,Syndicat Mixte pour la Protection et la Gestion des Nappes Souterraines de la Plaine du Roussillon  (20001584000016),2.685378283,42.685696389,2025-10-19T02:52,2025-10-19T14:55,43373.84,0.0,22.28,5.96,35,1012.5,18.1,0.108,29.8
3135,10906X0039/C2-1,BSS002MNYD,2025-10-20,101.94,Valeur mesurée,Syndicat Mixte pour la Protection et la Gestion des Nappes Souterraines de la Plaine du Roussillon  (20001584000016),2.685378283,42.685696389,2025-10-20T02:52,2025-10-20T14:55,43365.85,0.0,24.18,6.43,65,1010.9,15.7,0.105,29.9
3136,10906X0039/C2-1,BSS002MNYD,2025-10-21,101.92,Valeur mesurée,Syndicat Mixte pour la Protection et la Gestion des Nappes Souterraines de la Plaine du Roussillon  (20001584000016),2.685378283,42.685696389,2025-10-21T02:52,2025-10-21T14:55,43357.91,0.2,18.01,5.2,86,1011.3,15.6,0.103,30.0
3137,10906X0039/C2-1,BSS002MNYD,2025-10-22,101.9,Valeur mesurée,Syndicat Mixte pour la Protection et la Gestion des Nappes Souterraines de la Plaine du Roussillon  (20001584000016),2.685378283,42.685696389,2025-10-22T02:52,2025-10-22T14:54,43350.01,0.0,14.95,4.37,56,1013.1,12.5,0.102,29.8
3138,10906X0039/C2-1,BSS002MNYD,2025-10-23,101.87,Valeur mesurée,Syndicat Mixte pour la Protection et la Gestion des Nappes Souterraines de la Plaine du Roussillon  (20001584000016),2.685378283,42.685696389,2025-10-23T02:52,2025-10-23T14:54,43342.16,0.1,24.74,6.48,68,1012.3,12.5,0.101,30.3
3139,10906X0039/C2-1,BSS002MNYD,2025-10-24,101.83,Valeur mesurée,Syndicat Mixte pour la Protection et la Gestion des Nappes Souterraines de la Plaine du Roussillon  (20001584000016),2.685378283,42.685696389,2025-10-24T02:52,2025-10-24T14:54,43334.37,0.0,24.63,6.37,76,1012.0,12.3,0.101,30.7
3140,10906X0039/C2-1,BSS002MNYD,2025-10-25,101.78,Valeur mesurée,Syndicat Mixte pour la Protection et la Gestion des Nappes Souterraines de la Plaine du Roussillon  (20001584000016),2.685378283,42.685696389,2025-10-25T02:52,2025-10-25T14:54,43326.64,0.0,25.1,6.82,57,1010.5,13.9,0.101,31.0
3141,10906X0039/C2-1,BSS002MNYD,2025-10-26,101.74,Valeur mesurée,Syndicat Mixte pour la Protection et la Gestion des Nappes Souterraines de la Plaine du Roussillon  (20001584000016),2.685378283,42.685696389,2025-10-26T02:52,2025-10-26T14:54,43318.99,0.0,23.97,6.44,62,1010.2,14.1,0.101,31.3
3142,10906X0039/C2-1,BSS002MNYD,2025-10-27,101.69,Valeur mesurée,Syndicat Mixte pour la Protection et la Gestion des Nappes Souterraines de la Plaine du Roussillon  (20001584000016),2.685378283,42.685696389,2025-10-27T02:52,2025-10-27T14:54,43311.42,13.8,16.39,4.33,70,1011.4,12.8,0.109,31.1
3143,10906X0039/C2-1,BSS002MNYD,2025-10-28,101.65,Valeur mesurée,Syndicat Mixte pour la Protection et la Gestion des Nappes Souterraines de la Plaine du Roussillon  (20001584000016),2.685378283,42.685696389,2025-10-28T02:52,2025-10-28T14:53,43303.93,2.0,16.79,4.41,77,1011.4,12.3,0.115,30.7
3144,10906X0039/C2-1,BSS002MNYD,2025-10-29,101.62,Valeur mesurée,Syndicat Mixte pour la Protection et la Gestion des Nappes Souterraines de la Plaine du Roussillon  (20001584000016),2.685378283,42.685696389,2025-10-29T02:52,2025-10-29T14:53,43296.53,0.0,22.63,5.69,65,1011.5,14.0,0.114,30.4
3145,10906X0039/C2-1,BSS002MNYD,2025-10-30,101.59,Valeur mesurée,Syndicat Mixte pour la Protection et la Gestion des Nappes Souterraines de la Plaine du Roussillon  (20001584000016),2.685378283,42.685696389,2025-10-30T02:52,2025-10-30T14:53,43289.24,0.2,23.09,5.74,60,1012.2,13.5,0.115,30.5
3146,10906X0039/C2-1,BSS002MNYD,2025-10-31,101.56,Valeur mesurée,Syndicat Mixte pour la Protection et la Gestion des Nappes Souterraines de la Plaine du Roussillon  (20001584000016),2.685378283,42.685696389,2025-10-31T02:52,2025-10-31T14:53,43282.06,0.0,24.13,6.22,25,1012.3,13.3,0.113,30.5
3147,10906X0039/C2-1,BSS002MNYD,2025-11-01,101.53,Valeur mesurée,Syndicat Mixte pour la Protection et la Gestion des Nappes Souterraines de la Plaine du Roussillon  (20001584000016),2.685378283,42.685696389,2025-11-01T02:52,2025-11-01T14:53,43274.98,0.0,24.28,6.38,30,1012.9,13.2,0.11,30.7
3148,10906X0039/C2-1,BSS002MNYD,2025-11-02,101.5,Valeur mesurée,Syndicat Mixte pour la Protection et la Gestion des Nappes Souterraines de la Plaine du Roussillon  (20001584000016),2.685378283,42.685696389,2025-11-02T02:52,2025-11-02T14:53,43268.03,0.1,24.15,6.23,10,1013.3,12.8,0.108,31.0
3149,10906X0039/C2-1,BSS002MNYD,2025-11-03,101.47,Valeur mesurée,Syndicat Mixte pour la Protection et la Gestion des Nappes Souterraines de la Plaine du Roussillon  (20001584000016),2.685378283,42.685696389,2025-11-03T02:52,2025-11-03T14:53,43261.2,0.0,24.21,6.61,16,1014.2,14.1,0.108,31.4
3150,10906X0039/C2-1,BSS002MNYD,2025-11-04,101.45,Valeur mesurée,Syndicat Mixte pour la Protection et la Gestion des Nappes Souterraines de la Plaine du Roussillon  (20001584000016),2.685378283,42.685696389,2025-11-04T02:52,2025-11-04T14:53,43254.42,0.1,23.4,6.43,20,1013.7,13.8,0.108,31.6
3151,10906X0039/C2-1,BSS002MNYD,2025-11-05,101.43,Valeur mesurée,Syndicat Mixte pour la Protection et la Gestion des Nappes Souterraines de la Plaine du Roussillon  (20001584000016),2.685378283,42.685696389,2025-11-05T02:52,2025-11-05T14:53,43247.69,0.0,18.21,5.43,32,1012.7,14.5,0.109,31.5
3152,10906X0039/C2-1,BSS002MNYD,2025-11-06,101.4,Valeur mesurée,Syndicat Mixte pour la Protection et la Gestion des Nappes Souterraines de la Plaine du Roussillon  (20001584000016),2.685378283,42.685696389,2025-11-06T02:52,2025-11-06T14:53,43241.01,5.9,17.67,4.47,39,1011.8,13.7,0.111,31.1
3153,10906X0039/C2-1,BSS002MNYD,2025-11-07,101.38,Valeur mesurée,Syndicat Mixte pour la Protection et la Gestion des Nappes Souterraines de la Plaine du Roussillon  (20001584000016),2.685378283,42.685696389,2025-11-07T02:52,2025-11-07T14:53,43234.39,0.0,20.93,5.41,41,1011.2,12.2,0.111,31.0
3154,10906X0039/C2-1,BSS002MNYD,2025-11-08,101.37,Valeur mesurée,Syndicat Mixte pour la Protection et la Gestion des Nappes Souterraines de la Plaine du Roussillon  (20001584000016),2.685378283,42.685696389,2025-11-08T02:52,2025-11-08T14:53,43227.83,0.0,23.44,6.16,9,1012.7,14.0,0.111,30.9
3155,10906X0039/C2-1,BSS002MNYD,2025-11-09,101.35,Valeur mesurée,Syndicat Mixte pour la Protection et la Gestion des Nappes Souterraines de la Plaine du Roussillon  (20001584000016),2.685378283,42.685696389,2025-11-09T02:52,2025-11-09T14:53,43221.36,0.0,23.63,6.14,57,1013.1,12.7,0.109,31.0
3156,10906X0039/C2-1,BSS002MNYD,2025-11-10,101.34,Valeur mesurée,Syndicat Mixte pour la Protection et la Gestion des Nappes Souterraines de la Plaine du Roussillon  (20001584000016),2.685378283,42.685696389,2025-11-10T02:53,2025-11-10T14:53,43214.97,0.0,23.51,6.3,44,1012.5,13.5,0.108,31.1
3157,10906X0039/C2-1,BSS002MNYD,2025-11-11,101.33,Valeur mesurée,Syndicat Mixte pour la Protection et la Gestion des Nappes Souterraines de la Plaine du Roussillon  (20001584000016),2.685378283,42.685696389,2025-11-11T02:53,2025-11-11T14:53,43208.66,0.2,22.61,5.89,59,1011.8,13.4,0.107,31.3
3158,10906X0039/C2-1,BSS002MNYD,2025-11-12,101.31,Valeur mesurée,Syndicat Mixte pour la Protection et la Gestion des Nappes Souterraines de la Plaine du Roussillon  (20001584000016),2.685378283,42.685696389,2025-11-12T02:53,2025-11-12T14:53,43202.46,0.0,23.21,6.35,40,1012.2,14.7,0.106,31.4
3159,10906X0039/C2-1,BSS002MNYD,2025-11-13,101.28,Valeur mesurée,Syndicat Mixte pour la Protection et la Gestion des Nappes Souterraines de la Plaine du Roussillon  (20001584000016),2.685378283,42.685696389,2025-11-13T02:53,2025-11-13T14:53,43196.35,0.0,23.3,6.69,70,1012.6,17.1,0.106,31.6
3160,10906X0039/C2-1,BSS002MNYD,2025-11-14,101.25,Valeur mesurée,Syndicat Mixte pour la Protection et la Gestion des Nappes Souterraines de la Plaine du Roussillon  (20001584000016),2.685378283,42.685696389,2025-11-14T02:53,2025-11-14T14:53,43190.35,0.2,22.43,6.14,67,1012.7,14.1,0.106,31.6
3161,10906X0039/C2-1,BSS002MNYD,2025-11-15,101.23,Valeur mesurée,Syndicat Mixte pour la Protection et la Gestion des Nappes Souterraines de la Plaine du Roussillon  (20001584000016),2.685378283,42.685696389,2025-11-15T02:54,2025-11-15T14:53,43184.48,0.0,22.58,5.91,38,1012.3,12.8,0.107,31.6
3162,10906X0039/C2-1,BSS002MNYD,2025-11-16,101.2,Valeur mesurée,Syndicat Mixte pour la Protection et la Gestion des Nappes Souterraines de la Plaine du Roussillon  (20001584000016),2.685378283,42.685696389,2025-11-16T02:54,2025-11-16T14:53,43178.73,0.0,22.78,6.15,21,1013.4,13.1,0.107,31.8
3163,10906X0039/C2-1,BSS002MNYD,2025-11-17,101.19,Valeur mesurée,Syndicat Mixte pour la Protection et la Gestion des Nappes Souterraines de la Plaine du Roussillon  (20001584000016),2.685378283,42.685696389,2025-11-17T02:54,2025-11-17T14:54,43173.12,0.0,21.83,6.33,21,1013.4,15.7,0.107,31.8
3164,10906X0039/C2-1,BSS002MNYD,2025-11-18,101.18,Valeur mesurée,Syndicat Mixte pour la Protection et la Gestion des Nappes Souterraines de la Plaine du Roussillon  (20001584000016),2.685378283,42.685696389,2025-11-18T02:54,2025-11-18T14:54,43167.64,0.1,22.72,6.16,15,1011.4,14.0,0.107,31.8
3165,10906X0039/C2-1,BSS002MNYD,2025-11-19,101.18,Valeur mesurée,Syndicat Mixte pour la Protection et la Gestion des Nappes Souterraines de la Plaine du Roussillon  (20001584000016),2.685378283,42.685696389,2025-11-19T02:55,2025-11-19T14:54,43162.32,0.4,22.8,6.53,22,1010.4,17.3,0.108,31.7
3166,10906X0039/C2-1,BSS002MNYD,2025-11-20,101.15,Valeur mesurée,Syndicat Mixte pour la Protection et la Gestion des Nappes Souterraines de la Plaine du Roussillon  (20001584000016),2.685378283,42.685696389,2025-11-20T02:55,2025-11-20T14:54,43157.15,0.0,23.35,7.14,61,1011.7,15.6,0.105,31.7
3167,10906X0039/C2-1,BSS002MNYD,2025-11-21,101.13,Valeur mesurée,Syndicat Mixte pour la Protection et la Gestion des Nappes Souterraines de la Plaine du Roussillon  (20001584000016),2.685378283,42.685696389,2025-11-21T02:55,2025-11-21T14:54,43152.14,0.0,24.59,7.58,26,1011.7,18.0,0.105,31.7
3168,10906X0039/C2-1,BSS002MNYD,2025-11-22,101.11,Valeur mesurée,Syndicat Mixte pour la Protection et la Gestion des Nappes Souterraines de la Plaine du Roussillon  (20001584000016),2.685378283,42.685696389,2025-11-22T02:55,2025-11-22T14:54,43147.31,0.0,23.77,7.1,11,1012.7,16.3,0.103,31.8
3169,10906X0039/C2-1,BSS002MNYD,2025-11-23,101.09,Valeur mesurée,Syndicat Mixte pour la Protection et la Gestion des Nappes Souterraines de la Plaine du Roussillon  (20001584000016),2.685378283,42.685696389,2025-11-23T02:56,2025-11-23T14:55,43142.65,0.0,23.08,6.67,21,1013.0,16.3,0.104,31.9
3170,10906X0039/C2-1,BSS002MNYD,2025-11-24,101.06,Valeur mesurée,Syndicat Mixte pour la Protection et la Gestion des Nappes Souterraines de la Plaine du Roussillon  (20001584000016),2.685378283,42.685696389,2025-11-24T02:56,2025-11-24T14:55,43138.1,0.0,22.49,6.06,28,1013.9,12.4,0.103,31.9
3171,10906X0039/C2-1,BSS002MNYD,2025-11-25,101.03,Valeur mesurée,Syndicat Mixte pour la Protection et la Gestion des Nappes Souterraines de la Plaine du Roussillon  (20001584000016),2.685378283,42.685696389,2025-11-25T02:56,2025-11-25T14:55,43133.67,0.0,22.6,6.37,18,1013.5,14.5,0.103,32.0
3172,10906X0039/C2-1,BSS002MNYD,2025-11-26,101.0,Valeur mesurée,Syndicat Mixte pour la Protection et la Gestion des Nappes Souterraines de la Plaine du Roussillon  (20001584000016),2.685378283,42.685696389,2025-11-26T02:57,2025-11-26T14:55,43129.35,0.0,22.92,6.32,36,1012.6,13.7,0.103,32.1
3173,10906X0039/C2-1,BSS002MNYD,2025-11-27,100.98,Valeur mesurée,Syndicat Mixte pour la Protection et la Gestion des Nappes Souterraines de la Plaine du Roussillon  (20001584000016),2.685378283,42.685696389,2025-11-27T02:57,2025-11-27T14:56,43125.15,0.0,21.68,6.32,35,1012.4,16.1,0.103,32.1
3174,10906X0039/C2-1,BSS002MNYD,2025-11-28,100.97,Valeur mesurée,Syndicat Mixte pour la Protection et la Gestion des Nappes Souterraines de la Plaine du Roussillon  (20001584000016),2.685378283,42.685696389,2025-11-28T02:57,2025-11-28T14:56,43121.09,0.0,22.16,6.25,60,1012.0,13.2,0.103,32.1
3175,10906X0039/C2-1,BSS002MNYD,2025-11-29,100.99,Valeur mesurée,Syndicat Mixte pour la Protection et la Gestion des Nappes Souterraines de la Plaine du Roussillon  (20001584000016),2.685378283,42.685696389,2025-11-29T02:58,2025-11-29T14:56,43117.15,0.0,24.26,6.88,31,1010.6,13.6,0.103,32.2
3176,10906X0039/C2-1,BSS002MNYD,2025-11-30,101.04,Valeur mesurée,Syndicat Mixte pour la Protection et la Gestion des Nappes Souterraines de la Plaine du Roussillon  (20001584000016),2.685378283,42.685696389,2025-11-30T02:58,2025-11-30T14:57,43113.36,0.0,24.72,7.74,70,1010.5,18.0,0.103,32.1
3177,10906X0039/C2-1,BSS002MNYD,2025-12-01,101.06,Valeur mesurée,Syndicat Mixte pour la Protection et la Gestion des Nappes Souterraines de la Plaine du Roussillon  (20001584000016),2.685378283,42.685696389,2025-12-01T02:59,2025-12-01T14:57,43109.71,0.0,24.54,7.78,67,1010.9,17.7,0.103,32.2
3178,10906X0039/C2-1,BSS002MNYD,2025-12-02,101.09,Valeur mesurée,Syndicat Mixte pour la Protection et la Gestion des Nappes Souterraines de la Plaine du Roussillon  (20001584000016),2.685378283,42.685696389,2025-12-02T02:59,2025-12-02T14:57,43106.2,0.0,23.22,6.67,86,1010.7,15.0,0.103,32.3
3179,10906X0039/C2-1,BSS002MNYD,2025-12-03,101.14,Valeur mesurée,Syndicat Mixte pour la Protection et la Gestion des Nappes Souterraines de la Plaine du Roussillon  (20001584000016),2.685378283,42.685696389,2025-12-03T02:59,2025-12-03T14:58,43102.85,0.0,23.24,7.04,63,1010.7,17.8,0.103,32.3
3180,10906X0039/C2-1,BSS002MNYD,2025-12-04,101.16,Valeur mesurée,Syndicat Mixte pour la Protection et la Gestion des Nappes Souterraines de la Plaine du Roussillon  (20001584000016),2.685378283,42.685696389,2025-12-04T03:00,2025-12-04T14:58,43099.66,0.0,18.99,5.82,97,1012.1,15.4,0.103,32.1
3181,10906X0039/C2-1,BSS002MNYD,2025-12-05,101.17,Valeur mesurée,Syndicat Mixte pour la Protection et la Gestion des Nappes Souterraines de la Plaine du Roussillon  (20001584000016),2.685378283,42.685696389,2025-12-05T03:00,2025-12-05T14:59,43096.64,0.3,21.82,6.34,64,1012.4,15.2,0.103,32.1
3182,10906X0039/C2-1,BSS002MNYD,2025-12-06,101.18,Valeur mesurée,Syndicat Mixte pour la Protection et la Gestion des Nappes Souterraines de la Plaine du Roussillon  (20001584000016),2.685378283,42.685696389,2025-12-06T03:01,2025-12-06T14:59,43093.78,0.0,22.5,6.42,19,1012.4,14.8,0.103,32.2
3183,10906X0039/C2-1,BSS002MNYD,2025-12-07,101.18,Valeur mesurée,Syndicat Mixte pour la Protection et la Gestion des Nappes Souterraines de la Plaine du Roussillon  (20001584000016),2.685378283,42.685696389,2025-12-07T03:01,2025-12-07T14:59,43091.09,0.0,22.24,6.15,17,1012.4,14.3,0.104,32.2
3184,10906X0039/C2-1,BSS002MNYD,2025-12-08,101.18,Valeur mesurée,Syndicat Mixte pour la Protection et la Gestion des Nappes Souterraines de la Plaine du Roussillon  (20001584000016),2.685378283,42.685696389,2025-12-08T03:02,2025-12-08T15:00,43088.59,0.0,22.44,6.38,38,1012.6,14.6,0.105,32.2
3185,10906X0039/C2-1,BSS002MNYD,2025-12-09,101.15,Valeur mesurée,Syndicat Mixte pour la Protection et la Gestion des Nappes Souterraines de la Plaine du Roussillon  (20001584000016),2.685378283,42.685696389,2025-12-09T03:02,2025-12-09T15:00,43086.27,0.1,22.54,6.51,90,1011.6,13.9,0.104,32.2
3186,10906X0039/C2-1,BSS002MNYD,2025-12-10,101.08,Valeur mesurée,Syndicat Mixte pour la Protection et la Gestion des Nappes Souterraines de la Plaine du Roussillon  (20001584000016),2.685378283,42.685696389,2025-12-10T03:03,2025-12-10T15:01,43084.14,0.2,20.96,6.05,76,1011.8,14.7,0.105,32.1
3187,10906X0039/C2-1,BSS002MNYD,2025-12-11,101.02,Valeur mesurée,Syndicat Mixte pour la Protection et la Gestion des Nappes Souterraines de la Plaine du Roussillon  (20001584000016),2.685378283,42.685696389,2025-12-11T03:03,2025-12-11T15:01,43082.21,1.6,16.76,4.72,35,1011.1,13.0,0.105,32.0
3188,10906X0039/C2-1,BSS002MNYD,2025-12-12,100.97,Valeur mesurée,Syndicat Mixte pour la Protection et la Gestion des Nappes Souterraines de la Plaine du Roussillon  (20001584000016),2.685378283,42.685696389,2025-12-12T03:03,2025-12-12T15:02,43080.48,0.5,18.21,5.36,49,1010.6,14.7,0.105,31.9
3189,10906X0039/C2-1,BSS002MNYD,2025-12-13,100.92,Valeur mesurée,Syndicat Mixte pour la Protection et la Gestion des Nappes Souterraines de la Plaine du Roussillon  (20001584000016),2.685378283,42.685696389,2025-12-13T03:04,2025-12-13T15:02,43078.95,6.6,17.63,4.64,39,1011.4,13.7,0.107,31.7
3190,10906X0039/C2-1,BSS002MNYD,2025-12-14,100.92,Valeur mesurée,Syndicat Mixte pour la Protection et la Gestion des Nappes Souterraines de la Plaine du Roussillon  (20001584000016),2.685378283,42.685696389,2025-12-14T03:04,2025-12-14T15:02,43077.6,0.4,20.72,5.55,45,1011.1,12.4,0.107,31.5
3191,10906X0039/C2-1,BSS002MNYD,2025-12-15,100.99,Valeur mesurée,Syndicat Mixte pour la Protection et la Gestion des Nappes Souterraines de la Plaine du Roussillon  (20001584000016),2.685378283,42.685696389,2025-12-15T03:05,2025-12-15T15:03,43076.43,0.0,23.04,5.95,43,1009.5,11.8,0.105,31.7
3192,10906X0039/C2-1,BSS002MNYD,2025-12-16,101.04,Valeur mesurée,Syndicat Mixte pour la Protection et la Gestion des Nappes Souterraines de la Plaine du Roussillon  (20001584000016),2.685378283,42.685696389,2025-12-16T03:05,2025-12-16T15:03,43075.44,0.0,21.79,5.82,84,1008.8,12.9,0.105,31.8
3193,10906X0039/C2-1,BSS002MNYD,2025-12-17,101.03,Valeur mesurée,Syndicat Mixte pour la Protection et la Gestion des Nappes Souterraines de la Plaine du Roussillon  (20001584000016),2.685378283,42.685696389,2025-12-17T03:06,2025-12-17T15:04,43074.63,0.2,20.57,5.56,55,1009.7,14.0,0.105,31.8
3194,10906X0039/C2-1,BSS002MNYD,2025-12-18,101.09,Valeur mesurée,Syndicat Mixte pour la Protection et la Gestion des Nappes Souterraines de la Plaine du Roussillon  (20001584000016),2.685378283,42.685696389,2025-12-18T03:06,2025-12-18T15:04,43074.0,0.0,22.1,6.61,44,1011.2,16.3,0.104,31.9
3195,10906X0039/C2-1,BSS002MNYD,2025-12-19,101.05,Valeur mesurée,Syndicat Mixte pour la Protection et la Gestion des Nappes Souterraines de la Plaine du Roussillon  (20001584000016),2.685378283,42.685696389,2025-12-19T03:07,2025-12-19T15:05,43073.54,0.0,22.0,6.23,55,1010.8,14.0,0.104,32.0
3196,10906X0039/C2-1,BSS002MNYD,2025-12-20,100.99,Valeur mesurée,Syndicat Mixte pour la Protection et la Gestion des Nappes Souterraines de la Plaine du Roussillon  (20001584000016),2.685378283,42.685696389,2025-12-20T03:07,2025-12-20T15:05,43073.26,0.5,22.56,6.42,55,1009.3,13.9,0.104,32.0
3197,10906X0039/C2-1,BSS002MNYD,2025-12-21,101.03,Valeur mesurée,Syndicat Mixte pour la Protection et la Gestion des Nappes Souterraines de la Plaine du Roussillon  (20001584000016),2.685378283,42.685696389,2025-12-21T03:08,2025-12-21T15:06,43073.17,0.4,20.83,6.54,51,1009.3,16.7,0.104,31.9
3198,10906X0039/C2-1,BSS002MNYD,2025-12-22,101.14,Valeur mesurée,Syndicat Mixte pour la Protection et la Gestion des Nappes Souterraines de la Plaine du Roussillon  (20001584000016),2.685378283,42.685696389,2025-12-22T03:08,2025-12-22T15:06,43073.24,0.0,23.3,8.15,25,1009.3,20.9,0.104,32.0
3199,10906X0039/C2-1,BSS002MNYD,2025-12-23,101.05,Valeur mesurée,Syndicat Mixte pour la Protection et la Gestion des Nappes Souterraines de la Plaine du Roussillon  (20001584000016),2.685378283,42.685696389,2025-12-23T03:09,2025-12-23T15:07,43073.51,0.0,23.76,7.64,55,1009.5,18.2,0.103,32.2
3200,10906X0039/C2-1,BSS002MNYD,2025-12-24,101.0,Valeur mesurée,Syndicat Mixte pour la Protection et la Gestion des Nappes Souterraines de la Plaine du Roussillon  (20001584000016),2.685378283,42.685696389,2025-12-24T03:09,2025-12-24T15:07,43073.94,0.0,24.35,7.8,57,1009.7,17.0,0.103,32.3
3201,10906X0039/C2-1,BSS002MNYD,2025-12-25,100.99,Valeur mesurée,Syndicat Mixte pour la Protection et la Gestion des Nappes Souterraines de la Plaine du Roussillon  (20001584000016),2.685378283,42.685696389,2025-12-25T03:10,2025-12-25T15:08,43074.55,0.0,23.45,7.66,79,1009.6,16.4,0.103,32.4
3202,10906X0039/C2-1,BSS002MNYD,2025-12-26,101.36,Valeur mesurée,Syndicat Mixte pour la Protection et la Gestion des Nappes Souterraines de la Plaine du Roussillon  (20001584000016),2.685378283,42.685696389,2025-12-26T03:10,2025-12-26T15:08,43075.33,0.0,24.08,7.03,45,1009.1,13.7,0.103,32.6
3203,10906X0039/C2-1,BSS002MNYD,2025-12-27,101.81,Valeur mesurée,Syndicat Mixte pour la Protection et la Gestion des Nappes Souterraines de la Plaine du Roussillon  (20001584000016),2.685378283,42.685696389,2025-12-27T03:11,2025-12-27T15:09,43076.3,0.0,23.81,7.19,16,1008.1,14.5,0.103,32.8
3204,10906X0039/C2-1,BSS002MNYD,2025-12-28,102.32,Valeur mesurée,Syndicat Mixte pour la Protection et la Gestion des Nappes Souterraines de la Plaine du Roussillon  (20001584000016),2.685378283,42.685696389,2025-12-28T03:11,2025-12-28T15:09,43077.44,0.0,23.38,7.38,33,1008.7,16.6,0.103,32.9
3205,10906X0039/C2-1,BSS002MNYD,2025-12-29,102.59,Valeur mesurée,Syndicat Mixte pour la Protection et la Gestion des Nappes Souterraines de la Plaine du Roussillon  (20001584000016),2.685378283,42.685696389,2025-12-29T03:12,2025-12-29T15:10,43078.76,0.0,22.73,6.07,22,1011.6,12.2,0.103,32.9
3206,10906X0039/C2-1,BSS002MNYD,2025-12-30,102.73,Valeur mesurée,Syndicat Mixte pour la Protection et la Gestion des Nappes Souterraines de la Plaine du Roussillon  (20001584000016),2.685378283,42.685696389,2025-12-30T03:12,2025-12-30T15:10,43080.26,0.0,23.28,6.73,26,1012.0,13.4,0.103,33.0
3207,10906X0039/C2-1,BSS002MNYD,2025-12-31,102.82,Valeur mesurée,Syndicat Mixte pour la Protection et la Gestion des Nappes Souterraines de la Plaine du Roussillon  (20001584000016),2.685378283,42.685696389,2025-12-31T03:13,2025-12-31T15:11,43081.92,0.0,22.71,6.72,23,1012.1,14.5,0.104,33.0
3208,10906X0039/C2-1,BSS002MNYD,2026-01-01,102.87,Valeur mesurée,Syndicat Mixte pour la Protection et la Gestion des Nappes Souterraines de la Plaine du Roussillon  (20001584000016),2.685378283,42.685696389,2026-01-01T03:13,2026-01-01T15:11,43083.76,0.0,22.82,7.25,42,1011.7,16.1,0.104,33.0
3209,10906X0039/C2-1,BSS002MNYD,2026-01-02,102.86,Valeur mesurée,Syndicat Mixte pour la Protection et la Gestion des Nappes Souterraines de la Plaine du Roussillon  (20001584000016),2.685378283,42.685696389,2026-01-02T03:14,2026-01-02T15:12,43085.78,0.0,23.08,6.94,60,1011.5,15.5,0.104,33.0
3210,10906X0039/C2-1,BSS002MNYD,2026-01-03,102.81,Valeur mesurée,Syndicat Mixte pour la Protection et la Gestion des Nappes Souterraines de la Plaine du Roussillon  (20001584000016),2.685378283,42.685696389,2026-01-03T03:14,2026-01-03T15:12,43088.0,0.0,24.84,8.07,10,1010.7,17.0,0.104,32.9
3211,10906X0039/C2-1,BSS002MNYD,2026-01-04,102.76,Valeur mesurée,Syndicat Mixte pour la Protection et la Gestion des Nappes Souterraines de la Plaine du Roussillon  (20001584000016),2.685378283,42.685696389,2026-01-04T03:14,2026-01-04T15:13,43090.43,0.0,25.55,9.53,2,1010.5,18.6,0.104,32.7
3212,10906X0039/C2-1,BSS002MNYD,2026-01-05,102.72,Valeur mesurée,Syndicat Mixte pour la Protection et la Gestion des Nappes Souterraines de la Plaine du Roussillon  (20001584000016),2.685378283,42.685696389,2026-01-05T03:15,2026-01-05T15:13,43093.05,0.0,25.18,9.24,12,1011.5,21.1,0.104,32.5
3213,10906X0039/C2-1,BSS002MNYD,2026-01-06,102.66,Valeur mesurée,Syndicat Mixte pour la Protection et la Gestion des Nappes Souterraines de la Plaine du Roussillon  (20001584000016),2.685378283,42.685696389,2026-01-06T03:15,2026-01-06T15:14,43095.85,0.0,25.1,8.42,15,1012.2,18.2,0.104,32.5
3214,10906X0039/C2-1,BSS002MNYD,2026-01-07,102.62,Valeur mesurée,Syndicat Mixte pour la Protection et la Gestion des Nappes Souterraines de la Plaine du Roussillon  (20001584000016),2.685378283,42.685696389,2026-01-07T03:16,2026-01-07T15:14,43098.83,0.0,25.19,8.68,17,1012.1,18.9,0.104,32.4
3215,10906X0039/C2-1,BSS002MNYD,2026-01-08,102.78,Valeur mesurée,Syndicat Mixte pour la Protection et la Gestion des Nappes Souterraines de la Plaine du Roussillon  (20001584000016),2.685378283,42.685696389,2026-01-08T03:16,2026-01-08T15:14,43102.0,0.0,25.63,10.14,31,1012.1,22.2,0.104,32.4
3216,10906X0039/C2-1,BSS002MNYD,2026-01-09,102.82,Valeur mesurée,Syndicat Mixte pour la Protection et la Gestion des Nappes Souterraines de la Plaine du Roussillon  (20001584000016),2.685378283,42.685696389,2026-01-09T03:17,2026-01-09T15:15,43105.34,0.0,25.63,8.82,15,1011.8,18.4,0.104,32.4
3217,10906X0039/C2-1,BSS002MNYD,2026-01-10,102.92,Valeur mesurée,Syndicat Mixte pour la Protection et la Gestion des Nappes Souterraines de la Plaine du Roussillon  (20001584000016),2.685378283,42.685696389,2026-01-10T03:17,2026-01-10T15:15,43108.85,0.0,25.19,7.09,41,1011.8,13.0,0.104,32.4
3218,10906X0039/C2-1,BSS002MNYD,2026-01-11,102.92,Valeur mesurée,Syndicat Mixte pour la Protection et la Gestion des Nappes Souterraines de la Plaine du Roussillon  (20001584000016),2.685378283,42.685696389,2026-01-11T03:17,2026-01-11T15:16,43112.51,0.0,25.12,8.02,45,1011.5,15.6,0.104,32.5
3219,10906X0039/C2-1,BSS002MNYD,2026-01-12,103.05,Valeur mesurée,Syndicat Mixte pour la Protection et la Gestion des Nappes Souterraines de la Plaine du Roussillon  (20001584000016),2.685378283,42.685696389,2026-01-12T03:18,2026-01-12T15:16,43116.33,0.0,25.14,8.29,43,1012.5,20.2,0.104,32.5
3220,10906X0039/C2-1,BSS002MNYD,2026-01-13,103.09,Valeur mesurée,Syndicat Mixte pour la Protection et la Gestion des Nappes Souterraines de la Plaine du Roussillon  (20001584000016),2.685378283,42.685696389,2026-01-13T03:18,2026-01-13T15:17,43120.3,0.0,24.81,7.96,44,1012.4,17.0,0.104,32.5
3221,10906X0039/C2-1,BSS002MNYD,2026-01-14,103.15,Valeur mesurée,Syndicat Mixte pour la Protection et la Gestion des Nappes Souterraines de la Plaine du Roussillon  (20001584000016),2.685378283,42.685696389,2026-01-14T03:18,2026-01-14T15:17,43124.42,0.0,25.29,8.08,63,1011.1,16.8,0.104,32.5
3222,10906X0039/C2-1,BSS002MNYD,2026-01-15,103.2,Valeur mesurée,Syndicat Mixte pour la Protection et la Gestion des Nappes Souterraines de la Plaine du Roussillon  (20001584000016),2.685378283,42.685696389,2026-01-15T03:19,2026-01-15T15:17,43128.67,0.0,24.2,8.01,22,1010.1,17.7,0.104,32.6
3223,10906X0039/C2-1,BSS002MNYD,2026-01-16,103.23,Valeur mesurée,Syndicat Mixte pour la Protection et la Gestion des Nappes Souterraines de la Plaine du Roussillon  (20001584000016),2.685378283,42.685696389,2026-01-16T03:19,2026-01-16T15:18,43133.06,0.1,22.7,7.39,35,1010.2,16.4,0.104,32.8
3224,10906X0039/C2-1,BSS002MNYD,2026-01-17,103.31,Valeur mesurée,Syndicat Mixte pour la Protection et la Gestion des Nappes Souterraines de la Plaine du Roussillon  (20001584000016),2.685378283,42.685696389,2026-01-17T03:19,2026-01-17T15:18,43137.58,0.0,23.62,7.89,86,1010.0,19.5,0.104,32.9
3225,10906X0039/C2-1,BSS002MNYD,2026-01-18,103.21,Valeur mesurée,Syndicat Mixte pour la Protection et la Gestion des Nappes Souterraines de la Plaine du Roussillon  (20001584000016),2.685378283,42.685696389,2026-01-18T03:20,2026-01-18T15:19,43142.21,0.0,24.38,8.32,26,1009.5,20.4,0.104,32.9
3226,10906X0039/C2-1,BSS002MNYD,2026-01-19,103.06,Valeur mesurée,Syndicat Mixte pour la Protection et la Gestion des Nappes Souterraines de la Plaine du Roussillon  (20001584000016),2.685378283,42.685696389,2026-01-19T03:20,2026-01-19T15:19,43146.97,0.0,25.25,8.17,54,1009.8,19.0,0.104,32.9
3227,10906X0039/C2-1,BSS002MNYD,2026-01-20,103.35,Valeur mesurée,Syndicat Mixte pour la Protection et la Gestion des Nappes Souterraines de la Plaine du Roussillon  (20001584000016),2.685378283,42.685696389,2026-01-20T03:20,2026-01-20T15:19,43151.83,0.0,25.47,8.43,47,1009.5,19.2,0.104,33.0
3228,10906X0039/C2-1,BSS002MNYD,2026-01-21,103.59,Valeur mesurée,Syndicat Mixte pour la Protection et la Gestion des Nappes Souterraines de la Plaine du Roussillon  (20001584000016),2.685378283,42.685696389,2026-01-21T03:20,2026-01-21T15:20,43156.8,0.0,25.52,8.53,60,1010.4,19.3,0.104,33.0
3229,10906X0039/C2-1,BSS002MNYD,2026-01-22,103.66,Valeur mesurée,Syndicat Mixte pour la Protection et la Gestion des Nappes Souterraines de la Plaine du Roussillon  (20001584000016),2.685378283,42.685696389,2026-01-22T03:21,2026-01-22T15:20,43161.89,0.0,25.66,9.04,35,1011.5,19.7,0.104,33.0
3230,10906X0039/C2-1,BSS002MNYD,2026-01-23,103.7,Valeur mesurée,Syndicat Mixte pour la Protection et la Gestion des Nappes Souterraines de la Plaine du Roussillon  (20001584000016),2.685378283,42.685696389,2026-01-23T03:21,2026-01-23T15:20,43167.13,0.0,25.88,9.12,17,1012.2,18.8,0.104,33.0
3231,10906X0039/C2-1,BSS002MNYD,2026-01-24,103.93,Valeur mesurée,Syndicat Mixte pour la Protection et la Gestion des Nappes Souterraines de la Plaine du Roussillon  (20001584000016),2.685378283,42.685696389,2026-01-24T03:21,2026-01-24T15:21,43172.55,0.0,24.87,7.84,74,1012.1,17.8,0.104,33.0
3232,10906X0039/C2-1,BSS002MNYD,2026-01-25,104.08,Valeur mesurée,Syndicat Mixte pour la Protection et la Gestion des Nappes Souterraines de la Plaine du Roussillon  (20001584000016),2.685378283,42.685696389,2026-01-25T03:21,2026-01-25T15:21,43178.12,0.0,25.37,7.23,60,1011.3,14.0,0.103,33.1
3233,10906X0039/C2-1,BSS002MNYD,2026-01-26,104.03,Valeur mesurée,Syndicat Mixte pour la Protection et la Gestion des Nappes Souterraines de la Plaine du Roussillon  (20001584000016),2.685378283,42.685696389,2026-01-26T03:21,2026-01-26T15:21,43183.85,0.0,25.17,8.3,47,1010.6,17.5,0.104,33.2
3234,10906X0039/C2-1,BSS002MNYD,2026-01-27,104.08,Valeur mesurée,Syndicat Mixte pour la Protection et la Gestion des Nappes Souterraines de la Plaine du Roussillon  (20001584000016),2.685378283,42.685696389,2026-01-27T03:21,2026-01-27T15:21,43189.73,0.0,25.91,8.7,32,1012.2,20.5,0.104,33.1
3235,10906X0039/C2-1,BSS002MNYD,2026-01-28,104.16,Valeur mesurée,Syndicat Mixte pour la Protection et la Gestion des Nappes Souterraines de la Plaine du Roussillon  (20001584000016),2.685378283,42.685696389,2026-01-28T03:22,2026-01-28T15:22,43195.74,0.0,25.81,8.42,79,1012.5,18.1,0.103,33.1
3236,10906X0039/C2-1,BSS002MNYD,2026-01-29,104.19,Valeur mesurée,Syndicat Mixte pour la Protection et la Gestion des Nappes Souterraines de la Plaine du Roussillon  (20001584000016),2.685378283,42.685696389,2026-01-29T03:22,2026-01-29T15:22,43201.88,0.0,25.94,8.45,54,1011.6,18.8,0.103,33.2
3237,10906X0039/C2-1,BSS002MNYD,2026-01-30,104.21,Valeur mesurée,Syndicat Mixte pour la Protection et la Gestion des Nappes Souterraines de la Plaine du Roussillon  (20001584000016),2.685378283,42.685696389,2026-01-30T03:22,2026-01-30T15:22,43208.14,0.0,24.97,7.87,24,1010.6,19.4,0.104,33.2
3238,10906X0039/C2-1,BSS002MNYD,2026-01-31,104.23,Valeur mesurée,Syndicat Mixte pour la Protection et la Gestion des Nappes Souterraines de la Plaine du Roussillon  (20001584000016),2.685378283,42.685696389,2026-01-31T03:22,2026-01-31T15:22,43214.51,0.0,25.79,8.88,0,1010.0,19.8,0.104,33.3
3239,10906X0039/C2-1,BSS002MNYD,2026-02-01,104.24,Valeur mesurée,Syndicat Mixte pour la Protection et la Gestion des Nappes Souterraines de la Plaine du Roussillon  (20001584000016),2.685378283,42.685696389,2026-02-01T03:22,2026-02-01T15:22,43221.0,0.0,26.11,8.65,1,1011.5,19.4,0.104,33.3
3240,10906X0039/C2-1,BSS002MNYD,2026-02-02,104.25,Valeur mesurée,Syndicat Mixte pour la Protection et la Gestion des Nappes Souterraines de la Plaine du Roussillon  (20001584000016),2.685378283,42.685696389,2026-02-02T03:22,2026-02-02T15:23,43227.57,0.0,25.69,8.32,1,1012.1,19.8,0.103,33.3
3241,10906X0039/C2-1,BSS002MNYD,2026-02-03,104.26,Valeur mesurée,Syndicat Mixte pour la Protection et la Gestion des Nappes Souterraines de la Plaine du Roussillon  (20001584000016),2.685378283,42.685696389,2026-02-03T03:22,2026-02-03T15:23,43234.25,0.0,25.1,7.29,21,1012.0,13.0,0.103,33.3
3242,10906X0039/C2-1,BSS002MNYD,2026-02-04,104.26,Valeur mesurée,Syndicat Mixte pour la Protection et la Gestion des Nappes Souterraines de la Plaine du Roussillon  (20001584000016),2.685378283,42.685696389,2026-02-04T03:22,2026-02-04T15:23,43241.01,0.0,26.09,7.69,5,1010.4,16.1,0.103,33.4
3243,10906X0039/C2-1,BSS002MNYD,2026-02-05,104.26,Valeur mesurée,Syndicat Mixte pour la Protection et la Gestion des Nappes Souterraines de la Plaine du Roussillon  (20001584000016),2.685378283,42.685696389,2026-02-05T03:22,2026-02-05T15:23,43247.84,0.0,24.43,7.67,72,1010.0,17.6,0.102,33.5
3244,10906X0039/C2-1,BSS002MNYD,2026-02-06,104.25,Valeur mesurée,Syndicat Mixte pour la Protection et la Gestion des Nappes Souterraines de la Plaine du Roussillon  (20001584000016),2.685378283,42.685696389,2026-02-06T03:22,2026-02-06T15:23,43254.75,0.0,23.89,7.08,93,1012.0,14.0,0.102,33.5
3245,10906X0039/C2-1,BSS002MNYD,2026-02-07,104.17,Valeur mesurée,Syndicat Mixte pour la Protection et la Gestion des Nappes Souterraines de la Plaine du Roussillon  (20001584000016),2.685378283,42.685696389,2026-02-07T03:22,2026-02-07T15:23,43261.71,0.0,25.46,7.49,85,1011.4,13.4,0.103,33.6
3246,10906X0039/C2-1,BSS002MNYD,2026-02-08,104.14,Valeur mesurée,Syndicat Mixte pour la Protection et la Gestion des Nappes Souterraines de la Plaine du Roussillon  (20001584000016),2.685378283,42.685696389,2026-02-08T03:22,2026-02-08T15:23,43268.74,0.0,25.09,7.51,22,1011.4,17.8,0.103,33.6
3247,10906X0039/C2-1,BSS002MNYD,2026-02-09,104.12,Valeur mesurée,Syndicat Mixte pour la Protection et la Gestion des Nappes Souterraines de la Plaine du Roussillon  (20001584000016),2.685378283,42.685696389,2026-02-09T03:22,2026-02-09T15:24,43275.81,0.0,26.08,8.65,6,1010.5,19.3,0.102,33.6
3248,10906X0039/C2-1,BSS002MNYD,2026-02-10,104.12,Valeur mesurée,Syndicat Mixte pour la Protection et la Gestion des Nappes Souterraines de la Plaine du Roussillon  (20001584000016),2.685378283,42.685696389,2026-02-10T03:22,2026-02-10T15:24,43282.93,0.0,26.99,9.13,0,1010.9,17.4,0.102,33.6
3249,10906X0039/C2-1,BSS002MNYD,2026-02-11,104.13,Valeur mesurée,Syndicat Mixte pour la Protection et la Gestion des Nappes Souterraines de la Plaine du Roussillon  (20001584000016),2.685378283,42.685696389,2026-02-11T03:22,2026-02-11T15:24,43290.09,0.0,26.15,8.78,4,1011.8,20.6,0.102,33.6
3250,10906X0039/C2-1,BSS002MNYD,2026-02-12,104.13,Valeur mesurée,Syndicat Mixte pour la Protection et la Gestion des Nappes Souterraines de la Plaine du Roussillon  (20001584000016),2.685378283,42.685696389,2026-02-12T03:22,2026-02-12T15:24,43297.37,0.0,25.34,7.63,29,1011.4,16.2,0.102,33.7
3251,10906X0039/C2-1,BSS002MNYD,2026-02-13,104.13,Valeur mesurée,Syndicat Mixte pour la Protection et la Gestion des Nappes Souterraines de la Plaine du Roussillon  (20001584000016),2.685378283,42.685696389,2026-02-13T03:22,2026-02-13T15:24,43304.76,0.0,24.52,7.07,12,1010.0,13.2,0.102,33.8
3252,10906X0039/C2-1,BSS002MNYD,2026-02-14,104.11,Valeur mesurée,Syndicat Mixte pour la Protection et la Gestion des Nappes Souterraines de la Plaine du Roussillon  (20001584000016),2.685378283,42.685696389,2026-02-14T03:22,2026-02-14T15:24,43312.27,0.0,25.54,7.33,26,1010.2,15.2,0.102,33.8
3253,10906X0039/C2-1,BSS002MNYD,2026-02-15,104.08,Valeur mesurée,Syndicat Mixte pour la Protection et la Gestion des Nappes Souterraines de la Plaine du Roussillon  (20001584000016),2.685378283,42.685696389,2026-02-15T03:22,2026-02-15T15:24,43319.88,0.0,25.55,7.37,11,1011.3,15.0,0.102,33.9
3254,10906X0039/C2-1,BSS002MNYD,2026-02-16,104.08,Valeur mesurée,Syndicat Mixte pour la Protection et la Gestion des Nappes Souterraines de la Plaine du Roussillon  (20001584000016),2.685378283,42.685696389,2026-02-16T03:22,2026-02-16T15:24,43327.59,0.0,25.71,7.37,47,1010.6,14.0,0.102,33.9
3255,10906X0039/C2-1,BSS002MNYD,2026-02-17,104.08,Valeur mesurée,Syndicat Mixte pour la Protection et la Gestion des Nappes Souterraines de la Plaine du Roussillon  (20001584000016),2.685378283,42.685696389,2026-02-17T03:22,2026-02-17T15:24,43335.39,0.0,25.79,7.53,23,1008.9,15.6,0.102,34.0
3256,10906X0039/C2-1,BSS002MNYD,2026-02-18,104.22,Valeur mesurée,Syndicat Mixte pour la Protection et la Gestion des Nappes Souterraines de la Plaine du Roussillon  (20001584000016),2.685378283,42.685696389,2026-02-18T03:21,2026-02-18T15:24,43343.27,0.0,26.53,8.04,55,1009.8,15.9,0.102,34.0
3257,10906X0039/C2-1,BSS002MNYD,2026-02-19,104.24,Valeur mesurée,Syndicat Mixte pour la Protection et la Gestion des Nappes Souterraines de la Plaine du Roussillon  (20001584000016),2.685378283,42.685696389,2026-02-19T03:21,2026-02-19T15:24,43351.23,0.0,25.19,6.79,17,1010.0,12.9,0.102,34.0
3258,10906X0039/C2-1,BSS002MNYD,2026-02-20,104.23,Valeur mesurée,Syndicat Mixte pour la Protection et la Gestion des Nappes Souterraines de la Plaine du Roussillon  (20001584000016),2.685378283,42.685696389,2026-02-20T03:21,2026-02-20T15:24,43359.25,0.0,26.11,7.58,46,1010.4,14.3,0.102,34.0
3259,10906X0039/C2-1,BSS002MNYD,2026-02-21,104.19,Valeur mesurée,Syndicat Mixte pour la Protection et la Gestion des Nappes Souterraines de la Plaine du Roussillon  (20001584000016),2.685378283,42.685696389,2026-02-21T03:21,2026-02-21T15:24,43367.34,0.0,26.9,8.17,34,1009.9,14.7,0.101,34.0
3260,10906X0039/C2-1,BSS002MNYD,2026-02-22,104.19,Valeur mesurée,Syndicat Mixte pour la Protection et la Gestion des Nappes Souterraines de la Plaine du Roussillon  (20001584000016),2.685378283,42.685696389,2026-02-22T03:21,2026-02-22T15:24,43375.49,0.0,27.05,8.12,62,1007.8,14.5,0.101,33.9
3261,10906X0039/C2-1,BSS002MNYD,2026-02-23,104.19,Valeur mesurée,Syndicat Mixte pour la Protection et la Gestion des Nappes Souterraines de la Plaine du Roussillon  (20001584000016),2.685378283,42.685696389,2026-02-23T03:20,2026-02-23T15:24,43383.68,0.0,26.82,7.29,60,1007.8,13.2,0.101,33.9
3262,10906X0039/C2-1,BSS002MNYD,2026-02-24,104.16,Valeur mesurée,Syndicat Mixte pour la Protection et la Gestion des Nappes Souterraines de la Plaine du Roussillon  (20001584000016),2.685378283,42.685696389,2026-02-24T03:20,2026-02-24T15:23,43391.91,0.0,24.33,7.74,26,1008.5,16.0,0.101,34.0
3263,10906X0039/C2-1,BSS002MNYD,2026-02-25,104.18,Valeur mesurée,Syndicat Mixte pour la Protection et la Gestion des Nappes Souterraines de la Plaine du Roussillon  (20001584000016),2.685378283,42.685696389,2026-02-25T03:20,2026-02-25T15:23,43400.18,0.0,24.86,8.09,46,1009.2,16.0,0.101,34.1
3264,10906X0039/C2-1,BSS002MNYD,2026-02-26,104.19,Valeur mesurée,Syndicat Mixte pour la Protection et la Gestion des Nappes Souterraines de la Plaine du Roussillon  (20001584000016),2.685378283,42.685696389,2026-02-26T03:20,2026-02-26T15:23,43408.48,0.0,25.15,7.94,12,1008.9,15.6,0.101,34.3
3265,10906X0039/C2-1,BSS002MNYD,2026-02-27,104.19,Valeur mesurée,Syndicat Mixte pour la Protection et la Gestion des Nappes Souterraines de la Plaine du Roussillon  (20001584000016),2.685378283,42.685696389,2026-02-27T03:20,2026-02-27T15:23,43416.79,0.0,25.11,7.26,49,1007.5,14.5,0.102,34.4
3266,10906X0039/C2-1,BSS002MNYD,2026-02-28,104.19,Valeur mesurée,Syndicat Mixte pour la Protection et la Gestion des Nappes Souterraines de la Plaine du Roussillon  (20001584000016),2.685378283,42.685696389,2026-02-28T03:19,2026-02-28T15:23,43425.12,0.0,22.39,6.68,72,1007.5,16.4,0.102,34.2
3267,10906X0039/C2-1,BSS002MNYD,2026-03-01,104.18,Valeur mesurée,Syndicat Mixte pour la Protection et la Gestion des Nappes Souterraines de la Plaine du Roussillon  (20001584000016),2.685378283,42.685696389,2026-03-01T03:19,2026-03-01T15:23,43433.46,0.1,24.0,7.05,82,1008.7,16.3,0.102,34.2
3268,10906X0039/C2-1,BSS002MNYD,2026-03-02,104.18,Valeur mesurée,Syndicat Mixte pour la Protection et la Gestion des Nappes Souterraines de la Plaine du Roussillon  (20001584000016),2.685378283,42.685696389,2026-03-02T03:19,2026-03-02T15:23,43441.8,0.1,24.62,7.14,32,1009.6,15.4,0.101,34.3
3269,10906X0039/C2-1,BSS002MNYD,2026-03-03,104.16,Valeur mesurée,Syndicat Mixte pour la Protection et la Gestion des Nappes Souterraines de la Plaine du Roussillon  (20001584000016),2.685378283,42.685696389,2026-03-03T03:19,2026-03-03T15:23,43450.14,0.0,18.76,5.36,81,1009.2,11.3,0.101,34.3
3270,10906X0039/C2-1,BSS002MNYD,2026-03-04,104.16,Valeur mesurée,Syndicat Mixte pour la Protection et la Gestion des Nappes Souterraines de la Plaine du Roussillon  (20001584000016),2.685378283,42.685696389,2026-03-04T03:18,2026-03-04T15:23,43458.56,0.9,24.16,6.87,35,1009.5,14.0,0.101,34.3
3271,10906X0039/C2-1,BSS002MNYD,2026-03-05,104.18,Valeur mesurée,Syndicat Mixte pour la Protection et la Gestion des Nappes Souterraines de la Plaine du Roussillon  (20001584000016),2.685378283,42.685696389,2026-03-05T03:18,2026-03-05T15:22,43467.05,0.4,24.29,7.06,58,1010.6,14.8,0.101,34.2
3272,10906X0039/C2-1,BSS002MNYD,2026-03-06,104.28,Valeur mesurée,Syndicat Mixte pour la Protection et la Gestion des Nappes Souterraines de la Plaine du Roussillon  (20001584000016),2.685378283,42.685696389,2026-03-06T03:18,2026-03-06T15:22,43475.62,0.0,21.44,6.56,76,1010.2,15.7,0.101,34.1
3273,10906X0039/C2-1,BSS002MNYD,2026-03-07,104.45,Valeur mesurée,Syndicat Mixte pour la Protection et la Gestion des Nappes Souterraines de la Plaine du Roussillon  (20001584000016),2.685378283,42.685696389,2026-03-07T03:17,2026-03-07T15:22,43484.25,2.5,18.99,5.67,81,1009.9,13.6,0.1,34.1
3274,10906X0039/C2-1,BSS002MNYD,2026-03-08,104.53,Valeur mesurée,Syndicat Mixte pour la Protection et la Gestion des Nappes Souterraines de la Plaine du Roussillon  (20001584000016),2.685378283,42.685696389,2026-03-08T03:17,2026-03-08T15:22,43492.94,0.3,24.01,6.88,25,1010.2,16.0,0.1,34.0
3275,10906X0039/C2-1,BSS002MNYD,2026-03-09,104.56,Valeur mesurée,Syndicat Mixte pour la Protection et la Gestion des Nappes Souterraines de la Plaine du Roussillon  (20001584000016),2.685378283,42.685696389,2026-03-09T03:17,2026-03-09T15:22,43501.69,0.0,24.09,6.96,30,1009.3,15.0,0.1,34.1
3276,10906X0039/C2-1,BSS002MNYD,2026-03-10,104.58,Valeur mesurée,Syndicat Mixte pour la Protection et la Gestion des Nappes Souterraines de la Plaine du Roussillon  (20001584000016),2.685378283,42.685696389,2026-03-10T03:16,2026-03-10T15:22,43510.48,0.0,23.59,6.89,91,1009.6,15.0,0.101,34.2
3277,10906X0039/C2-1,BSS002MNYD,2026-03-11,104.58,Valeur mesurée,Syndicat Mixte pour la Protection et la Gestion des Nappes Souterraines de la Plaine du Roussillon  (20001584000016),2.685378283,42.685696389,2026-03-11T03:16,2026-03-11T15:21,43519.31,0.0,25.41,7.26,71,1009.4,14.8,0.102,34.3
3278,10906X0039/C2-1,BSS002MNYD,2026-03-12,104.57,Valeur mesurée,Syndicat Mixte pour la Protection et la Gestion des Nappes Souterraines de la Plaine du Roussillon  (20001584000016),2.685378283,42.685696389,2026-03-12T03:16,2026-03-12T15:21,43528.19,0.0,25.75,7.57,72,1008.8,16.5,0.102,34.4
3279,10906X0039/C2-1,BSS002MNYD,2026-03-13,104.56,Valeur mesurée,Syndicat Mixte pour la Protection et la Gestion des Nappes Souterraines de la Plaine du Roussillon  (20001584000016),2.685378283,42.685696389,2026-03-13T03:15,2026-03-13T15:21,43537.09,0.0,26.58,7.82,88,1007.4,15.3,0.102,34.5
3280,10906X0039/C2-1,BSS002MNYD,2026-03-14,104.55,Valeur mesurée,Syndicat Mixte pour la Protection et la Gestion des Nappes Souterraines de la Plaine du Roussillon  (20001584000016),2.685378283,42.685696389,2026-03-14T03:15,2026-03-14T15:21,43546.01,0.0,24.88,7.66,97,1008.2,17.0,0.103,34.3
3281,10906X0039/C2-1,BSS002MNYD,2026-03-15,104.52,Valeur mesurée,Syndicat Mixte pour la Protection et la Gestion des Nappes Souterraines de la Plaine du Roussillon  (20001584000016),2.685378283,42.685696389,2026-03-15T03:15,2026-03-15T15:21,43554.94,0.0,25.79,8.45,55,1008.7,19.0,0.103,34.3
3282,10906X0039/C2-1,BSS002MNYD,2026-03-16,104.49,Valeur mesurée,Syndicat Mixte pour la Protection et la Gestion des Nappes Souterraines de la Plaine du Roussillon  (20001584000016),2.685378283,42.685696389,2026-03-16T03:14,2026-03-16T15:20,43563.89,0.4,19.85,5.75,43,1009.8,14.0,0.102,34.1
3283,10906X0039/C2-1,BSS002MNYD,2026-03-17,104.47,Valeur mesurée,Syndicat Mixte pour la Protection et la Gestion des Nappes Souterraines de la Plaine du Roussillon  (20001584000016),2.685378283,42.685696389,2026-03-17T03:14,2026-03-17T15:20,43572.85,0.2,20.41,6.07,39,1007.8,16.4,0.102,34.0
3284,10906X0039/C2-1,BSS002MNYD,2026-03-18,104.46,Valeur mesurée,Syndicat Mixte pour la Protection et la Gestion des Nappes Souterraines de la Plaine du Roussillon  (20001584000016),2.685378283,42.685696389,2026-03-18T03:14,2026-03-18T15:20,43581.8,0.2,20.66,6.13,88,1009.0,16.3,0.099,34.1
3285,10906X0039/C2-1,BSS002MNYD,2026-03-19,104.44,Valeur mesurée,Syndicat Mixte pour la Protection et la Gestion des Nappes Souterraines de la Plaine du Roussillon  (20001584000016),2.685378283,42.685696389,2026-03-19T03:13,2026-03-19T15:20,43590.74,0.5,24.01,6.97,86,1008.8,14.6,0.099,34.2
3286,10906X0039/C2-1,BSS002MNYD,2026-03-20,104.44,Valeur mesurée,Syndicat Mixte pour la Protection et la Gestion des Nappes Souterraines de la Plaine du Roussillon  (20001584000016),2.685378283,42.685696389,2026-03-20T03:13,2026-03-20T15:20,43599.67,1.7,17.47,5.12,95,1008.9,15.1,0.1,33.9
3287,10906X0039/C2-1,BSS002MNYD,2026-03-21,104.43,Valeur mesurée,Syndicat Mixte pour la Protection et la Gestion des Nappes Souterraines de la Plaine du Roussillon  (20001584000016),2.685378283,42.685696389,2026-03-21T03:12,2026-03-21T15:19,43608.58,0.7,23.17,6.2,81,1008.8,13.0,0.101,33.9
3288,10906X0039/C2-1,BSS002MNYD,2026-03-22,104.43,Valeur mesurée,Syndicat Mixte pour la Protection et la Gestion des Nappes Souterraines de la Plaine du Roussillon  (20001584000016),2.685378283,42.685696389,2026-03-22T03:12,2026-03-22T15:19,43617.46,0.0,23.84,7.02,25,1009.0,15.3,0.101,33.9
3289,10906X0039/C2-1,BSS002MNYD,2026-03-23,104.42,Valeur mesurée,Syndicat Mixte pour la Protection et la Gestion des Nappes Souterraines de la Plaine du Roussillon  (20001584000016),2.685378283,42.685696389,2026-03-23T03:12,2026-03-23T15:19,43626.31,1.1,20.6,5.78,79,1010.2,13.5,0.101,33.7
3290,10906X0039/C2-1,BSS002MNYD,2026-03-24,104.41,Valeur mesurée,Syndicat Mixte pour la Protection et la Gestion des Nappes Souterraines de la Plaine du Roussillon  (20001584000016),2.685378283,42.685696389,2026-03-24T03:11,2026-03-24T15:19,43635.22,0.4,20.67,5.92,47,1009.6,13.8,0.102,33.5
3291,10906X0039/C2-1,BSS002MNYD,2026-03-25,104.42,Valeur mesurée,Syndicat Mixte pour la Protection et la Gestion des Nappes Souterraines de la Plaine du Roussillon  (20001584000016),2.685378283,42.685696389,2026-03-25T03:11,2026-03-25T15:18,43644.16,0.0,24.9,6.78,39,1008.2,12.2,0.102,33.6
3292,10906X0039/C2-1,BSS002MNYD,2026-03-26,104.41,Valeur mesurée,Syndicat Mixte pour la Protection et la Gestion des Nappes Souterraines de la Plaine du Roussillon  (20001584000016),2.685378283,42.685696389,2026-03-26T03:11,2026-03-26T15:18,43653.14,1.5,17.06,4.86,94,1010.6,13.1,0.106,33.6
3293,10906X0039/C2-1,BSS002MNYD,2026-03-27,104.4,Valeur mesurée,Syndicat Mixte pour la Protection et la Gestion des Nappes Souterraines de la Plaine du Roussillon  (20001584000016),2.685378283,42.685696389,2026-03-27T03:10,2026-03-27T15:18,43662.15,0.0,24.9,7.22,59,1011.7,16.4,0.106,33.6
3294,10906X0039/C2-1,BSS002MNYD,2026-03-28,104.39,Valeur mesurée,Syndicat Mixte pour la Protection et la Gestion des Nappes Souterraines de la Plaine du Roussillon  (20001584000016),2.685378283,42.685696389,2026-03-28T03:10,2026-03-28T15:18,43671.2,0.2,24.43,6.38,34,1010.8,10.7,0.105,33.8
3295,10906X0039/C2-1,BSS002MNYD,2026-03-29,104.39,Valeur mesurée,Syndicat Mixte pour la Protection et la Gestion des Nappes Souterraines de la Plaine du Roussillon  (20001584000016),2.685378283,42.685696389,2026-03-29T03:10,2026-03-29T15:18,43680.27,0.7,20.86,5.65,67,1009.1,9.6,0.105,33.9
3296,10906X0039/C2-1,BSS002MNYD,2026-03-30,104.4,Valeur mesurée,Syndicat Mixte pour la Protection et la Gestion des Nappes Souterraines de la Plaine du Roussillon  (20001584000016),2.685378283,42.685696389,2026-03-30T03:09,2026-03-30T15:17,43689.35,19.8,17.32,4.17,88,1009.7,8.6,0.108,33.5
3297,10906X0039/C2-1,BSS002MNYD,2026-03-31,104.4,Valeur mesurée,Syndicat Mixte pour la Protection et la Gestion des Nappes Souterraines de la Plaine du Roussillon  (20001584000016),2.685378283,42.685696389,2026-03-31T03:09,2026-03-31T15:17,43698.45,0.8,23.95,5.73,78,1010.2,8.7,0.111,33.1
3298,10906X0039/C2-1,BSS002MNYD,2026-04-01,104.4,Valeur mesurée,Syndicat Mixte pour la Protection et la Gestion des Nappes Souterraines de la Plaine du Roussillon  (20001584000016),2.685378283,42.685696389,2026-04-01T03:08,2026-04-01T15:17,43707.55,3.6,21.92,5.22,93,1010.7,8.8,0.109,33.1
3299,10906X0039/C2-1,BSS002MNYD,2026-04-02,104.4,Valeur mesurée,Syndicat Mixte pour la Protection et la Gestion des Nappes Souterraines de la Plaine du Roussillon  (20001584000016),2.685378283,42.685696389,2026-04-02T03:08,2026-04-02T15:17,43716.65,0.2,24.31,6.04,51,1010.6,10.5,0.108,33.2
3300,10906X0039/C2-1,BSS002MNYD,2026-04-03,104.44,Valeur mesurée,Syndicat Mixte pour la Protection et la Gestion des Nappes Souterraines de la Plaine du Roussillon  (20001584000016),2.685378283,42.685696389,2026-04-03T03:08,2026-04-03T15:16,43725.74,0.0,24.99,6.9,31,1010.4,14.2,0.107,33.3
3301,10906X0039/C2-1,BSS002MNYD,2026-04-04,104.45,Valeur mesurée,Syndicat Mixte pour la Protection et la Gestion des Nappes Souterraines de la Plaine du Roussillon  (20001584000016),2.685378283,42.685696389,2026-04-04T03:07,2026-04-04T15:16,43734.82,0.2,20.1,5.29,53,1010.4,8.6,0.106,33.5
3302,10906X0039/C2-1,BSS002MNYD,2026-04-05,104.4,Valeur mesurée,Syndicat Mixte pour la Protection et la Gestion des Nappes Souterraines de la Plaine du Roussillon  (20001584000016),2.685378283,42.685696389,2026-04-05T03:07,2026-04-05T15:16,43743.89,0.7,18.38,4.6,80,1011.4,6.9,0.107,33.5
3303,10906X0039/C2-1,BSS002MNYD,2026-04-06,104.38,Valeur mesurée,Syndicat Mixte pour la Protection et la Gestion des Nappes Souterraines de la Plaine du Roussillon  (20001584000016),2.685378283,42.685696389,2026-04-06T03:07,2026-04-06T15:16,43752.91,0.0,19.21,5.91,68,1012.6,14.8,0.106,33.6
3304,10906X0039/C2-1,BSS002MNYD,2026-04-07,104.38,Valeur mesurée,Syndicat Mixte pour la Protection et la Gestion des Nappes Souterraines de la Plaine du Roussillon  (20001584000016),2.685378283,42.685696389,2026-04-07T03:06,2026-04-07T15:16,43761.92,3.1,18.37,4.79,41,1013.5,10.4,0.107,33.3
3305,10906X0039/C2-1,BSS002MNYD,2026-04-08,104.38,Valeur mesurée,Syndicat Mixte pour la Protection et la Gestion des Nappes Souterraines de la Plaine du Roussillon  (20001584000016),2.685378283,42.685696389,2026-04-08T03:06,2026-04-08T15:15,43770.87,14.0,20.93,5.13,49,1012.7,10.8,0.109,33.2
3306,10906X0039/C2-1,BSS002MNYD,2026-04-09,104.37,Valeur mesurée,Syndicat Mixte pour la Protection et la Gestion des Nappes Souterraines de la Plaine du Roussillon  (20001584000016),2.685378283,42.685696389,2026-04-09T03:05,2026-04-09T15:15,43779.78,1.4,23.32,5.99,56,1011.8,11.8,0.107,33.3
3307,10906X0039/C2-1,BSS002MNYD,2026-04-10,104.37,Valeur mesurée,Syndicat Mixte pour la Protection et la Gestion des Nappes Souterraines de la Plaine du Roussillon  (20001584000016),2.685378283,42.685696389,2026-04-10T03:05,2026-04-10T15:15,43788.64,0.7,23.86,5.97,43,1011.9,10.0,0.114,33.0
3308,10906X0039/C2-1,BSS002MNYD,2026-04-11,104.37,Valeur mesurée,Syndicat Mixte pour la Protection et la Gestion des Nappes Souterraines de la Plaine du Roussillon  (20001584000016),2.685378283,42.685696389,2026-04-11T03:05,2026-04-11T15:15,43797.44,0.2,23.97,6.04,32,1011.6,10.1,0.112,33.1
3309,10906X0039/C2-1,BSS002MNYD,2026-04-12,104.38,Valeur mesurée,Syndicat Mixte pour la Protection et la Gestion des Nappes Souterraines de la Plaine du Roussillon  (20001584000016),2.685378283,42.685696389,2026-04-12T03:04,2026-04-12T15:15,43806.17,0.3,24.02,6.06,65,1010.7,11.2,0.113,33.0
3310,10906X0039/C2-1,BSS002MNYD,2026-04-13,104.38,Valeur mesurée,Syndicat Mixte pour la Protection et la Gestion des Nappes Souterraines de la Plaine du Roussillon  (20001584000016),2.685378283,42.685696389,2026-04-13T03:04,2026-04-13T15:14,43814.92,0.4,23.72,6.45,64,1010.3,12.5,0.11,33.1
3311,10906X0039/C2-1,BSS002MNYD,2026-04-14,104.36,Valeur mesurée,Syndicat Mixte pour la Protection et la Gestion des Nappes Souterraines de la Plaine du Roussillon  (20001584000016),2.685378283,42.685696389,2026-04-14T03:04,2026-04-14T15:14,43823.67,4.2,23.7,6.29,44,1010.6,13.1,0.11,33.1
3312,10906X0039/C2-1,BSS002MNYD,2026-04-15,104.35,Valeur mesurée,Syndicat Mixte pour la Protection et la Gestion des Nappes Souterraines de la Plaine du Roussillon  (20001584000016),2.685378283,42.685696389,2026-04-15T03:04,2026-04-15T15:14,43832.43,17.0,16.66,3.66,91,1010.3,7.8,0.117,32.5
3313,10906X0039/C2-1,BSS002MNYD,2026-04-16,104.37,Valeur mesurée,Syndicat Mixte pour la Protection et la Gestion des Nappes Souterraines de la Plaine du Roussillon  (20001584000016),2.685378283,42.685696389,2026-04-16T03:03,2026-04-16T15:14,43841.18,19.0,18.98,4.19,90,1009.8,7.9,0.127,32.0
3314,10906X0039/C2-1,BSS002MNYD,2026-04-17,104.37,Valeur mesurée,Syndicat Mixte pour la Protection et la Gestion des Nappes Souterraines de la Plaine du Roussillon  (20001584000016),2.685378283,42.685696389,2026-04-17T03:03,2026-04-17T15:14,43849.92,5.6,21.25,4.64,75,1010.4,8.2,0.128,31.8
3315,10906X0039/C2-1,BSS002MNYD,2026-04-18,104.37,Valeur mesurée,Syndicat Mixte pour la Protection et la Gestion des Nappes Souterraines de la Plaine du Roussillon  (20001584000016),2.685378283,42.685696389,2026-04-18T03:03,2026-04-18T15:14,43858.66,5.9,18.78,4.28,70,1010.4,9.3,0.129,31.6
3316,10906X0039/C2-1,BSS002MNYD,2026-04-19,104.34,Valeur mesurée,Syndicat Mixte pour la Protection et la Gestion des Nappes Souterraines de la Plaine du Roussillon  (20001584000016),2.685378283,42.685696389,2026-04-19T03:02,2026-04-19T15:13,43867.36,2.3,21.18,4.61,63,1010.5,4.6,0.131,31.4
3317,10906X0039/C2-1,BSS002MNYD,2026-04-20,104.33,Valeur mesurée,Syndicat Mixte pour la Protection et la Gestion des Nappes Souterraines de la Plaine du Roussillon  (20001584000016),2.685378283,42.685696389,2026-04-20T03:02,2026-04-20T15:13,43876.04,1.4,18.22,3.92,58,1009.9,5.1,0.133,31.2
3318,10906X0039/C2-1,BSS002MNYD,2026-04-21,104.33,Valeur mesurée,Syndicat Mixte pour la Protection et la Gestion des Nappes Souterraines de la Plaine du Roussillon  (20001584000016),2.685378283,42.685696389,2026-04-21T03:02,2026-04-21T15:13,43884.68,4.2,21.37,4.78,60,1009.9,10.9,0.132,31.2
3319,10906X0039/C2-1,BSS002MNYD,2026-04-22,104.32,Valeur mesurée,Syndicat Mixte pour la Protection et la Gestion des Nappes Souterraines de la Plaine du Roussillon  (20001584000016),2.685378283,42.685696389,2026-04-22T03:02,2026-04-22T15:13,43893.28,0.1,24.45,5.9,24,1009.0,13.6,0.13,31.2
3320,10906X0039/C2-1,BSS002MNYD,2026-04-23,104.31,Valeur mesurée,Syndicat Mixte pour la Protection et la Gestion des Nappes Souterraines de la Plaine du Roussillon  (20001584000016),2.685378283,42.685696389,2026-04-23T03:01,2026-04-23T15:13,43901.83,8.0,18.65,4.11,89,1009.6,12.8,0.121,31.0
3321,10906X0039/C2-1,BSS002MNYD,2026-04-24,104.31,Valeur mesurée,Syndicat Mixte pour la Protection et la Gestion des Nappes Souterraines de la Plaine du Roussillon  (20001584000016),2.685378283,42.685696389,2026-04-24T03:01,2026-04-24T15:13,43910.31,5.5,20.5,4.31,96,1009.4,9.4,0.121,30.6
3322,10906X0039/C2-1,BSS002MNYD,2026-04-25,104.31,Valeur mesurée,Syndicat Mixte pour la Protection et la Gestion des Nappes Souterraines de la Plaine du Roussillon  (20001584000016),2.685378283,42.685696389,2026-04-25T03:01,2026-04-25T15:13,43918.74,9.7,14.06,2.95,96,1010.9,7.4,0.108,30.4
3323,10906X0039/C2-1,BSS002MNYD,2026-04-26,104.31,Valeur mesurée,Syndicat Mixte pour la Protection et la Gestion des Nappes Souterraines de la Plaine du Roussillon  (20001584000016),2.685378283,42.685696389,2026-04-26T03:00,2026-04-26T15:13,43927.09,5.3,19.57,3.94,98,1011.3,7.1,0.113,30.3
3324,10906X0039/C2-1,BSS002MNYD,2026-04-27,104.31,Valeur mesurée,Syndicat Mixte pour la Protection et la Gestion des Nappes Souterraines de la Plaine du Roussillon  (20001584000016),2.685378283,42.685696389,2026-04-27T03:00,2026-04-27T15:12,43935.36,8.4,20.49,4.38,79,1010.9,10.2,0.118,30.2
3325,10906X0039/C2-1,BSS002MNYD,2026-04-28,104.32,Valeur mesurée,Syndicat Mixte pour la Protection et la Gestion des Nappes Souterraines de la Plaine du Roussillon  (20001584000016),2.685378283,42.685696389,2026-04-28T03:00,2026-04-28T15:12,43943.54,3.9,17.89,4.15,87,1010.2,11.1,0.104,30.3
3326,10906X0039/C2-1,BSS002MNYD,2026-04-29,104.32,Valeur mesurée,Syndicat Mixte pour la Protection et la Gestion des Nappes Souterraines de la Plaine du Roussillon  (20001584000016),2.685378283,42.685696389,2026-04-29T03:00,2026-04-29T15:12,43951.63,1.1,21.33,5.18,74,1010.7,14.1,0.1,30.3
3327,10906X0039/C2-1,BSS002MNYD,2026-04-30,104.32,Valeur mesurée,Syndicat Mixte pour la Protection et la Gestion des Nappes Souterraines de la Plaine du Roussillon  (20001584000016),2.685378283,42.685696389,2026-04-30T03:00,2026-04-30T15:12,43959.61,0.9,17.24,4.32,94,1011.9,14.3,0.088,30.3
3328,10906X0039/C2-1,BSS002MNYD,2026-05-01,104.32,Valeur mesurée,Syndicat Mixte pour la Protection et la Gestion des Nappes Souterraines de la Plaine du Roussillon  (20001584000016),2.685378283,42.685696389,2026-05-01T02:59,2026-05-01T15:12,43967.47,0.5,23.43,5.53,50,1011.6,13.5,0.083,30.3
3329,10906X0039/C2-1,BSS002MNYD,2026-05-02,104.35,Valeur mesurée,Syndicat Mixte pour la Protection et la Gestion des Nappes Souterraines de la Plaine du Roussillon  (20001584000016),2.685378283,42.685696389,2026-05-02T02:59,2026-05-02T15:12,43975.23,3.2,19.02,4.65,71,1012.1,14.4,0.079,30.3
3330,10906X0039/C2-1,BSS002MNYD,2026-05-03,104.37,Valeur mesurée,Syndicat Mixte pour la Protection et la Gestion des Nappes Souterraines de la Plaine du Roussillon  (20001584000016),2.685378283,42.685696389,2026-05-03T02:59,2026-05-03T15:12,43982.93,1.5,22.89,5.43,79,1012.6,13.1,0.078,30.3
3331,10906X0039/C2-1,BSS002MNYD,2026-05-04,104.35,Valeur mesurée,Syndicat Mixte pour la Protection et la Gestion des Nappes Souterraines de la Plaine du Roussillon  (20001584000016),2.685378283,42.685696389,2026-05-04T02:59,2026-05-04T15:12,43990.59,0.5,23.05,5.79,58,1011.6,16.4,0.077,30.5
3332,10906X0039/C2-1,BSS002MNYD,2026-05-05,104.36,Valeur mesurée,Syndicat Mixte pour la Protection et la Gestion des Nappes Souterraines de la Plaine du Roussillon  (20001584000016),2.685378283,42.685696389,2026-05-05T02:59,2026-05-05T15:12,43998.19,3.8,19.84,4.94,94,1010.8,16.0,0.078,30.5
3333,10906X0039/C2-1,BSS002MNYD,2026-05-06,104.37,Valeur mesurée,Syndicat Mixte pour la Protection et la Gestion des Nappes Souterraines de la Plaine du Roussillon  (20001584000016),2.685378283,42.685696389,2026-05-06T02:59,2026-05-06T15:12,44005.73,0.5,19.97,4.82,86,1010.4,14.0,0.078,30.4
3334,10906X0039/C2-1,BSS002MNYD,2026-05-07,104.37,Valeur mesurée,Syndicat Mixte pour la Protection et la Gestion des Nappes Souterraines de la Plaine du Roussillon  (20001584000016),2.685378283,42.685696389,2026-05-07T02:59,2026-05-07T15:12,44013.21,0.3,22.05,5.47,63,1010.1,13.8,0.076,30.6
3335,10906X0039/C2-1,BSS002MNYD,2026-05-08,104.38,Valeur mesurée,Syndicat Mixte pour la Protection et la Gestion des Nappes Souterraines de la Plaine du Roussillon  (20001584000016),2.685378283,42.685696389,2026-05-08T02:58,2026-05-08T15:12,44020.6,1.5,21.86,5.59,30,1010.2,16.9,0.074,30.8
3336,10906X0039/C2-1,BSS002MNYD,2026-05-09,104.37,Valeur mesurée,Syndicat Mixte pour la Protection et la Gestion des Nappes Souterraines de la Plaine du Roussillon  (20001584000016),2.685378283,42.685696389,2026-05-09T02:58,2026-05-09T15:12,44027.92,0.1,23.42,6.32,47,1011.0,17.2,0.071,30.9
3337,10906X0039/C2-1,BSS002MNYD,2026-05-10,104.36,Valeur mesurée,Syndicat Mixte pour la Protection et la Gestion des Nappes Souterraines de la Plaine du Roussillon  (20001584000016),2.685378283,42.685696389,2026-05-10T02:58,2026-05-10T15:12,44035.15,0.5,22.73,6.03,56,1011.6,17.0,0.072,31.0
3338,10906X0039/C2-1,BSS002MNYD,2026-05-11,104.36,Valeur mesurée,Syndicat Mixte pour la Protection et la Gestion des Nappes Souterraines de la Plaine du Roussillon  (20001584000016),2.685378283,42.685696389,2026-05-11T02:58,2026-05-11T15:12,44042.28,0.2,20.55,6.03,55,1012.4,17.9,0.073,31.0
3339,10906X0039/C2-1,BSS002MNYD,2026-05-12,104.33,Valeur mesurée,Syndicat Mixte pour la Protection et la Gestion des Nappes Souterraines de la Plaine du Roussillon  (20001584000016),2.685378283,42.685696389,2026-05-12T02:58,2026-05-12T15:12,44049.31,0.4,17.54,4.47,89,1012.7,15.5,0.042,32.0
3340,10906X0039/C2-1,BSS002MNYD,2026-05-13,104.32,Valeur mesurée,Syndicat Mixte pour la Protection et la Gestion des Nappes Souterraines de la Plaine du Roussillon  (20001584000016),2.685378283,42.685696389,2026-05-13T02:58,2026-05-13T15:12,44056.22,1.4,22.23,5.46,71,1011.9,18.3,0.028,32.6
3341,10906X0039/C2-1,BSS002MNYD,2026-05-14,104.31,Valeur mesurée,Syndicat Mixte pour la Protection et la Gestion des Nappes Souterraines de la Plaine du Roussillon  (20001584000016),2.685378283,42.685696389,2026-05-14T02:58,2026-05-14T15:12,44063.02,0.9,23.52,5.96,51,1012.2,20.1,0.027,32.8
3342,10906X0039/C2-1,BSS002MNYD,2026-05-15,104.31,Valeur mesurée,Syndicat Mixte pour la Protection et la Gestion des Nappes Souterraines de la Plaine du Roussillon  (20001584000016),2.685378283,42.685696389,2026-05-15T02:58,2026-05-15T15:12,44069.68,0.7,23.77,6.49,62,1011.7,19.7,0.027,32.8
3343,10906X0039/C2-1,BSS002MNYD,2026-05-16,104.31,Valeur mesurée,Syndicat Mixte pour la Protection et la Gestion des Nappes Souterraines de la Plaine du Roussillon  (20001584000016),2.685378283,42.685696389,2026-05-16T02:58,2026-05-16T15:12,44076.21,1.9,22.17,5.77,67,1011.5,20.4,0.025,32.5
3344,10906X0039/C2-1,BSS002MNYD,2026-05-17,104.31,Valeur mesurée,Syndicat Mixte pour la Protection et la Gestion des Nappes Souterraines de la Plaine du Roussillon  (20001584000016),2.685378283,42.685696389,2026-05-17T02:58,2026-05-17T15:13,44082.6,0.4,21.95,5.74,78,1012.4,20.5,0.025,32.6
3345,10906X0039/C2-1,BSS002MNYD,2026-05-18,104.32,Valeur mesurée,Syndicat Mixte pour la Protection et la Gestion des Nappes Souterraines de la Plaine du Roussillon  (20001584000016),2.685378283,42.685696389,2026-05-18T02:58,2026-05-18T15:13,44088.83,1.4,20.74,5.48,69,1012.9,19.7,0.025,32.4
3346,10906X0039/C2-1,BSS002MNYD,2026-05-19,104.32,Valeur mesurée,Syndicat Mixte pour la Protection et la Gestion des Nappes Souterraines de la Plaine du Roussillon  (20001584000016),2.685378283,42.685696389,2026-05-19T02:58,2026-05-19T15:13,44094.91,0.2,23.41,6.23,56,1012.9,20.0,0.024,32.5
3347,10906X0039/C2-1,BSS002MNYD,2026-05-20,104.31,Valeur mesurée,Syndicat Mixte pour la Protection et la Gestion des Nappes Souterraines de la Plaine du Roussillon  (20001584000016),2.685378283,42.685696389,2026-05-20T02:58,2026-05-20T15:13,44100.81,0.4,23.69,6.45,30,1013.1,20.0,0.026,32.4
3348,10906X0039/C2-1,BSS002MNYD,2026-05-21,104.32,Valeur mesurée,Syndicat Mixte pour la Protection et la Gestion des Nappes Souterraines de la Plaine du Roussillon  (20001584000016),2.685378283,42.685696389,2026-05-21T02:58,2026-05-21T15:13,44106.54,0.0,24.62,6.89,18,1013.6,20.0,0.023,32.5
3349,10906X0039/C2-1,BSS002MNYD,2026-05-22,104.3,Valeur mesurée,Syndicat Mixte pour la Protection et la Gestion des Nappes Souterraines de la Plaine du Roussillon  (20001584000016),2.685378283,42.685696389,2026-05-22T02:58,2026-05-22T15:13,44112.09,0.1,24.07,6.94,23,1014.2,20.1,0.024,32.6
3350,10906X0039/C2-1,BSS002MNYD,2026-05-23,104.32,Valeur mesurée,Syndicat Mixte pour la Protection et la Gestion des Nappes Souterraines de la Plaine du Roussillon  (20001584000016),2.685378283,42.685696389,2026-05-23T02:58,2026-05-23T15:13,44117.51,0.1,23.09,6.65,23,1014.7,20.6,0.024,32.5
3351,10906X0039/C2-1,BSS002MNYD,2026-05-24,104.38,Valeur mesurée,Syndicat Mixte pour la Protection et la Gestion des Nappes Souterraines de la Plaine du Roussillon  (20001584000016),2.685378283,42.685696389,2026-05-24T02:58,2026-05-24T15:13,44122.8,1.6,20.39,5.87,34,1015.1,20.8,0.024,32.3
3352,10906X0039/C2-1,BSS002MNYD,2026-05-25,104.3,Valeur mesurée,Syndicat Mixte pour la Protection et la Gestion des Nappes Souterraines de la Plaine du Roussillon  (20001584000016),2.685378283,42.685696389,2026-05-25T02:58,2026-05-25T15:13,44127.96,0.1,22.61,6.65,21,1014.9,21.3,0.024,32.2
3353,10906X0039/C2-1,BSS002MNYD,2026-05-26,104.28,Valeur mesurée,Syndicat Mixte pour la Protection et la Gestion des Nappes Souterraines de la Plaine du Roussillon  (20001584000016),2.685378283,42.685696389,2026-05-26T02:58,2026-05-26T15:14,44132.99,0.1,23.25,6.74,66,1014.5,19.4,0.023,32.2
3354,10906X0039/C2-1,BSS002MNYD,2026-05-27,104.29,Valeur mesurée,Syndicat Mixte pour la Protection et la Gestion des Nappes Souterraines de la Plaine du Roussillon  (20001584000016),2.685378283,42.685696389,2026-05-27T02:58,2026-05-27T15:14,44137.86,0.6,23.55,6.61,69,1014.5,19.6,0.023,32.1
3355,10906X0039/C2-1,BSS002MNYD,2026-05-28,104.33,Valeur mesurée,Syndicat Mixte pour la Protection et la Gestion des Nappes Souterraines de la Plaine du Roussillon  (20001584000016),2.685378283,42.685696389,2026-05-28T02:58,2026-05-28T15:14,44142.59,1.2,23.43,6.54,23,1014.9,19.7,0.023,32.1
3356,10906X0039/C2-1,BSS002MNYD,2026-05-29,104.28,Valeur mesurée,Syndicat Mixte pour la Protection et la Gestion des Nappes Souterraines de la Plaine du Roussillon  (20001584000016),2.685378283,42.685696389,2026-05-29T02:58,2026-05-29T15:14,44147.17,0.0,23.36,6.76,18,1015.2,20.6,0.022,32.2
3357,10906X0039/C2-1,BSS002MNYD,2026-05-30,104.25,Valeur mesurée,Syndicat Mixte pour la Protection et la Gestion des Nappes Souterraines de la Plaine du Roussillon  (20001584000016),2.685378283,42.685696389,2026-05-30T02:58,2026-05-30T15:14,44151.58,2.3,19.57,5.03,59,1014.7,20.0,0.023,32.0
3358,10906X0039/C2-1,BSS002MNYD,2026-05-31,104.23,Valeur mesurée,Syndicat Mixte pour la Protection et la Gestion des Nappes Souterraines de la Plaine du Roussillon  (20001584000016),2.685378283,42.685696389,2026-05-31T02:58,2026-05-31T15:14,44155.83,1.9,20.72,5.28,51,1014.5,19.1,0.024,31.8
3359,10906X0039/C2-1,BSS002MNYD,2026-06-01,104.26,Valeur mesurée,Syndicat Mixte pour la Protection et la Gestion des Nappes Souterraines de la Plaine du Roussillon  (20001584000016),2.685378283,42.685696389,2026-06-01T02:59,2026-06-01T15:15,44159.92,5.0,18.41,4.45,81,1015.1,17.3,0.025,31.6
3360,10906X0039/C2-1,BSS002MNYD,2026-06-02,104.26,Valeur mesurée,Syndicat Mixte pour la Protection et la Gestion des Nappes Souterraines de la Plaine du Roussillon  (20001584000016),2.685378283,42.685696389,2026-06-02T02:59,2026-06-02T15:15,44163.83,2.8,14.63,3.72,76,1015.6,15.7,0.026,31.3
3361,10906X0039/C2-1,BSS002MNYD,2026-06-03,104.23,Valeur mesurée,Syndicat Mixte pour la Protection et la Gestion des Nappes Souterraines de la Plaine du Roussillon  (20001584000016),2.685378283,42.685696389,2026-06-03T02:59,2026-06-03T15:15,44167.55,4.3,16.86,4.05,68,1015.1,18.4,0.025,31.2
3362,10906X0039/C2-1,BSS002MNYD,2026-06-04,104.23,Valeur mesurée,Syndicat Mixte pour la Protection et la Gestion des Nappes Souterraines de la Plaine du Roussillon  (20001584000016),2.685378283,42.685696389,2026-06-04T02:59,2026-06-04T15:15,44171.09,0.0,22.65,5.72,42,1013.9,16.7,0.023,31.5
3363,10906X0039/C2-1,BSS002MNYD,2026-06-05,104.22,Valeur mesurée,Syndicat Mixte pour la Protection et la Gestion des Nappes Souterraines de la Plaine du Roussillon  (20001584000016),2.685378283,42.685696389,2026-06-05T02:59,2026-06-05T15:15,44174.44,3.1,19.92,5.03,52,1013.5,17.6,0.021,31.6
3364,10906X0039/C2-1,BSS002MNYD,2026-06-06,104.22,Valeur mesurée,Syndicat Mixte pour la Protection et la Gestion des Nappes Souterraines de la Plaine du Roussillon  (20001584000016),2.685378283,42.685696389,2026-06-06T02:59,2026-06-06T15:16,44177.58,0.0,22.46,5.99,51,1014.5,18.7,0.02,31.8
3365,10906X0039/C2-1,BSS002MNYD,2026-06-07,104.28,Valeur mesurée,Syndicat Mixte pour la Protection et la Gestion des Nappes Souterraines de la Plaine du Roussillon  (20001584000016),2.685378283,42.685696389,2026-06-07T02:59,2026-06-07T15:16,44180.53,0.0,16.9,5.3,51,1016.2,19.3,0.019,31.8
3366,10906X0039/C2-1,BSS002MNYD,2026-06-08,104.29,Valeur mesurée,Syndicat Mixte pour la Protection et la Gestion des Nappes Souterraines de la Plaine du Roussillon  (20001584000016),2.685378283,42.685696389,2026-06-08T03:00,2026-06-08T15:16,44183.27,0.0,22.12,6.41,93,1016.0,19.4,0.018,31.8
3367,10906X0039/C2-1,BSS002MNYD,2026-06-09,104.37,Valeur mesurée,Syndicat Mixte pour la Protection et la Gestion des Nappes Souterraines de la Plaine du Roussillon  (20001584000016),2.685378283,42.685696389,2026-06-09T03:00,2026-06-09T15:16,44185.8,0.6,23.02,6.42,94,1015.0,18.8,0.019,31.8
3368,10906X0039/C2-1,BSS002MNYD,2026-06-10,104.39,Valeur mesurée,Syndicat Mixte pour la Protection et la Gestion des Nappes Souterraines de la Plaine du Roussillon  (20001584000016),2.685378283,42.685696389,2026-06-10T03:00,2026-06-10T15:16,44188.1,0.4,22.04,6.16,93,1014.7,18.8,0.019,31.8
3369,10906X0039/C2-1,BSS002MNYD,2026-06-11,104.28,Valeur mesurée,Syndicat Mixte pour la Protection et la Gestion des Nappes Souterraines de la Plaine du Roussillon  (20001584000016),2.685378283,42.685696389,2026-06-11T03:00,2026-06-11T15:17,44190.19,0.3,22.72,6.32,92,1015.4,17.8,0.019,31.7
3370,10906X0039/C2-1,BSS002MNYD,2026-06-12,104.26,Valeur mesurée,Syndicat Mixte pour la Protection et la Gestion des Nappes Souterraines de la Plaine du Roussillon  (20001584000016),2.685378283,42.685696389,2026-06-12T03:00,2026-06-12T15:17,44192.08,0.3,21.88,6.69,97,1015.4,20.7,0.019,31.8
3371,10906X0039/C2-1,BSS002MNYD,2026-06-13,104.22,Valeur mesurée,Syndicat Mixte pour la Protection et la Gestion des Nappes Souterraines de la Plaine du Roussillon  (20001584000016),2.685378283,42.685696389,2026-06-13T03:00,2026-06-13T15:17,44193.76,0.8,20.68,6.51,81,1016.0,21.3,0.019,31.8
3372,10906X0039/C2-1,BSS002MNYD,2026-06-14,104.21,Valeur mesurée,Syndicat Mixte pour la Protection et la Gestion des Nappes Souterraines de la Plaine du Roussillon  (20001584000016),2.685378283,42.685696389,2026-06-14T03:01,2026-06-14T15:17,44195.25,0.0,22.96,6.86,81,1015.8,21.0,0.019,31.9
3373,10906X0039/C2-1,BSS002MNYD,2026-06-15,104.22,Valeur mesurée,Syndicat Mixte pour la Protection et la Gestion des Nappes Souterraines de la Plaine du Roussillon  (20001584000016),2.685378283,42.685696389,2026-06-15T03:01,2026-06-15T15:17,44196.53,11.4,18.03,4.52,95,1016.0,16.8,0.021,31.7
3374,10906X0039/C2-1,BSS002MNYD,2026-06-16,104.21,Valeur mesurée,Syndicat Mixte pour la Protection et la Gestion des Nappes Souterraines de la Plaine du Roussillon  (20001584000016),2.685378283,42.685696389,2026-06-16T03:01,2026-06-16T15:18,44197.61,1.1,19.81,5.85,64,1016.4,21.3,0.018,31.8
3375,10906X0039/C2-1,BSS002MNYD,2026-06-16,104.2,Valeur mesurée,Syndicat Mixte pour la Protection et la Gestion des Nappes Souterraines de la Plaine du Roussillon  (20001584000016),2.685378283,42.685696389,2026-06-16T03:01,2026-06-16T15:18,44197.61,1.1,19.81,5.85,64,1016.4,21.3,0.018,31.8
3376,10906X0039/C2-1,BSS002MNYD,2026-06-17,104.18,Valeur mesurée,Syndicat Mixte pour la Protection et la Gestion des Nappes Souterraines de la Plaine du Roussillon  (20001584000016),2.685378283,42.685696389,2026-06-17T03:01,2026-06-17T15:18,44198.49,3.8,16.29,4.67,58,1016.5,22.3,0.019,31.8
3377,10906X0039/C2-1,BSS002MNYD,2026-06-17,104.18,Valeur mesurée,Syndicat Mixte pour la Protection et la Gestion des Nappes Souterraines de la Plaine du Roussillon  (20001584000016),2.685378283,42.685696389,2026-06-17T03:01,2026-06-17T15:18,44198.49,3.8,16.29,4.67,58,1016.5,22.3,0.019,31.8
3378,10906X0039/C2-1,BSS002MNYD,2026-06-18,104.16,Valeur mesurée,Syndicat Mixte pour la Protection et la Gestion des Nappes Souterraines de la Plaine du Roussillon  (20001584000016),2.685378283,42.685696389,2026-06-18T03:02,2026-06-18T15:18,44199.17,1.8,20.89,5.64,37,1014.7,21.7,0.019,31.7
3379,10906X0039/C2-1,BSS002MNYD,2026-06-19,104.15,Valeur mesurée,Syndicat Mixte pour la Protection et la Gestion des Nappes Souterraines de la Plaine du Roussillon  (20001584000016),2.685378283,42.685696389,2026-06-19T03:02,2026-06-19T15:18,44199.64,1.6,21.39,5.73,77,1014.1,20.8,0.02,31.7
3380,10906X0039/C2-1,BSS002MNYD,2026-06-19,104.15,Valeur mesurée,Syndicat Mixte pour la Protection et la Gestion des Nappes Souterraines de la Plaine du Roussillon  (20001584000016),2.685378283,42.685696389,2026-06-19T03:02,2026-06-19T15:18,44199.64,1.6,21.39,5.73,77,1014.1,20.8,0.02,31.7
3381,10906X0039/C2-1,BSS002MNYD,2026-06-20,104.15,Valeur mesurée,Syndicat Mixte pour la Protection et la Gestion des Nappes Souterraines de la Plaine du Roussillon  (20001584000016),2.685378283,42.685696389,2026-06-20T03:02,2026-06-20T15:19,44199.92,1.0,20.43,5.41,60,1015.4,20.1,0.021,31.6
3382,10906X0039/C2-1,BSS002MNYD,2026-06-21,104.16,Valeur mesurée,Syndicat Mixte pour la Protection et la Gestion des Nappes Souterraines de la Plaine du Roussillon  (20001584000016),2.685378283,42.685696389,2026-06-21T03:02,2026-06-21T15:19,44199.99,1.6,19.83,5.42,87,1015.0,20.3,0.02,31.4
3383,10906X0039/C2-1,BSS002MNYD,2026-06-22,104.13,Valeur mesurée,Syndicat Mixte pour la Protection et la Gestion des Nappes Souterraines de la Plaine du Roussillon  (20001584000016),2.685378283,42.685696389,2026-06-22T03:02,2026-06-22T15:19,44199.86,1.5,18.09,5.02,58,1015.4,21.8,0.02,31.1
3384,10906X0039/C2-1,BSS002MNYD,2026-06-23,104.14,Valeur mesurée,Syndicat Mixte pour la Protection et la Gestion des Nappes Souterraines de la Plaine du Roussillon  (20001584000016),2.685378283,42.685696389,2026-06-23T03:03,2026-06-23T15:19,44199.53,0.7,19.71,5.09,46,1015.7,20.5,0.02,31.0
3385,10906X0039/C2-1,BSS002MNYD,2026-06-24,104.15,Valeur mesurée,Syndicat Mixte pour la Protection et la Gestion des Nappes Souterraines de la Plaine du Roussillon  (20001584000016),2.685378283,42.685696389,2026-06-24T03:03,2026-06-24T15:20,44198.99,1.4,22.23,5.94,36,1016.1,20.4,0.02,31.0
3386,10906X0039/C2-1,BSS002MNYD,2026-06-25,104.15,Valeur mesurée,Syndicat Mixte pour la Protection et la Gestion des Nappes Souterraines de la Plaine du Roussillon  (20001584000016),2.685378283,42.685696389,2026-06-25T03:03,2026-06-25T15:20,44198.26,0.1,17.74,5.71,43,1016.3,22.3,0.02,31.0
3387,10906X0039/C2-1,BSS002MNYD,2026-06-26,104.15,Valeur mesurée,Syndicat Mixte pour la Protection et la Gestion des Nappes Souterraines de la Plaine du Roussillon  (20001584000016),2.685378283,42.685696389,2026-06-26T03:03,2026-06-26T15:20,44197.32,0.1,14.71,5.47,76,1016.1,24.7,0.019,30.9
3388,10906X0039/C2-1,BSS002MNYD,2026-06-27,104.12,Valeur mesurée,Syndicat Mixte pour la Protection et la Gestion des Nappes Souterraines de la Plaine du Roussillon  (20001584000016),2.685378283,42.685696389,2026-06-27T03:04,2026-06-27T15:20,44196.19,0.3,18.75,6.4,66,1015.4,24.5,0.018,30.9
3389,10906X0039/C2-1,BSS002MNYD,2026-06-28,104.13,Valeur mesurée,Syndicat Mixte pour la Protection et la Gestion des Nappes Souterraines de la Plaine du Roussillon  (20001584000016),2.685378283,42.685696389,2026-06-28T03:04,2026-06-28T15:20,44194.85,1.7,15.22,5.59,83,1014.4,23.3,0.019,30.7
3390,10906X0039/C2-1,BSS002MNYD,2026-06-29,104.12,Valeur mesurée,Syndicat Mixte pour la Protection et la Gestion des Nappes Souterraines de la Plaine du Roussillon  (20001584000016),2.685378283,42.685696389,2026-06-29T03:04,2026-06-29T15:21,44193.32,0.7,20.07,6.22,34,1014.5,22.1,0.019,30.8
3391,10906X0039/C2-1,BSS002MNYD,2026-06-30,104.13,Valeur mesurée,Syndicat Mixte pour la Protection et la Gestion des Nappes Souterraines de la Plaine du Roussillon  (20001584000016),2.685378283,42.685696389,2026-06-30T03:04,2026-06-30T15:21,44191.59,0.1,11.57,4.6,70,1014.7,21.7,0.019,30.8
3392,10906X0039/C2-1,BSS002MNYD,2026-07-01,104.11,Valeur mesurée,Syndicat Mixte pour la Protection et la Gestion des Nappes Souterraines de la Plaine du Roussillon  (20001584000016),2.685378283,42.685696389,2026-07-01T03:04,2026-07-01T15:21,44189.65,0.0,20.24,7.2,37,1014.3,24.0,0.018,30.9
3393,10906X0039/C2-1,BSS002MNYD,2026-07-02,104.09,Valeur mesurée,Syndicat Mixte pour la Protection et la Gestion des Nappes Souterraines de la Plaine du Roussillon  (20001584000016),2.685378283,42.685696389,2026-07-02T03:05,2026-07-02T15:21,44187.5,0.0,18.34,6.41,50,1014.7,23.1,0.019,30.9
3394,10906X0039/C2-1,BSS002MNYD,2026-07-03,104.08,Valeur mesurée,Syndicat Mixte pour la Protection et la Gestion des Nappes Souterraines de la Plaine du Roussillon  (20001584000016),2.685378283,42.685696389,2026-07-03T03:05,2026-07-03T15:21,44185.13,0.1,14.91,5.61,92,1015.7,23.2,0.019,30.8
3395,10906X0039/C2-1,BSS002MNYD,2026-07-04,104.05,Valeur mesurée,Syndicat Mixte pour la Protection et la Gestion des Nappes Souterraines de la Plaine du Roussillon  (20001584000016),2.685378283,42.685696389,2026-07-04T03:05,2026-07-04T15:21,44182.54,0.0,17.41,5.82,92,1015.5,21.5,0.019,30.6
3396,10906X0039/C2-1,BSS002MNYD,2026-07-05,104.03,Valeur mesurée,Syndicat Mixte pour la Protection et la Gestion des Nappes Souterraines de la Plaine du Roussillon  (20001584000016),2.685378283,42.685696389,2026-07-05T03:05,2026-07-05T15:21,44179.74,0.0,15.62,5.95,79,1015.5,22.3,0.018,30.6
3397,10906X0039/C2-1,BSS002MNYD,2026-07-06,104.05,Valeur mesurée,Syndicat Mixte pour la Protection et la Gestion des Nappes Souterraines de la Plaine du Roussillon  (20001584000016),2.685378283,42.685696389,2026-07-06T03:05,2026-07-06T15:22,44176.74,2.8,19.47,5.92,32,1016.9,20.7,0.019,30.5
3398,10906X0039/C2-1,BSS002MNYD,2026-07-07,104.08,Valeur mesurée,Syndicat Mixte pour la Protection et la Gestion des Nappes Souterraines de la Plaine du Roussillon  (20001584000016),2.685378283,42.685696389,2026-07-07T03:06,2026-07-07T15:22,44173.55,3.9,15.6,4.31,88,1017.8,20.1,0.02,30.5
3399,10906X0039/C2-1,BSS002MNYD,2026-07-08,104.09,Valeur mesurée,Syndicat Mixte pour la Protection et la Gestion des Nappes Souterraines de la Plaine du Roussillon  (20001584000016),2.685378283,42.685696389,2026-07-08T03:06,2026-07-08T15:22,44170.16,1.3,20.14,5.64,97,1016.3,20.9,0.021,30.5
3400,10906X0039/C2-1,BSS002MNYD,2026-07-09,104.05,Valeur mesurée,Syndicat Mixte pour la Protection et la Gestion des Nappes Souterraines de la Plaine du Roussillon  (20001584000016),2.685378283,42.685696389,2026-07-09T03:06,2026-07-09T15:22,44166.59,4.6,17.87,4.65,93,1014.5,19.9,0.022,30.2
3401,10906X0039/C2-1,BSS002MNYD,2026-07-10,103.99,Valeur mesurée,Syndicat Mixte pour la Protection et la Gestion des Nappes Souterraines de la Plaine du Roussillon  (20001584000016),2.685378283,42.685696389,2026-07-10T03:06,2026-07-10T15:22,44162.83,0.1,19.87,5.32,46,1015.5,18.1,0.023,30.2
3402,10906X0039/C2-1,BSS002MNYD,2026-07-11,103.97,Valeur mesurée,Syndicat Mixte pour la Protection et la Gestion des Nappes Souterraines de la Plaine du Roussillon  (20001584000016),2.685378283,42.685696389,2026-07-11T03:06,2026-07-11T15:22,44158.9,0.5,21.71,5.73,69,1015.2,17.3,0.023,30.3
3403,10906X0039/C2-1,BSS002MNYD,2026-07-12,103.92,Valeur mesurée,Syndicat Mixte pour la Protection et la Gestion des Nappes Souterraines de la Plaine du Roussillon  (20001584000016),2.685378283,42.685696389,2026-07-12T03:06,2026-07-12T15:22,44154.8,0.0,23.37,6.34,15,1014.4,18.2,0.022,30.5
3404,10906X0039/C2-1,BSS002MNYD,2026-07-13,103.86,Valeur mesurée,Syndicat Mixte pour la Protection et la Gestion des Nappes Souterraines de la Plaine du Roussillon  (20001584000016),2.685378283,42.685696389,2026-07-13T03:07,2026-07-13T15:22,44150.53,0.2,21.12,6.53,37,1014.0,21.1,0.02,30.6
